canonical_image_id,local_path,roboflow_path,sha256,perceptual_hash,duplicate_type,local_annotation_count,roboflow_annotation_count,annotation_agreement,review_status,selected_source,reason
16685e90ac8c0dd5b226,C:\Users\dharani\Downloads\Egg-Tray-Counter.yolov8 (1)\train\images\WhatsApp Image 2026-07-03 at 11-57-01 (1)_jpeg.rf.zfgb9sOl0mnr43kwwiq3.jpeg,C:\Users\dharani\Documents\Codex\2026-08-20\roboflow-plugin-roboflow-roboflow-build-a\outputs\egg-tray-counter\datasets\roboflow_auto_original\test\images\WhatsApp-Image-2026-07-03-at-11-57-01-AM-1-_jpeg.rf.b412415bcd25a75a2fd1e08cbc0138e3.jpg,16685e90ac8c0dd5b226c795dce371fb1961d894f0538a61dc12ad4e87da0eff,0f3e2030323242d9,near_duplicate,141,0,0.0,queued,manual_original,manual annotation selected over overlapping auto annotation
a967185b72a76fe4f4ed,C:\Users\dharani\Downloads\Egg-Tray-Counter.yolov8 (1)\train\images\WhatsApp Image 2026-07-03 at 11-57-02_jpeg.rf.iDwMoXHipeFP0XIO0k3Y.jpeg,C:\Users\dharani\Documents\Codex\2026-08-20\roboflow-plugin-roboflow-roboflow-build-a\outputs\egg-tray-counter\datasets\roboflow_auto_original\train\images\WhatsApp-Image-2026-07-03-at-11-57-02-AM_jpeg.rf.a35d8d40d787c10ab1d8aeb5ab0db01c.jpg,a967185b72a76fe4f4edbb338fe7455117aa84d1af5fc9bfa387028958476201,4f4658d9d9d9de5a,near_duplicate,52,5,0.0,queued,manual_original,manual annotation selected over overlapping auto annotation
7321fbf57a2a59fbe92f,C:\Users\dharani\Downloads\Egg-Tray-Counter.yolov8 (1)\train\images\WhatsApp Image 2026-07-03 at 11-57-05_jpeg.rf.mA0MoR3CdrGRxjr4gNAE.jpeg,C:\Users\dharani\Documents\Codex\2026-08-20\roboflow-plugin-roboflow-roboflow-build-a\outputs\egg-tray-counter\datasets\roboflow_auto_original\valid\images\WhatsApp-Image-2026-07-03-at-11-57-05-AM_jpeg.rf.c6244967a8918c9a3097fcb6c7d2e304.jpg,7321fbf57a2a59fbe92f23fe897888110724355c203236897a22a490395d9571,73434a45434b4fef,near_duplicate,2,0,0.0,queued,manual_original,manual annotation selected over overlapping auto annotation
8cf21842b7f726424ebf,C:\Users\dharani\Downloads\Egg-Tray-Counter.yolov8 (1)\train\images\WhatsApp Image 2026-07-03 at 11-57-09 (1)_jpeg.rf.kIbm1ucsw1tEPHAe06LH.jpeg,C:\Users\dharani\Documents\Codex\2026-08-20\roboflow-plugin-roboflow-roboflow-build-a\outputs\egg-tray-counter\datasets\roboflow_auto_original\valid\images\WhatsApp-Image-2026-07-03-at-11-57-09-AM-1-_jpeg.rf.ab29e9a8e40ef29d2ea5dbff0e3a7822.jpg,8cf21842b7f726424ebf35580487766b800b9fd914cf80bb5d6bbb1b55b463b2,8a8adbeaeafafefb,near_duplicate,105,0,0.0,queued,manual_original,manual annotation selected over overlapping auto annotation
5fcf798347401b5f7d9a,C:\Users\dharani\Downloads\Egg-Tray-Counter.yolov8 (1)\train\images\WhatsApp Image 2026-07-03 at 11-57-10_jpeg.rf.zcyr7dezW2QA2amfwZ3n.jpeg,C:\Users\dharani\Documents\Codex\2026-08-20\roboflow-plugin-roboflow-roboflow-build-a\outputs\egg-tray-counter\datasets\roboflow_auto_original\train\images\WhatsApp-Image-2026-07-03-at-11-57-10-AM_jpeg.rf.8f0fe886b76278f1e8871e5045f7e1ea.jpg,5fcf798347401b5f7d9a1a68979a8979c35f04f0b29c4a1759d65bc92e76b748,7f2f2969658dadac,near_duplicate,39,0,0.0,queued,manual_original,manual annotation selected over overlapping auto annotation
f2d1c674f52306c0318a,C:\Users\dharani\Downloads\Egg-Tray-Counter.yolov8 (1)\train\images\WhatsApp Image 2026-07-03 at 11-57-16_jpeg.rf.kUCiyTYUG3iZOE6kjeKe.jpeg,C:\Users\dharani\Documents\Codex\2026-08-20\roboflow-plugin-roboflow-roboflow-build-a\outputs\egg-tray-counter\datasets\roboflow_auto_original\train\images\WhatsApp-Image-2026-07-03-at-11-57-16-AM_jpeg.rf.d66fe0e2c5061a1873a952d6ef97c239.jpg,f2d1c674f52306c0318ab5057885503ff61db06116c1826ca3a460201da02a4b,0c4c6767e0801c3c,near_duplicate,38,0,0.0,queued,manual_original,manual annotation selected over overlapping auto annotation
fb5bd22bfe8d1b3da171,C:\Users\dharani\Downloads\Egg-Tray-Counter.yolov8 (1)\train\images\WhatsApp Image 2026-07-03 at 11-57-17 (2)_jpeg.rf.iECh2xLEgym5rdfgKB4O.jpeg,C:\Users\dharani\Documents\Codex\2026-08-20\roboflow-plugin-roboflow-roboflow-build-a\outputs\egg-tray-counter\datasets\roboflow_auto_original\train\images\WhatsApp-Image-2026-07-03-at-11-57-17-AM-2-_jpeg.rf.fe19a7979745fdab79ca42f9bb113844.jpg,fb5bd22bfe8d1b3da1714ad9f1ef9f90330d562d6bd499bb6005446886506e66,1313333333362606,near_duplicate,18,0,0.0,queued,manual_original,manual annotation selected over overlapping auto annotation
9aa85d992c70e74dc8c9,C:\Users\dharani\Downloads\Egg-Tray-Counter.yolov8 (1)\train\images\WhatsApp Image 2026-07-03 at 11-57-17_jpeg.rf.yYtOeoLmvxh5siz5Ais8.jpeg,C:\Users\dharani\Documents\Codex\2026-08-20\roboflow-plugin-roboflow-roboflow-build-a\outputs\egg-tray-counter\datasets\roboflow_auto_original\test\images\WhatsApp-Image-2026-07-03-at-11-57-17-AM_jpeg.rf.307d9fb9212e290d06232d7e7230224b.jpg,9aa85d992c70e74dc8c90ab1c40854b5b7086e6b2a859632700b98eedaadd4ad,fe1f1e5eda9bdded,near_duplicate,33,0,0.0,queued,manual_original,manual annotation selected over overlapping auto annotation
b7c244ddfb384f38447e,C:\Users\dharani\Downloads\Egg-Tray-Counter.yolov8 (1)\train\images\WhatsApp Image 2026-07-03 at 11-57-18 (1)_jpeg.rf.imm0Utj2EkHrCQx9LTi9.jpeg,C:\Users\dharani\Documents\Codex\2026-08-20\roboflow-plugin-roboflow-roboflow-build-a\outputs\egg-tray-counter\datasets\roboflow_auto_original\valid\images\WhatsApp-Image-2026-07-03-at-11-57-18-AM-1-_jpeg.rf.f2fac7cb7921a5f6ad10083ffa9f137c.jpg,b7c244ddfb384f38447ef5ed7b3b6f21edc00299523061090a1de72ae215d9d8,0b039b999bcb17b8,near_duplicate,10,0,0.0,queued,manual_original,manual annotation selected over overlapping auto annotation
c0787e5dfab960ca1425,C:\Users\dharani\Downloads\Egg-Tray-Counter.yolov8 (1)\train\images\WhatsApp Image 2026-07-03 at 11-57-20 (2)_jpeg.rf.hoHdazht0bBTWPLfo3xW.jpeg,C:\Users\dharani\Documents\Codex\2026-08-20\roboflow-plugin-roboflow-roboflow-build-a\outputs\egg-tray-counter\datasets\roboflow_auto_original\valid\images\WhatsApp-Image-2026-07-03-at-11-57-20-AM-2-_jpeg.rf.7048c50fa506961efb6e18caa5d15b3a.jpg,c0787e5dfab960ca142539c052860a0f8b8e8814b6eb95cc9b6daa03f2c1e1c8,381f0b2929010f0b,near_duplicate,82,0,0.0,queued,manual_original,manual annotation selected over overlapping auto annotation
a63e3532c9850d20b4c2,C:\Users\dharani\Downloads\Egg-Tray-Counter.yolov8 (1)\train\images\WhatsApp Image 2026-07-03 at 11-57-21_jpeg.rf.YzTVEp2fx5wHPUlqtJOP.jpeg,C:\Users\dharani\Documents\Codex\2026-08-20\roboflow-plugin-roboflow-roboflow-build-a\outputs\egg-tray-counter\datasets\roboflow_auto_original\train\images\WhatsApp-Image-2026-07-03-at-11-57-21-AM_jpeg.rf.f839b19947b2cb6f0b80c9f5dc4e4a3a.jpg,a63e3532c9850d20b4c2b18b3ed3404ff55f83536cfa99175c688f136999497c,121b1b1919131b1e,near_duplicate,17,0,0.0,queued,manual_original,manual annotation selected over overlapping auto annotation
590d04ebc340cf3b9cb4,C:\Users\dharani\Downloads\Egg-Tray-Counter.yolov8 (1)\train\images\WhatsApp Image 2026-07-03 at 11-57-23_jpeg.rf.aXsZvizvpaHA3lXZhdzI.jpeg,C:\Users\dharani\Documents\Codex\2026-08-20\roboflow-plugin-roboflow-roboflow-build-a\outputs\egg-tray-counter\datasets\roboflow_auto_original\valid\images\WhatsApp-Image-2026-07-03-at-11-57-23-AM_jpeg.rf.d757bd946fde48197a2971998dbd1093.jpg,590d04ebc340cf3b9cb4e614a9317c37ff8ad0e224f6da71ee86b8dcad644575,1903a5d5575773c9,near_duplicate,68,0,0.0,queued,manual_original,manual annotation selected over overlapping auto annotation
91faf9ffb18cc8964721,C:\Users\dharani\Downloads\Egg-Tray-Counter.yolov8 (1)\train\images\WhatsApp Image 2026-07-03 at 11-57-28 (1)_jpeg.rf.lHslkDaniHt1xdUvBrDa.jpeg,C:\Users\dharani\Documents\Codex\2026-08-20\roboflow-plugin-roboflow-roboflow-build-a\outputs\egg-tray-counter\datasets\roboflow_auto_original\train\images\WhatsApp-Image-2026-07-03-at-11-57-28-AM-1-_jpeg.rf.86bfcdab7a74512c81d6665a71be9185.jpg,91faf9ffb18cc8964721a85754ac8b810104ed72ff9f8cbe203ab51b034595db,0224357456120002,near_duplicate,74,0,0.0,queued,manual_original,manual annotation selected over overlapping auto annotation
3569ca230ac9808eaf77,C:\Users\dharani\Downloads\Egg-Tray-Counter.yolov8 (1)\train\images\WhatsApp Image 2026-07-03 at 11-57-32 (1)_jpeg.rf.WrQ9NyPDXfdcULwrot06.jpeg,C:\Users\dharani\Documents\Codex\2026-08-20\roboflow-plugin-roboflow-roboflow-build-a\outputs\egg-tray-counter\datasets\roboflow_auto_original\train\images\WhatsApp-Image-2026-07-03-at-11-57-32-AM-1-_jpeg.rf.86365f64aa4b03974f4927df8df71013.jpg,3569ca230ac9808eaf774e3e0a94c5069f1bae8abf4fbc243be1ca2b5fdd6a4e,fffdfdfaca8a9103,near_duplicate,90,0,0.0,queued,manual_original,manual annotation selected over overlapping auto annotation
8b866324b4890646cd22,C:\Users\dharani\Downloads\Egg-Tray-Counter.yolov8 (1)\train\images\WhatsApp Image 2026-07-03 at 11-57-35_jpeg.rf.dZ19MdRs17pqrKdXfjKQ.jpeg,C:\Users\dharani\Documents\Codex\2026-08-20\roboflow-plugin-roboflow-roboflow-build-a\outputs\egg-tray-counter\datasets\roboflow_auto_original\train\images\WhatsApp-Image-2026-07-03-at-11-57-35-AM_jpeg.rf.adc69a82d3e2b243d2182a696a17f810.jpg,8b866324b4890646cd22ad88101f47cc5ed56058b577c0ffac02eec6e037a904,fffef4f828390101,near_duplicate,80,0,0.0,queued,manual_original,manual annotation selected over overlapping auto annotation
a0eaf3b3a056decfaca1,C:\Users\dharani\Downloads\Egg-Tray-Counter.yolov8 (1)\train\images\WhatsApp Image 2026-07-03 at 11-57-37_jpeg.rf.zl0DuRCnNhHSp2JE9Ngk.jpeg,C:\Users\dharani\Documents\Codex\2026-08-20\roboflow-plugin-roboflow-roboflow-build-a\outputs\egg-tray-counter\datasets\roboflow_auto_original\train\images\WhatsApp-Image-2026-07-03-at-11-57-37-AM_jpeg.rf.e465f35f0db87438f23f260c33bfe261.jpg,a0eaf3b3a056decfaca14aab10871e7487ea61545f6c73f66cea4036a69f25c2,dcf9f4b070706c0d,near_duplicate,139,0,0.0,queued,manual_original,manual annotation selected over overlapping auto annotation
ebad10b14d6ec2c6b534,C:\Users\dharani\Downloads\Egg-Tray-Counter.yolov8 (1)\train\images\WhatsApp Image 2026-07-03 at 11-57-38_jpeg.rf.mg7n388FM8Qtoy37zzCV.jpeg,C:\Users\dharani\Documents\Codex\2026-08-20\roboflow-plugin-roboflow-roboflow-build-a\outputs\egg-tray-counter\datasets\roboflow_auto_original\train\images\WhatsApp-Image-2026-07-03-at-11-57-38-AM_jpeg.rf.7358235984022979bc6b678e66d6d0ab.jpg,ebad10b14d6ec2c6b534aecbe65dea3d9bd598bcd9845da6efd831b8ca334bfd,fbffefe1a8b8f19b,near_duplicate,159,0,0.0,queued,manual_original,manual annotation selected over overlapping auto annotation
3d1b17fec0e135d3a3ff,C:\Users\dharani\Downloads\Egg-Tray-Counter.yolov8 (1)\train\images\WhatsApp Image 2026-07-03 at 11-57-41 (1)_jpeg.rf.bqQmiLwiU9rRE4ASLHpW.jpeg,C:\Users\dharani\Documents\Codex\2026-08-20\roboflow-plugin-roboflow-roboflow-build-a\outputs\egg-tray-counter\datasets\roboflow_auto_original\train\images\WhatsApp-Image-2026-07-03-at-11-57-41-AM-1-_jpeg.rf.fddbae229c6524bcd95addcc787b83d8.jpg,3d1b17fec0e135d3a3ff47d8090cd1b77bf8b527d5cfa4954e4e7b63e389b95c,776760327070b8a6,near_duplicate,140,0,0.0,queued,manual_original,manual annotation selected over overlapping auto annotation
ba00c5508b9b05251661,C:\Users\dharani\Downloads\Egg-Tray-Counter.yolov8 (1)\train\images\WhatsApp Image 2026-07-03 at 11-57-43 (1)_jpeg.rf.v8worUAsjqjwEzKgQPJ4.jpeg,C:\Users\dharani\Documents\Codex\2026-08-20\roboflow-plugin-roboflow-roboflow-build-a\outputs\egg-tray-counter\datasets\roboflow_auto_original\test\images\WhatsApp-Image-2026-07-03-at-11-57-43-AM-1-_jpeg.rf.0970a90a3927022d3e9af7942f316f93.jpg,ba00c5508b9b05251661049479988de607aca16f97adb311649b56f3a24daace,f2787d70f0d82685,near_duplicate,121,0,0.0,queued,manual_original,manual annotation selected over overlapping auto annotation
66248568c8810c7503e4,C:\Users\dharani\Downloads\Egg-Tray-Counter.yolov8 (1)\train\images\WhatsApp Image 2026-07-03 at 11-57-45 (1)_jpeg.rf.dUDxM4QAxM6mbLHwTfx6.jpeg,C:\Users\dharani\Documents\Codex\2026-08-20\roboflow-plugin-roboflow-roboflow-build-a\outputs\egg-tray-counter\datasets\roboflow_auto_original\train\images\WhatsApp-Image-2026-07-03-at-11-57-45-AM-1-_jpeg.rf.5bb5a0f632e645034e1ed1a6b9611096.jpg,66248568c8810c7503e42a2b6a7e6ee7f7df527f275db763ada51c2520742004,1cdc9cd89818d2dc,near_duplicate,14,0,0.0,queued,manual_original,manual annotation selected over overlapping auto annotation
21fab614bf7ec2361ba2,C:\Users\dharani\Downloads\Egg-Tray-Counter.yolov8 (1)\train\images\WhatsApp Image 2026-07-03 at 11-57-47_jpeg.rf.pczcgbY2U0RPwoPB5NTp.jpeg,C:\Users\dharani\Documents\Codex\2026-08-20\roboflow-plugin-roboflow-roboflow-build-a\outputs\egg-tray-counter\datasets\roboflow_auto_original\train\images\WhatsApp-Image-2026-07-03-at-11-57-47-AM_jpeg.rf.1e8ac582c84801ffbea0f68eca6eeb4e.jpg,21fab614bf7ec2361ba2a86d860558c49382e3e2f35973082bff7b07fc890825,f8b6fad0b4b6b4dc,near_duplicate,3,0,0.0,queued,manual_original,manual annotation selected over overlapping auto annotation
1ee2485148239d37ef15,C:\Users\dharani\Downloads\Egg-Tray-Counter.yolov8 (1)\train\images\WhatsApp Image 2026-07-03 at 11-57-50_jpeg.rf.ZsD7tvyanU7Um2nBNfHy.jpeg,C:\Users\dharani\Documents\Codex\2026-08-20\roboflow-plugin-roboflow-roboflow-build-a\outputs\egg-tray-counter\datasets\roboflow_auto_original\train\images\WhatsApp-Image-2026-07-03-at-11-57-50-AM_jpeg.rf.70482c7bbdae82a896facab4bc53938b.jpg,1ee2485148239d37ef1593a3c1d20770a49960e2088413670f89046ab45a8c7e,890949b991677bd8,near_duplicate,17,0,0.0,queued,manual_original,manual annotation selected over overlapping auto annotation
41a1e5bfcf14ef8ed43e,C:\Users\dharani\Downloads\Egg-Tray-Counter.yolov8 (1)\train\images\WhatsApp Image 2026-07-03 at 11-57-52 (1)_jpeg.rf.zjHY9UWh7NFxLvQd5l3q.jpeg,C:\Users\dharani\Documents\Codex\2026-08-20\roboflow-plugin-roboflow-roboflow-build-a\outputs\egg-tray-counter\datasets\roboflow_auto_original\train\images\WhatsApp-Image-2026-07-03-at-11-57-52-AM-1-_jpeg.rf.d554913549e905f091308b13b33415f9.jpg,41a1e5bfcf14ef8ed43e48f1bd4f70fe74d1ec81c877cfd306cb27d62891977b,bf34246467649101,near_duplicate,8,0,0.0,queued,manual_original,manual annotation selected over overlapping auto annotation
dee13c08225cdc3360af,C:\Users\dharani\Downloads\Egg-Tray-Counter.yolov8 (1)\train\images\WhatsApp Image 2026-07-03 at 11-57-54 (1)_jpeg.rf.lRomeWVbCLWf5QeTIRUk.jpeg,C:\Users\dharani\Documents\Codex\2026-08-20\roboflow-plugin-roboflow-roboflow-build-a\outputs\egg-tray-counter\datasets\roboflow_auto_original\valid\images\WhatsApp-Image-2026-07-03-at-11-57-54-AM-1-_jpeg.rf.e22abf3f8bc89f571a07079bbecb5073.jpg,dee13c08225cdc3360afd8e9e512058a11029be5b631d983c1768e9708e4c4cf,7b31016828282707,near_duplicate,75,0,0.0,queued,manual_original,manual annotation selected over overlapping auto annotation
8fa03876c20d362cde94,C:\Users\dharani\Downloads\Egg-Tray-Counter.yolov8 (1)\train\images\WhatsApp Image 2026-07-03 at 11-57-58_jpeg.rf.goyvsn08dNk3vuBnEzim.jpeg,C:\Users\dharani\Documents\Codex\2026-08-20\roboflow-plugin-roboflow-roboflow-build-a\outputs\egg-tray-counter\datasets\roboflow_auto_original\train\images\WhatsApp-Image-2026-07-03-at-11-57-58-AM_jpeg.rf.bb218985f143be5492ae8bcd9814b964.jpg,8fa03876c20d362cde94cee1b269e336815eac53c49bc96eeadd7c44187ca4eb,3f9f9f6b50507921,near_duplicate,1,0,0.0,queued,manual_original,manual annotation selected over overlapping auto annotation
f6ab7d54c2a36c747ca8,C:\Users\dharani\Downloads\Egg-Tray-Counter.yolov8 (1)\train\images\WhatsApp Image 2026-07-03 at 11-58-00 (1)_jpeg.rf.i7jHVthRhRO3wIU1brHY.jpeg,C:\Users\dharani\Documents\Codex\2026-08-20\roboflow-plugin-roboflow-roboflow-build-a\outputs\egg-tray-counter\datasets\roboflow_auto_original\train\images\WhatsApp-Image-2026-07-03-at-11-58-00-AM-1-_jpeg.rf.4e4aa1d3a3a11ff3ab7baa2da340d825.jpg,f6ab7d54c2a36c747ca86e557de7bf0d033f7336d23a18ad37da7d809575cd04,220a28a8a8ad4cd9,near_duplicate,74,0,0.0,queued,manual_original,manual annotation selected over overlapping auto annotation
a2716eab9b66aa79ee0f,C:\Users\dharani\Downloads\Egg-Tray-Counter.yolov8 (1)\train\images\WhatsApp Image 2026-07-03 at 11-58-22 (1)_jpeg.rf.zRdwVbLeO5LlSvAodekW.jpeg,C:\Users\dharani\Documents\Codex\2026-08-20\roboflow-plugin-roboflow-roboflow-build-a\outputs\egg-tray-counter\datasets\roboflow_auto_original\train\images\WhatsApp-Image-2026-07-03-at-11-58-22-AM-1-_jpeg.rf.7191fd91e551dcb455a5837d53a50091.jpg,a2716eab9b66aa79ee0f534eeef1a0d02de1f4e194f34b0b3ab92c831e4970fb,1130103f6c6460a1,near_duplicate,4,0,0.0,queued,manual_original,manual annotation selected over overlapping auto annotation
fbe0d59572aabedc2e11,C:\Users\dharani\Downloads\Egg-Tray-Counter.yolov8 (1)\train\images\WhatsApp Image 2026-07-03 at 11-58-23 (1)_jpeg.rf.mF965rRrsAZfYSmGL2vS.jpeg,C:\Users\dharani\Documents\Codex\2026-08-20\roboflow-plugin-roboflow-roboflow-build-a\outputs\egg-tray-counter\datasets\roboflow_auto_original\valid\images\WhatsApp-Image-2026-07-03-at-11-58-23-AM-1-_jpeg.rf.9757a28cdb451eebcce51228d4ef8a18.jpg,fbe0d59572aabedc2e11c6306971add5252e8394fcbb9e8403c5f77bb026be36,07c78e4c81c84ac0,near_duplicate,4,6,0.5656,queued,manual_original,manual annotation selected over overlapping auto annotation
185176b841d0e5f87c5e,C:\Users\dharani\Downloads\Egg-Tray-Counter.yolov8 (1)\train\images\WhatsApp Image 2026-07-03 at 11-58-23 (2)_jpeg.rf.cBYjLVCYZ5VrNJs7POKJ.jpeg,C:\Users\dharani\Documents\Codex\2026-08-20\roboflow-plugin-roboflow-roboflow-build-a\outputs\egg-tray-counter\datasets\roboflow_auto_original\valid\images\WhatsApp-Image-2026-07-03-at-11-58-23-AM-2-_jpeg.rf.dc386174581929fc28216a398671b66f.jpg,185176b841d0e5f87c5e7e9dd0479990adfd905530c8b785e37f40052f8ea10b,05c5cc4c81c80ac0,near_duplicate,4,5,0.7014,queued,manual_original,manual annotation selected over overlapping auto annotation
4b062b366d4ee176d29c,C:\Users\dharani\Downloads\Egg-Tray-Counter.yolov8 (1)\train\images\WhatsApp Image 2026-07-03 at 11-58-26_jpeg.rf.Xpu9dABNWBUaya7zSQCw.jpeg,C:\Users\dharani\Documents\Codex\2026-08-20\roboflow-plugin-roboflow-roboflow-build-a\outputs\egg-tray-counter\datasets\roboflow_auto_original\test\images\WhatsApp-Image-2026-07-03-at-11-58-26-AM_jpeg.rf.1db40f76e819d17368210a9909a93710.jpg,4b062b366d4ee176d29cb64d8df164d075a6cece1ee12cf7dcfec9845d85b8d0,9d1f3eff7f373f0f,near_duplicate,39,0,0.0,queued,manual_original,manual annotation selected over overlapping auto annotation
5a97b316e66f4e774e26,C:\Users\dharani\Downloads\Egg-Tray-Counter.yolov8 (1)\train\images\WhatsApp Image 2026-07-03 at 11-58-27_jpeg.rf.i0h9YhupsHIvla9qVeVG.jpeg,C:\Users\dharani\Documents\Codex\2026-08-20\roboflow-plugin-roboflow-roboflow-build-a\outputs\egg-tray-counter\datasets\roboflow_auto_original\valid\images\WhatsApp-Image-2026-07-03-at-11-58-27-AM_jpeg.rf.cc0b970880e315cd1637709ab7b042e9.jpg,5a97b316e66f4e774e265433178a772355de35ea9d81341ec5dec480207f8302,be1f3f7f77d71707,near_duplicate,19,0,0.0,queued,manual_original,manual annotation selected over overlapping auto annotation
ad0d90b9a62635f78bcc,C:\Users\dharani\Downloads\Egg-Tray-Counter.yolov8 (1)\train\images\WhatsApp Image 2026-07-03 at 11-58-30_jpeg.rf.bQ5usKxiPk8i9QBEbeDe.jpeg,C:\Users\dharani\Documents\Codex\2026-08-20\roboflow-plugin-roboflow-roboflow-build-a\outputs\egg-tray-counter\datasets\roboflow_auto_original\test\images\WhatsApp-Image-2026-07-03-at-11-58-30-AM_jpeg.rf.d10a021ed8d028b1fae2ba981982cc76.jpg,ad0d90b9a62635f78bcc79eaaf09f6c984a73cd0f438304c2cb51665ab5e663e,7d5b5bd3d3d39388,near_duplicate,60,0,0.0,queued,manual_original,manual annotation selected over overlapping auto annotation
d95f511f72220ec9919a,C:\Users\dharani\Downloads\Egg-Tray-Counter.yolov8 (1)\train\images\WhatsApp Image 2026-07-03 at 11-58-37_jpeg.rf.qTnJrZblLDtg13jYiTYR.jpeg,C:\Users\dharani\Documents\Codex\2026-08-20\roboflow-plugin-roboflow-roboflow-build-a\outputs\egg-tray-counter\datasets\roboflow_auto_original\train\images\WhatsApp-Image-2026-07-03-at-11-58-37-AM_jpeg.rf.2418a55cd14c47a67aeb0251d64863cf.jpg,d95f511f72220ec9919a3cbbde1ff99b301a61d08712c94c544dd6fafaf8ce30,4454545555555555,near_duplicate,95,0,0.0,queued,manual_original,manual annotation selected over overlapping auto annotation
3b3ed50fdc6b4236e467,C:\Users\dharani\Downloads\Egg-Tray-Counter.yolov8 (1)\train\images\WhatsApp Image 2026-07-03 at 11-58-42 (2)_jpeg.rf.fpksSWM5bIXMbtawrKSc.jpeg,,3b3ed50fdc6b4236e46729ec8ceeb44332150c0e87b2ad54f47a7b62cac782cf,c0f0b8b0b298b293,unique_local,8,0,,resolved,manual_original,unique manual image
74c1c55c022a4b7dd1f6,C:\Users\dharani\Downloads\Egg-Tray-Counter.yolov8 (1)\train\images\WhatsApp Image 2026-07-03 at 11-58-43_jpeg.rf.pm7vjAnBB6x99hCtg7Iz.jpeg,,74c1c55c022a4b7dd1f628da6785c9ac92d1ca526290d3d9758e410a9d3c9c11,f0c0f081969b393d,unique_local,5,0,,resolved,manual_original,unique manual image
98d66ec21cca75d245dd,C:\Users\dharani\Downloads\Egg-Tray-Counter.yolov8 (1)\train\images\WhatsApp Image 2026-07-03 at 11-58-45 (1)_jpeg.rf.ZfqC6bVh4j1jBhCzoZMk.jpeg,,98d66ec21cca75d245ddab177191290b71f979b8181f3fbae71338870649099d,1a98a58554f16f6d,unique_local,73,0,,resolved,manual_original,unique manual image
1f4e07b914f69cf7734a,C:\Users\dharani\Downloads\Egg-Tray-Counter.yolov8 (1)\train\images\WhatsApp Image 2026-07-03 at 11-58-45_jpeg.rf.jKrIpdjKuxwt2CALS23L.jpeg,,1f4e07b914f69cf7734aeb0d490e82b27d2f86fb604bc3f646693d98112c2e19,275181a1c5e6fccc,unique_local,23,0,,resolved,manual_original,unique manual image
6230e5bfdf3c5cd5e6ec,C:\Users\dharani\Downloads\Egg-Tray-Counter.yolov8 (1)\train\images\WhatsApp Image 2026-07-03 at 11-58-55_jpeg.rf.h5uieAcUcy5jod4AtLU9.jpeg,,6230e5bfdf3c5cd5e6ec040ccffca51c74b714d34d7085f8147ee1e8c4875329,6868e8e86a223327,unique_local,60,0,,resolved,manual_original,unique manual image
32766c4e23b881d53bb7,C:\Users\dharani\Downloads\Egg-Tray-Counter.yolov8 (1)\train\images\WhatsApp Image 2026-07-03 at 11-58-56 (1)_jpeg.rf.XFedYt5A5YeqDdlnXiOq.jpeg,,32766c4e23b881d53bb786447f36f82fd182d108b6f93940a1d0b6607ab0d854,0526428080a8b994,unique_local,100,0,,resolved,manual_original,unique manual image
12be1ee147e868b1bbb1,C:\Users\dharani\Downloads\Egg-Tray-Counter.yolov8 (1)\train\images\WhatsApp Image 2026-07-03 at 11-59-00_jpeg.rf.ZrfO9eMndilpMQ5RgPq5.jpeg,C:\Users\dharani\Documents\Codex\2026-08-20\roboflow-plugin-roboflow-roboflow-build-a\outputs\egg-tray-counter\datasets\roboflow_auto_original\train\images\WhatsApp-Image-2026-07-03-at-11-59-00-AM-3-_jpeg.rf.2c8d1849b57168de618dcb6ee692a86a.jpg,12be1ee147e868b1bbb19b2ca355097fc479d478f423c70a8d3932c8f70ea7b9,038101111010060c,near_duplicate,16,0,0.0,queued,manual_original,manual annotation selected over overlapping auto annotation
ac61c8adecb352729427,C:\Users\dharani\Downloads\Egg-Tray-Counter.yolov8 (1)\train\images\WhatsApp Image 2026-07-03 at 11-59-01_jpeg.rf.dIFdPgh6mPjb3Fjk807o.jpeg,C:\Users\dharani\Documents\Codex\2026-08-20\roboflow-plugin-roboflow-roboflow-build-a\outputs\egg-tray-counter\datasets\roboflow_auto_original\train\images\WhatsApp-Image-2026-07-03-at-11-59-01-AM-2-_jpeg.rf.4f7db6ea3f5550f4ec7bc2e4b74247be.jpg,ac61c8adecb352729427721f8794cb5f0092c5b2bce051a6516abd5ec9867cea,1e07010101010131,near_duplicate,116,0,0.0,queued,manual_original,manual annotation selected over overlapping auto annotation
015c90fdb6fdfca1f073,C:\Users\dharani\Downloads\Egg-Tray-Counter.yolov8 (1)\train\images\WhatsApp Image 2026-07-03 at 12-00-27_jpeg.rf.yNc8LYCiO65RaRsqxJwp.jpeg,C:\Users\dharani\Documents\Codex\2026-08-20\roboflow-plugin-roboflow-roboflow-build-a\outputs\egg-tray-counter\datasets\roboflow_auto_original\train\images\WhatsApp-Image-2026-07-03-at-12-00-27-PM_jpeg.rf.314e338f405d212ae365c2c81ea6dd84.jpg,015c90fdb6fdfca1f073cf9ee8b75053cf5df3a7b1d386516b87e56bd3366f95,0323333f3ab40d4b,near_duplicate,101,0,0.0,queued,manual_original,manual annotation selected over overlapping auto annotation
58e3494ec16549e0f358,C:\Users\dharani\Downloads\Egg-Tray-Counter.yolov8 (1)\train\images\WhatsApp Image 2026-07-03 at 12-00-34_jpeg.rf.kVzEh07yC95P7qEpWQ9w.jpeg,C:\Users\dharani\Documents\Codex\2026-08-20\roboflow-plugin-roboflow-roboflow-build-a\outputs\egg-tray-counter\datasets\roboflow_auto_original\train\images\WhatsApp-Image-2026-07-03-at-12-00-34-PM-2-_jpeg.rf.9005f21298073f6e8645b9a3d22e0a7e.jpg,58e3494ec16549e0f358e886e3fd365a3ca884982ad7ed8ae6e83b791a74c361,1603110d074343a5,near_duplicate,5,0,0.0,queued,manual_original,manual annotation selected over overlapping auto annotation
3c10ced76389577195fa,C:\Users\dharani\Downloads\Egg-Tray-Counter.yolov8 (1)\train\images\WhatsApp Image 2026-07-03 at 12-00-40_jpeg.rf.ov87GDTsWSOLwfyhS0RW.jpeg,C:\Users\dharani\Documents\Codex\2026-08-20\roboflow-plugin-roboflow-roboflow-build-a\outputs\egg-tray-counter\datasets\roboflow_auto_original\train\images\WhatsApp-Image-2026-07-03-at-12-00-40-PM-2-_jpeg.rf.3ab96cbf98045d8df8afb4fb02352811.jpg,3c10ced76389577195fa8cf61b64ea866d3a7aa6926556a554187c6519af4616,a5771f1f1d362636,near_duplicate,17,0,0.0,queued,manual_original,manual annotation selected over overlapping auto annotation
79864ee402436557415d,C:\Users\dharani\Downloads\Egg-Tray-Counter.yolov8 (1)\train\images\WhatsApp Image 2026-07-03 at 12-00-51_jpeg.rf.qyrSkiqXfQ0akef4ODjm.jpeg,C:\Users\dharani\Documents\Codex\2026-08-20\roboflow-plugin-roboflow-roboflow-build-a\outputs\egg-tray-counter\datasets\roboflow_auto_original\train\images\WhatsApp-Image-2026-07-03-at-12-00-51-PM_jpeg.rf.d7926ed89574e2b4faabcd6a79e960c3.jpg,79864ee402436557415d3ab87d218f0f06a309af5ca7236ff311ec56f8876d5a,183e1f6de5355898,near_duplicate,7,0,0.0,queued,manual_original,manual annotation selected over overlapping auto annotation
d7c9bd5da8895bca07a0,C:\Users\dharani\Downloads\Egg-Tray-Counter.yolov8 (1)\train\images\WhatsApp Image 2026-07-03 at 12-00-52 (1)_jpeg.rf.u1npBl7FFoa9DIxKMXc2.jpeg,C:\Users\dharani\Documents\Codex\2026-08-20\roboflow-plugin-roboflow-roboflow-build-a\outputs\egg-tray-counter\datasets\roboflow_auto_original\train\images\WhatsApp-Image-2026-07-03-at-12-00-52-PM-1-_jpeg.rf.ddb7284c9019429d16004c7f3c38d91d.jpg,d7c9bd5da8895bca07a0d7daf2855fc348898f094ab4c0e3ea696efb6ce9f0a6,df17d6d6364e4e9e,near_duplicate,30,0,0.0,queued,manual_original,manual annotation selected over overlapping auto annotation
325eea7a97150b496d15,C:\Users\dharani\Downloads\Egg-Tray-Counter.yolov8 (1)\train\images\WhatsApp Image 2026-07-03 at 12-00-54_jpeg.rf.sdeXG0SQPtHb3Z93RFgo.jpeg,C:\Users\dharani\Documents\Codex\2026-08-20\roboflow-plugin-roboflow-roboflow-build-a\outputs\egg-tray-counter\datasets\roboflow_auto_original\valid\images\WhatsApp-Image-2026-07-03-at-12-00-54-PM_jpeg.rf.e8c448f5cea8381edfb09cee3465a6e6.jpg,325eea7a97150b496d154116c88eb7265801c0b5686e5d834ff5ba0b4652d723,a6dffbc6f7ff6e7e,near_duplicate,4,32,0.1071,queued,manual_original,manual annotation selected over overlapping auto annotation
97c3279e2d30b6f42ce1,C:\Users\dharani\Downloads\Egg-Tray-Counter.yolov8 (1)\train\images\WhatsApp Image 2026-07-03 at 12-01-08 (1)_jpeg.rf.vI8scr3Ioyy8dnnHulz3.jpeg,C:\Users\dharani\Documents\Codex\2026-08-20\roboflow-plugin-roboflow-roboflow-build-a\outputs\egg-tray-counter\datasets\roboflow_auto_original\valid\images\WhatsApp-Image-2026-07-03-at-12-01-08-PM-1-_jpeg.rf.c208fc9f6990acb8c542efbc053f0072.jpg,97c3279e2d30b6f42ce1c9acc17bf7a8604d60343e9036b2aa8c65e83dcf07ee,5012c60630b8c0c7,near_duplicate,1,0,0.0,queued,manual_original,manual annotation selected over overlapping auto annotation
e23f8e171cc5742b551a,C:\Users\dharani\Downloads\Egg-Tray-Counter.yolov8 (1)\train\images\WhatsApp Image 2026-07-03 at 12-01-08_jpeg.rf.qcRgWfGIU2A0BxKuIKOv.jpeg,C:\Users\dharani\Documents\Codex\2026-08-20\roboflow-plugin-roboflow-roboflow-build-a\outputs\egg-tray-counter\datasets\roboflow_auto_original\train\images\WhatsApp-Image-2026-07-03-at-12-01-08-PM_jpeg.rf.3a2266ca026b6d8731acf4c73c960961.jpg,e23f8e171cc5742b551a417a74ae3f88bb8ea7dd0d59551c32cf02fb065a8acf,1f0f6731f94f4fcd,near_duplicate,1,0,0.0,queued,manual_original,manual annotation selected over overlapping auto annotation
f90557f4640b942981a0,C:\Users\dharani\Downloads\Egg-Tray-Counter.yolov8 (1)\train\images\WhatsApp Image 2026-07-03 at 12-01-09 (1)_jpeg.rf.yezCkKXSBobsltVtqid5.jpeg,C:\Users\dharani\Documents\Codex\2026-08-20\roboflow-plugin-roboflow-roboflow-build-a\outputs\egg-tray-counter\datasets\roboflow_auto_original\train\images\WhatsApp-Image-2026-07-03-at-12-01-09-PM-1-_jpeg.rf.a57367458a5267ea1980bafb3820ea69.jpg,f90557f4640b942981a0e95389ccf71c0bffb632d5273692eda04dc750f44173,e7e7eb838bdbc8fd,near_duplicate,1,1,0.8914,resolved,manual_original,manual annotation selected over overlapping auto annotation
f2dc4416ff8058490f92,C:\Users\dharani\Downloads\Egg-Tray-Counter.yolov8 (1)\train\images\WhatsApp Image 2026-07-03 at 12-01-13 (1)_jpeg.rf.xIPY6A9HgPy0gl960zyF.jpeg,C:\Users\dharani\Documents\Codex\2026-08-20\roboflow-plugin-roboflow-roboflow-build-a\outputs\egg-tray-counter\datasets\roboflow_auto_original\train\images\WhatsApp-Image-2026-07-03-at-12-01-13-PM-1-_jpeg.rf.211e1bf723a1e13195c2c4a5ab055b8d.jpg,f2dc4416ff8058490f92777e6a9edb2bafc82445275f519960ddf2cde4730c44,40208c6c4c86849c,near_duplicate,20,0,0.0,queued,manual_original,manual annotation selected over overlapping auto annotation
2a44333649367eba470b,C:\Users\dharani\Downloads\Egg-Tray-Counter.yolov8 (1)\train\images\WhatsApp Image 2026-07-03 at 12-01-13_jpeg.rf.YIoqLZuwYOmJtOJqkQ1n.jpeg,C:\Users\dharani\Documents\Codex\2026-08-20\roboflow-plugin-roboflow-roboflow-build-a\outputs\egg-tray-counter\datasets\roboflow_auto_original\train\images\WhatsApp-Image-2026-07-03-at-12-01-13-PM_jpeg.rf.c7fbb707724827dffbd30f784fbc5938.jpg,2a44333649367eba470b4d2af15b292aa4c6d584b3400d922d946fc80a19e40a,5a199a9a9a5ac363,near_duplicate,60,0,0.0,queued,manual_original,manual annotation selected over overlapping auto annotation
41538e48f52c0a7d126e,C:\Users\dharani\Downloads\Egg-Tray-Counter.yolov8 (1)\train\images\WhatsApp Image 2026-07-03 at 12-01-15 (1)_jpeg.rf.gJXHC6H8p9mwwHek4i8g.jpeg,C:\Users\dharani\Documents\Codex\2026-08-20\roboflow-plugin-roboflow-roboflow-build-a\outputs\egg-tray-counter\datasets\roboflow_auto_original\valid\images\WhatsApp-Image-2026-07-03-at-12-01-15-PM-1-_jpeg.rf.d99a9dbf9c3ad70f5244686816f9961d.jpg,41538e48f52c0a7d126e1c9423e625b1e6d1e2c90d89d5c911ef612936381db2,5f8e4cb9b8bc06c2,near_duplicate,56,0,0.0,queued,manual_original,manual annotation selected over overlapping auto annotation
4762141635d7aa03268c,C:\Users\dharani\Downloads\Egg-Tray-Counter.yolov8 (1)\train\images\WhatsApp Image 2026-07-03 at 12-02-55 PM_jpeg.rf.XsGZJN9BTPdAAeo2uLdw.jpeg,C:\Users\dharani\Documents\Codex\2026-08-20\roboflow-plugin-roboflow-roboflow-build-a\outputs\egg-tray-counter\datasets\roboflow_auto_original\train\images\WhatsApp-Image-2026-07-03-at-12-02-55-PM_jpeg.rf.6954299b42f08e144fcdc86b03d1300d.jpg,4762141635d7aa03268c82acb4d83b3487da7f8f924287117be8d33bfa40a050,fd73796d373efcb0,near_duplicate,4,54,0.0538,queued,manual_original,manual annotation selected over overlapping auto annotation
44aa15217c629921ce5f,C:\Users\dharani\Downloads\Egg-Tray-Counter.yolov8 (1)\train\images\WhatsApp Image 2026-07-03 at 12-03-16 PM (2)_jpeg.rf.dQiR4eUlJUF9esyu0vyY.jpeg,C:\Users\dharani\Documents\Codex\2026-08-20\roboflow-plugin-roboflow-roboflow-build-a\outputs\egg-tray-counter\datasets\roboflow_auto_original\valid\images\WhatsApp-Image-2026-07-03-at-12-03-16-PM-2-_jpeg.rf.8b34cd2a24fe18e0315454df264baefe.jpg,44aa15217c629921ce5fc20b34c98a118498557b7e12079e37b510dc3b3f235e,f3daccc495111111,near_duplicate,19,0,0.0,queued,manual_original,manual annotation selected over overlapping auto annotation
d328c4489632a61b2071,C:\Users\dharani\Downloads\Egg-Tray-Counter.yolov8 (1)\train\images\WhatsApp Video 2026-07-03 at 12_02_29 PM_mp4-0001_jpg.rf.tC0UJEvNmBuazE0kWwiu.jpg,C:\Users\dharani\Documents\Codex\2026-08-20\roboflow-plugin-roboflow-roboflow-build-a\outputs\egg-tray-counter\datasets\roboflow_auto_original\train\images\WhatsApp-Video-2026-07-03-at-12_02_29-PM_mp4-0001_jpg.rf.479c60170a30b24d9ef287d8f2e2155d.jpg,d328c4489632a61b2071150dcf5beee34d87192589e88d3b98b3932930225070,f6d66e72f2e2cbb3,near_duplicate,120,0,0.0,queued,manual_original,manual annotation selected over overlapping auto annotation
e145a7c762d70711c7be,C:\Users\dharani\Downloads\Egg-Tray-Counter.yolov8 (1)\train\images\WhatsApp Video 2026-07-03 at 12_04_04 PM_mp4-0002_jpg.rf.WksZoRcjnlafdYqHDXur.jpg,C:\Users\dharani\Documents\Codex\2026-08-20\roboflow-plugin-roboflow-roboflow-build-a\outputs\egg-tray-counter\datasets\roboflow_auto_original\test\images\WhatsApp-Video-2026-07-03-at-12_04_04-PM_mp4-0002_jpg.rf.b2f6230e26cd45d499ba1295b93aaa4f.jpg,e145a7c762d70711c7beb1192e381379cc5cf36ef663ad961fd6813593b955b1,0360e37207030031,near_duplicate,1,1,0.9185,resolved,manual_original,manual annotation selected over overlapping auto annotation
2bd09fc07625afe38c25,C:\Users\dharani\Downloads\Egg-Tray-Counter.yolov8 (1)\valid\images\WhatsApp Image 2026-07-03 at 11-56-54_jpeg.rf.HlukUC8zNO5CytsDNk3Z.jpeg,C:\Users\dharani\Documents\Codex\2026-08-20\roboflow-plugin-roboflow-roboflow-build-a\outputs\egg-tray-counter\datasets\roboflow_auto_original\valid\images\WhatsApp-Image-2026-07-03-at-11-56-54-AM_jpeg.rf.4e00adb8204b44b1c59c471a7e24f04b.jpg,2bd09fc07625afe38c25ab44e529ed148328c001ffa2a57703e46123f6be0541,cb8b2a2a29291536,near_duplicate,100,0,0.0,queued,manual_original,manual annotation selected over overlapping auto annotation
461de1ec4a17c9a3f453,C:\Users\dharani\Downloads\Egg-Tray-Counter.yolov8 (1)\valid\images\WhatsApp Image 2026-07-03 at 11-56-55_jpeg.rf.Lkxx5do53XcQPcgOt5HL.jpeg,C:\Users\dharani\Documents\Codex\2026-08-20\roboflow-plugin-roboflow-roboflow-build-a\outputs\egg-tray-counter\datasets\roboflow_auto_original\train\images\WhatsApp-Image-2026-07-03-at-11-56-55-AM_jpeg.rf.2900cb275efcf0658d62b5ccb1494b94.jpg,461de1ec4a17c9a3f45353f7340caed0ef4129c057d4b3e9234f4d0206b6c8c8,033f525256911911,near_duplicate,120,0,0.0,queued,manual_original,manual annotation selected over overlapping auto annotation
14dbc45a33c3a27279e0,C:\Users\dharani\Downloads\Egg-Tray-Counter.yolov8 (1)\valid\images\WhatsApp Image 2026-07-03 at 11-57-00_jpeg.rf.TsO1xnKK6NDMi9oTOQ7g.jpeg,C:\Users\dharani\Documents\Codex\2026-08-20\roboflow-plugin-roboflow-roboflow-build-a\outputs\egg-tray-counter\datasets\roboflow_auto_original\train\images\WhatsApp-Image-2026-07-03-at-11-57-00-AM_jpeg.rf.547b668004b8c76cee885a4198fe7a1a.jpg,14dbc45a33c3a27279e063b833326ebff3203ccd8b085769888d147b03f6d951,94d494949496b616,near_duplicate,79,0,0.0,queued,manual_original,manual annotation selected over overlapping auto annotation
26edca8a75a9d380e018,C:\Users\dharani\Downloads\Egg-Tray-Counter.yolov8 (1)\valid\images\WhatsApp Image 2026-07-03 at 11-58-08 (2)_jpeg.rf.TrlfMmSZj1W7GLgyxw5y.jpeg,C:\Users\dharani\Documents\Codex\2026-08-20\roboflow-plugin-roboflow-roboflow-build-a\outputs\egg-tray-counter\datasets\roboflow_auto_original\train\images\WhatsApp-Image-2026-07-03-at-11-58-08-AM-2-_jpeg.rf.bc4e76c1bf62669dd5f5d615f29459b9.jpg,26edca8a75a9d380e018712054d1853b4843fc8f8ddef946b282469e52487e93,3860607c5c581803,near_duplicate,70,0,0.0,queued,manual_original,manual annotation selected over overlapping auto annotation
ccf833d6419f0aed1a4d,C:\Users\dharani\Downloads\Egg-Tray-Counter.yolov8 (1)\valid\images\WhatsApp Image 2026-07-03 at 12-00-43_jpeg.rf.TQGT8UVNCTajErLBPZlQ.jpeg,C:\Users\dharani\Documents\Codex\2026-08-20\roboflow-plugin-roboflow-roboflow-build-a\outputs\egg-tray-counter\datasets\roboflow_auto_original\train\images\WhatsApp-Image-2026-07-03-at-12-00-43-PM-2-_jpeg.rf.15e187a8faf1b79e1b4ec8f2a12f21b7.jpg,ccf833d6419f0aed1a4d91478e4add8044602cb95a8b5a13983e5a1d080021d5,1d19171f1707c7a7,near_duplicate,0,0,1.0,resolved,manual_original,manual annotation selected over overlapping auto annotation
e0f00e2e506f411a0b91,C:\Users\dharani\Downloads\Egg-Tray-Counter.yolov8 (1)\valid\images\WhatsApp Video 2026-07-03 at 12_02_29_mp4-0000_jpg.rf.K2UzQcxqrpzih3hmBce5.jpg,,e0f00e2e506f411a0b91b4bfb0f0a1f8e15788f83f0680ef36d0a2bc06a5f0b0,daeb6e72f3e3cb91,unique_local,131,0,,resolved,manual_original,unique manual image
4cd1abed9a60a4c45bac,C:\Users\dharani\Downloads\Egg-Tray-Counter.yolov8 (1)\valid\images\WhatsApp Video 2026-07-03 at 12_04_04 PM_mp4-0001_jpg.rf.2DbeNpo4AIBk1k3uH9vc.jpg,C:\Users\dharani\Documents\Codex\2026-08-20\roboflow-plugin-roboflow-roboflow-build-a\outputs\egg-tray-counter\datasets\roboflow_auto_original\train\images\WhatsApp-Video-2026-07-03-at-12_04_04-PM_mp4-0001_jpg.rf.075b8786f7c7f34caaa3e6b5a7ace13d.jpg,4cd1abed9a60a4c45bac200b1dabc123899b856456b78237b103ecad02836e1f,0161631382293018,near_duplicate,1,9,0.0888,queued,manual_original,manual annotation selected over overlapping auto annotation
a1843591fc331694b11f,C:\Users\dharani\Downloads\Egg-Tray-Counter.yolov8 (1)\test\images\WhatsApp Image 2026-07-03 at 11-57-20_jpeg.rf.V4VIRRWhPu2ynxwvr2rF.jpeg,C:\Users\dharani\Documents\Codex\2026-08-20\roboflow-plugin-roboflow-roboflow-build-a\outputs\egg-tray-counter\datasets\roboflow_auto_original\test\images\WhatsApp-Image-2026-07-03-at-11-57-20-AM_jpeg.rf.69f0522ac347a7b905f4b480e10e9c9d.jpg,a1843591fc331694b11f7b2f2a81d4705839bb08d27bb589fb82cac81c01fa57,1303012001300c87,near_duplicate,11,0,0.0,queued,manual_original,manual annotation selected over overlapping auto annotation
78cc2f94596b1e76295e,C:\Users\dharani\Downloads\Egg-Tray-Counter.yolov8 (1)\test\images\WhatsApp Image 2026-07-03 at 11-57-31_jpeg.rf.TvlOHECmSwAI7srFlaQa.jpeg,C:\Users\dharani\Documents\Codex\2026-08-20\roboflow-plugin-roboflow-roboflow-build-a\outputs\egg-tray-counter\datasets\roboflow_auto_original\train\images\WhatsApp-Image-2026-07-03-at-11-57-31-AM_jpeg.rf.b183b3cbf0054221be3361a56adb8adc.jpg,78cc2f94596b1e76295e051d62d1c5b3d02f2f8c27913c654372483192c82958,1613272333333337,near_duplicate,4,0,0.0,queued,manual_original,manual annotation selected over overlapping auto annotation
3eef594bf505b0f40ab1,C:\Users\dharani\Downloads\Egg-Tray-Counter.yolov8 (1)\test\images\WhatsApp Image 2026-07-03 at 11-58-00 (2)_jpeg.rf.UXbrvcXgrLv3gShQgLpj.jpeg,C:\Users\dharani\Documents\Codex\2026-08-20\roboflow-plugin-roboflow-roboflow-build-a\outputs\egg-tray-counter\datasets\roboflow_auto_original\train\images\WhatsApp-Image-2026-07-03-at-11-58-00-AM-2-_jpeg.rf.1beacc8b92a317db341fb3364f74261b.jpg,3eef594bf505b0f40ab1fb9c015a5c45df8ab20912f4d37457633c7c02a2f645,4f4f3b3b3b3fd3f6,near_duplicate,28,0,0.0,queued,manual_original,manual annotation selected over overlapping auto annotation
bb2b695f926199caecaa,C:\Users\dharani\Downloads\Egg-Tray-Counter.yolov8 (1)\test\images\WhatsApp Image 2026-07-03 at 11-58-39_jpeg.rf.VtJwc4mxtGR0Mx4UvxEm.jpeg,C:\Users\dharani\Documents\Codex\2026-08-20\roboflow-plugin-roboflow-roboflow-build-a\outputs\egg-tray-counter\datasets\roboflow_auto_original\train\images\WhatsApp-Image-2026-07-03-at-11-58-39-AM_jpeg.rf.a12a6ebf006758670324a4e40a782dea.jpg,bb2b695f926199caecaa67e3ca7ba6fabc0073237c14f1dd21c3a1dd24ca3604,4c4c6c4c6c6c110d,near_duplicate,19,0,0.0,queued,manual_original,manual annotation selected over overlapping auto annotation
43409f4aee1d3653f129,C:\Users\dharani\Downloads\Egg-Tray-Counter.yolov8 (1)\test\images\WhatsApp Image 2026-07-03 at 11-58-59 (1)_jpeg.rf.UyhfeGOwGxqgk4mb9PRK.jpeg,C:\Users\dharani\Documents\Codex\2026-08-20\roboflow-plugin-roboflow-roboflow-build-a\outputs\egg-tray-counter\datasets\roboflow_auto_original\train\images\WhatsApp-Image-2026-07-03-at-11-58-59-AM-3-_jpeg.rf.0fde6d2a0323ae9f350ae499e375dadb.jpg,43409f4aee1d3653f12960fd6b85f93bf6b06a3a10100760194cf9a45949defc,0001010101051131,near_duplicate,120,0,0.0,queued,manual_original,manual annotation selected over overlapping auto annotation
2b588d2747ad49e43c76,C:\Users\dharani\Downloads\Egg-Tray-Counter.yolov8 (1)\test\images\WhatsApp Image 2026-07-03 at 12-00-52_jpeg.rf.VgqHMF6ILmU0Im12JpDx.jpeg,C:\Users\dharani\Documents\Codex\2026-08-20\roboflow-plugin-roboflow-roboflow-build-a\outputs\egg-tray-counter\datasets\roboflow_auto_original\train\images\WhatsApp-Image-2026-07-03-at-12-00-52-PM_jpeg.rf.61d92f88cbbe389f6dc63e0a43a961bc.jpg,2b588d2747ad49e43c760931e49a9449eceba32bafac3938ce96b4d5a91a2ab8,d81f97d6364e4e9e,near_duplicate,16,0,0.0,queued,manual_original,manual annotation selected over overlapping auto annotation
,,C:\Users\dharani\Documents\Codex\2026-08-20\roboflow-plugin-roboflow-roboflow-build-a\outputs\egg-tray-counter\datasets\roboflow_auto_original\train\images\WhatsApp-Image-2026-07-03-at-11-56-55-AM-1-_jpeg.rf.e064417d4fe345bf6550841cb1bae134.jpg,7992b074ce47495f4cb84e368a22217cfb6e4a1a9102e0cab4093f1f30181744,0e2283038e9e995c,unique_roboflow,,389,,queued,pending_review,high_overlap_requires_review
,,C:\Users\dharani\Documents\Codex\2026-08-20\roboflow-plugin-roboflow-roboflow-build-a\outputs\egg-tray-counter\datasets\roboflow_auto_original\train\images\WhatsApp-Image-2026-07-03-at-11-56-56-AM_jpeg.rf.4ff86869b43831fd2cb59101838c7ec2.jpg,f61e9157101854e5975fbd25ede47836fc099ab6f02d68d6a7bcfd59d6cb5e4a,0603303230209859,unique_roboflow,,467,,queued,pending_review,high_overlap_requires_review
,,C:\Users\dharani\Documents\Codex\2026-08-20\roboflow-plugin-roboflow-roboflow-build-a\outputs\egg-tray-counter\datasets\roboflow_auto_original\train\images\WhatsApp-Image-2026-07-03-at-11-56-58-AM_jpeg.rf.1f76c31545357165cabb680031fc7f60.jpg,d21ce0a9efe58da623d3c335eeba8732829937b38bbf8b035b9f4c59ad208ea7,c70bb726889992bb,unique_roboflow,,190,,queued,pending_review,high_overlap_requires_review
,,C:\Users\dharani\Documents\Codex\2026-08-20\roboflow-plugin-roboflow-roboflow-build-a\outputs\egg-tray-counter\datasets\roboflow_auto_original\train\images\WhatsApp-Image-2026-07-03-at-11-56-59-AM_jpeg.rf.6514195292bef19f56c2c772efe9f868.jpg,1c1f036febf63d691df35ee59522e8d3fda64bb7ce2fff20fbdcee9c17fef40f,b0b5b4b4b4b4b434,unique_roboflow,,656,,queued,pending_review,high_overlap_requires_review
,,C:\Users\dharani\Documents\Codex\2026-08-20\roboflow-plugin-roboflow-roboflow-build-a\outputs\egg-tray-counter\datasets\roboflow_auto_original\train\images\WhatsApp-Image-2026-07-03-at-11-57-02-AM-1-_jpeg.rf.617f5a4f816215c6d087e895f59b0134.jpg,c8bf4664fc8a54c9478ad7d83a0fe9bc93f9423b7894ad8b83585cbf5359b333,1b1a1ab2362636b2,unique_roboflow,,336,,queued,pending_review,high_overlap_requires_review
,,C:\Users\dharani\Documents\Codex\2026-08-20\roboflow-plugin-roboflow-roboflow-build-a\outputs\egg-tray-counter\datasets\roboflow_auto_original\train\images\WhatsApp-Image-2026-07-03-at-11-57-04-AM-1-_jpeg.rf.cc552db620198aa86612ca63aaff4edf.jpg,096bfd488cf7a502fa02182ae7e34d2e02d194bb868c3931563d1f219cf350fc,d7676d6dfdd9d9d8,unique_roboflow,,401,,queued,pending_review,high_overlap_requires_review
,,C:\Users\dharani\Documents\Codex\2026-08-20\roboflow-plugin-roboflow-roboflow-build-a\outputs\egg-tray-counter\datasets\roboflow_auto_original\train\images\WhatsApp-Image-2026-07-03-at-11-57-04-AM_jpeg.rf.db1ff39b15d6e8cfe3945b131cc30a63.jpg,d355f60ac44c62ab92ab6e4abc0caaf63723d958214519826ff81b9338f2b026,7861e3e3d3b23273,unique_roboflow,,496,,queued,pending_review,high_overlap_requires_review
,,C:\Users\dharani\Documents\Codex\2026-08-20\roboflow-plugin-roboflow-roboflow-build-a\outputs\egg-tray-counter\datasets\roboflow_auto_original\train\images\WhatsApp-Image-2026-07-03-at-11-57-07-AM_jpeg.rf.9c0613c216ab9fd4db57f9baa9dfcd6e.jpg,986c1c3a289490c5cecea08a3acc86988ac872a1ce7a96e2d6a89605ea8473a2,839616197323effb,unique_roboflow,,345,,queued,pending_review,high_overlap_requires_review
,,C:\Users\dharani\Documents\Codex\2026-08-20\roboflow-plugin-roboflow-roboflow-build-a\outputs\egg-tray-counter\datasets\roboflow_auto_original\train\images\WhatsApp-Image-2026-07-03-at-11-57-10-AM-1-_jpeg.rf.d94dbb517cdf9d01c8c09c6981a6213d.jpg,0b57074c1a3c84fbaddc3209fdebebadcfa7fdf8f2fd64f9eb549048e8cff7fb,d3cb3b3b79f9dbeb,unique_roboflow,,261,,queued,pending_review,high_overlap_requires_review
,,C:\Users\dharani\Documents\Codex\2026-08-20\roboflow-plugin-roboflow-roboflow-build-a\outputs\egg-tray-counter\datasets\roboflow_auto_original\train\images\WhatsApp-Image-2026-07-03-at-11-57-15-AM_jpeg.rf.16c6fc744b7835eb82ced99921fde64b.jpg,7538cb9606c7b3cb3b60ebc25e82d27be6e990d231dbdea3a7774d80d81cd256,6f66979a9a8b9996,unique_roboflow,,562,,queued,pending_review,high_overlap_requires_review
,,C:\Users\dharani\Documents\Codex\2026-08-20\roboflow-plugin-roboflow-roboflow-build-a\outputs\egg-tray-counter\datasets\roboflow_auto_original\train\images\WhatsApp-Image-2026-07-03-at-11-57-16-AM-1-_jpeg.rf.5d293cb9a976cae84703bfd8edfeb266.jpg,30eac67e76617c1df776717accac518cc8352f80ffd262366cec68f4e6604fdc,e7c7ac1b4b5bebef,unique_roboflow,,418,,queued,pending_review,high_overlap_requires_review
,,C:\Users\dharani\Documents\Codex\2026-08-20\roboflow-plugin-roboflow-roboflow-build-a\outputs\egg-tray-counter\datasets\roboflow_auto_original\train\images\WhatsApp-Image-2026-07-03-at-11-57-18-AM-2-_jpeg.rf.acf52d23ce8629f18f88820617ae4894.jpg,13e63056568aa8a86d64b6386214ade87cd46e25ab4a6f8878087ebd4e4dc787,393e032303170707,unique_roboflow,,429,,queued,pending_review,high_overlap_requires_review
,,C:\Users\dharani\Documents\Codex\2026-08-20\roboflow-plugin-roboflow-roboflow-build-a\outputs\egg-tray-counter\datasets\roboflow_auto_original\train\images\WhatsApp-Image-2026-07-03-at-11-57-19-AM-1-_jpeg.rf.400dd7c1ec7c3273a5d465b2397f3718.jpg,049f2fcac0d366f20adf9cc8f3fe56a7a3b65f02be773a0dfce5a620ac8397a7,1810301423311b09,unique_roboflow,,287,,queued,pending_review,high_overlap_requires_review
,,C:\Users\dharani\Documents\Codex\2026-08-20\roboflow-plugin-roboflow-roboflow-build-a\outputs\egg-tray-counter\datasets\roboflow_auto_original\train\images\WhatsApp-Image-2026-07-03-at-11-57-20-AM-1-_jpeg.rf.e12bc342d2ac3758c46583c39ec9a2f3.jpg,9ac002efc0e9b2d1542f1cf325f89622542799b950eff9a689d0c2e691b0ce6a,0105222211080486,unique_roboflow,,985,,queued,pending_review,high_overlap_requires_review
,,C:\Users\dharani\Documents\Codex\2026-08-20\roboflow-plugin-roboflow-roboflow-build-a\outputs\egg-tray-counter\datasets\roboflow_auto_original\train\images\WhatsApp-Image-2026-07-03-at-11-57-22-AM_jpeg.rf.ea606443b16507ff2628d18cae7db400.jpg,f211aedcc178ab24e53313701ed17a1030c176e80a5263fa61e017fd475fe4fd,18aba9695b531bd9,unique_roboflow,,396,,queued,pending_review,high_overlap_requires_review
,,C:\Users\dharani\Documents\Codex\2026-08-20\roboflow-plugin-roboflow-roboflow-build-a\outputs\egg-tray-counter\datasets\roboflow_auto_original\train\images\WhatsApp-Image-2026-07-03-at-11-57-24-AM_jpeg.rf.5037ef99c9f497d03c7cd51d7a6de0e1.jpg,e56b46ba830c59ae47ad8af4e60ff15487471d5e404987666745517d14dd78bd,1010001030617278,unique_roboflow,,317,,queued,pending_review,high_overlap_requires_review
,,C:\Users\dharani\Documents\Codex\2026-08-20\roboflow-plugin-roboflow-roboflow-build-a\outputs\egg-tray-counter\datasets\roboflow_auto_original\train\images\WhatsApp-Image-2026-07-03-at-11-57-25-AM_jpeg.rf.b1c717bce309cc192207fc5bcfc59e6a.jpg,020dd854ccba67797b37e3feb10fb29442c568665ff81ac882916062ce6788ce,1919913103131b0b,unique_roboflow,,92,,queued,pending_review,high_overlap_requires_review
,,C:\Users\dharani\Documents\Codex\2026-08-20\roboflow-plugin-roboflow-roboflow-build-a\outputs\egg-tray-counter\datasets\roboflow_auto_original\train\images\WhatsApp-Image-2026-07-03-at-11-57-26-AM-1-_jpeg.rf.cc84c739211e308c0f8761145def39ea.jpg,931e5fbed7ce2ebbb3363cea46f46ac507dd838af10efd9090bae1678738b6ca,13ad294bdb112363,unique_roboflow,,530,,queued,pending_review,high_overlap_requires_review
,,C:\Users\dharani\Documents\Codex\2026-08-20\roboflow-plugin-roboflow-roboflow-build-a\outputs\egg-tray-counter\datasets\roboflow_auto_original\train\images\WhatsApp-Image-2026-07-03-at-11-57-26-AM_jpeg.rf.dd7816d601156c23f969293711ed961a.jpg,eb2abc093b6602f4390bb7e685da40d406ed601c3850a2433161ae785fae8dae,0809aba9ad24340b,unique_roboflow,,399,,queued,pending_review,high_overlap_requires_review
,,C:\Users\dharani\Documents\Codex\2026-08-20\roboflow-plugin-roboflow-roboflow-build-a\outputs\egg-tray-counter\datasets\roboflow_auto_original\train\images\WhatsApp-Image-2026-07-03-at-11-57-28-AM-2-_jpeg.rf.43854268b803a367209fe093fcdb15bb.jpg,b5d33b028cb86ae774d8ac4ccf6dfbfd99f6d4fc29c0f2539488127b481eeb2d,182e637c3850d490,unique_roboflow,,357,,queued,pending_review,high_overlap_requires_review
,,C:\Users\dharani\Documents\Codex\2026-08-20\roboflow-plugin-roboflow-roboflow-build-a\outputs\egg-tray-counter\datasets\roboflow_auto_original\train\images\WhatsApp-Image-2026-07-03-at-11-57-28-AM_jpeg.rf.1d65ce2217953c8b8c1fd5b52e4331f5.jpg,cfaba42c19676ee369636ad0f012c6a6dcf245bc8e088bf81ee2ac23b0d311c6,5743ab8b66b73307,unique_roboflow,,443,,queued,pending_review,high_overlap_requires_review
,,C:\Users\dharani\Documents\Codex\2026-08-20\roboflow-plugin-roboflow-roboflow-build-a\outputs\egg-tray-counter\datasets\roboflow_auto_original\train\images\WhatsApp-Image-2026-07-03-at-11-57-30-AM-1-_jpeg.rf.ad9da754c615737ef44dab349e8d8636.jpg,00cd64178a9c52fce7fbbb506ae0a0082e71925bdb7c2b8379a9c72d7e98486f,0b03331313939236,unique_roboflow,,412,,queued,pending_review,high_overlap_requires_review
,,C:\Users\dharani\Documents\Codex\2026-08-20\roboflow-plugin-roboflow-roboflow-build-a\outputs\egg-tray-counter\datasets\roboflow_auto_original\train\images\WhatsApp-Image-2026-07-03-at-11-57-30-AM_jpeg.rf.a1e2b642135a3fa71b86fa943fa3d6ea.jpg,1d5f65ed0ece673bbed51aae68a1f90f67c57954efdcdd6e65618d4fd07fe8ab,1331313030213337,unique_roboflow,,303,,queued,pending_review,high_overlap_requires_review
,,C:\Users\dharani\Documents\Codex\2026-08-20\roboflow-plugin-roboflow-roboflow-build-a\outputs\egg-tray-counter\datasets\roboflow_auto_original\train\images\WhatsApp-Image-2026-07-03-at-11-57-32-AM_jpeg.rf.2f5b73fa9529f2ef0578186dd9c9a888.jpg,6fa2ba24107394f97782133fa3376bdf74ed834f49cf8ea77cf485c9b5a5898c,0001151416b29302,unique_roboflow,,534,,queued,pending_review,high_overlap_requires_review
,,C:\Users\dharani\Documents\Codex\2026-08-20\roboflow-plugin-roboflow-roboflow-build-a\outputs\egg-tray-counter\datasets\roboflow_auto_original\train\images\WhatsApp-Image-2026-07-03-at-11-57-35-AM-1-_jpeg.rf.112f0c02c494516e3bfb1c7d1a6ef18e.jpg,c4d163826f7a109a1a7d746450ca7c7149c5118290a5abcb93eae3b1de978206,769ea7232b03614e,unique_roboflow,,554,,queued,pending_review,high_overlap_requires_review
,,C:\Users\dharani\Documents\Codex\2026-08-20\roboflow-plugin-roboflow-roboflow-build-a\outputs\egg-tray-counter\datasets\roboflow_auto_original\train\images\WhatsApp-Image-2026-07-03-at-11-57-36-AM_jpeg.rf.ceaee8c45087f59fa88901c1b1327fbb.jpg,04f5890c7d0e7c233ea4f59e7b7c85d02f6b5f02202756332e93da0ac5057468,5c3e6fe2bd3090a4,unique_roboflow,,352,,queued,pending_review,high_overlap_requires_review
,,C:\Users\dharani\Documents\Codex\2026-08-20\roboflow-plugin-roboflow-roboflow-build-a\outputs\egg-tray-counter\datasets\roboflow_auto_original\train\images\WhatsApp-Image-2026-07-03-at-11-57-39-AM_jpeg.rf.6613104eaa9f1e405c39dc00c3b06f1e.jpg,4ad964e327616f03704294e52e38c87558ef894058ad26cd3c4ef5414af58873,ffffd3f1e0785d9b,unique_roboflow,,321,,queued,pending_review,high_overlap_requires_review
,,C:\Users\dharani\Documents\Codex\2026-08-20\roboflow-plugin-roboflow-roboflow-build-a\outputs\egg-tray-counter\datasets\roboflow_auto_original\train\images\WhatsApp-Image-2026-07-03-at-11-57-40-AM-1-_jpeg.rf.a83093374d183159a634d72307493add.jpg,765e737abf58a419990409f6eb733dcefe955a75ea875aaecae31b2dfd2900ed,adadadad2d2d2d2d,unique_roboflow,,757,,queued,pending_review,high_overlap_requires_review
,,C:\Users\dharani\Documents\Codex\2026-08-20\roboflow-plugin-roboflow-roboflow-build-a\outputs\egg-tray-counter\datasets\roboflow_auto_original\train\images\WhatsApp-Image-2026-07-03-at-11-57-40-AM_jpeg.rf.a1b6c734017bc87c9c3b9d4fb587b082.jpg,64c83162c0498baeed6ef9bee27e2111a6909e0172cdccd35dff6cbd27cb0764,ffffddede9e9d801,unique_roboflow,,380,,queued,pending_review,high_overlap_requires_review
,,C:\Users\dharani\Documents\Codex\2026-08-20\roboflow-plugin-roboflow-roboflow-build-a\outputs\egg-tray-counter\datasets\roboflow_auto_original\train\images\WhatsApp-Image-2026-07-03-at-11-57-41-AM_jpeg.rf.637d6fa6ddf330abbb518e93e7ce068c.jpg,d13b987d047443985402f4c5f91bedaf951cd09576ca2bc6eca4e28998a2ce8c,fcd0b37232125686,unique_roboflow,,677,,queued,pending_review,high_overlap_requires_review
,,C:\Users\dharani\Documents\Codex\2026-08-20\roboflow-plugin-roboflow-roboflow-build-a\outputs\egg-tray-counter\datasets\roboflow_auto_original\train\images\WhatsApp-Image-2026-07-03-at-11-57-43-AM_jpeg.rf.c6f4b78036a4f6d0fa70b2394df63816.jpg,0a6e9ac9ebdc6ba3ea94743d3103b3e524882bebffabbb63960bdcaa3d194eef,f177e262f0c4752d,unique_roboflow,,494,,queued,pending_review,high_overlap_requires_review
,,C:\Users\dharani\Documents\Codex\2026-08-20\roboflow-plugin-roboflow-roboflow-build-a\outputs\egg-tray-counter\datasets\roboflow_auto_original\train\images\WhatsApp-Image-2026-07-03-at-11-57-45-AM_jpeg.rf.5793a6fdad1146140a6a926e47aba011.jpg,37ca5dffead399cf1b7f9d817d0b8993d668f8fa8c2f6982cd238ab18145f23a,0311618232111838,unique_roboflow,,698,,queued,pending_review,high_overlap_requires_review
,,C:\Users\dharani\Documents\Codex\2026-08-20\roboflow-plugin-roboflow-roboflow-build-a\outputs\egg-tray-counter\datasets\roboflow_auto_original\train\images\WhatsApp-Image-2026-07-03-at-11-57-46-AM_jpeg.rf.06bdd45b1b156e55c94595841ca9f67c.jpg,7920c9329e779aa729d9da27f45140d834dec00e6f00effda0a379ea589c85c9,79617169e1f1d9f1,unique_roboflow,,174,,queued,pending_review,high_overlap_requires_review
,,C:\Users\dharani\Documents\Codex\2026-08-20\roboflow-plugin-roboflow-roboflow-build-a\outputs\egg-tray-counter\datasets\roboflow_auto_original\train\images\WhatsApp-Image-2026-07-03-at-11-57-47-AM-1-_jpeg.rf.918ca3634bd2041686d257ba9532da0c.jpg,c1cc74d76dde9eb0880d3bf785f5a6dbee658d8a5af36bf84678021036afe998,7571715171f1ddfd,unique_roboflow,,122,,queued,pending_review,high_overlap_requires_review
,,C:\Users\dharani\Documents\Codex\2026-08-20\roboflow-plugin-roboflow-roboflow-build-a\outputs\egg-tray-counter\datasets\roboflow_auto_original\train\images\WhatsApp-Image-2026-07-03-at-11-57-48-AM_jpeg.rf.fe4eb94cee7ba6c0e4fccc0d2be97556.jpg,e2c0a516437842f97031b75fe6e210ba78ea9056416c0241ee961dac12dfb185,fffffffaeae8bda3,unique_roboflow,,354,,queued,pending_review,high_overlap_requires_review
,,C:\Users\dharani\Documents\Codex\2026-08-20\roboflow-plugin-roboflow-roboflow-build-a\outputs\egg-tray-counter\datasets\roboflow_auto_original\train\images\WhatsApp-Image-2026-07-03-at-11-57-49-AM-1-_jpeg.rf.61177f774a56ad496cbb22d8367e42ef.jpg,d17731ccf97bab42717b128282320c26100605633a862161e9cde027add8de29,0918d8e6e0f0c884,unique_roboflow,,575,,queued,pending_review,high_overlap_requires_review
,,C:\Users\dharani\Documents\Codex\2026-08-20\roboflow-plugin-roboflow-roboflow-build-a\outputs\egg-tray-counter\datasets\roboflow_auto_original\train\images\WhatsApp-Image-2026-07-03-at-11-57-49-AM_jpeg.rf.b56320807a5f43aefaeca78d475f483f.jpg,05af7664b69d8584c66c79a7804ed581c6d1e03543a91f2eeca2f55d646776d3,fde87afafbc52460,unique_roboflow,,291,,queued,pending_review,high_overlap_requires_review
,,C:\Users\dharani\Documents\Codex\2026-08-20\roboflow-plugin-roboflow-roboflow-build-a\outputs\egg-tray-counter\datasets\roboflow_auto_original\train\images\WhatsApp-Image-2026-07-03-at-11-57-52-AM_jpeg.rf.64d98f124c04c55cf04e47575de5ff97.jpg,7b994953ef7f6ce19918b3d468042ad38d54adea7b41f672ae2957245fd2b071,4d1c9d3d3d386843,unique_roboflow,,744,,queued,pending_review,high_overlap_requires_review
,,C:\Users\dharani\Documents\Codex\2026-08-20\roboflow-plugin-roboflow-roboflow-build-a\outputs\egg-tray-counter\datasets\roboflow_auto_original\train\images\WhatsApp-Image-2026-07-03-at-11-57-56-AM-1-_jpeg.rf.c1ba5d5b24606f51d816f63d6a115fe2.jpg,84076f2436a18347251c10eb6fa948df25496b2f599b893cb93ce2300cf657a8,efab6d6bcacbcb5b,unique_roboflow,,619,,queued,pending_review,high_overlap_requires_review
,,C:\Users\dharani\Documents\Codex\2026-08-20\roboflow-plugin-roboflow-roboflow-build-a\outputs\egg-tray-counter\datasets\roboflow_auto_original\train\images\WhatsApp-Image-2026-07-03-at-11-57-56-AM_jpeg.rf.a5c2f13507f5ec30e83e8bb675cbaabe.jpg,844d3ce2a0a8bee41d8650a66db900263d77b02a6c1eba2cd8594f7b37f100e1,d5b4362666e42463,unique_roboflow,,664,,queued,pending_review,high_overlap_requires_review
,,C:\Users\dharani\Documents\Codex\2026-08-20\roboflow-plugin-roboflow-roboflow-build-a\outputs\egg-tray-counter\datasets\roboflow_auto_original\train\images\WhatsApp-Image-2026-07-03-at-11-57-57-AM_jpeg.rf.223e789b95f1c87188f2ebae3b3cafe2.jpg,0eea5ba586bc4a933a3e94e1053fc2d92195a418ac7cd7ceb6c61c99c5756bc3,1c18383c3074ec8e,unique_roboflow,,876,,queued,pending_review,high_overlap_requires_review
,,C:\Users\dharani\Documents\Codex\2026-08-20\roboflow-plugin-roboflow-roboflow-build-a\outputs\egg-tray-counter\datasets\roboflow_auto_original\train\images\WhatsApp-Image-2026-07-03-at-11-57-59-AM_jpeg.rf.623540ce3dfdac49e2818a4dc94d7a16.jpg,45af8778cd363dd0209dc9801e1603b7b0bd994f84b13889a83f7afb25b452cd,6f6fefe9edcc7a98,unique_roboflow,,456,,queued,pending_review,high_overlap_requires_review
,,C:\Users\dharani\Documents\Codex\2026-08-20\roboflow-plugin-roboflow-roboflow-build-a\outputs\egg-tray-counter\datasets\roboflow_auto_original\train\images\WhatsApp-Image-2026-07-03-at-11-58-03-AM-1-_jpeg.rf.7e7207a1de635f69c94d15eec53024e1.jpg,0c019456ac1d04ef76542ce36f68a0164c291e44e6c125b689b81c4ecc9742fa,ff57d7d5d5913d1d,unique_roboflow,,523,,queued,pending_review,high_overlap_requires_review
,,C:\Users\dharani\Documents\Codex\2026-08-20\roboflow-plugin-roboflow-roboflow-build-a\outputs\egg-tray-counter\datasets\roboflow_auto_original\train\images\WhatsApp-Image-2026-07-03-at-11-58-03-AM_jpeg.rf.c02c6181aba0d64ccd1a8e398c4231b2.jpg,2d594ec524f36f001857d62418404012f60b35ba1c8e346dfbffcf04f7225bcc,ffbfbf2f643cd8f9,unique_roboflow,,497,,queued,pending_review,high_overlap_requires_review
,,C:\Users\dharani\Documents\Codex\2026-08-20\roboflow-plugin-roboflow-roboflow-build-a\outputs\egg-tray-counter\datasets\roboflow_auto_original\train\images\WhatsApp-Image-2026-07-03-at-11-58-05-AM-1-_jpeg.rf.975fdf93b873b756fae5b647e3e9f7b4.jpg,7bdf49a574a50e52c267302356ceb99e9111f139946162c9564ea27fbafe9434,ffffefdfb7bfd3ca,unique_roboflow,,524,,queued,pending_review,high_overlap_requires_review
,,C:\Users\dharani\Documents\Codex\2026-08-20\roboflow-plugin-roboflow-roboflow-build-a\outputs\egg-tray-counter\datasets\roboflow_auto_original\train\images\WhatsApp-Image-2026-07-03-at-11-58-05-AM_jpeg.rf.39aff19ee28094a19ccce361ff7e3e91.jpg,20bbc6168fe2e1a1ff83fc5d06c2e1104ad77033d66c34ec9869b2d6b528d1bd,fbea6b6be9c9c3c7,unique_roboflow,,587,,queued,pending_review,high_overlap_requires_review
,,C:\Users\dharani\Documents\Codex\2026-08-20\roboflow-plugin-roboflow-roboflow-build-a\outputs\egg-tray-counter\datasets\roboflow_auto_original\train\images\WhatsApp-Image-2026-07-03-at-11-58-06-AM-1-_jpeg.rf.0485b3e7ba953fabb99fc2c7e80f1a64.jpg,df5284d586ee37fec97a272f12680e53bc243db1f861194c54999dc4e94387a6,7f7f5f5fdeeceaf8,unique_roboflow,,417,,queued,pending_review,high_overlap_requires_review
,,C:\Users\dharani\Documents\Codex\2026-08-20\roboflow-plugin-roboflow-roboflow-build-a\outputs\egg-tray-counter\datasets\roboflow_auto_original\train\images\WhatsApp-Image-2026-07-03-at-11-58-06-AM_jpeg.rf.e33dd00730ca3164b2a0e289126f1053.jpg,089296d4eee8e16e3de7e7a32d22c71dacba1a069f2715a99839faf1937cd3ef,a31b1b492928a799,unique_roboflow,,329,,queued,pending_review,high_overlap_requires_review
,,C:\Users\dharani\Documents\Codex\2026-08-20\roboflow-plugin-roboflow-roboflow-build-a\outputs\egg-tray-counter\datasets\roboflow_auto_original\train\images\WhatsApp-Image-2026-07-03-at-11-58-08-AM-1-_jpeg.rf.84fa318aaea891aa4adfcd97edba3298.jpg,77d2e29faafb36a3eca5b5f31a6acc8f2b3a035b9613449ca353663a5f1e56b0,34282c2298b8a9cf,unique_roboflow,,436,,queued,pending_review,high_overlap_requires_review
,,C:\Users\dharani\Documents\Codex\2026-08-20\roboflow-plugin-roboflow-roboflow-build-a\outputs\egg-tray-counter\datasets\roboflow_auto_original\train\images\WhatsApp-Image-2026-07-03-at-11-58-17-AM_jpeg.rf.3d27b6f37f12af6aa5f4d7056b2f7730.jpg,f462296c2cd1786c4c3bbf9b7ac15a306aa08d95382675a5d3f0a3203ddda54e,6e677753d3590971,unique_roboflow,,440,,queued,pending_review,high_overlap_requires_review
,,C:\Users\dharani\Documents\Codex\2026-08-20\roboflow-plugin-roboflow-roboflow-build-a\outputs\egg-tray-counter\datasets\roboflow_auto_original\train\images\WhatsApp-Image-2026-07-03-at-11-58-18-AM-1-_jpeg.rf.9aba68b05e349387c77d65428fc6055b.jpg,ff77ba88d9ee3df34ea05bde85c49915482c9a4637ea338bdedc4c758efdb662,fe0f404841c3cfd5,unique_roboflow,,412,,queued,pending_review,high_overlap_requires_review
,,C:\Users\dharani\Documents\Codex\2026-08-20\roboflow-plugin-roboflow-roboflow-build-a\outputs\egg-tray-counter\datasets\roboflow_auto_original\train\images\WhatsApp-Image-2026-07-03-at-11-58-18-AM_jpeg.rf.a4c1762a179dbc218ac2d9c89f468a7b.jpg,889b23ebd7e14d5b67a433a9d746a6bbad2108e48adb33d8ce8a569cac60cac6,fd8e8020829e9caa,unique_roboflow,,200,,queued,pending_review,high_overlap_requires_review
,,C:\Users\dharani\Documents\Codex\2026-08-20\roboflow-plugin-roboflow-roboflow-build-a\outputs\egg-tray-counter\datasets\roboflow_auto_original\train\images\WhatsApp-Image-2026-07-03-at-11-58-19-AM_jpeg.rf.74aafc27c786fd4189e404ba3539744e.jpg,290def8430f3e8cb656185df6f1f107967a0c3f10c007750e40fb1b307727af9,07e2eeed65657452,unique_roboflow,,370,,queued,pending_review,high_overlap_requires_review
,,C:\Users\dharani\Documents\Codex\2026-08-20\roboflow-plugin-roboflow-roboflow-build-a\outputs\egg-tray-counter\datasets\roboflow_auto_original\train\images\WhatsApp-Image-2026-07-03-at-11-58-20-AM_jpeg.rf.43a8b0e47ac8a60755892c8e40ed7e8c.jpg,9a1c93490617173078a4c41d7cf7168052609a3974c158de8e3a11e452a30ded,8f5f5d6de5b5b4bc,unique_roboflow,,274,,queued,pending_review,high_overlap_requires_review
d2bd506506e93f9be28e,,C:\Users\dharani\Documents\Codex\2026-08-20\roboflow-plugin-roboflow-roboflow-build-a\outputs\egg-tray-counter\datasets\roboflow_auto_original\train\images\WhatsApp-Image-2026-07-03-at-11-58-24-AM_jpeg.rf.e1b1ba31d5399bdbcd26bcb062e44cf9.jpg,d2bd506506e93f9be28ea5da1db782cdf37c145e8795484e29d4178705eb0a7c,8f83020002002030,unique_roboflow,,0,,resolved,roboflow_auto,unique auto image passed strict QA
,,C:\Users\dharani\Documents\Codex\2026-08-20\roboflow-plugin-roboflow-roboflow-build-a\outputs\egg-tray-counter\datasets\roboflow_auto_original\train\images\WhatsApp-Image-2026-07-03-at-11-58-25-AM-1-_jpeg.rf.b2764930e02dd680b50e3ba5e4729098.jpg,e7c461b1c6f49dfa02c9b6fb475ca50af2fc0f10a604f45855ef8902c26ea3e3,57579694b43684c4,unique_roboflow,,396,,queued,pending_review,high_overlap_requires_review
,,C:\Users\dharani\Documents\Codex\2026-08-20\roboflow-plugin-roboflow-roboflow-build-a\outputs\egg-tray-counter\datasets\roboflow_auto_original\train\images\WhatsApp-Image-2026-07-03-at-11-58-25-AM_jpeg.rf.20e46fbe98cdc7805db7bc7577295669.jpg,22ea1b1c649e184af5c4e8b03cf92f28036e3b61a8923d6d48defbddc36494bc,e5cbd91999993f47,unique_roboflow,,586,,queued,pending_review,high_overlap_requires_review
,,C:\Users\dharani\Documents\Codex\2026-08-20\roboflow-plugin-roboflow-roboflow-build-a\outputs\egg-tray-counter\datasets\roboflow_auto_original\train\images\WhatsApp-Image-2026-07-03-at-11-58-27-AM-1-_jpeg.rf.c963b8b1aa877b9288dbae2e19bfa28c.jpg,2afaa590cf6a84f53cd653412170f41d8b895001c2bbeea808a2b9a5aa6339e2,00024bcd85989198,unique_roboflow,,345,,queued,pending_review,high_overlap_requires_review
,,C:\Users\dharani\Documents\Codex\2026-08-20\roboflow-plugin-roboflow-roboflow-build-a\outputs\egg-tray-counter\datasets\roboflow_auto_original\train\images\WhatsApp-Image-2026-07-03-at-11-58-30-AM-2-_jpeg.rf.6449de90ed12cf582d7bb5f05e554f74.jpg,7ec4061ee12823655af8bc5a0cca4e0b11b74d5ad8c85998136008a785c75a5c,1b5bfbb939194939,unique_roboflow,,284,,queued,pending_review,high_overlap_requires_review
,,C:\Users\dharani\Documents\Codex\2026-08-20\roboflow-plugin-roboflow-roboflow-build-a\outputs\egg-tray-counter\datasets\roboflow_auto_original\train\images\WhatsApp-Image-2026-07-03-at-11-58-31-AM_jpeg.rf.9fe54924ba882394065e5ae864abdc1b.jpg,fbb5aad57e49b1979210ed32ff556476f587e0335020ed1725f688cada9fdfd8,6d2decc67ce9b191,unique_roboflow,,748,,queued,pending_review,high_overlap_requires_review
,,C:\Users\dharani\Documents\Codex\2026-08-20\roboflow-plugin-roboflow-roboflow-build-a\outputs\egg-tray-counter\datasets\roboflow_auto_original\train\images\WhatsApp-Image-2026-07-03-at-11-58-32-AM_jpeg.rf.ece3dd1bb125800fcbda32a5b7723fae.jpg,0a2766361ca7f07ed71e1248b0156a3ce2e7f35bb3c433d3b2547f18df07f205,79e9c9e850624350,unique_roboflow,,654,,queued,pending_review,high_overlap_requires_review
,,C:\Users\dharani\Documents\Codex\2026-08-20\roboflow-plugin-roboflow-roboflow-build-a\outputs\egg-tray-counter\datasets\roboflow_auto_original\train\images\WhatsApp-Image-2026-07-03-at-11-58-33-AM_jpeg.rf.60c7dd35430b2872c0fe3ef4954cb27a.jpg,348569d0c36da96f62d52bc8d249787c0558f66d7aee233cd93fd94370907112,3eb2b2b46c6c6c6d,unique_roboflow,,494,,queued,pending_review,high_overlap_requires_review
,,C:\Users\dharani\Documents\Codex\2026-08-20\roboflow-plugin-roboflow-roboflow-build-a\outputs\egg-tray-counter\datasets\roboflow_auto_original\train\images\WhatsApp-Image-2026-07-03-at-11-58-34-AM_jpeg.rf.1558890ffdc26954cec6a1795552da78.jpg,1c2281b20f60c535c7a2360e018b88351eedad85953baa6c26d9dc102dcf1a37,59d9d8eaa4246c24,unique_roboflow,,626,,queued,pending_review,high_overlap_requires_review
,,C:\Users\dharani\Documents\Codex\2026-08-20\roboflow-plugin-roboflow-roboflow-build-a\outputs\egg-tray-counter\datasets\roboflow_auto_original\train\images\WhatsApp-Image-2026-07-03-at-11-58-35-AM_jpeg.rf.ab8afd4144bd1cda814bd5d7eb1459d1.jpg,1356c28b535a04ccf0797edd50853c9340aa2e3b98d0d29c2a5add55c2f27ab9,1eb2b290e06c4ccc,unique_roboflow,,589,,queued,pending_review,high_overlap_requires_review
,,C:\Users\dharani\Documents\Codex\2026-08-20\roboflow-plugin-roboflow-roboflow-build-a\outputs\egg-tray-counter\datasets\roboflow_auto_original\train\images\WhatsApp-Image-2026-07-03-at-11-58-36-AM-1-_jpeg.rf.e75a637d761c7bf12626ec0a8d3a2070.jpg,30d419ec1d33eaa94532ff114104cdbd894ee7845c88c3c4198dc7703b1c7188,30d0d2d2d2da5b4b,unique_roboflow,,473,,queued,pending_review,high_overlap_requires_review
,,C:\Users\dharani\Documents\Codex\2026-08-20\roboflow-plugin-roboflow-roboflow-build-a\outputs\egg-tray-counter\datasets\roboflow_auto_original\train\images\WhatsApp-Image-2026-07-03-at-11-58-36-AM-2-_jpeg.rf.943e3a7b5e9892c0f24a23fd822ff133.jpg,524354833d0cf6fcfb24cccec939f6934c8131b718ef674a711d265ec3c25f7d,d391919191919191,unique_roboflow,,388,,queued,pending_review,high_overlap_requires_review
,,C:\Users\dharani\Documents\Codex\2026-08-20\roboflow-plugin-roboflow-roboflow-build-a\outputs\egg-tray-counter\datasets\roboflow_auto_original\train\images\WhatsApp-Image-2026-07-03-at-11-58-36-AM_jpeg.rf.b7f8bf0a9ed476bbd75992f2a4b92540.jpg,d885198211c99775a7353e36693d21f4eaa586faecc3fc97230b6f0f4c4855c8,7b5ededadadb3333,unique_roboflow,,400,,queued,pending_review,high_overlap_requires_review
,,C:\Users\dharani\Documents\Codex\2026-08-20\roboflow-plugin-roboflow-roboflow-build-a\outputs\egg-tray-counter\datasets\roboflow_auto_original\train\images\WhatsApp-Image-2026-07-03-at-11-58-40-AM-1-_jpeg.rf.a538e92d209b681fb1e4125fea3c7a9e.jpg,cec8a939b6443a2eb06dc2aa47dfbff47d4ac9600ac53a3a883fc23d552188fd,5140707070505812,unique_roboflow,,183,,queued,pending_review,high_overlap_requires_review
3eb351160e913c9a5aab,,C:\Users\dharani\Documents\Codex\2026-08-20\roboflow-plugin-roboflow-roboflow-build-a\outputs\egg-tray-counter\datasets\roboflow_auto_original\train\images\WhatsApp-Image-2026-07-03-at-11-58-59-AM-1-_jpeg.rf.12cfe94b5e077540a13ff4ef2b6b3695.jpg,3eb351160e913c9a5aabd1c590c0e4dd4ffd4dad8ce3bc8ca45297c8a1357d76,713101cdd1a30fad,unique_roboflow,,0,,resolved,roboflow_auto,unique auto image passed strict QA
,,C:\Users\dharani\Documents\Codex\2026-08-20\roboflow-plugin-roboflow-roboflow-build-a\outputs\egg-tray-counter\datasets\roboflow_auto_original\train\images\WhatsApp-Image-2026-07-03-at-11-58-59-AM-2-_jpeg.rf.2b2911e84ee8b95ca4606bb92bccaf51.jpg,7f486f9d57c2cab059ccbd1359774b2c68bb25b89c390f6318de02e6473903fe,009cdcd858e8c8e0,unique_roboflow,,64,,queued,pending_review,high_overlap_requires_review
,,C:\Users\dharani\Documents\Codex\2026-08-20\roboflow-plugin-roboflow-roboflow-build-a\outputs\egg-tray-counter\datasets\roboflow_auto_original\train\images\WhatsApp-Image-2026-07-03-at-11-58-59-AM-4-_jpeg.rf.63e2cf6dd7a22a50bb4cad80ecdc5d3e.jpg,47483627dbdbdc5561f28d180fee4b11ce163ff08446660f6c38682533ce6744,0303838383831313,unique_roboflow,,290,,queued,pending_review,high_overlap_requires_review
c5daf74b8fbfc8789dc6,,C:\Users\dharani\Documents\Codex\2026-08-20\roboflow-plugin-roboflow-roboflow-build-a\outputs\egg-tray-counter\datasets\roboflow_auto_original\train\images\WhatsApp-Image-2026-07-03-at-11-58-59-AM_jpeg.rf.bc78b0f13cd9642423acf1380407f31c.jpg,c5daf74b8fbfc8789dc677312040861be0d396cc2b5695989ddf65ff9291621a,f13101cdd1a38fad,unique_roboflow,,0,,resolved,roboflow_auto,unique auto image passed strict QA
,,C:\Users\dharani\Documents\Codex\2026-08-20\roboflow-plugin-roboflow-roboflow-build-a\outputs\egg-tray-counter\datasets\roboflow_auto_original\train\images\WhatsApp-Image-2026-07-03-at-11-59-00-AM-1-_jpeg.rf.a38cc0754be5e411dbc13773ff047a19.jpg,46b24dc092d1bb176e3d27107e86c8027e172288c10fefb4dec67e81ea98be4d,233129282020252d,unique_roboflow,,216,,queued,pending_review,high_overlap_requires_review
a3d560ec5fa32afe89ac,,C:\Users\dharani\Documents\Codex\2026-08-20\roboflow-plugin-roboflow-roboflow-build-a\outputs\egg-tray-counter\datasets\roboflow_auto_original\train\images\WhatsApp-Image-2026-07-03-at-11-59-00-AM-2-_jpeg.rf.8faa5a7e964200a1a0201b7a5ffd0182.jpg,a3d560ec5fa32afe89ac536e2d24a65e8772ff3f58f155d2e9a094e5e25ba212,4707c6d6be3e5eef,unique_roboflow,,3,,resolved,roboflow_auto,unique auto image passed strict QA
e0dc76ed696457a17808,,C:\Users\dharani\Documents\Codex\2026-08-20\roboflow-plugin-roboflow-roboflow-build-a\outputs\egg-tray-counter\datasets\roboflow_auto_original\train\images\WhatsApp-Image-2026-07-03-at-11-59-00-AM_jpeg.rf.6e8971eb11a534478fbecc255b9469b2.jpg,e0dc76ed696457a17808f5ff847e257bb559d42555f6bf750a3f12bfbaf6fd3d,d0214fdda30f8c8c,unique_roboflow,,0,,resolved,roboflow_auto,unique auto image passed strict QA
d3fabbb331719604cbae,,C:\Users\dharani\Documents\Codex\2026-08-20\roboflow-plugin-roboflow-roboflow-build-a\outputs\egg-tray-counter\datasets\roboflow_auto_original\train\images\WhatsApp-Image-2026-07-03-at-11-59-01-AM_jpeg.rf.17a992dc9f69a7536fb69c8b9bdb66a5.jpg,d3fabbb331719604cbae5428a5883acd8d75c9b1e5712fb192ea284ea7aa759b,33fbe91b23379f9b,unique_roboflow,,0,,resolved,roboflow_auto,unique auto image passed strict QA
34a9af5f80456a3d326d,,C:\Users\dharani\Documents\Codex\2026-08-20\roboflow-plugin-roboflow-roboflow-build-a\outputs\egg-tray-counter\datasets\roboflow_auto_original\train\images\WhatsApp-Image-2026-07-03-at-11-59-02-AM_jpeg.rf.05c2d1b77c14b712f0d3ff31d25a2a4c.jpg,34a9af5f80456a3d326dca93bc3f51af043a175faab358047547d810cfa28fdd,f7e791b1f5c3cfb5,unique_roboflow,,0,,resolved,roboflow_auto,unique auto image passed strict QA
a14c60780049e7f5c569,,C:\Users\dharani\Documents\Codex\2026-08-20\roboflow-plugin-roboflow-roboflow-build-a\outputs\egg-tray-counter\datasets\roboflow_auto_original\train\images\WhatsApp-Image-2026-07-03-at-11-59-03-AM-1-_jpeg.rf.3111476f032840353faee63433ef3724.jpg,a14c60780049e7f5c5692c74ceb7ab717ba9a9f2b47d84e7821a6b1e6d10eea6,000000f030220cc8,unique_roboflow,,0,,resolved,roboflow_auto,unique auto image passed strict QA
b15e59818418b79804bb,,C:\Users\dharani\Documents\Codex\2026-08-20\roboflow-plugin-roboflow-roboflow-build-a\outputs\egg-tray-counter\datasets\roboflow_auto_original\train\images\WhatsApp-Image-2026-07-03-at-11-59-03-AM_jpeg.rf.cd3a91e6a75a64a3055c4585924ee228.jpg,b15e59818418b79804bb7b003af8db389a6f679a48deb189b3acd41425d080cb,0f0e03e04119914d,unique_roboflow,,0,,resolved,roboflow_auto,unique auto image passed strict QA
b4a1466bdb53edebd384,,C:\Users\dharani\Documents\Codex\2026-08-20\roboflow-plugin-roboflow-roboflow-build-a\outputs\egg-tray-counter\datasets\roboflow_auto_original\train\images\WhatsApp-Image-2026-07-03-at-11-59-04-AM_jpeg.rf.bfcf5ffe7656837e821e4508298bbea0.jpg,b4a1466bdb53edebd3840609ac45821a80401d98e33ba71b2cb94c0ae0da2e38,0f0e93e04119914d,unique_roboflow,,0,,resolved,roboflow_auto,unique auto image passed strict QA
,,C:\Users\dharani\Documents\Codex\2026-08-20\roboflow-plugin-roboflow-roboflow-build-a\outputs\egg-tray-counter\datasets\roboflow_auto_original\train\images\WhatsApp-Image-2026-07-03-at-11-59-05-AM_jpeg.rf.3d578599908265cc50276abbea4c47c5.jpg,c01ece46d2c88433e780162eaea7b998f0d52520cba076a4c6a36755b15ac908,90008487c1507038,unique_roboflow,,446,,queued,pending_review,high_overlap_requires_review
ef90383edaa57abfd5f0,,C:\Users\dharani\Documents\Codex\2026-08-20\roboflow-plugin-roboflow-roboflow-build-a\outputs\egg-tray-counter\datasets\roboflow_auto_original\train\images\WhatsApp-Image-2026-07-03-at-11-59-09-AM-1-_jpeg.rf.6d0f1a7b09693bcc889e211bf979ad59.jpg,ef90383edaa57abfd5f093b496004adec238cc119e47e3a094dd4b8163fc43b8,626263634343c10e,unique_roboflow,,0,,resolved,roboflow_auto,unique auto image passed strict QA
,,C:\Users\dharani\Documents\Codex\2026-08-20\roboflow-plugin-roboflow-roboflow-build-a\outputs\egg-tray-counter\datasets\roboflow_auto_original\train\images\WhatsApp-Image-2026-07-03-at-11-59-10-AM_jpeg.rf.d9b14c7fad6d266c41e67cdd2a67d77f.jpg,ef2aded60f4842aefee7a13146179ccaad48da13fe172564e4dc2ca5bbbb6dbc,c1c040c1d0383068,unique_roboflow,,354,,queued,pending_review,high_overlap_requires_review
,,C:\Users\dharani\Documents\Codex\2026-08-20\roboflow-plugin-roboflow-roboflow-build-a\outputs\egg-tray-counter\datasets\roboflow_auto_original\train\images\WhatsApp-Image-2026-07-03-at-12-00-01-PM_jpeg.rf.1abc05b55beeac8cf9046f6dacb687e1.jpg,1765eed0e21a3a7f8bc5fe3c04340b90437af8c8325b16e3505e070cce7a306d,f1e1b1b9a5e1e6c0,unique_roboflow,,175,,queued,pending_review,high_overlap_requires_review
,,C:\Users\dharani\Documents\Codex\2026-08-20\roboflow-plugin-roboflow-roboflow-build-a\outputs\egg-tray-counter\datasets\roboflow_auto_original\train\images\WhatsApp-Image-2026-07-03-at-12-00-19-PM_jpeg.rf.2ecc021a01a6ad3739817589a0cf784f.jpg,1535119bbf1711967b7548e920c66f2a64404d6e34a62435862f67c6c99427ad,f1f1a0b92461e7c0,unique_roboflow,,193,,queued,pending_review,high_overlap_requires_review
,,C:\Users\dharani\Documents\Codex\2026-08-20\roboflow-plugin-roboflow-roboflow-build-a\outputs\egg-tray-counter\datasets\roboflow_auto_original\train\images\WhatsApp-Image-2026-07-03-at-12-00-20-PM_jpeg.rf.04cd1ed397923f3cb71827d4bd9d9b1b.jpg,6089fed9e11577c0dec534293ec97bc6ecb8cbaac00daf45664f158434f8931d,f4e6700691075c73,unique_roboflow,,179,,queued,pending_review,high_overlap_requires_review
,,C:\Users\dharani\Documents\Codex\2026-08-20\roboflow-plugin-roboflow-roboflow-build-a\outputs\egg-tray-counter\datasets\roboflow_auto_original\train\images\WhatsApp-Image-2026-07-03-at-12-00-21-PM_jpeg.rf.031e948577fd6ae3b1a434790c512d67.jpg,37f2bd113b9e2f2336f7e456f26b7a1fa4dd15609b01070e6007b796b429617f,7cfcfafcdcd2c4d8,unique_roboflow,,369,,queued,pending_review,high_overlap_requires_review
,,C:\Users\dharani\Documents\Codex\2026-08-20\roboflow-plugin-roboflow-roboflow-build-a\outputs\egg-tray-counter\datasets\roboflow_auto_original\train\images\WhatsApp-Image-2026-07-03-at-12-00-22-PM-1-_jpeg.rf.fd04969ea2d9270768b65b278d5c7e93.jpg,63cd353f046ba0b658b5fe0206e92fffdc02c835cbfd36376aba729b92426edd,0c3c1c1636364d4e,unique_roboflow,,241,,queued,pending_review,high_overlap_requires_review
,,C:\Users\dharani\Documents\Codex\2026-08-20\roboflow-plugin-roboflow-roboflow-build-a\outputs\egg-tray-counter\datasets\roboflow_auto_original\train\images\WhatsApp-Image-2026-07-03-at-12-00-22-PM_jpeg.rf.0b3b258bfb517524805add299ec01543.jpg,38bdfb44f4c272fbaf1eb0c6cde3dd4ddccdcf69897b5eb4c12285443f3ac641,f9f9f8b92461e6e0,unique_roboflow,,229,,queued,pending_review,high_overlap_requires_review
,,C:\Users\dharani\Documents\Codex\2026-08-20\roboflow-plugin-roboflow-roboflow-build-a\outputs\egg-tray-counter\datasets\roboflow_auto_original\train\images\WhatsApp-Image-2026-07-03-at-12-00-23-PM_jpeg.rf.4298d8292d3f598d2da608774d4a269d.jpg,91559c94a2ac533b752ca0799aed60dc6da3e852ffcd06fa3b65acd78ebbabd4,f2e278b302264363,unique_roboflow,,242,,queued,pending_review,high_overlap_requires_review
6ea272837ea8e440860e,,C:\Users\dharani\Documents\Codex\2026-08-20\roboflow-plugin-roboflow-roboflow-build-a\outputs\egg-tray-counter\datasets\roboflow_auto_original\train\images\WhatsApp-Image-2026-07-03-at-12-00-24-PM-1-_jpeg.rf.ec01d0c6007e05e229426d0c261b150c.jpg,6ea272837ea8e440860e6682f470e149b3f8ead4fcb0320a1753d4a4818ba72c,e6fce0e02130612f,unique_roboflow,,0,,resolved,roboflow_auto,unique auto image passed strict QA
,,C:\Users\dharani\Documents\Codex\2026-08-20\roboflow-plugin-roboflow-roboflow-build-a\outputs\egg-tray-counter\datasets\roboflow_auto_original\train\images\WhatsApp-Image-2026-07-03-at-12-00-24-PM_jpeg.rf.75794df64f7d950a6b09ed1bc0daad14.jpg,409b8b1edc8dbb4d926aea8c1f283f4f6d21d34fe0a369ddf3c981d355b4a5f2,5b0b0e078203de9a,unique_roboflow,,153,,queued,pending_review,high_overlap_requires_review
,,C:\Users\dharani\Documents\Codex\2026-08-20\roboflow-plugin-roboflow-roboflow-build-a\outputs\egg-tray-counter\datasets\roboflow_auto_original\train\images\WhatsApp-Image-2026-07-03-at-12-00-26-PM-1-_jpeg.rf.7acb5c2e8787e87aa150a6700163b66c.jpg,295acea5cc0688f99612bbaa60af985c6512f3363d1d19d470da379a2005cc91,ffe28cecc030c4f0,unique_roboflow,,39,,queued,pending_review,high_overlap_requires_review
,,C:\Users\dharani\Documents\Codex\2026-08-20\roboflow-plugin-roboflow-roboflow-build-a\outputs\egg-tray-counter\datasets\roboflow_auto_original\train\images\WhatsApp-Image-2026-07-03-at-12-00-26-PM_jpeg.rf.ab398f4dea9626be3fd089a2d90c6f28.jpg,e4080112406774fb68a0a407b77fc8203ca0110c89e249f20b8e3831487d117b,33939fbf818c8d0b,unique_roboflow,,239,,queued,pending_review,high_overlap_requires_review
0e91a1c9ce4015a59823,,C:\Users\dharani\Documents\Codex\2026-08-20\roboflow-plugin-roboflow-roboflow-build-a\outputs\egg-tray-counter\datasets\roboflow_auto_original\train\images\WhatsApp-Image-2026-07-03-at-12-00-29-PM_jpeg.rf.9818070901574e0092d6cafa0e37ce6a.jpg,0e91a1c9ce4015a59823ebf1ee13e5fe191f00482dc5ea7c8c9bac16a841435d,3cdde9efaeeed407,unique_roboflow,,0,,resolved,roboflow_auto,unique auto image passed strict QA
,,C:\Users\dharani\Documents\Codex\2026-08-20\roboflow-plugin-roboflow-roboflow-build-a\outputs\egg-tray-counter\datasets\roboflow_auto_original\train\images\WhatsApp-Image-2026-07-03-at-12-00-33-PM_jpeg.rf.e2a135a26c3e70e99c1e04a71c66912d.jpg,1072a329e8db4702ce540efae60f55ebc3071498cfc539b40f90c2a3bb2ed2cd,4707871139070f31,unique_roboflow,,31,,queued,pending_review,high_overlap_requires_review
,,C:\Users\dharani\Documents\Codex\2026-08-20\roboflow-plugin-roboflow-roboflow-build-a\outputs\egg-tray-counter\datasets\roboflow_auto_original\train\images\WhatsApp-Image-2026-07-03-at-12-00-35-PM-2-_jpeg.rf.b60f67ddbcb3cf6aaf6c724a4a00a987.jpg,213677aee3bbf3d25399926ccfbcde23e953d221ca7586f167b14728bba3d180,3ea7737830f00006,unique_roboflow,,329,,queued,pending_review,high_overlap_requires_review
,,C:\Users\dharani\Documents\Codex\2026-08-20\roboflow-plugin-roboflow-roboflow-build-a\outputs\egg-tray-counter\datasets\roboflow_auto_original\train\images\WhatsApp-Image-2026-07-03-at-12-00-35-PM_jpeg.rf.39db5f542ff9dd2c0a632da307526288.jpg,cf9afe0def05c254b00bd30119f8553ca32694d4f2782d2fc758e6d312e3aab3,b3f7f30b0f0e0e2f,unique_roboflow,,80,,queued,pending_review,high_overlap_requires_review
,,C:\Users\dharani\Documents\Codex\2026-08-20\roboflow-plugin-roboflow-roboflow-build-a\outputs\egg-tray-counter\datasets\roboflow_auto_original\train\images\WhatsApp-Image-2026-07-03-at-12-00-36-PM-1-_jpeg.rf.46fa60718025b074ae18fbb1d8e6bc6f.jpg,8357af4dfa91f57ca8d86140db32be05f0b5a046200dc5e22e5d6fc9c64c4ab9,0101030303030135,unique_roboflow,,534,,queued,pending_review,high_overlap_requires_review
,,C:\Users\dharani\Documents\Codex\2026-08-20\roboflow-plugin-roboflow-roboflow-build-a\outputs\egg-tray-counter\datasets\roboflow_auto_original\train\images\WhatsApp-Image-2026-07-03-at-12-00-36-PM-2-_jpeg.rf.1215fc7ab1458780a81a54cff4b08438.jpg,3633c2d2c67a204482007ce7ef7431e130f392200923dd315f94eb800f1a3b59,030f070f0c0f0f00,unique_roboflow,,118,,queued,pending_review,high_overlap_requires_review
,,C:\Users\dharani\Documents\Codex\2026-08-20\roboflow-plugin-roboflow-roboflow-build-a\outputs\egg-tray-counter\datasets\roboflow_auto_original\train\images\WhatsApp-Image-2026-07-03-at-12-00-36-PM-3-_jpeg.rf.eeda814f6d07640a5495005e0d5e6364.jpg,0d14a98a79c17f0f9ff1a745da1da7b053eab38bc81ede3a152c8b920a5636cd,1b1707078323231f,unique_roboflow,,466,,queued,pending_review,high_overlap_requires_review
,,C:\Users\dharani\Documents\Codex\2026-08-20\roboflow-plugin-roboflow-roboflow-build-a\outputs\egg-tray-counter\datasets\roboflow_auto_original\train\images\WhatsApp-Image-2026-07-03-at-12-00-36-PM-4-_jpeg.rf.9e867b9c749cd40aac609d8cb7704e7c.jpg,5e1a1208cadd98fd278a74c17c53d3d174c76cb1cdacfc31ca3e192b9688e156,429ace8f8f897c66,unique_roboflow,,132,,queued,pending_review,high_overlap_requires_review
,,C:\Users\dharani\Documents\Codex\2026-08-20\roboflow-plugin-roboflow-roboflow-build-a\outputs\egg-tray-counter\datasets\roboflow_auto_original\train\images\WhatsApp-Image-2026-07-03-at-12-00-36-PM-5-_jpeg.rf.e350ad45cf9a728c1417a83bf5207372.jpg,d8f316f0489edadcfbfe657043b480535f3adbc6285fc4353ee598ca5da4ed66,030717979713170f,unique_roboflow,,437,,queued,pending_review,high_overlap_requires_review
,,C:\Users\dharani\Documents\Codex\2026-08-20\roboflow-plugin-roboflow-roboflow-build-a\outputs\egg-tray-counter\datasets\roboflow_auto_original\train\images\WhatsApp-Image-2026-07-03-at-12-00-37-PM_jpeg.rf.7c44e19a0500a8cbf6987e88dc2de407.jpg,54fd102fce64da7964c4615a07b84ec024f8ba2d14b7d8755b87ffa37da9ee43,a59d7bfa5a2ba139,unique_roboflow,,463,,queued,pending_review,high_overlap_requires_review
,,C:\Users\dharani\Documents\Codex\2026-08-20\roboflow-plugin-roboflow-roboflow-build-a\outputs\egg-tray-counter\datasets\roboflow_auto_original\train\images\WhatsApp-Image-2026-07-03-at-12-00-38-PM-3-_jpeg.rf.fc423e787a141cdca28cd2366dfb24ec.jpg,4179830475ffe35590c9174547cfbe4b94c536cb8491d6bd5bc033061fb6a45c,c9f01eb7b22e461e,unique_roboflow,,129,,queued,pending_review,high_overlap_requires_review
d840c16a733d06010b10,,C:\Users\dharani\Documents\Codex\2026-08-20\roboflow-plugin-roboflow-roboflow-build-a\outputs\egg-tray-counter\datasets\roboflow_auto_original\train\images\WhatsApp-Image-2026-07-03-at-12-00-40-PM-1-_jpeg.rf.d1dde0eeb4efecac33cbf2daf04c937e.jpg,d840c16a733d06010b10dc14ec7ba3211d1faf9503f446a382f2feff0241be08,3d19175f175757d7,unique_roboflow,,54,,resolved,roboflow_auto,unique auto image passed strict QA
9590ceca8ca176d0d246,,C:\Users\dharani\Documents\Codex\2026-08-20\roboflow-plugin-roboflow-roboflow-build-a\outputs\egg-tray-counter\datasets\roboflow_auto_original\train\images\WhatsApp-Image-2026-07-03-at-12-00-40-PM_jpeg.rf.ab3a7546ec75c99c71ebaf0d5fdd182d.jpg,9590ceca8ca176d0d2464bb7eb5c1a45e274d9ea884dd0dabf960eb5e7cdb8ef,2f4cc4d4586864e6,unique_roboflow,,1,,resolved,roboflow_auto,unique auto image passed strict QA
,,C:\Users\dharani\Documents\Codex\2026-08-20\roboflow-plugin-roboflow-roboflow-build-a\outputs\egg-tray-counter\datasets\roboflow_auto_original\train\images\WhatsApp-Image-2026-07-03-at-12-00-41-PM-2-_jpeg.rf.6bd0d71869ef2053349d50306675332c.jpg,8aaf90da9ac8ecead57ff59595bbef7ac43f784994afe3d6d4ecaa33619cfdb9,3d19175f175757d7,unique_roboflow,,137,,queued,pending_review,high_overlap_requires_review
,,C:\Users\dharani\Documents\Codex\2026-08-20\roboflow-plugin-roboflow-roboflow-build-a\outputs\egg-tray-counter\datasets\roboflow_auto_original\train\images\WhatsApp-Image-2026-07-03-at-12-00-41-PM_jpeg.rf.b1ad55b56f56a5d6b89d7a33d31197f0.jpg,d76dbc7468506f508ceb31c8d6ee664b741447e4508e63b53088a9fa76e54548,546cac61331e9393,unique_roboflow,,438,,queued,pending_review,high_overlap_requires_review
,,C:\Users\dharani\Documents\Codex\2026-08-20\roboflow-plugin-roboflow-roboflow-build-a\outputs\egg-tray-counter\datasets\roboflow_auto_original\train\images\WhatsApp-Image-2026-07-03-at-12-00-42-PM_jpeg.rf.13c270033fdfb73a1fe33c665348b5e3.jpg,009aa5d607ab67ea215de0085e5b81fd5cbafe244346fd58649b43658afebf0f,7272f2e208016140,unique_roboflow,,415,,queued,pending_review,high_overlap_requires_review
806329c29d3aee5d41eb,,C:\Users\dharani\Documents\Codex\2026-08-20\roboflow-plugin-roboflow-roboflow-build-a\outputs\egg-tray-counter\datasets\roboflow_auto_original\train\images\WhatsApp-Image-2026-07-03-at-12-00-43-PM_jpeg.rf.e2af0266bdaac40b51e56e46e2da679d.jpg,806329c29d3aee5d41eb063acc200a68796f60814523c254155af5f2e40f9345,06863b71e0e82000,unique_roboflow,,1,,resolved,roboflow_auto,unique auto image passed strict QA
,,C:\Users\dharani\Documents\Codex\2026-08-20\roboflow-plugin-roboflow-roboflow-build-a\outputs\egg-tray-counter\datasets\roboflow_auto_original\train\images\WhatsApp-Image-2026-07-03-at-12-00-44-PM_jpeg.rf.1523254f7f5362efff0ae975c86995e6.jpg,8a17be76a52e79e2ce86fb69d429800b6c704798fca4d4b30fde7dd54abedce1,3d191f5f97175755,unique_roboflow,,141,,queued,pending_review,high_overlap_requires_review
,,C:\Users\dharani\Documents\Codex\2026-08-20\roboflow-plugin-roboflow-roboflow-build-a\outputs\egg-tray-counter\datasets\roboflow_auto_original\train\images\WhatsApp-Image-2026-07-03-at-12-00-45-PM-2-_jpeg.rf.512f9673c4fdd6b84f5922141ac42ea9.jpg,a15061373c9c17c6e1c04546fda7fab4dec9dd9e5d147b5daf977fca64a6916e,3d191f5f971757d7,unique_roboflow,,111,,queued,pending_review,high_overlap_requires_review
54937ac50086892d55d2,,C:\Users\dharani\Documents\Codex\2026-08-20\roboflow-plugin-roboflow-roboflow-build-a\outputs\egg-tray-counter\datasets\roboflow_auto_original\train\images\WhatsApp-Image-2026-07-03-at-12-00-45-PM_jpeg.rf.4d7aa956bc0ac985c916dc816b038206.jpg,54937ac50086892d55d2c30e8114a1efd9d6e52f17ae56e7cda20d5d7f89d170,37332727329eccec,unique_roboflow,,0,,resolved,roboflow_auto,unique auto image passed strict QA
c2a9b50ff52dd7dda148,,C:\Users\dharani\Documents\Codex\2026-08-20\roboflow-plugin-roboflow-roboflow-build-a\outputs\egg-tray-counter\datasets\roboflow_auto_original\train\images\WhatsApp-Image-2026-07-03-at-12-00-46-PM_jpeg.rf.d24a7c79dc319e5535ba27f8e38070fa.jpg,c2a9b50ff52dd7dda14887dced9e29a561032f66881fdf1c90ee5452ea4c52fa,6f6c1ddb17575757,unique_roboflow,,19,,resolved,roboflow_auto,unique auto image passed strict QA
5aae0b69f91f8bdcbbf7,,C:\Users\dharani\Documents\Codex\2026-08-20\roboflow-plugin-roboflow-roboflow-build-a\outputs\egg-tray-counter\datasets\roboflow_auto_original\train\images\WhatsApp-Image-2026-07-03-at-12-00-48-PM_jpeg.rf.d0fc076a235f4f656c10688b25e407a1.jpg,5aae0b69f91f8bdcbbf730447c21bec18bd6b3f434e8a4254ed31629221f6777,2c7c1ddb17575757,unique_roboflow,,13,,resolved,roboflow_auto,unique auto image passed strict QA
392dd4934876e29bf6cd,,C:\Users\dharani\Documents\Codex\2026-08-20\roboflow-plugin-roboflow-roboflow-build-a\outputs\egg-tray-counter\datasets\roboflow_auto_original\train\images\WhatsApp-Image-2026-07-03-at-12-00-49-PM_jpeg.rf.fcb4c696e7f3f0cbab61d262fbbe55d1.jpg,392dd4934876e29bf6cd661aaf174a6479c3f3d0fd32ceba1cda7b6c24c1a48b,475c195b17575757,unique_roboflow,,6,,resolved,roboflow_auto,unique auto image passed strict QA
,,C:\Users\dharani\Documents\Codex\2026-08-20\roboflow-plugin-roboflow-roboflow-build-a\outputs\egg-tray-counter\datasets\roboflow_auto_original\train\images\WhatsApp-Image-2026-07-03-at-12-00-50-PM-1-_jpeg.rf.8a33bce2d5eb4d1eeb8e65397a85ebac.jpg,9fbc2ba5ee8e8b8dcf10ffdaac30959219ca42bc2c233e3b47e1ab5c10c498ca,4c7d7c8efef09293,unique_roboflow,,181,,queued,pending_review,high_overlap_requires_review
d65f3e32dafb42cc3b47,,C:\Users\dharani\Documents\Codex\2026-08-20\roboflow-plugin-roboflow-roboflow-build-a\outputs\egg-tray-counter\datasets\roboflow_auto_original\train\images\WhatsApp-Image-2026-07-03-at-12-00-50-PM_jpeg.rf.b73595eb08778df8982d5f219e9f9ea8.jpg,d65f3e32dafb42cc3b47dafa55b7ee2916eeb4745cadda0292c2f9d81a8b6cff,5cdfd652d7cfd4d8,unique_roboflow,,0,,resolved,roboflow_auto,unique auto image passed strict QA
,,C:\Users\dharani\Documents\Codex\2026-08-20\roboflow-plugin-roboflow-roboflow-build-a\outputs\egg-tray-counter\datasets\roboflow_auto_original\train\images\WhatsApp-Image-2026-07-03-at-12-00-51-PM-1-_jpeg.rf.b92810f56e0949579bee8a2cf0fc44e0.jpg,141de1fee0f0b764baa2bdb4fbc092d2152495cdca9ba661769496767a717eee,fd7fceb6277f191d,unique_roboflow,,338,,queued,pending_review,high_overlap_requires_review
,,C:\Users\dharani\Documents\Codex\2026-08-20\roboflow-plugin-roboflow-roboflow-build-a\outputs\egg-tray-counter\datasets\roboflow_auto_original\train\images\WhatsApp-Image-2026-07-03-at-12-00-52-PM-2-_jpeg.rf.254164ebb11801d0d6ab364e46a2f749.jpg,9a6db9318ed8b351247a7233d7c795a529847e7b0d3841c78f2d5da7635a3bc8,ff1fbfbf2c9d9e1f,unique_roboflow,,391,,queued,pending_review,high_overlap_requires_review
,,C:\Users\dharani\Documents\Codex\2026-08-20\roboflow-plugin-roboflow-roboflow-build-a\outputs\egg-tray-counter\datasets\roboflow_auto_original\train\images\WhatsApp-Image-2026-07-03-at-12-00-53-PM_jpeg.rf.c05d0d501eb34a5f37d6901411ff019e.jpg,0a21098fec34377451d4047bffb76ecbe3a13daa897f5451428714b3bce49d40,57c625242444c962,unique_roboflow,,17,,queued,pending_review,high_overlap_requires_review
,,C:\Users\dharani\Documents\Codex\2026-08-20\roboflow-plugin-roboflow-roboflow-build-a\outputs\egg-tray-counter\datasets\roboflow_auto_original\train\images\WhatsApp-Image-2026-07-03-at-12-00-54-PM-1-_jpeg.rf.1b8ca6e0b3dcb02a765962c7a03f86a7.jpg,1524468cefe04181dc9c2333199c4164e78547900c828eb7451523fbe7f667b4,139a904369b19393,unique_roboflow,,20,,queued,pending_review,high_overlap_requires_review
,,C:\Users\dharani\Documents\Codex\2026-08-20\roboflow-plugin-roboflow-roboflow-build-a\outputs\egg-tray-counter\datasets\roboflow_auto_original\train\images\WhatsApp-Image-2026-07-03-at-12-00-55-PM_jpeg.rf.3d6ad8985fc797069c42969746d82d5b.jpg,0cba9212709fa95b32308fe64248ea81a104ad8e23d5d860beb0283c8c37ff34,68144b34d4c484a0,unique_roboflow,,57,,queued,pending_review,high_overlap_requires_review
b7691c31de702d79b6d4,,C:\Users\dharani\Documents\Codex\2026-08-20\roboflow-plugin-roboflow-roboflow-build-a\outputs\egg-tray-counter\datasets\roboflow_auto_original\train\images\WhatsApp-Image-2026-07-03-at-12-01-01-PM_jpeg.rf.42f81c941eaf9e9993bcca62a848b48d.jpg,b7691c31de702d79b6d4e204d0d7beb0e6e8763e55136b19a4585f0c3e985ebd,c3861b184d5a4107,unique_roboflow,,0,,resolved,roboflow_auto,unique auto image passed strict QA
,,C:\Users\dharani\Documents\Codex\2026-08-20\roboflow-plugin-roboflow-roboflow-build-a\outputs\egg-tray-counter\datasets\roboflow_auto_original\train\images\WhatsApp-Image-2026-07-03-at-12-01-02-PM-1-_jpeg.rf.23043b49932a1358964db9f5f34a5529.jpg,4b0820dbbaff0dea651d5cf018e891514ca02d017db7ba681f6d7ed722474f75,0c7b70f0f2b6b6f2,unique_roboflow,,279,,queued,pending_review,high_overlap_requires_review
701dc00d30011aa4d1bb,,C:\Users\dharani\Documents\Codex\2026-08-20\roboflow-plugin-roboflow-roboflow-build-a\outputs\egg-tray-counter\datasets\roboflow_auto_original\train\images\WhatsApp-Image-2026-07-03-at-12-01-03-PM_jpeg.rf.d20a19c3dc902c2f4ef1644db8fb50b7.jpg,701dc00d30011aa4d1bb07a986af5553a536d8d7c353bbf6d9c0247a3d787444,5fcf9795b3b393fb,unique_roboflow,,0,,resolved,roboflow_auto,unique auto image passed strict QA
,,C:\Users\dharani\Documents\Codex\2026-08-20\roboflow-plugin-roboflow-roboflow-build-a\outputs\egg-tray-counter\datasets\roboflow_auto_original\train\images\WhatsApp-Image-2026-07-03-at-12-01-04-PM-1-_jpeg.rf.a19339ab0b50212d53e6f0c6b198eecd.jpg,d1e78bcb776349166e62bf7fbb6fd63071ea7f24ecb143cd8df72180c25c54cf,e46e36362c040664,unique_roboflow,,13,,queued,pending_review,high_overlap_requires_review
ab8c9531b80991831e2b,,C:\Users\dharani\Documents\Codex\2026-08-20\roboflow-plugin-roboflow-roboflow-build-a\outputs\egg-tray-counter\datasets\roboflow_auto_original\train\images\WhatsApp-Image-2026-07-03-at-12-01-05-PM-1-_jpeg.rf.f646cd1d16927879abd22ce86e4cb618.jpg,ab8c9531b80991831e2b80399db2695f4934074a2304cb3b1205e533c75b751c,0ba98f2f0f8783fa,unique_roboflow,,2,,resolved,roboflow_auto,unique auto image passed strict QA
c1e45bba99bea2933155,,C:\Users\dharani\Documents\Codex\2026-08-20\roboflow-plugin-roboflow-roboflow-build-a\outputs\egg-tray-counter\datasets\roboflow_auto_original\train\images\WhatsApp-Image-2026-07-03-at-12-01-05-PM-2-_jpeg.rf.4cdc74e3890310b75588aa2eafda1fb1.jpg,c1e45bba99bea2933155d6abc3672674e1c06362ed154d78c7364149a4b807a8,c8f8f8f87a6a6a68,unique_roboflow,,1,,resolved,roboflow_auto,unique auto image passed strict QA
,,C:\Users\dharani\Documents\Codex\2026-08-20\roboflow-plugin-roboflow-roboflow-build-a\outputs\egg-tray-counter\datasets\roboflow_auto_original\train\images\WhatsApp-Image-2026-07-03-at-12-01-05-PM_jpeg.rf.e16360888e1696dc1133caed3923b32b.jpg,68749c753b1c29e9c50ae35ed5932df23568326bc8c5fb21d97c1df6f829fbae,9515154616168250,unique_roboflow,,225,,queued,pending_review,high_overlap_requires_review
578c66c24c822eff601b,,C:\Users\dharani\Documents\Codex\2026-08-20\roboflow-plugin-roboflow-roboflow-build-a\outputs\egg-tray-counter\datasets\roboflow_auto_original\train\images\WhatsApp-Image-2026-07-03-at-12-01-06-PM_jpeg.rf.50f66abd859f787489b2861c35fdb268.jpg,578c66c24c822eff601b55400fe033ed259e2bde5519d7836886aedd3bcfbebc,d3d38f0f8783e2e0,unique_roboflow,,0,,resolved,roboflow_auto,unique auto image passed strict QA
6e36e16710923cd99940,,C:\Users\dharani\Documents\Codex\2026-08-20\roboflow-plugin-roboflow-roboflow-build-a\outputs\egg-tray-counter\datasets\roboflow_auto_original\train\images\WhatsApp-Image-2026-07-03-at-12-01-07-PM-1-_jpeg.rf.00f0973e45e9781515f70538c70cf9d3.jpg,6e36e16710923cd9994017f7c9a6ff57ff073a719b35a5959bfffcebe91bc78a,424234242424399c,unique_roboflow,,0,,resolved,roboflow_auto,unique auto image passed strict QA
61bf5bc08bb254c6979b,,C:\Users\dharani\Documents\Codex\2026-08-20\roboflow-plugin-roboflow-roboflow-build-a\outputs\egg-tray-counter\datasets\roboflow_auto_original\train\images\WhatsApp-Image-2026-07-03-at-12-01-07-PM_jpeg.rf.4c2aabc4398bbe7043db83680de3dbc7.jpg,61bf5bc08bb254c6979b7d12136d071738fa62d7a25d75d8ba6fa002c6a55151,858d1f4f0f0f642f,unique_roboflow,,0,,resolved,roboflow_auto,unique auto image passed strict QA
,,C:\Users\dharani\Documents\Codex\2026-08-20\roboflow-plugin-roboflow-roboflow-build-a\outputs\egg-tray-counter\datasets\roboflow_auto_original\train\images\WhatsApp-Image-2026-07-03-at-12-01-09-PM_jpeg.rf.53ad5f9ad4f0a774382fab7a0ccad502.jpg,651c912d008ac543e4b2ed1cd755ddaa648c7e2adbf1817808ba904cd90f55ef,797775d5d5454751,unique_roboflow,,126,,queued,pending_review,high_overlap_requires_review
cf562ce0f6a3d606204a,,C:\Users\dharani\Documents\Codex\2026-08-20\roboflow-plugin-roboflow-roboflow-build-a\outputs\egg-tray-counter\datasets\roboflow_auto_original\train\images\WhatsApp-Image-2026-07-03-at-12-01-10-PM_jpeg.rf.cdf4d22829dcb30c71c20e76681ca199.jpg,cf562ce0f6a3d606204a98d48276de120b5d8cd06f81f3665fc3770351915fda,e8ccc8aa8a83cb9a,unique_roboflow,,10,,resolved,roboflow_auto,unique auto image passed strict QA
,,C:\Users\dharani\Documents\Codex\2026-08-20\roboflow-plugin-roboflow-roboflow-build-a\outputs\egg-tray-counter\datasets\roboflow_auto_original\train\images\WhatsApp-Image-2026-07-03-at-12-01-11-PM_jpeg.rf.e6c2f5f0c2dab98302792e23cedd616b.jpg,5b7720ebd5ce9473338bd1cbb6192a867c67d827e829953e02eb6f2405d1d6b5,3933b6f763450343,unique_roboflow,,235,,queued,pending_review,high_overlap_requires_review
,,C:\Users\dharani\Documents\Codex\2026-08-20\roboflow-plugin-roboflow-roboflow-build-a\outputs\egg-tray-counter\datasets\roboflow_auto_original\train\images\WhatsApp-Image-2026-07-03-at-12-01-14-PM-1-_jpeg.rf.6feb01ba4c496f96a533b141f7b30d75.jpg,10996c92a12b63b3d64a234ef18b047f93238184e633bb23122a34449cc056a6,988c6d696836fefa,unique_roboflow,,295,,queued,pending_review,high_overlap_requires_review
2721453227aa78d464f0,,C:\Users\dharani\Documents\Codex\2026-08-20\roboflow-plugin-roboflow-roboflow-build-a\outputs\egg-tray-counter\datasets\roboflow_auto_original\train\images\WhatsApp-Image-2026-07-03-at-12-01-15-PM_jpeg.rf.52ba0c34ffacd7ce475972dda0b66e6e.jpg,2721453227aa78d464f0d384ce59899f22f7c88bc3e1b7194d35048300a07b54,8fb8bc8c8e8ccccc,unique_roboflow,,16,,resolved,roboflow_auto,unique auto image passed strict QA
,,C:\Users\dharani\Documents\Codex\2026-08-20\roboflow-plugin-roboflow-roboflow-build-a\outputs\egg-tray-counter\datasets\roboflow_auto_original\train\images\WhatsApp-Image-2026-07-03-at-12-01-17-PM_jpeg.rf.3e7c61ca88a1a7e2a2bc22a4b65e97ce.jpg,14d0761160e930e05c25b36c96aee21ec82face2938807b27a65461eac27c969,4d636343a3636358,unique_roboflow,,361,,queued,pending_review,high_overlap_requires_review
,,C:\Users\dharani\Documents\Codex\2026-08-20\roboflow-plugin-roboflow-roboflow-build-a\outputs\egg-tray-counter\datasets\roboflow_auto_original\train\images\WhatsApp-Image-2026-07-03-at-12-02-11-PM_jpeg.rf.8d86a9f39ff56d31c85a082b2cf5fa3e.jpg,55f40762e4c70812555ece06141a2631f3dbb30fe36479c10daf62b85816113d,b6b6bdbcbcecf02c,unique_roboflow,,260,,queued,pending_review,high_overlap_requires_review
,,C:\Users\dharani\Documents\Codex\2026-08-20\roboflow-plugin-roboflow-roboflow-build-a\outputs\egg-tray-counter\datasets\roboflow_auto_original\train\images\WhatsApp-Image-2026-07-03-at-12-02-14-PM_jpeg.rf.31ef2588e3480aec637531a6ae23b387.jpg,c35d73de18c1636aae2c4ae1ef9c39cd6d6ca61707bf9dda227edb4ea1455809,bf9f1e98dcdcba5a,unique_roboflow,,416,,queued,pending_review,high_overlap_requires_review
,,C:\Users\dharani\Documents\Codex\2026-08-20\roboflow-plugin-roboflow-roboflow-build-a\outputs\egg-tray-counter\datasets\roboflow_auto_original\train\images\WhatsApp-Image-2026-07-03-at-12-02-15-PM_jpeg.rf.9a846cfc7dbcd99ee8e44ff3974ec8d0.jpg,cdd27f90fd3c8281be226905384b7967ddcc7a55a2191eaf911cfb97625fa44e,8d13161515349999,unique_roboflow,,399,,queued,pending_review,high_overlap_requires_review
,,C:\Users\dharani\Documents\Codex\2026-08-20\roboflow-plugin-roboflow-roboflow-build-a\outputs\egg-tray-counter\datasets\roboflow_auto_original\train\images\WhatsApp-Image-2026-07-03-at-12-02-30-PM_jpeg.rf.a5fa067bf1c7100150ffc22a6c86b1de.jpg,e60af59e0dc8ece924f2a9af0b889bccadf4503395740fd7730c0e4a6c40124a,aca86a6a38aedbdb,unique_roboflow,,542,,queued,pending_review,high_overlap_requires_review
,,C:\Users\dharani\Documents\Codex\2026-08-20\roboflow-plugin-roboflow-roboflow-build-a\outputs\egg-tray-counter\datasets\roboflow_auto_original\train\images\WhatsApp-Image-2026-07-03-at-12-02-45-PM_jpeg.rf.ab6515ec5188ade421880f9f6f4a40f4.jpg,38fc33406fdae9b5270d4f8251191a2ba9515447563bead7f8b5c389f33f92d9,727372e208216160,unique_roboflow,,426,,queued,pending_review,high_overlap_requires_review
,,C:\Users\dharani\Documents\Codex\2026-08-20\roboflow-plugin-roboflow-roboflow-build-a\outputs\egg-tray-counter\datasets\roboflow_auto_original\train\images\WhatsApp-Image-2026-07-03-at-12-02-46-PM-2-_jpeg.rf.94e95d3b41fc71bce3d632905d14ed14.jpg,6523deae6b11a21f5fa90ca505311fb1e6c1a73169241b6885a6a0407bbed418,1e24a0345510bb91,unique_roboflow,,14,,queued,pending_review,high_overlap_requires_review
08c3b9b331a572e9fbc9,,C:\Users\dharani\Documents\Codex\2026-08-20\roboflow-plugin-roboflow-roboflow-build-a\outputs\egg-tray-counter\datasets\roboflow_auto_original\train\images\WhatsApp-Image-2026-07-03-at-12-02-46-PM_jpeg.rf.54a1a686323b8ff972f5120e2206a619.jpg,08c3b9b331a572e9fbc96dd4d7b1038975c2dc86c0d4f8d28bab2db9cc4ef540,000105161e765677,unique_roboflow,,3,,resolved,roboflow_auto,unique auto image passed strict QA
9b375e96a00568fd4dc9,,C:\Users\dharani\Documents\Codex\2026-08-20\roboflow-plugin-roboflow-roboflow-build-a\outputs\egg-tray-counter\datasets\roboflow_auto_original\train\images\WhatsApp-Image-2026-07-03-at-12-02-47-PM_jpeg.rf.ec68dc1a276d6cec66d5ecb6613a0a6e.jpg,9b375e96a00568fd4dc9816ff68573d2d3c614975a7360cefdfc626014342066,870763630d9c9c94,unique_roboflow,,8,,resolved,roboflow_auto,unique auto image passed strict QA
0faecfd1d67568472d95,,C:\Users\dharani\Documents\Codex\2026-08-20\roboflow-plugin-roboflow-roboflow-build-a\outputs\egg-tray-counter\datasets\roboflow_auto_original\train\images\WhatsApp-Image-2026-07-03-at-12-02-48-PM-1-_jpeg.rf.f9d56ab5c89c2790fa92c3e1c33e6fd2.jpg,0faecfd1d67568472d95cd018f665b159690ef04674af19870a1a9644b48453b,0f0e87a9884e8f2d,unique_roboflow,,0,,resolved,roboflow_auto,unique auto image passed strict QA
,,C:\Users\dharani\Documents\Codex\2026-08-20\roboflow-plugin-roboflow-roboflow-build-a\outputs\egg-tray-counter\datasets\roboflow_auto_original\train\images\WhatsApp-Image-2026-07-03-at-12-02-48-PM-2-_jpeg.rf.a28cead42f0daac6635ecd33874876e2.jpg,f53c5f55e5e0ccf8ba7a9f5e78b785f889357559d81968d61680039781f61a7a,1f373c286a2e3636,unique_roboflow,,356,,queued,pending_review,high_overlap_requires_review
71135eb061c4bb2834b5,,C:\Users\dharani\Documents\Codex\2026-08-20\roboflow-plugin-roboflow-roboflow-build-a\outputs\egg-tray-counter\datasets\roboflow_auto_original\train\images\WhatsApp-Image-2026-07-03-at-12-02-48-PM_jpeg.rf.c4716ce68d67769d9fbd3d0d7c78225b.jpg,71135eb061c4bb2834b5065e5826e28a5493a569fd7de721c1c21771d61c0fd4,3e7351372e1c89d3,unique_roboflow,,1,,resolved,roboflow_auto,unique auto image passed strict QA
,,C:\Users\dharani\Documents\Codex\2026-08-20\roboflow-plugin-roboflow-roboflow-build-a\outputs\egg-tray-counter\datasets\roboflow_auto_original\train\images\WhatsApp-Image-2026-07-03-at-12-02-49-PM_jpeg.rf.5698d32d75efd405bfe5710e386291c2.jpg,cce0742b0dd582d3d389af24010294337df0ad20aec213289d92fbdab7127cbd,63a362665212324b,unique_roboflow,,286,,queued,pending_review,high_overlap_requires_review
,,C:\Users\dharani\Documents\Codex\2026-08-20\roboflow-plugin-roboflow-roboflow-build-a\outputs\egg-tray-counter\datasets\roboflow_auto_original\train\images\WhatsApp-Image-2026-07-03-at-12-02-50-PM-1-_jpeg.rf.68c94ada35f1e753e7b35a6f42677d9c.jpg,0c8508beb342bfa39e277c8c19ef3812022841baa1ab0009ed6c0ca9c3455d76,5b17131127afafa7,unique_roboflow,,292,,queued,pending_review,high_overlap_requires_review
,,C:\Users\dharani\Documents\Codex\2026-08-20\roboflow-plugin-roboflow-roboflow-build-a\outputs\egg-tray-counter\datasets\roboflow_auto_original\train\images\WhatsApp-Image-2026-07-03-at-12-02-51-PM_jpeg.rf.fb7523ac7ac75d75c626d8a018046583.jpg,c89bbdefad7db7b7220e5e2366234023ec43f4cb7ec663bdc74a6dc23b4b11e4,0b4b450d18b1b6f6,unique_roboflow,,346,,queued,pending_review,high_overlap_requires_review
a0bab6bc320585fa213a,,C:\Users\dharani\Documents\Codex\2026-08-20\roboflow-plugin-roboflow-roboflow-build-a\outputs\egg-tray-counter\datasets\roboflow_auto_original\train\images\WhatsApp-Image-2026-07-03-at-12-02-53-PM-1-_jpeg.rf.e7a8607611d17d6ffd7e8c81e7fbc372.jpg,a0bab6bc320585fa213a9aa2db082b451a339f13a31e441666a63a42620856f1,d6fe0be85fc99b9f,unique_roboflow,,15,,resolved,roboflow_auto,unique auto image passed strict QA
,,C:\Users\dharani\Documents\Codex\2026-08-20\roboflow-plugin-roboflow-roboflow-build-a\outputs\egg-tray-counter\datasets\roboflow_auto_original\train\images\WhatsApp-Image-2026-07-03-at-12-02-53-PM-2-_jpeg.rf.5e34675fb5dfc01203795b1616f52312.jpg,62ef2363a91aea056c2d3e53322f30127ef3af45c5fcf3669586101ad3e4e8b9,fcf86c6c6d6f1f5f,unique_roboflow,,25,,queued,pending_review,high_overlap_requires_review
,,C:\Users\dharani\Documents\Codex\2026-08-20\roboflow-plugin-roboflow-roboflow-build-a\outputs\egg-tray-counter\datasets\roboflow_auto_original\train\images\WhatsApp-Image-2026-07-03-at-12-02-53-PM_jpeg.rf.65185185bc98a84d2f6f4e760666e2d3.jpg,b61948724ad86dfc391aa556fe648a77bbbd5053d166f7a30fdfadb7d5df5837,061652524a4b6b27,unique_roboflow,,735,,queued,pending_review,high_overlap_requires_review
,,C:\Users\dharani\Documents\Codex\2026-08-20\roboflow-plugin-roboflow-roboflow-build-a\outputs\egg-tray-counter\datasets\roboflow_auto_original\train\images\WhatsApp-Image-2026-07-03-at-12-02-54-PM_jpeg.rf.95e419643c36155a07b3920070cd622d.jpg,d1de1637e9cec5946b60979fb1bf023da3d77e50b6b29b4bf5e58bc0bb3e0459,1c3f3ff7b3d9dbf3,unique_roboflow,,752,,queued,pending_review,high_overlap_requires_review
,,C:\Users\dharani\Documents\Codex\2026-08-20\roboflow-plugin-roboflow-roboflow-build-a\outputs\egg-tray-counter\datasets\roboflow_auto_original\train\images\WhatsApp-Image-2026-07-03-at-12-02-55-PM-2-_jpeg.rf.f9bb30963d5f166a799c94d5a3d3726b.jpg,3139a6f05eab32f1d7512759a7287a21eed96ad0a7439226ff80c95e3c5f4bc6,ff3f1fd293478484,unique_roboflow,,174,,queued,pending_review,high_overlap_requires_review
,,C:\Users\dharani\Documents\Codex\2026-08-20\roboflow-plugin-roboflow-roboflow-build-a\outputs\egg-tray-counter\datasets\roboflow_auto_original\train\images\WhatsApp-Image-2026-07-03-at-12-02-56-PM-1-_jpeg.rf.0d4875da9e9cf38ea1b5328fc9e979a4.jpg,c2cd939ade75a817c8dedda194a265f84ce6db202c89ed2c3d431281cb309e69,ded6af2727276f9e,unique_roboflow,,497,,queued,pending_review,high_overlap_requires_review
,,C:\Users\dharani\Documents\Codex\2026-08-20\roboflow-plugin-roboflow-roboflow-build-a\outputs\egg-tray-counter\datasets\roboflow_auto_original\train\images\WhatsApp-Image-2026-07-03-at-12-02-58-PM_jpeg.rf.d159ed5eb7a303c7c4750a1ca6d626e6.jpg,2ffdcb6ede0a55f8378e2b7ec6a8fecf757d0026642f82c320107cc26b2d1a7d,46cecbc97733333c,unique_roboflow,,268,,queued,pending_review,high_overlap_requires_review
,,C:\Users\dharani\Documents\Codex\2026-08-20\roboflow-plugin-roboflow-roboflow-build-a\outputs\egg-tray-counter\datasets\roboflow_auto_original\train\images\WhatsApp-Image-2026-07-03-at-12-02-59-PM_jpeg.rf.6741a7b6db6360377fadbdeabc4d55d3.jpg,386b2df0eab01ea0de599f959d60ba7a7941e9fd7f20ce01d556f35a0e4c19be,8e8f0f0f4fceb62e,unique_roboflow,,853,,queued,pending_review,high_overlap_requires_review
,,C:\Users\dharani\Documents\Codex\2026-08-20\roboflow-plugin-roboflow-roboflow-build-a\outputs\egg-tray-counter\datasets\roboflow_auto_original\train\images\WhatsApp-Image-2026-07-03-at-12-03-00-PM_jpeg.rf.03c3e6aa7cd5b6402a290f9b6884e147.jpg,86b212f6733fc5f593583c4ab7fb943b4f4f9b6b5954112dbe6df3cbe54aff6b,caca89e935373e7f,unique_roboflow,,269,,queued,pending_review,high_overlap_requires_review
,,C:\Users\dharani\Documents\Codex\2026-08-20\roboflow-plugin-roboflow-roboflow-build-a\outputs\egg-tray-counter\datasets\roboflow_auto_original\train\images\WhatsApp-Image-2026-07-03-at-12-03-01-PM_jpeg.rf.1e29eb4669c5c8cf55a7649ed5c115d0.jpg,74a0384d599086a36c48b4e8d174886a9a4126853e931f6798787c3fe255dd75,a1e4c607afafaf99,unique_roboflow,,226,,queued,pending_review,high_overlap_requires_review
,,C:\Users\dharani\Documents\Codex\2026-08-20\roboflow-plugin-roboflow-roboflow-build-a\outputs\egg-tray-counter\datasets\roboflow_auto_original\train\images\WhatsApp-Image-2026-07-03-at-12-03-03-PM_jpeg.rf.426222020ec73b1ce6df0ac00b195323.jpg,4fbe9ae274d0f78a74788f2933182fd44f8ca6698782152c5145c97a670191bd,cae2faeaa0a80a9e,unique_roboflow,,290,,queued,pending_review,high_overlap_requires_review
,,C:\Users\dharani\Documents\Codex\2026-08-20\roboflow-plugin-roboflow-roboflow-build-a\outputs\egg-tray-counter\datasets\roboflow_auto_original\train\images\WhatsApp-Image-2026-07-03-at-12-03-04-PM-1-_jpeg.rf.c52fce36c5574194cfa2c536f42e2ca7.jpg,badc71f567a126e6f01636fa8c7c6b4ef43ac0c85b4f4fb9ce7cb0591441a1a8,0f0f0f2f3369d95c,unique_roboflow,,259,,queued,pending_review,high_overlap_requires_review
,,C:\Users\dharani\Documents\Codex\2026-08-20\roboflow-plugin-roboflow-roboflow-build-a\outputs\egg-tray-counter\datasets\roboflow_auto_original\train\images\WhatsApp-Image-2026-07-03-at-12-03-04-PM_jpeg.rf.217c41960507b074c2c90d91806c35dd.jpg,6c8e35e47d02dfab3564b661e67d142f34f1260674a2dc6d095844b3f0865a4c,8d9d6e870f0dc0a0,unique_roboflow,,283,,queued,pending_review,high_overlap_requires_review
49b6748456d7e630422e,,C:\Users\dharani\Documents\Codex\2026-08-20\roboflow-plugin-roboflow-roboflow-build-a\outputs\egg-tray-counter\datasets\roboflow_auto_original\train\images\WhatsApp-Image-2026-07-03-at-12-03-05-PM_jpeg.rf.01a930ef0cf0e2acb88ce749e17db70c.jpg,49b6748456d7e630422e4f59d468b0eaf8058886a0f1c88457ac188b64edf6f5,7e3c1e0f0bacecf2,unique_roboflow,,0,,resolved,roboflow_auto,unique auto image passed strict QA
,,C:\Users\dharani\Documents\Codex\2026-08-20\roboflow-plugin-roboflow-roboflow-build-a\outputs\egg-tray-counter\datasets\roboflow_auto_original\train\images\WhatsApp-Image-2026-07-03-at-12-03-09-PM_jpeg.rf.d2740a72268a703be4675cd7efb17833.jpg,33ac1af62efd08dcd8eb35c48f706f87af26dbbc2aad40d4d0a65cfb266790ed,fffffffcfcec0f06,unique_roboflow,,361,,queued,pending_review,high_overlap_requires_review
,,C:\Users\dharani\Documents\Codex\2026-08-20\roboflow-plugin-roboflow-roboflow-build-a\outputs\egg-tray-counter\datasets\roboflow_auto_original\train\images\WhatsApp-Image-2026-07-03-at-12-03-10-PM-2-_jpeg.rf.2e961d51655c3db1dea0ffd974a782f2.jpg,d39c6ca54c252d5b80bcb79aec73442de430d5a5c8a4fbe4f88197bb63d57e69,fd3d1e5499579383,unique_roboflow,,171,,queued,pending_review,high_overlap_requires_review
,,C:\Users\dharani\Documents\Codex\2026-08-20\roboflow-plugin-roboflow-roboflow-build-a\outputs\egg-tray-counter\datasets\roboflow_auto_original\train\images\WhatsApp-Image-2026-07-03-at-12-03-11-PM-1-_jpeg.rf.3fe153c4ea77403d63d0fd36da81129b.jpg,3df7f65d4e7ce172e1548f3859020878ef29455521c96452c434d760f77a4b6a,3b3f3f3b3b3a37a7,unique_roboflow,,130,,queued,pending_review,high_overlap_requires_review
dd102925d9227b62b3cb,,C:\Users\dharani\Documents\Codex\2026-08-20\roboflow-plugin-roboflow-roboflow-build-a\outputs\egg-tray-counter\datasets\roboflow_auto_original\train\images\WhatsApp-Image-2026-07-03-at-12-03-11-PM-2-_jpeg.rf.84ae3f036cc8aa2b239004fe0a5571cb.jpg,dd102925d9227b62b3cbc96fd7e29cdf1a9982f37b92011a87494d99dfe97ce6,3e3f7fd9f3fcfcf8,unique_roboflow,,1,,resolved,roboflow_auto,unique auto image passed strict QA
,,C:\Users\dharani\Documents\Codex\2026-08-20\roboflow-plugin-roboflow-roboflow-build-a\outputs\egg-tray-counter\datasets\roboflow_auto_original\train\images\WhatsApp-Image-2026-07-03-at-12-03-12-PM-1-_jpeg.rf.baea41fe2815adc84d886b1ef962eb79.jpg,7262ddbf2c58919d252a1e002976a41a5f916381ca2ecc15d06056aed48afa49,397f3f3b3b3a3427,unique_roboflow,,148,,queued,pending_review,high_overlap_requires_review
140927627abaed6bc683,,C:\Users\dharani\Documents\Codex\2026-08-20\roboflow-plugin-roboflow-roboflow-build-a\outputs\egg-tray-counter\datasets\roboflow_auto_original\train\images\WhatsApp-Image-2026-07-03-at-12-03-13-PM-2-_jpeg.rf.9cb75bee8b485014d9a2931c8e326530.jpg,140927627abaed6bc683554a43954acce113e22ede4dda103925fa1e5f8259bc,3edffbd9d9fefcf8,unique_roboflow,,3,,resolved,roboflow_auto,unique auto image passed strict QA
,,C:\Users\dharani\Documents\Codex\2026-08-20\roboflow-plugin-roboflow-roboflow-build-a\outputs\egg-tray-counter\datasets\roboflow_auto_original\train\images\WhatsApp-Image-2026-07-03-at-12-03-13-PM_jpeg.rf.cbe4afeeff4e90b22f2c5665703d4d0c.jpg,290d35030b0908009996c55449b8739a06d97cfaf1b77b591862bbdfa401f7ac,0f2f0b1b1b1bf7f7,unique_roboflow,,466,,queued,pending_review,high_overlap_requires_review
,,C:\Users\dharani\Documents\Codex\2026-08-20\roboflow-plugin-roboflow-roboflow-build-a\outputs\egg-tray-counter\datasets\roboflow_auto_original\train\images\WhatsApp-Image-2026-07-03-at-12-03-14-PM-1-_jpeg.rf.0f05e816aa29d125f1dd51e218940caa.jpg,9787f01c06553eceb02c0b7275577fa865077569987943481dbb7233f541b74c,060282c288d20f17,unique_roboflow,,314,,queued,pending_review,high_overlap_requires_review
,,C:\Users\dharani\Documents\Codex\2026-08-20\roboflow-plugin-roboflow-roboflow-build-a\outputs\egg-tray-counter\datasets\roboflow_auto_original\train\images\WhatsApp-Image-2026-07-03-at-12-03-14-PM_jpeg.rf.4c3a74c7435e7f1245c7bd75721e15f8.jpg,a32a1d86c621e69e71ad6e76dbde1d6ba018a6a8465491b27e54bb69cb1af965,0783c3c3c8d20f17,unique_roboflow,,277,,queued,pending_review,high_overlap_requires_review
,,C:\Users\dharani\Documents\Codex\2026-08-20\roboflow-plugin-roboflow-roboflow-build-a\outputs\egg-tray-counter\datasets\roboflow_auto_original\train\images\WhatsApp-Image-2026-07-03-at-12-03-15-PM-1-_jpeg.rf.d939ac4b85692660205d081b1cb57cdd.jpg,1742c7387f4a1eaea53b1c2ffca063000afa13cf788f42043f8cc75818ad7026,796c6ae288888888,unique_roboflow,,561,,queued,pending_review,high_overlap_requires_review
64472cf1c76cdee4bee1,,C:\Users\dharani\Documents\Codex\2026-08-20\roboflow-plugin-roboflow-roboflow-build-a\outputs\egg-tray-counter\datasets\roboflow_auto_original\train\images\WhatsApp-Image-2026-07-03-at-12-03-15-PM-2-_jpeg.rf.c4c365de891fb413a8824916dbb4353e.jpg,64472cf1c76cdee4bee14ce4ad5f17bbcf20454dad52252dfffcbcfc227e3c22,7edfff7ce1fefcfc,unique_roboflow,,0,,resolved,roboflow_auto,unique auto image passed strict QA
,,C:\Users\dharani\Documents\Codex\2026-08-20\roboflow-plugin-roboflow-roboflow-build-a\outputs\egg-tray-counter\datasets\roboflow_auto_original\train\images\WhatsApp-Image-2026-07-03-at-12-03-16-PM_jpeg.rf.25cd8db8d1a5493c55edae61e2adea8a.jpg,8e5ed5b0e04b441fa304a7dcf3f45830ab2beb0e53486395f415b50950e0322e,ffff7f3f9f3f3f97,unique_roboflow,,390,,queued,pending_review,high_overlap_requires_review
,,C:\Users\dharani\Documents\Codex\2026-08-20\roboflow-plugin-roboflow-roboflow-build-a\outputs\egg-tray-counter\datasets\roboflow_auto_original\train\images\WhatsApp-Image-2026-07-03-at-12-03-17-PM-1-_jpeg.rf.c17cc3964298ac84cc624d996c4cd4f2.jpg,8565ef2b1f864d9dca295ef08c296a59555dc14c0105c34e17e056b8f2558cf4,0606472435270e1e,unique_roboflow,,171,,queued,pending_review,high_overlap_requires_review
,,C:\Users\dharani\Documents\Codex\2026-08-20\roboflow-plugin-roboflow-roboflow-build-a\outputs\egg-tray-counter\datasets\roboflow_auto_original\train\images\WhatsApp-Image-2026-07-03-at-12-03-17-PM-2-_jpeg.rf.e35dcf9a9c5935794af0f7f6624b1570.jpg,dd71fb2cea0db9a8ce2660e5be25c5e7ed2333b3bd68ded00c854432fb2078e5,317d313de5999998,unique_roboflow,,142,,queued,pending_review,high_overlap_requires_review
,,C:\Users\dharani\Documents\Codex\2026-08-20\roboflow-plugin-roboflow-roboflow-build-a\outputs\egg-tray-counter\datasets\roboflow_auto_original\train\images\WhatsApp-Image-2026-07-03-at-12-03-17-PM_jpeg.rf.500fe848c88424dfef9f7b7ff21217a9.jpg,a043a2585010b80ca20e17941d37f7b4169132bf39ef156b8182540606a8e6b3,796c6ae289899999,unique_roboflow,,472,,queued,pending_review,high_overlap_requires_review
,,C:\Users\dharani\Documents\Codex\2026-08-20\roboflow-plugin-roboflow-roboflow-build-a\outputs\egg-tray-counter\datasets\roboflow_auto_original\train\images\WhatsApp-Image-2026-07-03-at-12-03-18-PM-1-_jpeg.rf.2b8bb7209583bff28769bb74da26247a.jpg,c0e0575a6396775880a07b52865e29dffa5da2a0f5e29299506399448b2af102,49842162cb91cfde,unique_roboflow,,510,,queued,pending_review,high_overlap_requires_review
,,C:\Users\dharani\Documents\Codex\2026-08-20\roboflow-plugin-roboflow-roboflow-build-a\outputs\egg-tray-counter\datasets\roboflow_auto_original\train\images\WhatsApp-Image-2026-07-03-at-12-03-18-PM-2-_jpeg.rf.9e4f995f9c9fed0a22d74203e05d6222.jpg,d6975461634968ab72f1b852c3c0ae519071270accea3cd083729a274069c9b8,b2333b290986d4cd,unique_roboflow,,408,,queued,pending_review,high_overlap_requires_review
,,C:\Users\dharani\Documents\Codex\2026-08-20\roboflow-plugin-roboflow-roboflow-build-a\outputs\egg-tray-counter\datasets\roboflow_auto_original\train\images\WhatsApp-Image-2026-07-03-at-12-03-39-PM_jpeg.rf.29e064e3390b3803705834e8868583c2.jpg,34cfaf8ed3640f4820dd0dba30b7312687b57616c90104b8746b0d0eb739b28a,f098c0d461612223,unique_roboflow,,493,,queued,pending_review,high_overlap_requires_review
,,C:\Users\dharani\Documents\Codex\2026-08-20\roboflow-plugin-roboflow-roboflow-build-a\outputs\egg-tray-counter\datasets\roboflow_auto_original\train\images\WhatsApp-Image-2026-07-03-at-12-04-05-PM_jpeg.rf.54feef617066fc477680520edbe80b2e.jpg,0dab888ecea6ed63a15105de5a72a6fc8f0255cda42307a35d7ca898340935d0,d6f1de7b6b7970a9,unique_roboflow,,452,,queued,pending_review,high_overlap_requires_review
,,C:\Users\dharani\Documents\Codex\2026-08-20\roboflow-plugin-roboflow-roboflow-build-a\outputs\egg-tray-counter\datasets\roboflow_auto_original\train\images\WhatsApp-Image-2026-07-03-at-12-04-06-PM-1-_jpeg.rf.8a3d82fd523b39b70997ab1fd22cb62f.jpg,3b29706890adff305d04658345970c034877eb56f9bd728632d2ecb4e392b24e,1014b2b2e6d84ae2,unique_roboflow,,477,,queued,pending_review,high_overlap_requires_review
3505ce64952cae846b38,,C:\Users\dharani\Documents\Codex\2026-08-20\roboflow-plugin-roboflow-roboflow-build-a\outputs\egg-tray-counter\datasets\roboflow_auto_original\train\images\WhatsApp-Image-2026-07-03-at-12-04-10-PM_jpeg.rf.4295d23cbf7cf3a0d78e2a970eaf84fc.jpg,3505ce64952cae846b38baaf8e4c6c750478720d563786163f3f9734833ca80e,f6bf2f0c0d84c482,unique_roboflow,,0,,resolved,roboflow_auto,unique auto image passed strict QA
1a641b92752f95b017d5,,C:\Users\dharani\Documents\Codex\2026-08-20\roboflow-plugin-roboflow-roboflow-build-a\outputs\egg-tray-counter\datasets\roboflow_auto_original\train\images\WhatsApp-Image-2026-07-03-at-12-04-12-PM_jpeg.rf.52ad12c56defe438c686dfe8d8a28b1f.jpg,1a641b92752f95b017d5adecdbe37d73b13568f880d0410af00a835bf7a97623,f3bf2f0c0584c482,unique_roboflow,,0,,resolved,roboflow_auto,unique auto image passed strict QA
,,C:\Users\dharani\Documents\Codex\2026-08-20\roboflow-plugin-roboflow-roboflow-build-a\outputs\egg-tray-counter\datasets\roboflow_auto_original\train\images\WhatsApp-Image-2026-07-03-at-12-04-14-PM_jpeg.rf.1fd208a9ab075ec3521e03fd9aa9c531.jpg,cfd061c37d8df098f535a5a186f3a53fc69ac315471e086c44db442b91aa39c6,cc862fcfdd133674,unique_roboflow,,211,,queued,pending_review,high_overlap_requires_review
7c8a50fe5901742805a6,,C:\Users\dharani\Documents\Codex\2026-08-20\roboflow-plugin-roboflow-roboflow-build-a\outputs\egg-tray-counter\datasets\roboflow_auto_original\train\images\WhatsApp-Image-2026-07-03-at-12-04-17-PM_jpeg.rf.618e6db8c74092d5edbde5709140c4fb.jpg,7c8a50fe5901742805a68ed1b2c6563d53b25cf7450145c4015fbeb06001b178,ef3f1e4d0d8c8686,unique_roboflow,,14,,resolved,roboflow_auto,unique auto image passed strict QA
2a05251e7b50984713f5,,C:\Users\dharani\Documents\Codex\2026-08-20\roboflow-plugin-roboflow-roboflow-build-a\outputs\egg-tray-counter\datasets\roboflow_auto_original\train\images\WhatsApp-Image-2026-07-03-at-12-04-25-PM_jpeg.rf.d5d5a6db58142313153f80fbac5b8cb5.jpg,2a05251e7b50984713f5ce4fdefa6a84da1b2118cc19dcfe2c57c6a498bd4f8f,ef3f5ecc0c8cc405,unique_roboflow,,4,,resolved,roboflow_auto,unique auto image passed strict QA
c8718432472b3d5059ed,,C:\Users\dharani\Documents\Codex\2026-08-20\roboflow-plugin-roboflow-roboflow-build-a\outputs\egg-tray-counter\datasets\roboflow_auto_original\train\images\WhatsApp-Video-2026-07-03-at-12_02_14-PM_mp4-0000_jpg.rf.c024a34e8cda352ef9751a7c99807f6b.jpg,c8718432472b3d5059edab0bca6888cbf5cd257ac83d319d408962320e3bf3e8,0000000000000000,unique_roboflow,,0,,resolved,roboflow_auto,unique auto image passed strict QA
,,C:\Users\dharani\Documents\Codex\2026-08-20\roboflow-plugin-roboflow-roboflow-build-a\outputs\egg-tray-counter\datasets\roboflow_auto_original\train\images\WhatsApp-Video-2026-07-03-at-12_02_29-PM_mp4-0002_jpg.rf.6e8e50b131be054389ee3cbe1f43da0b.jpg,870f25b64b84b816a6072acd3c2bb892e7c8a2b99ba2b8b997fa1fa014cc65ba,9aaf32bb7b63d9d9,unique_roboflow,,177,,queued,pending_review,high_overlap_requires_review
,,C:\Users\dharani\Documents\Codex\2026-08-20\roboflow-plugin-roboflow-roboflow-build-a\outputs\egg-tray-counter\datasets\roboflow_auto_original\train\images\WhatsApp-Video-2026-07-03-at-12_04_04-PM_mp4-0006_jpg.rf.9886ed2dfec10774eef8003fd7d1f0f9.jpg,97cc69d82f29ed9f303d0eb23e44307c031c6f8b6fcb395bf4e7bf92a70a9f4d,e09185b434149e9c,unique_roboflow,,480,,queued,pending_review,high_overlap_requires_review
,,C:\Users\dharani\Documents\Codex\2026-08-20\roboflow-plugin-roboflow-roboflow-build-a\outputs\egg-tray-counter\datasets\roboflow_auto_original\train\images\WhatsApp-Video-2026-07-03-at-12_04_04-PM_mp4-0007_jpg.rf.20d915c65b2b01b8e0840aab9bc43b64.jpg,361e107b989621e3fb94f0f946e954c3c0baf1968ab9e400b1db91df92315f5d,991b5b5b7b7b3bb3,unique_roboflow,,560,,queued,pending_review,high_overlap_requires_review
,,C:\Users\dharani\Documents\Codex\2026-08-20\roboflow-plugin-roboflow-roboflow-build-a\outputs\egg-tray-counter\datasets\roboflow_auto_original\train\images\WhatsApp-Video-2026-07-03-at-12_04_04-PM_mp4-0008_jpg.rf.73e96e5cc8f51e0f702c7c7ee787b554.jpg,029e6f6372895c9b34db2e57a9d9130e8fad6597abf1bb0f74bc27c57e9f570f,dccd785fb8f8f070,unique_roboflow,,226,,queued,pending_review,high_overlap_requires_review
,,C:\Users\dharani\Documents\Codex\2026-08-20\roboflow-plugin-roboflow-roboflow-build-a\outputs\egg-tray-counter\datasets\roboflow_auto_original\train\images\WhatsApp-Video-2026-07-03-at-12_04_04-PM_mp4-0009_jpg.rf.deec11cf7f6a01b82210f0232bd74fca.jpg,7ee091602bb701b9c9e821479ac7de1912808139952e3ceaa6b6a48513f275bf,d86e6263622222c2,unique_roboflow,,539,,queued,pending_review,high_overlap_requires_review
,,C:\Users\dharani\Documents\Codex\2026-08-20\roboflow-plugin-roboflow-roboflow-build-a\outputs\egg-tray-counter\datasets\roboflow_auto_original\train\images\WhatsApp-Video-2026-07-03-at-12_04_04-PM_mp4-0011_jpg.rf.83a7872f1d74f285c6fe0ab889b5d4b6.jpg,42063e17a52336d7d5a6edc79f2384f92841b2f9ae820fe7470b06766570127e,afa524a4a4a40e27,unique_roboflow,,300,,queued,pending_review,high_overlap_requires_review
,,C:\Users\dharani\Documents\Codex\2026-08-20\roboflow-plugin-roboflow-roboflow-build-a\outputs\egg-tray-counter\datasets\roboflow_auto_original\train\images\WhatsApp-Video-2026-07-03-at-12_04_04-PM_mp4-0012_jpg.rf.f241184e2856752b6d120be4b752253e.jpg,049c1c5aae7421ccc66ff94dbd139b0de3319ece6f5d743d46a9716375e3ca5a,2dad303212131183,unique_roboflow,,84,,queued,pending_review,high_overlap_requires_review
,,C:\Users\dharani\Documents\Codex\2026-08-20\roboflow-plugin-roboflow-roboflow-build-a\outputs\egg-tray-counter\datasets\roboflow_auto_original\train\images\WhatsApp-Video-2026-07-03-at-12_04_04-PM_mp4-0013_jpg.rf.b9e54de1145edd914fc9b43cfa0fae4c.jpg,e373d02eb50329a7b52fb669eeff8349bdf5f747febca11345cfc95def3a66c2,6929ac630e262707,unique_roboflow,,138,,queued,pending_review,high_overlap_requires_review
,,C:\Users\dharani\Documents\Codex\2026-08-20\roboflow-plugin-roboflow-roboflow-build-a\outputs\egg-tray-counter\datasets\roboflow_auto_original\train\images\WhatsApp-Video-2026-07-03-at-12_04_04-PM_mp4-0014_jpg.rf.94457a5a2ae7831e007eb72a23ae0b24.jpg,f921de61006bdf2b71e0beab5e3126a9b0d522863228564c44aa2c5f4a7af553,292424a5a5868714,unique_roboflow,,266,,queued,pending_review,high_overlap_requires_review
,,C:\Users\dharani\Documents\Codex\2026-08-20\roboflow-plugin-roboflow-roboflow-build-a\outputs\egg-tray-counter\datasets\roboflow_auto_original\train\images\WhatsApp-Video-2026-07-03-at-12_04_04-PM_mp4-0017_jpg.rf.14576c1c4b11175d8cbc824b0359fbe0.jpg,12848f6e985367df647c4af76a5611e68545f10a2a95eb04552a8e5e8b9637e9,8f4f0a1b9c139f02,unique_roboflow,,51,,queued,pending_review,high_overlap_requires_review
,,C:\Users\dharani\Documents\Codex\2026-08-20\roboflow-plugin-roboflow-roboflow-build-a\outputs\egg-tray-counter\datasets\roboflow_auto_original\train\images\WhatsApp-Video-2026-07-03-at-12_04_04-PM_mp4-0018_jpg.rf.8dd29c8725fdd437444fb6fda51b4962.jpg,9183a620fb1d6f45bf1299bca62af403ed7797ccfc67e803602d414682b16c5d,8f2d2b9ad91d1d1d,unique_roboflow,,123,,queued,pending_review,high_overlap_requires_review
471c41d2a954b267a9bf,,C:\Users\dharani\Documents\Codex\2026-08-20\roboflow-plugin-roboflow-roboflow-build-a\outputs\egg-tray-counter\datasets\roboflow_auto_original\train\images\WhatsApp-Video-2026-07-03-at-12_04_04-PM_mp4-0020_jpg.rf.c0bc10f235cb33bd3630bf1b0f60b512.jpg,471c41d2a954b267a9bfe7ac09c89498c395e582f2aa17a6e2af109230c3737e,92c86151c1e51c30,unique_roboflow,,43,,resolved,roboflow_auto,unique auto image passed strict QA
,,C:\Users\dharani\Documents\Codex\2026-08-20\roboflow-plugin-roboflow-roboflow-build-a\outputs\egg-tray-counter\datasets\roboflow_auto_original\train\images\WhatsApp-Video-2026-07-03-at-12_04_04-PM_mp4-0021_jpg.rf.07777cb1b29d3966f202a33ddea0c803.jpg,6afc3af99dba5fa8712095144ca0de8166dbee423acfb22926fb548de6aac286,2a8080a004c23878,unique_roboflow,,13,,queued,pending_review,high_overlap_requires_review
,,C:\Users\dharani\Documents\Codex\2026-08-20\roboflow-plugin-roboflow-roboflow-build-a\outputs\egg-tray-counter\datasets\roboflow_auto_original\train\images\WhatsApp-Video-2026-07-03-at-12_04_04-PM_mp4-0022_jpg.rf.79a3139b96820b884c772987c0caa2e6.jpg,1b4c8c3f37b80c27c6c9cd9d6f5aae9baa32d9a1826b96bbe4bea0231faccaea,b6c7c703930313c7,unique_roboflow,,65,,queued,pending_review,high_overlap_requires_review
f32b812dd65d0c12b803,,C:\Users\dharani\Documents\Codex\2026-08-20\roboflow-plugin-roboflow-roboflow-build-a\outputs\egg-tray-counter\datasets\roboflow_auto_original\train\images\WhatsApp-Video-2026-07-03-at-12_04_04-PM_mp4-0023_jpg.rf.a1f063ea3002613fcd986cb29cbed594.jpg,f32b812dd65d0c12b803c70d4195ab4ff6915dbc822f31b3b6cc05f3cba1a690,7535bd1a185dde3a,unique_roboflow,,6,,resolved,roboflow_auto,unique auto image passed strict QA
8910b133e62daef79399,,C:\Users\dharani\Documents\Codex\2026-08-20\roboflow-plugin-roboflow-roboflow-build-a\outputs\egg-tray-counter\datasets\roboflow_auto_original\train\images\WhatsApp-Video-2026-07-03-at-12_04_04-PM_mp4-0025_jpg.rf.8a65cc44ebac8da669f29ac739b10053.jpg,8910b133e62daef7939983729dca5e8bb943493f31f0af2c17bd4a5042f6d938,a8d45aa9955a6a5c,unique_roboflow,,20,,resolved,roboflow_auto,unique auto image passed strict QA
,,C:\Users\dharani\Documents\Codex\2026-08-20\roboflow-plugin-roboflow-roboflow-build-a\outputs\egg-tray-counter\datasets\roboflow_auto_original\train\images\WhatsApp-Video-2026-07-03-at-12_04_04-PM_mp4-0026_jpg.rf.b148cd36e018e27549a5cb429f1e865c.jpg,9bb9cbc344598fc058061643648ede235f88e9bd53ed5e2780afd4f91a794726,a5d64a2db4d24a5b,unique_roboflow,,32,,queued,pending_review,high_overlap_requires_review
,,C:\Users\dharani\Documents\Codex\2026-08-20\roboflow-plugin-roboflow-roboflow-build-a\outputs\egg-tray-counter\datasets\roboflow_auto_original\train\images\WhatsApp-Video-2026-07-03-at-12_04_04-PM_mp4-0027_jpg.rf.756a2c8fd3c2ef1ab04749ee38f6c23f.jpg,3a303c94001673b4a9a8e58172c8ce4d174f7afbd649a58307db443f491f29a1,d369b6d25e4e3c9c,unique_roboflow,,60,,queued,pending_review,high_overlap_requires_review
9a4d9df01e580da0615f,,C:\Users\dharani\Documents\Codex\2026-08-20\roboflow-plugin-roboflow-roboflow-build-a\outputs\egg-tray-counter\datasets\roboflow_auto_original\train\images\WhatsApp-Video-2026-07-03-at-12_04_04-PM_mp4-0029_jpg.rf.7e9ec22b6ef9c3f0b260f01a180c94ce.jpg,9a4d9df01e580da0615f32d661d188145eb2823f4169e5f5df49a5b7d38830b5,1f8fd7b301191b9b,unique_roboflow,,0,,resolved,roboflow_auto,unique auto image passed strict QA
108fbe48535084f658e4,,C:\Users\dharani\Documents\Codex\2026-08-20\roboflow-plugin-roboflow-roboflow-build-a\outputs\egg-tray-counter\datasets\roboflow_auto_original\train\images\WhatsApp-Video-2026-07-03-at-12_04_04-PM_mp4-0031_jpg.rf.d4747b990c05030f8de522443635d56d.jpg,108fbe48535084f658e410b9e4f4a1cf35d770ac574a24cf837af1e3e8b22177,1f1fdfb1101909c9,unique_roboflow,,0,,resolved,roboflow_auto,unique auto image passed strict QA
,,C:\Users\dharani\Documents\Codex\2026-08-20\roboflow-plugin-roboflow-roboflow-build-a\outputs\egg-tray-counter\datasets\roboflow_auto_original\train\images\WhatsApp-Video-2026-07-03-at-12_04_04-PM_mp4-0032_jpg.rf.1343bc77c14675d065fc9593af308701.jpg,209264aef891f8b983035d69976c3c4bc12049c6ca396cf28d9cae215a93f049,f67b797eb29bcd4c,unique_roboflow,,557,,queued,pending_review,high_overlap_requires_review
,,C:\Users\dharani\Documents\Codex\2026-08-20\roboflow-plugin-roboflow-roboflow-build-a\outputs\egg-tray-counter\datasets\roboflow_auto_original\train\images\WhatsApp-Video-2026-07-03-at-12_04_04-PM_mp4-0033_jpg.rf.0d8f742b966ccf6c5a614a5b75630bb6.jpg,18376b1c6de546cdff6cba4cfada1898ff85546cbf4673bcfe18df1131cd5358,538303138340969e,unique_roboflow,,141,,queued,pending_review,high_overlap_requires_review
,,C:\Users\dharani\Documents\Codex\2026-08-20\roboflow-plugin-roboflow-roboflow-build-a\outputs\egg-tray-counter\datasets\roboflow_auto_original\valid\images\WhatsApp-Image-2026-07-03-at-11-57-01-AM_jpeg.rf.8fd9d5768a723800a19282f10d944ad4.jpg,89b1950dd27cf959de06d417839375b3242a4dc0c35a9f18c5768cfe8341671a,ff72e47372765eff,unique_roboflow,,221,,queued,pending_review,high_overlap_requires_review
,,C:\Users\dharani\Documents\Codex\2026-08-20\roboflow-plugin-roboflow-roboflow-build-a\outputs\egg-tray-counter\datasets\roboflow_auto_original\valid\images\WhatsApp-Image-2026-07-03-at-11-57-09-AM_jpeg.rf.11f6a5b159fe71280f0a0a8a4edf43c0.jpg,91d49b5a7b433fe57d99ece30e91e710fbc4ca377163402c3538c5bc6b24a710,372d2d2d248cbcb5,unique_roboflow,,326,,queued,pending_review,high_overlap_requires_review
,,C:\Users\dharani\Documents\Codex\2026-08-20\roboflow-plugin-roboflow-roboflow-build-a\outputs\egg-tray-counter\datasets\roboflow_auto_original\valid\images\WhatsApp-Image-2026-07-03-at-11-57-18-AM_jpeg.rf.9d0d4e325e41620131413d23287ddcec.jpg,d48971dcfffdfbf9d66290efd511e90c21852e55fbc58a38274f43be2e452bdf,0d0d1d1c0d0d0d49,unique_roboflow,,442,,queued,pending_review,high_overlap_requires_review
,,C:\Users\dharani\Documents\Codex\2026-08-20\roboflow-plugin-roboflow-roboflow-build-a\outputs\egg-tray-counter\datasets\roboflow_auto_original\valid\images\WhatsApp-Image-2026-07-03-at-11-57-23-AM-1-_jpeg.rf.b0ba7196a596c3292c01cdddbd625ef9.jpg,6def0dddb85c997c2d67ef47e4b84a9438075405515f1a257312b1f163bd696b,050404060602023e,unique_roboflow,,511,,queued,pending_review,high_overlap_requires_review
,,C:\Users\dharani\Documents\Codex\2026-08-20\roboflow-plugin-roboflow-roboflow-build-a\outputs\egg-tray-counter\datasets\roboflow_auto_original\valid\images\WhatsApp-Image-2026-07-03-at-11-57-34-AM_jpeg.rf.73e96dcb97f9b166513b23353f544555.jpg,866207b0c8603e707cf44726b89893b49aee9ab5c05627ba9ffe9f491e5ad934,fffff7d4d450534f,unique_roboflow,,557,,queued,pending_review,high_overlap_requires_review
,,C:\Users\dharani\Documents\Codex\2026-08-20\roboflow-plugin-roboflow-roboflow-build-a\outputs\egg-tray-counter\datasets\roboflow_auto_original\valid\images\WhatsApp-Image-2026-07-03-at-11-57-37-AM-1-_jpeg.rf.c9c8e5ec57daf6a558f129e22039560c.jpg,731640bbe3f43acd53010d47109dd7205efeff1360c25cfd6503b1ed56a588b8,fbffe7f1a8f8519f,unique_roboflow,,506,,queued,pending_review,high_overlap_requires_review
,,C:\Users\dharani\Documents\Codex\2026-08-20\roboflow-plugin-roboflow-roboflow-build-a\outputs\egg-tray-counter\datasets\roboflow_auto_original\valid\images\WhatsApp-Image-2026-07-03-at-11-57-51-AM_jpeg.rf.6e0fa4b3b6442688351b6b56fdc510e7.jpg,102a03dc97513dd90aed145b10f76d82cc2648492203c94c1401172593a0bffb,422b52d2ceb1fc3c,unique_roboflow,,563,,queued,pending_review,high_overlap_requires_review
,,C:\Users\dharani\Documents\Codex\2026-08-20\roboflow-plugin-roboflow-roboflow-build-a\outputs\egg-tray-counter\datasets\roboflow_auto_original\valid\images\WhatsApp-Image-2026-07-03-at-11-57-54-AM_jpeg.rf.7d5aaea9a4176a80eebddcef3cc9e4d6.jpg,e558b1c1c026559e02ce2162318ab81221976d87544ee2522c2abd9b4cc0be1f,ff3f1f0f5fe5f4e1,unique_roboflow,,371,,queued,pending_review,high_overlap_requires_review
,,C:\Users\dharani\Documents\Codex\2026-08-20\roboflow-plugin-roboflow-roboflow-build-a\outputs\egg-tray-counter\datasets\roboflow_auto_original\valid\images\WhatsApp-Image-2026-07-03-at-11-57-55-AM_jpeg.rf.b109f38f4916222bcf37c4cd841d587e.jpg,a094b4d5d488e1d92b4ad27bda99fbbb4ab14164ebc96d0d2a9b60005cc61e62,1d84a5a5adad3903,unique_roboflow,,494,,queued,pending_review,high_overlap_requires_review
,,C:\Users\dharani\Documents\Codex\2026-08-20\roboflow-plugin-roboflow-roboflow-build-a\outputs\egg-tray-counter\datasets\roboflow_auto_original\valid\images\WhatsApp-Image-2026-07-03-at-11-58-00-AM_jpeg.rf.703d4cbe7d77b687deefa99b683e7902.jpg,a1f94a10a26784a3c5972e18da18884a589cf0847aec5db7c48ffd03b7c736e5,1000101414d4b632,unique_roboflow,,396,,queued,pending_review,high_overlap_requires_review
,,C:\Users\dharani\Documents\Codex\2026-08-20\roboflow-plugin-roboflow-roboflow-build-a\outputs\egg-tray-counter\datasets\roboflow_auto_original\valid\images\WhatsApp-Image-2026-07-03-at-11-58-02-AM_jpeg.rf.e978e0b3d0b2360305d17d207a48ebdb.jpg,42668011bb630e2f2d9a0c4a493bd4b2c27abf7139ec5a25e0d90c0815df2e1c,1f13113131659cbf,unique_roboflow,,564,,queued,pending_review,high_overlap_requires_review
,,C:\Users\dharani\Documents\Codex\2026-08-20\roboflow-plugin-roboflow-roboflow-build-a\outputs\egg-tray-counter\datasets\roboflow_auto_original\valid\images\WhatsApp-Image-2026-07-03-at-11-58-07-AM_jpeg.rf.e4c3134c30549a258ea30c24eca6c301.jpg,acaf48e136f2d16f0df0c4babe23dd8cfd1979895dda95e2b38ce322ac67ca17,fff7676a6a62c7c7,unique_roboflow,,386,,queued,pending_review,high_overlap_requires_review
,,C:\Users\dharani\Documents\Codex\2026-08-20\roboflow-plugin-roboflow-roboflow-build-a\outputs\egg-tray-counter\datasets\roboflow_auto_original\valid\images\WhatsApp-Image-2026-07-03-at-11-58-08-AM_jpeg.rf.db8a82d48ef896dfa8d836e3f0044ced.jpg,e1a3db84f0d2617f99842e75014def2921a719970cf9093cb9c1d4a1dfdc55d2,0b233b6aa02440c4,unique_roboflow,,378,,queued,pending_review,high_overlap_requires_review
e9378d1f67ef0c79243b,,C:\Users\dharani\Documents\Codex\2026-08-20\roboflow-plugin-roboflow-roboflow-build-a\outputs\egg-tray-counter\datasets\roboflow_auto_original\valid\images\WhatsApp-Image-2026-07-03-at-11-58-22-AM_jpeg.rf.62436941ab432aea295d52e47884d82a.jpg,e9378d1f67ef0c79243bd5f248239daeb1b2d4c0fde54f87081d216834dd0ce0,9fb53475b445be23,unique_roboflow,,0,,resolved,roboflow_auto,unique auto image passed strict QA
36dccd6307a7fbd801d3,,C:\Users\dharani\Documents\Codex\2026-08-20\roboflow-plugin-roboflow-roboflow-build-a\outputs\egg-tray-counter\datasets\roboflow_auto_original\valid\images\WhatsApp-Image-2026-07-03-at-11-58-23-AM_jpeg.rf.e9169b684373a49f03a0e570650009fa.jpg,36dccd6307a7fbd801d37f516bb929017e0b0bf979539c2a248a5657079ce417,07c78e4c81c84b40,unique_roboflow,,6,,resolved,roboflow_auto,unique auto image passed strict QA
,,C:\Users\dharani\Documents\Codex\2026-08-20\roboflow-plugin-roboflow-roboflow-build-a\outputs\egg-tray-counter\datasets\roboflow_auto_original\valid\images\WhatsApp-Image-2026-07-03-at-11-58-28-AM_jpeg.rf.407ade82b085c917295cbba711e7059d.jpg,e0d278a12a54b6f45e96fd8071c6930af16c1639865f523866ff24e6cf783bdb,ebabababab2b2bca,unique_roboflow,,656,,queued,pending_review,high_overlap_requires_review
,,C:\Users\dharani\Documents\Codex\2026-08-20\roboflow-plugin-roboflow-roboflow-build-a\outputs\egg-tray-counter\datasets\roboflow_auto_original\valid\images\WhatsApp-Image-2026-07-03-at-11-58-30-AM-1-_jpeg.rf.2c92f177217af1d47f1508845ecfa28e.jpg,b12845697d6fb42f413a8f5e13f2d9e277156f63ea174583194b08ff31cc48b7,521afa3a3b1b4931,unique_roboflow,,450,,queued,pending_review,high_overlap_requires_review
,,C:\Users\dharani\Documents\Codex\2026-08-20\roboflow-plugin-roboflow-roboflow-build-a\outputs\egg-tray-counter\datasets\roboflow_auto_original\valid\images\WhatsApp-Image-2026-07-03-at-11-58-32-AM-1-_jpeg.rf.132fbe4b8eec7a2aa577df05f84b9956.jpg,416b43587170fe0cba4e231d8c854b92b844c3b8d341dee185c9efdd75df5f16,d3d3c5c6a4892424,unique_roboflow,,559,,queued,pending_review,high_overlap_requires_review
,,C:\Users\dharani\Documents\Codex\2026-08-20\roboflow-plugin-roboflow-roboflow-build-a\outputs\egg-tray-counter\datasets\roboflow_auto_original\valid\images\WhatsApp-Image-2026-07-03-at-11-58-38-AM_jpeg.rf.73217150e24056996196de5c9355a323.jpg,fba0b083ee5f4a5169e7333382b2af5e81038f90e37b78ebc83f6e9c904eff09,0981811052524b4d,unique_roboflow,,547,,queued,pending_review,high_overlap_requires_review
,,C:\Users\dharani\Documents\Codex\2026-08-20\roboflow-plugin-roboflow-roboflow-build-a\outputs\egg-tray-counter\datasets\roboflow_auto_original\valid\images\WhatsApp-Image-2026-07-03-at-11-58-40-AM_jpeg.rf.faefebf9135bef58fe81417ff90627d3.jpg,d744be20192000c30ba3c41a7ada1e27d1d1fb5527dac5e5af48237ae2001d5a,969696969692d14e,unique_roboflow,,379,,queued,pending_review,high_overlap_requires_review
,,C:\Users\dharani\Documents\Codex\2026-08-20\roboflow-plugin-roboflow-roboflow-build-a\outputs\egg-tray-counter\datasets\roboflow_auto_original\valid\images\WhatsApp-Image-2026-07-03-at-11-58-42-AM_jpeg.rf.6d90874d54ac7e0899f1da4211cf7194.jpg,1cfcdf26a22c859960581c31b00fcad3bb84b91d29e048398385e027dfcd317a,4050d0d0c09880b8,unique_roboflow,,171,,queued,pending_review,high_overlap_requires_review
01297a74fd3883320f92,,C:\Users\dharani\Documents\Codex\2026-08-20\roboflow-plugin-roboflow-roboflow-build-a\outputs\egg-tray-counter\datasets\roboflow_auto_original\valid\images\WhatsApp-Image-2026-07-03-at-11-59-01-AM-1-_jpeg.rf.47baf47ca6cefb47063669354d52a7ca.jpg,01297a74fd3883320f92da1863b4da5fc8dd6c88378b358af972e348926da19a,d1215ddda30f8c8c,unique_roboflow,,0,,resolved,roboflow_auto,unique auto image passed strict QA
dac9d06e8ca1482d0c9f,,C:\Users\dharani\Documents\Codex\2026-08-20\roboflow-plugin-roboflow-roboflow-build-a\outputs\egg-tray-counter\datasets\roboflow_auto_original\valid\images\WhatsApp-Image-2026-07-03-at-11-59-09-AM_jpeg.rf.065c58edae30d0fe118bc2809cc7dd17.jpg,dac9d06e8ca1482d0c9f8b7f16c4b305c853e25f9ff83da7ecd11212c1f22e30,0042636343818909,unique_roboflow,,0,,resolved,roboflow_auto,unique auto image passed strict QA
,,C:\Users\dharani\Documents\Codex\2026-08-20\roboflow-plugin-roboflow-roboflow-build-a\outputs\egg-tray-counter\datasets\roboflow_auto_original\valid\images\WhatsApp-Image-2026-07-03-at-12-00-25-PM-1-_jpeg.rf.5e9718dfbee8ce64f1070d67f11fa3d8.jpg,efbe72b203a4c3cf46618b4da1669e7f980788bc21704dd752809af2d2b7c1f5,fff884f8e050f490,unique_roboflow,,43,,queued,pending_review,high_overlap_requires_review
,,C:\Users\dharani\Documents\Codex\2026-08-20\roboflow-plugin-roboflow-roboflow-build-a\outputs\egg-tray-counter\datasets\roboflow_auto_original\valid\images\WhatsApp-Image-2026-07-03-at-12-00-31-PM_jpeg.rf.bd63617b654179cd6c79b85cc3419257.jpg,b0ae93a34b11e14ff14d96becbf047d534d3ceab64350965d161e76bac8c7bfa,3d3f0e1c1e1b1909,unique_roboflow,,193,,queued,pending_review,high_overlap_requires_review
609a1fa6603c84fd608f,,C:\Users\dharani\Documents\Codex\2026-08-20\roboflow-plugin-roboflow-roboflow-build-a\outputs\egg-tray-counter\datasets\roboflow_auto_original\valid\images\WhatsApp-Image-2026-07-03-at-12-00-35-PM-1-_jpeg.rf.3f40af2ef32cd568c7dc905de5e9207c.jpg,609a1fa6603c84fd608fa9bf7dd28766e889d02381a74766c78b57a35b38b8f8,05851f9f9f0f2727,unique_roboflow,,1,,resolved,roboflow_auto,unique auto image passed strict QA
,,C:\Users\dharani\Documents\Codex\2026-08-20\roboflow-plugin-roboflow-roboflow-build-a\outputs\egg-tray-counter\datasets\roboflow_auto_original\valid\images\WhatsApp-Image-2026-07-03-at-12-00-38-PM-2-_jpeg.rf.c5ff09002b921d03e5d7f773c55b8bcd.jpg,586e88b6f438112eb0b262c4faef76eaf36ba0a2beb355f543d3cfd721036c1a,f73b871392c20f23,unique_roboflow,,129,,queued,pending_review,high_overlap_requires_review
,,C:\Users\dharani\Documents\Codex\2026-08-20\roboflow-plugin-roboflow-roboflow-build-a\outputs\egg-tray-counter\datasets\roboflow_auto_original\valid\images\WhatsApp-Image-2026-07-03-at-12-00-42-PM-1-_jpeg.rf.93143935d67cb3ebeeee9f1797d7d19d.jpg,ace931de7930419080f335b0af4bfa0b48e1dadc1023b1a86b163c58b56c05f0,37aaaaaaababab33,unique_roboflow,,452,,queued,pending_review,high_overlap_requires_review
,,C:\Users\dharani\Documents\Codex\2026-08-20\roboflow-plugin-roboflow-roboflow-build-a\outputs\egg-tray-counter\datasets\roboflow_auto_original\valid\images\WhatsApp-Image-2026-07-03-at-12-00-42-PM-2-_jpeg.rf.4f267d53b7c76f8b5175e80d720f7b88.jpg,0c6115d2f4da5b7b8c58d203f8662edc799702d6c5a85244ee2848160da49eb1,1d19179f0707e7a7,unique_roboflow,,131,,queued,pending_review,high_overlap_requires_review
,,C:\Users\dharani\Documents\Codex\2026-08-20\roboflow-plugin-roboflow-roboflow-build-a\outputs\egg-tray-counter\datasets\roboflow_auto_original\valid\images\WhatsApp-Image-2026-07-03-at-12-00-44-PM-1-_jpeg.rf.1f718464056ee942f1f3de4610c70811.jpg,fa34270a628c8c86d100048175b861a767c33e27cfe0ff4c274a024c391fec50,3d191f5f97175757,unique_roboflow,,149,,queued,pending_review,high_overlap_requires_review
,,C:\Users\dharani\Documents\Codex\2026-08-20\roboflow-plugin-roboflow-roboflow-build-a\outputs\egg-tray-counter\datasets\roboflow_auto_original\valid\images\WhatsApp-Image-2026-07-03-at-12-00-53-PM-1-_jpeg.rf.81e79427efe74843b74cceb6226d64f3.jpg,65f229826085c41d964f77c5e4f5c3cc98ccb7b1d59c96db6df1e9d9d47d43f2,d1d17241fac3c29a,unique_roboflow,,138,,queued,pending_review,high_overlap_requires_review
,,C:\Users\dharani\Documents\Codex\2026-08-20\roboflow-plugin-roboflow-roboflow-build-a\outputs\egg-tray-counter\datasets\roboflow_auto_original\valid\images\WhatsApp-Image-2026-07-03-at-12-00-55-PM-1-_jpeg.rf.f36e73b052fad4df9f3de132cb712bfc.jpg,0eed349d4da9c894e755f0a07c895c715cda42a0ace7524db4254cd474602505,5624398329384644,unique_roboflow,,264,,queued,pending_review,high_overlap_requires_review
,,C:\Users\dharani\Documents\Codex\2026-08-20\roboflow-plugin-roboflow-roboflow-build-a\outputs\egg-tray-counter\datasets\roboflow_auto_original\valid\images\WhatsApp-Image-2026-07-03-at-12-00-59-PM_jpeg.rf.b84f49e5df48cd51ae6921c0d8c005c8.jpg,7bb1639b406fb2ac10883919074cea06978302ed3c079617f945c5c9a0eff90d,2b5b5b5859d755dd,unique_roboflow,,400,,queued,pending_review,high_overlap_requires_review
ebe7da7d223bbf618f0f,,C:\Users\dharani\Documents\Codex\2026-08-20\roboflow-plugin-roboflow-roboflow-build-a\outputs\egg-tray-counter\datasets\roboflow_auto_original\valid\images\WhatsApp-Image-2026-07-03-at-12-01-02-PM-2-_jpeg.rf.c0c7ff8b59c8c866ddcb679e61698fc8.jpg,ebe7da7d223bbf618f0fa39f86cb7dc6a4dc3b8efb7ed4c99a1f5c3789af5e59,1f4bd3d1b3b397fb,unique_roboflow,,0,,resolved,roboflow_auto,unique auto image passed strict QA
9891b5fd28330278f910,,C:\Users\dharani\Documents\Codex\2026-08-20\roboflow-plugin-roboflow-roboflow-build-a\outputs\egg-tray-counter\datasets\roboflow_auto_original\valid\images\WhatsApp-Image-2026-07-03-at-12-01-02-PM_jpeg.rf.60c82754a7a965381be390e4bc1f36a6.jpg,9891b5fd28330278f910ef8e9b035b7a6ad7545b4166e07aa782565f86f145cf,241a0e27204e5641,unique_roboflow,,0,,resolved,roboflow_auto,unique auto image passed strict QA
e93c6f4c51053e7108cf,,C:\Users\dharani\Documents\Codex\2026-08-20\roboflow-plugin-roboflow-roboflow-build-a\outputs\egg-tray-counter\datasets\roboflow_auto_original\valid\images\WhatsApp-Image-2026-07-03-at-12-01-04-PM_jpeg.rf.12c5641153dd7d6be3fc4664b6cb4c8a.jpg,e93c6f4c51053e7108cfb6b5d9a876c0186d49218ec0f9b7cec48c11df8fb17a,c10b167371d4d6f6,unique_roboflow,,0,,resolved,roboflow_auto,unique auto image passed strict QA
afce8c7e5a63fb24471b,,C:\Users\dharani\Documents\Codex\2026-08-20\roboflow-plugin-roboflow-roboflow-build-a\outputs\egg-tray-counter\datasets\roboflow_auto_original\valid\images\WhatsApp-Image-2026-07-03-at-12-01-14-PM_jpeg.rf.5a4e89ee02db80b0030802e92b8132ef.jpg,afce8c7e5a63fb24471b3680bec66bce323c2d808e562fb6899eecbd11b7da64,df9d0d6666a82840,unique_roboflow,,0,,resolved,roboflow_auto,unique auto image passed strict QA
,,C:\Users\dharani\Documents\Codex\2026-08-20\roboflow-plugin-roboflow-roboflow-build-a\outputs\egg-tray-counter\datasets\roboflow_auto_original\valid\images\WhatsApp-Image-2026-07-03-at-12-01-18-PM_jpeg.rf.ca513aa81e898297a64eb4a4a2198ab0.jpg,f3f3fd28202e3ad9dbdb2b71bd910dcc334b91ac39a31b32457cfae69389f68b,0f9ff3f3626941d0,unique_roboflow,,54,,queued,pending_review,high_overlap_requires_review
,,C:\Users\dharani\Documents\Codex\2026-08-20\roboflow-plugin-roboflow-roboflow-build-a\outputs\egg-tray-counter\datasets\roboflow_auto_original\valid\images\WhatsApp-Image-2026-07-03-at-12-01-19-PM_jpeg.rf.6f91096794f77a7bde6c9107715364f3.jpg,a3ebd4e0bace6ce08293b7775a62e78cce30a23a712974244de0c39542959eea,1672f0c0e0b6262e,unique_roboflow,,274,,queued,pending_review,high_overlap_requires_review
0ed3cb7f3aa5427610af,,C:\Users\dharani\Documents\Codex\2026-08-20\roboflow-plugin-roboflow-roboflow-build-a\outputs\egg-tray-counter\datasets\roboflow_auto_original\valid\images\WhatsApp-Image-2026-07-03-at-12-02-46-PM-1-_jpeg.rf.e909ab617375c14f9b6467db1d175e5d.jpg,0ed3cb7f3aa5427610af108a6b8783f9dc1329156b08b2e7247ade6a8b2e2371,0305143c66757575,unique_roboflow,,4,,resolved,roboflow_auto,unique auto image passed strict QA
,,C:\Users\dharani\Documents\Codex\2026-08-20\roboflow-plugin-roboflow-roboflow-build-a\outputs\egg-tray-counter\datasets\roboflow_auto_original\valid\images\WhatsApp-Image-2026-07-03-at-12-02-50-PM_jpeg.rf.712010113521a2d60dc1a342b6b44d4f.jpg,be60523654bb25bd921cf7e2a01e11a36fb6f0b9df0ae17165b3f159fdb85c96,8f1713302086ae2e,unique_roboflow,,274,,queued,pending_review,high_overlap_requires_review
,,C:\Users\dharani\Documents\Codex\2026-08-20\roboflow-plugin-roboflow-roboflow-build-a\outputs\egg-tray-counter\datasets\roboflow_auto_original\valid\images\WhatsApp-Image-2026-07-03-at-12-03-00-PM-1-_jpeg.rf.1db4cc2d449dac6cf356f1a07d8a6ebc.jpg,ecbcd28f650255a9ce5631972fa62965ca53de45da73980eb13037aced5b3273,b3b3d1514cd6ce6a,unique_roboflow,,289,,queued,pending_review,high_overlap_requires_review
,,C:\Users\dharani\Documents\Codex\2026-08-20\roboflow-plugin-roboflow-roboflow-build-a\outputs\egg-tray-counter\datasets\roboflow_auto_original\valid\images\WhatsApp-Image-2026-07-03-at-12-03-01-PM-1-_jpeg.rf.434f5f71c83e38597c9e7791a8bcbd0f.jpg,6a0c9c54847b71819d85282076a016a73d4e2ffd521879fc77198e57df90588b,a88cd599831a1987,unique_roboflow,,356,,queued,pending_review,high_overlap_requires_review
,,C:\Users\dharani\Documents\Codex\2026-08-20\roboflow-plugin-roboflow-roboflow-build-a\outputs\egg-tray-counter\datasets\roboflow_auto_original\valid\images\WhatsApp-Image-2026-07-03-at-12-03-03-PM-1-_jpeg.rf.2cce107a9605fffd6c15e14980c5cdc6.jpg,3cfdfe54a965052c5ff689ea3e07fa1fb1e7d99bfcf0f1ed14bef7997feb7277,c757d793db0e8f8d,unique_roboflow,,266,,queued,pending_review,high_overlap_requires_review
,,C:\Users\dharani\Documents\Codex\2026-08-20\roboflow-plugin-roboflow-roboflow-build-a\outputs\egg-tray-counter\datasets\roboflow_auto_original\valid\images\WhatsApp-Image-2026-07-03-at-12-03-06-PM-1-_jpeg.rf.aa4d8f4c50b925d812de85b90ca4019a.jpg,3b8346d82e757b69607174760a4fd8b25aded1ee1b789766e08997a6fca31417,809931f0e0e03230,unique_roboflow,,342,,queued,pending_review,high_overlap_requires_review
,,C:\Users\dharani\Documents\Codex\2026-08-20\roboflow-plugin-roboflow-roboflow-build-a\outputs\egg-tray-counter\datasets\roboflow_auto_original\valid\images\WhatsApp-Image-2026-07-03-at-12-03-06-PM_jpeg.rf.ebf462ca13c5e98ce01203b91ad32cd3.jpg,5cd19d37d57e8e98f0d0ec7d551e2da9f3cecc4315452913b1b1227045d48e9c,1f0f2f0b0bcbffe2,unique_roboflow,,377,,queued,pending_review,high_overlap_requires_review
,,C:\Users\dharani\Documents\Codex\2026-08-20\roboflow-plugin-roboflow-roboflow-build-a\outputs\egg-tray-counter\datasets\roboflow_auto_original\valid\images\WhatsApp-Image-2026-07-03-at-12-03-08-PM-1-_jpeg.rf.f5ae9bc099ef779f213119f696a23512.jpg,022f0b0b4dea0d40d89194ffcbc56da8bfa211c0a958e252ffce79ef40423df6,d3c1e1e0623cc307,unique_roboflow,,288,,queued,pending_review,high_overlap_requires_review
,,C:\Users\dharani\Documents\Codex\2026-08-20\roboflow-plugin-roboflow-roboflow-build-a\outputs\egg-tray-counter\datasets\roboflow_auto_original\valid\images\WhatsApp-Image-2026-07-03-at-12-03-10-PM_jpeg.rf.3267148503477d150eb7fef51e7a93ac.jpg,1f054be3430bca8b97f56d484b2c6fc1d62551d99655143e3be163880bd66842,44708999f890983a,unique_roboflow,,329,,queued,pending_review,high_overlap_requires_review
,,C:\Users\dharani\Documents\Codex\2026-08-20\roboflow-plugin-roboflow-roboflow-build-a\outputs\egg-tray-counter\datasets\roboflow_auto_original\valid\images\WhatsApp-Image-2026-07-03-at-12-03-11-PM_jpeg.rf.9e28e7e88ddced105b13fab2d4c08562.jpg,493e253ccf804dcb61d1633223da645ca2e0c0954147939035c0cfa5bc360f95,0f041e9e9a0b9d84,unique_roboflow,,310,,queued,pending_review,high_overlap_requires_review
,,C:\Users\dharani\Documents\Codex\2026-08-20\roboflow-plugin-roboflow-roboflow-build-a\outputs\egg-tray-counter\datasets\roboflow_auto_original\valid\images\WhatsApp-Image-2026-07-03-at-12-03-12-PM_jpeg.rf.d37c581b12a85243cf2a7d7be322f184.jpg,c1938380524aceb1cd2c234cbb12e3dec9d3b4d502b9a2ffa5fa93c81ed69385,d3c3e1e2623cc301,unique_roboflow,,335,,queued,pending_review,high_overlap_requires_review
,,C:\Users\dharani\Documents\Codex\2026-08-20\roboflow-plugin-roboflow-roboflow-build-a\outputs\egg-tray-counter\datasets\roboflow_auto_original\valid\images\WhatsApp-Image-2026-07-03-at-12-03-15-PM_jpeg.rf.e84cc41b0a030c93430484eb7c1b51d6.jpg,1d9d169a7e53949f4a369871bee8a3c4d93d29df41cf04b31f94121c8ac13b49,7fffdfdfd7ff7d77,unique_roboflow,,635,,queued,pending_review,high_overlap_requires_review
,,C:\Users\dharani\Documents\Codex\2026-08-20\roboflow-plugin-roboflow-roboflow-build-a\outputs\egg-tray-counter\datasets\roboflow_auto_original\valid\images\WhatsApp-Image-2026-07-03-at-12-03-16-PM-1-_jpeg.rf.97f22c08a79d1db413b31ae92101b867.jpg,549edb8e9e7a82ead69c090360a54871caf3e6df10d8c69174f54a820c9b7157,ffbf8f8e6dc16338,unique_roboflow,,236,,queued,pending_review,high_overlap_requires_review
,,C:\Users\dharani\Documents\Codex\2026-08-20\roboflow-plugin-roboflow-roboflow-build-a\outputs\egg-tray-counter\datasets\roboflow_auto_original\valid\images\WhatsApp-Image-2026-07-03-at-12-03-18-PM_jpeg.rf.f706281055622c0c4dc1dcc7a4f9da81.jpg,db2868c26a9b34e92d0e5578c5661b5f26ea9c2c320eb2974ce7636f53c2c23e,02627246b81c1e2f,unique_roboflow,,103,,queued,pending_review,high_overlap_requires_review
,,C:\Users\dharani\Documents\Codex\2026-08-20\roboflow-plugin-roboflow-roboflow-build-a\outputs\egg-tray-counter\datasets\roboflow_auto_original\valid\images\WhatsApp-Image-2026-07-03-at-12-03-19-PM_jpeg.rf.c135c8d3c8f38f1dbf0c9080af1e52f1.jpg,3c54f4acbec22d54c68ce8698da98cf67996627109a6ef36d27bedaa4a7ba6fa,abc50f7c5c4c4871,unique_roboflow,,367,,queued,pending_review,high_overlap_requires_review
,,C:\Users\dharani\Documents\Codex\2026-08-20\roboflow-plugin-roboflow-roboflow-build-a\outputs\egg-tray-counter\datasets\roboflow_auto_original\valid\images\WhatsApp-Image-2026-07-03-at-12-03-37-PM_jpeg.rf.c657c0be1c57df933777a10c7aaa107d.jpg,b9482bca78ed3a8d4ed2ba19b6c9ba7c084bc9b0018b7a2ab2c1933d2b7f2ceb,263633231b9c94ca,unique_roboflow,,564,,queued,pending_review,high_overlap_requires_review
dc2db98845872b41b4b9,,C:\Users\dharani\Documents\Codex\2026-08-20\roboflow-plugin-roboflow-roboflow-build-a\outputs\egg-tray-counter\datasets\roboflow_auto_original\valid\images\WhatsApp-Video-2026-07-03-at-12_04_04-PM_mp4-0003_jpg.rf.2d589860d506e3e016a0dd0a9f545e2e.jpg,dc2db98845872b41b4b947200f03180aed83e5d9752b57d363504df76d49d3b6,2444810060672408,unique_roboflow,,10,,resolved,roboflow_auto,unique auto image passed strict QA
,,C:\Users\dharani\Documents\Codex\2026-08-20\roboflow-plugin-roboflow-roboflow-build-a\outputs\egg-tray-counter\datasets\roboflow_auto_original\valid\images\WhatsApp-Video-2026-07-03-at-12_04_04-PM_mp4-0015_jpg.rf.89a49311542325249ac9baf977b27cea.jpg,02da779a2bcadac0705dffed1f984114c7fea16d01e18c512d281e5ec48496d4,df496c6666662424,unique_roboflow,,330,,queued,pending_review,high_overlap_requires_review
,,C:\Users\dharani\Documents\Codex\2026-08-20\roboflow-plugin-roboflow-roboflow-build-a\outputs\egg-tray-counter\datasets\roboflow_auto_original\valid\images\WhatsApp-Video-2026-07-03-at-12_04_04-PM_mp4-0019_jpg.rf.db87e1d6419c7e2af1f85cde7ef7bb9c.jpg,f9ea96989ace8779622f67d08e2fb40be63bb1d9617deaa30944d89fde9da827,242064410b37373f,unique_roboflow,,63,,queued,pending_review,high_overlap_requires_review
fc31b5da0c395f550cde,,C:\Users\dharani\Documents\Codex\2026-08-20\roboflow-plugin-roboflow-roboflow-build-a\outputs\egg-tray-counter\datasets\roboflow_auto_original\valid\images\WhatsApp-Video-2026-07-03-at-12_04_04-PM_mp4-0024_jpg.rf.79daad203d59fb05b30dcab38876bdcf.jpg,fc31b5da0c395f550cde64042b1a59b9c9600b592e029dc153fcb1653a761903,332303c383676312,unique_roboflow,,11,,resolved,roboflow_auto,unique auto image passed strict QA
9d0b24d779e80cbbad2d,,C:\Users\dharani\Documents\Codex\2026-08-20\roboflow-plugin-roboflow-roboflow-build-a\outputs\egg-tray-counter\datasets\roboflow_auto_original\valid\images\WhatsApp-Video-2026-07-03-at-12_04_04-PM_mp4-0028_jpg.rf.19acc094107ba750a2cbf613bce8115c.jpg,9d0b24d779e80cbbad2de81bcb3dfe4b96899cbdeb7b8d626f1615b4c9f6937f,1f96b198080c0dd9,unique_roboflow,,2,,resolved,roboflow_auto,unique auto image passed strict QA
,,C:\Users\dharani\Documents\Codex\2026-08-20\roboflow-plugin-roboflow-roboflow-build-a\outputs\egg-tray-counter\datasets\roboflow_auto_original\test\images\WhatsApp-Image-2026-07-03-at-11-56-57-AM_jpeg.rf.89f4bc4ee2c7c1dd04d5a124ecec90b9.jpg,1fbeaaadcf750a9638f00aefc151ad859bf1ddb79f08ec890939d87bced63623,4309939684ccdbd9,unique_roboflow,,46,,queued,pending_review,high_overlap_requires_review
,,C:\Users\dharani\Documents\Codex\2026-08-20\roboflow-plugin-roboflow-roboflow-build-a\outputs\egg-tray-counter\datasets\roboflow_auto_original\test\images\WhatsApp-Image-2026-07-03-at-11-57-17-AM-1-_jpeg.rf.5b18e00a13e48d296d71f89970e3ed47.jpg,b6db47b83e08d455b46bba928ed6ddf3e87d79fd201ac2557615dc3a2d27d252,351412cfe32579cf,unique_roboflow,,272,,queued,pending_review,high_overlap_requires_review
,,C:\Users\dharani\Documents\Codex\2026-08-20\roboflow-plugin-roboflow-roboflow-build-a\outputs\egg-tray-counter\datasets\roboflow_auto_original\test\images\WhatsApp-Image-2026-07-03-at-11-57-19-AM_jpeg.rf.feb2d66882a2a76010cf40c7331b9e23.jpg,f356d7d8c748ff15a81681c5284c027e02707148aa7764fff639aa5191fc1688,0f070703238b0e0e,unique_roboflow,,419,,queued,pending_review,high_overlap_requires_review
,,C:\Users\dharani\Documents\Codex\2026-08-20\roboflow-plugin-roboflow-roboflow-build-a\outputs\egg-tray-counter\datasets\roboflow_auto_original\test\images\WhatsApp-Image-2026-07-03-at-11-57-53-AM_jpeg.rf.01f702d71d338753e3df2c21053f365b.jpg,1b0cf966ef17b99a76a69b5e05b1df4c391aa6aa01b3fa0b2b6988617f3821c9,1f5d5d64eceecee4,unique_roboflow,,653,,queued,pending_review,high_overlap_requires_review
,,C:\Users\dharani\Documents\Codex\2026-08-20\roboflow-plugin-roboflow-roboflow-build-a\outputs\egg-tray-counter\datasets\roboflow_auto_original\test\images\WhatsApp-Image-2026-07-03-at-12-00-25-PM_jpeg.rf.95d5657d85810cc753a77e03eecb32a7.jpg,c8c3e4d92d957ddc6bf602ba51513f2d401215e7a9a4408f498fd9ec9bd067ef,0e0c19e06278e0c0,unique_roboflow,,274,,queued,pending_review,high_overlap_requires_review
,,C:\Users\dharani\Documents\Codex\2026-08-20\roboflow-plugin-roboflow-roboflow-build-a\outputs\egg-tray-counter\datasets\roboflow_auto_original\test\images\WhatsApp-Image-2026-07-03-at-12-00-32-PM_jpeg.rf.e3fccf42171b4ee933a8b969753ede0a.jpg,e35eb0f4e387f59850e1640d05927c8ffbf0d198ea6a7991c4192e980188aa95,c0f23cf0f0b094d0,unique_roboflow,,140,,queued,pending_review,high_overlap_requires_review
,,C:\Users\dharani\Documents\Codex\2026-08-20\roboflow-plugin-roboflow-roboflow-build-a\outputs\egg-tray-counter\datasets\roboflow_auto_original\test\images\WhatsApp-Image-2026-07-03-at-12-00-37-PM-2-_jpeg.rf.c50c9175f526f7ab31fd7b372306ef96.jpg,7602af0049232a1e31cc0cf98fff30d59da69ae4e314ec53dc6ddcc1c77dbf63,cdc3b70e8cc496f6,unique_roboflow,,143,,queued,pending_review,high_overlap_requires_review
,,C:\Users\dharani\Documents\Codex\2026-08-20\roboflow-plugin-roboflow-roboflow-build-a\outputs\egg-tray-counter\datasets\roboflow_auto_original\test\images\WhatsApp-Image-2026-07-03-at-12-00-43-PM-1-_jpeg.rf.d48ec3b574720592e5a6c70d6aec91e9.jpg,8b763434381df6e76a85c15a7ae5c59ee1287f6c5d6913f0325cfb8c1aa16953,2d1d1f5f975757d7,unique_roboflow,,128,,queued,pending_review,high_overlap_requires_review
,,C:\Users\dharani\Documents\Codex\2026-08-20\roboflow-plugin-roboflow-roboflow-build-a\outputs\egg-tray-counter\datasets\roboflow_auto_original\test\images\WhatsApp-Image-2026-07-03-at-12-00-48-PM-1-_jpeg.rf.535131c8cc876a9d9d0fdcd672afe72a.jpg,33657754f7aacf0d45dcc0c57b994002a36f642bac31e405a632da8c92611a1a,7d1b1f5f175757d7,unique_roboflow,,116,,queued,pending_review,high_overlap_requires_review
4ca5161426ab6a8dfa4a,,C:\Users\dharani\Documents\Codex\2026-08-20\roboflow-plugin-roboflow-roboflow-build-a\outputs\egg-tray-counter\datasets\roboflow_auto_original\test\images\WhatsApp-Image-2026-07-03-at-12-00-57-PM_jpeg.rf.2a4e486fe4e2c2043c0eda481c9fccec.jpg,4ca5161426ab6a8dfa4a94de6e7004ede4320dd0569977b481b08721fc249bc8,20c01c352da3860c,unique_roboflow,,0,,resolved,roboflow_auto,unique auto image passed strict QA
35c45766a260ff49cc4a,,C:\Users\dharani\Documents\Codex\2026-08-20\roboflow-plugin-roboflow-roboflow-build-a\outputs\egg-tray-counter\datasets\roboflow_auto_original\test\images\WhatsApp-Image-2026-07-03-at-12-00-58-PM_jpeg.rf.35ce8168ddb6c352332b273f5f9861df.jpg,35c45766a260ff49cc4a1ccd8c77e45709f5fc115cf80de6d28c39be1e547c64,0ac61b194c4a4203,unique_roboflow,,0,,resolved,roboflow_auto,unique auto image passed strict QA
,,C:\Users\dharani\Documents\Codex\2026-08-20\roboflow-plugin-roboflow-roboflow-build-a\outputs\egg-tray-counter\datasets\roboflow_auto_original\test\images\WhatsApp-Image-2026-07-03-at-12-01-00-PM_jpeg.rf.f385e1d876734229d2317d18efa35d5c.jpg,9340c700ce764b2292cf8d6a24837f38a89492413acba72c0c49756b060a31fb,884c935932262821,unique_roboflow,,76,,queued,pending_review,high_overlap_requires_review
,,C:\Users\dharani\Documents\Codex\2026-08-20\roboflow-plugin-roboflow-roboflow-build-a\outputs\egg-tray-counter\datasets\roboflow_auto_original\test\images\WhatsApp-Image-2026-07-03-at-12-01-16-PM_jpeg.rf.7624ecf31ae2a7e7e6cead1ac0c1c0d8.jpg,b0b099a2ec8a6aad5e67ee830ee9d534227dd4248ab555d362a4b3e57948c6e9,4d27234383c34759,unique_roboflow,,307,,queued,pending_review,high_overlap_requires_review
927321c29a7dd6148734,,C:\Users\dharani\Documents\Codex\2026-08-20\roboflow-plugin-roboflow-roboflow-build-a\outputs\egg-tray-counter\datasets\roboflow_auto_original\test\images\WhatsApp-Image-2026-07-03-at-12-01-19-PM-1-_jpeg.rf.63d1d74c24eebc1c9d82c7912dfca1f7.jpg,927321c29a7dd6148734c00dd3710dca17cf51511bdc7a6d4df25586f1073e7a,07cbf13220a0a003,unique_roboflow,,1,,resolved,roboflow_auto,unique auto image passed strict QA
,,C:\Users\dharani\Documents\Codex\2026-08-20\roboflow-plugin-roboflow-roboflow-build-a\outputs\egg-tray-counter\datasets\roboflow_auto_original\test\images\WhatsApp-Image-2026-07-03-at-12-02-31-PM_jpeg.rf.1be045bdf75599cdfb1844e5b657cff0.jpg,a95cfd565ad3753d432558e9f9354e63179a8e4661328997fb46a35b41b16e2c,1a22212c6a6a3632,unique_roboflow,,356,,queued,pending_review,high_overlap_requires_review
,,C:\Users\dharani\Documents\Codex\2026-08-20\roboflow-plugin-roboflow-roboflow-build-a\outputs\egg-tray-counter\datasets\roboflow_auto_original\test\images\WhatsApp-Image-2026-07-03-at-12-02-32-PM_jpeg.rf.19afeeb7a07295389368643057027b8c.jpg,80eba355172d8e6bd6309730435f73bbef7bc943f422ec37218715b2225f3718,8282c3c7cf9b98dc,unique_roboflow,,118,,queued,pending_review,high_overlap_requires_review
,,C:\Users\dharani\Documents\Codex\2026-08-20\roboflow-plugin-roboflow-roboflow-build-a\outputs\egg-tray-counter\datasets\roboflow_auto_original\test\images\WhatsApp-Image-2026-07-03-at-12-02-37-PM_jpeg.rf.7e216b8b4a8d8db9c37c8d38e4e4a3d5.jpg,c1e45395f4d0bd1b220e41ec6b40fa4943b9c7ca3733dacb850ddc12f17f5d36,d31346e6e7676c64,unique_roboflow,,295,,queued,pending_review,high_overlap_requires_review
,,C:\Users\dharani\Documents\Codex\2026-08-20\roboflow-plugin-roboflow-roboflow-build-a\outputs\egg-tray-counter\datasets\roboflow_auto_original\test\images\WhatsApp-Image-2026-07-03-at-12-02-47-PM-2-_jpeg.rf.19e7fd1d0e3594db2dd9ed1528971a6a.jpg,a25ff01186a2311332d93f69790b5ff4af0deb29303024f29c3028ba50f2baef,8d1f131438282464,unique_roboflow,,316,,queued,pending_review,high_overlap_requires_review
,,C:\Users\dharani\Documents\Codex\2026-08-20\roboflow-plugin-roboflow-roboflow-build-a\outputs\egg-tray-counter\datasets\roboflow_auto_original\test\images\WhatsApp-Image-2026-07-03-at-12-02-49-PM-1-_jpeg.rf.9e6c6d5991e31b6693fbb1e25f75b053.jpg,c36e42eee588cc78de6302b5818a89f480bff960879a82437e81c2fb167c105a,003862626247d1d2,unique_roboflow,,427,,queued,pending_review,high_overlap_requires_review
d3b9c36c583b721a058b,,C:\Users\dharani\Documents\Codex\2026-08-20\roboflow-plugin-roboflow-roboflow-build-a\outputs\egg-tray-counter\datasets\roboflow_auto_original\test\images\WhatsApp-Image-2026-07-03-at-12-02-52-PM_jpeg.rf.02fa0f80934dc62c3969c3a202b4c817.jpg,d3b9c36c583b721a058bafb71935b60d5a7f9d1054fe23f38378f199ff3e3cba,c9a861037ee7c79b,unique_roboflow,,32,,resolved,roboflow_auto,unique auto image passed strict QA
,,C:\Users\dharani\Documents\Codex\2026-08-20\roboflow-plugin-roboflow-roboflow-build-a\outputs\egg-tray-counter\datasets\roboflow_auto_original\test\images\WhatsApp-Image-2026-07-03-at-12-02-56-PM_jpeg.rf.4e8328d96a9637e20bd1ecd15b44f91d.jpg,542e11021774562acaffe200886cd13575beb9e69eb97430047f0dce293decab,c133e3dff9f7f7be,unique_roboflow,,67,,queued,pending_review,high_overlap_requires_review
,,C:\Users\dharani\Documents\Codex\2026-08-20\roboflow-plugin-roboflow-roboflow-build-a\outputs\egg-tray-counter\datasets\roboflow_auto_original\test\images\WhatsApp-Image-2026-07-03-at-12-02-57-PM_jpeg.rf.79cee11d71f8d1fe3a61a492b2034ab8.jpg,af743e93ba6d4cf1915f8cd8ac48bcfd486ffcc1938ba665c8330414a5e417ef,30d4929292b2915d,unique_roboflow,,614,,queued,pending_review,high_overlap_requires_review
,,C:\Users\dharani\Documents\Codex\2026-08-20\roboflow-plugin-roboflow-roboflow-build-a\outputs\egg-tray-counter\datasets\roboflow_auto_original\test\images\WhatsApp-Image-2026-07-03-at-12-03-02-PM_jpeg.rf.c2b0af3c5cd8b30b50f415a6bf52306d.jpg,787d4c4b066f2a3afa52c5bfe0c9f61499e7ff9a6aff882a5ab2c07d84bc95c1,2f4f2f6f6e6db94c,unique_roboflow,,146,,queued,pending_review,high_overlap_requires_review
,,C:\Users\dharani\Documents\Codex\2026-08-20\roboflow-plugin-roboflow-roboflow-build-a\outputs\egg-tray-counter\datasets\roboflow_auto_original\test\images\WhatsApp-Image-2026-07-03-at-12-03-08-PM_jpeg.rf.0ace1d62b9a737069389877db8fd5a7f.jpg,e1c5c2e94f6d6d6b67b17ba4baff39eb8ca466b42b90fedf1fb2c07ebafc3a85,171f575f1e139b9b,unique_roboflow,,330,,queued,pending_review,high_overlap_requires_review
,,C:\Users\dharani\Documents\Codex\2026-08-20\roboflow-plugin-roboflow-roboflow-build-a\outputs\egg-tray-counter\datasets\roboflow_auto_original\test\images\WhatsApp-Image-2026-07-03-at-12-04-06-PM_jpeg.rf.c314da92441f4575366f4163f0429132.jpg,7be560064b7a0aa18b6be2a548a04195f57a50b92595ef3f3f2bfc0784cf967c,8584a624184860e8,unique_roboflow,,396,,queued,pending_review,high_overlap_requires_review
,,C:\Users\dharani\Documents\Codex\2026-08-20\roboflow-plugin-roboflow-roboflow-build-a\outputs\egg-tray-counter\datasets\roboflow_auto_original\test\images\WhatsApp-Image-2026-07-03-at-12-04-08-PM_jpeg.rf.0856edee48c9d0297507db8e06405681.jpg,284b27347156d612ffd9bb7f0892f31b82eba475409c9dec478ab5d6d3028c4a,d4b424a494c52830,unique_roboflow,,662,,queued,pending_review,high_overlap_requires_review
,,C:\Users\dharani\Documents\Codex\2026-08-20\roboflow-plugin-roboflow-roboflow-build-a\outputs\egg-tray-counter\datasets\roboflow_auto_original\test\images\WhatsApp-Video-2026-07-03-at-12_04_04-PM_mp4-0005_jpg.rf.ca2199864151ef27a398496102d90255.jpg,7125df7e2f4ba48fcf5e1c8861650e497446f8bef6df25b40951456b9de399e7,1c8cc46cecece9ed,unique_roboflow,,350,,queued,pending_review,high_overlap_requires_review
,,C:\Users\dharani\Documents\Codex\2026-08-20\roboflow-plugin-roboflow-roboflow-build-a\outputs\egg-tray-counter\datasets\roboflow_auto_original\test\images\WhatsApp-Video-2026-07-03-at-12_04_04-PM_mp4-0010_jpg.rf.d7500202bb78002147a2447d6214a244.jpg,26db1f9c9de1495a0454de645d5a2321729bea8cb44a00aff9b81ccfa0718117,9f6b242634341100,unique_roboflow,,280,,queued,pending_review,high_overlap_requires_review
,,C:\Users\dharani\Documents\Codex\2026-08-20\roboflow-plugin-roboflow-roboflow-build-a\outputs\egg-tray-counter\datasets\roboflow_auto_original\test\images\WhatsApp-Video-2026-07-03-at-12_04_04-PM_mp4-0016_jpg.rf.8ad06afbbd0459713fe5fa0ae5ca5c0f.jpg,d8abb54fdcdaf21715e8c71be9752f758016352ff4142f0d1124dea26143d933,3b292925312225c1,unique_roboflow,,144,,queued,pending_review,high_overlap_requires_review
7981e509e40b6219f050,,C:\Users\dharani\Documents\Codex\2026-08-20\roboflow-plugin-roboflow-roboflow-build-a\outputs\egg-tray-counter\datasets\roboflow_auto_original\test\images\WhatsApp-Video-2026-07-03-at-12_04_04-PM_mp4-0030_jpg.rf.71d657cea3dfb29712e8a82ac4fabb88.jpg,7981e509e40b6219f05028bc5e52d737ad1d60eab1faf69208577fa8eae4c95d,070fcb990918199b,unique_roboflow,,0,,resolved,roboflow_auto,unique auto image passed strict QA
