0 0.0041841004184100415 0.9870588235294118 0.006276150627615063 0.9823529411764707 0.0041841004184100415 0.9800000000000001 0.0041841004184100415 0.9870588235294118
0 0.24140625 0.86484375 0.00234375 0.0046875
0 0.058577405857740586 0.7552941176470588 0.0711297071129707 0.7388235294117647 0.05230125523012552 0.74 0.04184100418410042 0.7494117647058823 0.058577405857740586 0.7552941176470588
0 0.0041841004184100415 0.7255882352941176 0.006276150627615063 0.7505882352941177 0 0.7552941176470588 0.010460251046025104 0.7658823529411765 0.0020920502092050207 0.7658823529411765 0 0.7823529411764706 0 0.9729411764705882 0.012552301255230125 0.976470588235294 0.008368200836820083 0.9941176470588236 0.02510460251046025 0.9988235294117647 0.05648535564853556 0.9952941176470589 0.12343096234309622 0.9988235294117647 0.12343096234309622 0.9811764705882353 0.14853556485355648 0.976470588235294 0.15690376569037656 0.9811764705882353 0.16736401673640167 0.9811764705882353 0.1694560669456067 0.976470588235294 0.21757322175732216 0.9529411764705882 0.21757322175732216 0.9470588235294117 0.25523012552301255 0.916470588235294 0.2510460251046025 0.8988235294117647 0.23849372384937237 0.8988235294117647 0.2301255230125523 0.8894117647058823 0.21548117154811716 0.8882352941176471 0.21548117154811716 0.876470588235294 0.200836820083682 0.8776470588235293 0.19874476987447698 0.8835294117647059 0.18619246861924685 0.8858823529411766 0.1694560669456067 0.8611764705882352 0.19456066945606693 0.8564705882352941 0.19456066945606693 0.8423529411764706 0.20711297071129708 0.8305882352941177 0.19456066945606693 0.8247058823529411 0.202928870292887 0.8094117647058823 0.19874476987447698 0.8035294117647058 0.18200836820083682 0.8011764705882353 0.18828451882845187 0.7976470588235294 0.16527196652719664 0.8047058823529412 0.15481171548117154 0.7823529411764706 0.11715481171548117 0.7529411764705882 0.10878661087866108 0.7529411764705882 0.10251046025104602 0.7588235294117647 0.09623430962343096 0.7576470588235293 0.09832635983263598 0.7458823529411764 0.08786610878661087 0.7423529411764707 0.09832635983263598 0.7388235294117647 0.09205020920502091 0.7305882352941176 0.08368200836820083 0.7294117647058823 0.08368200836820083 0.7141176470588235 0.06485355648535565 0.7176470588235294 0.06276150627615062 0.7211764705882353 0.06903765690376569 0.7235294117647059 0.0711297071129707 0.7352941176470588 0.08786610878661087 0.7458823529411764 0.08368200836820083 0.7588235294117647 0.09623430962343096 0.7741176470588236 0.09414225941422594 0.788235294117647 0.07531380753138076 0.7729411764705882 0.060669456066945605 0.7741176470588236 0.05648535564853556 0.7647058823529411 0.03347280334728033 0.7576470588235293 0.029288702928870293 0.7494117647058823 0.03765690376569038 0.7482352941176471 0.03556485355648535 0.7411764705882353 0.02510460251046025 0.7423529411764707 0.023012552301255228 0.7305882352941176 0.012552301255230125 0.7282352941176471 0.010460251046025104 0.72 0.0041841004184100415 0.7188235294117648 0.010460251046025104 0.7235294117647059 0.0041841004184100415 0.7255882352941176
0 0.02092050209205021 0.5870588235294117 0.016736401673640166 0.6035294117647059 0 0.6129411764705882 0 0.62 0.008368200836820083 0.6258823529411764 0.0020920502092050207 0.6435294117647059 0.01882845188284519 0.6517647058823529 0.029288702928870293 0.6505882352941177 0.0397489539748954 0.6623529411764706 0.03347280334728033 0.6670588235294118 0.04184100418410042 0.6670588235294118 0.05439330543933054 0.6776470588235294 0.06276150627615062 0.6776470588235294 0.0711297071129707 0.6717647058823529 0.0711297071129707 0.6752941176470588 0.0794979079497908 0.6752941176470588 0.07740585774058577 0.6835294117647058 0.0899581589958159 0.6905882352941177 0.08786610878661087 0.6964705882352942 0.09414225941422594 0.7 0.08786610878661087 0.7094117647058823 0.09832635983263598 0.7188235294117648 0.10460251046025104 0.7152941176470587 0.1108786610878661 0.7176470588235294 0.11297071129707112 0.7305882352941176 0.12133891213389121 0.7258823529411764 0.12761506276150628 0.7282352941176471 0.1297071129707113 0.7376470588235293 0.1401673640167364 0.7447058823529412 0.13807531380753138 0.7552941176470588 0.15481171548117154 0.7576470588235293 0.1527196652719665 0.7647058823529411 0.16527196652719664 0.7764705882352941 0.17573221757322174 0.7717647058823529 0.18200836820083682 0.76 0.17573221757322174 0.7529411764705882 0.18410041841004182 0.7494117647058823 0.20502092050209203 0.7588235294117647 0.20502092050209203 0.7670588235294118 0.21966527196652716 0.7635294117647058 0.22384937238493724 0.7341176470588235 0.23430962343096234 0.7329411764705882 0.24476987447698742 0.7247058823529412 0.24267782426778242 0.6564705882352941 0.24058577405857742 0.6494117647058824 0.23430962343096234 0.6494117647058824 0.23640167364016734 0.64 0.22594142259414224 0.6576470588235294 0.202928870292887 0.6588235294117647 0.19665271966527195 0.6541176470588235 0.19665271966527195 0.6435294117647059 0.18410041841004182 0.6411764705882353 0.17364016736401672 0.6305882352941177 0.16108786610878661 0.6270588235294118 0.1401673640167364 0.6011764705882353 0.1317991631799163 0.6047058823529412 0.12343096234309622 0.6 0.09832635983263598 0.5658823529411765 0.0711297071129707 0.5776470588235294 0.05648535564853556 0.5764705882352941 0.04811715481171548 0.58 0.0397489539748954 0.5764705882352941 0.023012552301255228 0.5811764705882353 0.029288702928870293 0.5835294117647059 0.02092050209205021 0.5870588235294117
0 0.014644351464435146 0.5247058823529411 0.02092050209205021 0.5235294117647059 0.02092050209205021 0.5294117647058824 0.02719665271966527 0.5294117647058824 0.02510460251046025 0.5341176470588235 0.03765690376569038 0.5223529411764706 0.0502092050209205 0.5305882352941176 0.058577405857740586 0.5270588235294118 0.06694560669456066 0.5305882352941176 0.0711297071129707 0.5270588235294118 0.08368200836820083 0.5270588235294118 0.0815899581589958 0.5223529411764706 0.09623430962343096 0.5247058823529411 0.1108786610878661 0.5211764705882354 0.12552301255230125 0.5329411764705883 0.14435146443514643 0.5376470588235294 0.1506276150627615 0.5458823529411765 0.16108786610878661 0.5423529411764706 0.17154811715481172 0.5470588235294118 0.16108786610878661 0.5541176470588235 0.16736401673640167 0.5647058823529412 0.17782426778242677 0.5647058823529412 0.18200836820083682 0.556470588235294 0.19456066945606693 0.5611764705882353 0.20711297071129708 0.5599999999999999 0.21966527196652716 0.5505882352941176 0.23221757322175735 0.5505882352941176 0.23640167364016734 0.5352941176470588 0.2217573221757322 0.5117647058823529 0.19456066945606693 0.5011764705882353 0.18410041841004182 0.4894117647058824 0.1694560669456067 0.4870588235294117 0.1694560669456067 0.4752941176470588 0.15481171548117154 0.4752941176470588 0.1422594142259414 0.4682352941176471 0.11506276150627615 0.46941176470588236 0.10669456066945607 0.46352941176470586 0.09414225941422594 0.47058823529411764 0.07740585774058577 0.4564705882352941 0.04811715481171548 0.4564705882352941 0.02719665271966527 0.46941176470588236 0.0041841004184100415 0.46941176470588236 0.0020920502092050207 0.5117647058823529 0.014644351464435146 0.5247058823529411
0 0.09765625 0.4578125 0.00234375 0.0046875
0 0.090625 0.45625 0.00234375 0.00234375
0 0.07322175732217573 0.831764705882353 0.0815899581589958 0.8552941176470588 0.09414225941422594 0.8588235294117647 0.11506276150627615 0.876470588235294 0.12761506276150628 0.8776470588235293 0.13598326359832635 0.8882352941176471 0.15690376569037656 0.891764705882353 0.17154811715481172 0.8858823529411766 0.1694560669456067 0.86 0.20920502092050208 0.8329411764705883 0.21757322175732216 0.8341176470588236 0.24686192468619245 0.8105882352941176 0.2489539748953975 0.7976470588235294 0.24058577405857742 0.7929411764705883 0.2489539748953975 0.7894117647058823 0.23221757322175735 0.788235294117647 0.24058577405857742 0.7682352941176471 0.23640167364016734 0.7482352941176471 0.200836820083682 0.7223529411764706 0.17573221757322174 0.7129411764705882 0.1317991631799163 0.6647058823529411 0.0899581589958159 0.6329411764705882 0.07322175732217573 0.6294117647058823 0.058577405857740586 0.6435294117647059 0.029288702928870293 0.6305882352941177 0.0041841004184100415 0.6364705882352941 0.0041841004184100415 0.7858823529411765 0.07322175732217573 0.831764705882353
0 0.64609375 0.9640625 0.00390625 0.0015625
0 0.4372384937238493 0.9988235294117647 0.4539748953974895 0.9941176470588236 0.4644351464435147 0.9988235294117647 0.50418410041841 0.9988235294117647 0.5104602510460251 0.9952941176470589 0.5188284518828452 0.9988235294117647 0.5439330543933054 0.9988235294117647 0.5523012552301255 0.9941176470588236 0.5627615062761506 0.9988235294117647 0.7970711297071129 0.9988235294117647 0.801255230125523 0.9952941176470589 0.8221757322175731 0.9988235294117647 0.9937238493723848 0.9988235294117647 0.997907949790795 0.9717647058823529 0.910041841004184 0.9458823529411765 0.8744769874476986 0.9470588235294117 0.8640167364016736 0.951764705882353 0.8430962343096233 0.9529411764705882 0.8284518828451883 0.9411764705882353 0.8305439330543933 0.9352941176470588 0.799163179916318 0.924705882352941 0.7782426778242677 0.943529411764706 0.7719665271966527 0.9376470588235295 0.7761506276150627 0.9458823529411765 0.7594142259414226 0.951764705882353 0.7635983263598326 0.9576470588235294 0.7510460251046025 0.9670588235294117 0.7322175732217573 0.9670588235294117 0.7238493723849372 0.9623529411764705 0.7217573221757322 0.951764705882353 0.7092050209205021 0.9529411764705882 0.705020920502092 0.9670588235294117 0.6820083682008369 0.9788235294117648 0.6673640167364017 0.9717647058823529 0.6527196652719665 0.9717647058823529 0.6150627615062761 0.9494117647058824 0.5941422594142259 0.9458823529411765 0.5878661087866108 0.9411764705882353 0.5794979079497907 0.9458823529411765 0.5774058577405857 0.9411764705882353 0.5669456066945606 0.9541176470588235 0.5334728033472803 0.9541176470588235 0.5271966527196652 0.9635294117647059 0.5188284518828452 0.9611764705882353 0.5104602510460251 0.9658823529411764 0.48326359832635984 0.9623529411764705 0.4728033472803347 0.9717647058823529 0.4351464435146443 0.968235294117647 0.4246861924686193 0.9752941176470588 0.37866108786610875 0.9800000000000001 0.34100418410041844 0.991764705882353 0.3389121338912134 0.9988235294117647 0.4372384937238493 0.9988235294117647
0 0.7489539748953975 0.5541176470588235 0.7468619246861924 0.5458823529411765 0.7343096234309623 0.548235294117647 0.7322175732217573 0.5599999999999999 0.7489539748953975 0.5541176470588235
0 0.42677824267782427 0.5258823529411765 0.42259414225941416 0.5235294117647059 0.42050209205020916 0.5270588235294118 0.42677824267782427 0.5258823529411765
0 0.28870292887029286 0.6435294117647059 0.3138075313807531 0.64 0.34309623430962344 0.628235294117647 0.37866108786610875 0.6235294117647059 0.37866108786610875 0.6188235294117648 0.405857740585774 0.608235294117647 0.4351464435146443 0.6035294117647059 0.4476987447698745 0.6058823529411764 0.4560669456066945 0.5964705882352941 0.48744769874476984 0.5894117647058823 0.4937238493723849 0.591764705882353 0.5083682008368201 0.5835294117647059 0.5439330543933054 0.5847058823529412 0.5481171548117155 0.5741176470588235 0.5815899581589958 0.5635294117647058 0.5899581589958158 0.5635294117647058 0.5941422594142259 0.5705882352941176 0.598326359832636 0.5694117647058824 0.608786610878661 0.5776470588235294 0.6255230125523012 0.5741176470588235 0.6338912133891214 0.5847058823529412 0.6401673640167364 0.5847058823529412 0.6317991631799164 0.5741176470588235 0.6443514644351465 0.5741176470588235 0.6569037656903765 0.58 0.6652719665271967 0.5729411764705883 0.6757322175732218 0.5847058823529412 0.6882845188284519 0.5847058823529412 0.705020920502092 0.5776470588235294 0.6966527196652719 0.5599999999999999 0.702928870292887 0.5576470588235294 0.7112970711297071 0.5388235294117647 0.7322175732217573 0.5305882352941176 0.700836820083682 0.5223529411764706 0.7154811715481172 0.5105882352941176 0.7154811715481172 0.49529411764705883 0.7259414225941423 0.49411764705882355 0.7322175732217573 0.5011764705882353 0.7280334728033473 0.49529411764705883 0.7364016736401673 0.491764705882353 0.7447698744769874 0.5023529411764706 0.7594142259414226 0.5011764705882353 0.7907949790794978 0.4894117647058824 0.7970711297071129 0.48117647058823526 0.7615062761506276 0.4658823529411765 0.7259414225941423 0.46117647058823524 0.7092050209205021 0.471764705882353 0.6945606694560669 0.47411764705882353 0.6841004184100419 0.48470588235294115 0.6694560669456067 0.4835294117647059 0.6569037656903765 0.4670588235294118 0.6359832635983264 0.46941176470588236 0.610878661087866 0.49058823529411766 0.604602510460251 0.4835294117647059 0.598326359832636 0.488235294117647 0.5794979079497907 0.4894117647058824 0.5606694560669456 0.48235294117647054 0.5418410041841004 0.5 0.5334728033472803 0.49764705882352944 0.5271966527196652 0.5023529411764706 0.5146443514644352 0.5035294117647059 0.50418410041841 0.4988235294117647 0.5 0.5023529411764706 0.4916317991631799 0.5011764705882353 0.48535564853556484 0.5070588235294118 0.4728033472803347 0.5047058823529411 0.4644351464435147 0.5105882352941176 0.4665271966527197 0.5152941176470589 0.4560669456066945 0.5211764705882354 0.4393305439330543 0.5223529411764706 0.4309623430962343 0.5305882352941176 0.42050209205020916 0.5317647058823529 0.41631799163179917 0.5388235294117647 0.3807531380753138 0.5388235294117647 0.37656903765690375 0.5470588235294118 0.36610878661087864 0.5447058823529412 0.34100418410041844 0.556470588235294 0.301255230125523 0.5658823529411765 0.2949790794979079 0.571764705882353 0.2824267782426778 0.5705882352941176 0.26778242677824265 0.5752941176470588 0.26987447698744765 0.6141176470588234 0.28870292887029286 0.6435294117647059
0 0.13671875 0.47421875 0.00234375 0.00234375
0 0.006276150627615063 0.5247058823529411 0.0020920502092050207 0.5329411764705883 0.010460251046025104 0.5411764705882354 0.03347280334728033 0.5435294117647059 0.04811715481171548 0.5388235294117647 0.06694560669456066 0.5435294117647059 0.07322175732217573 0.5376470588235294 0.07740585774058577 0.5423529411764706 0.0899581589958159 0.54 0.09623430962343096 0.5435294117647059 0.100418410041841 0.5388235294117647 0.10460251046025104 0.5423529411764706 0.11297071129707112 0.5376470588235294 0.11506276150627615 0.5317647058823529 0.13807531380753138 0.5435294117647059 0.1422594142259414 0.5541176470588235 0.1506276150627615 0.5576470588235294 0.1506276150627615 0.5658823529411765 0.1631799163179916 0.5682352941176471 0.16736401673640167 0.58 0.16736401673640167 0.5729411764705883 0.1903765690376569 0.5729411764705883 0.1903765690376569 0.5658823529411765 0.20711297071129708 0.5611764705882353 0.21966527196652716 0.5494117647058824 0.2301255230125523 0.5529411764705883 0.2301255230125523 0.5247058823529411 0.20920502092050208 0.5141176470588235 0.19456066945606693 0.52 0.18828451882845187 0.5176470588235295 0.17782426778242677 0.4964705882352941 0.16108786610878661 0.49529411764705883 0.1631799163179916 0.48470588235294115 0.1506276150627615 0.4894117647058824 0.1297071129707113 0.471764705882353 0.09414225941422594 0.47294117647058825 0.0502092050209205 0.4564705882352941 0.02719665271966527 0.46941176470588236 0.006276150627615063 0.4670588235294118 0.0020920502092050207 0.47058823529411764 0 0.5188235294117647 0.006276150627615063 0.5247058823529411
0 0.006276150627615063 0.3188235294117647 0 0.3211764705882353 0.010460251046025104 0.32941176470588235 0 0.34352941176470586 0.006276150627615063 0.3870588235294118 0.0020920502092050207 0.41647058823529415 0.008368200836820083 0.42470588235294116 0.014644351464435146 0.4188235294117647 0.029288702928870293 0.4235294117647059 0.029288702928870293 0.43882352941176467 0.0502092050209205 0.43176470588235294 0.06485355648535565 0.4188235294117647 0.0899581589958159 0.41647058823529415 0.09832635983263598 0.40352941176470586 0.09205020920502091 0.4011764705882353 0.0899581589958159 0.38823529411764707 0.0794979079497908 0.3835294117647059 0.07531380753138076 0.37058823529411766 0.05439330543933054 0.3588235294117647 0.0502092050209205 0.34705882352941175 0.0397489539748954 0.3423529411764706 0.02719665271966527 0.3423529411764706 0.03138075313807531 0.3317647058823529 0.0041841004184100415 0.31529411764705884 0 0.3141176470588235 0.006276150627615063 0.3188235294117647
0 0.06276150627615062 0.41647058823529415 0.06276150627615062 0.4094117647058823 0.0502092050209205 0.40352941176470586 0.05648535564853556 0.4 0.0397489539748954 0.40705882352941175 0.0397489539748954 0.42000000000000004 0.06276150627615062 0.41647058823529415
0 0.0041841004184100415 0.3811764705882353 0.010460251046025104 0.3835294117647059 0.0041841004184100415 0.40705882352941175 0.010460251046025104 0.40823529411764703 0.02092050209205021 0.3976470588235294 0.04184100418410042 0.4 0.03556485355648535 0.3917647058823529 0.05230125523012552 0.38235294117647056 0.0899581589958159 0.3941176470588235 0.09414225941422594 0.3905882352941176 0.0899581589958159 0.3835294117647059 0.0815899581589958 0.38235294117647056 0.07531380753138076 0.36470588235294116 0.02719665271966527 0.32 0.008368200836820083 0.31176470588235294 0.0041841004184100415 0.3023529411764706 0 0.3623529411764706 0.0041841004184100415 0.3811764705882353
0 0.029288702928870293 0.29647058823529415 0.023012552301255228 0.29647058823529415 0.02092050209205021 0.30117647058823527 0.029288702928870293 0.29647058823529415
0 0.01328125 0.49453125 0.00234375 0.00390625
0 0.023012552301255228 0.49411764705882355 0.03556485355648535 0.5058823529411764 0.03347280334728033 0.5094117647058823 0.02092050209205021 0.5070588235294118 0.012552301255230125 0.5105882352941176 0.010460251046025104 0.52 0.02719665271966527 0.5423529411764706 0.043933054393305436 0.5341176470588235 0.06485355648535565 0.54 0.07322175732217573 0.5305882352941176 0.0794979079497908 0.54 0.08786610878661087 0.5388235294117647 0.09832635983263598 0.5458823529411765 0.11506276150627615 0.5411764705882354 0.12761506276150628 0.5470588235294118 0.13598326359832635 0.5694117647058824 0.1401673640167364 0.5647058823529412 0.14644351464435146 0.5682352941176471 0.14644351464435146 0.5847058823529412 0.1589958158995816 0.588235294117647 0.1694560669456067 0.5847058823529412 0.18410041841004182 0.5858823529411764 0.19874476987447698 0.5929411764705883 0.21757322175732216 0.5811764705882353 0.20711297071129708 0.571764705882353 0.22594142259414224 0.5658823529411765 0.24267782426778242 0.5517647058823529 0.23430962343096234 0.5235294117647059 0.22384937238493724 0.5117647058823529 0.200836820083682 0.5023529411764706 0.18410041841004182 0.4894117647058824 0.16736401673640167 0.4870588235294117 0.1694560669456067 0.4764705882352941 0.15690376569037656 0.4776470588235294 0.1401673640167364 0.4682352941176471 0.11297071129707112 0.4764705882352941 0.08786610878661087 0.4776470588235294 0.05648535564853556 0.4658823529411765 0.046025104602510455 0.4752941176470588 0.023012552301255228 0.4764705882352941 0.029288702928870293 0.48117647058823526 0.023012552301255228 0.49411764705882355
0 0.0703125 0.58671875 0.00234375 0.00625
0 0 0.5447058823529412 0.008368200836820083 0.5599999999999999 0.0041841004184100415 0.5635294117647058 0.01882845188284519 0.5576470588235294 0.023012552301255228 0.5611764705882353 0.0397489539748954 0.5599999999999999 0.043933054393305436 0.5505882352941176 0.05648535564853556 0.5447058823529412 0.0815899581589958 0.5470588235294118 0.08577405857740586 0.5317647058823529 0.09623430962343096 0.528235294117647 0.100418410041841 0.5188235294117647 0.09832635983263598 0.5035294117647059 0.07740585774058577 0.5011764705882353 0.08786610878661087 0.4894117647058824 0.06485355648535565 0.48196117647058817 0.06485355648535565 0.46941176470588236 0.058577405857740586 0.4647058823529412 0.02719665271966527 0.471764705882353 0.006276150627615063 0.4682352941176471 0 0.471764705882353 0 0.5447058823529412
0 0.07322175732217573 0.8305882352941177 0.07740585774058577 0.8505882352941176 0.12761506276150628 0.876470588235294 0.13598326359832635 0.8870588235294118 0.16108786610878661 0.8905882352941177 0.17154811715481172 0.8835294117647059 0.17154811715481172 0.8729411764705881 0.1589958158995816 0.8494117647058823 0.16527196652719664 0.8458823529411765 0.17364016736401672 0.8494117647058823 0.19456066945606693 0.8411764705882353 0.20920502092050208 0.8294117647058824 0.21129707112970708 0.8094117647058823 0.20502092050209203 0.8023529411764706 0.18200836820083682 0.8094117647058823 0.17782426778242677 0.8070588235294117 0.17573221757322174 0.7917647058823529 0.18200836820083682 0.7847058823529411 0.17782426778242677 0.7811764705882352 0.1694560669456067 0.7823529411764706 0.14644351464435146 0.7658823529411765 0.13598326359832635 0.7411764705882353 0.11924686192468618 0.74 0.11715481171548117 0.7329411764705882 0.10669456066945607 0.7305882352941176 0.0899581589958159 0.7164705882352942 0.08368200836820083 0.7035294117647058 0.060669456066945605 0.6964705882352942 0.029288702928870293 0.6776470588235294 0.02510460251046025 0.6705882352941177 0.010460251046025104 0.668235294117647 0.006276150627615063 0.6588235294117647 0.0041841004184100415 0.6623529411764706 0.0041841004184100415 0.7858823529411765 0.07322175732217573 0.8305882352941177
0 0.13671875 0.51171875 0.00234375 0.00234375
0 0.03765690376569038 0.4870588235294117 0.03556485355648535 0.48235294117647054 0.02510460251046025 0.48117647058823526 0.02510460251046025 0.48588235294117643 0.03765690376569038 0.4870588235294117
0 0.0041841004184100415 0.47058823529411764 0.02719665271966527 0.4776470588235294 0.05230125523012552 0.47058823529411764 0.060669456066945605 0.471764705882353 0.0815899581589958 0.4894117647058824 0.08786610878661087 0.4835294117647059 0.10251046025104602 0.48117647058823526 0.10878661087866108 0.4870588235294117 0.10251046025104602 0.49764705882352944 0.10669456066945607 0.5011764705882353 0.11715481171548117 0.488235294117647 0.1297071129707113 0.49058823529411766 0.13389121338912133 0.49529411764705883 0.1422594142259414 0.49294117647058827 0.14853556485355648 0.4988235294117647 0.1422594142259414 0.5117647058823529 0.15481171548117154 0.5094117647058823 0.1631799163179916 0.5258823529411765 0.16108786610878661 0.5188235294117647 0.17364016736401672 0.5164705882352941 0.18410041841004182 0.5247058823529411 0.20711297071129708 0.5141176470588235 0.21757322175732216 0.5176470588235295 0.21966527196652716 0.5070588235294118 0.202928870292887 0.48588235294117643 0.1589958158995816 0.44823529411764707 0.1422594142259414 0.42705882352941177 0.03765690376569038 0.3317647058823529 0.008368200836820083 0.3164705882352941 0 0.3164705882352941 0.0041841004184100415 0.47058823529411764
0 0.10251046025104602 0.9458823529411765 0.09623430962343096 0.943529411764706 0.100418410041841 0.951764705882353 0.10251046025104602 0.9458823529411765
0 0.2140625 0.9421875 0.00234375 0.00234375
0 0.18619246861924685 0.9423529411764706 0.19665271966527195 0.9388235294117647 0.19456066945606693 0.9352941176470588 0.18410041841004182 0.9294117647058824 0.18619246861924685 0.9423529411764706
0 0.12421875 0.9140625 0.00234375 0.00234375
0 0.27615062761506276 0.8964705882352941 0.2719665271966527 0.891764705882353 0.26987447698744765 0.8976470588235295 0.27615062761506276 0.8964705882352941
0 0.029288702928870293 0.891764705882353 0.04184100418410042 0.9 0.060669456066945605 0.9199999999999999 0.06276150627615062 0.9047058823529411 0.05648535564853556 0.8905882352941177 0.046025104602510455 0.8835294117647059 0.023012552301255228 0.8835294117647059 0.01882845188284519 0.8905882352941177 0.029288702928870293 0.891764705882353
0 0.27615062761506276 0.8823529411764707 0.27824267782426776 0.8788235294117648 0.2719665271966527 0.8800000000000001 0.27615062761506276 0.8823529411764707
0 0.012552301255230125 0.6635294117647058 0.0041841004184100415 0.6670588235294118 0 0.6788235294117647 0 0.7023529411764706 0.008368200836820083 0.7058823529411764 0 0.7152941176470587 0 0.7729411764705882 0.006276150627615063 0.7858823529411765 0.043933054393305436 0.8105882352941176 0.06276150627615062 0.8294117647058824 0.0711297071129707 0.8305882352941177 0.0794979079497908 0.8576470588235294 0.08786610878661087 0.8576470588235294 0.10878661087866108 0.8776470588235293 0.12761506276150628 0.8835294117647059 0.1297071129707113 0.891764705882353 0.14644351464435146 0.9 0.1506276150627615 0.9105882352941176 0.17573221757322174 0.9117647058823529 0.17154811715481172 0.9188235294117646 0.18200836820083682 0.9199999999999999 0.18200836820083682 0.9235294117647058 0.17154811715481172 0.9258823529411764 0.17154811715481172 0.931764705882353 0.17573221757322174 0.9270588235294117 0.19874476987447698 0.9270588235294117 0.202928870292887 0.9388235294117647 0.20502092050209203 0.9329411764705883 0.21338912133891214 0.9341176470588236 0.20920502092050208 0.9270588235294117 0.21757322175732216 0.9223529411764705 0.2301255230125523 0.9352941176470588 0.25523012552301255 0.9129411764705881 0.2510460251046025 0.8988235294117647 0.2573221757322176 0.8905882352941177 0.2489539748953975 0.8835294117647059 0.25523012552301255 0.876470588235294 0.2489539748953975 0.8670588235294117 0.2531380753138075 0.8623529411764705 0.23640167364016734 0.8588235294117647 0.2301255230125523 0.8458823529411765 0.24058577405857742 0.8423529411764706 0.2489539748953975 0.8458823529411765 0.24476987447698742 0.8411764705882353 0.2573221757322176 0.831764705882353 0.24476987447698742 0.7517647058823529 0.21548117154811716 0.7294117647058823 0.2217573221757322 0.7270588235294118 0.21966527196652716 0.7235294117647059 0.20711297071129708 0.7258823529411764 0.19874476987447698 0.7188235294117648 0.18200836820083682 0.7188235294117648 0.17154811715481172 0.7129411764705882 0.15690376569037656 0.691764705882353 0.13598326359832635 0.6764705882352942 0.12133891213389121 0.6729411764705883 0.12552301255230125 0.668235294117647 0.10251046025104602 0.6776470588235294 0.1108786610878661 0.6505882352941177 0.09205020920502091 0.6447058823529412 0.0815899581589958 0.6494117647058824 0.07531380753138076 0.6329411764705882 0.0502092050209205 0.6576470588235294 0.029288702928870293 0.6505882352941177 0.03556485355648535 0.6623529411764706 0.02719665271966527 0.6635294117647058 0.008368200836820083 0.6517647058823529 0.0041841004184100415 0.6552941176470588 0.0041841004184100415 0.6611764705882353 0.012552301255230125 0.6635294117647058
0 0.0815899581589958 0.7717647058823529 0.08916462270956571 0.7809939148073022 0.09623430962343096 0.78 0.09414225941422594 0.7764705882352941 0.0815899581589958 0.7717647058823529
0 0.06694560669456066 0.7682352941176471 0.07740585774058577 0.7682352941176471 0.0711297071129707 0.7623529411764706 0.06694560669456066 0.76 0.06694560669456066 0.7682352941176471
0 0.05439330543933054 0.7317647058823529 0.0502092050209205 0.7270588235294118 0.04811715481171548 0.7376470588235293 0.05439330543933054 0.7317647058823529
0 0.04296875 0.615625 0.00234375 0.00390625
0 0.02510460251046025 0.7341176470588235 0.03556485355648535 0.7329411764705882 0.04184100418410042 0.7364705882352941 0.04184100418410042 0.7317647058823529 0.02719665271966527 0.7235294117647059 0.03556485355648535 0.7129411764705882 0.043933054393305436 0.7129411764705882 0.04184100418410042 0.7164705882352942 0.060669456066945605 0.7152941176470587 0.07322175732217573 0.7188235294117648 0.06276150627615062 0.7235294117647059 0.06694560669456066 0.7258823529411764 0.0815899581589958 0.7164705882352942 0.100418410041841 0.7270588235294118 0.11924686192468618 0.7505882352941177 0.16527196652719664 0.7847058823529411 0.19665271966527195 0.7858823529411765 0.19246861924686193 0.78 0.21548117154811716 0.7752941176470588 0.22594142259414224 0.7623529411764706 0.22384937238493724 0.7341176470588235 0.1799163179916318 0.7117647058823529 0.16108786610878661 0.6858823529411764 0.11506276150627615 0.6423529411764706 0.11506276150627615 0.6364705882352941 0.08786610878661087 0.6247058823529412 0.08368200836820083 0.6164705882352941 0.07740585774058577 0.6141176470588234 0.0711297071129707 0.6176470588235294 0.06694560669456066 0.6129411764705882 0.046025104602510455 0.6211764705882353 0.046025104602510455 0.6258823529411764 0.03347280334728033 0.6258823529411764 0.029288702928870293 0.6176470588235294 0.04184100418410042 0.6023529411764705 0.03347280334728033 0.5988235294117648 0.03320714617785747 0.597703081232493 0 0.6047058823529412 0 0.7035294117647058 0.016736401673640166 0.7188235294117648 0.01882845188284519 0.7282352941176471 0.02510460251046025 0.7341176470588235
0 0.012552301255230125 0.5235294117647059 0.012552301255230125 0.528235294117647 0.02510460251046025 0.5352941176470588 0.02719665271966527 0.52 0.046025104602510455 0.5211764705882354 0.0502092050209205 0.5294117647058824 0.05648535564853556 0.5247058823529411 0.06694560669456066 0.5270588235294118 0.07531380753138076 0.52 0.08368200836820083 0.5211764705882354 0.0815899581589958 0.5258823529411765 0.09205020920502091 0.5164705882352941 0.100418410041841 0.5164705882352941 0.1506276150627615 0.536470588235294 0.1506276150627615 0.54 0.1527196652719665 0.5352941176470588 0.15690376569037656 0.536470588235294 0.16736401673640167 0.5494117647058824 0.16108786610878661 0.5599999999999999 0.17154811715481172 0.5588235294117647 0.17782426778242677 0.5658823529411765 0.18200836820083682 0.5588235294117647 0.19456066945606693 0.5635294117647058 0.2217573221757322 0.548235294117647 0.2301255230125523 0.5529411764705883 0.23849372384937237 0.5458823529411765 0.23221757322175735 0.5188235294117647 0.200836820083682 0.4835294117647059 0.04184100418410042 0.33529411764705885 0.01882845188284519 0.3188235294117647 0.0020920502092050207 0.31529411764705884 0 0.52 0.012552301255230125 0.5235294117647059
0 0.305439330543933 0.5658823529411765 0.3158995815899582 0.5576470588235294 0.34728033472803344 0.5529411764705883 0.3723849372384937 0.536470588235294 0.3807531380753138 0.536470588235294 0.38912133891213385 0.5435294117647059 0.403765690376569 0.5423529411764706 0.41004184100418406 0.5376470588235294 0.4309623430962343 0.5352941176470588 0.4497907949790795 0.52 0.4686192468619247 0.5164705882352941 0.48535564853556484 0.5223529411764706 0.50418410041841 0.508235294117647 0.5230125523012552 0.5035294117647059 0.5418410041841004 0.5047058823529411 0.5711297071129706 0.4894117647058824 0.5899581589958158 0.4870588235294117 0.598326359832636 0.49058823529411766 0.608786610878661 0.47411764705882353 0.6150627615062761 0.471764705882353 0.6255230125523012 0.4752941176470588 0.6338912133891214 0.4670588235294118 0.6569037656903765 0.45999999999999996 0.6610878661087866 0.4623529411764705 0.6799163179916318 0.4588235294117647 0.6861924686192469 0.4658823529411765 0.698744769874477 0.46941176470588236 0.7322175732217573 0.45999999999999996 0.705020920502092 0.4458823529411765 0.6903765690376569 0.4458823529411765 0.6464435146443515 0.43176470588235294 0.6506276150627615 0.4423529411764706 0.6255230125523012 0.4623529411764705 0.6150627615062761 0.4623529411764705 0.612970711297071 0.4564705882352941 0.600418410041841 0.45176470588235296 0.5878661087866108 0.46117647058823524 0.5648535564853556 0.46352941176470586 0.5606694560669456 0.4682352941176471 0.5439330543933054 0.4647058823529412 0.5083682008368201 0.4670588235294118 0.5 0.471764705882353 0.4686192468619247 0.4752941176470588 0.4665271966527197 0.4788235294117647 0.4518828451882845 0.4788235294117647 0.4309623430962343 0.4870588235294117 0.41631799163179917 0.48 0.3953974895397489 0.4988235294117647 0.38493723849372385 0.49764705882352944 0.37447698744769875 0.5047058823529411 0.36820083682008364 0.5011764705882353 0.36820083682008364 0.5070588235294118 0.35564853556485354 0.5129411764705882 0.3389121338912134 0.508235294117647 0.3305439330543933 0.49529411764705883 0.3284518828451882 0.508235294117647 0.30962343096234307 0.528235294117647 0.301255230125523 0.5305882352941176 0.28870292887029286 0.5270588235294118 0.27615062761506276 0.5388235294117647 0.27615062761506276 0.5599999999999999 0.305439330543933 0.5658823529411765
0 0.029288702928870293 0.4764705882352941 0.05230125523012552 0.471764705882353 0.0794979079497908 0.48470588235294115 0.0815899581589958 0.49058823529411766 0.100418410041841 0.48117647058823526 0.10669456066945607 0.48588235294117643 0.12552301255230125 0.488235294117647 0.13389121338912133 0.48470588235294115 0.13598326359832635 0.49294117647058827 0.15481171548117154 0.48470588235294115 0.17573221757322174 0.49529411764705883 0.18410041841004182 0.49294117647058827 0.18828451882845187 0.4964705882352941 0.19456066945606693 0.491764705882353 0.19665271966527195 0.48588235294117643 0.18200836820083682 0.48235294117647054 0.17782426778242677 0.4658823529411765 0.1527196652719665 0.44823529411764707 0.14435146443514643 0.43176470588235294 0.10460251046025104 0.3988235294117647 0.0899581589958159 0.40352941176470586 0.0794979079497908 0.39647058823529413 0.07322175732217573 0.4 0.0794979079497908 0.4129411764705882 0.07322175732217573 0.4176470588235294 0.06694560669456066 0.4141176470588235 0.05648535564853556 0.4211764705882353 0.03556485355648535 0.41647058823529415 0.03765690376569038 0.4 0.03138075313807531 0.4 0.023012552301255228 0.4117647058823529 0.006276150627615063 0.4141176470588235 0.0041841004184100415 0.42000000000000004 0.008368200836820083 0.471764705882353 0.029288702928870293 0.4764705882352941
0 0.012552301255230125 0.8 0.03138075313807531 0.8094117647058823 0.06903765690376569 0.8576470588235294 0.046025104602510455 0.8729411764705881 0.010460251046025104 0.8705882352941176 0.01882845188284519 0.8752941176470588 0.008368200836820083 0.8776470588235293 0.006276150627615063 0.8835294117647059 0.016736401673640166 0.9035294117647059 0.014644351464435146 0.9152941176470588 0.01882845188284519 0.9129411764705881 0.02092050209205021 0.9176470588235294 0.02510460251046025 0.9141176470588235 0.029288702928870293 0.924705882352941 0.04811715481171548 0.9341176470588236 0.0397489539748954 0.9388235294117647 0.0502092050209205 0.9458823529411765 0.0502092050209205 0.9623529411764705 0.06903765690376569 0.9658823529411764 0.06903765690376569 0.9623529411764705 0.08577405857740586 0.96 0.0899581589958159 0.9694117647058823 0.100418410041841 0.9752941176470588 0.09205020920502091 0.9776470588235293 0.09414225941422594 0.9811764705882353 0.11924686192468618 0.9658823529411764 0.12552301255230125 0.9694117647058823 0.14644351464435146 0.9635294117647059 0.15481171548117154 0.9658823529411764 0.1589958158995816 0.9729411764705882 0.17782426778242677 0.968235294117647 0.18200836820083682 0.9623529411764705 0.19246861924686193 0.96 0.19246861924686193 0.9552941176470588 0.20920502092050208 0.9458823529411765 0.21548117154811716 0.9494117647058824 0.24267782426778242 0.9305882352941177 0.24476987447698742 0.9199999999999999 0.25523012552301255 0.9129411764705881 0.25523012552301255 0.8894117647058823 0.24686192468619245 0.8835294117647059 0.2531380753138075 0.8752941176470588 0.24058577405857742 0.86 0.22594142259414224 0.868235294117647 0.21757322175732216 0.8647058823529411 0.21129707112970708 0.8752941176470588 0.19665271966527195 0.8835294117647059 0.1799163179916318 0.876470588235294 0.1799163179916318 0.8705882352941176 0.20711297071129708 0.8494117647058823 0.19874476987447698 0.8447058823529412 0.202928870292887 0.8388235294117647 0.21129707112970708 0.8423529411764706 0.23430962343096234 0.8423529411764706 0.23221757322175735 0.8364705882352942 0.2510460251046025 0.8341176470588236 0.2510460251046025 0.7870588235294117 0.24476987447698742 0.7529411764705882 0.23430962343096234 0.7376470588235293 0.24476987447698742 0.7341176470588235 0.24267782426778242 0.6741176470588235 0.2510460251046025 0.6635294117647058 0.24686192468619245 0.5941176470588235 0.23849372384937237 0.5764705882352941 0.24267782426778242 0.5470588235294118 0.2301255230125523 0.5164705882352941 0.1694560669456067 0.45999999999999996 0.14644351464435146 0.44823529411764707 0.1401673640167364 0.43176470588235294 0.1297071129707113 0.43176470588235294 0.12552301255230125 0.4211764705882353 0.11924686192468618 0.42705882352941177 0.1108786610878661 0.4223529411764706 0.09414225941422594 0.42823529411764705 0.0899581589958159 0.4258823529411765 0.0794979079497908 0.4376470588235294 0.06903765690376569 0.4376470588235294 0.06276150627615062 0.4423529411764706 0.0502092050209205 0.44117647058823534 0.04184100418410042 0.4352941176470588 0.016736401673640166 0.43647058823529405 0.010460251046025104 0.44117647058823534 0.014644351464435146 0.4564705882352941 0.0020920502092050207 0.47294117647058825 0 0.7717647058823529 0.012552301255230125 0.8
0 0.07740585774058577 0.86 0.0711297071129707 0.8529411764705882 0.0711297071129707 0.8717647058823529 0.07740585774058577 0.86
0 0.02092050209205021 0.9070588235294117 0.023012552301255228 0.9129411764705881 0.0502092050209205 0.9282352941176469 0.05648535564853556 0.9211764705882353 0.0397489539748954 0.891764705882353 0.060669456066945605 0.8694117647058823 0.06485355648535565 0.8435294117647059 0.05648535564853556 0.8376470588235294 0.05439330543933054 0.8223529411764705 0.0020920502092050207 0.788235294117647 0.0041841004184100415 0.9011764705882352 0.02092050209205021 0.9070588235294117
0 0.753125 0.99296875 0.00390625 0.00234375
0 0.9790794979079497 0.9458823529411765 0.9811715481171548 0.9411764705882353 0.9790794979079497 0.9388235294117647 0.9790794979079497 0.9458823529411765
0 0.9184100418410042 0.9305882352941177 0.9246861924686192 0.9364705882352942 0.9456066945606694 0.9376470588235295 0.9518828451882845 0.9364705882352942 0.9518828451882845 0.9270588235294117 0.9602510460251045 0.9258823529411764 0.9539748953974895 0.9211764705882353 0.9686192468619247 0.9188235294117646 0.9707112970711297 0.9152941176470588 0.9581589958158995 0.9129411764705881 0.9476987447698745 0.9270588235294117 0.9393305439330544 0.9199999999999999 0.9351464435146444 0.9223529411764705 0.9267782426778242 0.9188235294117646 0.9205020920502092 0.9223529411764705 0.9163179916317992 0.9152941176470588 0.9184100418410042 0.9211764705882353 0.910041841004184 0.9211764705882353 0.910041841004184 0.931764705882353 0.9184100418410042 0.9305882352941177
0 0.7217573221757322 0.9235294117647058 0.7112970711297071 0.9282352941176469 0.707112970711297 0.924705882352941 0.700836820083682 0.9270588235294117 0.7092050209205021 0.9364705882352942 0.7175732217573222 0.9258823529411764 0.7259414225941423 0.924705882352941 0.7238493723849372 0.9211764705882353 0.7301255230125523 0.9211764705882353 0.7280334728033473 0.9117647058823529 0.7196652719665272 0.9105882352941176 0.7133891213389121 0.9141176470588235 0.7133891213389121 0.9199999999999999 0.7217573221757322 0.9235294117647058
0 0.8514644351464435 0.9035294117647059 0.8577405857740585 0.9 0.8514644351464435 0.9 0.8514644351464435 0.9035294117647059
0 0.8702928870292886 0.9105882352941176 0.8849372384937239 0.9223529411764705 0.8912133891213389 0.9188235294117646 0.901673640167364 0.9223529411764705 0.901673640167364 0.9152941176470588 0.8891213389121339 0.9152941176470588 0.8723849372384936 0.9094117647058824 0.8828451882845189 0.9 0.8682008368200836 0.8964705882352941 0.8640167364016736 0.8988235294117647 0.8619246861924686 0.9105882352941176 0.8702928870292886 0.9105882352941176
0 0.8410041841004183 0.8941176470588236 0.8430962343096233 0.8858823529411766 0.8347280334728033 0.8882352941176471 0.8410041841004183 0.8941176470588236
0 0.8744769874476986 0.8729411764705881 0.8744769874476986 0.8694117647058823 0.8619246861924686 0.8658823529411764 0.8640167364016736 0.8705882352941176 0.8744769874476986 0.8729411764705881
0 0.9497907949790795 0.8788235294117648 0.9560669456066945 0.8823529411764707 0.9497907949790795 0.8941176470588236 0.9644351464435147 0.891764705882353 0.9769874476987447 0.8952941176470588 0.9686192468619247 0.8988235294117647 0.9686192468619247 0.9047058823529411 0.9748953974895397 0.9047058823529411 0.9769874476987447 0.9176470588235294 0.9895397489539748 0.9199999999999999 0.9937238493723848 0.9388235294117647 0.99581589958159 0.9188235294117646 0.9769874476987447 0.9129411764705881 0.9790794979079497 0.908235294117647 0.99581589958159 0.9094117647058824 0.9895397489539748 0.9023529411764706 0.9937238493723848 0.8988235294117647 0.9790794979079497 0.8988235294117647 0.9728033472803347 0.8847058823529412 0.9623430962343097 0.8835294117647059 0.9581589958158995 0.8658823529411764 0.9518828451882845 0.8694117647058823 0.9456066945606694 0.8635294117647059 0.9414225941422594 0.8800000000000001 0.9497907949790795 0.8788235294117648
0 0.910041841004184 0.8952941176470588 0.9184100418410042 0.8941176470588236 0.9246861924686192 0.9094117647058824 0.9309623430962344 0.9117647058823529 0.9372384937238494 0.9058823529411765 0.9456066945606694 0.9070588235294117 0.9456066945606694 0.8976470588235295 0.9288702928870294 0.8988235294117647 0.9225941422594142 0.8941176470588236 0.9330543933054394 0.8776470588235293 0.9205020920502092 0.8788235294117648 0.9205020920502092 0.8729411764705881 0.9330543933054394 0.8670588235294117 0.9309623430962344 0.8635294117647059 0.9205020920502092 0.8670588235294117 0.905857740585774 0.8905882352941177 0.910041841004184 0.8952941176470588
0 0.9267782426778242 0.8611764705882352 0.9351464435146444 0.8552941176470588 0.9205020920502092 0.8552941176470588 0.9267782426778242 0.8611764705882352
0 0.33263598326359833 0.8811764705882353 0.32426778242677823 0.8752941176470588 0.33472803347280333 0.8723529411764706 0.33472803347280333 0.8647058823529411 0.34728033472803344 0.8588235294117647 0.34728033472803344 0.8541176470588235 0.34518828451882844 0.851764705882353 0.3389121338912134 0.8576470588235294 0.3200836820083682 0.8482352941176471 0.30962343096234307 0.8552941176470588 0.30962343096234307 0.8658823529411764 0.33263598326359833 0.8811764705882353
0 0.5669456066945606 0.8129411764705882 0.5711297071129706 0.8058823529411765 0.5669456066945606 0.8047058823529412 0.5669456066945606 0.8129411764705882
0 0.598326359832636 0.7905882352941177 0.5920502092050209 0.788235294117647 0.5941422594142259 0.7976470588235294 0.598326359832636 0.7905882352941177
0 0.36610878661087864 0.8858823529411766 0.3305439330543933 0.8976470588235295 0.32217573221757323 0.9188235294117646 0.3723849372384937 0.9741176470588234 0.41631799163179917 0.9670588235294117 0.4351464435146443 0.9576470588235294 0.4665271966527197 0.9529411764705882 0.48326359832635984 0.9458823529411765 0.5209205020920502 0.943529411764706 0.5878661087866108 0.924705882352941 0.604602510460251 0.924705882352941 0.608786610878661 0.931764705882353 0.6213389121338911 0.9223529411764705 0.6443514644351465 0.9223529411764705 0.6506276150627615 0.9270588235294117 0.6820083682008369 0.9258823529411764 0.6820083682008369 0.9047058823529411 0.6924686192468619 0.8988235294117647 0.7301255230125523 0.9 0.7845188284518828 0.8835294117647059 0.807531380753138 0.8882352941176471 0.8179916317991631 0.8717647058823529 0.8472803347280335 0.868235294117647 0.8598326359832635 0.86 0.897489539748954 0.8505882352941176 0.903765690376569 0.8552941176470588 0.907949790794979 0.8482352941176471 0.9288702928870294 0.8400000000000001 0.9539748953974895 0.8388235294117647 0.9539748953974895 0.8552941176470588 0.9623430962343097 0.8623529411764705 0.9769874476987447 0.8482352941176471 0.9937238493723848 0.8541176470588235 0.997907949790795 0.7258823529411764 0.9832635983263598 0.7258823529411764 0.9184100418410042 0.7458823529411764 0.8430962343096233 0.7647058823529411 0.8200836820083681 0.7670588235294118 0.807531380753138 0.7752941176470588 0.6861924686192469 0.8047058823529412 0.6778242677824268 0.8035294117647058 0.6694560669456067 0.7894117647058823 0.6631799163179916 0.788235294117647 0.6631799163179916 0.7947058823529412 0.6736401673640167 0.8011764705882353 0.6631799163179916 0.8011764705882353 0.6569037656903765 0.8105882352941176 0.6501728215390213 0.8030179028132993 0.6401673640167364 0.8176470588235294 0.6150627615062761 0.8235294117647058 0.604602510460251 0.8223529411764705 0.5899581589958158 0.828235294117647 0.5836820083682008 0.8270588235294116 0.5857740585774058 0.8035294117647058 0.5774058577405857 0.8011764705882353 0.5753138075313807 0.8305882352941177 0.5669456066945606 0.8294117647058824 0.5355648535564853 0.8423529411764706 0.5146443514644352 0.8423529411764706 0.5271966527196652 0.8141176470588235 0.5167364016736402 0.8152941176470587 0.5104602510460251 0.8105882352941176 0.48953974895397484 0.8176470588235294 0.48117154811715485 0.8058823529411765 0.4686192468619247 0.8035294117647058 0.4581589958158996 0.8364705882352942 0.4330543933054393 0.8341176470588236 0.42677824267782427 0.8270588235294116 0.42259414225941416 0.8388235294117647 0.41213389121338906 0.8341176470588236 0.405857740585774 0.8400000000000001 0.399581589958159 0.8352941176470589 0.3933054393305439 0.8411764705882353 0.38912133891213385 0.8376470588235294 0.37656903765690375 0.8388235294117647 0.36610878661087864 0.8470588235294118 0.3577405857740586 0.8423529411764706 0.3535564853556485 0.8447058823529412 0.3535564853556485 0.8588235294117647 0.36401673640167365 0.86 0.36820083682008364 0.868235294117647 0.36610878661087864 0.8858823529411766
0 0.1694560669456067 0.9211764705882353 0.17364016736401672 0.9329411764705883 0.1903765690376569 0.9329411764705883 0.20502092050209203 0.9423529411764706 0.19874476987447698 0.9552941176470588 0.20920502092050208 0.9505882352941176 0.21548117154811716 0.9588235294117646 0.22594142259414224 0.9564705882352941 0.2489539748953975 0.9611764705882353 0.2824267782426778 0.9823529411764707 0.31171548117154807 0.9788235294117648 0.3075313807531381 0.9905882352941177 0.3138075313807531 0.9941176470588236 0.33472803347280333 0.9788235294117648 0.31171548117154807 0.9705882352941175 0.31171548117154807 0.8952941176470588 0.299163179916318 0.8858823529411766 0.2928870292887029 0.8588235294117647 0.2719665271966527 0.8482352941176471 0.2594142259414226 0.8294117647058824 0.25523012552301255 0.8411764705882353 0.2217573221757322 0.8352941176470589 0.18828451882845187 0.851764705882353 0.17782426778242677 0.8658823529411764 0.18410041841004182 0.876470588235294 0.17782426778242677 0.891764705882353 0.1694560669456067 0.9047058823529411 0.15690376569037656 0.9047058823529411 0.15481171548117154 0.9105882352941176 0.1694560669456067 0.9211764705882353
0 0.27615062761506276 0.8847058823529412 0.27824267782426776 0.8788235294117648 0.2719665271966527 0.8788235294117648 0.27615062761506276 0.8847058823529412
0 0.2510460251046025 0.851764705882353 0.2489539748953975 0.8435294117647059 0.24476987447698742 0.8458823529411765 0.2510460251046025 0.851764705882353
0 0.0041841004184100415 0.6619611764705883 0.0041841004184100415 0.6686270588235294 0.016736401673640166 0.6717647058823529 0 0.6788235294117647 0 0.7023529411764706 0.010460251046025104 0.7058823529411764 0 0.7152941176470587 0 0.7741176470588236 0.006276150627615063 0.7894117647058823 0.0020920502092050207 0.8047058823529412 0.010460251046025104 0.8070588235294117 0.0020920502092050207 0.8117647058823529 0.008368200836820083 0.8141176470588235 0.01882845188284519 0.8047058823529412 0.03556485355648535 0.8176470588235294 0.03138075313807531 0.8270588235294116 0.02092050209205021 0.8247058823529411 0.03138075313807531 0.8423529411764706 0.0041841004184100415 0.8435294117647059 0.010460251046025104 0.8482352941176471 0.0020920502092050207 0.851764705882353 0.008368200836820083 0.8658823529411764 0.008368200836820083 0.8976470588235295 0.05230125523012552 0.9329411764705883 0.043933054393305436 0.9388235294117647 0.04811715481171548 0.9458823529411765 0.058577405857740586 0.9482352941176471 0.0502092050209205 0.9535294117647058 0.05648535564853556 0.9564705882352941 0.0502092050209205 0.96 0.060669456066945605 0.96 0.060669456066945605 0.9470588235294117 0.06694560669456066 0.9458823529411765 0.0899581589958159 0.9564705882352941 0.09414225941422594 0.968235294117647 0.10460251046025104 0.9741176470588234 0.12343096234309622 0.9729411764705882 0.1297071129707113 0.968235294117647 0.14644351464435146 0.9658823529411764 0.1631799163179916 0.9741176470588234 0.17782426778242677 0.9694117647058823 0.19874476987447698 0.9541176470588235 0.21548117154811716 0.9505882352941176 0.24058577405857742 0.9329411764705883 0.24686192468619245 0.9305882352941177 0.2573221757322176 0.9352941176470588 0.2489539748953975 0.9305882352941177 0.2573221757322176 0.9282352941176469 0.2489539748953975 0.924705882352941 0.2573221757322176 0.9188235294117646 0.2531380753138075 0.9 0.2615062761506276 0.8882352941176471 0.25523012552301255 0.8823529411764707 0.2615062761506276 0.8835294117647059 0.2635983263598326 0.8776470588235293 0.25523012552301255 0.8741176470588234 0.2635983263598326 0.8711764705882352 0.2635983263598326 0.8647058823529411 0.25523012552301255 0.8658823529411764 0.2531380753138075 0.8576470588235294 0.23640167364016734 0.8564705882352941 0.2301255230125523 0.8505882352941176 0.2510460251046025 0.8341176470588236 0.2510460251046025 0.7870588235294117 0.24476987447698742 0.7682352941176471 0.23849372384937237 0.7670588235294118 0.23640167364016734 0.7482352941176471 0.21966527196652716 0.7423529411764707 0.202928870292887 0.7470588235294118 0.200836820083682 0.7223529411764706 0.19246861924686193 0.7223529411764706 0.18828451882845187 0.7317647058823529 0.1799163179916318 0.7329411764705882 0.18200836820083682 0.74 0.16736401673640167 0.7411764705882353 0.1589958158995816 0.7364705882352941 0.16736401673640167 0.7305882352941176 0.15481171548117154 0.7211764705882353 0.16108786610878661 0.7176470588235294 0.15690376569037656 0.7141176470588235 0.1401673640167364 0.7141176470588235 0.12761506276150628 0.6976470588235294 0.10251046025104602 0.6976470588235294 0.08786610878661087 0.691764705882353 0.09832635983263598 0.6858823529411764 0.0815899581589958 0.6894117647058823 0.07322175732217573 0.6847058823529412 0.06276150627615062 0.6847058823529412 0.06485355648535565 0.6788235294117647 0.05230125523012552 0.6599999999999999 0.05230125523012552 0.6647058823529411 0.03347280334728033 0.6635294117647058 0.012552301255230125 0.6576470588235294 0.012552301255230125 0.6635294117647058 0.0041841004184100415 0.6619611764705883
0 0.07740585774058577 0.6635294117647058 0.0899581589958159 0.6694117647058824 0.07740585774058577 0.6741176470588235 0.0794979079497908 0.6764705882352942 0.09832635983263598 0.6717647058823529 0.100418410041841 0.6611764705882353 0.0899581589958159 0.6588235294117647 0.100418410041841 0.6517647058823529 0.09414225941422594 0.6505882352941177 0.08368200836820083 0.6647058823529411 0.07740585774058577 0.6635294117647058
0 0.18200836820083682 0.9905882352941177 0.17364016736401672 0.9929411764705882 0.18619246861924685 0.9941176470588236 0.18200836820083682 0.9905882352941177
0 0.3 0.90859375 0.00234375 0.00234375
0 0.0041841004184100415 0.9964705882352941 0.014644351464435146 0.9941176470588236 0.02510460251046025 0.9988235294117647 0.046025104602510455 0.9988235294117647 0.0502092050209205 0.9952941176470589 0.060669456066945605 0.9988235294117647 0.06903765690376569 0.9952941176470589 0.08368200836820083 0.9952941176470589 0.08786610878661087 0.9988235294117647 0.10460251046025104 0.9952941176470589 0.10878661087866108 0.9988235294117647 0.12133891213389121 0.9988235294117647 0.11924686192468618 0.9811764705882353 0.13598326359832635 0.9800000000000001 0.14853556485355648 0.9729411764705882 0.16108786610878661 0.9788235294117648 0.18828451882845187 0.9647058823529411 0.19874476987447698 0.9541176470588235 0.20920502092050208 0.9494117647058824 0.21548117154811716 0.9541176470588235 0.2531380753138075 0.9117647058823529 0.2489539748953975 0.8941176470588236 0.23640167364016734 0.891764705882353 0.24476987447698742 0.8800000000000001 0.24267782426778242 0.8611764705882352 0.23221757322175735 0.8635294117647059 0.22594142259414224 0.8717647058823529 0.21757322175732216 0.8647058823529411 0.21129707112970708 0.876470588235294 0.202928870292887 0.876470588235294 0.19456066945606693 0.8835294117647059 0.1799163179916318 0.8741176470588234 0.200836820083682 0.8494117647058823 0.21966527196652716 0.8411764705882353 0.23221757322175735 0.8411764705882353 0.23640167364016734 0.8258823529411764 0.24476987447698742 0.8258823529411764 0.24476987447698742 0.8152941176470587 0.23640167364016734 0.8141176470588235 0.24267782426778242 0.8105882352941176 0.23849372384937237 0.8070588235294117 0.2510460251046025 0.7941176470588236 0.24686192468619245 0.7764705882352941 0.23640167364016734 0.7647058823529411 0.23640167364016734 0.7482352941176471 0.21966527196652716 0.7305882352941176 0.2217573221757322 0.72 0.21338912133891214 0.7117647058823529 0.21757322175732216 0.7047058823529412 0.22384937238493724 0.7058823529411764 0.23221757322175735 0.6988235294117647 0.22594142259414224 0.6952941176470588 0.22594142259414224 0.6729411764705883 0.2301255230125523 0.6694117647058824 0.24267782426778242 0.6717647058823529 0.2489539748953975 0.6611764705882353 0.24686192468619245 0.5941176470588235 0.23849372384937237 0.5776470588235294 0.24267782426778242 0.54 0.2301255230125523 0.5141176470588235 0.1297071129707113 0.4176470588235294 0.09205020920502091 0.38823529411764707 0.02719665271966527 0.3247058823529412 0.010460251046025104 0.3164705882352941 0.0020920502092050207 0.3176470588235294 0 0.9905882352941177 0.0041841004184100415 0.9964705882352941
0 0.008368200836820083 0.7847058823529411 0.07531380753138076 0.8305882352941177 0.0815899581589958 0.8411764705882353 0.09623430962343096 0.8447058823529412 0.10251046025104602 0.8623529411764705 0.1297071129707113 0.8694117647058823 0.1297071129707113 0.8776470588235293 0.13598326359832635 0.8788235294117648 0.13598326359832635 0.8705882352941176 0.14435146443514643 0.8694117647058823 0.16108786610878661 0.8800000000000001 0.16108786610878661 0.8647058823529411 0.20920502092050208 0.8329411764705883 0.21757322175732216 0.8352941176470589 0.22594142259414224 0.828235294117647 0.24267782426778242 0.8258823529411764 0.2510460251046025 0.8129411764705882 0.24476987447698742 0.7505882352941177 0.2301255230125523 0.7364705882352941 0.23430962343096234 0.7270588235294118 0.22594142259414224 0.7188235294117648 0.20711297071129708 0.7247058823529412 0.19874476987447698 0.7164705882352942 0.18828451882845187 0.7164705882352942 0.17573221757322174 0.7105882352941176 0.1589958158995816 0.6882352941176471 0.1108786610878661 0.6447058823529412 0.07740585774058577 0.6258823529411764 0.05648535564853556 0.6447058823529412 0.046025104602510455 0.6364705882352941 0.029288702928870293 0.6329411764705882 0.0041841004184100415 0.6376470588235293 0 0.7694117647058824 0.008368200836820083 0.7847058823529411
0 0.029288702928870293 0.968235294117647 0.05230125523012552 0.9623529411764705 0.06276150627615062 0.9729411764705882 0.08577405857740586 0.9694117647058823 0.09832635983263598 0.9752941176470588 0.11297071129707112 0.9752941176470588 0.16108786610878661 0.9529411764705882 0.17782426778242677 0.9552941176470588 0.17782426778242677 0.9482352941176471 0.18828451882845187 0.9470588235294117 0.1903765690376569 0.9423529411764706 0.17364016736401672 0.943529411764706 0.16527196652719664 0.9282352941176469 0.1422594142259414 0.908235294117647 0.13807531380753138 0.8847058823529412 0.100418410041841 0.868235294117647 0.08368200836820083 0.8505882352941176 0.07531380753138076 0.8505882352941176 0.05230125523012552 0.8176470588235294 0.0041841004184100415 0.7894117647058823 0.0041841004184100415 0.9482352941176471 0.029288702928870293 0.968235294117647
0 0.008368200836820083 0.5705882352941176 0.01882845188284519 0.5752941176470588 0.04811715481171548 0.5752941176470588 0.06276150627615062 0.5941176470588235 0.0815899581589958 0.6011764705882353 0.10669456066945607 0.6258823529411764 0.11924686192468618 0.628235294117647 0.12133891213389121 0.64 0.13807531380753138 0.64 0.1422594142259414 0.6317647058823529 0.16527196652719664 0.6294117647058823 0.1799163179916318 0.6341176470588235 0.18828451882845187 0.6423529411764706 0.200836820083682 0.6376470588235293 0.20502092050209203 0.64 0.21548117154811716 0.6317647058823529 0.21548117154811716 0.6176470588235294 0.22384937238493724 0.6164705882352941 0.22594142259414224 0.6023529411764705 0.23849372384937237 0.5929411764705883 0.23849372384937237 0.58 0.2217573221757322 0.5705882352941176 0.24058577405857742 0.5517647058823529 0.23221757322175735 0.5247058823529411 0.21129707112970708 0.5141176470588235 0.19456066945606693 0.52 0.18410041841004182 0.5152941176470589 0.17573221757322174 0.49764705882352944 0.1631799163179916 0.5035294117647059 0.1527196652719665 0.5035294117647059 0.14853556485355648 0.4964705882352941 0.13807531380753138 0.49411764705882355 0.1422594142259414 0.49058823529411766 0.1297071129707113 0.48470588235294115 0.10878661087866108 0.4835294117647059 0.09832635983263598 0.4764705882352941 0.08786610878661087 0.48117647058823526 0.060669456066945605 0.4658823529411765 0.029288702928870293 0.4752941176470588 0.0020920502092050207 0.4764705882352941 0 0.5447058823529412 0.008368200836820083 0.5705882352941176
0 0.021875 0.9078125 0.00234375 0.0015625
0 0.014644351464435146 0.86 0.014644351464435146 0.8552941176470588 0.0041841004184100415 0.8552941176470588 0.014644351464435146 0.86
0 0.010460251046025104 0.6270588235294118 0.014644351464435146 0.6305882352941177 0 0.64 0.0020920502092050207 0.7847058823529411 0.006276150627615063 0.7964705882352942 0.03765690376569038 0.8176470588235294 0.0397489539748954 0.8364705882352942 0.0502092050209205 0.8364705882352942 0.06276150627615062 0.8505882352941176 0.058577405857740586 0.8647058823529411 0.04811715481171548 0.8717647058823529 0.03138075313807531 0.8694117647058823 0.01882845188284519 0.8729411764705881 0.014644351464435146 0.868235294117647 0.010460251046025104 0.8694117647058823 0.010460251046025104 0.8976470588235295 0.02719665271966527 0.9011764705882352 0.029288702928870293 0.9141176470588235 0.03556485355648535 0.9141176470588235 0.05230125523012552 0.9305882352941177 0.05230125523012552 0.9376470588235295 0.046025104602510455 0.9388235294117647 0.05230125523012552 0.951764705882353 0.058577405857740586 0.951764705882353 0.05230125523012552 0.96 0.06694560669456066 0.9458823529411765 0.0899581589958159 0.9552941176470588 0.09414225941422594 0.968235294117647 0.10251046025104602 0.9729411764705882 0.11924686192468618 0.9647058823529411 0.12552301255230125 0.9694117647058823 0.14853556485355648 0.9647058823529411 0.16527196652719664 0.9729411764705882 0.24267782426778242 0.931764705882353 0.24476987447698742 0.9223529411764705 0.2573221757322176 0.9141176470588235 0.2510460251046025 0.9023529411764706 0.25523012552301255 0.8894117647058823 0.24267782426778242 0.8835294117647059 0.2489539748953975 0.8788235294117648 0.24267782426778242 0.86 0.22594142259414224 0.868235294117647 0.21757322175732216 0.8658823529411764 0.19456066945606693 0.8823529411764707 0.18200836820083682 0.8752941176470588 0.20711297071129708 0.8494117647058823 0.21966527196652716 0.8423529411764706 0.22803347280334724 0.8423529411764706 0.23221757322175735 0.8364705882352942 0.2510460251046025 0.8341176470588236 0.2510460251046025 0.7858823529411765 0.24267782426778242 0.7517647058823529 0.2301255230125523 0.7435294117647059 0.21966527196652716 0.7235294117647059 0.21129707112970708 0.7258823529411764 0.202928870292887 0.7176470588235294 0.18619246861924685 0.7164705882352942 0.17573221757322174 0.7105882352941176 0.16108786610878661 0.6894117647058823 0.12133891213389121 0.6564705882352941 0.10669456066945607 0.6364705882352941 0.08577405857740586 0.6270588235294118 0.08368200836820083 0.6211764705882353 0.0711297071129707 0.6235294117647059 0.06276150627615062 0.6188235294117648 0.06276150627615062 0.6270588235294118 0.0502092050209205 0.6352941176470588 0.03138075313807531 0.628235294117647 0.010460251046025104 0.6258823529411764 0.016736401673640166 0.6188235294117648 0.014644351464435146 0.6070588235294118 0.0041841004184100415 0.6070588235294118 0.0041841004184100415 0.6294117647058823 0.010460251046025104 0.6270588235294118
0 0.02510460251046025 0.6047058823529412 0.03347280334728033 0.6047058823529412 0.023012552301255228 0.5905882352941176 0.029288702928870293 0.588235294117647 0.02510460251046025 0.5835294117647059 0.01882845188284519 0.5964705882352941 0.02510460251046025 0.6047058823529412
0 0.22384937238493724 0.5352941176470588 0.21966527196652716 0.5329411764705883 0.21548117154811716 0.5435294117647059 0.22384937238493724 0.5352941176470588
0 0.01328125 0.4953125 0.00234375 0.00234375
0 0.010460251046025104 0.48235294117647054 0.03765690376569038 0.4894117647058824 0.04811715481171548 0.4835294117647059 0.05439330543933054 0.48588235294117643 0.060669456066945605 0.4894117647058824 0.060669456066945605 0.5023529411764706 0.06903765690376569 0.5011764705882353 0.0794979079497908 0.508235294117647 0.07740585774058577 0.5117647058823529 0.0899581589958159 0.5058823529411764 0.10878661087866108 0.5047058823529411 0.11715481171548117 0.5070588235294118 0.11924686192468618 0.5152941176470589 0.13389121338912133 0.5211764705882354 0.14644351464435146 0.5152941176470589 0.1527196652719665 0.5188235294117647 0.1506276150627615 0.528235294117647 0.1589958158995816 0.5258823529411765 0.16736401673640167 0.5352941176470588 0.17364016736401672 0.5270588235294118 0.19246861924686193 0.528235294117647 0.20711297071129708 0.5223529411764706 0.21757322175732216 0.5258823529411765 0.22384937238493724 0.5176470588235295 0.21548117154811716 0.5011764705882353 0.10460251046025104 0.3988235294117647 0.100418410041841 0.3976470588235294 0.09205020920502091 0.40588235294117647 0.0815899581589958 0.4023529411764706 0.07740585774058577 0.41647058823529415 0.0502092050209205 0.42705882352941177 0.03556485355648535 0.4188235294117647 0.0041841004184100415 0.42000000000000004 0.0041841004184100415 0.4776470588235294 0.010460251046025104 0.48235294117647054
0 0.2615062761506276 0.5470588235294118 0.2719665271966527 0.5576470588235294 0.2907949790794979 0.5635294117647058 0.34728033472803344 0.5458823529411765 0.3514644351464435 0.54 0.3598326359832636 0.5411764705882354 0.37029288702928864 0.5305882352941176 0.38912133891213385 0.5317647058823529 0.403765690376569 0.5258823529411765 0.41841004184100417 0.5294117647058824 0.41004184100418406 0.5223529411764706 0.4351464435146443 0.5188235294117647 0.44142259414225943 0.5047058823529411 0.4518828451882845 0.5152941176470589 0.4581589958158996 0.5152941176470589 0.47489539748953974 0.5011764705882353 0.4937238493723849 0.5011764705882353 0.5146443514644352 0.49411764705882355 0.5271966527196652 0.4988235294117647 0.5523012552301255 0.488235294117647 0.5606694560669456 0.4788235294117647 0.602510460251046 0.48117647058823526 0.610878661087866 0.4670588235294118 0.6255230125523012 0.4682352941176471 0.6485355648535565 0.4564705882352941 0.6778242677824268 0.45294117647058824 0.6757322175732218 0.44823529411764707 0.6861924686192469 0.45294117647058824 0.7133891213389121 0.4552941176470588 0.7154811715481172 0.45999999999999996 0.7301255230125523 0.4588235294117647 0.707112970711297 0.4458823529411765 0.700836820083682 0.4447058823529412 0.6945606694560669 0.44941176470588234 0.6841004184100419 0.44117647058823534 0.6213389121338911 0.4176470588235294 0.5836820083682008 0.4117647058823529 0.2928870292887029 0.49764705882352944 0.25523012552301255 0.5152941176470589 0.2531380753138075 0.5305882352941176 0.2615062761506276 0.5470588235294118
0 0.23640167364016734 0.64 0.23849372384937237 0.6305882352941177 0.23221757322175735 0.628235294117647 0.22803347280334724 0.6364705882352941 0.23640167364016734 0.64
0 0 0.5 0 0.5870588235294117 0.008368200836820083 0.5941176470588235 0.006276150627615063 0.6047058823529412 0.02092050209205021 0.608235294117647 0.01882845188284519 0.6247058823529412 0.046025104602510455 0.6329411764705882 0.05648535564853556 0.6411764705882353 0.06485355648535565 0.6270588235294118 0.07531380753138076 0.62 0.08368200836820083 0.62 0.11297071129707112 0.6376470588235293 0.15690376569037656 0.6811764705882353 0.17364016736401672 0.6835294117647058 0.17782426778242677 0.6952941176470588 0.18410041841004182 0.6964705882352942 0.18828451882845187 0.6835294117647058 0.19456066945606693 0.6835294117647058 0.19665271966527195 0.6788235294117647 0.1903765690376569 0.6611764705882353 0.21129707112970708 0.6447058823529412 0.21966527196652716 0.6458823529411765 0.22594142259414224 0.6258823529411764 0.23430962343096234 0.6235294117647059 0.23640167364016734 0.6176470588235294 0.24686192468619245 0.6164705882352941 0.24267782426778242 0.6011764705882353 0.23640167364016734 0.5988235294117648 0.23640167364016734 0.58 0.21548117154811716 0.5682352941176471 0.23221757322175735 0.556470588235294 0.23221757322175735 0.5352941176470588 0.202928870292887 0.5235294117647059 0.21338912133891214 0.5188235294117647 0.20920502092050208 0.5164705882352941 0.200836820083682 0.5247058823529411 0.19246861924686193 0.5235294117647059 0.18200836820083682 0.5317647058823529 0.16108786610878661 0.5341176470588235 0.1527196652719665 0.5176470588235295 0.1401673640167364 0.5152941176470589 0.1297071129707113 0.491764705882353 0.11297071129707112 0.4894117647058824 0.09832635983263598 0.48117647058823526 0.0815899581589958 0.48235294117647054 0.06276150627615062 0.47058823529411764 0.04811715481171548 0.47058823529411764 0.043933054393305436 0.47411764705882353 0.0397489539748954 0.471764705882353 0.029288702928870293 0.4764705882352941 0.0041841004184100415 0.4752941176470588 0.008368200836820083 0.48117647058823526 0 0.5
0 0.13671875 0.875 0.00234375 0.00390625
0 0.24609375 0.79375 0.00234375 0.00625
0 0 0.571764705882353 0 0.5847058823529412 0.006276150627615063 0.5894117647058823 0.006276150627615063 0.5988235294117648 0 0.6023529411764705 0 0.7682352941176471 0.010460251046025104 0.7858823529411765 0.0794979079497908 0.8305882352941177 0.0794979079497908 0.8352941176470589 0.10460251046025104 0.8364705882352942 0.100418410041841 0.8494117647058823 0.10669456066945607 0.8611764705882352 0.11924686192468618 0.8623529411764705 0.1297071129707113 0.8552941176470588 0.1317991631799163 0.8623529411764705 0.14435146443514643 0.8611764705882352 0.14644351464435146 0.8694117647058823 0.15481171548117154 0.8658823529411764 0.14435146443514643 0.8576470588235294 0.15481171548117154 0.8576470588235294 0.15481171548117154 0.8447058823529412 0.17364016736401672 0.8411764705882353 0.17782426778242677 0.8482352941176471 0.17782426778242677 0.8305882352941177 0.18619246861924685 0.8294117647058824 0.19456066945606693 0.8364705882352942 0.202928870292887 0.8294117647058824 0.202928870292887 0.8141176470588235 0.21129707112970708 0.8117647058823529 0.20502092050209203 0.8023529411764706 0.18200836820083682 0.8094117647058823 0.1799163179916318 0.7976470588235294 0.19874476987447698 0.7905882352941177 0.20502092050209203 0.7917647058823529 0.21966527196652716 0.7835294117647058 0.22594142259414224 0.7858823529411765 0.22803347280334724 0.7705882352941177 0.23640167364016734 0.7694117647058824 0.23640167364016734 0.7517647058823529 0.22384937238493724 0.7364705882352941 0.22384937238493724 0.7252941176470589 0.21757322175732216 0.7235294117647059 0.22384937238493724 0.7176470588235294 0.18619246861924685 0.7117647058823529 0.19665271966527195 0.7023529411764706 0.20502092050209203 0.7023529411764706 0.20711297071129708 0.691764705882353 0.19665271966527195 0.6894117647058823 0.200836820083682 0.6705882352941177 0.19456066945606693 0.6670588235294118 0.1903765690376569 0.6505882352941177 0.15690376569037656 0.6152941176470589 0.14435146443514643 0.6141176470588234 0.14644351464435146 0.591764705882353 0.1317991631799163 0.591764705882353 0.11924686192468618 0.5858823529411764 0.10251046025104602 0.5623529411764705 0.09623430962343096 0.5599999999999999 0.08577405857740586 0.5647058823529412 0.08368200836820083 0.556470588235294 0.07531380753138076 0.556470588235294 0.05230125523012552 0.5435294117647059 0.0397489539748954 0.5270588235294118 0.03556485355648535 0.5317647058823529 0.03138075313807531 0.5305882352941176 0.046025104602510455 0.5388235294117647 0.046025104602510455 0.5435294117647059 0.02510460251046025 0.5411764705882354 0.006276150627615063 0.5529411764705883 0.006276150627615063 0.5705882352941176 0 0.571764705882353
0 0.3723849372384937 0.9658823529411764 0.37866108786610875 0.9647058823529411 0.38284518828451886 0.9717647058823529 0.38284518828451886 0.9635294117647059 0.3723849372384937 0.9552941176470588 0.3723849372384937 0.9658823529411764
0 0.37656903765690375 0.9223529411764705 0.37656903765690375 0.9141176470588235 0.3723849372384937 0.9152941176470588 0.37029288702928864 0.9223529411764705 0.37656903765690375 0.9223529411764705
0 0.4518828451882845 0.9105882352941176 0.4456066945606694 0.9117647058823529 0.4456066945606694 0.9188235294117646 0.4518828451882845 0.9105882352941176
0 0.4309623430962343 0.908235294117647 0.4330543933054393 0.9117647058823529 0.42050209205020916 0.9176470588235294 0.4309623430962343 0.9223529411764705 0.4351464435146443 0.9129411764705881 0.42677824267782427 0.9011764705882352 0.42259414225941416 0.9047058823529411 0.42050209205020916 0.908235294117647 0.4309623430962343 0.908235294117647
0 0.7238493723849372 0.8800000000000001 0.7280334728033473 0.8752941176470588 0.7196652719665272 0.868235294117647 0.7154811715481172 0.8694117647058823 0.7112970711297071 0.8776470588235293 0.7238493723849372 0.8800000000000001
0 0.47489539748953974 0.9447058823529412 0.4476987447698745 0.9576470588235294 0.4246861924686193 0.9611764705882353 0.3953974895397489 0.976470588235294 0.3389121338912134 0.9941176470588236 0.34518828451882844 0.9988235294117647 0.44142259414225943 0.9988235294117647 0.4539748953974895 0.9952941176470589 0.4686192468619247 0.9988235294117647 0.50418410041841 0.9988235294117647 0.5104602510460251 0.9952941176470589 0.5188284518828452 0.9988235294117647 0.5397489539748953 0.9988235294117647 0.5523012552301255 0.9941176470588236 0.5648535564853556 0.9988235294117647 0.799163179916318 0.9988235294117647 0.803347280334728 0.9952941176470589 0.8221757322175731 0.9988235294117647 0.9937238493723848 0.9988235294117647 0.997907949790795 0.9941176470588236 0.997907949790795 0.976470588235294 0.9874476987447698 0.9717647058823529 0.99581589958159 0.9658823529411764 0.997907949790795 0.9211764705882353 0.9937238493723848 0.8258823529411764 0.9393305439330544 0.8376470588235294 0.8640167364016736 0.8635294117647059 0.7949790794979079 0.8788235294117648 0.7656903765690377 0.891764705882353 0.7468619246861924 0.8894117647058823 0.7238493723849372 0.9023529411764706 0.6882845188284519 0.8988235294117647 0.5878661087866108 0.9211764705882353 0.5355648535564853 0.8952941176470588 0.506276150627615 0.9 0.47907949790794974 0.9258823529411764 0.47489539748953974 0.9447058823529412
0 0.0041841004184100415 0.6580388235294117 0 0.6776470588235294 0 0.7717647058823529 0.008368200836820083 0.7847058823529411 0.060669456066945605 0.8188235294117646 0.0794979079497908 0.8376470588235294 0.09414225941422594 0.8376470588235294 0.10669456066945607 0.8623529411764705 0.12552301255230125 0.8647058823529411 0.1401673640167364 0.86 0.13807531380753138 0.8635294117647059 0.15690376569037656 0.8729411764705881 0.16108786610878661 0.8611764705882352 0.15481171548117154 0.851764705882353 0.16736401673640167 0.8470588235294118 0.17154811715481172 0.8505882352941176 0.18410041841004182 0.8482352941176471 0.21548117154811716 0.8294117647058824 0.21966527196652716 0.8141176470588235 0.23430962343096234 0.8070588235294117 0.22803347280334724 0.7847058823529411 0.24058577405857742 0.7670588235294118 0.23640167364016734 0.7482352941176471 0.202928870292887 0.7305882352941176 0.19665271966527195 0.7223529411764706 0.17364016736401672 0.7141176470588235 0.15690376569037656 0.6929411764705883 0.12761506276150628 0.6752941176470588 0.12552301255230125 0.6658823529411765 0.11715481171548117 0.6811764705882353 0.10251046025104602 0.6835294117647058 0.10878661087866108 0.6552941176470588 0.10460251046025104 0.6470588235294118 0.07740585774058577 0.6470588235294118 0.07322175732217573 0.6364705882352941 0.06694560669456066 0.64 0.07322175732217573 0.6458823529411765 0.06694560669456066 0.648235294117647 0.07740585774058577 0.648235294117647 0.08368200836820083 0.6541176470588235 0.07740585774058577 0.6564705882352941 0.05648535564853556 0.6552941176470588 0.04184100418410042 0.6588235294117647 0.02719665271966527 0.6529411764705882 0.014644351464435146 0.6552941176470588 0.008368200836820083 0.6494117647058824 0.0041841004184100415 0.6505882352941177 0.012552301255230125 0.6541176470588235 0.0041841004184100415 0.6580388235294117
0 0.38828125 0.65546875 0.00234375 0.00234375
0 0.37578125 0.63671875 0.00234375 0.0015625
0 0.303347280334728 0.6847058823529412 0.2907949790794979 0.6952941176470588 0.299163179916318 0.7117647058823529 0.299163179916318 0.7435294117647059 0.303347280334728 0.7494117647058823 0.3138075313807531 0.7517647058823529 0.33263598326359833 0.7458823529411764 0.34728033472803344 0.7458823529411764 0.3514644351464435 0.7611764705882352 0.36401673640167365 0.76 0.37029288702928864 0.7635294117647058 0.36610878661087864 0.7670588235294118 0.37866108786610875 0.7682352941176471 0.3807531380753138 0.7717647058823529 0.3933054393305439 0.7717647058823529 0.40794979079497906 0.7611764705882352 0.4309623430962343 0.7588235294117647 0.44142259414225943 0.7505882352941177 0.4665271966527197 0.7517647058823529 0.47698744769874474 0.7458823529411764 0.5251046025104602 0.7364705882352941 0.5418410041841004 0.7270588235294118 0.5753138075313807 0.72 0.5878661087866108 0.7223529411764706 0.600418410041841 0.7129411764705882 0.6150627615062761 0.7176470588235294 0.6652719665271967 0.6976470588235294 0.6715481171548117 0.7047058823529412 0.6778242677824268 0.7047058823529412 0.6736401673640167 0.7141176470588235 0.6841004184100419 0.7094117647058823 0.6945606694560669 0.7117647058823529 0.6820083682008369 0.7270588235294118 0.6882845188284519 0.7294117647058823 0.6945606694560669 0.7258823529411764 0.702928870292887 0.7388235294117647 0.7092050209205021 0.74 0.702928870292887 0.7364705882352941 0.7280334728033473 0.7176470588235294 0.7489539748953975 0.7152941176470587 0.7740585774058577 0.7188235294117648 0.7656903765690377 0.7270588235294118 0.7698744769874477 0.7294117647058823 0.7887029288702928 0.7235294117647059 0.7949790794979079 0.7117647058823529 0.8158995815899581 0.7082352941176471 0.8284518828451883 0.7105882352941176 0.8891213389121339 0.6988235294117647 0.9225941422594142 0.6776470588235294 0.9288702928870294 0.6811764705882353 0.9560669456066945 0.6799999999999999 0.9811715481171548 0.6670588235294118 0.9769874476987447 0.6494117647058824 0.9937238493723848 0.6411764705882353 0.9937238493723848 0.6223529411764706 0.9874476987447698 0.6129411764705882 0.9728033472803347 0.6129411764705882 0.9686192468619247 0.6058823529411764 0.9937238493723848 0.588235294117647 0.99581589958159 0.5705882352941176 0.9853556485355648 0.5623529411764705 0.9623430962343097 0.5776470588235294 0.9246861924686192 0.5811764705882353 0.905857740585774 0.5870588235294117 0.8912133891213389 0.5847058823529412 0.8577405857740585 0.5929411764705883 0.8514644351464435 0.5858823529411764 0.8556485355648535 0.5823529411764705 0.8430962343096233 0.5811764705882353 0.8410041841004183 0.571764705882353 0.8368200836820083 0.5752941176470588 0.8200836820083681 0.5741176470588235 0.8138075313807531 0.5847058823529412 0.801255230125523 0.5894117647058823 0.7887029288702928 0.5847058823529412 0.7782426778242677 0.588235294117647 0.7531380753138075 0.588235294117647 0.7364016736401673 0.5741176470588235 0.7322175732217573 0.5788235294117647 0.7196652719665272 0.5741176470588235 0.6945606694560669 0.5870588235294117 0.6715481171548117 0.5894117647058823 0.6631799163179916 0.5941176470588235 0.6422594142259415 0.5941176470588235 0.598326359832636 0.6129411764705882 0.5439330543933054 0.6176470588235294 0.5292887029288702 0.628235294117647 0.5188284518828452 0.6258823529411764 0.5230125523012552 0.6294117647058823 0.502092050209205 0.6411764705882353 0.47489539748953974 0.6341176470588235 0.4665271966527197 0.6423529411764706 0.42259414225941416 0.6505882352941177 0.4246861924686193 0.6541176470588235 0.41841004184100417 0.6564705882352941 0.40794979079497906 0.6505882352941177 0.403765690376569 0.6541176470588235 0.39748953974895396 0.6529411764705882 0.399581589958159 0.6576470588235294 0.38702928870292885 0.6670588235294118 0.37866108786610875 0.6623529411764706 0.37866108786610875 0.6494117647058824 0.36610878661087864 0.6435294117647059 0.36820083682008364 0.6494117647058824 0.37656903765690375 0.6505882352941177 0.36820083682008364 0.6547058823529411 0.3723849372384937 0.6647058823529411 0.36610878661087864 0.6694117647058824 0.3514644351464435 0.6717647058823529 0.34100418410041844 0.6588235294117647 0.3305439330543933 0.6576470588235294 0.3284518828451882 0.6788235294117647 0.303347280334728 0.6847058823529412
0 0.83359375 0.5609375 0.00234375 0.0015625
0 0.03138075313807531 0.5458823529411765 0.058577405857740586 0.5435294117647059 0.06694560669456066 0.5505882352941176 0.08368200836820083 0.5435294117647059 0.10460251046025104 0.5494117647058824 0.12552301255230125 0.5458823529411765 0.13389121338912133 0.5635294117647058 0.14853556485355648 0.5670588235294118 0.14644351464435146 0.5858823529411764 0.16108786610878661 0.588235294117647 0.17364016736401672 0.5788235294117647 0.19456066945606693 0.5905882352941176 0.19874476987447698 0.5705882352941176 0.23221757322175735 0.5576470588235294 0.24058577405857742 0.5494117647058824 0.23221757322175735 0.5188235294117647 0.10878661087866108 0.4 0.08786610878661087 0.3847058823529412 0.07531380753138076 0.38235294117647056 0.0815899581589958 0.3764705882352941 0.05648535564853556 0.3564705882352941 0.04811715481171548 0.3588235294117647 0.04811715481171548 0.36470588235294116 0.05230125523012552 0.37176470588235294 0.06903765690376569 0.37882352941176467 0.0711297071129707 0.38823529411764707 0.06485355648535565 0.3917647058823529 0.03765690376569038 0.3917647058823529 0.03347280334728033 0.3870588235294118 0.01882845188284519 0.39294117647058824 0.010460251046025104 0.38823529411764707 0.0041841004184100415 0.36941176470588233 0.0041841004184100415 0.536470588235294 0.03138075313807531 0.5458823529411765
0 0.008368200836820083 0.528235294117647 0.010460251046025104 0.5188235294117647 0.0041841004184100415 0.5223529411764706 0.008368200836820083 0.528235294117647
0 0 0.5247058823529411 0 0.5870588235294117 0.008368200836820083 0.5941176470588235 0 0.6176470588235294 0.0041841004184100415 0.628235294117647 0.012552301255230125 0.6317647058823529 0.006276150627615063 0.6352941176470588 0.016736401673640166 0.6341176470588235 0.03765690376569038 0.6529411764705882 0.04811715481171548 0.6564705882352941 0.0711297071129707 0.6541176470588235 0.0711297071129707 0.6470588235294118 0.0815899581589958 0.6435294117647059 0.10460251046025104 0.6447058823529412 0.10669456066945607 0.6576470588235294 0.1108786610878661 0.6611764705882353 0.12133891213389121 0.6588235294117647 0.12761506276150628 0.6623529411764706 0.12761506276150628 0.6729411764705883 0.1401673640167364 0.6752941176470588 0.1422594142259414 0.6823529411764706 0.1527196652719665 0.6847058823529412 0.17573221757322174 0.7070588235294117 0.18410041841004182 0.7105882352941176 0.202928870292887 0.7105882352941176 0.21338912133891214 0.6905882352941177 0.24267782426778242 0.6717647058823529 0.2489539748953975 0.6588235294117647 0.24058577405857742 0.6247058823529412 0.24686192468619245 0.6117647058823529 0.24058577405857742 0.6035294117647059 0.22803347280334724 0.6023529411764705 0.22384937238493724 0.5952941176470589 0.202928870292887 0.5870588235294117 0.19874476987447698 0.5929411764705883 0.19246861924686193 0.5905882352941176 0.16108786610878661 0.5682352941176471 0.13389121338912133 0.5576470588235294 0.12761506276150628 0.5388235294117647 0.100418410041841 0.52 0.08786610878661087 0.5247058823529411 0.07740585774058577 0.5223529411764706 0.0794979079497908 0.528235294117647 0.06485355648535565 0.5329411764705883 0.05648535564853556 0.5294117647058824 0.05230125523012552 0.5317647058823529 0.04184100418410042 0.5235294117647059 0.01882845188284519 0.5176470588235295 0.02092050209205021 0.528235294117647 0 0.5247058823529411
0 0.071875 0.425 0.00234375 0.0015625
0 0.008368200836820083 0.4423529411764706 0.012552301255230125 0.4564705882352941 0 0.471764705882353 0 0.588235294117647 0.006276150627615063 0.5941176470588235 0.0041841004184100415 0.6058823529411764 0.01882845188284519 0.6129411764705882 0.016736401673640166 0.6258823529411764 0.02719665271966527 0.6270588235294118 0.04184100418410042 0.6364705882352941 0.0397489539748954 0.64 0.05648535564853556 0.6447058823529412 0.058577405857740586 0.6364705882352941 0.07531380753138076 0.6258823529411764 0.09623430962343096 0.6294117647058823 0.15690376569037656 0.6823529411764706 0.1694560669456067 0.6847058823529412 0.17573221757322174 0.6941176470588235 0.18410041841004182 0.6964705882352942 0.202928870292887 0.6717647058823529 0.19456066945606693 0.6694117647058824 0.1903765690376569 0.6611764705882353 0.19665271966527195 0.6541176470588235 0.20920502092050208 0.6447058823529412 0.23221757322175735 0.6470588235294118 0.24267782426778242 0.6435294117647059 0.24267782426778242 0.628235294117647 0.23430962343096234 0.6270588235294118 0.24686192468619245 0.6176470588235294 0.24058577405857742 0.6152941176470589 0.24686192468619245 0.6094117647058823 0.23849372384937237 0.5947058823529412 0.24267782426778242 0.5835294117647059 0.22384937238493724 0.5682352941176471 0.23640167364016734 0.5611764705882353 0.24267782426778242 0.5505882352941176 0.23221757322175735 0.52 0.19874476987447698 0.48470588235294115 0.1527196652719665 0.4505882352941176 0.1401673640167364 0.43176470588235294 0.12552301255230125 0.4235294117647059 0.11506276150627615 0.4294117647058823 0.10460251046025104 0.42823529411764705 0.09832635983263598 0.4352941176470588 0.08368200836820083 0.4329411764705882 0.07740585774058577 0.44000000000000006 0.06694560669456066 0.4294117647058823 0.05648535564853556 0.4470588235294118 0.046025104602510455 0.4423529411764706 0.02510460251046025 0.4435294117647059 0.01882845188284519 0.4258823529411765 0.010460251046025104 0.43176470588235294 0.02092050209205021 0.43647058823529405 0.008368200836820083 0.4423529411764706
0 0.11297071129707112 0.9047058823529411 0.12133891213389121 0.9 0.10669456066945607 0.8941176470588236 0.10669456066945607 0.9035294117647059 0.11297071129707112 0.9047058823529411
0 0 0.9023529411764706 0.0041841004184100415 0.9941176470588236 0.02510460251046025 0.9988235294117647 0.05439330543933054 0.9988235294117647 0.06276150627615062 0.9952941176470589 0.12343096234309622 0.9988235294117647 0.12761506276150628 0.9941176470588236 0.11506276150627615 0.9800000000000001 0.11715481171548117 0.9741176470588234 0.12552301255230125 0.9729411764705882 0.12761506276150628 0.9670588235294117 0.12133891213389121 0.9647058823529411 0.12761506276150628 0.9623529411764705 0.10669456066945607 0.9611764705882353 0.10251046025104602 0.9552941176470588 0.10878661087866108 0.9505882352941176 0.1297071129707113 0.9505882352941176 0.13598326359832635 0.9411764705882353 0.16527196652719664 0.9447058823529412 0.16736401673640167 0.9388235294117647 0.15690376569037656 0.9411764705882353 0.1589958158995816 0.9329411764705883 0.1422594142259414 0.9188235294117646 0.13389121338912133 0.9188235294117646 0.12552301255230125 0.9047058823529411 0.11924686192468618 0.9094117647058824 0.11924686192468618 0.9258823529411764 0.10669456066945607 0.9270588235294117 0.08786610878661087 0.943529411764706 0.0711297071129707 0.9423529411764706 0.06276150627615062 0.9282352941176469 0.07740585774058577 0.9211764705882353 0.05648535564853556 0.9188235294117646 0.03138075313807531 0.8929411764705882 0.01882845188284519 0.891764705882353 0.010460251046025104 0.9011764705882352 0 0.9023529411764706
0 0.09832635983263598 0.891764705882353 0.100418410041841 0.8858823529411766 0.08786610878661087 0.8847058823529412 0.08577405857740586 0.8870588235294118 0.09832635983263598 0.891764705882353
0 0.008368200836820083 0.3223529411764706 0.01882845188284519 0.3211764705882353 0.012552301255230125 0.3094117647058824 0.03347280334728033 0.2941176470588235 0.03138075313807531 0.2823529411764706 0.0041841004184100415 0.2552941176470588 0.0041841004184100415 0.32705882352941174 0.008368200836820083 0.3223529411764706
0 0.9937238493723848 0.9988235294117647 0.997907949790795 0.9952941176470589 0.9937238493723848 0.968235294117647 0.9476987447698745 0.9588235294117646 0.9205020920502092 0.9482352941176471 0.8765690376569036 0.9494117647058824 0.8598326359832635 0.9541176470588235 0.8493723849372385 0.9635294117647059 0.8493723849372385 0.9988235294117647 0.9937238493723848 0.9988235294117647
0 0.33472803347280333 0.6023529411764705 0.3305439330543933 0.5964705882352941 0.3263598326359832 0.5988235294117648 0.33472803347280333 0.6023529411764705
0 0.9769874476987447 0.5988235294117648 0.9707112970711297 0.5929411764705883 0.9623430962343097 0.5988235294117648 0.9769874476987447 0.5988235294117648
0 0.3807531380753138 0.5988235294117648 0.38284518828451886 0.6023529411764705 0.3912133891213389 0.6011764705882353 0.38493723849372385 0.5929411764705883 0.3933054393305439 0.5894117647058823 0.3933054393305439 0.58 0.3807531380753138 0.5823529411764705 0.36610878661087864 0.6 0.3807531380753138 0.5988235294117648
0 0.2803347280334728 0.6294117647058823 0.2866108786610878 0.6635294117647058 0.2928870292887029 0.6729411764705883 0.34100418410041844 0.6776470588235294 0.401673640167364 0.6623529411764706 0.41213389121338906 0.6635294117647058 0.42677824267782427 0.6529411764705882 0.4351464435146443 0.6564705882352941 0.4497907949790795 0.6470588235294118 0.47698744769874474 0.6411764705882353 0.48744769874476984 0.6423529411764706 0.5251046025104602 0.6352941176470588 0.5313807531380753 0.64 0.5418410041841004 0.64 0.5439330543933054 0.6305882352941177 0.5648535564853556 0.62 0.5774058577405857 0.6211764705882353 0.598326359832636 0.6129411764705882 0.604602510460251 0.6258823529411764 0.610878661087866 0.6270588235294118 0.612970711297071 0.6117647058823529 0.6276150627615062 0.6070588235294118 0.6401673640167364 0.6070588235294118 0.6527196652719665 0.6164705882352941 0.6945606694560669 0.6105882352941177 0.705020920502092 0.6188235294117648 0.702928870292887 0.6294117647058823 0.7154811715481172 0.6341176470588235 0.7510460251046025 0.6329411764705882 0.7531380753138075 0.628235294117647 0.7615062761506276 0.6329411764705882 0.7698744769874477 0.628235294117647 0.7782426778242677 0.6294117647058823 0.7824267782426778 0.62 0.7887029288702928 0.6258823529411764 0.805439330543933 0.6141176470588234 0.8263598326359831 0.6164705882352941 0.8577405857740585 0.6 0.8870292887029289 0.5952941176470589 0.9142259414225942 0.5811764705882353 0.9309623430962344 0.58 0.9707112970711297 0.5623529411764705 0.9811715481171548 0.5635294117647058 0.9853556485355648 0.5588235294117647 0.9790794979079497 0.5447058823529412 0.9330543933054394 0.5317647058823529 0.9184100418410042 0.5188235294117647 0.8870292887029289 0.5188235294117647 0.8682008368200836 0.5047058823529411 0.8451882845188283 0.5011764705882353 0.8326359832635983 0.49058823529411766 0.809623430962343 0.4894117647058824 0.7217573221757322 0.5152941176470589 0.700836820083682 0.5164705882352941 0.6736401673640167 0.5305882352941176 0.6610878661087866 0.5317647058823529 0.6569037656903765 0.5376470588235294 0.6485355648535565 0.5329411764705883 0.6171548117154811 0.5341176470588235 0.5962343096234309 0.5529411764705883 0.5857740585774058 0.548235294117647 0.5899581589958158 0.5470588235294118 0.5815899581589958 0.5317647058823529 0.5753138075313807 0.54 0.5857740585774058 0.5423529411764706 0.5836820083682008 0.5470588235294118 0.5711297071129706 0.5529411764705883 0.5523012552301255 0.5423529411764706 0.5397489539748953 0.5623529411764705 0.5230125523012552 0.5599999999999999 0.5083682008368201 0.5658823529411765 0.50418410041841 0.5599999999999999 0.48326359832635984 0.5529411764705883 0.48744769874476984 0.5635294117647058 0.47698744769874474 0.5670588235294118 0.4686192468619247 0.5599999999999999 0.4686192468619247 0.5670588235294118 0.4539748953974895 0.5764705882352941 0.4476987447698745 0.5741176470588235 0.4435146443514644 0.5599999999999999 0.4309623430962343 0.5647058823529412 0.4246861924686193 0.5623529411764705 0.41841004184100417 0.5741176470588235 0.41422594142259417 0.5729411764705883 0.42050209205020916 0.5752941176470588 0.41422594142259417 0.5788235294117647 0.4246861924686193 0.5988235294117648 0.41631799163179917 0.5988235294117648 0.41004184100418406 0.6058823529411764 0.3953974895397489 0.6070588235294118 0.3912133891213389 0.6129411764705882 0.36610878661087864 0.6152941176470589 0.34728033472803344 0.628235294117647 0.32217573221757323 0.6258823529411764 0.3200836820083682 0.6011764705882353 0.3158995815899582 0.6023529411764705 0.3075313807531381 0.6211764705882353 0.2803347280334728 0.6294117647058823
0 0.9623430962343097 0.7011764705882353 0.9623430962343097 0.7058823529411764 0.9728033472803347 0.7105882352941176 0.9728033472803347 0.7 0.9686192468619247 0.7035294117647058 0.9623430962343097 0.7011764705882353
0 0.9748953974895397 0.6976470588235294 0.9769874476987447 0.6894117647058823 0.9686192468619247 0.6894117647058823 0.9748953974895397 0.6976470588235294
0 0.303347280334728 0.7541176470588236 0.299163179916318 0.7647058823529411 0.303347280334728 0.7717647058823529 0.3158995815899582 0.7752941176470588 0.32426778242677823 0.7870588235294117 0.33263598326359833 0.7894117647058823 0.3619246861924686 0.7788235294117647 0.3953974895397489 0.7741176470588236 0.4476987447698745 0.7552941176470588 0.4623430962343096 0.7552941176470588 0.47698744769874474 0.7482352941176471 0.502092050209205 0.7458823529411764 0.5418410041841004 0.7317647058823529 0.5878661087866108 0.7282352941176471 0.600418410041841 0.7223529411764706 0.6234309623430961 0.7258823529411764 0.6359832635983264 0.7341176470588235 0.6422594142259415 0.7317647058823529 0.6610878661087866 0.7423529411764707 0.6820083682008369 0.74 0.6861924686192469 0.7435294117647059 0.7092050209205021 0.7447058823529412 0.7447698744769874 0.7376470588235293 0.7489539748953975 0.7329411764705882 0.7740585774058577 0.7305882352941176 0.801255230125523 0.72 0.8138075313807531 0.7235294117647059 0.8305439330543933 0.7164705882352942 0.8493723849372385 0.7164705882352942 0.8598326359832635 0.7070588235294117 0.8912133891213389 0.7011764705882353 0.903765690376569 0.6941176470588235 0.9372384937238494 0.6964705882352942 0.9414225941422594 0.6835294117647058 0.9832635983263598 0.6823529411764706 0.9916317991631798 0.6741176470588235 0.9790794979079497 0.6576470588235294 0.9916317991631798 0.6541176470588235 0.997907949790795 0.6223529411764706 0.9832635983263598 0.6129411764705882 0.9581589958158995 0.6164705882352941 0.9351464435146444 0.6129411764705882 0.9163179916317992 0.588235294117647 0.8786610878661086 0.6 0.8556485355648535 0.6023529411764705 0.8493723849372385 0.6117647058823529 0.8305439330543933 0.6188235294117648 0.801255230125523 0.6188235294117648 0.7928870292887029 0.6270588235294118 0.7594142259414226 0.6388235294117647 0.7510460251046025 0.6388235294117647 0.7426778242677824 0.6305882352941177 0.7259414225941423 0.64 0.700836820083682 0.6329411764705882 0.6945606694560669 0.62 0.6778242677824268 0.6152941176470589 0.6527196652719665 0.6176470588235294 0.6338912133891214 0.608235294117647 0.6171548117154811 0.6164705882352941 0.610878661087866 0.628235294117647 0.600418410041841 0.6258823529411764 0.598326359832636 0.6164705882352941 0.5794979079497907 0.6235294117647059 0.5627615062761506 0.6223529411764706 0.5397489539748953 0.648235294117647 0.5251046025104602 0.6411764705882353 0.4916317991631799 0.6435294117647059 0.48326359832635984 0.648235294117647 0.47698744769874474 0.6447058823529412 0.44142259414225943 0.6541176470588235 0.4309623430962343 0.6647058823529411 0.3723849372384937 0.6717647058823529 0.3389121338912134 0.6835294117647058 0.3305439330543933 0.6799999999999999 0.299163179916318 0.6894117647058823 0.2928870292887029 0.6952941176470588 0.303347280334728 0.7541176470588236
0 0.6610878661087866 0.6611764705882353 0.6548117154811715 0.6541176470588235 0.6506276150627615 0.6552941176470588 0.6506276150627615 0.6599999999999999 0.6610878661087866 0.6611764705882353
0 0.3179916317991632 0.7929411764705883 0.30962343096234307 0.8141176470588235 0.3284518828451882 0.8400000000000001 0.3200836820083682 0.851764705882353 0.3200836820083682 0.8658823529411764 0.3305439330543933 0.8882352941176471 0.34100418410041844 0.8894117647058823 0.37447698744769875 0.8800000000000001 0.36401673640167365 0.868235294117647 0.37029288702928864 0.8529411764705882 0.3933054393305439 0.8552941176470588 0.399581589958159 0.8694117647058823 0.40794979079497906 0.8729411764705881 0.42050209205020916 0.8694117647058823 0.4246861924686193 0.8635294117647059 0.4644351464435147 0.8552941176470588 0.4686192468619247 0.8494117647058823 0.4728033472803347 0.8541176470588235 0.4728033472803347 0.8388235294117647 0.4665271966527197 0.8376470588235294 0.4707112970711297 0.8235294117647058 0.5 0.828235294117647 0.5167364016736402 0.8470588235294118 0.5251046025104602 0.8400000000000001 0.5711297071129706 0.8305882352941177 0.5878661087866108 0.8223529411764705 0.6401673640167364 0.8176470588235294 0.6548117154811715 0.8129411764705882 0.6673640167364017 0.8023529411764706 0.6715481171548117 0.808235294117647 0.6820083682008369 0.8035294117647058 0.7092050209205021 0.8011764705882353 0.7405857740585773 0.788235294117647 0.7573221757322175 0.7870588235294117 0.7782426778242677 0.7764705882352941 0.807531380753138 0.7776470588235294 0.8242677824267781 0.7658823529411765 0.8640167364016736 0.7576470588235293 0.897489539748954 0.7435294117647059 0.9330543933054394 0.7376470588235293 0.9560669456066945 0.7258823529411764 0.9832635983263598 0.7211764705882353 0.9916317991631798 0.7164705882352942 0.997907949790795 0.7 0.9916317991631798 0.6764705882352942 0.9916317991631798 0.6564705882352941 0.997907949790795 0.6470588235294118 0.9769874476987447 0.6435294117647059 0.9811715481171548 0.6364705882352941 0.99581589958159 0.6329411764705882 0.997907949790795 0.6235294117647059 0.9832635983263598 0.6223529411764706 0.9707112970711297 0.6341176470588235 0.9623430962343097 0.6305882352941177 0.9497907949790795 0.6388235294117647 0.9393305439330544 0.6364705882352941 0.9435146443514644 0.6435294117647059 0.9351464435146444 0.6505882352941177 0.9267782426778242 0.648235294117647 0.9225941422594142 0.6411764705882353 0.910041841004184 0.6447058823529412 0.8870292887029289 0.6411764705882353 0.8472803347280335 0.6564705882352941 0.807531380753138 0.6552941176470588 0.7928870292887029 0.6458823529411765 0.7656903765690377 0.6494117647058824 0.7615062761506276 0.6470588235294118 0.7510460251046025 0.6576470588235294 0.7405857740585773 0.6576470588235294 0.7301255230125523 0.6505882352941177 0.7154811715481172 0.6552941176470588 0.705020920502092 0.6541176470588235 0.6820083682008369 0.6647058823529411 0.6548117154811715 0.668235294117647 0.6359832635983264 0.6764705882352942 0.6422594142259415 0.6823529411764706 0.6317991631799164 0.6858823529411764 0.6213389121338911 0.6823529411764706 0.6192468619246861 0.6752941176470588 0.608786610878661 0.6764705882352942 0.602510460251046 0.6717647058823529 0.5815899581589958 0.6870588235294117 0.5648535564853556 0.6811764705882353 0.5397489539748953 0.6799999999999999 0.5167364016736402 0.6905882352941177 0.5167364016736402 0.6988235294117647 0.506276150627615 0.7023529411764706 0.502092050209205 0.7176470588235294 0.4623430962343096 0.7235294117647059 0.4560669456066945 0.7188235294117648 0.41422594142259417 0.7164705882352942 0.41841004184100417 0.7235294117647059 0.405857740585774 0.74 0.38702928870292885 0.7388235294117647 0.36820083682008364 0.7470588235294118 0.36401673640167365 0.7541176470588236 0.34100418410041844 0.7552941176470588 0.33682008368200833 0.7505882352941177 0.305439330543933 0.7588235294117647 0.301255230125523 0.7717647058823529 0.3179916317991632 0.7929411764705883
0 0.17265625 0.48515625 0.00234375 0.00390625
0 0.029288702928870293 0.39529411764705885 0.008368200836820083 0.3870588235294118 0.0041841004184100415 0.3764705882352941 0.0041841004184100415 0.43647058823529405 0.010460251046025104 0.4458823529411765 0.010460251046025104 0.4658823529411765 0.023012552301255228 0.4682352941176471 0.0397489539748954 0.4658823529411765 0.046025104602510455 0.45999999999999996 0.05648535564853556 0.46117647058823524 0.09414225941422594 0.4776470588235294 0.11924686192468618 0.47294117647058825 0.12133891213389121 0.46352941176470586 0.11506276150627615 0.45999999999999996 0.1297071129707113 0.4576470588235294 0.1401673640167364 0.4647058823529412 0.15690376569037656 0.4647058823529412 0.1527196652719665 0.47294117647058825 0.16108786610878661 0.4788235294117647 0.17364016736401672 0.4788235294117647 0.1799163179916318 0.47411764705882353 0.17782426778242677 0.4670588235294118 0.16736401673640167 0.4564705882352941 0.1527196652719665 0.4505882352941176 0.13807531380753138 0.42470588235294116 0.08786610878661087 0.3847058823529412 0.07531380753138076 0.3776470588235294 0.06276150627615062 0.3776470588235294 0.060669456066945605 0.3729411764705882 0.029288702928870293 0.3835294117647059 0.029288702928870293 0.39529411764705885
0 0.010460251046025104 0.4376470588235294 0.008368200836820083 0.45294117647058824 0.016736401673640166 0.4576470588235294 0.03556485355648535 0.4435294117647059 0.05648535564853556 0.4541176470588235 0.06276150627615062 0.4435294117647059 0.07531380753138076 0.4423529411764706 0.08368200836820083 0.43176470588235294 0.09832635983263598 0.4341176470588235 0.11506276150627615 0.4294117647058823 0.12552301255230125 0.41647058823529415 0.04184100418410042 0.33529411764705885 0.02092050209205021 0.32 0.0020920502092050207 0.3141176470588235 0 0.42823529411764705 0.010460251046025104 0.4376470588235294
0 0.3389121338912134 0.8823529411764707 0.3535564853556485 0.8823529411764707 0.3598326359832636 0.8729411764705881 0.3514644351464435 0.8658823529411764 0.33472803347280333 0.8658823529411764 0.33263598326359833 0.876470588235294 0.3389121338912134 0.8823529411764707
0 0.45078125 0.8546875 0.00625 0.0015625
0 0.5104602510460251 0.8364705882352942 0.5167364016736402 0.8400000000000001 0.5125523012552301 0.8294117647058824 0.5104602510460251 0.8270588235294116 0.5104602510460251 0.8364705882352942
0 0.61796875 0.69296875 0.00234375 0.00234375
0 0.97421875 0.665625 0.00234375 0.00390625
0 0.301255230125523 0.7717647058823529 0.3179916317991632 0.7929411764705883 0.30962343096234307 0.8141176470588235 0.32426778242677823 0.8364705882352942 0.3723849372384937 0.8341176470588236 0.38702928870292885 0.8411764705882353 0.39748953974895396 0.8352941176470589 0.403765690376569 0.8388235294117647 0.41004184100418406 0.8305882352941177 0.4309623430962343 0.828235294117647 0.4351464435146443 0.86 0.4351464435146443 0.8376470588235294 0.4456066945606694 0.8352941176470589 0.4497907949790795 0.828235294117647 0.4581589958158996 0.8376470588235294 0.4707112970711297 0.82 0.5 0.8211764705882352 0.4916317991631799 0.8164705882352941 0.4958158995815899 0.8105882352941176 0.5292887029288702 0.8176470588235294 0.5251046025104602 0.8270588235294116 0.5313807531380753 0.8352941176470589 0.5753138075313807 0.828235294117647 0.5836820083682008 0.8152941176470587 0.5878661087866108 0.8211764705882352 0.6380753138075314 0.8164705882352941 0.6485355648535565 0.808235294117647 0.6652719665271967 0.8035294117647058 0.7154811715481172 0.7964705882352942 0.7573221757322175 0.7847058823529411 0.7761506276150627 0.7752941176470588 0.807531380753138 0.7729411764705882 0.8179916317991631 0.7658823529411765 0.8682008368200836 0.7541176470588236 0.901673640167364 0.74 0.9309623430962344 0.7364705882352941 0.9497907949790795 0.7247058823529412 0.9853556485355648 0.7176470588235294 0.9916317991631798 0.7070588235294117 0.9351464435146444 0.6835294117647058 0.9309623430962344 0.6729411764705883 0.9372384937238494 0.6658823529411765 0.9309623430962344 0.6599999999999999 0.9225941422594142 0.6623529411764706 0.9163179916317992 0.6799999999999999 0.8702928870292886 0.6776470588235294 0.8786610878661086 0.6611764705882353 0.8765690376569036 0.6505882352941177 0.8682008368200836 0.6505882352941177 0.8472803347280335 0.6623529411764706 0.8305439330543933 0.6658823529411765 0.8138075313807531 0.6564705882352941 0.7928870292887029 0.6611764705882353 0.7615062761506276 0.6776470588235294 0.7259414225941423 0.6823529411764706 0.7112970711297071 0.668235294117647 0.7175732217573222 0.6611764705882353 0.705020920502092 0.6564705882352941 0.6966527196652719 0.668235294117647 0.6924686192468619 0.6623529411764706 0.6841004184100419 0.6705882352941177 0.6631799163179916 0.668235294117647 0.6506276150627615 0.6729411764705883 0.6422594142259415 0.6776470588235294 0.6464435146443515 0.6811764705882353 0.6317991631799164 0.6858823529411764 0.6297071129707112 0.6929411764705883 0.610878661087866 0.7023529411764706 0.598326359832636 0.6988235294117647 0.5857740585774058 0.7023529411764706 0.5774058577405857 0.6964705882352942 0.5774058577405857 0.6847058823529412 0.5418410041841004 0.6799999999999999 0.5167364016736402 0.6929411764705883 0.5188284518828452 0.6988235294117647 0.506276150627615 0.7058823529411764 0.506276150627615 0.7164705882352942 0.4937238493723849 0.7152941176470587 0.4916317991631799 0.7258823529411764 0.47489539748953974 0.7270588235294118 0.4728033472803347 0.7223529411764706 0.4497907949790795 0.7270588235294118 0.4456066945606694 0.7188235294117648 0.41631799163179917 0.7164705882352942 0.41841004184100417 0.7258823529411764 0.4246861924686193 0.7258823529411764 0.42887029288702927 0.7341176470588235 0.4393305439330543 0.7376470588235293 0.4330543933054393 0.7411764705882353 0.40794979079497906 0.7411764705882353 0.39748953974895396 0.7470588235294118 0.38912133891213385 0.74 0.37029288702928864 0.7470588235294118 0.35564853556485354 0.7635294117647058 0.34100418410041844 0.7505882352941177 0.3075313807531381 0.7588235294117647 0.301255230125523 0.7623529411764706 0.301255230125523 0.7717647058823529
0 0.895397489539749 0.6529411764705882 0.903765690376569 0.6576470588235294 0.912133891213389 0.6764705882352942 0.910041841004184 0.6611764705882353 0.9142259414225942 0.6627447058823529 0.9184100418410042 0.6541176470588235 0.9142259414225942 0.648235294117647 0.901673640167364 0.6435294117647059 0.8828451882845189 0.6470588235294118 0.8849372384937239 0.6541176470588235 0.895397489539749 0.6529411764705882
0 0.6328125 0.52890625 0.00234375 0.0015625
0 0.7531380753138075 0.4776470588235294 0.7447698744769874 0.4764705882352941 0.7531380753138075 0.4870588235294117 0.7468619246861924 0.4894117647058824 0.7468619246861924 0.4988235294117647 0.7615062761506276 0.49058823529411766 0.7552301255230125 0.4870588235294117 0.7615062761506276 0.4788235294117647 0.7845188284518828 0.4870588235294117 0.799163179916318 0.4835294117647059 0.7887029288702928 0.47411764705882353 0.7635983263598326 0.4658823529411765 0.7531380753138075 0.4670588235294118 0.7573221757322175 0.47411764705882353 0.7531380753138075 0.4776470588235294
0 0.30962343096234307 0.5258823529411765 0.30962343096234307 0.5305882352941176 0.299163179916318 0.5376470588235294 0.28870292887029286 0.5305882352941176 0.28870292887029286 0.5341176470588235 0.2635983263598326 0.5458823529411765 0.26569037656903766 0.5647058823529412 0.27824267782426776 0.5788235294117647 0.27405857740585776 0.5835294117647059 0.2866108786610878 0.5823529411764705 0.303347280334728 0.5905882352941176 0.3179916317991632 0.588235294117647 0.33682008368200833 0.5764705882352941 0.3619246861924686 0.5741176470588235 0.37866108786610875 0.5635294117647058 0.405857740585774 0.5576470588235294 0.41841004184100417 0.5599999999999999 0.41631799163179917 0.556470588235294 0.4246861924686193 0.556470588235294 0.4246861924686193 0.5505882352941176 0.4330543933054393 0.5458823529411765 0.4518828451882845 0.5458823529411765 0.4560669456066945 0.5411764705882354 0.4644351464435147 0.5458823529411765 0.47907949790794974 0.5458823529411765 0.5125523012552301 0.536470588235294 0.5188284518828452 0.5141176470588235 0.5334728033472803 0.5188235294117647 0.5376569037656903 0.5270588235294118 0.5564853556485355 0.536470588235294 0.5523012552301255 0.5329411764705883 0.5627615062761506 0.5247058823529411 0.5690376569037656 0.5294117647058824 0.5711297071129706 0.5164705882352941 0.5857740585774058 0.5152941176470589 0.598326359832636 0.508235294117647 0.610878661087866 0.5152941176470589 0.6213389121338911 0.5070588235294118 0.6338912133891214 0.52 0.6380753138075314 0.5129411764705882 0.6255230125523012 0.5094117647058823 0.6297071129707112 0.5058823529411764 0.6464435146443515 0.508235294117647 0.6464435146443515 0.5 0.6652719665271967 0.4870588235294117 0.6820083682008369 0.488235294117647 0.6778242677824268 0.5 0.6945606694560669 0.49529411764705883 0.702928870292887 0.49764705882352944 0.7092050209205021 0.48235294117647054 0.7175732217573222 0.48117647058823526 0.7154811715481172 0.4764705882352941 0.7405857740585773 0.46352941176470586 0.705020920502092 0.4458823529411765 0.6778242677824268 0.4423529411764706 0.6464435146443515 0.43176470588235294 0.6527196652719665 0.43647058823529405 0.6506276150627615 0.4435294117647059 0.6255230125523012 0.46352941176470586 0.6150627615062761 0.46352941176470586 0.612970711297071 0.4576470588235294 0.598326359832636 0.45176470588235296 0.5878661087866108 0.45999999999999996 0.5606694560669456 0.4682352941176471 0.5460251046025104 0.4647058823529412 0.5292887029288702 0.4658823529411765 0.497907949790795 0.4776470588235294 0.48535564853556484 0.4752941176470588 0.4665271966527197 0.48 0.4456066945606694 0.48 0.4309623430962343 0.49058823529411766 0.42050209205020916 0.4870588235294117 0.40794979079497906 0.5 0.38702928870292885 0.5 0.36820083682008364 0.5176470588235295 0.3577405857740586 0.5141176470588235 0.34309623430962344 0.5188235294117647 0.33472803347280333 0.5094117647058823 0.33472803347280333 0.49764705882352944 0.3284518828451882 0.49764705882352944 0.3284518828451882 0.5152941176470589 0.30962343096234307 0.5258823529411765
0 0.8326359832635983 0.5247058823529411 0.8263598326359831 0.5176470588235295 0.8263598326359831 0.5305882352941176 0.8326359832635983 0.5247058823529411
0 0.8451882845188283 0.5188235294117647 0.8410041841004183 0.5164705882352941 0.8389121338912133 0.5211764705882354 0.8451882845188283 0.5188235294117647
0 0.8546875 0.51640625 0.00234375 0.00703125
0 0.811715481171548 0.5058823529411764 0.8179916317991631 0.5047058823529411 0.8200836820083681 0.508235294117647 0.8138075313807531 0.5152941176470589 0.8305439330543933 0.5011764705882353 0.8430962343096233 0.5011764705882353 0.8305439330543933 0.49058823529411766 0.8138075313807531 0.49058823529411766 0.8179916317991631 0.4988235294117647 0.811715481171548 0.5058823529411764
0 0.37656903765690375 0.4835294117647059 0.37656903765690375 0.4764705882352941 0.36820083682008364 0.48117647058823526 0.37656903765690375 0.4835294117647059
0 0.3619246861924686 0.488235294117647 0.36820083682008364 0.48117647058823526 0.36610878661087864 0.48235294117647054 0.3577405857740586 0.48117647058823526 0.3619246861924686 0.48588235294117643 0.3535564853556485 0.491764705882353 0.3619246861924686 0.49529411764705883 0.3619246861924686 0.488235294117647
0 0.2615062761506276 0.5458823529411765 0.2615062761506276 0.5670588235294118 0.26987447698744765 0.6105882352941177 0.2907949790794979 0.6294117647058823 0.305439330543933 0.6317647058823529 0.3179916317991632 0.6270588235294118 0.3284518828451882 0.6317647058823529 0.3912133891213389 0.6058823529411764 0.4393305439330543 0.5976470588235294 0.4476987447698745 0.591764705882353 0.47489539748953974 0.591764705882353 0.48744769874476984 0.5835294117647059 0.4581589958158996 0.5741176470588235 0.4602510460251046 0.5658823529411765 0.47907949790794974 0.5658823529411765 0.48326359832635984 0.571764705882353 0.4937238493723849 0.5682352941176471 0.5125523012552301 0.5752941176470588 0.598326359832636 0.556470588235294 0.6150627615062761 0.5447058823529412 0.6359832635983264 0.5447058823529412 0.6506276150627615 0.536470588235294 0.6610878661087866 0.5376470588235294 0.6820083682008369 0.528235294117647 0.6924686192468619 0.536470588235294 0.6945606694560669 0.5223529411764706 0.707112970711297 0.5141176470588235 0.7364016736401673 0.5094117647058823 0.7928870292887029 0.49058823529411766 0.799163179916318 0.48117647058823526 0.7866108786610878 0.47294117647058825 0.7573221757322175 0.46352941176470586 0.7405857740585773 0.4623529411764705 0.707112970711297 0.4470588235294118 0.6359832635983264 0.42823529411764705 0.6527196652719665 0.4423529411764706 0.6255230125523012 0.4623529411764705 0.6150627615062761 0.4623529411764705 0.6150627615062761 0.4552941176470588 0.604602510460251 0.4552941176470588 0.5899581589958158 0.44823529411764707 0.5836820083682008 0.44941176470588234 0.5794979079497907 0.45999999999999996 0.5627615062761506 0.4670588235294118 0.5523012552301255 0.4682352941176471 0.5460251046025104 0.46352941176470586 0.5271966527196652 0.4647058823529412 0.5146443514644352 0.47411764705882353 0.506276150627615 0.47058823529411764 0.497907949790795 0.4776470588235294 0.4686192468619247 0.4752941176470588 0.4644351464435147 0.4788235294117647 0.4539748953974895 0.4788235294117647 0.4560669456066945 0.47294117647058825 0.4497907949790795 0.47058823529411764 0.4518828451882845 0.4776470588235294 0.4309623430962343 0.4764705882352941 0.4351464435146443 0.48 0.42677824267782427 0.4835294117647059 0.41841004184100417 0.47058823529411764 0.41213389121338906 0.46941176470588236 0.41841004184100417 0.46352941176470586 0.41004184100418406 0.4670588235294118 0.41422594142259417 0.47294117647058825 0.401673640167364 0.4788235294117647 0.405857740585774 0.488235294117647 0.399581589958159 0.48588235294117643 0.38912133891213385 0.4894117647058824 0.38284518828451886 0.48588235294117643 0.37029288702928864 0.49058823529411766 0.37866108786610875 0.49764705882352944 0.3723849372384937 0.5211764705882354 0.3619246861924686 0.5188235294117647 0.3598326359832636 0.5117647058823529 0.34309623430962344 0.5152941176470589 0.34100418410041844 0.5 0.33263598326359833 0.49058823529411766 0.305439330543933 0.49764705882352944 0.3158995815899582 0.5164705882352941 0.303347280334728 0.5270588235294118 0.2928870292887029 0.5176470588235295 0.2824267782426778 0.5164705882352941 0.2866108786610878 0.5047058823529411 0.2824267782426778 0.508235294117647 0.27824267782426776 0.5047058823529411 0.26987447698744765 0.5176470588235295 0.2635983263598326 0.5188235294117647 0.26778242677824265 0.5423529411764706 0.2615062761506276 0.5458823529411765
0 0 0.6129411764705882 0.0020920502092050207 0.6258823529411764 0.008368200836820083 0.6294117647058823 0.0041841004184100415 0.6341176470588235 0.02092050209205021 0.6341176470588235 0.046025104602510455 0.6541176470588235 0.05648535564853556 0.6517647058823529 0.06903765690376569 0.6341176470588235 0.07740585774058577 0.6411764705882353 0.10460251046025104 0.6423529411764706 0.1108786610878661 0.6470588235294118 0.10878661087866108 0.6541176470588235 0.12761506276150628 0.6588235294117647 0.17782426778242677 0.7058823529411764 0.19456066945606693 0.7094117647058823 0.20920502092050208 0.6988235294117647 0.21129707112970708 0.6894117647058823 0.22384937238493724 0.6835294117647058 0.22803347280334724 0.6752941176470588 0.24476987447698742 0.6694117647058824 0.2489539748953975 0.6623529411764706 0.24476987447698742 0.5847058823529412 0.23640167364016734 0.5705882352941176 0.22594142259414224 0.5682352941176471 0.24058577405857742 0.5517647058823529 0.23221757322175735 0.5223529411764706 0.21129707112970708 0.5035294117647059 0.19665271966527195 0.5035294117647059 0.17782426778242677 0.48 0.16527196652719664 0.47411764705882353 0.1694560669456067 0.46941176470588236 0.1527196652719665 0.4776470588235294 0.13807531380753138 0.4776470588235294 0.1422594142259414 0.47294117647058825 0.12761506276150628 0.4682352941176471 0.1297071129707113 0.4647058823529412 0.11506276150627615 0.47411764705882353 0.09832635983263598 0.47058823529411764 0.09205020920502091 0.47294117647058825 0.08368200836820083 0.4670588235294118 0.0397489539748954 0.46117647058823524 0.03138075313807531 0.4670588235294118 0.02510460251046025 0.4647058823529412 0.006276150627615063 0.4682352941176471 0 0.47294117647058825 0 0.6129411764705882
0 0.006276150627615063 0.9576470588235294 0.016736401673640166 0.96 0.02510460251046025 0.9788235294117648 0.02510460251046025 0.991764705882353 0.010460251046025104 0.9941176470588236 0.03556485355648535 0.9952941176470589 0.0397489539748954 0.9988235294117647 0.05230125523012552 0.9941176470588236 0.07740585774058577 0.9941176470588236 0.08786610878661087 0.9988235294117647 0.10460251046025104 0.9952941176470589 0.10878661087866108 0.9988235294117647 0.12133891213389121 0.9988235294117647 0.12552301255230125 0.9941176470588236 0.1401673640167364 0.9941176470588236 0.1422594142259414 0.9905882352941177 0.14853556485355648 0.9941176470588236 0.14644351464435146 0.9858823529411765 0.1631799163179916 0.9858823529411765 0.17364016736401672 0.976470588235294 0.202928870292887 0.9670588235294117 0.22803347280334724 0.9482352941176471 0.23640167364016734 0.951764705882353 0.23849372384937237 0.9447058823529412 0.2635983263598326 0.9447058823529412 0.26569037656903766 0.9341176470588236 0.2510460251046025 0.9258823529411764 0.2573221757322176 0.9199999999999999 0.2510460251046025 0.8964705882352941 0.24476987447698742 0.8941176470588236 0.24058577405857742 0.8976470588235295 0.2301255230125523 0.8894117647058823 0.21757322175732216 0.8929411764705882 0.21548117154811716 0.8776470588235293 0.202928870292887 0.8788235294117648 0.19665271966527195 0.8929411764705882 0.18410041841004182 0.8894117647058823 0.17782426778242677 0.8788235294117648 0.17154811715481172 0.8788235294117648 0.16736401673640167 0.8870588235294118 0.1506276150627615 0.8870588235294118 0.13389121338912133 0.8588235294117647 0.11506276150627615 0.8541176470588235 0.11924686192468618 0.851764705882353 0.10460251046025104 0.8552941176470588 0.09832635983263598 0.8447058823529412 0.08786610878661087 0.8400000000000001 0.08577405857740586 0.828235294117647 0.0711297071129707 0.8305882352941177 0.0502092050209205 0.8129411764705882 0.0397489539748954 0.8117647058823529 0.03347280334728033 0.8035294117647058 0.02510460251046025 0.8058823529411765 0.0041841004184100415 0.7905882352941177 0 0.9611764705882353 0.006276150627615063 0.9576470588235294
0 0.6359832635983264 0.4329411764705882 0.6485355648535565 0.4376470588235294 0.6527196652719665 0.43176470588235294 0.6464435146443515 0.42823529411764705 0.6359832635983264 0.42470588235294116 0.6359832635983264 0.4329411764705882
0 0.6234309623430961 0.4235294117647059 0.6255230125523012 0.4211764705882353 0.6192468619246861 0.4223529411764706 0.612970711297071 0.41647058823529415 0.608786610878661 0.4223529411764706 0.6234309623430961 0.4235294117647059
0 0.27405857740585776 0.5411764705882354 0.2824267782426778 0.5411764705882354 0.28870292887029286 0.5341176470588235 0.303347280334728 0.54 0.3200836820083682 0.5294117647058824 0.3305439330543933 0.5152941176470589 0.33682008368200833 0.52 0.34728033472803344 0.5188235294117647 0.36610878661087864 0.5094117647058823 0.3912133891213389 0.5058823529411764 0.39748953974895396 0.4988235294117647 0.405857740585774 0.5011764705882353 0.42887029288702927 0.49529411764705883 0.4623430962343096 0.4752941176470588 0.5 0.47411764705882353 0.5083682008368201 0.46941176470588236 0.5146443514644352 0.471764705882353 0.5418410041841004 0.43647058823529405 0.5690376569037656 0.4341176470588235 0.5815899581589958 0.4141176470588235 0.4539748953974895 0.4470588235294118 0.405857740585774 0.4647058823529412 0.3284518828451882 0.48470588235294115 0.2594142259414226 0.5105882352941176 0.2594142259414226 0.5352941176470588 0.27405857740585776 0.5411764705882354