0 0.3 0.7575000000000001 0.32083333333333336 0.7575000000000001 0.32416666666666666 0.7612500000000001 0.32916666666666666 0.7625 0.33249999999999996 0.76875 0.3466666666666667 0.77625 0.3516666666666667 0.77625 0.3625 0.76875 0.36333333333333334 0.7618750000000001 0.36916666666666664 0.75875 0.37583333333333335 0.759375 0.39 0.7725000000000001 0.3975 0.771875 0.4133333333333333 0.754375 0.4216666666666667 0.758125 0.425 0.7725000000000001 0.42666666666666664 0.77 0.43083333333333335 0.7731250000000001 0.43916666666666665 0.7725000000000001 0.4425 0.775625 0.44749999999999995 0.771875 0.45916666666666667 0.75375 0.4708333333333333 0.7568750000000001 0.4766666666666667 0.7612500000000001 0.4883333333333333 0.7625 0.5058333333333334 0.7518750000000001 0.5116666666666666 0.75375 0.5208333333333333 0.7625 0.5316666666666666 0.763125 0.54 0.76 0.545 0.7506250000000001 0.55 0.746875 0.5775 0.7418750000000001 0.5791666666666667 0.73875 0.5758333333333333 0.713125 0.5716666666666667 0.7106250000000001 0.5658333333333333 0.7106250000000001 0.5583333333333333 0.71375 0.5383333333333333 0.71125 0.5233333333333333 0.711875 0.5108333333333334 0.716875 0.505 0.7150000000000001 0.5041666666666667 0.72 0.5016666666666667 0.7212500000000001 0.495 0.7143750000000001 0.4841666666666667 0.713125 0.4625 0.71625 0.4608333333333333 0.716875 0.46333333333333326 0.72 0.45999999999999996 0.721875 0.4533333333333333 0.71875 0.4408333333333333 0.716875 0.41500000000000004 0.72 0.38333333333333336 0.72 0.37666666666666665 0.721875 0.37 0.72875 0.365 0.728125 0.3575 0.7212500000000001 0.33999999999999997 0.721875 0.3308333333333333 0.72 0.32166666666666666 0.725 0.305 0.7262500000000001 0.29500000000000004 0.729375 0.29583333333333334 0.7550000000000001 0.3 0.7575000000000001
0 0.540625 0.91796875 0.0046875 0.00078125
0 0.31083333333333335 0.9387500000000001 0.32083333333333336 0.9387500000000001 0.32666666666666666 0.93625 0.3383333333333333 0.9356250000000002 0.3416666666666667 0.93 0.3516666666666667 0.9293750000000001 0.35583333333333333 0.9331250000000001 0.3591666666666667 0.931875 0.35833333333333334 0.92875 0.36333333333333334 0.9256249999999999 0.37083333333333335 0.928125 0.3725 0.9325000000000001 0.37666666666666665 0.9325000000000001 0.38333333333333336 0.9225 0.39166666666666666 0.9256249999999999 0.4 0.9237500000000001 0.4041666666666667 0.9200000000000002 0.41083333333333333 0.9262500000000001 0.4291666666666667 0.9243750000000001 0.44000000000000006 0.9275 0.4658333333333333 0.925 0.465 0.92125 0.4691666666666666 0.9193749999999999 0.4883333333333333 0.91875 0.49083333333333334 0.921875 0.49749999999999994 0.9231250000000001 0.5291666666666667 0.9193749999999999 0.5333333333333333 0.915625 0.5349999999999999 0.90625 0.5475 0.903125 0.5533333333333333 0.9037499999999999 0.5583333333333333 0.8975 0.5591666666666667 0.89 0.5566666666666666 0.8800000000000001 0.5525 0.8768750000000001 0.5258333333333333 0.878125 0.5175 0.8762500000000001 0.505 0.8800000000000001 0.47000000000000003 0.8793750000000001 0.4458333333333333 0.8862500000000001 0.4333333333333333 0.881875 0.4133333333333333 0.885 0.4041666666666667 0.883125 0.37333333333333335 0.8887500000000002 0.36333333333333334 0.8868750000000001 0.3516666666666667 0.8875 0.33916666666666667 0.89125 0.325 0.89125 0.30666666666666664 0.8950000000000001 0.3091666666666667 0.93625 0.31083333333333335 0.9387500000000001
0 0.30333333333333334 0.8412499999999999 0.3275 0.8387500000000001 0.3308333333333333 0.83625 0.34750000000000003 0.83375 0.36583333333333334 0.838125 0.39499999999999996 0.835 0.40166666666666667 0.8318749999999999 0.42833333333333334 0.83375 0.4425 0.8293750000000001 0.4616666666666666 0.8306250000000001 0.5 0.8293750000000001 0.5183333333333333 0.8256249999999999 0.5641666666666667 0.8256249999999999 0.5683333333333334 0.8237500000000001 0.5675 0.803125 0.5725 0.795 0.5691666666666666 0.7768750000000001 0.5616666666666666 0.7731250000000001 0.5083333333333333 0.775625 0.5025000000000001 0.7775000000000001 0.47833333333333333 0.7768750000000001 0.45999999999999996 0.779375 0.4333333333333333 0.7768750000000001 0.41083333333333333 0.7825 0.3983333333333333 0.78 0.37916666666666665 0.7825 0.37083333333333335 0.786875 0.3675 0.786875 0.365 0.7837500000000001 0.355 0.7825 0.325 0.7887500000000001 0.30333333333333334 0.7887500000000001 0.3 0.791875 0.3 0.836875 0.30333333333333334 0.8412499999999999
0 0.43916666666666665 0.7550000000000001 0.4325 0.754375 0.4341666666666667 0.7568750000000001 0.43916666666666665 0.7550000000000001
0 0.29333333333333333 0.695625 0.29416666666666663 0.7237500000000001 0.2966666666666667 0.7256250000000001 0.3075 0.725 0.31333333333333335 0.728125 0.3416666666666667 0.7212500000000001 0.35666666666666663 0.721875 0.36916666666666664 0.728125 0.37333333333333335 0.726875 0.37666666666666665 0.7225 0.4 0.718125 0.4066666666666666 0.7193750000000001 0.4125 0.724375 0.4216666666666667 0.71875 0.43583333333333335 0.716875 0.44749999999999995 0.716875 0.4608333333333333 0.7212500000000001 0.4666666666666667 0.715625 0.4741666666666666 0.71375 0.49333333333333335 0.71375 0.5008333333333332 0.7206250000000001 0.5058333333333334 0.7206250000000001 0.5083333333333333 0.71625 0.5308333333333334 0.71125 0.5408333333333333 0.711875 0.5466666666666666 0.718125 0.5658333333333333 0.7106250000000001 0.5825 0.709375 0.5833333333333333 0.703125 0.5775 0.685 0.5783333333333334 0.681875 0.585 0.6787500000000001 0.5866666666666667 0.675 0.5816666666666667 0.6525000000000001 0.5783333333333334 0.6481250000000001 0.5566666666666666 0.646875 0.5475 0.649375 0.5133333333333333 0.650625 0.4966666666666667 0.65 0.48666666666666664 0.646875 0.47333333333333333 0.6475000000000001 0.47000000000000003 0.65 0.465 0.649375 0.4575 0.6518750000000001 0.4383333333333333 0.650625 0.425 0.654375 0.34833333333333333 0.654375 0.335 0.6575 0.3183333333333333 0.6568750000000001 0.2966666666666667 0.659375 0.2925 0.6612500000000001 0.29083333333333333 0.6681250000000001 0.29 0.686875 0.29333333333333333 0.695625
0 0.4859375 0.6125 0.0078125 0.00078125
0 0.4525 0.5675000000000001 0.4383333333333333 0.565625 0.43916666666666665 0.568125 0.4525 0.5675000000000001
0 0.37 0.55 0.37 0.54625 0.36583333333333334 0.5487500000000001 0.365 0.55 0.37 0.55
0 0.5671875 0.46328125 0.00078125 0.00078125
0 0.28250000000000003 0.510625 0.2791666666666667 0.54375 0.2816666666666666 0.546875 0.2866666666666667 0.548125 0.29833333333333334 0.546875 0.31333333333333335 0.550625 0.31666666666666665 0.545625 0.32083333333333336 0.545625 0.32416666666666666 0.5431250000000001 0.35583333333333333 0.54375 0.3591666666666667 0.54125 0.37666666666666665 0.541875 0.39666666666666667 0.5375 0.43166666666666664 0.539375 0.43583333333333335 0.536875 0.4708333333333333 0.5387500000000001 0.4766666666666667 0.536875 0.5041666666666667 0.535625 0.55 0.535625 0.585 0.540625 0.5991666666666666 0.539375 0.6025 0.5362500000000001 0.5958333333333333 0.5050000000000001 0.6091666666666666 0.49750000000000005 0.6058333333333333 0.4875 0.5916666666666667 0.46875 0.585 0.46687500000000004 0.5741666666666666 0.47125000000000006 0.5700000000000001 0.465625 0.5675 0.46937500000000004 0.5625 0.46375 0.5641666666666667 0.4600000000000001 0.5566666666666666 0.459375 0.5549999999999999 0.46312500000000006 0.55 0.4600000000000001 0.5466666666666666 0.46187500000000004 0.5441666666666667 0.4600000000000001 0.5383333333333333 0.46687500000000004 0.5316666666666666 0.468125 0.5258333333333333 0.46749999999999997 0.525 0.46312500000000006 0.5116666666666666 0.459375 0.4841666666666667 0.45875000000000005 0.47750000000000004 0.4600000000000001 0.47333333333333333 0.46875 0.46749999999999997 0.46625000000000005 0.4666666666666667 0.4600000000000001 0.46333333333333326 0.46375 0.4608333333333333 0.4600000000000001 0.4541666666666667 0.45875000000000005 0.4425 0.459375 0.44000000000000006 0.46125 0.4383333333333333 0.459375 0.4325 0.46125 0.43 0.4600000000000001 0.4258333333333333 0.46312500000000006 0.4216666666666667 0.46187500000000004 0.41833333333333333 0.46749999999999997 0.41083333333333333 0.460625 0.39666666666666667 0.459375 0.38 0.46312500000000006 0.3716666666666667 0.47000000000000003 0.36083333333333334 0.47125000000000006 0.34833333333333333 0.46312500000000006 0.3375 0.46312500000000006 0.32083333333333336 0.46687500000000004 0.3175 0.47437500000000005 0.3025 0.47250000000000003 0.2966666666666667 0.46875 0.28500000000000003 0.468125 0.2808333333333333 0.47125000000000006 0.2783333333333333 0.48250000000000004 0.27749999999999997 0.505625 0.28250000000000003 0.510625
0 0.5166666666666667 0.52 0.5208333333333333 0.5162500000000001 0.5225 0.52 0.525 0.51875 0.5241666666666667 0.515625 0.515 0.516875 0.5133333333333333 0.51875 0.5166666666666667 0.52
0 0.5733333333333334 0.51875 0.5708333333333333 0.515 0.5650000000000001 0.515625 0.5650000000000001 0.519375 0.5733333333333334 0.51875
0 0.4741666666666666 0.519375 0.475 0.51375 0.46749999999999997 0.513125 0.4625 0.51875 0.4741666666666666 0.519375
0 0.4116666666666666 0.5231250000000001 0.41833333333333333 0.524375 0.4216666666666667 0.5206250000000001 0.425 0.521875 0.425 0.515625 0.42833333333333334 0.515 0.43 0.5118750000000001 0.425 0.505625 0.4166666666666667 0.51 0.4066666666666666 0.509375 0.4041666666666667 0.5118750000000001 0.4116666666666666 0.5231250000000001
0 0.2791666666666667 0.496875 0.2875 0.48875 0.2875 0.48625000000000007 0.2841666666666667 0.48625000000000007 0.2791666666666667 0.49250000000000005 0.2791666666666667 0.496875
0 0.29333333333333333 0.4831250000000001 0.29083333333333333 0.4831250000000001 0.2925 0.490625 0.29333333333333333 0.4831250000000001
0 0.28250000000000003 0.47000000000000003 0.2875 0.46749999999999997 0.29583333333333334 0.46937500000000004 0.3 0.47375 0.30833333333333335 0.47375 0.3158333333333333 0.476875 0.32166666666666666 0.48562500000000003 0.315 0.48812500000000003 0.32166666666666666 0.4912500000000001 0.315 0.49375 0.3183333333333333 0.495 0.325 0.49250000000000005 0.3275 0.49437500000000006 0.32999999999999996 0.49750000000000005 0.32916666666666666 0.5050000000000001 0.3416666666666667 0.5068750000000001 0.345 0.504375 0.3491666666666667 0.505625 0.35833333333333334 0.5025000000000001 0.3683333333333333 0.5050000000000001 0.365 0.508125 0.36916666666666664 0.5112500000000001 0.3683333333333333 0.5162500000000001 0.365 0.5181250000000001 0.35833333333333334 0.515625 0.35416666666666663 0.51875 0.35666666666666663 0.5225000000000001 0.3625 0.525 0.37416666666666665 0.521875 0.3783333333333333 0.5068750000000001 0.38583333333333336 0.504375 0.39416666666666667 0.5068750000000001 0.40499999999999997 0.504375 0.4083333333333333 0.5068750000000001 0.4175 0.49750000000000005 0.4225 0.4987500000000001 0.425 0.504375 0.44666666666666666 0.503125 0.4491666666666666 0.50125 0.4533333333333333 0.503125 0.4608333333333333 0.5 0.485 0.5 0.49749999999999994 0.49750000000000005 0.5091666666666667 0.50125 0.5216666666666667 0.49625 0.5358333333333334 0.5006250000000001 0.5441666666666667 0.49812500000000004 0.5641666666666667 0.5018750000000001 0.5708333333333333 0.49812500000000004 0.5783333333333334 0.5006250000000001 0.5841666666666667 0.5 0.5883333333333333 0.49750000000000005 0.5891666666666666 0.49375 0.5983333333333334 0.490625 0.5916666666666667 0.476875 0.5925 0.459375 0.5883333333333333 0.45625 0.5758333333333333 0.45499999999999996 0.5575 0.4575 0.525 0.45375000000000004 0.4883333333333333 0.45499999999999996 0.4758333333333333 0.45375000000000004 0.4625 0.449375 0.45916666666666667 0.4525 0.4525 0.45187499999999997 0.4375 0.45625 0.4258333333333333 0.45437500000000003 0.41833333333333333 0.45437500000000003 0.4141666666666667 0.4575 0.4033333333333333 0.45437500000000003 0.39 0.45625 0.36916666666666664 0.45562500000000006 0.35416666666666663 0.4575 0.34833333333333333 0.460625 0.3458333333333333 0.4575 0.3308333333333333 0.45562500000000006 0.30166666666666664 0.460625 0.2791666666666667 0.46125 0.27749999999999997 0.46312500000000006 0.28250000000000003 0.47000000000000003
0 0.525 0.441875 0.5216666666666667 0.440625 0.5208333333333333 0.4425 0.525 0.441875
0 0.5291666666666667 0.43875000000000003 0.525 0.43375 0.5233333333333333 0.43624999999999997 0.5291666666666667 0.43875000000000003
0 0.5183333333333333 0.43 0.5225 0.43 0.5275000000000001 0.42625 0.5191666666666667 0.42437500000000006 0.5166666666666667 0.425 0.5183333333333333 0.43
0 0.41083333333333333 0.43937499999999996 0.4175 0.440625 0.4208333333333333 0.4375 0.42833333333333334 0.43875000000000003 0.43083333333333335 0.43562500000000004 0.4291666666666667 0.43 0.43166666666666664 0.428125 0.42833333333333334 0.43 0.4258333333333333 0.425 0.41833333333333333 0.42312500000000003 0.40499999999999997 0.42374999999999996 0.4033333333333333 0.429375 0.41083333333333333 0.43937499999999996
0 0.29083333333333333 0.42750000000000005 0.29583333333333334 0.43875000000000003 0.30416666666666664 0.445625 0.31083333333333335 0.445625 0.31916666666666665 0.43937499999999996 0.32 0.43375 0.31666666666666665 0.43125 0.32083333333333336 0.4287500000000001 0.31666666666666665 0.42625 0.31375000000000003 0.42000000000000004 0.325 0.42125 0.3383333333333333 0.4175 0.37 0.416875 0.38333333333333336 0.41375 0.3883333333333333 0.418125 0.41 0.414375 0.41500000000000004 0.414375 0.4175 0.418125 0.42416666666666664 0.415625 0.4666666666666667 0.416875 0.46749999999999997 0.418125 0.4583333333333333 0.425 0.4583333333333333 0.43 0.46333333333333326 0.43937499999999996 0.4691666666666666 0.44312500000000005 0.4766666666666667 0.441875 0.4758333333333333 0.43875000000000003 0.4875 0.4287500000000001 0.4875 0.425 0.48166666666666663 0.42250000000000004 0.485 0.418125 0.5083333333333333 0.4175 0.5191666666666667 0.41375 0.5608333333333333 0.416875 0.5675 0.42125 0.5616666666666666 0.4287500000000001 0.5683333333333334 0.43937499999999996 0.5733333333333334 0.4425 0.58 0.44312500000000005 0.585 0.44125000000000003 0.5916666666666667 0.429375 0.5916666666666667 0.425 0.5825 0.42125 0.6125 0.418125 0.6191666666666666 0.41187500000000005 0.5974999999999999 0.38375000000000004 0.595 0.37312500000000004 0.5858333333333333 0.37 0.58 0.371875 0.5650000000000001 0.36875 0.5191666666666667 0.369375 0.5075000000000001 0.365625 0.485 0.36875 0.43666666666666665 0.36750000000000005 0.4225 0.369375 0.38916666666666666 0.36750000000000005 0.38416666666666666 0.365625 0.3725 0.365625 0.3441666666666666 0.37 0.31083333333333335 0.36750000000000005 0.29083333333333333 0.37375 0.2841666666666667 0.37375 0.2733333333333333 0.389375 0.27083333333333337 0.4 0.27166666666666667 0.41937500000000005 0.29083333333333333 0.42750000000000005
0 0.3125 0.593125 0.3158333333333333 0.590625 0.31666666666666665 0.593125 0.3175 0.5875 0.315 0.590625 0.30833333333333335 0.590625 0.30833333333333335 0.593125 0.3125 0.593125
0 0.28833333333333333 0.623125 0.30166666666666664 0.6212500000000001 0.325 0.621875 0.3441666666666666 0.618125 0.35583333333333333 0.61875 0.36416666666666664 0.623125 0.3675 0.61875 0.37583333333333335 0.6162500000000001 0.41 0.615 0.42833333333333334 0.6225 0.4325 0.63375 0.43583333333333335 0.635625 0.43916666666666665 0.6325000000000001 0.4458333333333333 0.6375 0.4458333333333333 0.633125 0.44749999999999995 0.6318750000000001 0.4525 0.63375 0.45583333333333337 0.6300000000000001 0.46333333333333326 0.61375 0.48583333333333334 0.6112500000000001 0.5058333333333334 0.6125 0.5083333333333333 0.610625 0.5341666666666667 0.6112500000000001 0.5391666666666667 0.613125 0.5583333333333333 0.610625 0.5875 0.613125 0.5933333333333334 0.609375 0.5858333333333333 0.579375 0.5775 0.578125 0.5725 0.5825 0.5708333333333333 0.5775 0.5683333333333334 0.5800000000000001 0.5658333333333333 0.5775 0.5491666666666666 0.579375 0.5408333333333333 0.576875 0.5325 0.579375 0.5291666666666667 0.5775 0.495 0.576875 0.48166666666666663 0.5787500000000001 0.47750000000000004 0.581875 0.4741666666666666 0.5800000000000001 0.4541666666666667 0.581875 0.4375 0.5800000000000001 0.4333333333333333 0.58125 0.41916666666666663 0.59375 0.4125 0.593125 0.40166666666666667 0.5831250000000001 0.3875 0.58125 0.3783333333333333 0.5856250000000001 0.3725 0.591875 0.36583333333333334 0.586875 0.36666666666666664 0.58125 0.36 0.58125 0.36333333333333334 0.584375 0.35583333333333333 0.586875 0.345 0.5806250000000001 0.335 0.584375 0.3258333333333333 0.5850000000000001 0.3225 0.5943750000000001 0.31083333333333335 0.5987500000000001 0.30083333333333334 0.591875 0.3 0.58875 0.2966666666666667 0.588125 0.2891666666666667 0.5925 0.2866666666666667 0.599375 0.28583333333333333 0.6206250000000001 0.28833333333333333 0.623125
0 0.3091666666666667 0.838125 0.30666666666666664 0.8375 0.305 0.838125 0.3091666666666667 0.838125
0 0.396875 0.8296875 0.00078125 0.00234375
0 0.55546875 0.82421875 0.00390625 0.00078125
0 0.47000000000000003 0.819375 0.4725 0.8175000000000001 0.47000000000000003 0.813125 0.4658333333333333 0.8162499999999999 0.465 0.8175000000000001 0.47000000000000003 0.819375
0 0.4766666666666667 0.820625 0.4883333333333333 0.8175000000000001 0.4841666666666667 0.811875 0.475 0.8125 0.4741666666666666 0.8175000000000001 0.4766666666666667 0.820625
0 0.30333333333333334 0.818125 0.325 0.820625 0.335 0.813125 0.3416666666666667 0.8175000000000001 0.3375 0.8225 0.3416666666666667 0.828125 0.35666666666666663 0.8293750000000001 0.3616666666666667 0.8318749999999999 0.3675 0.8175000000000001 0.3716666666666667 0.8162499999999999 0.38666666666666666 0.8262500000000002 0.39499999999999996 0.828125 0.40083333333333326 0.8237500000000001 0.40499999999999997 0.8237500000000001 0.40750000000000003 0.828125 0.4175 0.83125 0.42333333333333334 0.8275 0.42000000000000004 0.821875 0.42833333333333334 0.8225 0.43583333333333335 0.8275 0.4416666666666667 0.8237500000000001 0.4425 0.8275 0.445 0.828125 0.4525 0.8262500000000002 0.45916666666666667 0.8275 0.4533333333333333 0.82125 0.4533333333333333 0.8175000000000001 0.45583333333333337 0.8150000000000001 0.4625 0.8143750000000001 0.45916666666666667 0.8099999999999999 0.46333333333333326 0.8081250000000001 0.465 0.80375 0.4716666666666667 0.8006249999999999 0.4883333333333333 0.8025 0.49833333333333335 0.809375 0.51 0.81125 0.5183333333333333 0.81875 0.5241666666666667 0.81875 0.5358333333333334 0.813125 0.5366666666666666 0.809375 0.5333333333333333 0.8075000000000001 0.5349999999999999 0.803125 0.5675 0.8012500000000001 0.5725 0.795625 0.5700000000000001 0.774375 0.5633333333333332 0.77 0.5325 0.7706250000000001 0.5175 0.77375 0.465 0.7731250000000001 0.45666666666666667 0.77625 0.4416666666666667 0.77625 0.43499999999999994 0.7731250000000001 0.43166666666666664 0.76875 0.425 0.76875 0.425 0.77125 0.4175 0.77625 0.39499999999999996 0.77375 0.38333333333333336 0.775625 0.37333333333333335 0.78125 0.3683333333333333 0.779375 0.36583333333333334 0.77375 0.345 0.780625 0.3383333333333333 0.774375 0.3308333333333333 0.774375 0.3283333333333333 0.778125 0.32916666666666666 0.7837500000000001 0.32083333333333336 0.785625 0.30333333333333334 0.784375 0.3 0.7887500000000001 0.2991666666666667 0.8137500000000001 0.30333333333333334 0.818125
0 0.315 0.984375 0.32333333333333336 0.9850000000000001 0.36583333333333334 0.9818750000000002 0.37333333333333335 0.9793750000000001 0.39166666666666666 0.9787500000000001 0.4033333333333333 0.9762500000000001 0.4383333333333333 0.9756250000000002 0.4491666666666666 0.9725000000000001 0.4666666666666667 0.9737500000000001 0.4766666666666667 0.9712500000000001 0.5016666666666667 0.9706250000000001 0.5475 0.9637500000000001 0.55 0.9625 0.5508333333333333 0.9550000000000001 0.55 0.9475 0.5466666666666666 0.94375 0.5258333333333333 0.94625 0.5141666666666667 0.944375 0.48916666666666664 0.9481250000000001 0.4666666666666667 0.9450000000000001 0.45999999999999996 0.9487500000000001 0.42416666666666664 0.9493750000000001 0.4216666666666667 0.95375 0.4041666666666667 0.9506249999999999 0.3783333333333333 0.9581250000000001 0.3466666666666667 0.95875 0.3383333333333333 0.961875 0.31333333333333335 0.9637500000000001 0.3125 0.9818750000000002 0.315 0.984375
0 0.3908333333333333 0.681875 0.39 0.6768750000000001 0.38249999999999995 0.6768750000000001 0.38333333333333336 0.6831250000000001 0.3908333333333333 0.681875
0 0.40083333333333326 0.68 0.4058333333333334 0.6787500000000001 0.4041666666666667 0.675625 0.40166666666666667 0.67625 0.39916666666666667 0.678125 0.40083333333333326 0.68
0 0.29 0.6575 0.30333333333333334 0.6575 0.3075 0.664375 0.315 0.66875 0.33333333333333337 0.66625 0.33333333333333337 0.659375 0.335 0.6581250000000001 0.3416666666666667 0.6625 0.345 0.6568750000000001 0.3516666666666667 0.6587500000000001 0.3616666666666667 0.666875 0.3775 0.66625 0.3808333333333333 0.6575 0.38583333333333336 0.655625 0.40083333333333326 0.655625 0.40750000000000003 0.664375 0.41833333333333333 0.664375 0.43499999999999994 0.653125 0.4383333333333333 0.6575 0.4375 0.654375 0.4491666666666666 0.655 0.45583333333333337 0.661875 0.4725 0.659375 0.48083333333333333 0.6518750000000001 0.49749999999999994 0.653125 0.5016666666666667 0.659375 0.5258333333333333 0.661875 0.5275000000000001 0.6575 0.5383333333333333 0.649375 0.5433333333333333 0.65125 0.545 0.6612500000000001 0.5525 0.6625 0.5591666666666667 0.66 0.5716666666666667 0.64875 0.5858333333333333 0.646875 0.5900000000000001 0.64375 0.5900000000000001 0.6375 0.5825 0.623125 0.5808333333333333 0.6143750000000001 0.5733333333333334 0.609375 0.5599999999999999 0.60875 0.5433333333333333 0.6112500000000001 0.5258333333333333 0.6112500000000001 0.5075000000000001 0.6075 0.5025000000000001 0.610625 0.4541666666666667 0.6112500000000001 0.4425 0.61375 0.4258333333333333 0.61375 0.4216666666666667 0.615625 0.41083333333333333 0.61375 0.3725 0.615625 0.36583333333333334 0.6175 0.34833333333333333 0.615625 0.3308333333333333 0.62 0.30416666666666664 0.62 0.29 0.62625 0.28833333333333333 0.633125 0.2875 0.649375 0.29 0.6575
0 0.44333333333333336 0.55 0.4425 0.548125 0.44000000000000006 0.5487500000000001 0.43916666666666665 0.55 0.44333333333333336 0.55
0 0.4166666666666667 0.5050000000000001 0.4091666666666667 0.504375 0.41083333333333333 0.50625 0.4166666666666667 0.5050000000000001
0 0.32333333333333336 0.5018750000000001 0.32166666666666666 0.4987500000000001 0.31916666666666665 0.499375 0.3183333333333333 0.5018750000000001 0.32333333333333336 0.5018750000000001
0 0.28500000000000003 0.5487500000000001 0.3 0.5493750000000001 0.3091666666666667 0.555 0.32 0.555625 0.32666666666666666 0.5475000000000001 0.335 0.544375 0.355 0.545625 0.3591666666666667 0.550625 0.37 0.5518750000000001 0.3783333333333333 0.5487500000000001 0.38416666666666666 0.54375 0.40083333333333326 0.5387500000000001 0.4133333333333333 0.540625 0.41833333333333333 0.545 0.4216666666666667 0.5431250000000001 0.4216666666666667 0.5475000000000001 0.42416666666666664 0.54125 0.44000000000000006 0.5387500000000001 0.4616666666666666 0.539375 0.4683333333333334 0.54125 0.4758333333333333 0.5381250000000001 0.505 0.5375 0.5116666666666666 0.540625 0.515 0.5381250000000001 0.5383333333333333 0.539375 0.5475 0.5375 0.5599999999999999 0.54 0.5666666666666667 0.544375 0.5775 0.544375 0.5833333333333333 0.541875 0.5991666666666666 0.540625 0.6033333333333333 0.536875 0.5958333333333333 0.505625 0.6025 0.50125 0.5983333333333334 0.5018750000000001 0.6025 0.49812500000000004 0.58 0.5 0.5683333333333334 0.49312500000000004 0.5633333333333332 0.49375 0.5675 0.49750000000000005 0.5650000000000001 0.499375 0.5349999999999999 0.4987500000000001 0.5216666666666667 0.50125 0.49416666666666664 0.4956250000000001 0.4766666666666667 0.499375 0.4708333333333333 0.50375 0.4625 0.5018750000000001 0.45999999999999996 0.504375 0.4525 0.499375 0.44416666666666665 0.5025000000000001 0.4341666666666667 0.5025000000000001 0.43166666666666664 0.49750000000000005 0.42833333333333334 0.50625 0.425 0.504375 0.4066666666666666 0.5050000000000001 0.40499999999999997 0.5025000000000001 0.3975 0.50375 0.39416666666666667 0.5068750000000001 0.3875 0.504375 0.36916666666666664 0.503125 0.32333333333333336 0.5068750000000001 0.30333333333333334 0.5050000000000001 0.3 0.5068750000000001 0.28583333333333333 0.5068750000000001 0.2816666666666666 0.509375 0.2791666666666667 0.545625 0.28500000000000003 0.5487500000000001
0 0.5983333333333334 0.4875 0.5991666666666666 0.49000000000000005 0.605 0.491875 0.6025 0.48375 0.5991666666666666 0.4831250000000001 0.6025 0.48625000000000007 0.5983333333333334 0.4875
0 0.59765625 0.48125 0.0015625 0.0015625
0 0.5900000000000001 0.47062499999999996 0.5866666666666667 0.47000000000000003 0.5883333333333333 0.47375 0.5900000000000001 0.47062499999999996
0 0.51171875 0.76875 0.0015625 0.0015625
0 0.30078125 0.7625 0.00078125 0.00078125
0 0.49916666666666665 0.759375 0.49749999999999994 0.754375 0.49083333333333334 0.75375 0.49083333333333334 0.764375 0.49916666666666665 0.759375
0 0.5691666666666666 0.7518750000000001 0.5675 0.7475 0.5625 0.746875 0.5591666666666667 0.749375 0.5608333333333333 0.755625 0.5691666666666666 0.7518750000000001
0 0.30333333333333334 0.840625 0.32416666666666666 0.8393750000000001 0.345 0.835 0.36583333333333334 0.8387500000000001 0.40166666666666667 0.8331250000000001 0.4291666666666667 0.83375 0.4425 0.8306250000000001 0.5033333333333333 0.8293750000000001 0.5191666666666667 0.8262500000000002 0.5608333333333333 0.8262500000000002 0.5675 0.8243750000000001 0.5666666666666667 0.805625 0.5725 0.795 0.5675 0.769375 0.5458333333333333 0.7706250000000001 0.5433333333333333 0.769375 0.545 0.764375 0.5408333333333333 0.76 0.5308333333333334 0.76375 0.5316666666666666 0.766875 0.5291666666666667 0.7675000000000001 0.5216666666666667 0.7618750000000001 0.515 0.760625 0.5183333333333333 0.759375 0.5141666666666667 0.75375 0.4916666666666667 0.7475 0.49083333333333334 0.749375 0.485 0.745 0.4625 0.7475 0.4525 0.7550000000000001 0.4491666666666666 0.75375 0.44833333333333336 0.763125 0.44333333333333336 0.76875 0.42750000000000005 0.765625 0.4208333333333333 0.7550000000000001 0.4166666666666667 0.754375 0.40750000000000003 0.758125 0.4041666666666667 0.7675000000000001 0.39666666666666667 0.769375 0.39 0.774375 0.385 0.7706250000000001 0.38 0.774375 0.36916666666666664 0.77375 0.36666666666666664 0.7725000000000001 0.36666666666666664 0.76875 0.3625 0.766875 0.3591666666666667 0.77375 0.34833333333333333 0.775625 0.345 0.77875 0.3283333333333333 0.7618750000000001 0.32 0.7618750000000001 0.31333333333333335 0.764375 0.3075 0.7725000000000001 0.3075 0.77625 0.31333333333333335 0.7831250000000001 0.3 0.7887500000000001 0.3 0.835 0.30333333333333334 0.840625
0 0.40078125 0.57734375 0.0015625 0.00078125
0 0.4734375 0.5765625 0.003125 0.0015625
0 0.5216666666666667 0.5743750000000001 0.5183333333333333 0.5725 0.5166666666666667 0.5743750000000001 0.5116666666666666 0.573125 0.5108333333333334 0.575 0.5216666666666667 0.5743750000000001
0 0.48666666666666664 0.5743750000000001 0.4841666666666667 0.571875 0.48083333333333333 0.5743750000000001 0.4791666666666667 0.5775 0.48666666666666664 0.5743750000000001
0 0.4741666666666666 0.571875 0.4741666666666666 0.56875 0.4716666666666667 0.568125 0.4708333333333333 0.570625 0.4741666666666666 0.571875
0 0.41916666666666663 0.561875 0.41916666666666663 0.5581250000000001 0.4175 0.5587500000000001 0.4166666666666667 0.560625 0.41916666666666663 0.561875
0 0.365 0.48875 0.365 0.48375 0.3625 0.48250000000000004 0.3625 0.49437500000000006 0.365 0.48875
0 0.5225 0.48250000000000004 0.5258333333333333 0.480625 0.5266666666666666 0.484375 0.5333333333333333 0.48687500000000006 0.5349999999999999 0.48375 0.5258333333333333 0.4756250000000001 0.5225 0.476875 0.5225 0.48250000000000004
0 0.2841666666666667 0.548125 0.2975 0.5475000000000001 0.3075 0.555625 0.32166666666666666 0.5581250000000001 0.32999999999999996 0.5675000000000001 0.33416666666666667 0.568125 0.33416666666666667 0.57125 0.33666666666666667 0.570625 0.32999999999999996 0.56375 0.33666666666666667 0.556875 0.32916666666666666 0.5525 0.3283333333333333 0.546875 0.3308333333333333 0.545 0.34833333333333333 0.545 0.35333333333333333 0.545625 0.355 0.55 0.3591666666666667 0.5525 0.37083333333333335 0.5537500000000001 0.37916666666666665 0.56125 0.38333333333333336 0.570625 0.39249999999999996 0.575625 0.40166666666666667 0.5725 0.4066666666666666 0.5675000000000001 0.4216666666666667 0.56625 0.425 0.5775 0.42833333333333334 0.5743750000000001 0.43166666666666664 0.575 0.43499999999999994 0.5700000000000001 0.43916666666666665 0.573125 0.4458333333333333 0.5725 0.4491666666666666 0.575625 0.45583333333333337 0.5737500000000001 0.4608333333333333 0.575625 0.46333333333333326 0.5743750000000001 0.465 0.56625 0.4708333333333333 0.56625 0.4683333333333334 0.56125 0.47000000000000003 0.5575 0.4766666666666667 0.5581250000000001 0.485 0.5693750000000001 0.49916666666666665 0.5700000000000001 0.505 0.5675000000000001 0.5083333333333333 0.5625 0.5125 0.5675000000000001 0.5125 0.5581250000000001 0.515 0.5543750000000001 0.5191666666666667 0.56 0.5275000000000001 0.56375 0.5233333333333333 0.5675000000000001 0.5283333333333333 0.5675000000000001 0.5291666666666667 0.5625 0.5333333333333333 0.5631250000000001 0.5341666666666667 0.56625 0.54 0.5693750000000001 0.5366666666666666 0.5743750000000001 0.5566666666666666 0.575 0.5583333333333333 0.573125 0.5549999999999999 0.561875 0.5608333333333333 0.5543750000000001 0.5566666666666666 0.54625 0.5616666666666666 0.545 0.5658333333333333 0.5475000000000001 0.5766666666666667 0.548125 0.5841666666666667 0.541875 0.6 0.539375 0.6025 0.5362500000000001 0.5966666666666667 0.516875 0.5958333333333333 0.50375 0.6016666666666667 0.5006250000000001 0.6058333333333333 0.495 0.6058333333333333 0.490625 0.6025 0.48375 0.5900000000000001 0.47062499999999996 0.5841666666666667 0.47000000000000003 0.575 0.478125 0.5741666666666666 0.48812500000000003 0.5666666666666667 0.48875 0.5599999999999999 0.49375 0.5525 0.49437500000000006 0.5491666666666666 0.496875 0.5483333333333333 0.49437500000000006 0.5466666666666666 0.4987500000000001 0.5383333333333333 0.49750000000000005 0.5383333333333333 0.49000000000000005 0.5358333333333334 0.48812500000000003 0.525 0.48937500000000006 0.5191666666666667 0.49250000000000005 0.5116666666666666 0.490625 0.505 0.49625 0.49749999999999994 0.496875 0.48666666666666664 0.48875 0.48250000000000004 0.48812500000000003 0.48166666666666663 0.47375 0.4758333333333333 0.47062499999999996 0.4683333333333334 0.476875 0.4683333333333334 0.48562500000000003 0.46416666666666667 0.48937500000000006 0.46416666666666667 0.4956250000000001 0.4666666666666667 0.49812500000000004 0.45916666666666667 0.499375 0.45583333333333337 0.495 0.4458333333333333 0.49812500000000004 0.4416666666666667 0.5018750000000001 0.43916666666666665 0.49750000000000005 0.4341666666666667 0.496875 0.43166666666666664 0.48937500000000006 0.42833333333333334 0.49000000000000005 0.4258333333333333 0.48812500000000003 0.425 0.473125 0.4175 0.471875 0.41083333333333333 0.48375 0.4125 0.4875 0.4083333333333333 0.490625 0.40750000000000003 0.5006250000000001 0.4 0.49750000000000005 0.38916666666666666 0.503125 0.36583333333333334 0.504375 0.3516666666666667 0.503125 0.34750000000000003 0.5 0.345 0.5018750000000001 0.3416666666666667 0.5006250000000001 0.3358333333333333 0.505625 0.325 0.5075000000000001 0.29500000000000004 0.5068750000000001 0.2866666666666667 0.508125 0.2833333333333333 0.5118750000000001 0.2791666666666667 0.544375 0.2841666666666667 0.548125
0 0.43166666666666664 0.765625 0.43666666666666665 0.765 0.44333333333333336 0.758125 0.44333333333333336 0.75375 0.4375 0.75 0.42833333333333334 0.7506250000000001 0.42750000000000005 0.7618750000000001 0.43166666666666664 0.765625
0 0.2966666666666667 0.7256250000000001 0.3075 0.725 0.31333333333333335 0.728125 0.3308333333333333 0.725 0.33416666666666667 0.721875 0.35583333333333333 0.721875 0.36333333333333334 0.7275 0.36916666666666664 0.72875 0.38416666666666666 0.7206250000000001 0.3983333333333333 0.71875 0.4058333333333334 0.72 0.41083333333333333 0.724375 0.41583333333333333 0.724375 0.4225 0.71875 0.42833333333333334 0.7175 0.4491666666666666 0.7175 0.45583333333333337 0.7212500000000001 0.4616666666666666 0.721875 0.47333333333333333 0.71375 0.49416666666666664 0.7143750000000001 0.49916666666666665 0.7206250000000001 0.505 0.7212500000000001 0.5133333333333333 0.7150000000000001 0.5325 0.7106250000000001 0.54 0.711875 0.5475 0.718125 0.5666666666666667 0.7106250000000001 0.5766666666666667 0.71125 0.5833333333333333 0.709375 0.5783333333333334 0.68125 0.585 0.6775 0.5858333333333333 0.6737500000000001 0.5816666666666667 0.6568750000000001 0.5775 0.65375 0.5708333333333333 0.6575 0.5675 0.654375 0.5508333333333333 0.6612500000000001 0.54 0.6568750000000001 0.5366666666666666 0.6575 0.5308333333333334 0.6637500000000001 0.5349999999999999 0.669375 0.5333333333333333 0.6725000000000001 0.5233333333333333 0.6675000000000001 0.5208333333333333 0.660625 0.505 0.660625 0.48666666666666664 0.650625 0.48083333333333333 0.650625 0.4716666666666667 0.66 0.4541666666666667 0.660625 0.4458333333333333 0.655625 0.43916666666666665 0.655625 0.43499999999999994 0.6575 0.43499999999999994 0.6612500000000001 0.43166666666666664 0.664375 0.4258333333333333 0.6612500000000001 0.41833333333333333 0.6637500000000001 0.4091666666666667 0.6637500000000001 0.4041666666666667 0.659375 0.39916666666666667 0.6587500000000001 0.38 0.6612500000000001 0.37333333333333335 0.66625 0.36916666666666664 0.666875 0.3625 0.66625 0.355 0.66 0.35 0.6587500000000001 0.345 0.6625 0.3416666666666667 0.6612500000000001 0.33666666666666667 0.666875 0.3225 0.6675000000000001 0.31166666666666665 0.666875 0.30333333333333334 0.660625 0.2966666666666667 0.6612500000000001 0.2925 0.673125 0.29416666666666663 0.7237500000000001 0.2966666666666667 0.7256250000000001
0 0.3308333333333333 0.64 0.3383333333333333 0.6456250000000001 0.3466666666666667 0.64375 0.3516666666666667 0.6368750000000001 0.3466666666666667 0.6362500000000001 0.3458333333333333 0.6300000000000001 0.33249999999999996 0.6300000000000001 0.3283333333333333 0.633125 0.3308333333333333 0.64
0 0.3808333333333333 0.6375 0.38666666666666666 0.64 0.3883333333333333 0.6375 0.3908333333333333 0.6425000000000001 0.3975 0.640625 0.3933333333333333 0.633125 0.39499999999999996 0.6275000000000001 0.3883333333333333 0.625 0.38249999999999995 0.6256250000000001 0.37666666666666665 0.6275000000000001 0.3808333333333333 0.6375
0 0.4758333333333333 0.619375 0.4725 0.61875 0.47000000000000003 0.619375 0.4758333333333333 0.619375
0 0.48250000000000004 0.6256250000000001 0.48250000000000004 0.628125 0.48 0.62875 0.48583333333333334 0.6362500000000001 0.49083333333333334 0.63875 0.49916666666666665 0.633125 0.49416666666666664 0.62625 0.5 0.623125 0.49416666666666664 0.618125 0.48166666666666663 0.619375 0.48 0.6256250000000001 0.48250000000000004 0.6256250000000001
0 0.5325 0.6362500000000001 0.5416666666666667 0.6368750000000001 0.5441666666666667 0.63375 0.5425 0.62625 0.5491666666666666 0.619375 0.5358333333333334 0.6168750000000001 0.5316666666666666 0.618125 0.53 0.621875 0.5291666666666667 0.630625 0.5325 0.6362500000000001
0 0.5191666666666667 0.619375 0.5175 0.6162500000000001 0.5158333333333334 0.615625 0.5191666666666667 0.619375
0 0.2866666666666667 0.590625 0.28583333333333333 0.615625 0.29 0.6225 0.30416666666666664 0.621875 0.3175 0.625 0.32916666666666666 0.62 0.3516666666666667 0.618125 0.35833333333333334 0.6212500000000001 0.3591666666666667 0.625 0.37 0.6256250000000001 0.3725 0.623125 0.3675 0.619375 0.37333333333333335 0.615625 0.38416666666666666 0.6168750000000001 0.38916666666666666 0.615 0.4216666666666667 0.615 0.42833333333333334 0.623125 0.42750000000000005 0.629375 0.43166666666666664 0.6362500000000001 0.4383333333333333 0.640625 0.445 0.6412500000000001 0.4575 0.629375 0.45999999999999996 0.623125 0.4575 0.615 0.4625 0.61375 0.48166666666666663 0.613125 0.48666666666666664 0.6112500000000001 0.5041666666666667 0.6125 0.51 0.610625 0.5333333333333333 0.6118750000000001 0.5366666666666666 0.6143750000000001 0.5566666666666666 0.6125 0.5599999999999999 0.6168750000000001 0.5650000000000001 0.6168750000000001 0.5733333333333334 0.613125 0.5875 0.6118750000000001 0.5916666666666667 0.60875 0.5883333333333333 0.58125 0.5983333333333334 0.5743750000000001 0.5983333333333334 0.5675000000000001 0.595 0.56125 0.5875 0.548125 0.5791666666666667 0.54 0.5708333333333333 0.5381250000000001 0.5491666666666666 0.5381250000000001 0.53 0.534375 0.5058333333333334 0.5375 0.4833333333333333 0.535625 0.47000000000000003 0.5387500000000001 0.44749999999999995 0.536875 0.42833333333333334 0.5387500000000001 0.42416666666666664 0.536875 0.4175 0.54 0.4041666666666667 0.536875 0.39 0.54125 0.3716666666666667 0.541875 0.3525 0.539375 0.35416666666666663 0.54375 0.31333333333333335 0.544375 0.29333333333333333 0.55 0.28583333333333333 0.556875 0.2833333333333333 0.56625 0.2816666666666666 0.5825 0.2866666666666667 0.590625
0 0.3158333333333333 0.8762500000000001 0.31333333333333335 0.87375 0.31416666666666665 0.880625 0.3158333333333333 0.8762500000000001
0 0.42578125 0.796875 0.00078125 0.0015625
0 0.32333333333333336 0.7931250000000001 0.32083333333333336 0.79 0.31916666666666665 0.790625 0.31916666666666665 0.794375 0.32333333333333336 0.7931250000000001
0 0.425 0.79125 0.425 0.7881250000000001 0.4216666666666667 0.7887500000000001 0.4208333333333333 0.79 0.425 0.79125
0 0.5066666666666666 0.789375 0.5008333333333332 0.7875 0.5 0.79 0.5066666666666666 0.789375
0 0.48046875 0.7828125 0.00078125 0.00078125
0 0.49833333333333335 0.7837500000000001 0.4958333333333333 0.7818750000000001 0.49416666666666664 0.7837500000000001 0.49833333333333335 0.7837500000000001
0 0.45583333333333337 0.785 0.4616666666666666 0.7831250000000001 0.45583333333333337 0.78125 0.4508333333333333 0.7825 0.45583333333333337 0.785
0 0.4390625 0.7796875 0.00078125 0.0015625
0 0.5141666666666667 0.779375 0.51 0.778125 0.5097701149425288 0.7786422413793104 0.5141666666666667 0.779375
0 0.5066666666666666 0.778125 0.5041666666666667 0.779375 0.5083333333333333 0.7818750000000001 0.5097701149425288 0.7786422413793104 0.5066666666666666 0.778125
0 0.30666666666666664 0.83125 0.30833333333333335 0.83375 0.30333333333333334 0.8375 0.30666666666666664 0.8418750000000002 0.30333333333333334 0.8481250000000001 0.30333333333333334 0.8637500000000001 0.30666666666666664 0.868125 0.32083333333333336 0.868125 0.32416666666666666 0.8700000000000001 0.3225 0.8787499999999999 0.325 0.8868750000000001 0.33416666666666667 0.8875 0.3383333333333333 0.8856250000000001 0.345 0.8881249999999999 0.35666666666666663 0.883125 0.36333333333333334 0.884375 0.3591666666666667 0.8787499999999999 0.36333333333333334 0.8787499999999999 0.37 0.884375 0.37333333333333335 0.881875 0.38 0.88375 0.38666666666666666 0.8787499999999999 0.39416666666666667 0.88375 0.4058333333333334 0.884375 0.4141666666666667 0.8800000000000001 0.425 0.8800000000000001 0.42416666666666664 0.875625 0.42750000000000005 0.87375 0.4383333333333333 0.874375 0.445 0.8800000000000001 0.4491666666666666 0.8800000000000001 0.45916666666666667 0.875625 0.4616666666666666 0.869375 0.4758333333333333 0.8724999999999999 0.48250000000000004 0.8768750000000001 0.4925 0.8775000000000001 0.5016666666666667 0.875 0.5091666666666667 0.86875 0.5216666666666667 0.8706250000000001 0.53 0.868125 0.5325 0.8700000000000001 0.5366666666666666 0.8625 0.5466666666666666 0.8625 0.5391666666666667 0.8575000000000002 0.5408333333333333 0.85375 0.5475 0.851875 0.5575 0.853125 0.5633333333333332 0.85 0.5625 0.8293750000000001 0.5675 0.8243750000000001 0.5658333333333333 0.795 0.5708333333333333 0.7931250000000001 0.5708333333333333 0.7887500000000001 0.5650000000000001 0.775625 0.5441666666666667 0.775625 0.5308333333333334 0.785 0.5308333333333334 0.789375 0.54 0.795 0.5416666666666667 0.7987500000000001 0.5325 0.8 0.5258333333333333 0.7987500000000001 0.52 0.795 0.5108333333333334 0.7987500000000001 0.49833333333333335 0.796875 0.49416666666666664 0.7875 0.4766666666666667 0.789375 0.47333333333333333 0.7862500000000001 0.4741666666666666 0.7825 0.47000000000000003 0.780625 0.4683333333333334 0.7862500000000001 0.465 0.7881250000000001 0.4491666666666666 0.7881250000000001 0.4416666666666667 0.8012500000000001 0.43583333333333335 0.8012500000000001 0.43083333333333335 0.7987500000000001 0.4175 0.8025 0.41500000000000004 0.805 0.41 0.805 0.4066666666666666 0.80375 0.4066666666666666 0.7987500000000001 0.4041666666666667 0.798125 0.4 0.80375 0.39249999999999996 0.8018750000000001 0.39416666666666667 0.798125 0.39 0.80375 0.38333333333333336 0.80375 0.38166666666666665 0.8075000000000001 0.37666666666666665 0.80625 0.3616666666666667 0.811875 0.3441666666666666 0.8087500000000001 0.3308333333333333 0.8125 0.32083333333333336 0.8125 0.30333333333333334 0.8162499999999999 0.30333333333333334 0.83125 0.30666666666666664 0.83125
0 0.4133333333333333 0.8775000000000001 0.4116666666666666 0.87375 0.4058333333333334 0.8762500000000001 0.4041666666666667 0.880625 0.4133333333333333 0.8775000000000001
0 0.30333333333333334 0.86625 0.31 0.869375 0.32083333333333336 0.868125 0.3258333333333333 0.8724999999999999 0.3308333333333333 0.8712500000000001 0.34249999999999997 0.8800000000000001 0.345 0.884375 0.3516666666666667 0.88375 0.355 0.8775000000000001 0.3591666666666667 0.8762500000000001 0.36083333333333334 0.86875 0.3575 0.865625 0.36916666666666664 0.865625 0.3725 0.8625 0.37916666666666665 0.865625 0.38166666666666665 0.874375 0.39249999999999996 0.8793750000000001 0.41083333333333333 0.869375 0.41083333333333333 0.865 0.4141666666666667 0.8625 0.4216666666666667 0.871875 0.43 0.874375 0.4425 0.874375 0.45166666666666666 0.8643750000000001 0.45916666666666667 0.86 0.465 0.8675 0.4741666666666666 0.871875 0.485 0.8706250000000001 0.5 0.8606250000000001 0.5083333333333333 0.8618750000000001 0.5091666666666667 0.865625 0.5175 0.869375 0.5266666666666666 0.8668750000000001 0.5316666666666666 0.858125 0.5391666666666667 0.853125 0.5608333333333333 0.8525 0.5650000000000001 0.8487500000000001 0.5633333333333332 0.82875 0.5608333333333333 0.826875 0.5433333333333333 0.8275 0.5358333333333334 0.825 0.5191666666666667 0.8256249999999999 0.4958333333333333 0.8300000000000001 0.4691666666666666 0.8293750000000001 0.45666666666666667 0.8325000000000001 0.43499999999999994 0.83125 0.42833333333333334 0.834375 0.39416666666666667 0.835 0.37666666666666665 0.838125 0.35416666666666663 0.8375 0.3408333333333333 0.83375 0.3383333333333333 0.838125 0.33166666666666667 0.8375 0.32083333333333336 0.840625 0.31083333333333335 0.8400000000000001 0.3058333333333333 0.8418750000000002 0.30166666666666664 0.8450000000000001 0.30333333333333334 0.86625
0 0.3 0.8081250000000001 0.30083333333333334 0.805 0.3 0.803125 0.3 0.8081250000000001
0 0.3025 0.794375 0.30666666666666664 0.789375 0.3225 0.79125 0.3383333333333333 0.785625 0.3525 0.785 0.35833333333333334 0.7818750000000001 0.37333333333333335 0.7862500000000001 0.3808333333333333 0.7825 0.3983333333333333 0.78 0.41500000000000004 0.7818750000000001 0.42750000000000005 0.77625 0.4541666666666667 0.78 0.4766666666666667 0.7768750000000001 0.54 0.7775000000000001 0.5508333333333333 0.774375 0.5700000000000001 0.77375 0.5775 0.7675000000000001 0.5716666666666667 0.745 0.5625 0.7425 0.5416666666666667 0.744375 0.5416666666666667 0.75125 0.5366666666666666 0.755625 0.5341666666666667 0.7475 0.5275000000000001 0.75375 0.5225 0.7518750000000001 0.5191666666666667 0.754375 0.515 0.75125 0.515 0.745 0.49749999999999994 0.746875 0.4841666666666667 0.7425 0.46749999999999997 0.74375 0.4616666666666666 0.7462500000000001 0.4425 0.7675000000000001 0.43166666666666664 0.7675000000000001 0.4216666666666667 0.7550000000000001 0.4133333333333333 0.753125 0.38666666666666666 0.753125 0.38416666666666666 0.755625 0.37583333333333335 0.754375 0.36666666666666664 0.7575000000000001 0.3591666666666667 0.7550000000000001 0.33416666666666667 0.753125 0.3 0.7575000000000001 0.2966666666666667 0.760625 0.29583333333333334 0.7831250000000001 0.3025 0.794375
0 0.4325 0.765625 0.4341666666666667 0.76 0.4425 0.7575000000000001 0.44333333333333336 0.7525000000000001 0.44000000000000006 0.7475 0.42750000000000005 0.748125 0.42750000000000005 0.760625 0.4325 0.765625
0 0.2966666666666667 0.726875 0.30666666666666664 0.7256250000000001 0.31416666666666665 0.729375 0.31916666666666665 0.728125 0.32083333333333336 0.7306250000000001 0.3225 0.7262500000000001 0.33416666666666667 0.7225 0.35583333333333333 0.723125 0.36333333333333334 0.72875 0.37333333333333335 0.728125 0.38249999999999995 0.7212500000000001 0.3975 0.71875 0.40166666666666667 0.71875 0.41083333333333333 0.725 0.41583333333333333 0.725 0.42416666666666664 0.71875 0.43166666666666664 0.7175 0.44749999999999995 0.7175 0.4608333333333333 0.723125 0.47333333333333333 0.7143750000000001 0.4916666666666667 0.7143750000000001 0.49833333333333335 0.7206250000000001 0.5033333333333333 0.721875 0.5166666666666667 0.7143750000000001 0.5308333333333334 0.71125 0.5391666666666667 0.711875 0.5425 0.7175 0.5475 0.71875 0.5575 0.716875 0.5633333333333332 0.711875 0.58 0.71125 0.5841666666666667 0.7081250000000001 0.575 0.680625 0.5533333333333333 0.6837500000000001 0.5483333333333333 0.68 0.5408333333333333 0.6787500000000001 0.5083333333333333 0.68125 0.5016666666666667 0.6775 0.4966666666666667 0.6793750000000001 0.4916666666666667 0.6768750000000001 0.48166666666666663 0.6768750000000001 0.4616666666666666 0.680625 0.45166666666666666 0.6793750000000001 0.43083333333333335 0.6825 0.42333333333333334 0.681875 0.41833333333333333 0.685625 0.41083333333333333 0.681875 0.38333333333333336 0.6831250000000001 0.3783333333333333 0.685 0.37583333333333335 0.68875 0.34833333333333333 0.6881250000000001 0.33416666666666667 0.690625 0.32416666666666666 0.696875 0.31166666666666665 0.69375 0.29333333333333333 0.695625 0.29333333333333333 0.725 0.2966666666666667 0.726875
0 0.36583333333333334 0.659375 0.36666666666666664 0.6575 0.36333333333333334 0.6581250000000001 0.36583333333333334 0.659375
0 0.3 0.675625 0.30666666666666664 0.66875 0.31916666666666665 0.675 0.3183333333333333 0.6775 0.31416666666666665 0.6787500000000001 0.31416666666666665 0.681875 0.31 0.684375 0.30666666666666664 0.690625 0.30083333333333334 0.69125 0.29333333333333333 0.68875 0.29416666666666663 0.7225 0.2966666666666667 0.725 0.3075 0.724375 0.31416666666666665 0.726875 0.33416666666666667 0.72 0.3575 0.7212500000000001 0.3675 0.7237500000000001 0.3675 0.726875 0.37083333333333335 0.726875 0.37 0.7225 0.39249999999999996 0.718125 0.4058333333333334 0.718125 0.41500000000000004 0.7237500000000001 0.4216666666666667 0.718125 0.4458333333333333 0.71625 0.4575 0.7206250000000001 0.4608333333333333 0.71875 0.4608333333333333 0.7206250000000001 0.4625 0.72 0.4583333333333333 0.71625 0.45999999999999996 0.7143750000000001 0.485 0.713125 0.49833333333333335 0.713125 0.5016666666666667 0.71625 0.5008333333333332 0.72 0.505 0.7206250000000001 0.505 0.713125 0.515 0.71375 0.54 0.7106250000000001 0.5466666666666666 0.7175 0.5533333333333333 0.71625 0.5599999999999999 0.71125 0.5825 0.709375 0.5766666666666667 0.680625 0.585 0.67625 0.5841666666666667 0.6681250000000001 0.5808333333333333 0.6587500000000001 0.5641666666666667 0.6631250000000001 0.5625 0.66 0.5658333333333333 0.6568750000000001 0.5650000000000001 0.65375 0.5616666666666666 0.6568750000000001 0.5533333333333333 0.6568750000000001 0.5491666666666666 0.660625 0.5408333333333333 0.660625 0.5366666666666666 0.664375 0.5383333333333333 0.671875 0.5333333333333333 0.6743750000000001 0.5225 0.6681250000000001 0.5225 0.66 0.5258333333333333 0.6568750000000001 0.5158333333333334 0.659375 0.5116666666666666 0.6575 0.5041666666666667 0.66 0.5008333333333332 0.65625 0.49083333333333334 0.655625 0.4875 0.65 0.47833333333333333 0.650625 0.4766666666666667 0.655 0.46749999999999997 0.66 0.45583333333333337 0.66 0.4525 0.6575 0.4383333333333333 0.655 0.43166666666666664 0.665625 0.42833333333333334 0.665625 0.425 0.660625 0.4083333333333333 0.6625 0.4041666666666667 0.6575 0.40083333333333326 0.660625 0.39666666666666667 0.659375 0.3875 0.6631250000000001 0.37666666666666665 0.660625 0.37 0.6637500000000001 0.36083333333333334 0.6575 0.3516666666666667 0.6575 0.3458333333333333 0.6631250000000001 0.3416666666666667 0.660625 0.33999999999999997 0.665 0.3358333333333333 0.666875 0.3308333333333333 0.664375 0.3275 0.666875 0.32166666666666666 0.6631250000000001 0.31333333333333335 0.664375 0.30666666666666664 0.661875 0.2966666666666667 0.6637500000000001 0.29333333333333333 0.675625 0.3 0.675625
0 0.3058333333333333 0.8925000000000001 0.31 0.89375 0.3416666666666667 0.890625 0.3491666666666667 0.8881249999999999 0.37083333333333335 0.8881249999999999 0.39583333333333337 0.884375 0.44749999999999995 0.885 0.47000000000000003 0.8800000000000001 0.5041666666666667 0.8800000000000001 0.5166666666666667 0.8768750000000001 0.5583333333333333 0.8768750000000001 0.5633333333333332 0.8731250000000002 0.5608333333333333 0.85875 0.5641666666666667 0.850625 0.5641666666666667 0.8375 0.5599999999999999 0.83125 0.5583333333333333 0.83625 0.5533333333333333 0.8387500000000001 0.5583333333333333 0.8487500000000001 0.5466666666666666 0.850625 0.5349999999999999 0.8512500000000001 0.5233333333333333 0.8462500000000001 0.5158333333333334 0.8525 0.4883333333333333 0.8525 0.4841666666666667 0.8474999999999999 0.48083333333333333 0.849375 0.47333333333333333 0.849375 0.47000000000000003 0.8456250000000001 0.4658333333333333 0.8450000000000001 0.46416666666666667 0.846875 0.45666666666666667 0.846875 0.45583333333333337 0.85 0.4583333333333333 0.851875 0.4525 0.8543750000000001 0.4425 0.8525 0.4216666666666667 0.85625 0.41833333333333333 0.85875 0.39416666666666667 0.8575000000000002 0.3883333333333333 0.86 0.36416666666666664 0.86 0.35833333333333334 0.8631249999999999 0.33333333333333337 0.8643750000000001 0.325 0.8668750000000001 0.30666666666666664 0.8643750000000001 0.30416666666666664 0.86625 0.30333333333333334 0.8868750000000001 0.3058333333333333 0.8925000000000001
0 0.31083333333333335 0.9400000000000001 0.32166666666666666 0.940625 0.345 0.936875 0.35333333333333333 0.9375 0.3616666666666667 0.9349999999999999 0.36916666666666664 0.9375 0.385 0.936875 0.4 0.9325000000000001 0.45499999999999996 0.9293750000000001 0.48166666666666663 0.93 0.5108333333333334 0.9243750000000001 0.5475 0.9225 0.5566666666666666 0.914375 0.5558333333333334 0.900625 0.5591666666666667 0.8925000000000001 0.5566666666666666 0.8800000000000001 0.5533333333333333 0.8768750000000001 0.5483333333333333 0.8762500000000001 0.53 0.878125 0.5175 0.8768750000000001 0.48666666666666664 0.880625 0.47000000000000003 0.8793750000000001 0.4458333333333333 0.885 0.43583333333333335 0.88125 0.41916666666666663 0.881875 0.4125 0.884375 0.40083333333333326 0.8825000000000001 0.3725 0.8887500000000002 0.3625 0.8868750000000001 0.3516666666666667 0.8875 0.33916666666666667 0.890625 0.32666666666666666 0.89 0.30666666666666664 0.8950000000000001 0.30833333333333335 0.9356250000000002 0.31083333333333335 0.9400000000000001
0 0.33249999999999996 0.9356250000000002 0.3283333333333333 0.931875 0.3275 0.9349999999999999 0.33249999999999996 0.9356250000000002
0 0.38166666666666665 0.92875 0.3783333333333333 0.9275 0.3775 0.92875 0.38166666666666665 0.92875
0 0.345 0.931875 0.34833333333333333 0.9325000000000001 0.35 0.9293750000000001 0.34249999999999997 0.9268750000000001 0.33666666666666667 0.92875 0.33666666666666667 0.9349999999999999 0.345 0.931875
0 0.3734375 0.921875 0.0015625 0.00078125
0 0.4141666666666667 0.9225 0.4141666666666667 0.9200000000000002 0.41083333333333333 0.9225 0.4141666666666667 0.9225
0 0.45625 0.915625 0.00078125 0.003125
0 0.41484375 0.91484375 0.00078125 0.00234375
0 0.49416666666666664 0.92125 0.49749999999999994 0.92125 0.5008333333333332 0.914375 0.49416666666666664 0.9112500000000001 0.4925 0.91875 0.49416666666666664 0.92125
0 0.5216666666666667 0.9075000000000001 0.5175 0.90625 0.5183333333333333 0.9112500000000001 0.5216666666666667 0.9075000000000001
0 0.515625 0.9046875 0.00078125 0.00078125
0 0.355 0.8418750000000002 0.3516666666666667 0.8412499999999999 0.3491666666666667 0.8418750000000002 0.355 0.8418750000000002
0 0.39583333333333337 0.840625 0.4 0.8418750000000002 0.3975 0.838125 0.3983333333333333 0.8400000000000001 0.39583333333333337 0.840625
0 0.3075 0.871875 0.31 0.89 0.3175 0.88125 0.32166666666666666 0.883125 0.32166666666666666 0.8881249999999999 0.31916666666666665 0.89 0.3225 0.89125 0.3358333333333333 0.89 0.3383333333333333 0.8881249999999999 0.3458333333333333 0.889375 0.35833333333333334 0.883125 0.3683333333333333 0.8862500000000001 0.37583333333333335 0.884375 0.38333333333333336 0.8875 0.3883333333333333 0.885 0.4 0.885 0.40750000000000003 0.8875 0.4116666666666666 0.885 0.4216666666666667 0.88375 0.43083333333333335 0.8875 0.43916666666666665 0.885 0.445 0.8875 0.4458333333333333 0.89 0.4458333333333333 0.8881249999999999 0.4491666666666666 0.8881249999999999 0.4541666666666667 0.88375 0.4525 0.8775000000000001 0.46333333333333326 0.8712500000000001 0.4725 0.8731250000000002 0.47000000000000003 0.8775000000000001 0.48166666666666663 0.875 0.4875 0.878125 0.4925 0.8775000000000001 0.49749999999999994 0.871875 0.5016666666666667 0.8731250000000002 0.5091666666666667 0.8706250000000001 0.5158333333333334 0.8706250000000001 0.5208333333333333 0.8731250000000002 0.5291666666666667 0.8706250000000001 0.5358333333333334 0.87375 0.5375 0.865625 0.5475 0.8643750000000001 0.5508333333333333 0.858125 0.5625 0.8512500000000001 0.5641666666666667 0.8387500000000001 0.5608333333333333 0.828125 0.5516666666666666 0.828125 0.5466666666666666 0.8306250000000001 0.54 0.828125 0.5325 0.8300000000000001 0.5216666666666667 0.82875 0.5158333333333334 0.8306250000000001 0.4766666666666667 0.83125 0.4666666666666667 0.8356250000000001 0.45999999999999996 0.83625 0.45499999999999996 0.834375 0.4325 0.8356250000000001 0.42333333333333334 0.8375 0.42333333333333334 0.8393750000000001 0.3908333333333333 0.8387500000000001 0.39166666666666666 0.8418750000000002 0.3883333333333333 0.84375 0.38333333333333336 0.8387500000000001 0.37 0.8393750000000001 0.36416666666666664 0.8418750000000002 0.36666666666666664 0.8450000000000001 0.36583333333333334 0.8487500000000001 0.3591666666666667 0.8543750000000001 0.3433333333333333 0.8487500000000001 0.3433333333333333 0.8450000000000001 0.34750000000000003 0.8425 0.3433333333333333 0.840625 0.3308333333333333 0.840625 0.325 0.843125 0.31 0.8418750000000002 0.305 0.8450000000000001 0.30416666666666664 0.85 0.30333333333333334 0.8631249999999999 0.3075 0.871875
0 0.44833333333333336 0.490625 0.4458333333333333 0.48937500000000006 0.4458333333333333 0.4912500000000001 0.44833333333333336 0.490625
0 0.459375 0.48046875 0.00078125 0.0015625
0 0.43499999999999994 0.48125 0.4425 0.48812500000000003 0.43499999999999994 0.47625 0.4375 0.480625 0.43499999999999994 0.48125
0 0.5533333333333333 0.46875 0.5566666666666666 0.46687500000000004 0.55 0.46625000000000005 0.5475 0.46687500000000004 0.5533333333333333 0.46875
0 0.4333333333333333 0.46625000000000005 0.43083333333333335 0.465625 0.4325 0.468125 0.4333333333333333 0.46625000000000005
0 0.2791666666666667 0.46625000000000005 0.2925 0.465 0.305 0.47062499999999996 0.3125 0.47125000000000006 0.3175 0.47125000000000006 0.32416666666666666 0.46375 0.3308333333333333 0.460625 0.35 0.460625 0.3591666666666667 0.46875 0.37333333333333335 0.468125 0.38 0.4600000000000001 0.38916666666666666 0.458125 0.4383333333333333 0.460625 0.44833333333333336 0.45562500000000006 0.4541666666666667 0.45499999999999996 0.4683333333333334 0.46125 0.47333333333333333 0.46125 0.47833333333333333 0.45875000000000005 0.5025000000000001 0.45499999999999996 0.515 0.45875000000000005 0.5191666666666667 0.45687500000000003 0.5366666666666666 0.45875000000000005 0.5675 0.4575 0.5758333333333333 0.4600000000000001 0.5783333333333334 0.46687500000000004 0.5816666666666667 0.46187500000000004 0.5916666666666667 0.4625 0.5941666666666666 0.460625 0.6091666666666666 0.4600000000000001 0.6133333333333333 0.45625 0.6041666666666667 0.42062499999999997 0.5858333333333333 0.416875 0.5650000000000001 0.4175 0.5508333333333333 0.41500000000000004 0.5425 0.41625000000000006 0.5325 0.414375 0.5075000000000001 0.414375 0.5016666666666667 0.416875 0.48083333333333333 0.416875 0.46333333333333326 0.41625000000000006 0.45499999999999996 0.4131250000000001 0.44833333333333336 0.4131250000000001 0.4383333333333333 0.415625 0.4058333333333334 0.41625000000000006 0.40083333333333326 0.4131250000000001 0.38166666666666665 0.4131250000000001 0.375 0.41625000000000006 0.335 0.416875 0.32416666666666666 0.42000000000000004 0.3091666666666667 0.418125 0.29 0.421875 0.2816666666666666 0.42625 0.2758333333333333 0.44375 0.2758333333333333 0.46375 0.2791666666666667 0.46625000000000005
0 0.5266666666666666 0.59125 0.5233333333333333 0.58875 0.5266666666666666 0.586875 0.5258333333333333 0.5850000000000001 0.5208333333333333 0.5900000000000001 0.5208333333333333 0.593125 0.5266666666666666 0.59125
0 0.2891666666666667 0.6481250000000001 0.2925 0.650625 0.29 0.654375 0.2966666666666667 0.6568750000000001 0.30666666666666664 0.65625 0.31333333333333335 0.660625 0.31 0.665 0.31416666666666665 0.66625 0.31666666666666665 0.6637500000000001 0.3204166666666667 0.6637500000000001 0.31416666666666665 0.66 0.31666666666666665 0.6575 0.3275 0.6575 0.33249999999999996 0.655625 0.3416666666666667 0.6587500000000001 0.345 0.655625 0.35333333333333333 0.65625 0.3616666666666667 0.665625 0.37416666666666665 0.665 0.3775 0.6575 0.38583333333333336 0.654375 0.39666666666666667 0.655625 0.40083333333333326 0.65375 0.4091666666666667 0.6631250000000001 0.4166666666666667 0.6637500000000001 0.4225 0.661875 0.43083333333333335 0.653125 0.44666666666666666 0.6518750000000001 0.4508333333333333 0.65375 0.4541666666666667 0.659375 0.45999999999999996 0.660625 0.4725 0.6581250000000001 0.4758333333333333 0.6518750000000001 0.48 0.649375 0.4966666666666667 0.65125 0.5041666666666667 0.6587500000000001 0.5125 0.66 0.52 0.6581250000000001 0.5275000000000001 0.65 0.5408333333333333 0.6481250000000001 0.5441666666666667 0.649375 0.55 0.66 0.5625 0.655625 0.5691666666666666 0.6475000000000001 0.5766666666666667 0.6475000000000001 0.5883333333333333 0.64375 0.585 0.640625 0.5791666666666667 0.618125 0.5816666666666667 0.61375 0.5891666666666666 0.6125 0.5925 0.609375 0.5925 0.6025 0.5841666666666667 0.5806250000000001 0.5775 0.58125 0.5683333333333334 0.5900000000000001 0.5583333333333333 0.59375 0.5566666666666666 0.5975 0.5508333333333333 0.591875 0.5533333333333333 0.588125 0.55 0.584375 0.5416666666666667 0.5831250000000001 0.5391666666666667 0.591875 0.545 0.595 0.5458333333333333 0.5987500000000001 0.5375 0.60375 0.5291666666666667 0.6 0.5216666666666667 0.599375 0.5125 0.591875 0.5141666666666667 0.588125 0.5191666666666667 0.5856250000000001 0.5191666666666667 0.5800000000000001 0.5116666666666666 0.5800000000000001 0.5091666666666667 0.58625 0.505 0.58875 0.5008333333333332 0.5800000000000001 0.4833333333333333 0.58125 0.4683333333333334 0.593125 0.4625 0.5925 0.4575 0.5856250000000001 0.4625 0.58125 0.43666666666666665 0.58125 0.4225 0.59375 0.4175 0.595 0.4091666666666667 0.593125 0.4041666666666667 0.5856250000000001 0.4 0.58375 0.39 0.5900000000000001 0.38333333333333336 0.586875 0.38 0.588125 0.375 0.596875 0.3625 0.6006250000000001 0.35583333333333333 0.598125 0.3525 0.5900000000000001 0.34833333333333333 0.5875 0.3416666666666667 0.5875 0.3375 0.588125 0.335 0.59125 0.3308333333333333 0.5900000000000001 0.3308333333333333 0.5943750000000001 0.32333333333333336 0.6 0.31333333333333335 0.6012500000000001 0.31 0.6056250000000001 0.305 0.6025 0.30416666666666664 0.5987500000000001 0.29833333333333334 0.5962500000000001 0.29416666666666663 0.596875 0.29 0.601875 0.2891666666666667 0.621875 0.2925 0.629375 0.29 0.6325000000000001 0.2891666666666667 0.6481250000000001
0 0.615 0.31625000000000003 0.6108333333333333 0.314375 0.6125 0.32125000000000004 0.615 0.31625000000000003
0 0.61875 0.3140625 0.00078125 0.0015625
0 0.265 0.36750000000000005 0.26749999999999996 0.37062500000000004 0.2725 0.371875 0.2925 0.37062500000000004 0.3091666666666667 0.36500000000000005 0.3225 0.36750000000000005 0.3416666666666667 0.36750000000000005 0.36916666666666664 0.364375 0.40166666666666667 0.364375 0.41916666666666663 0.36750000000000005 0.44000000000000006 0.364375 0.48250000000000004 0.36750000000000005 0.49749999999999994 0.36375 0.525 0.36812500000000004 0.5575 0.365625 0.5650000000000001 0.36875 0.5741666666666666 0.36812500000000004 0.5808333333333333 0.37062500000000004 0.5883333333333333 0.36875 0.5983333333333334 0.37312500000000004 0.6183333333333334 0.37125 0.6233333333333333 0.36812500000000004 0.615 0.34875 0.615 0.33125 0.6083333333333333 0.32625000000000004 0.6075 0.31812500000000005 0.6025 0.31812500000000005 0.5991666666666666 0.31500000000000006 0.5816666666666667 0.31375000000000003 0.5683333333333334 0.315625 0.5525 0.3125 0.5458333333333333 0.314375 0.5183333333333333 0.315625 0.5108333333333334 0.313125 0.49749999999999994 0.313125 0.46333333333333326 0.31625000000000003 0.42416666666666664 0.314375 0.4033333333333333 0.316875 0.3808333333333333 0.31375000000000003 0.3491666666666667 0.316875 0.31416666666666665 0.31500000000000006 0.3 0.31812500000000005 0.2866666666666667 0.316875 0.28250000000000003 0.31875 0.26416666666666666 0.316875 0.27083333333333337 0.33125 0.265 0.36750000000000005
0 0.2791666666666667 0.270625 0.2758333333333333 0.271875 0.2791666666666667 0.27375000000000005 0.2791666666666667 0.270625
0 0.35583333333333333 0.96875 0.35833333333333334 0.9668750000000002 0.35583333333333333 0.9631250000000001 0.3525 0.9637500000000001 0.3516666666666667 0.9675 0.35583333333333333 0.96875
0 0.39416666666666667 0.961875 0.3908333333333333 0.9625 0.39416666666666667 0.9662500000000002 0.39416666666666667 0.961875
0 0.42833333333333334 0.9600000000000002 0.43499999999999994 0.9606250000000001 0.43916666666666665 0.9568749999999999 0.43916666666666665 0.9525 0.43499999999999994 0.9506249999999999 0.42833333333333334 0.95 0.425 0.953125 0.42416666666666664 0.9568749999999999 0.42833333333333334 0.9600000000000002
0 0.31166666666666665 0.9425000000000001 0.31 0.9493750000000001 0.31416666666666665 0.95875 0.32 0.9556250000000001 0.32416666666666666 0.9556250000000001 0.3275 0.9581250000000001 0.335 0.9543750000000001 0.34249999999999997 0.9550000000000001 0.3516666666666667 0.951875 0.35583333333333333 0.953125 0.3591666666666667 0.94375 0.3625 0.9475 0.36583333333333334 0.9450000000000001 0.3683333333333333 0.94625 0.36916666666666664 0.9550000000000001 0.3783333333333333 0.953125 0.38 0.9506249999999999 0.38166666666666665 0.953125 0.3975 0.9556250000000001 0.4 0.953125 0.3983333333333333 0.9481250000000001 0.40166666666666667 0.943125 0.40083333333333326 0.9387500000000001 0.4041666666666667 0.93625 0.40750000000000003 0.943125 0.4141666666666667 0.94375 0.41833333333333333 0.9412499999999999 0.42833333333333334 0.9481250000000001 0.43166666666666664 0.944375 0.43916666666666665 0.945625 0.4458333333333333 0.9412499999999999 0.44833333333333336 0.94625 0.4608333333333333 0.9493750000000001 0.46333333333333326 0.95625 0.4691666666666666 0.959375 0.4741666666666666 0.959375 0.4791666666666667 0.9556250000000001 0.48166666666666663 0.946875 0.4875 0.94375 0.49416666666666664 0.9475 0.49833333333333335 0.9450000000000001 0.5058333333333334 0.9450000000000001 0.5058333333333334 0.95375 0.5075000000000001 0.95625 0.5125 0.9568749999999999 0.5183333333333333 0.945625 0.5175 0.9412499999999999 0.5233333333333333 0.9387500000000001 0.52 0.9356250000000002 0.5225 0.931875 0.525 0.93 0.5358333333333334 0.93125 0.5408333333333333 0.9293750000000001 0.55 0.9243750000000001 0.5566666666666666 0.9168750000000001 0.5575 0.8887500000000002 0.5549999999999999 0.8793750000000001 0.5508333333333333 0.8775000000000001 0.4925 0.881875 0.4758333333333333 0.880625 0.4491666666666666 0.8856250000000001 0.43166666666666664 0.88375 0.4116666666666666 0.8875 0.3933333333333333 0.8862500000000001 0.37 0.89125 0.3275 0.8918750000000001 0.30833333333333335 0.89625 0.3091666666666667 0.9375 0.31166666666666665 0.9425000000000001
0 0.4421875 0.63671875 0.009375 0.00078125
0 0.453125 0.63125 0.00078125 0.00234375
0 0.4325 0.628125 0.4325 0.630625 0.43583333333333335 0.635 0.4375 0.630625 0.44416666666666665 0.6300000000000001 0.44749999999999995 0.624375 0.45583333333333337 0.62 0.44958333333333333 0.619375 0.44833333333333336 0.6225 0.44416666666666665 0.619375 0.43499999999999994 0.623125 0.4375 0.62625 0.4325 0.628125
0 0.49765625 0.6046875 0.00078125 0.0015625
0 0.2875 0.590625 0.2866666666666667 0.615 0.2891666666666667 0.619375 0.29333333333333333 0.62 0.315 0.618125 0.32416666666666666 0.615 0.3358333333333333 0.6162500000000001 0.3375 0.61375 0.36333333333333334 0.615 0.36916666666666664 0.6112500000000001 0.3808333333333333 0.613125 0.4175 0.613125 0.4208333333333333 0.609375 0.42833333333333334 0.6143750000000001 0.43583333333333335 0.6112500000000001 0.46416666666666667 0.610625 0.46749999999999997 0.609375 0.4666666666666667 0.6075 0.47000000000000003 0.606875 0.4708333333333333 0.609375 0.475 0.6056250000000001 0.48166666666666663 0.606875 0.495 0.6025 0.5008333333333332 0.5962500000000001 0.505 0.6025 0.5041666666666667 0.6056250000000001 0.5141666666666667 0.608125 0.5416666666666667 0.6100000000000001 0.5608333333333333 0.6075 0.5633333333333332 0.609375 0.5808333333333333 0.609375 0.5883333333333333 0.6012500000000001 0.5883333333333333 0.5806250000000001 0.5983333333333334 0.5743750000000001 0.5983333333333334 0.5675000000000001 0.5841666666666667 0.545 0.5783333333333334 0.5475000000000001 0.5700000000000001 0.546875 0.5633333333333332 0.545 0.5583333333333333 0.540625 0.545 0.5387500000000001 0.5325 0.540625 0.5291666666666667 0.5387500000000001 0.5175 0.5387500000000001 0.5116666666666666 0.540625 0.5041666666666667 0.5381250000000001 0.48166666666666663 0.5381250000000001 0.46749999999999997 0.54125 0.46333333333333326 0.539375 0.4383333333333333 0.539375 0.42000000000000004 0.5425000000000001 0.4033333333333333 0.5387500000000001 0.38666666666666666 0.5431250000000001 0.3716666666666667 0.55125 0.36416666666666664 0.553125 0.36 0.5525 0.35333333333333333 0.54625 0.33166666666666667 0.545625 0.32333333333333336 0.550625 0.3183333333333333 0.5575 0.30666666666666664 0.555625 0.3 0.5518750000000001 0.2891666666666667 0.5537500000000001 0.28583333333333333 0.55625 0.28250000000000003 0.5693750000000001 0.2816666666666666 0.5825 0.2875 0.590625
0 0.3375 0.645 0.34833333333333333 0.64375 0.3516666666666667 0.635625 0.34750000000000003 0.63375 0.345 0.62875 0.3358333333333333 0.62875 0.3283333333333333 0.63125 0.3283333333333333 0.635625 0.3375 0.645
0 0.48 0.6300000000000001 0.48583333333333334 0.6368750000000001 0.49083333333333334 0.63875 0.49749999999999994 0.6368750000000001 0.5008333333333332 0.629375 0.4958333333333333 0.62625 0.5016666666666667 0.623125 0.49833333333333335 0.619375 0.49416666666666664 0.6175 0.48250000000000004 0.618125 0.48 0.62 0.4758333333333333 0.618125 0.46749999999999997 0.61875 0.47750000000000004 0.621875 0.48 0.6300000000000001
0 0.30166666666666664 0.561875 0.3 0.56625 0.3025 0.56125 0.3058333333333333 0.56125 0.3125 0.571875 0.3075 0.575 0.30333333333333334 0.573125 0.3 0.5787500000000001 0.29833333333333334 0.578125 0.2925 0.58375 0.28583333333333333 0.5775 0.28250000000000003 0.578125 0.28583333333333333 0.578125 0.2875 0.58125 0.28500000000000003 0.584375 0.28250000000000003 0.581875 0.28833333333333333 0.59125 0.28583333333333333 0.6143750000000001 0.29 0.623125 0.30333333333333334 0.621875 0.31083333333333335 0.625 0.3175 0.625 0.3275 0.6206250000000001 0.35 0.61875 0.35833333333333334 0.6225 0.3591666666666667 0.62625 0.37333333333333335 0.62375 0.38249999999999995 0.63875 0.39416666666666667 0.641875 0.40166666666666667 0.6368750000000001 0.3933333333333333 0.6375 0.39249999999999996 0.635 0.39666666666666667 0.6300000000000001 0.4 0.618125 0.4091666666666667 0.615625 0.41083333333333333 0.61875 0.4133333333333333 0.615625 0.4216666666666667 0.615 0.42750000000000005 0.6225 0.42750000000000005 0.629375 0.4325 0.6368750000000001 0.43916666666666665 0.640625 0.4458333333333333 0.640625 0.4575 0.629375 0.4625 0.61375 0.48166666666666663 0.61375 0.48666666666666664 0.6112500000000001 0.51 0.6118750000000001 0.5141666666666667 0.61375 0.5133333333333333 0.619375 0.5233333333333333 0.619375 0.5275000000000001 0.6212500000000001 0.5283333333333333 0.629375 0.5325 0.6362500000000001 0.5416666666666667 0.6375 0.5533333333333333 0.62625 0.5541666666666667 0.6225 0.55 0.6168750000000001 0.5525 0.61375 0.5591666666666667 0.6175 0.5641666666666667 0.6175 0.575 0.613125 0.5875 0.6125 0.5916666666666667 0.6100000000000001 0.5883333333333333 0.5787500000000001 0.5966666666666667 0.5743750000000001 0.595 0.5625 0.5875 0.5525 0.5808333333333333 0.55625 0.5791666666666667 0.5493750000000001 0.5641666666666667 0.545 0.5566666666666666 0.539375 0.5325 0.539375 0.5283333333333333 0.5362500000000001 0.5258333333333333 0.5387500000000001 0.5125 0.539375 0.48166666666666663 0.5375 0.4658333333333333 0.54 0.4491666666666666 0.5381250000000001 0.42416666666666664 0.5387500000000001 0.4175 0.54125 0.4041666666666667 0.5381250000000001 0.3933333333333333 0.541875 0.37916666666666665 0.54375 0.3675 0.5518750000000001 0.3591666666666667 0.55125 0.3516666666666667 0.545 0.3308333333333333 0.545 0.32416666666666666 0.546875 0.3175 0.5581250000000001 0.31 0.5543750000000001 0.30333333333333334 0.555625 0.3 0.5525 0.2966666666666667 0.5537500000000001 0.29583333333333334 0.556875 0.30166666666666664 0.561875
0 0.30333333333333334 0.840625 0.32666666666666666 0.8400000000000001 0.335 0.8356250000000001 0.3441666666666666 0.835 0.3441666666666666 0.8318749999999999 0.3383333333333333 0.828125 0.3383333333333333 0.8243750000000001 0.3408333333333333 0.821875 0.34833333333333333 0.8231250000000001 0.35583333333333333 0.8137500000000001 0.3458333333333333 0.8106250000000002 0.3416666666666667 0.8125 0.33666666666666667 0.811875 0.32166666666666666 0.819375 0.30333333333333334 0.818125 0.30083333333333334 0.8231250000000001 0.3 0.83125 0.30333333333333334 0.840625
0 0.36583333333333334 0.8387500000000001 0.38166666666666665 0.8400000000000001 0.39666666666666667 0.83375 0.4 0.8275 0.4041666666666667 0.826875 0.40750000000000003 0.83125 0.41 0.83125 0.4091666666666667 0.8275 0.4141666666666667 0.825 0.41833333333333333 0.8275 0.41916666666666663 0.83125 0.42750000000000005 0.835 0.4416666666666667 0.8262500000000002 0.44833333333333336 0.82875 0.4541666666666667 0.8275 0.49083333333333334 0.8331250000000001 0.5075000000000001 0.82875 0.5258333333333333 0.828125 0.545 0.8243750000000001 0.55 0.8275 0.5633333333333332 0.8262500000000002 0.5683333333333334 0.8243750000000001 0.5691666666666666 0.819375 0.5675 0.8081250000000001 0.5625 0.8025 0.5425 0.80375 0.525 0.8018750000000001 0.5008333333333332 0.8081250000000001 0.49333333333333335 0.803125 0.47000000000000003 0.8 0.45666666666666667 0.805625 0.4508333333333333 0.80375 0.42833333333333334 0.80375 0.4325 0.80625 0.42833333333333334 0.809375 0.42416666666666664 0.806875 0.42333333333333334 0.8125 0.41500000000000004 0.806875 0.40499999999999997 0.805625 0.39249999999999996 0.806875 0.39166666666666666 0.8106250000000002 0.38666666666666666 0.8087500000000001 0.3808333333333333 0.809375 0.37666666666666665 0.8125 0.36416666666666664 0.815625 0.35833333333333334 0.820625 0.35666666666666663 0.8262500000000002 0.35083333333333333 0.8293750000000001 0.3516666666666667 0.835 0.36583333333333334 0.8387500000000001
0 0.48 0.6993750000000001 0.49083333333333334 0.69625 0.49416666666666664 0.6925000000000001 0.49749999999999994 0.698125 0.5025000000000001 0.6925000000000001 0.49749999999999994 0.6881250000000001 0.47833333333333333 0.6893750000000001 0.47750000000000004 0.695625 0.48 0.6993750000000001
0 0.2925 0.69375 0.30833333333333335 0.6943750000000001 0.32333333333333336 0.6975 0.33416666666666667 0.69375 0.3358333333333333 0.698125 0.3308333333333333 0.70125 0.3308333333333333 0.7037500000000001 0.3458333333333333 0.709375 0.3491666666666667 0.709375 0.3516666666666667 0.7037500000000001 0.35833333333333334 0.703125 0.3625 0.6975 0.37333333333333335 0.695625 0.38666666666666666 0.684375 0.41083333333333333 0.6831250000000001 0.42416666666666664 0.6925000000000001 0.42833333333333334 0.6987500000000001 0.4425 0.7037500000000001 0.45 0.6943750000000001 0.45666666666666667 0.693125 0.4625 0.6825 0.47000000000000003 0.68 0.48083333333333333 0.678125 0.5016666666666667 0.6831250000000001 0.5083333333333333 0.686875 0.5158333333333334 0.686875 0.5325 0.6975 0.5391666666666667 0.69375 0.5416666666666667 0.69625 0.5466666666666666 0.69375 0.545 0.6881250000000001 0.5483333333333333 0.684375 0.5558333333333334 0.686875 0.5599999999999999 0.68625 0.5683333333333334 0.68125 0.5791666666666667 0.68125 0.5866666666666667 0.67625 0.5816666666666667 0.653125 0.5775 0.649375 0.5691666666666666 0.650625 0.5608333333333333 0.6568750000000001 0.55 0.6587500000000001 0.5391666666666667 0.65 0.5325 0.650625 0.5291666666666667 0.653125 0.5258333333333333 0.6518750000000001 0.5233333333333333 0.655625 0.515 0.6587500000000001 0.5041666666666667 0.6587500000000001 0.49749999999999994 0.6525000000000001 0.48250000000000004 0.649375 0.4766666666666667 0.650625 0.4741666666666666 0.655625 0.4683333333333334 0.6581250000000001 0.45583333333333337 0.6587500000000001 0.44666666666666666 0.653125 0.43499999999999994 0.653125 0.4141666666666667 0.6625 0.40750000000000003 0.6612500000000001 0.40166666666666667 0.655625 0.39499999999999996 0.655625 0.3808333333333333 0.6568750000000001 0.375 0.6631250000000001 0.36333333333333334 0.665 0.35666666666666663 0.661875 0.355 0.6581250000000001 0.3491666666666667 0.65625 0.3383333333333333 0.6568750000000001 0.3283333333333333 0.6631250000000001 0.32416666666666666 0.66 0.31083333333333335 0.6637500000000001 0.3025 0.659375 0.29333333333333333 0.660625 0.29083333333333333 0.6637500000000001 0.29 0.6893750000000001 0.2925 0.69375
0 0.3298412698412698 0.8963392857142857 0.32666666666666666 0.8956250000000001 0.32666666666666666 0.8981250000000001 0.3298412698412698 0.8963392857142857
0 0.335 0.8975 0.3300617283950617 0.8963888888888889 0.3308333333333333 0.8981250000000001 0.335 0.8975
0 0.31166666666666665 0.940625 0.3175 0.9418750000000001 0.3525 0.9375 0.3591666666666667 0.934375 0.3683333333333333 0.9375 0.39 0.9375 0.4 0.9331250000000001 0.42833333333333334 0.9325000000000001 0.46333333333333326 0.92875 0.48 0.93 0.5191666666666667 0.9231250000000001 0.55 0.9225 0.5566666666666666 0.9175000000000001 0.5566666666666666 0.9018750000000001 0.5541666666666667 0.8956250000000001 0.5516666666666666 0.8981250000000001 0.5225 0.9 0.4875 0.9018750000000001 0.4625 0.9 0.4525 0.9018750000000001 0.4491666666666666 0.9 0.45 0.8931250000000001 0.44666666666666666 0.8931250000000001 0.4458333333333333 0.89 0.4425 0.8950000000000001 0.4491666666666666 0.8950000000000001 0.44749999999999995 0.8981250000000001 0.44000000000000006 0.9018750000000001 0.4141666666666667 0.903125 0.4041666666666667 0.89875 0.3983333333333333 0.905 0.39 0.905625 0.38333333333333336 0.9087500000000001 0.3716666666666667 0.909375 0.36083333333333334 0.906875 0.3516666666666667 0.9099999999999999 0.3491666666666667 0.9081250000000001 0.3516666666666667 0.903125 0.345 0.900625 0.34249999999999997 0.905 0.3275 0.915 0.31 0.9175000000000001 0.3091666666666667 0.938125 0.31166666666666665 0.940625
0 0.5566666666666666 0.8943749999999999 0.5566666666666666 0.889375 0.5541666666666667 0.89 0.5533333333333333 0.8918750000000001 0.5566666666666666 0.8943749999999999
0 0.396875 0.9734375 0.00078125 0.00078125
0 0.31416666666666665 0.9675 0.3183333333333333 0.9668750000000002 0.32333333333333336 0.9700000000000001 0.3283333333333333 0.9668750000000002 0.32999999999999996 0.9625 0.335 0.9625 0.3491666666666667 0.971875 0.35416666666666663 0.9725000000000001 0.3675 0.9675 0.38 0.9700000000000001 0.38666666666666666 0.9662500000000002 0.39666666666666667 0.96875 0.41083333333333333 0.9575000000000001 0.4175 0.9600000000000002 0.4166666666666667 0.9668750000000002 0.42000000000000004 0.9637500000000001 0.4325 0.9668750000000002 0.4408333333333333 0.9625 0.44833333333333336 0.95375 0.4533333333333333 0.95375 0.4741666666666666 0.9625 0.4875 0.9487500000000001 0.5125 0.9575000000000001 0.5241666666666667 0.951875 0.5258333333333333 0.946875 0.5325 0.9493750000000001 0.54 0.9425000000000001 0.5466666666666666 0.944375 0.5508333333333333 0.9387500000000001 0.5491666666666666 0.925 0.5549999999999999 0.9168750000000001 0.5466666666666666 0.9225 0.525 0.92125 0.505 0.925 0.49749999999999994 0.9243750000000001 0.4916666666666667 0.9268750000000001 0.47000000000000003 0.9275 0.44416666666666665 0.93125 0.43083333333333335 0.930625 0.4225 0.9337500000000001 0.40083333333333326 0.9337500000000001 0.3975 0.931875 0.385 0.9356250000000002 0.36333333333333334 0.9356250000000002 0.31083333333333335 0.9418750000000001 0.31 0.9525 0.31416666666666665 0.9675
0 0.29416666666666663 0.695625 0.29583333333333334 0.724375 0.31416666666666665 0.7256250000000001 0.325 0.7237500000000001 0.3283333333333333 0.7193750000000001 0.36416666666666664 0.7212500000000001 0.37916666666666665 0.7206250000000001 0.39166666666666666 0.7175 0.40750000000000003 0.7175 0.41500000000000004 0.7206250000000001 0.42000000000000004 0.7175 0.4416666666666667 0.7150000000000001 0.45666666666666667 0.716875 0.46333333333333326 0.71375 0.485 0.711875 0.49749999999999994 0.711875 0.5016666666666667 0.7143750000000001 0.505 0.7125 0.5158333333333334 0.713125 0.5308333333333334 0.7100000000000001 0.5541666666666667 0.7125 0.5616666666666666 0.7100000000000001 0.5816666666666667 0.709375 0.5766666666666667 0.681875 0.585 0.678125 0.5858333333333333 0.671875 0.58 0.6475000000000001 0.5458333333333333 0.645 0.5475 0.6412500000000001 0.5516666666666666 0.64 0.5525 0.635625 0.5599999999999999 0.633125 0.5575 0.6300000000000001 0.5583333333333333 0.619375 0.5541666666666667 0.6143750000000001 0.5483333333333333 0.6118750000000001 0.5258333333333333 0.615 0.5225 0.6212500000000001 0.5116666666666666 0.6256250000000001 0.51 0.613125 0.4883333333333333 0.610625 0.4658333333333333 0.61375 0.4541666666666667 0.6118750000000001 0.4425 0.615 0.42666666666666664 0.615 0.4216666666666667 0.618125 0.4091666666666667 0.615 0.39499999999999996 0.615625 0.3775 0.619375 0.3725 0.6225 0.3591666666666667 0.6225 0.34833333333333333 0.618125 0.3408333333333333 0.6212500000000001 0.3283333333333333 0.621875 0.32333333333333336 0.62625 0.32416666666666666 0.6375 0.3308333333333333 0.6368750000000001 0.335 0.640625 0.3416666666666667 0.6412500000000001 0.3491666666666667 0.6368750000000001 0.35333333333333333 0.63875 0.3516666666666667 0.644375 0.34750000000000003 0.6475000000000001 0.3408333333333333 0.6475000000000001 0.33916666666666667 0.654375 0.335 0.6568750000000001 0.30666666666666664 0.65625 0.29416666666666663 0.66 0.29166666666666663 0.666875 0.29083333333333333 0.6881250000000001 0.29416666666666663 0.695625
0 0.35583333333333333 0.9725000000000001 0.3591666666666667 0.9668750000000002 0.355 0.961875 0.3525 0.9625 0.3516666666666667 0.9706250000000001 0.35583333333333333 0.9725000000000001
0 0.3283333333333333 0.9525 0.3258333333333333 0.951875 0.3275 0.9543750000000001 0.3283333333333333 0.9525
0 0.4208333333333333 0.9600000000000002 0.42833333333333334 0.9600000000000002 0.43499999999999994 0.9650000000000001 0.4375 0.9631250000000001 0.43916666666666665 0.953125 0.43583333333333335 0.9506249999999999 0.4258333333333333 0.9493750000000001 0.42416666666666664 0.9581250000000001 0.4208333333333333 0.9600000000000002
0 0.38666666666666666 0.95375 0.38666666666666666 0.9506249999999999 0.38333333333333336 0.951875 0.39 0.9575000000000001 0.38666666666666666 0.9662500000000002 0.3975 0.968125 0.40499999999999997 0.95875 0.40166666666666667 0.95625 0.4 0.95 0.39249999999999996 0.95 0.39166666666666666 0.94625 0.39416666666666667 0.9450000000000001 0.3908333333333333 0.945625 0.39166666666666666 0.9512500000000002 0.38666666666666666 0.95375
0 0.49833333333333335 0.94625 0.4970212765957447 0.9477260638297873 0.505 0.9481250000000001 0.505 0.9575000000000001 0.5141666666666667 0.9581250000000001 0.515 0.9493750000000001 0.5191666666666667 0.94625 0.5133333333333333 0.9387500000000001 0.5116666666666666 0.9400000000000001 0.5075000000000001 0.938125 0.5075000000000001 0.943125 0.5025000000000001 0.94625 0.49416666666666664 0.9393750000000001 0.4925 0.94375 0.4966666666666667 0.94375 0.49833333333333335 0.94625
0 0.5166666666666667 0.931875 0.5141666666666667 0.93125 0.515 0.934375 0.5166666666666667 0.931875
0 0.3091666666666667 0.938125 0.32166666666666666 0.9481250000000001 0.31166666666666665 0.9506249999999999 0.31416666666666665 0.9575000000000001 0.3175 0.95375 0.32333333333333336 0.9525 0.32416666666666666 0.9450000000000001 0.32166666666666666 0.9425000000000001 0.3308333333333333 0.9393750000000001 0.3416666666666667 0.940625 0.3466666666666667 0.938125 0.3491666666666667 0.940625 0.34750000000000003 0.945625 0.3525 0.946875 0.35416666666666663 0.945625 0.34833333333333333 0.944375 0.35 0.9418750000000001 0.35416666666666663 0.9418750000000001 0.35833333333333334 0.936875 0.36583333333333334 0.940625 0.37333333333333335 0.9412499999999999 0.38 0.9393750000000001 0.38666666666666666 0.94375 0.39666666666666667 0.9393750000000001 0.39583333333333337 0.9356250000000002 0.40083333333333326 0.9337500000000001 0.40750000000000003 0.9349999999999999 0.4216666666666667 0.93125 0.4408333333333333 0.9325000000000001 0.4583333333333333 0.93 0.47000000000000003 0.931875 0.4716666666666667 0.9375 0.4708333333333333 0.9393750000000001 0.4666666666666667 0.938125 0.46416666666666667 0.943125 0.4508333333333333 0.943125 0.4541666666666667 0.9525 0.46333333333333326 0.959375 0.4766666666666667 0.96125 0.48250000000000004 0.9550000000000001 0.4841666666666667 0.9425000000000001 0.4791666666666667 0.9356250000000002 0.4841666666666667 0.9325000000000001 0.49083333333333334 0.9331250000000001 0.4958333333333333 0.928125 0.5008333333333332 0.9268750000000001 0.5333333333333333 0.9268750000000001 0.5383333333333333 0.9237500000000001 0.55 0.9237500000000001 0.5566666666666666 0.91625 0.5558333333333334 0.9 0.5583333333333333 0.889375 0.5558333333333334 0.8800000000000001 0.55 0.8768750000000001 0.48916666666666664 0.88125 0.475 0.8800000000000001 0.44666666666666666 0.8856250000000001 0.4333333333333333 0.8825000000000001 0.4116666666666666 0.8862500000000001 0.3933333333333333 0.8856250000000001 0.3725 0.89 0.34833333333333333 0.889375 0.3408333333333333 0.8918750000000001 0.32416666666666666 0.8918750000000001 0.30833333333333335 0.8956250000000001 0.30666666666666664 0.9081250000000001 0.3091666666666667 0.938125
0 0.39416666666666667 0.8700000000000001 0.3975 0.865625 0.3933333333333333 0.8668750000000001 0.39166666666666666 0.8700000000000001 0.39416666666666667 0.8700000000000001
0 0.5166666666666667 0.8625 0.5233333333333333 0.859375 0.52 0.85875 0.515 0.8631249999999999 0.5158333333333334 0.8668750000000001 0.5166666666666667 0.8625
0 0.48046875 0.85234375 0.0015625 0.00078125
0 0.4416666666666667 0.8556250000000001 0.445 0.8525 0.4375 0.851875 0.43583333333333335 0.8556250000000001 0.4416666666666667 0.8556250000000001
0 0.4216666666666667 0.785 0.4225 0.7825 0.41833333333333333 0.7818750000000001 0.4141666666666667 0.7831250000000001 0.4216666666666667 0.785
0 0.4 0.7825 0.40434210526315784 0.7814144736842106 0.4025 0.780625 0.4 0.7825
0 0.4083333333333333 0.7831250000000001 0.40499999999999997 0.78125 0.40434210526315784 0.7814144736842106 0.4083333333333333 0.7831250000000001
0 0.3525 0.7862500000000001 0.3575 0.7818750000000001 0.355 0.780625 0.3516666666666667 0.7825 0.34833333333333333 0.786875 0.3525 0.7862500000000001
0 0.3416666666666667 0.779375 0.34249999999999997 0.775625 0.3383333333333333 0.77375 0.3375 0.77625 0.3416666666666667 0.779375
0 0.30333333333333334 0.8125 0.3 0.815625 0.30083333333333334 0.835 0.30333333333333334 0.8400000000000001 0.31 0.8412499999999999 0.34750000000000003 0.8356250000000001 0.355 0.8356250000000001 0.35833333333333334 0.8393750000000001 0.3675 0.8393750000000001 0.37416666666666665 0.8356250000000001 0.37583333333333335 0.8400000000000001 0.37916666666666665 0.8425 0.38333333333333336 0.8425 0.38666666666666666 0.8418750000000002 0.38666666666666666 0.836875 0.3975 0.8356250000000001 0.40083333333333326 0.8306250000000001 0.4041666666666667 0.8325000000000001 0.4091666666666667 0.8318749999999999 0.4133333333333333 0.8262500000000002 0.4175 0.8275 0.4175 0.8318749999999999 0.425 0.8356250000000001 0.4416666666666667 0.8306250000000001 0.45583333333333337 0.8306250000000001 0.47000000000000003 0.83375 0.48 0.8318749999999999 0.4841666666666667 0.834375 0.4883333333333333 0.8331250000000001 0.49083333333333334 0.83625 0.49416666666666664 0.83375 0.49833333333333335 0.835 0.5016666666666667 0.8318749999999999 0.505 0.835 0.5108333333333334 0.8300000000000001 0.5225 0.8300000000000001 0.5408333333333333 0.8231250000000001 0.5458333333333333 0.828125 0.5483333333333333 0.826875 0.5533333333333333 0.82875 0.5650000000000001 0.8243750000000001 0.5650000000000001 0.805 0.5675 0.795 0.5708333333333333 0.794375 0.5675 0.77375 0.5575 0.771875 0.5466666666666666 0.7731250000000001 0.5433333333333333 0.77125 0.5075000000000001 0.774375 0.5016666666666667 0.7775000000000001 0.49749999999999994 0.775625 0.4958333333333333 0.778125 0.4691666666666666 0.775625 0.46749999999999997 0.7825 0.4616666666666666 0.7825 0.4616666666666666 0.77875 0.4575 0.775 0.44416666666666665 0.7768750000000001 0.4383333333333333 0.78125 0.43583333333333335 0.78 0.43583333333333335 0.77625 0.43499999999999994 0.8012500000000001 0.41583333333333333 0.8012500000000001 0.41916666666666663 0.7975000000000001 0.4175 0.7887500000000001 0.41583333333333333 0.79125 0.4091666666666667 0.7925000000000001 0.4116666666666666 0.7987500000000001 0.4033333333333333 0.7975000000000001 0.3983333333333333 0.8012500000000001 0.36333333333333334 0.81125 0.3525 0.8075000000000001 0.33166666666666667 0.8099999999999999 0.32 0.8081250000000001 0.32083333333333336 0.80625 0.335 0.8018750000000001 0.33416666666666667 0.791875 0.34249999999999997 0.7862500000000001 0.3416666666666667 0.785 0.33916666666666667 0.786875 0.33416666666666667 0.785 0.30166666666666664 0.7887500000000001 0.3 0.809375 0.30333333333333334 0.8125
0 0.3983333333333333 0.774375 0.3975 0.77125 0.39583333333333337 0.775625 0.3983333333333333 0.774375
0 0.33333333333333337 0.76875 0.33166666666666667 0.7681250000000001 0.3308333333333333 0.769375 0.33333333333333337 0.76875
0 0.3175 0.77125 0.3183333333333333 0.7681250000000001 0.3158333333333333 0.7681250000000001 0.315 0.77125 0.3175 0.77125
0 0.48 0.76875 0.4766666666666667 0.766875 0.47750000000000004 0.77 0.48 0.76875
0 0.5241666666666667 0.765625 0.5191666666666667 0.76375 0.5191666666666667 0.765625 0.5241666666666667 0.765625
0 0.5425 0.7662500000000001 0.5425 0.7618750000000001 0.5383333333333333 0.7618750000000001 0.5366666666666666 0.765 0.5425 0.7662500000000001
0 0.45583333333333337 0.7625 0.4583333333333333 0.759375 0.45666666666666667 0.7550000000000001 0.4533333333333333 0.758125 0.45583333333333337 0.7625
0 0.265 0.32125000000000004 0.275 0.323125 0.2783333333333333 0.325625 0.28583333333333333 0.325 0.29333333333333333 0.319375 0.2991666666666667 0.31812500000000005 0.32416666666666666 0.31625000000000003 0.36 0.3175 0.38333333333333336 0.314375 0.38916666666666666 0.3175 0.39 0.32125000000000004 0.4083333333333333 0.315625 0.4458333333333333 0.315625 0.4491666666666666 0.3175 0.45666666666666667 0.3175 0.465 0.31500000000000006 0.49000000000000005 0.31500000000000006 0.49916666666666665 0.313125 0.5116666666666666 0.316875 0.52 0.314375 0.5433333333333333 0.313125 0.5566666666666666 0.31500000000000006 0.5599999999999999 0.3175 0.5925 0.31375000000000003 0.5991666666666666 0.31812500000000005 0.61 0.32 0.6291666666666667 0.31375000000000003 0.6308333333333334 0.31062500000000004 0.6266666666666667 0.304375 0.6166666666666667 0.29812500000000003 0.6075 0.278125 0.5991666666666666 0.275 0.5925 0.26812500000000006 0.5858333333333333 0.265625 0.5816666666666667 0.26 0.5733333333333334 0.25625 0.5641666666666667 0.24875000000000003 0.5575 0.2375 0.49833333333333335 0.20500000000000002 0.47833333333333333 0.18875000000000003 0.4525 0.176875 0.4458333333333333 0.18 0.4383333333333333 0.17625000000000002 0.42333333333333334 0.178125 0.41083333333333333 0.175625 0.4041666666666667 0.180625 0.3933333333333333 0.174375 0.39 0.174375 0.38249999999999995 0.180625 0.37333333333333335 0.174375 0.36916666666666664 0.17375000000000002 0.36583333333333334 0.175625 0.36333333333333334 0.18250000000000002 0.36 0.18375000000000002 0.35 0.17312500000000003 0.3441666666666666 0.175 0.3383333333333333 0.18375000000000002 0.3308333333333333 0.175625 0.3283333333333333 0.17625000000000002 0.32416666666666666 0.186875 0.31666666666666665 0.19125 0.3091666666666667 0.20625 0.30833333333333335 0.213125 0.2966666666666667 0.22625 0.2841666666666667 0.265 0.27166666666666667 0.27375000000000005 0.27083333333333337 0.293125 0.26416666666666666 0.29812500000000003 0.26083333333333336 0.316875 0.265 0.32125000000000004
0 0.28250000000000003 0.58625 0.28833333333333333 0.59125 0.2891666666666667 0.609375 0.29333333333333333 0.606875 0.30333333333333334 0.60625 0.30333333333333334 0.6006250000000001 0.32 0.601875 0.3258333333333333 0.6 0.335 0.5875 0.3416666666666667 0.588125 0.345 0.58625 0.35 0.5893750000000001 0.35833333333333334 0.6012500000000001 0.37333333333333335 0.6006250000000001 0.37916666666666665 0.6056250000000001 0.38249999999999995 0.6050000000000001 0.38666666666666666 0.5987500000000001 0.39 0.5987500000000001 0.39 0.593125 0.39916666666666667 0.5875 0.41 0.5962500000000001 0.42000000000000004 0.5962500000000001 0.4291666666666667 0.59375 0.42833333333333334 0.5987500000000001 0.43583333333333335 0.6050000000000001 0.4383333333333333 0.6 0.4416666666666667 0.599375 0.4408333333333333 0.5975 0.44666666666666666 0.5987500000000001 0.4541666666666667 0.59375 0.47750000000000004 0.59375 0.4791666666666667 0.5875 0.4841666666666667 0.5825 0.4958333333333333 0.5806250000000001 0.5025000000000001 0.5831250000000001 0.5083333333333333 0.5962500000000001 0.515 0.596875 0.5325 0.606875 0.5408333333333333 0.606875 0.5525 0.6025 0.5566666666666666 0.603125 0.5616666666666666 0.5987500000000001 0.5599999999999999 0.5943750000000001 0.5733333333333334 0.59375 0.5766666666666667 0.584375 0.5808333333333333 0.58125 0.5883333333333333 0.5806250000000001 0.5991666666666666 0.571875 0.5966666666666667 0.5631250000000001 0.5841666666666667 0.54375 0.5775 0.54625 0.5666666666666667 0.545625 0.5533333333333333 0.539375 0.5408333333333333 0.5387500000000001 0.5325 0.540625 0.5233333333333333 0.5381250000000001 0.5116666666666666 0.540625 0.5058333333333334 0.5381250000000001 0.48250000000000004 0.5381250000000001 0.46749999999999997 0.54125 0.46416666666666667 0.539375 0.43916666666666665 0.539375 0.43166666666666664 0.54 0.4225 0.54375 0.40750000000000003 0.539375 0.40083333333333326 0.539375 0.36333333333333334 0.5525 0.3591666666666667 0.5518750000000001 0.35 0.545625 0.33166666666666667 0.545625 0.3183333333333333 0.55625 0.30833333333333335 0.555 0.30083333333333334 0.55125 0.2866666666666667 0.5518750000000001 0.28250000000000003 0.5643750000000001 0.2808333333333333 0.58125 0.28250000000000003 0.58625
0 0.3015625 0.7828125 0.003125 0.00078125
0 0.35859375 0.74140625 0.00078125 0.0015625
0 0.3308333333333333 0.731875 0.335 0.7325 0.335 0.72875 0.32999999999999996 0.7306250000000001 0.3308333333333333 0.731875
0 0.31083333333333335 0.7825 0.3 0.789375 0.2991666666666667 0.8087500000000001 0.30416666666666664 0.8387500000000001 0.3225 0.8387500000000001 0.32999999999999996 0.8356250000000001 0.3416666666666667 0.83625 0.34750000000000003 0.834375 0.355 0.835 0.36 0.838125 0.36666666666666664 0.838125 0.3716666666666667 0.8356250000000001 0.38666666666666666 0.83625 0.4025 0.8331250000000001 0.42833333333333334 0.8331250000000001 0.4416666666666667 0.8300000000000001 0.4608333333333333 0.83125 0.4766666666666667 0.82875 0.51 0.828125 0.5291666666666667 0.8262500000000002 0.54 0.8231250000000001 0.55 0.8231250000000001 0.5541666666666667 0.8256249999999999 0.5591666666666667 0.8256249999999999 0.5625 0.8243750000000001 0.5641666666666667 0.818125 0.5633333333333332 0.8087500000000001 0.5491666666666666 0.8081250000000001 0.5483333333333333 0.80625 0.5549999999999999 0.8018750000000001 0.5633333333333332 0.8025 0.5708333333333333 0.79625 0.5708333333333333 0.7837500000000001 0.5675 0.771875 0.5708333333333333 0.7662500000000001 0.5741666666666666 0.765 0.5741666666666666 0.76 0.5666666666666667 0.7550000000000001 0.5683333333333334 0.748125 0.5658333333333333 0.744375 0.575 0.740625 0.5758333333333333 0.73375 0.5741666666666666 0.7256250000000001 0.5700000000000001 0.7206250000000001 0.5708333333333333 0.715625 0.5683333333333334 0.71375 0.5533333333333333 0.7206250000000001 0.5408333333333333 0.72 0.5349999999999999 0.716875 0.5349999999999999 0.7237500000000001 0.5316666666666666 0.726875 0.5333333333333333 0.7306250000000001 0.53 0.7325 0.5241666666666667 0.73125 0.5216666666666667 0.7256250000000001 0.5233333333333333 0.71625 0.515 0.716875 0.5025000000000001 0.723125 0.4875 0.7175 0.48250000000000004 0.72 0.47000000000000003 0.7193750000000001 0.47000000000000003 0.7212500000000001 0.4741666666666666 0.7212500000000001 0.47000000000000003 0.7256250000000001 0.4658333333333333 0.723125 0.45499999999999996 0.723125 0.44749999999999995 0.72 0.43916666666666665 0.7206250000000001 0.43666666666666665 0.725 0.43083333333333335 0.723125 0.42833333333333334 0.7256250000000001 0.4125 0.726875 0.4041666666666667 0.723125 0.38166666666666665 0.7237500000000001 0.37416666666666665 0.72875 0.36583333333333334 0.7306250000000001 0.36083333333333334 0.729375 0.3591666666666667 0.7262500000000001 0.3525 0.7275 0.3525 0.73375 0.3591666666666667 0.7350000000000001 0.36416666666666664 0.733125 0.36666666666666664 0.7393750000000001 0.3591666666666667 0.7456250000000001 0.35583333333333333 0.743125 0.35 0.7475 0.35083333333333333 0.7525000000000001 0.3383333333333333 0.753125 0.335 0.75125 0.3283333333333333 0.754375 0.32166666666666666 0.754375 0.3158333333333333 0.758125 0.31 0.7568750000000001 0.30333333333333334 0.76 0.3 0.759375 0.3 0.77625 0.31083333333333335 0.7825
0 0.41916666666666663 0.660625 0.4166666666666667 0.655625 0.41 0.6568750000000001 0.41083333333333333 0.6612500000000001 0.41916666666666663 0.660625
0 0.5125 0.6575 0.5116666666666666 0.655 0.5091666666666667 0.6575 0.5125 0.6575
0 0.3058333333333333 0.654375 0.30333333333333334 0.653125 0.3025 0.654375 0.3058333333333333 0.654375
0 0.4171875 0.65078125 0.0015625 0.00078125
0 0.3975877192982456 0.6494078947368421 0.40083333333333326 0.650625 0.4 0.646875 0.3975877192982456 0.6494078947368421
0 0.4125 0.650625 0.4083333333333333 0.649375 0.4066666666666666 0.64625 0.40750000000000003 0.65 0.4125 0.650625
0 0.43083333333333335 0.64875 0.43583333333333335 0.6475000000000001 0.43166666666666664 0.645 0.42833333333333334 0.64625 0.42750000000000005 0.6475000000000001 0.43083333333333335 0.64875
0 0.5325 0.646875 0.5333333333333333 0.64375 0.5308333333333334 0.64375 0.5325 0.646875
0 0.36666666666666664 0.6425000000000001 0.3683333333333333 0.6368750000000001 0.36583333333333334 0.634375 0.36333333333333334 0.635625 0.3616666666666667 0.640625 0.36666666666666664 0.6425000000000001
0 0.521875 0.63046875 0.00078125 0.0015625
0 0.28583333333333333 0.573125 0.2866666666666667 0.5743750000000001 0.28250000000000003 0.575625 0.28250000000000003 0.5831250000000001 0.28833333333333333 0.591875 0.28583333333333333 0.6012500000000001 0.2866666666666667 0.619375 0.2891666666666667 0.623125 0.30333333333333334 0.624375 0.31416666666666665 0.63125 0.32083333333333336 0.629375 0.32999999999999996 0.641875 0.3383333333333333 0.6481250000000001 0.35 0.64625 0.3516666666666667 0.65 0.35583333333333333 0.64875 0.35333333333333333 0.6431250000000001 0.355 0.635 0.35833333333333334 0.6300000000000001 0.365 0.6275000000000001 0.37416666666666665 0.6300000000000001 0.38166666666666665 0.6456250000000001 0.39416666666666667 0.6456250000000001 0.40083333333333326 0.641875 0.41083333333333333 0.640625 0.41083333333333333 0.6368750000000001 0.41583333333333333 0.6362500000000001 0.41916666666666663 0.6431250000000001 0.4216666666666667 0.64375 0.4216666666666667 0.634375 0.425 0.630625 0.4375 0.6425000000000001 0.44833333333333336 0.641875 0.45999999999999996 0.6518750000000001 0.4666666666666667 0.6481250000000001 0.47000000000000003 0.6425000000000001 0.4741666666666666 0.641875 0.4758333333333333 0.6362500000000001 0.48166666666666663 0.635625 0.49083333333333334 0.6425000000000001 0.5 0.63875 0.505 0.6268750000000001 0.5116666666666666 0.6206250000000001 0.5233333333333333 0.62375 0.5325 0.63875 0.5408333333333333 0.639375 0.55 0.633125 0.5599999999999999 0.62 0.5775 0.61375 0.5883333333333333 0.6125 0.5925 0.60875 0.5883333333333333 0.579375 0.5974999999999999 0.5725 0.595 0.561875 0.5866666666666667 0.55 0.575 0.5475000000000001 0.5691666666666666 0.54375 0.5641666666666667 0.544375 0.5616666666666666 0.540625 0.5549999999999999 0.5387500000000001 0.5325 0.5375 0.5283333333333333 0.535625 0.525 0.5375 0.48083333333333333 0.5375 0.46749999999999997 0.54 0.4608333333333333 0.5381250000000001 0.42333333333333334 0.5387500000000001 0.4175 0.54125 0.4033333333333333 0.5381250000000001 0.3875 0.5425000000000001 0.37416666666666665 0.544375 0.36916666666666664 0.5431250000000001 0.36583333333333334 0.545625 0.3683333333333333 0.55 0.36583333333333334 0.55125 0.35416666666666663 0.545 0.32916666666666666 0.545 0.3225 0.546875 0.3183333333333333 0.555625 0.30666666666666664 0.5543750000000001 0.2991666666666667 0.55125 0.29333333333333333 0.556875 0.29500000000000004 0.5725 0.28583333333333333 0.573125
0 0.30833333333333335 0.86875 0.32083333333333336 0.868125 0.32416666666666666 0.8712500000000001 0.3308333333333333 0.8706250000000001 0.345 0.881875 0.35 0.8825000000000001 0.3525 0.8825000000000001 0.35416666666666663 0.8787499999999999 0.3591666666666667 0.8762500000000001 0.3625 0.86625 0.36916666666666664 0.865625 0.3725 0.8625 0.3783333333333333 0.8643750000000001 0.38166666666666665 0.8731250000000002 0.39249999999999996 0.878125 0.40083333333333326 0.875 0.4141666666666667 0.8618750000000001 0.4216666666666667 0.8712500000000001 0.43166666666666664 0.875 0.4425 0.874375 0.45583333333333337 0.859375 0.45916666666666667 0.859375 0.465 0.8668750000000001 0.4725 0.8712500000000001 0.485 0.8700000000000001 0.495 0.8618750000000001 0.5008333333333332 0.86 0.5083333333333333 0.8618750000000001 0.5108333333333334 0.86625 0.5158333333333334 0.86875 0.5266666666666666 0.86625 0.5358333333333334 0.85375 0.5508333333333333 0.8512500000000001 0.5625 0.851875 0.5650000000000001 0.8487500000000001 0.5633333333333332 0.82875 0.5608333333333333 0.826875 0.5358333333333334 0.8262500000000002 0.5191666666666667 0.8262500000000002 0.495 0.8306250000000001 0.47000000000000003 0.8293750000000001 0.45583333333333337 0.8325000000000001 0.43499999999999994 0.83125 0.42833333333333334 0.834375 0.4066666666666666 0.83375 0.3775 0.838125 0.355 0.8375 0.3408333333333333 0.83375 0.3383333333333333 0.8375 0.32083333333333336 0.840625 0.3125 0.8400000000000001 0.3025 0.84375 0.30333333333333334 0.86625 0.30833333333333335 0.86875
0 0.29583333333333334 0.754375 0.2991666666666667 0.758125 0.2975 0.7825 0.3 0.785625 0.3075 0.785625 0.32083333333333336 0.789375 0.33166666666666667 0.786875 0.3375 0.7831250000000001 0.3525 0.7831250000000001 0.3591666666666667 0.780625 0.37333333333333335 0.7825 0.39166666666666666 0.779375 0.41583333333333333 0.779375 0.42833333333333334 0.775625 0.45166666666666666 0.778125 0.4791666666666667 0.775625 0.49749999999999994 0.77625 0.5025000000000001 0.774375 0.515 0.775625 0.5258333333333333 0.771875 0.5425 0.7731250000000001 0.5591666666666667 0.7706250000000001 0.5683333333333334 0.77125 0.5758333333333333 0.7662500000000001 0.5741666666666666 0.7568750000000001 0.5708333333333333 0.7525000000000001 0.5708333333333333 0.744375 0.5783333333333334 0.740625 0.5783333333333334 0.73125 0.5741666666666666 0.7150000000000001 0.5708333333333333 0.7125 0.5658333333333333 0.7125 0.5558333333333334 0.718125 0.5483333333333333 0.7193750000000001 0.5416666666666667 0.71875 0.5391666666666667 0.713125 0.5266666666666666 0.713125 0.5016666666666667 0.7225 0.49333333333333335 0.71625 0.4833333333333333 0.7150000000000001 0.4691666666666666 0.71625 0.4658333333333333 0.721875 0.45916666666666667 0.723125 0.4458333333333333 0.718125 0.43666666666666665 0.718125 0.42666666666666664 0.72 0.41583333333333333 0.7262500000000001 0.41 0.7256250000000001 0.4041666666666667 0.7212500000000001 0.39416666666666667 0.7206250000000001 0.3775 0.7237500000000001 0.3716666666666667 0.729375 0.3625 0.729375 0.35583333333333333 0.7237500000000001 0.33666666666666667 0.7237500000000001 0.33166666666666667 0.725 0.3275 0.729375 0.32416666666666666 0.7262500000000001 0.32083333333333336 0.726875 0.31916666666666665 0.73125 0.3125 0.728125 0.29583333333333334 0.7300000000000001 0.29500000000000004 0.748125 0.29583333333333334 0.754375
0 0.36171875 0.93125 0.00078125 0.0015625
0 0.35583333333333333 0.846875 0.3575 0.8418750000000002 0.35416666666666663 0.844375 0.35083333333333333 0.8412499999999999 0.3491666666666667 0.8418750000000002 0.35583333333333333 0.846875
0 0.3075 0.89375 0.31083333333333335 0.9356250000000002 0.33999999999999997 0.9356250000000002 0.3516666666666667 0.93125 0.35583333333333333 0.9331250000000001 0.3591666666666667 0.92875 0.3675 0.928125 0.3725 0.931875 0.38416666666666666 0.931875 0.3933333333333333 0.9243750000000001 0.3975 0.9243750000000001 0.4066666666666666 0.915 0.41083333333333333 0.9168750000000001 0.40750000000000003 0.9225 0.4091666666666667 0.9275 0.4125 0.92875 0.425 0.9275 0.42833333333333334 0.925 0.43916666666666665 0.9268750000000001 0.4425 0.925 0.48083333333333333 0.9231250000000001 0.4841666666666667 0.9200000000000002 0.49000000000000005 0.9225 0.49833333333333335 0.9225 0.5258333333333333 0.9168750000000001 0.5291666666666667 0.9181250000000001 0.5333333333333333 0.915 0.5291666666666667 0.9106250000000001 0.53 0.90625 0.5391666666666667 0.899375 0.5533333333333333 0.89875 0.5566666666666666 0.8950000000000001 0.5549999999999999 0.878125 0.5625 0.871875 0.5599999999999999 0.8556250000000001 0.5641666666666667 0.85 0.5641666666666667 0.838125 0.5608333333333333 0.826875 0.5466666666666666 0.8293750000000001 0.4766666666666667 0.83125 0.46749999999999997 0.835 0.4491666666666666 0.83375 0.4175 0.8375 0.41583333333333333 0.8400000000000001 0.4091666666666667 0.838125 0.40499999999999997 0.840625 0.39916666666666667 0.838125 0.39499999999999996 0.838125 0.39249999999999996 0.840625 0.3683333333333333 0.8400000000000001 0.36083333333333334 0.8418750000000002 0.36416666666666664 0.843125 0.365 0.8462500000000001 0.36333333333333334 0.851875 0.3591666666666667 0.8550000000000001 0.355 0.85 0.3441666666666666 0.849375 0.3441666666666666 0.844375 0.34750000000000003 0.8425 0.345 0.840625 0.3308333333333333 0.8412499999999999 0.32416666666666666 0.844375 0.31083333333333335 0.8425 0.305 0.8456250000000001 0.30416666666666664 0.8868750000000001 0.3075 0.89375
0 0.2891666666666667 0.6575 0.29583333333333334 0.659375 0.30416666666666664 0.6581250000000001 0.31083333333333335 0.66625 0.32083333333333336 0.66875 0.33166666666666667 0.665625 0.335 0.6581250000000001 0.3416666666666667 0.66 0.3441666666666666 0.6575 0.3525 0.6575 0.3625 0.66625 0.375 0.665 0.37916666666666665 0.6575 0.38666666666666666 0.655625 0.40166666666666667 0.655 0.40750000000000003 0.661875 0.41916666666666663 0.6625 0.43166666666666664 0.653125 0.44333333333333336 0.653125 0.4491666666666666 0.654375 0.4533333333333333 0.6587500000000001 0.45916666666666667 0.660625 0.4708333333333333 0.6587500000000001 0.4766666666666667 0.6525000000000001 0.48250000000000004 0.65 0.49749999999999994 0.6525000000000001 0.505 0.6587500000000001 0.5175 0.659375 0.5225 0.6575 0.5258333333333333 0.6525000000000001 0.5408333333333333 0.649375 0.55 0.6612500000000001 0.5591666666666667 0.6587500000000001 0.5708333333333333 0.64875 0.585 0.6475000000000001 0.5908333333333333 0.64375 0.5816666666666667 0.615625 0.5733333333333334 0.6112500000000001 0.5608333333333333 0.6100000000000001 0.5416666666666667 0.6118750000000001 0.5116666666666666 0.6100000000000001 0.5025000000000001 0.6125 0.49000000000000005 0.610625 0.4683333333333334 0.6118750000000001 0.4616666666666666 0.6143750000000001 0.4608333333333333 0.619375 0.45583333333333337 0.62 0.4541666666666667 0.62375 0.4491666666666666 0.621875 0.44416666666666665 0.624375 0.4416666666666667 0.621875 0.43583333333333335 0.621875 0.43583333333333335 0.615625 0.4333333333333333 0.6175 0.43 0.615 0.4208333333333333 0.6206250000000001 0.41833333333333333 0.6206250000000001 0.4166666666666667 0.6162500000000001 0.4133333333333333 0.615 0.3933333333333333 0.615625 0.37666666666666665 0.61875 0.34750000000000003 0.61875 0.325 0.6225 0.30666666666666664 0.6206250000000001 0.29083333333333333 0.6256250000000001 0.28833333333333333 0.6318750000000001 0.2866666666666667 0.65125 0.2891666666666667 0.6575
0 0.4458333333333333 0.48812500000000003 0.4425 0.484375 0.43916666666666665 0.48375 0.4458333333333333 0.48812500000000003
0 0.5558333333333334 0.476875 0.5533333333333333 0.471875 0.5491666666666666 0.47437500000000005 0.5483333333333333 0.476875 0.5558333333333334 0.476875
0 0.2966666666666667 0.39125 0.30333333333333334 0.39375 0.305 0.386875 0.29833333333333334 0.38625000000000004 0.29583333333333334 0.386875 0.2966666666666667 0.39125
0 0.3175 0.385 0.32083333333333336 0.38125 0.32416666666666666 0.38375000000000004 0.32083333333333336 0.379375 0.32333333333333336 0.37750000000000006 0.33166666666666667 0.37875000000000003 0.3416666666666667 0.376875 0.34833333333333333 0.38 0.3491666666666667 0.375625 0.34249999999999997 0.3725 0.32083333333333336 0.3725 0.315 0.378125 0.31416666666666665 0.38375000000000004 0.3175 0.385
0 0.2783333333333333 0.42250000000000004 0.27999999999999997 0.428125 0.2758333333333333 0.46125 0.2791666666666667 0.464375 0.29416666666666663 0.46375 0.29833333333333334 0.46687500000000004 0.31 0.47000000000000003 0.315 0.47000000000000003 0.32083333333333336 0.4625 0.33249999999999996 0.459375 0.35083333333333333 0.459375 0.3591666666666667 0.46312500000000006 0.35833333333333334 0.46687500000000004 0.3616666666666667 0.46687500000000004 0.3716666666666667 0.46625000000000005 0.37916666666666665 0.458125 0.3933333333333333 0.45562500000000006 0.41833333333333333 0.459375 0.42333333333333334 0.4575 0.43916666666666665 0.4575 0.45916666666666667 0.4525 0.4625 0.45562500000000006 0.47333333333333333 0.459375 0.4966666666666667 0.45437500000000003 0.5066666666666666 0.45437500000000003 0.5108333333333334 0.45625 0.5225 0.45499999999999996 0.5349999999999999 0.4575 0.5633333333333332 0.45625 0.575 0.458125 0.5766666666666667 0.4600000000000001 0.5733333333333334 0.46375 0.5775 0.46687500000000004 0.5833333333333333 0.46312500000000006 0.5841666666666667 0.459375 0.5875 0.46187500000000004 0.5916666666666667 0.46187500000000004 0.5941666666666666 0.4600000000000001 0.6083333333333333 0.459375 0.6125 0.45687500000000003 0.6058333333333333 0.42437500000000006 0.6075 0.41937500000000005 0.6166666666666667 0.41500000000000004 0.6158333333333333 0.40812499999999996 0.6091666666666666 0.403125 0.595 0.38312500000000005 0.5808333333333333 0.38312500000000005 0.5766666666666667 0.37625000000000003 0.5708333333333333 0.3725 0.55 0.3725 0.5425 0.3825 0.5258333333333333 0.38625000000000004 0.5208333333333333 0.37375 0.505 0.36875 0.4916666666666667 0.36875 0.48 0.37125 0.4741666666666666 0.381875 0.4691666666666666 0.38125 0.4683333333333334 0.37312500000000004 0.46416666666666667 0.369375 0.4325 0.369375 0.41833333333333333 0.371875 0.4175 0.374375 0.4133333333333333 0.375625 0.4066666666666666 0.369375 0.38916666666666666 0.369375 0.3775 0.37375 0.36916666666666664 0.38312500000000005 0.3625 0.385625 0.35333333333333333 0.385625 0.35 0.39437500000000003 0.3516666666666667 0.4 0.3575 0.40499999999999997 0.35 0.40812499999999996 0.345 0.40687500000000004 0.34249999999999997 0.409375 0.32999999999999996 0.4125 0.3058333333333333 0.415625 0.30333333333333334 0.40750000000000003 0.2891666666666667 0.41375 0.28583333333333333 0.41125 0.28583333333333333 0.40499999999999997 0.2808333333333333 0.40437500000000004 0.2816666666666666 0.40125 0.28583333333333333 0.4 0.28583333333333333 0.395625 0.2816666666666666 0.395625 0.2816666666666666 0.389375 0.28583333333333333 0.386875 0.2841666666666667 0.38625000000000004 0.2816666666666666 0.38875000000000004 0.2783333333333333 0.386875 0.2758333333333333 0.39187500000000003 0.2808333333333333 0.39 0.2808333333333333 0.3925 0.2758333333333333 0.3959375 0.2733333333333333 0.403125 0.27166666666666667 0.418125 0.2783333333333333 0.42250000000000004
0 0.3458333333333333 0.9081250000000001 0.34833333333333333 0.905625 0.35 0.9106250000000001 0.35583333333333333 0.9106250000000001 0.3591666666666667 0.9075000000000001 0.35333333333333333 0.9037499999999999 0.3458333333333333 0.9037499999999999 0.3433333333333333 0.9075000000000001 0.3458333333333333 0.9081250000000001
0 0.39499999999999996 0.8700000000000001 0.3983333333333333 0.86625 0.39249999999999996 0.8668750000000001 0.38916666666666666 0.869375 0.39499999999999996 0.8700000000000001
0 0.51171875 0.85625 0.00078125 0.00078125
0 0.30666666666666664 0.89875 0.30666666666666664 0.9106250000000001 0.31 0.915625 0.31333333333333335 0.914375 0.3158333333333333 0.909375 0.315 0.9 0.325 0.8943749999999999 0.33416666666666667 0.8981250000000001 0.3416666666666667 0.89875 0.35583333333333333 0.8950000000000001 0.36 0.8956250000000001 0.3625 0.8931250000000001 0.36916666666666664 0.8950000000000001 0.38 0.890625 0.39666666666666667 0.8887500000000002 0.4091666666666667 0.8956250000000001 0.4116666666666666 0.890625 0.4166666666666667 0.889375 0.42666666666666664 0.89375 0.42833333333333334 0.903125 0.43166666666666664 0.9043750000000002 0.4341666666666667 0.9018750000000001 0.4416666666666667 0.903125 0.45999999999999996 0.9 0.46416666666666667 0.890625 0.47000000000000003 0.885 0.47750000000000004 0.8862500000000001 0.4916666666666667 0.8825000000000001 0.5016666666666667 0.8862500000000001 0.5191666666666667 0.8793750000000001 0.5291666666666667 0.88375 0.5533333333333333 0.8825000000000001 0.5641666666666667 0.8712500000000001 0.5616666666666666 0.8543750000000001 0.5575 0.8525 0.53 0.8550000000000001 0.5283333333333333 0.8556250000000001 0.5316666666666666 0.859375 0.5258333333333333 0.8643750000000001 0.5183333333333333 0.8612500000000001 0.5175 0.8668750000000001 0.5141666666666667 0.8668750000000001 0.5058333333333334 0.8612500000000001 0.495 0.8606250000000001 0.47750000000000004 0.8731250000000002 0.45583333333333337 0.85875 0.45 0.8625 0.4408333333333333 0.875 0.43583333333333335 0.8775000000000001 0.42666666666666664 0.87375 0.4141666666666667 0.8606250000000001 0.41083333333333333 0.8606250000000001 0.40166666666666667 0.8675 0.39249999999999996 0.8625 0.39166666666666666 0.8643750000000001 0.3883333333333333 0.8643750000000001 0.3877775 0.8625 0.38583333333333336 0.8643750000000001 0.38305583333333326 0.8625 0.37916666666666665 0.8643750000000001 0.3775 0.8618750000000001 0.3675 0.8637500000000001 0.3616666666666667 0.8668750000000001 0.36083333333333334 0.87375 0.35416666666666663 0.8793750000000001 0.3416666666666667 0.878125 0.33249999999999996 0.86875 0.30416666666666664 0.869375 0.30333333333333334 0.8875 0.30666666666666664 0.89875
0 0.5390625 0.3734375 0.00234375 0.00078125
0 0.27749999999999997 0.42250000000000004 0.28250000000000003 0.43125 0.2791666666666667 0.43562500000000004 0.27749999999999997 0.44625000000000004 0.2783333333333333 0.4575 0.2816666666666666 0.4600000000000001 0.2866666666666667 0.4600000000000001 0.29583333333333334 0.45499999999999996 0.30083333333333334 0.45562500000000006 0.30333333333333334 0.45875000000000005 0.31666666666666665 0.453125 0.32083333333333336 0.45625 0.3308333333333333 0.45499999999999996 0.3491666666666667 0.45687500000000003 0.36416666666666664 0.45499999999999996 0.36916666666666664 0.4525 0.41 0.4525 0.41916666666666663 0.45625 0.425 0.45187499999999997 0.42833333333333334 0.45499999999999996 0.4325 0.45499999999999996 0.4525 0.45125000000000004 0.45916666666666667 0.44750000000000006 0.4691666666666666 0.4525 0.48083333333333333 0.45125000000000004 0.4875 0.45375000000000004 0.5366666666666666 0.45187499999999997 0.5525 0.45437500000000003 0.5741666666666666 0.453125 0.5908333333333333 0.45625 0.595 0.45875000000000005 0.6033333333333333 0.45875000000000005 0.61 0.45625 0.6058333333333333 0.421875 0.6183333333333334 0.414375 0.6158333333333333 0.40687500000000004 0.595 0.38125 0.5808333333333333 0.38125 0.575 0.37312500000000004 0.5641666666666667 0.37062500000000004 0.5483333333333333 0.371875 0.5358333333333334 0.379375 0.53 0.376875 0.5308333333333334 0.3725 0.5225 0.37375 0.5066666666666666 0.36812500000000004 0.48583333333333334 0.36875 0.47000000000000003 0.371875 0.46416666666666667 0.36875 0.43166666666666664 0.36875 0.41500000000000004 0.371875 0.4058333333333334 0.36875 0.38583333333333336 0.36875 0.37416666666666665 0.3725 0.3683333333333333 0.37062500000000004 0.36083333333333334 0.375 0.3591666666666667 0.37312500000000004 0.3408333333333333 0.37125 0.31 0.3725 0.3091666666666667 0.38 0.3 0.38375000000000004 0.29333333333333333 0.38312500000000005 0.2866666666666667 0.379375 0.28250000000000003 0.38 0.2758333333333333 0.3875 0.27166666666666667 0.39937500000000004 0.27083333333333337 0.418125 0.27749999999999997 0.42250000000000004
0 0.55390625 0.52890625 0.00078125 0.00078125
0 0.2791666666666667 0.5075000000000001 0.29 0.508125 0.2966666666666667 0.5118750000000001 0.2966666666666667 0.5175000000000001 0.30333333333333334 0.528125 0.32083333333333336 0.528125 0.325 0.5225000000000001 0.32416666666666666 0.515 0.33166666666666667 0.509375 0.34249999999999997 0.51 0.345 0.508125 0.35083333333333333 0.515 0.35083333333333333 0.5225000000000001 0.35583333333333333 0.528125 0.36916666666666664 0.5268750000000001 0.37666666666666665 0.5318750000000001 0.3808333333333333 0.530625 0.38333333333333336 0.5325 0.39916666666666667 0.5331250000000001 0.4125 0.528125 0.4175 0.530625 0.4216666666666667 0.52875 0.4333333333333333 0.5325 0.4491666666666666 0.5275000000000001 0.4575 0.5268750000000001 0.4658333333333333 0.5231250000000001 0.47750000000000004 0.524375 0.4841666666666667 0.5275000000000001 0.495 0.5268750000000001 0.49749999999999994 0.53 0.5025000000000001 0.53125 0.505 0.525 0.5258333333333333 0.5225000000000001 0.5325 0.52875 0.5425 0.52375 0.5349999999999999 0.515 0.5349999999999999 0.5112500000000001 0.5391666666666667 0.5075000000000001 0.5433333333333333 0.513125 0.5466666666666666 0.5118750000000001 0.5575 0.5162500000000001 0.5599999999999999 0.52375 0.5675 0.524375 0.5791666666666667 0.51875 0.5875 0.5050000000000001 0.6041666666666667 0.50125 0.6083333333333333 0.49812500000000004 0.6058333333333333 0.4875 0.5908333333333333 0.46687500000000004 0.5908333333333333 0.46312500000000006 0.5825 0.45875000000000005 0.5491666666666666 0.45875000000000005 0.5383333333333333 0.45625 0.5183333333333333 0.45562500000000006 0.48 0.4575 0.4716666666666667 0.46125 0.45999999999999996 0.45499999999999996 0.41833333333333333 0.4600000000000001 0.39583333333333337 0.45687500000000003 0.365 0.459375 0.35833333333333334 0.46312500000000006 0.33916666666666667 0.460625 0.32333333333333336 0.46187500000000004 0.3058333333333333 0.46937500000000004 0.29166666666666663 0.465625 0.2816666666666666 0.468125 0.2791666666666667 0.47125000000000006 0.27666666666666667 0.504375 0.2791666666666667 0.5075000000000001
0 0.31416666666666665 0.96125 0.3183333333333333 0.961875 0.3491666666666667 0.9600000000000002 0.3591666666666667 0.9575000000000001 0.36916666666666664 0.9600000000000002 0.37666666666666665 0.95875 0.38666666666666666 0.95375 0.3975 0.9550000000000001 0.4033333333333333 0.9512500000000002 0.4216666666666667 0.9543750000000001 0.43166666666666664 0.9600000000000002 0.43916666666666665 0.9600000000000002 0.44333333333333336 0.95625 0.4416666666666667 0.9487500000000001 0.47000000000000003 0.9481250000000001 0.47333333333333333 0.9525 0.47750000000000004 0.95 0.48 0.953125 0.4875 0.946875 0.5108333333333334 0.9475 0.5491666666666666 0.9425000000000001 0.5508333333333333 0.92125 0.5225 0.9200000000000002 0.515 0.9231250000000001 0.49749999999999994 0.9243750000000001 0.49416666666666664 0.9262500000000001 0.47333333333333333 0.928125 0.4583333333333333 0.9268750000000001 0.40750000000000003 0.9325000000000001 0.39666666666666667 0.93 0.3883333333333333 0.934375 0.3683333333333333 0.9356250000000002 0.3575 0.9337500000000001 0.3525 0.93625 0.31333333333333335 0.940625 0.31083333333333335 0.943125 0.31166666666666665 0.9581250000000001 0.31416666666666665 0.96125
0 0.50546875 0.76171875 0.00078125 0.00078125
0 0.575 0.64375 0.0015625 0.00078125
0 0.2925 0.6321875 0.29166666666666663 0.6362500000000001 0.29583333333333334 0.6375 0.29166666666666663 0.64 0.29333333333333333 0.644375 0.2966666666666667 0.6368750000000001 0.29416666666666663 0.634375 0.29833333333333334 0.6268750000000001 0.2925 0.62875 0.29500000000000004 0.6318750000000001 0.2925 0.6321875
0 0.2966666666666667 0.659375 0.29500000000000004 0.6637500000000001 0.2966666666666667 0.670625 0.3 0.66875 0.30833333333333335 0.66875 0.3175 0.671875 0.3275 0.670625 0.33249999999999996 0.673125 0.3308333333333333 0.675625 0.3375 0.6743750000000001 0.3383333333333333 0.68125 0.345 0.6793750000000001 0.35333333333333333 0.6881250000000001 0.3491666666666667 0.6893750000000001 0.345 0.686875 0.33999999999999997 0.6893750000000001 0.3308333333333333 0.6900000000000001 0.32416666666666666 0.698125 0.31666666666666665 0.6975 0.31083333333333335 0.6943750000000001 0.2966666666666667 0.6987500000000001 0.2966666666666667 0.70625 0.29833333333333334 0.7037500000000001 0.30333333333333334 0.70625 0.2966666666666667 0.7193750000000001 0.30333333333333334 0.726875 0.29833333333333334 0.731875 0.2975 0.75125 0.3 0.75375 0.3283333333333333 0.755625 0.33249999999999996 0.7681250000000001 0.3408333333333333 0.774375 0.35083333333333333 0.774375 0.3591666666666667 0.7681250000000001 0.3625 0.769375 0.36416666666666664 0.765625 0.36916666666666664 0.764375 0.37333333333333335 0.759375 0.3775 0.760625 0.37916666666666665 0.765 0.3875 0.77125 0.39666666666666667 0.7706250000000001 0.4083333333333333 0.7618750000000001 0.41083333333333333 0.7625 0.4083333333333333 0.758125 0.4141666666666667 0.7518750000000001 0.4225 0.758125 0.4225 0.765 0.4341666666666667 0.769375 0.45 0.7681250000000001 0.45583333333333337 0.7612500000000001 0.46333333333333326 0.7618750000000001 0.4666666666666667 0.7662500000000001 0.4666666666666667 0.758125 0.4691666666666666 0.7568750000000001 0.4766666666666667 0.765 0.4875 0.764375 0.5016666666666667 0.753125 0.505 0.755625 0.5083333333333333 0.7550000000000001 0.5116666666666666 0.759375 0.5158333333333334 0.7575000000000001 0.5216666666666667 0.76375 0.5291666666666667 0.763125 0.5375 0.760625 0.55 0.75 0.5775 0.7375 0.5716666666666667 0.71625 0.5741666666666666 0.71125 0.5808333333333333 0.709375 0.5816666666666667 0.7 0.5783333333333334 0.696875 0.5741666666666666 0.68125 0.5533333333333333 0.684375 0.5458333333333333 0.675 0.5533333333333333 0.66875 0.5575 0.6681250000000001 0.5591666666666667 0.66 0.5633333333333332 0.6568750000000001 0.5700000000000001 0.655625 0.5733333333333334 0.650625 0.5883333333333333 0.6412500000000001 0.5808333333333333 0.6206250000000001 0.5733333333333334 0.619375 0.5775 0.6162500000000001 0.5741666666666666 0.6162500000000001 0.5666666666666667 0.6212500000000001 0.5599999999999999 0.6212500000000001 0.5549999999999999 0.615 0.545 0.6125 0.54 0.615 0.525 0.615 0.52 0.6212500000000001 0.5116666666666666 0.621875 0.5091666666666667 0.615 0.495 0.615 0.48916666666666664 0.6118750000000001 0.48250000000000004 0.6118750000000001 0.48083333333333333 0.6143750000000001 0.4725 0.6125 0.4666666666666667 0.61875 0.4616666666666666 0.6168750000000001 0.45999999999999996 0.6212500000000001 0.45499999999999996 0.623125 0.4575 0.62625 0.45499999999999996 0.6325000000000001 0.4491666666666666 0.63875 0.43916666666666665 0.6425000000000001 0.43166666666666664 0.6368750000000001 0.42750000000000005 0.6375 0.42333333333333334 0.62625 0.4125 0.6162500000000001 0.39666666666666667 0.615625 0.3908333333333333 0.618125 0.3808333333333333 0.61875 0.375 0.6225 0.37583333333333335 0.62625 0.37 0.628125 0.3625 0.6268750000000001 0.35416666666666663 0.6206250000000001 0.3416666666666667 0.6206250000000001 0.3275 0.623125 0.3175 0.6368750000000001 0.31916666666666665 0.639375 0.31083333333333335 0.6481250000000001 0.30333333333333334 0.64875 0.3 0.64375 0.2966666666666667 0.649375 0.30166666666666664 0.6568750000000001 0.2966666666666667 0.659375
0 0.3275 0.529375 0.325 0.5225000000000001 0.32416666666666666 0.529375 0.3275 0.529375
0 0.49453125 0.51875 0.00078125 0.00078125
0 0.28583333333333333 0.5487500000000001 0.29416666666666663 0.5487500000000001 0.29416666666666663 0.556875 0.30083333333333334 0.5625 0.3075 0.5631250000000001 0.3091666666666667 0.5700000000000001 0.30666666666666664 0.5737500000000001 0.3 0.573125 0.28250000000000003 0.5787500000000001 0.29 0.5856250000000001 0.28250000000000003 0.584375 0.29833333333333334 0.5900000000000001 0.30333333333333334 0.58875 0.305 0.59125 0.30166666666666664 0.595 0.31 0.6 0.3225 0.5987500000000001 0.3258333333333333 0.59125 0.32083333333333336 0.59125 0.3175 0.588125 0.32416666666666666 0.586875 0.3275 0.5831250000000001 0.33166666666666667 0.58375 0.335 0.581875 0.35 0.58125 0.355 0.5831250000000001 0.35666666666666663 0.5850000000000001 0.35333333333333333 0.5893750000000001 0.3575 0.596875 0.36083333333333334 0.5987500000000001 0.37333333333333335 0.5987500000000001 0.37916666666666665 0.59125 0.3775 0.584375 0.38 0.5831250000000001 0.3975 0.58375 0.4025 0.58625 0.41 0.5956250000000001 0.41500000000000004 0.5962500000000001 0.425 0.5943750000000001 0.4291666666666667 0.584375 0.4425 0.5787500000000001 0.44833333333333336 0.581875 0.45583333333333337 0.5825 0.45916666666666667 0.5925 0.4691666666666666 0.593125 0.4741666666666666 0.59125 0.47833333333333333 0.58375 0.4875 0.578125 0.505 0.5800000000000001 0.5083333333333333 0.590625 0.5125 0.5925 0.5258333333333333 0.58875 0.5275000000000001 0.5825 0.5325 0.578125 0.5416666666666667 0.5775 0.5549999999999999 0.58125 0.5516666666666666 0.584375 0.5541666666666667 0.59125 0.5675 0.591875 0.5725 0.5893750000000001 0.5808333333333333 0.5787500000000001 0.5966666666666667 0.5743750000000001 0.595 0.5625 0.5908333333333333 0.56125 0.5916666666666667 0.56 0.5833333333333333 0.559375 0.5825 0.553125 0.5883333333333333 0.5525 0.5875 0.5487500000000001 0.5841666666666667 0.546875 0.5833333333333333 0.5381250000000001 0.5775 0.535625 0.5566666666666666 0.5337500000000001 0.5533333333333333 0.536875 0.5516666666666666 0.5331250000000001 0.5466666666666666 0.5325 0.54 0.525 0.5325 0.53125 0.515 0.5331250000000001 0.5083333333333333 0.53 0.49749999999999994 0.534375 0.4883333333333333 0.5337500000000001 0.48250000000000004 0.5225000000000001 0.485 0.52 0.4841666666666667 0.515 0.48083333333333333 0.515625 0.4791666666666667 0.521875 0.47333333333333333 0.524375 0.47000000000000003 0.521875 0.45916666666666667 0.521875 0.45583333333333337 0.52375 0.4508333333333333 0.519375 0.445 0.52125 0.4425 0.51875 0.4325 0.525 0.425 0.525625 0.4216666666666667 0.53 0.3933333333333333 0.5337500000000001 0.38333333333333336 0.5387500000000001 0.375 0.5362500000000001 0.3725 0.5325 0.36416666666666664 0.5375 0.345 0.5381250000000001 0.3408333333333333 0.535625 0.3283333333333333 0.540625 0.30333333333333334 0.541875 0.2966666666666667 0.548125 0.2891666666666667 0.544375 0.28250000000000003 0.544375 0.2816666666666666 0.546875 0.28583333333333333 0.5487500000000001
0 0.29583333333333334 0.72875 0.2966666666666667 0.75375 0.30416666666666664 0.75625 0.32083333333333336 0.755625 0.3275 0.7575000000000001 0.33249999999999996 0.7675000000000001 0.3416666666666667 0.774375 0.34750000000000003 0.775625 0.355 0.7725000000000001 0.3675 0.75875 0.37583333333333335 0.759375 0.38916666666666666 0.771875 0.39666666666666667 0.77125 0.4091666666666667 0.7568750000000001 0.4141666666666667 0.754375 0.4216666666666667 0.759375 0.42666666666666664 0.771875 0.43 0.7731250000000001 0.44666666666666666 0.77125 0.45666666666666667 0.7612500000000001 0.45999999999999996 0.754375 0.47000000000000003 0.7568750000000001 0.47750000000000004 0.763125 0.4875 0.763125 0.495 0.76 0.5058333333333334 0.75125 0.5216666666666667 0.763125 0.5333333333333333 0.7625 0.5391666666666667 0.759375 0.55 0.7462500000000001 0.5599999999999999 0.7456250000000001 0.5658333333333333 0.7425 0.5766666666666667 0.740625 0.5783333333333334 0.7350000000000001 0.5741666666666666 0.715625 0.5841666666666667 0.70875 0.5833333333333333 0.6993750000000001 0.575 0.68125 0.5549999999999999 0.685 0.5433333333333333 0.6793750000000001 0.5325 0.6793750000000001 0.5183333333333333 0.6825 0.5083333333333333 0.681875 0.5041666666666667 0.6793750000000001 0.49749999999999994 0.68125 0.49083333333333334 0.678125 0.4833333333333333 0.6775 0.4608333333333333 0.681875 0.4525 0.680625 0.4375 0.681875 0.4325 0.684375 0.42416666666666664 0.6837500000000001 0.41833333333333333 0.6875 0.4125 0.6831250000000001 0.38583333333333336 0.6837500000000001 0.38 0.685625 0.3775 0.69125 0.37333333333333335 0.693125 0.36416666666666664 0.693125 0.35583333333333333 0.6893750000000001 0.34750000000000003 0.6893750000000001 0.33416666666666667 0.69125 0.32416666666666666 0.6975 0.31083333333333335 0.6943750000000001 0.2966666666666667 0.6950000000000001 0.29333333333333333 0.696875 0.2925 0.7206250000000001 0.29583333333333334 0.72875