0 0.5671875 0.95 0.00078125 0.00078125
0 0.2725 0.978125 0.2833333333333333 0.9800000000000001 0.275 0.999375 0.325 0.999375 0.3283333333333333 0.996875 0.3408333333333333 0.9975000000000002 0.3416666666666667 0.999375 0.6391666666666667 0.999375 0.64 0.9962500000000001 0.6408333333333334 0.959375 0.625 0.9568749999999999 0.6191666666666666 0.9581250000000001 0.6091666666666666 0.9556250000000001 0.6058333333333333 0.9525 0.595 0.9556250000000001 0.58 0.9543750000000001 0.5708333333333333 0.9512500000000002 0.5658333333333333 0.95375 0.5641666666666667 0.951875 0.5608333333333333 0.953125 0.5575 0.9487500000000001 0.55 0.9481250000000001 0.5458333333333333 0.9550000000000001 0.5325 0.9543750000000001 0.5258333333333333 0.9506249999999999 0.5183333333333333 0.95 0.515 0.944375 0.5083333333333333 0.9450000000000001 0.49833333333333335 0.953125 0.49083333333333334 0.953125 0.4841666666666667 0.9506249999999999 0.4716666666666667 0.951875 0.45999999999999996 0.9481250000000001 0.42666666666666664 0.9493750000000001 0.4208333333333333 0.9525 0.4141666666666667 0.953125 0.40750000000000003 0.95 0.4041666666666667 0.943125 0.40166666666666667 0.94625 0.39666666666666667 0.9450000000000001 0.39416666666666667 0.9481250000000001 0.38333333333333336 0.94625 0.37333333333333335 0.9493750000000001 0.35 0.9493750000000001 0.33416666666666667 0.94625 0.3 0.94375 0.2966666666666667 0.945625 0.28250000000000003 0.94375 0.27416666666666667 0.94625 0.2683333333333333 0.974375 0.2725 0.978125
0 0.27083333333333337 0.9112500000000001 0.265 0.91875 0.26166666666666666 0.938125 0.27166666666666667 0.9418750000000001 0.2866666666666667 0.9400000000000001 0.2891666666666667 0.9425000000000001 0.29500000000000004 0.9425000000000001 0.2966666666666667 0.940625 0.3125 0.9393750000000001 0.3175 0.9418750000000001 0.33249999999999996 0.943125 0.335 0.945625 0.3416666666666667 0.9425000000000001 0.35416666666666663 0.945625 0.3591666666666667 0.9425000000000001 0.3625 0.944375 0.3775 0.945625 0.38666666666666666 0.9387500000000001 0.39 0.9400000000000001 0.3933333333333333 0.93625 0.3975 0.93625 0.4058333333333334 0.940625 0.40750000000000003 0.945625 0.42416666666666664 0.9481250000000001 0.4583333333333333 0.945625 0.4683333333333334 0.9493750000000001 0.49916666666666665 0.9506249999999999 0.5075000000000001 0.9475 0.5116666666666666 0.943125 0.515 0.943125 0.5183333333333333 0.9487500000000001 0.5275000000000001 0.9525 0.5433333333333333 0.9481250000000001 0.5483333333333333 0.9525 0.5566666666666666 0.9487500000000001 0.5708333333333333 0.9512500000000002 0.5783333333333334 0.9506249999999999 0.5841666666666667 0.953125 0.5991666666666666 0.95375 0.6091666666666666 0.9512500000000002 0.6116666666666666 0.953125 0.62 0.9525 0.6291666666666667 0.95625 0.64 0.95625 0.6383333333333333 0.9493750000000001 0.6416666666666667 0.944375 0.6408333333333334 0.9243750000000001 0.6466666666666667 0.915625 0.6475 0.9043750000000002 0.645 0.88375 0.6375 0.8793750000000001 0.615 0.8787499999999999 0.5974999999999999 0.88125 0.585 0.8762500000000001 0.5391666666666667 0.8775000000000001 0.525 0.875 0.515 0.875625 0.5058333333333334 0.8724999999999999 0.485 0.875625 0.45166666666666666 0.8712500000000001 0.4175 0.8731250000000002 0.4083333333333333 0.8700000000000001 0.39166666666666666 0.871875 0.37666666666666665 0.869375 0.37083333333333335 0.8724999999999999 0.35583333333333333 0.8731250000000002 0.34833333333333333 0.8700000000000001 0.33416666666666667 0.86875 0.31333333333333335 0.86875 0.30333333333333334 0.871875 0.27416666666666667 0.86875 0.26166666666666666 0.8724999999999999 0.26 0.8868750000000001 0.255 0.8956250000000001 0.255 0.9037499999999999 0.27083333333333337 0.9112500000000001
0 0.32 0.921875 0.3175 0.9200000000000002 0.3158333333333333 0.92125 0.32 0.921875
0 0.3308333333333333 0.9243750000000001 0.33166666666666667 0.91875 0.3275 0.9181250000000001 0.32166666666666666 0.92125 0.3308333333333333 0.9243750000000001
0 0.25416666666666665 0.8956250000000001 0.25416666666666665 0.9037499999999999 0.2575 0.90625 0.2791666666666667 0.906875 0.28583333333333333 0.9112500000000001 0.3383333333333333 0.9081250000000001 0.3441666666666666 0.911875 0.355 0.911875 0.38 0.9081250000000001 0.38666666666666666 0.905 0.4041666666666667 0.9043750000000002 0.41833333333333333 0.9081250000000001 0.43 0.9181250000000001 0.4325 0.925 0.4416666666666667 0.9325000000000001 0.45666666666666667 0.931875 0.465 0.925 0.465 0.915 0.47000000000000003 0.9112500000000001 0.4741666666666666 0.913125 0.4875 0.9087500000000001 0.515 0.9099999999999999 0.5366666666666666 0.91875 0.5483333333333333 0.9181250000000001 0.5533333333333333 0.913125 0.5591666666666667 0.913125 0.5700000000000001 0.9181250000000001 0.5816666666666667 0.9168750000000001 0.6008333333333333 0.920625 0.6233333333333333 0.92125 0.6416666666666667 0.9200000000000002 0.6483333333333333 0.9125 0.645 0.8825000000000001 0.6383333333333333 0.8793750000000001 0.62 0.8768750000000001 0.5974999999999999 0.88125 0.585 0.875 0.5566666666666666 0.8768750000000001 0.5491666666666666 0.8731250000000002 0.5441666666666667 0.875625 0.5341666666666667 0.8762500000000001 0.5108333333333334 0.875 0.5016666666666667 0.8712500000000001 0.4691666666666666 0.87375 0.4491666666666666 0.8700000000000001 0.4175 0.871875 0.4083333333333333 0.868125 0.39666666666666667 0.8712500000000001 0.37666666666666665 0.869375 0.37 0.8724999999999999 0.32916666666666666 0.868125 0.31083333333333335 0.868125 0.3025 0.8700000000000001 0.27416666666666667 0.868125 0.26083333333333336 0.8706250000000001 0.25916666666666666 0.874375 0.25833333333333336 0.8868750000000001 0.25416666666666665 0.8956250000000001
0 0.4171875 0.7828125 0.009375 0.00078125
0 0.25833333333333336 0.8275 0.2475 0.8575000000000002 0.24833333333333335 0.8618750000000001 0.2533333333333333 0.86625 0.2733333333333333 0.865 0.2808333333333333 0.8668750000000001 0.29 0.86625 0.29333333333333333 0.868125 0.335 0.8668750000000001 0.365 0.8712500000000001 0.375 0.868125 0.4091666666666667 0.86875 0.41833333333333333 0.8706250000000001 0.4508333333333333 0.8700000000000001 0.4791666666666667 0.8731250000000002 0.5083333333333333 0.8700000000000001 0.5133333333333333 0.8731250000000002 0.5233333333333333 0.87375 0.5616666666666666 0.875 0.5858333333333333 0.8731250000000002 0.5916666666666667 0.875625 0.5983333333333334 0.87375 0.6158333333333333 0.8775000000000001 0.6316666666666666 0.8762500000000001 0.6425 0.878125 0.6475 0.8775000000000001 0.6508333333333333 0.871875 0.6483333333333333 0.838125 0.655 0.8293750000000001 0.6508333333333333 0.7925000000000001 0.6333333333333333 0.79125 0.6216666666666667 0.7993750000000001 0.6091666666666666 0.7987500000000001 0.585 0.7862500000000001 0.5808333333333333 0.7881250000000001 0.5708333333333333 0.7862500000000001 0.5591666666666667 0.79 0.5566666666666666 0.794375 0.5516666666666666 0.79625 0.54 0.795 0.5341666666666667 0.7862500000000001 0.5125 0.785 0.5075000000000001 0.789375 0.49749999999999994 0.7887500000000001 0.49000000000000005 0.795 0.48583333333333334 0.795625 0.47750000000000004 0.795 0.47000000000000003 0.79125 0.4658333333333333 0.7862500000000001 0.45916666666666667 0.785 0.43083333333333335 0.785 0.4258333333333333 0.791875 0.4125 0.7925000000000001 0.40499999999999997 0.789375 0.40083333333333326 0.7825 0.3683333333333333 0.7825 0.3625 0.785625 0.36 0.79125 0.35416666666666663 0.791875 0.345 0.790625 0.33166666666666667 0.7818750000000001 0.30166666666666664 0.78125 0.29083333333333333 0.7887500000000001 0.2791666666666667 0.7881250000000001 0.2725 0.7825 0.2575 0.7818750000000001 0.25166666666666665 0.7831250000000001 0.24833333333333335 0.7862500000000001 0.24583333333333335 0.805625 0.24083333333333332 0.8125 0.24083333333333332 0.821875 0.25833333333333336 0.8275
0 0.1925 0.49375 0.18666666666666668 0.50625 0.19333333333333333 0.5118750000000001 0.215 0.513125 0.22749999999999998 0.52625 0.24416666666666664 0.52 0.24666666666666667 0.5112500000000001 0.25083333333333335 0.508125 0.2575 0.510625 0.29 0.51 0.3025 0.516875 0.30333333333333334 0.521875 0.31666666666666665 0.5231250000000001 0.32416666666666666 0.52125 0.33249999999999996 0.513125 0.355 0.508125 0.3591666666666667 0.504375 0.3675 0.5068750000000001 0.40083333333333326 0.51 0.4141666666666667 0.5068750000000001 0.42833333333333334 0.50625 0.445 0.50875 0.45999999999999996 0.50625 0.47000000000000003 0.5112500000000001 0.4925 0.509375 0.5091666666666667 0.5125 0.5258333333333333 0.5118750000000001 0.5349999999999999 0.51875 0.5349999999999999 0.521875 0.5391666666666667 0.5231250000000001 0.5416666666666667 0.521875 0.5366666666666666 0.51875 0.5491666666666666 0.51375 0.5675 0.515625 0.5775 0.5125 0.5916666666666667 0.513125 0.615 0.516875 0.6183333333333334 0.52 0.6233333333333333 0.51875 0.6358333333333334 0.52625 0.65 0.516875 0.6708333333333333 0.51875 0.6758333333333333 0.515625 0.6766666666666666 0.5125 0.6758333333333333 0.49750000000000005 0.6683333333333333 0.46749999999999997 0.6683333333333333 0.459375 0.6708333333333333 0.45437500000000003 0.6758333333333333 0.45187499999999997 0.6641666666666667 0.45375000000000004 0.6633333333333333 0.449375 0.655 0.446875 0.6266666666666667 0.45125000000000004 0.6125 0.44375 0.61 0.445 0.6108333333333333 0.449375 0.6016666666666667 0.4525 0.5983333333333334 0.44875 0.5816666666666667 0.44875 0.5775 0.4425 0.5608333333333333 0.440625 0.5583333333333333 0.4425 0.5616666666666666 0.445625 0.5583333333333333 0.446875 0.5216666666666667 0.44625000000000004 0.5183333333333333 0.44875 0.515 0.446875 0.5116666666666666 0.45 0.5075000000000001 0.446875 0.49749999999999994 0.449375 0.49333333333333335 0.445625 0.4958333333333333 0.4425 0.49333333333333335 0.441875 0.48666666666666664 0.4425 0.48083333333333333 0.445625 0.4741666666666666 0.4425 0.47000000000000003 0.4443750000000001 0.46333333333333326 0.441875 0.45999999999999996 0.44625000000000004 0.4508333333333333 0.446875 0.4458333333333333 0.4425 0.4425 0.4443750000000001 0.4383333333333333 0.44312500000000005 0.43583333333333335 0.445 0.42750000000000005 0.445 0.40750000000000003 0.440625 0.3975 0.4425 0.39416666666666667 0.445625 0.39 0.43937499999999996 0.38249999999999995 0.4425 0.38333333333333336 0.44625000000000004 0.375 0.44750000000000006 0.36416666666666664 0.4443750000000001 0.32416666666666666 0.446875 0.30833333333333335 0.44312500000000005 0.2975 0.446875 0.2891666666666667 0.446875 0.2841666666666667 0.4443750000000001 0.2683333333333333 0.4443750000000001 0.265 0.448125 0.2475 0.44625000000000004 0.22666666666666666 0.44750000000000006 0.22333333333333333 0.445 0.20666666666666664 0.445 0.2 0.44312500000000005 0.19333333333333333 0.445625 0.19749999999999998 0.45875000000000005 0.1925 0.49375
0 0.5758333333333333 0.8150000000000001 0.5775 0.81875 0.5816666666666667 0.8175000000000001 0.5766666666666667 0.815625 0.5716666666666667 0.8099999999999999 0.5675 0.8125 0.5675 0.8150000000000001 0.5758333333333333 0.8150000000000001
0 0.5158333333333334 0.8043750000000001 0.5125 0.803125 0.51 0.80375 0.5158333333333334 0.8043750000000001
0 0.5666666666666667 0.80375 0.5725 0.805 0.5733333333333334 0.8087500000000001 0.5775 0.81125 0.5808333333333333 0.806875 0.5808333333333333 0.8006249999999999 0.5741666666666666 0.8012500000000001 0.5708333333333333 0.80375 0.5666666666666667 0.80375
0 0.6458333333333333 0.64375 0.6491666666666667 0.64625 0.6541666666666667 0.644375 0.6508333333333333 0.640625 0.6366666666666666 0.6431250000000001 0.6366666666666666 0.645 0.6458333333333333 0.64375
0 0.2341666666666667 0.68125 0.2425 0.685625 0.2341666666666667 0.6900000000000001 0.23333333333333334 0.70125 0.23666666666666666 0.7050000000000001 0.2341666666666667 0.7075 0.23916666666666667 0.70625 0.24333333333333332 0.7175 0.23666666666666666 0.7275 0.2341666666666667 0.7256250000000001 0.22749999999999998 0.726875 0.24083333333333332 0.7306250000000001 0.24833333333333335 0.7306250000000001 0.2525 0.73375 0.2525 0.7375 0.24416666666666664 0.748125 0.23333333333333334 0.771875 0.2341666666666667 0.775625 0.24166666666666664 0.77875 0.275 0.78 0.2833333333333333 0.784375 0.29333333333333333 0.7862500000000001 0.29500000000000004 0.78125 0.3 0.77875 0.34833333333333333 0.778125 0.34833333333333333 0.784375 0.3433333333333333 0.786875 0.3466666666666667 0.789375 0.35583333333333333 0.789375 0.35666666666666663 0.7862500000000001 0.3591666666666667 0.7862500000000001 0.35416666666666663 0.7837500000000001 0.35333333333333333 0.779375 0.3591666666666667 0.7768750000000001 0.36333333333333334 0.78 0.37583333333333335 0.77875 0.38 0.780625 0.40166666666666667 0.780625 0.4041666666666667 0.7818750000000001 0.4041666666666667 0.7862500000000001 0.4095833333333333 0.785 0.4091666666666667 0.789375 0.41500000000000004 0.790625 0.41833333333333333 0.79 0.42000000000000004 0.785625 0.4258333333333333 0.784375 0.42416666666666664 0.79 0.4333333333333333 0.78125 0.4425 0.78125 0.465 0.784375 0.4758333333333333 0.794375 0.49083333333333334 0.79375 0.5008333333333332 0.785 0.5058333333333334 0.786875 0.5125 0.7818750000000001 0.5191666666666667 0.78125 0.5349999999999999 0.785 0.5358333333333334 0.79 0.5433333333333333 0.795625 0.5558333333333334 0.795 0.5666666666666667 0.785 0.585 0.785 0.5891666666666666 0.7875 0.605 0.7887500000000001 0.6058333333333333 0.796875 0.6091666666666666 0.7987500000000001 0.625 0.796875 0.6325000000000001 0.7887500000000001 0.6541666666666667 0.7887500000000001 0.6583333333333333 0.786875 0.6608333333333334 0.7825 0.6541666666666667 0.744375 0.6599999999999999 0.73375 0.6583333333333333 0.726875 0.6541666666666667 0.7237500000000001 0.655 0.713125 0.6516666666666666 0.7100000000000001 0.6541666666666667 0.695625 0.6641666666666667 0.685625 0.6608333333333334 0.655 0.6575 0.6518750000000001 0.6541666666666667 0.6525000000000001 0.65 0.6575 0.64 0.655 0.6341666666666667 0.64875 0.6158333333333333 0.64875 0.6091666666666666 0.645 0.6008333333333333 0.635 0.5658333333333333 0.634375 0.5608333333333333 0.6375 0.5575 0.6456250000000001 0.5533333333333333 0.64375 0.5349999999999999 0.6456250000000001 0.5316666666666666 0.6431250000000001 0.5291666666666667 0.635625 0.5225 0.633125 0.5183333333333333 0.63375 0.5016666666666667 0.6268750000000001 0.48166666666666663 0.6300000000000001 0.4791666666666667 0.6362500000000001 0.47333333333333333 0.638125 0.47000000000000003 0.6300000000000001 0.45916666666666667 0.62625 0.4116666666666666 0.62625 0.4041666666666667 0.6375 0.3983333333333333 0.633125 0.39916666666666667 0.6300000000000001 0.3908333333333333 0.6268750000000001 0.36583333333333334 0.624375 0.34833333333333333 0.6300000000000001 0.3416666666666667 0.635625 0.3416666666666667 0.639375 0.3383333333333333 0.6425000000000001 0.31666666666666665 0.64375 0.31166666666666665 0.64 0.31 0.63375 0.30333333333333334 0.6300000000000001 0.27416666666666667 0.629375 0.27166666666666667 0.6300000000000001 0.2658333333333333 0.6425000000000001 0.2575 0.640625 0.25083333333333335 0.645 0.2375 0.6431250000000001 0.22416666666666668 0.6581250000000001 0.21666666666666665 0.670625 0.21749999999999997 0.6787500000000001 0.2341666666666667 0.68125
0 0.459375 0.865625 0.00078125 0.00078125
0 0.47333333333333333 0.859375 0.47000000000000003 0.8575000000000002 0.4666666666666667 0.859375 0.47333333333333333 0.859375
0 0.5734375 0.85625 0.0015625 0.00078125
0 0.51 0.851875 0.5025000000000001 0.8512500000000001 0.5041666666666667 0.853125 0.51 0.851875
0 0.47265625 0.84765625 0.0015625 0.00234375
0 0.37583333333333335 0.8456250000000001 0.37333333333333335 0.844375 0.36916666666666664 0.8456250000000001 0.37583333333333335 0.8456250000000001
0 0.5625 0.8450000000000001 0.5641666666666667 0.8481250000000001 0.5683333333333334 0.8481250000000001 0.5675 0.8512500000000001 0.5725 0.8450000000000001 0.5716666666666667 0.8418750000000002 0.5775 0.8387500000000001 0.5866666666666667 0.840625 0.595 0.8487500000000001 0.5983333333333334 0.8456250000000001 0.5925 0.836875 0.5866666666666667 0.836875 0.5825 0.8393750000000001 0.5741666666666666 0.836875 0.5683333333333334 0.838125 0.5700000000000001 0.8418750000000002 0.5625 0.8450000000000001
0 0.36583333333333334 0.8425 0.3625 0.8356250000000001 0.3625 0.8400000000000001 0.36583333333333334 0.8425
0 0.31333333333333335 0.846875 0.315 0.8412499999999999 0.31 0.836875 0.3183333333333333 0.835 0.3091666666666667 0.834375 0.3075 0.8412499999999999 0.3 0.8375 0.30416666666666664 0.8450000000000001 0.31333333333333335 0.846875
0 0.5265625 0.7125 0.00078125 0.0015625
0 0.48166666666666663 0.7150000000000001 0.4841666666666667 0.713125 0.48 0.71125 0.47833333333333333 0.71375 0.48166666666666663 0.7150000000000001
0 0.5484375 0.70703125 0.003125 0.0015625
0 0.595 0.713125 0.5966666666666667 0.716875 0.6016666666666667 0.72 0.6041666666666667 0.7175 0.6058333333333333 0.72 0.6075 0.71375 0.6108333333333333 0.713125 0.6058333333333333 0.71125 0.6016666666666667 0.704375 0.5991666666666666 0.7056250000000001 0.6008333333333333 0.7100000000000001 0.595 0.713125
0 0.5816666666666667 0.7 0.5808333333333333 0.698125 0.5791666666666667 0.6993750000000001 0.5816666666666667 0.7
0 0.5016666666666667 0.6987500000000001 0.49416666666666664 0.6993750000000001 0.495 0.7037500000000001 0.5016666666666667 0.6987500000000001
0 0.5608333333333333 0.70625 0.5666666666666667 0.7100000000000001 0.5708333333333333 0.723125 0.5733333333333334 0.72 0.5700000000000001 0.71625 0.5725 0.7143750000000001 0.5716666666666667 0.7056250000000001 0.5691666666666666 0.703125 0.5708333333333333 0.6987500000000001 0.5675 0.695625 0.5666666666666667 0.7 0.5608333333333333 0.70625
0 0.5908333333333333 0.7025 0.5891666666666666 0.70625 0.5916666666666667 0.7075 0.5958333333333333 0.698125 0.595 0.695625 0.5900000000000001 0.69625 0.5875 0.6993750000000001 0.5908333333333333 0.7025
0 0.5191666666666667 0.69625 0.52 0.706875 0.5225 0.70875 0.5366666666666666 0.70875 0.5341666666666667 0.713125 0.5375 0.72 0.5425 0.71875 0.55 0.721875 0.5591666666666667 0.72 0.5575 0.711875 0.5491666666666666 0.7106250000000001 0.5433333333333333 0.71375 0.5383333333333333 0.711875 0.5375 0.7037500000000001 0.53 0.698125 0.5258333333333333 0.6893750000000001 0.5125 0.691875 0.5125 0.6943750000000001 0.5191666666666667 0.69625
0 0.2341666666666667 0.7050000000000001 0.23833333333333334 0.7037500000000001 0.24083333333333332 0.709375 0.25083333333333335 0.7075 0.255 0.703125 0.25916666666666666 0.704375 0.26416666666666666 0.6993750000000001 0.26416666666666666 0.69625 0.25833333333333336 0.69625 0.255 0.6987500000000001 0.24500000000000002 0.6881250000000001 0.2375 0.68875 0.23500000000000001 0.691875 0.23333333333333334 0.7025 0.2341666666666667 0.7050000000000001
0 0.38333333333333336 0.693125 0.3875 0.6900000000000001 0.38666666666666666 0.685 0.38416666666666666 0.685 0.3808333333333333 0.685625 0.38333333333333336 0.693125
0 0.2525 0.7362500000000001 0.23333333333333334 0.76875 0.23333333333333334 0.775625 0.24833333333333335 0.7831250000000001 0.24583333333333335 0.806875 0.24083333333333332 0.8175000000000001 0.24416666666666664 0.821875 0.2625 0.8237500000000001 0.27166666666666667 0.828125 0.2866666666666667 0.828125 0.2891666666666667 0.8262500000000002 0.2966666666666667 0.826875 0.30166666666666664 0.8237500000000001 0.3175 0.8231250000000001 0.32666666666666666 0.8306250000000001 0.3225 0.835 0.32416666666666666 0.8356250000000001 0.3258333333333333 0.8331250000000001 0.3308333333333333 0.8356250000000001 0.3308333333333333 0.83125 0.33416666666666667 0.82875 0.3433333333333333 0.8325000000000001 0.3591666666666667 0.8243750000000001 0.36583333333333334 0.8262500000000002 0.38249999999999995 0.821875 0.3933333333333333 0.8231250000000001 0.39499999999999996 0.8243750000000001 0.39 0.8275 0.40083333333333326 0.8325000000000001 0.41083333333333333 0.8293750000000001 0.4141666666666667 0.8237500000000001 0.4175 0.8318749999999999 0.42333333333333334 0.83625 0.42833333333333334 0.8481250000000001 0.4425 0.85625 0.445 0.8543750000000001 0.4508333333333333 0.8543750000000001 0.4625 0.846875 0.4683333333333334 0.8375 0.48166666666666663 0.83125 0.48166666666666663 0.8275 0.49749999999999994 0.8237500000000001 0.5216666666666667 0.8293750000000001 0.5283333333333333 0.82875 0.5341666666666667 0.83375 0.5408333333333333 0.834375 0.5466666666666666 0.8318749999999999 0.55 0.838125 0.5566666666666666 0.83375 0.5675 0.83125 0.5741666666666666 0.8331250000000001 0.5858333333333333 0.8318749999999999 0.6166666666666667 0.8400000000000001 0.6224999999999999 0.83625 0.65 0.835 0.6533333333333333 0.83125 0.6541666666666667 0.809375 0.6516666666666666 0.795625 0.6608333333333334 0.784375 0.6558333333333334 0.7425 0.6608333333333334 0.73375 0.6608333333333334 0.721875 0.6583333333333333 0.713125 0.6525 0.709375 0.6541666666666667 0.7025 0.6475 0.695625 0.6366666666666666 0.6987500000000001 0.6358333333333334 0.701875 0.6291666666666667 0.70625 0.6308333333333334 0.713125 0.6258333333333332 0.71625 0.6241666666666666 0.711875 0.6191666666666666 0.71125 0.615 0.713125 0.6191666666666666 0.71875 0.6125 0.724375 0.605 0.726875 0.605 0.73125 0.5991666666666666 0.73125 0.595 0.73375 0.5791666666666667 0.72875 0.5741666666666666 0.73125 0.5708333333333333 0.7275 0.5700000000000001 0.7350000000000001 0.5666666666666667 0.7350000000000001 0.5641666666666667 0.7306250000000001 0.5525 0.73125 0.55 0.72875 0.5283333333333333 0.72875 0.5258333333333333 0.731875 0.515 0.729375 0.5108333333333334 0.731875 0.5 0.726875 0.5008333333333332 0.71875 0.49333333333333335 0.7193750000000001 0.4925 0.7256250000000001 0.48583333333333334 0.7275 0.48166666666666663 0.724375 0.48083333333333333 0.71875 0.46333333333333326 0.7193750000000001 0.45916666666666667 0.7150000000000001 0.45583333333333337 0.72 0.4491666666666666 0.72 0.4458333333333333 0.724375 0.43916666666666665 0.7225 0.43499999999999994 0.7237500000000001 0.4258333333333333 0.7175 0.4208333333333333 0.718125 0.41833333333333333 0.71625 0.41833333333333333 0.71125 0.4141666666666667 0.709375 0.4166666666666667 0.706875 0.4258333333333333 0.70625 0.425 0.691875 0.4208333333333333 0.70125 0.4166666666666667 0.7037500000000001 0.40083333333333326 0.700625 0.4025 0.7075 0.3975 0.713125 0.385 0.711875 0.38583333333333336 0.7075 0.3908333333333333 0.706875 0.3908333333333333 0.6993750000000001 0.38333333333333336 0.696875 0.37666666666666665 0.700625 0.36583333333333334 0.6987500000000001 0.3591666666666667 0.7025 0.35583333333333333 0.70125 0.3525 0.706875 0.35083333333333333 0.70625 0.3525 0.713125 0.3458333333333333 0.718125 0.33999999999999997 0.71625 0.3404385964912281 0.7150986842105264 0.3308333333333333 0.7175 0.3275 0.715625 0.32416666666666666 0.7175 0.3183333333333333 0.711875 0.32416666666666666 0.70625 0.3183333333333333 0.685625 0.305 0.684375 0.29333333333333333 0.685 0.2808333333333333 0.701875 0.27666666666666667 0.7025 0.2725 0.6993750000000001 0.26749999999999996 0.6993750000000001 0.27 0.7025 0.26749999999999996 0.7056250000000001 0.2683333333333333 0.71375 0.26166666666666666 0.718125 0.255 0.718125 0.25083333333333335 0.715625 0.24083333333333332 0.718125 0.2308333333333333 0.71625 0.22666666666666666 0.72 0.22583333333333333 0.7275 0.22916666666666666 0.7306250000000001 0.2475 0.73125 0.2525 0.7362500000000001
0 0.355 0.578125 0.35416666666666663 0.5800000000000001 0.35785519125683063 0.5822131147540983 0.3591666666666667 0.5800000000000001 0.355 0.578125
0 0.35583333333333333 0.5856250000000001 0.35754504504504503 0.5827364864864866 0.35416666666666663 0.58375 0.35583333333333333 0.5856250000000001
0 0.19583333333333333 0.56875 0.19916666666666666 0.57125 0.225 0.570625 0.2341666666666667 0.5725 0.2341666666666667 0.578125 0.24166666666666664 0.588125 0.25083333333333335 0.5962500000000001 0.26166666666666666 0.5987500000000001 0.26916666666666667 0.5975 0.2791666666666667 0.5787500000000001 0.28250000000000003 0.5856250000000001 0.2925 0.5850000000000001 0.2966666666666667 0.5737500000000001 0.30416666666666664 0.5743750000000001 0.32166666666666666 0.5956250000000001 0.33166666666666667 0.5987500000000001 0.33916666666666667 0.5987500000000001 0.35 0.5825 0.35083333333333333 0.5743750000000001 0.35583333333333333 0.5725 0.37416666666666665 0.571875 0.3783333333333333 0.5743750000000001 0.38166666666666665 0.581875 0.39583333333333337 0.596875 0.4033333333333333 0.5987500000000001 0.4141666666666667 0.5975 0.425 0.5743750000000001 0.4325 0.5725 0.44833333333333336 0.5737500000000001 0.4583333333333333 0.5893750000000001 0.46749999999999997 0.5987500000000001 0.48250000000000004 0.599375 0.48666666666666664 0.5975 0.5016666666666667 0.571875 0.5083333333333333 0.576875 0.5108333333333334 0.575 0.5216666666666667 0.57625 0.5366666666666666 0.598125 0.5441666666666667 0.601875 0.5566666666666666 0.6025 0.5599999999999999 0.6006250000000001 0.5675 0.588125 0.5741666666666666 0.5825 0.5783333333333334 0.584375 0.5758333333333333 0.5787500000000001 0.5775 0.576875 0.5891666666666666 0.5787500000000001 0.5958333333333333 0.57625 0.6083333333333333 0.5987500000000001 0.6133333333333333 0.6025 0.6316666666666666 0.603125 0.6375 0.599375 0.6508333333333333 0.5825 0.6566666666666666 0.579375 0.6716666666666666 0.576875 0.6741666666666666 0.5675000000000001 0.6641666666666667 0.525625 0.6591666666666667 0.5206250000000001 0.6458333333333333 0.52 0.6366666666666666 0.52625 0.62 0.5275000000000001 0.6116666666666666 0.5231250000000001 0.6083333333333333 0.5175000000000001 0.585 0.5175000000000001 0.58 0.515 0.5700000000000001 0.514375 0.5625 0.5162500000000001 0.5599999999999999 0.521875 0.5558333333333334 0.524375 0.54 0.525 0.5341666666666667 0.5225000000000001 0.53 0.515 0.5233333333333333 0.5125 0.5008333333333332 0.510625 0.47000000000000003 0.5112500000000001 0.4575 0.508125 0.4458333333333333 0.50875 0.43499999999999994 0.5068750000000001 0.4175 0.5068750000000001 0.40083333333333326 0.5112500000000001 0.36083333333333334 0.5075000000000001 0.33416666666666667 0.513125 0.32416666666666666 0.5231250000000001 0.30333333333333334 0.5231250000000001 0.2966666666666667 0.515625 0.2966666666666667 0.5118750000000001 0.255 0.5112500000000001 0.25166666666666665 0.5125 0.2475 0.521875 0.23666666666666666 0.5231250000000001 0.23166666666666663 0.525625 0.19916666666666666 0.5575 0.19583333333333333 0.5625 0.19583333333333333 0.56875
0 0.40166666666666667 0.11812500000000001 0.4141666666666667 0.11937500000000001 0.41500000000000004 0.1125 0.4091666666666667 0.1125 0.40083333333333326 0.11625 0.40166666666666667 0.11812500000000001
0 0.37583333333333335 0.0925 0.40499999999999997 0.0925 0.4033333333333333 0.08812500000000001 0.3933333333333333 0.085625 0.38666666666666666 0.08 0.37333333333333335 0.07875000000000001 0.36583333333333334 0.074375 0.3466666666666667 0.081875 0.3441666666666666 0.085 0.37583333333333335 0.0925
0 0.265625 0.9328125 0.0015625 0.0015625
0 0.27 0.9112500000000001 0.265 0.925 0.2733333333333333 0.9275 0.2758333333333333 0.931875 0.28583333333333333 0.931875 0.29083333333333333 0.934375 0.3 0.9331250000000001 0.30666666666666664 0.938125 0.3125 0.9325000000000001 0.32416666666666666 0.936875 0.325 0.9325000000000001 0.32916666666666666 0.93 0.3383333333333333 0.93 0.3416666666666667 0.9331250000000001 0.345 0.93125 0.3516666666666667 0.9375 0.36333333333333334 0.9337500000000001 0.36583333333333334 0.936875 0.3725 0.930625 0.38 0.93625 0.3933333333333333 0.931875 0.3983333333333333 0.9325000000000001 0.4125 0.9412499999999999 0.41500000000000004 0.945625 0.4216666666666667 0.94625 0.44666666666666666 0.9450000000000001 0.45666666666666667 0.940625 0.4758333333333333 0.9493750000000001 0.4841666666666667 0.946875 0.4875 0.9493750000000001 0.48916666666666664 0.9481250000000001 0.49833333333333335 0.95 0.5008333333333332 0.9493750000000001 0.5008333333333332 0.9412499999999999 0.5133333333333333 0.9393750000000001 0.5216666666666667 0.94625 0.525 0.94375 0.5325 0.94375 0.5383333333333333 0.94625 0.5466666666666666 0.94625 0.55 0.95 0.5525 0.946875 0.5625 0.94625 0.5958333333333333 0.946875 0.6016666666666667 0.95 0.6066666666666667 0.945625 0.6083333333333333 0.9375 0.6133333333333333 0.9393750000000001 0.6191666666666666 0.930625 0.6266666666666667 0.93625 0.6308333333333334 0.93625 0.6308333333333334 0.928125 0.6408333333333334 0.9237500000000001 0.6475 0.915 0.6458333333333333 0.884375 0.64 0.8800000000000001 0.6341666666666667 0.8787499999999999 0.6191666666666666 0.878125 0.5983333333333334 0.88125 0.5916666666666667 0.8775000000000001 0.5783333333333334 0.875625 0.5425 0.8775000000000001 0.5258333333333333 0.875 0.515 0.875625 0.505 0.871875 0.4766666666666667 0.875 0.4525 0.8712500000000001 0.4166666666666667 0.8724999999999999 0.40750000000000003 0.869375 0.39666666666666667 0.871875 0.37666666666666665 0.869375 0.37 0.8724999999999999 0.355 0.8724999999999999 0.3491666666666667 0.8700000000000001 0.3358333333333333 0.86875 0.31083333333333335 0.86875 0.3 0.871875 0.2891666666666667 0.86875 0.2725 0.86875 0.2658333333333333 0.869375 0.26083333333333336 0.8724999999999999 0.25416666666666665 0.903125 0.27 0.9112500000000001
0 0.23666666666666666 0.775625 0.24416666666666664 0.7775000000000001 0.24833333333333335 0.77625 0.24416666666666664 0.77125 0.24 0.77 0.2375 0.764375 0.23500000000000001 0.771875 0.23666666666666666 0.775625
0 0.6541666666666667 0.75 0.6541666666666667 0.745 0.6516666666666666 0.745 0.6508333333333333 0.74875 0.6541666666666667 0.75
0 0.2425 0.76 0.2525 0.75625 0.2475 0.75375 0.2533333333333333 0.75125 0.25416666666666665 0.7475 0.25166666666666665 0.745 0.24833333333333335 0.748125 0.24083333333333332 0.75875 0.2425 0.76
0 0.6116666666666666 0.7412500000000001 0.6133333333333333 0.7368750000000001 0.62 0.740625 0.6191666666666666 0.7375 0.6125 0.7362500000000001 0.61 0.740625 0.6116666666666666 0.7412500000000001
0 0.24083333333333332 0.8137500000000001 0.24083333333333332 0.82125 0.24833333333333335 0.8243750000000001 0.26166666666666666 0.8256249999999999 0.265 0.828125 0.265 0.83125 0.25833333333333336 0.8356250000000001 0.255 0.8481250000000001 0.25166666666666665 0.8512500000000001 0.2525 0.8631249999999999 0.2658333333333333 0.8643750000000001 0.27166666666666667 0.8625 0.28250000000000003 0.865625 0.29 0.8643750000000001 0.2975 0.86625 0.30666666666666664 0.8625 0.31083333333333335 0.86625 0.33249999999999996 0.865 0.3625 0.8700000000000001 0.3675 0.869375 0.37333333333333335 0.865 0.39 0.868125 0.39416666666666667 0.865625 0.4 0.865625 0.4025 0.8675 0.4141666666666667 0.865625 0.4175 0.868125 0.43083333333333335 0.8668750000000001 0.43499999999999994 0.869375 0.43916666666666665 0.865625 0.44416666666666665 0.865625 0.44833333333333336 0.869375 0.48 0.8712500000000001 0.495 0.8700000000000001 0.495 0.865625 0.49749999999999994 0.8643750000000001 0.5033333333333333 0.8668750000000001 0.515 0.8637500000000001 0.5191666666666667 0.8706250000000001 0.5358333333333334 0.8706250000000001 0.5483333333333333 0.87375 0.5708333333333333 0.871875 0.5816666666666667 0.8643750000000001 0.5916666666666667 0.8731250000000002 0.595 0.8706250000000001 0.6016666666666667 0.8712500000000001 0.6058333333333333 0.86875 0.6125 0.8712500000000001 0.6158333333333333 0.875 0.63 0.8731250000000002 0.6383333333333333 0.8762500000000001 0.6466666666666667 0.8762500000000001 0.6466666666666667 0.874375 0.6416666666666667 0.8731250000000002 0.645 0.8700000000000001 0.6483333333333333 0.859375 0.6466666666666667 0.8450000000000001 0.6425 0.8425 0.6425 0.838125 0.6508333333333333 0.8356250000000001 0.6541666666666667 0.8318749999999999 0.6541666666666667 0.806875 0.6508333333333333 0.789375 0.6575 0.7831250000000001 0.6575 0.769375 0.655 0.7625 0.6508333333333333 0.759375 0.6541666666666667 0.7575000000000001 0.6491666666666667 0.759375 0.6466666666666667 0.758125 0.6466666666666667 0.753125 0.6433333333333333 0.759375 0.6383333333333333 0.7550000000000001 0.64 0.7506250000000001 0.6333333333333333 0.7418750000000001 0.63 0.745 0.6258333333333332 0.744375 0.6266666666666667 0.7506250000000001 0.6191666666666666 0.7525000000000001 0.6125 0.7475 0.6091666666666666 0.748125 0.6066666666666667 0.7462500000000001 0.6083333333333333 0.740625 0.5883333333333333 0.740625 0.585 0.73875 0.5591666666666667 0.7393750000000001 0.5566666666666666 0.7412500000000001 0.5508333333333333 0.73875 0.5491666666666666 0.740625 0.5466666666666666 0.738125 0.5508333333333333 0.734375 0.5491666666666666 0.73375 0.5391666666666667 0.735625 0.5391666666666667 0.7418750000000001 0.5333333333333333 0.74 0.525 0.7412500000000001 0.5225 0.738125 0.5116666666666666 0.7368750000000001 0.5016666666666667 0.731875 0.49833333333333335 0.735625 0.495 0.7325 0.49000000000000005 0.735625 0.4875 0.7306250000000001 0.4841666666666667 0.733125 0.475 0.73375 0.44333333333333336 0.728125 0.41833333333333333 0.7306250000000001 0.4116666666666666 0.7362500000000001 0.4041666666666667 0.7306250000000001 0.37666666666666665 0.728125 0.36333333333333334 0.731875 0.3275 0.73125 0.32416666666666666 0.733125 0.28250000000000003 0.7306250000000001 0.2816666666666666 0.7368750000000001 0.275 0.7412500000000001 0.26749999999999996 0.7412500000000001 0.265 0.744375 0.26416666666666666 0.74875 0.2683333333333333 0.75125 0.2633333333333333 0.754375 0.26166666666666666 0.765625 0.2558333333333333 0.76875 0.2658333333333333 0.775625 0.2658333333333333 0.77875 0.25166666666666665 0.780625 0.2475 0.7862500000000001 0.24583333333333335 0.805 0.24083333333333332 0.8137500000000001
0 0.6649999999999999 0.513125 0.6616666666666666 0.514375 0.6683333333333333 0.515 0.6649999999999999 0.513125
0 0.6515625 0.51171875 0.00078125 0.0015625
0 0.17666666666666667 0.441875 0.17833333333333332 0.448125 0.19333333333333333 0.45062500000000005 0.2 0.459375 0.19416666666666665 0.48562500000000003 0.19416666666666665 0.49812500000000004 0.2 0.50125 0.21666666666666665 0.5006250000000001 0.22416666666666668 0.503125 0.22833333333333333 0.496875 0.24666666666666667 0.4956250000000001 0.255 0.5 0.2758333333333333 0.499375 0.3058333333333333 0.5025000000000001 0.315 0.5025000000000001 0.32416666666666666 0.499375 0.33333333333333337 0.5018750000000001 0.3383333333333333 0.5 0.34249999999999997 0.5018750000000001 0.37583333333333335 0.5 0.38 0.504375 0.38333333333333336 0.504375 0.38583333333333336 0.5 0.3975 0.496875 0.4 0.5050000000000001 0.4025 0.505625 0.41083333333333333 0.50375 0.4141666666666667 0.5006250000000001 0.44666666666666666 0.5006250000000001 0.4533333333333333 0.496875 0.4616666666666666 0.4956250000000001 0.4658333333333333 0.49750000000000005 0.4658333333333333 0.5050000000000001 0.46749999999999997 0.503125 0.47000000000000003 0.505625 0.4791666666666667 0.5050000000000001 0.4833333333333333 0.50125 0.4875 0.503125 0.49749999999999994 0.50125 0.5325 0.5025000000000001 0.5458333333333333 0.505625 0.5566666666666666 0.504375 0.5675 0.5075000000000001 0.5758333333333333 0.50625 0.5808333333333333 0.508125 0.6125 0.508125 0.6174999999999999 0.50625 0.6233333333333333 0.50875 0.6383333333333333 0.51 0.6508333333333333 0.5068750000000001 0.6541666666666667 0.50875 0.6658333333333333 0.50875 0.6716666666666666 0.5050000000000001 0.6733333333333333 0.49750000000000005 0.6675 0.48125 0.6658333333333333 0.46187500000000004 0.6725 0.45437500000000003 0.6816666666666666 0.45062500000000005 0.6849999999999999 0.44375 0.675 0.4125 0.6641666666666667 0.40499999999999997 0.6575 0.39625000000000005 0.65 0.398125 0.6233333333333333 0.396875 0.6183333333333334 0.39437500000000003 0.6125 0.384375 0.6075 0.3825 0.575 0.381875 0.5641666666666667 0.396875 0.5391666666666667 0.3975 0.5283333333333333 0.38312500000000005 0.5016666666666667 0.378125 0.48083333333333333 0.38062500000000005 0.4766666666666667 0.38312500000000005 0.4708333333333333 0.38 0.46333333333333326 0.381875 0.4533333333333333 0.37750000000000006 0.4125 0.37625000000000003 0.39583333333333337 0.38 0.3933333333333333 0.3825 0.385 0.38 0.37916666666666665 0.381875 0.35833333333333334 0.375625 0.34833333333333333 0.37875000000000003 0.32333333333333336 0.381875 0.31416666666666665 0.396875 0.2891666666666667 0.396875 0.275 0.38 0.2475 0.38062500000000005 0.23833333333333334 0.38375000000000004 0.2308333333333333 0.4 0.22583333333333333 0.3975 0.215 0.3975 0.2058333333333333 0.39937500000000004 0.20249999999999999 0.403125 0.19083333333333333 0.433125 0.17666666666666667 0.441875
0 0.35546875 0.5828125 0.00078125 0.0046875
0 0.21416666666666667 0.5125 0.22416666666666668 0.5275000000000001 0.22333333333333333 0.5331250000000001 0.19583333333333333 0.56125 0.19666666666666666 0.5700000000000001 0.2125 0.5725 0.22416666666666668 0.570625 0.23916666666666667 0.5737500000000001 0.23666666666666666 0.581875 0.24083333333333332 0.588125 0.25083333333333335 0.5956250000000001 0.26083333333333336 0.598125 0.26666666666666666 0.598125 0.27166666666666667 0.595 0.2783333333333333 0.578125 0.2816666666666666 0.575625 0.2966666666666667 0.573125 0.3058333333333333 0.5743750000000001 0.30666666666666664 0.578125 0.32166666666666666 0.595 0.3383333333333333 0.598125 0.34249999999999997 0.5956250000000001 0.3491666666666667 0.5850000000000001 0.3491666666666667 0.5737500000000001 0.37416666666666665 0.571875 0.38 0.5743750000000001 0.37916666666666665 0.5775 0.39166666666666666 0.5943750000000001 0.4041666666666667 0.598125 0.41500000000000004 0.5956250000000001 0.4208333333333333 0.58875 0.4216666666666667 0.578125 0.42833333333333334 0.573125 0.44666666666666666 0.573125 0.45499999999999996 0.5775 0.4525 0.58125 0.4658333333333333 0.5975 0.4841666666666667 0.5987500000000001 0.5016666666666667 0.5737500000000001 0.5058333333333334 0.575625 0.5116666666666666 0.5743750000000001 0.5241666666666667 0.57625 0.5366666666666666 0.598125 0.5433333333333333 0.601875 0.5575 0.601875 0.575 0.5775 0.5841666666666667 0.57625 0.5974999999999999 0.578125 0.605 0.5856250000000001 0.6075 0.5956250000000001 0.6125 0.6012500000000001 0.6266666666666667 0.6025 0.6358333333333334 0.5987500000000001 0.6475 0.5825 0.6566666666666666 0.5787500000000001 0.6708333333333333 0.5775 0.6733333333333333 0.5725 0.6741666666666666 0.566875 0.6649999999999999 0.525625 0.6591666666666667 0.519375 0.6491666666666667 0.5175000000000001 0.6408333333333334 0.510625 0.6366666666666666 0.5125 0.6308333333333334 0.510625 0.6108333333333333 0.510625 0.605 0.513125 0.5983333333333334 0.510625 0.5783333333333334 0.5118750000000001 0.5716666666666667 0.50875 0.5708333333333333 0.5125 0.5583333333333333 0.5075000000000001 0.525 0.5068750000000001 0.5058333333333334 0.504375 0.48 0.505625 0.4766666666666667 0.508125 0.47000000000000003 0.505625 0.4666666666666667 0.5068750000000001 0.45999999999999996 0.5018750000000001 0.45999999999999996 0.499375 0.45583333333333337 0.5018750000000001 0.4341666666666667 0.50375 0.4116666666666666 0.503125 0.4025 0.509375 0.39499999999999996 0.50875 0.3883333333333333 0.5050000000000001 0.38333333333333336 0.5068750000000001 0.3725 0.50375 0.3516666666666667 0.505625 0.32416666666666666 0.5025000000000001 0.3125 0.504375 0.28250000000000003 0.504375 0.27166666666666667 0.5025000000000001 0.26666666666666666 0.504375 0.24666666666666667 0.503125 0.2425 0.5050000000000001 0.2125 0.50625 0.18916666666666665 0.503125 0.18916666666666665 0.508125 0.21416666666666667 0.5125
0 0.52265625 0.85234375 0.0015625 0.00078125
0 0.5108333333333334 0.851875 0.5066666666666666 0.8512500000000001 0.5016666666666667 0.8525 0.5108333333333334 0.851875
0 0.3875 0.8484375 0.0015625 0.00078125
0 0.52265625 0.84453125 0.00078125 0.00078125
0 0.390625 0.83828125 0.0015625 0.00078125
0 0.3796875 0.834375 0.00078125 0.0015625
0 0.49749999999999994 0.78 0.5 0.7775000000000001 0.5025000000000001 0.779375 0.5008333333333332 0.7768750000000001 0.4966666666666667 0.778125 0.495 0.779375 0.49749999999999994 0.78
0 0.3578125 0.77578125 0.00390625 0.00078125
0 0.34609375 0.77578125 0.0015625 0.00078125
0 0.48166666666666663 0.77875 0.48583333333333334 0.775625 0.48083333333333333 0.775 0.4791666666666667 0.77625 0.48166666666666663 0.77875
0 0.24 0.8137500000000001 0.24083333333333332 0.821875 0.24833333333333335 0.825 0.265 0.8262500000000002 0.27166666666666667 0.8306250000000001 0.2891666666666667 0.8306250000000001 0.3025 0.8450000000000001 0.31083333333333335 0.849375 0.32416666666666666 0.85 0.3375 0.835 0.34833333333333333 0.8331250000000001 0.355 0.83375 0.37 0.8487500000000001 0.37666666666666665 0.849375 0.3783333333333333 0.8481250000000001 0.37583333333333335 0.8450000000000001 0.3808333333333333 0.840625 0.37 0.838125 0.37416666666666665 0.83625 0.37333333333333335 0.83125 0.37666666666666665 0.828125 0.38249999999999995 0.8318749999999999 0.3908333333333333 0.8306250000000001 0.3933333333333333 0.8375 0.39666666666666667 0.8331250000000001 0.40166666666666667 0.8356250000000001 0.4116666666666666 0.8318749999999999 0.41916666666666663 0.8375 0.42416666666666664 0.8462500000000001 0.4416666666666667 0.86 0.4458333333333333 0.858125 0.4575 0.86 0.4658333333333333 0.8481250000000001 0.47000000000000003 0.8487500000000001 0.4716666666666667 0.8400000000000001 0.475 0.83625 0.4841666666666667 0.83375 0.4883333333333333 0.838125 0.49000000000000005 0.8331250000000001 0.4875 0.8300000000000001 0.49416666666666664 0.8318749999999999 0.4966666666666667 0.82875 0.5083333333333333 0.828125 0.5283333333333333 0.8325000000000001 0.5258333333333333 0.835 0.5291666666666667 0.8325000000000001 0.5349999999999999 0.838125 0.5508333333333333 0.8393750000000001 0.5616666666666666 0.836875 0.5633333333333332 0.8487500000000001 0.5675 0.85375 0.5725 0.8556250000000001 0.5741666666666666 0.8525 0.5875 0.8525 0.5916666666666667 0.8550000000000001 0.605 0.8393750000000001 0.6158333333333333 0.840625 0.63 0.83625 0.6483333333333333 0.83625 0.655 0.8306250000000001 0.6541666666666667 0.8043750000000001 0.6525 0.7931250000000001 0.65 0.790625 0.6266666666666667 0.789375 0.6158333333333333 0.785625 0.6 0.7887500000000001 0.5925 0.786875 0.5791666666666667 0.7775000000000001 0.575 0.77875 0.5741666666666666 0.7837500000000001 0.5641666666666667 0.7862500000000001 0.5233333333333333 0.7837500000000001 0.5216666666666667 0.7825 0.5258333333333333 0.779375 0.5383333333333333 0.779375 0.5233333333333333 0.7775000000000001 0.5175 0.7825 0.5091666666666667 0.7825 0.5083333333333333 0.78 0.5116666666666666 0.779375 0.5083333333333333 0.77875 0.5075000000000001 0.7837500000000001 0.49916666666666665 0.785 0.49000000000000005 0.7837500000000001 0.4841666666666667 0.780625 0.48083333333333333 0.7837500000000001 0.44749999999999995 0.7837500000000001 0.44000000000000006 0.7818750000000001 0.4341666666666667 0.7831250000000001 0.42750000000000005 0.779375 0.4291666666666667 0.775625 0.4216666666666667 0.775 0.4141666666666667 0.77125 0.41083333333333333 0.7725000000000001 0.4091666666666667 0.77875 0.4041666666666667 0.780625 0.33416666666666667 0.780625 0.3308333333333333 0.778125 0.30083333333333334 0.778125 0.29583333333333334 0.78 0.2891666666666667 0.7768750000000001 0.2791666666666667 0.77875 0.27416666666666667 0.7775000000000001 0.26666666666666666 0.780625 0.2533333333333333 0.780625 0.24583333333333335 0.785625 0.24500000000000002 0.80375 0.24 0.8137500000000001
0 0.5783333333333334 0.743125 0.5841666666666667 0.7412500000000001 0.58 0.740625 0.5775 0.7412500000000001 0.5783333333333334 0.743125
0 0.4541666666666667 0.7368750000000001 0.45499999999999996 0.73375 0.4458333333333333 0.733125 0.4458333333333333 0.738125 0.4541666666666667 0.7368750000000001
0 0.5741666666666666 0.8143750000000001 0.5708333333333333 0.8106250000000002 0.5675 0.8143750000000001 0.5741666666666666 0.8143750000000001
0 0.34750000000000003 0.806875 0.3441666666666666 0.805625 0.3458333333333333 0.8087500000000001 0.34750000000000003 0.806875
0 0.5775 0.805625 0.5783333333333334 0.803125 0.5741666666666666 0.8025 0.5741666666666666 0.805 0.5775 0.805625
0 0.23500000000000001 0.7775000000000001 0.24416666666666664 0.78 0.2758333333333333 0.780625 0.28250000000000003 0.7862500000000001 0.28583333333333333 0.784375 0.2925 0.785625 0.3 0.779375 0.33333333333333337 0.78 0.34249999999999997 0.7881250000000001 0.35666666666666663 0.789375 0.3591666666666667 0.786875 0.35666666666666663 0.7825 0.3591666666666667 0.780625 0.37666666666666665 0.78 0.38333333333333336 0.7825 0.40083333333333326 0.78125 0.4041666666666667 0.7875 0.4175 0.79125 0.42666666666666664 0.7887500000000001 0.42833333333333334 0.7818750000000001 0.4375 0.7837500000000001 0.44333333333333336 0.7818750000000001 0.4625 0.785 0.4758333333333333 0.794375 0.49083333333333334 0.794375 0.5016666666666667 0.785 0.5075000000000001 0.7875 0.5116666666666666 0.7831250000000001 0.5183333333333333 0.7825 0.53 0.784375 0.5433333333333333 0.796875 0.5575 0.795625 0.5658333333333333 0.786875 0.5716666666666667 0.785625 0.5958333333333333 0.7887500000000001 0.6025 0.796875 0.6133333333333333 0.7987500000000001 0.6266666666666667 0.79625 0.6333333333333333 0.789375 0.6541666666666667 0.79 0.6608333333333334 0.785 0.6566666666666666 0.746875 0.6533333333333333 0.7425 0.6341666666666667 0.7418750000000001 0.63 0.745 0.6158333333333333 0.7475 0.5983333333333334 0.73875 0.5666666666666667 0.7368750000000001 0.5566666666666666 0.74375 0.5433333333333333 0.7456250000000001 0.5291666666666667 0.7362500000000001 0.5141666666666667 0.7350000000000001 0.49916666666666665 0.729375 0.49000000000000005 0.729375 0.4791666666666667 0.7325 0.445 0.729375 0.4216666666666667 0.729375 0.41083333333333333 0.731875 0.38666666666666666 0.7262500000000001 0.38416666666666666 0.728125 0.3525 0.733125 0.345 0.73875 0.3416666666666667 0.735625 0.33166666666666667 0.740625 0.32666666666666666 0.738125 0.3258333333333333 0.734375 0.32083333333333336 0.7325 0.3 0.7300000000000001 0.2891666666666667 0.7306250000000001 0.2833333333333333 0.7325 0.2758333333333333 0.7393750000000001 0.25166666666666665 0.7375 0.23666666666666666 0.7612500000000001 0.23333333333333334 0.769375 0.23500000000000001 0.7775000000000001
0 0.5558333333333334 0.9956250000000001 0.5658333333333333 0.9950000000000001 0.5641666666666667 0.993125 0.5608333333333333 0.9950000000000001 0.5575 0.9925 0.5549999999999999 0.993125 0.5533333333333333 0.9943750000000001 0.5558333333333334 0.9956250000000001
0 0.43666666666666665 0.9950000000000001 0.43916666666666665 0.993125 0.4408333333333333 0.9956250000000001 0.44333333333333336 0.993125 0.4458333333333333 0.9956250000000001 0.44749999999999995 0.993125 0.45583333333333337 0.9962500000000001 0.4575 0.9943750000000001 0.43666666666666665 0.9912500000000002 0.43499999999999994 0.9887500000000001 0.43083333333333335 0.9912500000000002 0.43083333333333335 0.9950000000000001 0.43666666666666665 0.9950000000000001
0 0.3783333333333333 0.9912500000000002 0.37583333333333335 0.9868750000000001 0.37666666666666665 0.9925 0.3783333333333333 0.9912500000000002
0 0.2725 0.9775 0.2866666666666667 0.9775 0.29583333333333334 0.98125 0.31666666666666665 0.98125 0.3275 0.978125 0.34833333333333333 0.9793750000000001 0.355 0.9862500000000001 0.355 0.984375 0.37333333333333335 0.9850000000000001 0.37666666666666665 0.9825000000000002 0.39416666666666667 0.98125 0.4 0.984375 0.40083333333333326 0.9875 0.4025 0.9850000000000001 0.40499999999999997 0.9862500000000001 0.4066666666666666 0.993125 0.4216666666666667 0.98125 0.4341666666666667 0.984375 0.4525 0.983125 0.4575 0.9868750000000001 0.46333333333333326 0.983125 0.465 0.9893750000000001 0.4625 0.9950000000000001 0.4708333333333333 0.9950000000000001 0.47833333333333333 0.9875 0.4841666666666667 0.9887500000000001 0.48583333333333334 0.984375 0.49083333333333334 0.98125 0.5191666666666667 0.9881250000000001 0.5358333333333334 0.9868750000000001 0.5383333333333333 0.983125 0.5466666666666666 0.983125 0.55 0.9875 0.5516666666666666 0.984375 0.5575 0.983125 0.5599999999999999 0.9887500000000001 0.585 0.9887500000000001 0.595 0.9962500000000001 0.6066666666666667 0.9956250000000001 0.615 0.9975000000000002 0.63 0.99375 0.6333333333333333 0.9893750000000001 0.6366666666666666 0.9912500000000002 0.64 0.9887500000000001 0.64 0.9625 0.6358333333333334 0.95875 0.605 0.95375 0.5925 0.95625 0.5741666666666666 0.951875 0.5599999999999999 0.95375 0.5508333333333333 0.9487500000000001 0.545 0.9543750000000001 0.5308333333333334 0.9543750000000001 0.5191666666666667 0.95 0.515 0.94375 0.5091666666666667 0.944375 0.49833333333333335 0.953125 0.4833333333333333 0.9506249999999999 0.4666666666666667 0.9506249999999999 0.45666666666666667 0.9475 0.43666666666666665 0.95 0.41083333333333333 0.9493750000000001 0.4058333333333334 0.94625 0.4041666666666667 0.9412499999999999 0.3783333333333333 0.9481250000000001 0.3591666666666667 0.94625 0.35083333333333333 0.9481250000000001 0.305 0.94375 0.28250000000000003 0.94375 0.275 0.945625 0.2733333333333333 0.9487500000000001 0.26916666666666667 0.975 0.2725 0.9775
0 0.4491666666666666 0.75875 0.44833333333333336 0.7568750000000001 0.43916666666666665 0.758125 0.4491666666666666 0.75875
0 0.5183333333333333 0.75125 0.5191666666666667 0.7475 0.515 0.7475 0.5183333333333333 0.75125
0 0.3575 0.7418750000000001 0.355 0.74 0.355 0.744375 0.3575 0.7418750000000001
0 0.5216666666666667 0.7412500000000001 0.5233333333333333 0.7375 0.5116666666666666 0.7375 0.5216666666666667 0.7412500000000001
0 0.48083333333333333 0.7375 0.4875 0.734375 0.48583333333333334 0.73375 0.4883333333333333 0.7306250000000001 0.4758333333333333 0.7350000000000001 0.4708333333333333 0.73375 0.4691666666666666 0.734375 0.48083333333333333 0.7375
0 0.2475 0.7825 0.24583333333333335 0.803125 0.24083333333333332 0.8200000000000001 0.24833333333333335 0.8243750000000001 0.265 0.825 0.27083333333333337 0.82875 0.29166666666666663 0.82875 0.29333333333333333 0.83125 0.2975 0.8300000000000001 0.3025 0.83375 0.29833333333333334 0.8375 0.3 0.8418750000000002 0.3058333333333333 0.8456250000000001 0.3125 0.844375 0.3183333333333333 0.8375 0.3308333333333333 0.83625 0.33416666666666667 0.8300000000000001 0.33999999999999997 0.8331250000000001 0.35583333333333333 0.83125 0.38666666666666666 0.821875 0.39416666666666667 0.8237500000000001 0.39499999999999996 0.828125 0.40083333333333326 0.82875 0.40499999999999997 0.825 0.4083333333333333 0.828125 0.4141666666666667 0.82875 0.42666666666666664 0.8456250000000001 0.4416666666666667 0.8568749999999999 0.4458333333333333 0.8550000000000001 0.45583333333333337 0.8556250000000001 0.4708333333333333 0.836875 0.48083333333333333 0.8325000000000001 0.4841666666666667 0.8275 0.49083333333333334 0.8256249999999999 0.5283333333333333 0.8300000000000001 0.5333333333333333 0.835 0.5483333333333333 0.838125 0.5666666666666667 0.83125 0.5858333333333333 0.8325000000000001 0.5983333333333334 0.836875 0.6125 0.838125 0.6266666666666667 0.8356250000000001 0.6508333333333333 0.835 0.6541666666666667 0.83125 0.6525 0.7931250000000001 0.6558333333333334 0.789375 0.655 0.7862500000000001 0.6608333333333334 0.7831250000000001 0.6558333333333334 0.7625 0.6566666666666666 0.7475 0.6541666666666667 0.744375 0.6458333333333333 0.744375 0.6433333333333333 0.74875 0.6366666666666666 0.746875 0.625 0.7518750000000001 0.6174999999999999 0.7518750000000001 0.6075 0.75 0.5966666666666667 0.74 0.5633333333333332 0.74 0.5566666666666666 0.7475 0.5391666666666667 0.748125 0.5316666666666666 0.759375 0.5183333333333333 0.7681250000000001 0.5041666666666667 0.766875 0.495 0.7625 0.4966666666666667 0.75625 0.5066666666666666 0.7475 0.5033333333333333 0.7462500000000001 0.4966666666666667 0.75 0.4875 0.743125 0.485 0.74375 0.4883333333333333 0.75 0.48666666666666664 0.7550000000000001 0.48 0.749375 0.47750000000000004 0.7525000000000001 0.47333333333333333 0.7518750000000001 0.46333333333333326 0.758125 0.45916666666666667 0.758125 0.45166666666666666 0.748125 0.45166666666666666 0.744375 0.465 0.734375 0.45916666666666667 0.731875 0.4375 0.7325 0.425 0.7300000000000001 0.4175 0.7306250000000001 0.41500000000000004 0.73375 0.41083333333333333 0.734375 0.40083333333333326 0.7300000000000001 0.3725 0.7306250000000001 0.3616666666666667 0.733125 0.36083333333333334 0.735625 0.35583333333333333 0.734375 0.36583333333333334 0.740625 0.3591666666666667 0.74875 0.35583333333333333 0.74875 0.35416666666666663 0.7456250000000001 0.3441666666666666 0.74375 0.32666666666666666 0.743125 0.32416666666666666 0.7375 0.3183333333333333 0.73375 0.29 0.7325 0.2833333333333333 0.734375 0.2841666666666667 0.7425 0.2816666666666666 0.74375 0.27166666666666667 0.7412500000000001 0.26166666666666666 0.74375 0.25166666666666665 0.743125 0.24666666666666667 0.7475 0.2341666666666667 0.769375 0.23583333333333334 0.7775000000000001 0.2475 0.7825
0 0.24 0.7731250000000001 0.24583333333333335 0.775625 0.23916666666666667 0.77125 0.2375 0.765625 0.2375 0.775625 0.24 0.7731250000000001
0 0.37333333333333335 0.7706250000000001 0.38 0.769375 0.37583333333333335 0.76375 0.3725 0.765 0.37333333333333335 0.7706250000000001
0 0.6575 0.7725000000000001 0.6541666666666667 0.7706250000000001 0.6541666666666667 0.763125 0.6508333333333333 0.76375 0.6541666666666667 0.775 0.6575 0.7725000000000001
0 0.5216666666666667 0.76875 0.5225 0.77125 0.5308333333333334 0.76375 0.53 0.7612500000000001 0.5333333333333333 0.7618750000000001 0.5325 0.759375 0.5283333333333333 0.7618750000000001 0.5283333333333333 0.764375 0.5216666666666667 0.76875
0 0.2725 0.758125 0.26666666666666666 0.7575000000000001 0.265 0.7618750000000001 0.2725 0.758125
0 0.5391666666666667 0.75375 0.5341666666666667 0.7575000000000001 0.5383333333333333 0.76 0.545 0.7575000000000001 0.5549999999999999 0.758125 0.5533333333333333 0.75375 0.55 0.75375 0.5491666666666666 0.75625 0.5433333333333333 0.75625 0.5433333333333333 0.7506250000000001 0.5408333333333333 0.75375 0.5375 0.749375 0.5349999999999999 0.749375 0.5341666666666667 0.7518750000000001 0.5391666666666667 0.75375
0 0.4875 0.74453125 0.0015625 0.00078125
0 0.6258333333333332 0.745 0.6308333333333334 0.74875 0.6341666666666667 0.7475 0.63 0.7456250000000001 0.6308333333333334 0.743125 0.6341666666666667 0.74375 0.6333333333333333 0.7425 0.6258333333333332 0.7425 0.6258333333333332 0.745
0 0.5349999999999999 0.740625 0.5325 0.74 0.5341666666666667 0.7425 0.5349999999999999 0.740625
0 0.27166666666666667 0.74875 0.27416666666666667 0.7412500000000001 0.2725 0.7393750000000001 0.26916666666666667 0.7412500000000001 0.2683333333333333 0.7475 0.27166666666666667 0.74875
0 0.49916666666666665 0.7475 0.5 0.753125 0.49416666666666664 0.7518750000000001 0.49416666666666664 0.7575000000000001 0.5016666666666667 0.753125 0.5083333333333333 0.75875 0.5116666666666666 0.7525000000000001 0.5158333333333334 0.7525000000000001 0.5225 0.75625 0.5241666666666667 0.75 0.5191666666666667 0.745 0.5233333333333333 0.7412500000000001 0.5225 0.7393750000000001 0.5116666666666666 0.7375 0.5033333333333333 0.740625 0.49749999999999994 0.7393750000000001 0.495 0.7362500000000001 0.4916666666666667 0.73875 0.49083333333333334 0.7412500000000001 0.49916666666666665 0.7475
0 0.27666666666666667 0.734375 0.27416666666666667 0.733125 0.2725 0.734375 0.27666666666666667 0.734375
0 0.24 0.8200000000000001 0.24416666666666664 0.8237500000000001 0.2625 0.8275 0.255 0.8387500000000001 0.24916666666666668 0.858125 0.25 0.8625 0.255 0.865 0.2891666666666667 0.865 0.2925 0.8668750000000001 0.33166666666666667 0.865625 0.36416666666666664 0.8706250000000001 0.375 0.8668750000000001 0.39 0.86875 0.41500000000000004 0.8675 0.4175 0.869375 0.425 0.868125 0.4341666666666667 0.8700000000000001 0.4458333333333333 0.86875 0.48083333333333333 0.871875 0.515 0.868125 0.5166666666666667 0.8712500000000001 0.5208333333333333 0.8724999999999999 0.5325 0.871875 0.5483333333333333 0.874375 0.5708333333333333 0.8731250000000002 0.5816666666666667 0.8668750000000001 0.5908333333333333 0.874375 0.6083333333333333 0.8724999999999999 0.6133333333333333 0.8762500000000001 0.6266666666666667 0.874375 0.6391666666666667 0.8768750000000001 0.6475 0.8762500000000001 0.65 0.8618750000000001 0.6475 0.838125 0.6533333333333333 0.8331250000000001 0.655 0.828125 0.6525 0.791875 0.6508333333333333 0.79 0.6425 0.790625 0.6208333333333333 0.7862500000000001 0.6241666666666666 0.78125 0.6266666666666667 0.78125 0.6275000000000001 0.7731250000000001 0.6224999999999999 0.77125 0.63 0.765625 0.63 0.7618750000000001 0.6224999999999999 0.75375 0.6174999999999999 0.753125 0.6125 0.748125 0.6058333333333333 0.748125 0.6058333333333333 0.744375 0.6091666666666666 0.7412500000000001 0.6125 0.743125 0.6233333333333333 0.7412500000000001 0.6191666666666666 0.7368750000000001 0.6141666666666666 0.735625 0.6033333333333333 0.740625 0.5883333333333333 0.7412500000000001 0.5791666666666667 0.73875 0.5566666666666666 0.740625 0.5516666666666666 0.7375 0.5525 0.734375 0.54 0.73375 0.5366666666666666 0.7368750000000001 0.5366666666666666 0.7412500000000001 0.5416666666666667 0.74375 0.5425 0.746875 0.5566666666666666 0.7475 0.5583333333333333 0.749375 0.5616666666666666 0.7568750000000001 0.5599999999999999 0.7625 0.5641666666666667 0.765 0.5625 0.7706250000000001 0.5599999999999999 0.7731250000000001 0.5566666666666666 0.77 0.5549999999999999 0.7731250000000001 0.5458333333333333 0.77375 0.5425 0.771875 0.5433333333333333 0.765 0.54 0.76375 0.5358333333333334 0.76875 0.5358333333333334 0.77375 0.5258333333333333 0.775625 0.5216666666666667 0.7731250000000001 0.5191666666666667 0.77875 0.515 0.78 0.5108333333333334 0.77625 0.5008333333333332 0.7725000000000001 0.5025000000000001 0.76875 0.49749999999999994 0.765 0.4925 0.76875 0.4966666666666667 0.771875 0.49333333333333335 0.774375 0.48666666666666664 0.77 0.47833333333333333 0.7706250000000001 0.4741666666666666 0.76875 0.4766666666666667 0.7618750000000001 0.475 0.753125 0.4716666666666667 0.75125 0.47333333333333333 0.748125 0.4691666666666666 0.74875 0.4691666666666666 0.743125 0.485 0.743125 0.485 0.733125 0.46333333333333326 0.7325 0.4458333333333333 0.7275 0.42833333333333334 0.728125 0.41916666666666663 0.7306250000000001 0.41500000000000004 0.734375 0.4175 0.7375 0.41083333333333333 0.73875 0.4083333333333333 0.7325 0.4041666666666667 0.7306250000000001 0.37666666666666665 0.7275 0.365 0.73125 0.3416666666666667 0.7300000000000001 0.3275 0.7306250000000001 0.32083333333333336 0.733125 0.30166666666666664 0.7325 0.3 0.729375 0.2975 0.7325 0.2925 0.7325 0.28250000000000003 0.729375 0.2816666666666666 0.7362500000000001 0.29083333333333333 0.735625 0.30166666666666664 0.740625 0.3 0.743125 0.29416666666666663 0.74375 0.29583333333333334 0.75125 0.3 0.754375 0.2925 0.7681250000000001 0.2891666666666667 0.7675000000000001 0.2808333333333333 0.7725000000000001 0.2758333333333333 0.7725000000000001 0.265 0.7675000000000001 0.2625 0.77125 0.26749999999999996 0.778125 0.265 0.78 0.25083333333333335 0.780625 0.2475 0.784375 0.24583333333333335 0.803125 0.24 0.8200000000000001
0 0.16499999999999998 0.37750000000000006 0.16833333333333333 0.38062500000000005 0.1925 0.38125 0.205 0.39375 0.21083333333333334 0.395625 0.2308333333333333 0.395 0.24 0.38 0.25833333333333336 0.376875 0.2758333333333333 0.37750000000000006 0.2891666666666667 0.39375 0.31416666666666665 0.395 0.3175 0.381875 0.32083333333333336 0.37875000000000003 0.33999999999999997 0.37750000000000006 0.3466666666666667 0.371875 0.35833333333333334 0.37 0.3625 0.37 0.36666666666666664 0.374375 0.375 0.37750000000000006 0.3975 0.37750000000000006 0.41500000000000004 0.371875 0.43583333333333335 0.371875 0.4416666666666667 0.374375 0.4525 0.375 0.45583333333333337 0.37312500000000004 0.4625 0.376875 0.48 0.37750000000000006 0.4875 0.37750000000000006 0.5008333333333332 0.37312500000000004 0.5083333333333333 0.378125 0.5275000000000001 0.38062500000000005 0.5358333333333334 0.39375 0.5391666666666667 0.395 0.5625 0.39375 0.5733333333333334 0.379375 0.5933333333333334 0.37875000000000003 0.6116666666666666 0.38125 0.6216666666666667 0.39437500000000003 0.6491666666666667 0.39437500000000003 0.6599999999999999 0.3825 0.6858333333333333 0.38062500000000005 0.6891666666666667 0.376875 0.6891666666666667 0.369375 0.6816666666666666 0.34875 0.6799999999999999 0.32062500000000005 0.6758333333333333 0.31375000000000003 0.6808333333333334 0.31062500000000004 0.6791666666666667 0.3075 0.6725 0.30625 0.6608333333333334 0.30812500000000004 0.6541666666666667 0.30500000000000005 0.6416666666666667 0.304375 0.6116666666666666 0.306875 0.6058333333333333 0.30562500000000004 0.5983333333333334 0.29812500000000003 0.5833333333333333 0.3 0.5741666666666666 0.306875 0.5641666666666667 0.30375 0.5308333333333334 0.304375 0.5258333333333333 0.30250000000000005 0.5041666666666667 0.30250000000000005 0.49083333333333334 0.30812500000000004 0.48083333333333333 0.30375 0.4533333333333333 0.30375 0.445 0.30562500000000004 0.4291666666666667 0.315625 0.4216666666666667 0.31375000000000003 0.42833333333333334 0.31062500000000004 0.4258333333333333 0.30875 0.4141666666666667 0.309375 0.4133333333333333 0.3125 0.41583333333333333 0.31375000000000003 0.4116666666666666 0.314375 0.41 0.31062500000000004 0.40166666666666667 0.30500000000000005 0.37916666666666665 0.303125 0.3458333333333333 0.30625 0.33249999999999996 0.30500000000000005 0.32416666666666666 0.3075 0.3158333333333333 0.304375 0.29166666666666663 0.30250000000000005 0.27416666666666667 0.30625 0.26749999999999996 0.31062500000000004 0.27 0.31375000000000003 0.2625 0.3175 0.25666666666666665 0.31375000000000003 0.25833333333333336 0.31 0.2525 0.31062500000000004 0.2525 0.31375000000000003 0.24500000000000002 0.31625000000000003 0.23583333333333334 0.30562500000000004 0.205 0.306875 0.19749999999999998 0.31062500000000004 0.2 0.31375000000000003 0.19749999999999998 0.315625 0.1775 0.323125 0.175 0.33 0.1725 0.369375 0.16499999999999998 0.37750000000000006
0 0.4791666666666667 0.79 0.48166666666666663 0.7931250000000001 0.49083333333333334 0.789375 0.4841666666666667 0.785 0.48250000000000004 0.7887500000000001 0.4791666666666667 0.79
0 0.2525 0.7175 0.25083333333333335 0.7150000000000001 0.25 0.716875 0.2525 0.7175
0 0.24 0.6975 0.2475 0.703125 0.24500000000000002 0.70625 0.25083333333333335 0.709375 0.25166666666666665 0.7056250000000001 0.24500000000000002 0.698125 0.24583333333333335 0.691875 0.24 0.690625 0.2375 0.6925000000000001 0.24 0.6975
0 0.22000000000000003 0.680625 0.23166666666666663 0.68125 0.24166666666666664 0.684375 0.24833333333333335 0.6831250000000001 0.2558333333333333 0.69375 0.27083333333333337 0.703125 0.26749999999999996 0.706875 0.2808333333333333 0.713125 0.26916666666666667 0.7175 0.265 0.715625 0.26 0.72 0.25916666666666666 0.724375 0.24416666666666664 0.724375 0.24 0.726875 0.24333333333333332 0.7300000000000001 0.24916666666666668 0.7306250000000001 0.255 0.7375 0.2475 0.745 0.2375 0.76375 0.23583333333333334 0.7706250000000001 0.2375 0.775625 0.24083333333333332 0.7768750000000001 0.25166666666666665 0.77875 0.275 0.7775000000000001 0.2833333333333333 0.779375 0.30166666666666664 0.7768750000000001 0.33666666666666667 0.7768750000000001 0.36 0.774375 0.36583333333333334 0.7775000000000001 0.4041666666666667 0.78 0.4175 0.771875 0.4383333333333333 0.780625 0.48 0.7825 0.485 0.78125 0.4875 0.7837500000000001 0.49000000000000005 0.780625 0.49416666666666664 0.78 0.5291666666666667 0.77875 0.5391666666666667 0.784375 0.5533333333333333 0.7862500000000001 0.5666666666666667 0.7818750000000001 0.5883333333333333 0.7818750000000001 0.5941666666666666 0.7862500000000001 0.62 0.7881250000000001 0.6224999999999999 0.79 0.6224999999999999 0.795 0.625 0.7887500000000001 0.6541666666666667 0.7875 0.6583333333333333 0.785 0.6575 0.7625 0.6533333333333333 0.7518750000000001 0.6541666666666667 0.746875 0.6508333333333333 0.744375 0.6575 0.73875 0.6591666666666667 0.7325 0.6541666666666667 0.7237500000000001 0.6558333333333334 0.7193750000000001 0.6508333333333333 0.709375 0.655 0.6950000000000001 0.6641666666666667 0.68625 0.6608333333333334 0.659375 0.6575 0.6568750000000001 0.6525 0.6587500000000001 0.6508333333333333 0.6575 0.6433333333333333 0.665625 0.6408333333333334 0.6637500000000001 0.6366666666666666 0.664375 0.6333333333333333 0.6612500000000001 0.6333333333333333 0.6587500000000001 0.6366666666666666 0.6575 0.6341666666666667 0.6568750000000001 0.6366666666666666 0.654375 0.6341666666666667 0.650625 0.6208333333333333 0.6481250000000001 0.6158333333333333 0.65 0.6083333333333333 0.646875 0.6008333333333333 0.635625 0.5675 0.634375 0.5616666666666666 0.6375 0.5608333333333333 0.6412500000000001 0.5633333333333332 0.64375 0.5558333333333334 0.64875 0.5391666666666667 0.64625 0.5275000000000001 0.6518750000000001 0.5225 0.6481250000000001 0.5233333333333333 0.64375 0.52 0.640625 0.5233333333333333 0.635625 0.5033333333333333 0.6275000000000001 0.4833333333333333 0.6300000000000001 0.48 0.6368750000000001 0.4741666666666666 0.63875 0.4708333333333333 0.6362500000000001 0.47000000000000003 0.630625 0.45916666666666667 0.6268750000000001 0.4125 0.62625 0.4041666666666667 0.6375 0.3908333333333333 0.6268750000000001 0.36583333333333334 0.624375 0.35333333333333333 0.629375 0.3525 0.634375 0.3441666666666666 0.6362500000000001 0.3416666666666667 0.6456250000000001 0.33666666666666667 0.64375 0.32333333333333336 0.64375 0.32083333333333336 0.646875 0.31416666666666665 0.64375 0.31 0.646875 0.30166666666666664 0.64375 0.2991666666666667 0.641875 0.29833333333333334 0.6300000000000001 0.2966666666666667 0.635 0.29083333333333333 0.629375 0.2758333333333333 0.629375 0.2725 0.6300000000000001 0.26916666666666667 0.6368750000000001 0.2733333333333333 0.6425000000000001 0.2725 0.650625 0.26916666666666667 0.64625 0.2625 0.64375 0.2575 0.6431250000000001 0.25083333333333335 0.64625 0.23916666666666667 0.6431250000000001 0.22666666666666666 0.655 0.21666666666666665 0.670625 0.21583333333333332 0.67625 0.22000000000000003 0.680625
0 0.3575 0.084375 0.37 0.084375 0.36916666666666664 0.08125 0.3591666666666667 0.08 0.35666666666666663 0.08125 0.3575 0.084375
0 0.21833333333333332 0.21187499999999998 0.22333333333333333 0.22312500000000002 0.22583333333333333 0.22125 0.2375 0.221875 0.25 0.21937500000000001 0.255 0.22125 0.26916666666666667 0.21812499999999999 0.27666666666666667 0.221875 0.28250000000000003 0.21625 0.28833333333333333 0.215625 0.30416666666666664 0.215625 0.315 0.22000000000000003 0.33249999999999996 0.22000000000000003 0.345 0.216875 0.3975 0.21750000000000003 0.4 0.21437500000000004 0.4133333333333333 0.21812499999999999 0.4425 0.21625 0.45999999999999996 0.21750000000000003 0.4683333333333334 0.213125 0.475 0.213125 0.48250000000000004 0.21625 0.49833333333333335 0.21375000000000002 0.5041666666666667 0.216875 0.5291666666666667 0.21750000000000003 0.54 0.21375000000000002 0.5566666666666666 0.215625 0.5708333333333333 0.21187499999999998 0.6058333333333333 0.215 0.6283333333333333 0.213125 0.6541666666666667 0.21375000000000002 0.6616666666666666 0.21625 0.6708333333333333 0.22375000000000003 0.6958333333333333 0.224375 0.6991666666666666 0.22312500000000002 0.7 0.216875 0.6941666666666666 0.20750000000000002 0.6891666666666667 0.19 0.6883333333333332 0.16125 0.6958333333333333 0.14125000000000001 0.7058333333333333 0.135 0.7066666666666667 0.12875 0.6875 0.12437500000000001 0.6683333333333333 0.078125 0.6608333333333334 0.07062500000000001 0.6441666666666667 0.07062500000000001 0.6308333333333334 0.08125 0.6183333333333334 0.10687500000000001 0.6158333333333333 0.10875000000000001 0.6025 0.10875000000000001 0.5958333333333333 0.115625 0.5900000000000001 0.11500000000000002 0.5833333333333333 0.11000000000000001 0.5708333333333333 0.081875 0.5633333333333332 0.07062500000000001 0.5516666666666666 0.069375 0.5425 0.07125000000000001 0.5366666666666666 0.0775 0.5225 0.1075 0.5125 0.115625 0.5066666666666666 0.113125 0.4766666666666667 0.080625 0.46416666666666667 0.07312500000000001 0.44749999999999995 0.07250000000000001 0.4425 0.074375 0.42666666666666664 0.10250000000000001 0.4216666666666667 0.103125 0.4166666666666667 0.11125 0.41 0.114375 0.37583333333333335 0.12000000000000002 0.32 0.12250000000000001 0.27999999999999997 0.134375 0.27749999999999997 0.13687500000000002 0.2791666666666667 0.14625000000000002 0.27416666666666667 0.153125 0.26416666666666666 0.16125 0.2533333333333333 0.175625 0.2225 0.2 0.21833333333333332 0.20625 0.21833333333333332 0.21187499999999998
0 0.2725 0.9775 0.27999999999999997 0.978125 0.28583333333333333 0.975 0.29333333333333333 0.98375 0.29166666666666663 0.9912500000000002 0.2841666666666667 0.9925 0.2791666666666667 0.990625 0.2783333333333333 0.9962500000000001 0.29333333333333333 0.9962500000000001 0.2966666666666667 0.999375 0.2975 0.9975000000000002 0.30416666666666664 0.999375 0.305 0.9975000000000002 0.3125 0.9962500000000001 0.31666666666666665 0.9962500000000001 0.32083333333333336 0.999375 0.3258333333333333 0.9956250000000001 0.36916666666666664 0.996875 0.37083333333333335 0.999375 0.39 0.999375 0.3933333333333333 0.996875 0.4041666666666667 0.9962500000000001 0.42666666666666664 0.996875 0.4291666666666667 0.999375 0.465 0.999375 0.47000000000000003 0.996875 0.5091666666666667 0.996875 0.5116666666666666 0.999375 0.5283333333333333 0.999375 0.5316666666666666 0.996875 0.5375 0.996875 0.5391666666666667 0.999375 0.5941666666666666 0.999375 0.5974999999999999 0.9962500000000001 0.6058333333333333 0.9956250000000001 0.6133333333333333 0.996875 0.615 0.999375 0.625 0.999375 0.6275000000000001 0.996875 0.6341666666666667 0.9962500000000001 0.6366666666666666 0.999375 0.64 0.9893750000000001 0.64 0.9606250000000001 0.6358333333333334 0.9581250000000001 0.6083333333333333 0.9550000000000001 0.6058333333333333 0.951875 0.6016666666666667 0.9543750000000001 0.5908333333333333 0.9556250000000001 0.5808333333333333 0.95375 0.5775 0.9512500000000002 0.5708333333333333 0.9512500000000002 0.5691666666666666 0.9493750000000001 0.5599999999999999 0.953125 0.5591666666666667 0.9493750000000001 0.5541666666666667 0.9481250000000001 0.55 0.9481250000000001 0.5458333333333333 0.9543750000000001 0.5316666666666666 0.95375 0.5266666666666666 0.9493750000000001 0.52 0.9493750000000001 0.515 0.943125 0.5083333333333333 0.94375 0.49749999999999994 0.953125 0.49083333333333334 0.953125 0.4841666666666667 0.95 0.4725 0.9512500000000002 0.4583333333333333 0.9475 0.43666666666666665 0.95 0.41083333333333333 0.95 0.4066666666666666 0.9475 0.40499999999999997 0.9418750000000001 0.40083333333333326 0.9418750000000001 0.3933333333333333 0.94625 0.38333333333333336 0.94625 0.375 0.9487500000000001 0.36 0.946875 0.35083333333333333 0.9487500000000001 0.3416666666666667 0.94625 0.3075 0.9450000000000001 0.3 0.943125 0.28250000000000003 0.94375 0.27416666666666667 0.9475 0.26916666666666667 0.96875 0.2683333333333333 0.9731250000000001 0.2725 0.9775
0 0.5291666666666667 0.6431250000000001 0.5316666666666666 0.640625 0.525 0.63875 0.525 0.641875 0.5291666666666667 0.6431250000000001
0 0.5575 0.6368750000000001 0.5558333333333334 0.6362500000000001 0.5549999999999999 0.6375 0.5575 0.6368750000000001
0 0.5358333333333334 0.640625 0.5416666666666667 0.64 0.5441666666666667 0.6368750000000001 0.5366666666666666 0.6368750000000001 0.5341666666666667 0.64 0.5358333333333334 0.640625
0 0.39765625 0.6328125 0.0015625 0.00078125
0 0.3175 0.634375 0.3183333333333333 0.633125 0.315 0.6325000000000001 0.31416666666666665 0.634375 0.3175 0.634375
0 0.24833333333333335 0.634375 0.25 0.6325000000000001 0.24416666666666664 0.6300000000000001 0.24333333333333332 0.633125 0.24833333333333335 0.634375
0 0.32083333333333336 0.515 0.32333333333333336 0.5118750000000001 0.32083333333333336 0.5118750000000001 0.32083333333333336 0.515
0 0.19749999999999998 0.568125 0.2 0.570625 0.20916666666666667 0.57125 0.215 0.578125 0.215 0.59375 0.21000000000000002 0.6225 0.215 0.624375 0.22666666666666666 0.621875 0.24666666666666667 0.62375 0.2575 0.6212500000000001 0.26666666666666666 0.621875 0.2733333333333333 0.625 0.29500000000000004 0.623125 0.3025 0.62625 0.3091666666666667 0.62625 0.3125 0.62375 0.32166666666666666 0.624375 0.32416666666666666 0.6225 0.32916666666666666 0.625 0.35083333333333333 0.625 0.37666666666666665 0.62 0.38333333333333336 0.624375 0.41916666666666663 0.625 0.42833333333333334 0.623125 0.4325 0.61875 0.43916666666666665 0.61875 0.4616666666666666 0.625 0.46749999999999997 0.633125 0.47000000000000003 0.63125 0.47000000000000003 0.635 0.47750000000000004 0.625 0.5016666666666667 0.62375 0.505 0.61875 0.5083333333333333 0.623125 0.5183333333333333 0.625 0.5225 0.628125 0.5358333333333334 0.6256250000000001 0.5408333333333333 0.6300000000000001 0.5483333333333333 0.63125 0.5525 0.6268750000000001 0.5908333333333333 0.6318750000000001 0.61 0.628125 0.6158333333333333 0.6318750000000001 0.6233333333333333 0.63125 0.6258333333333332 0.633125 0.6233333333333333 0.6362500000000001 0.6191666666666666 0.635625 0.6166666666666667 0.639375 0.6125 0.640625 0.6191666666666666 0.6425000000000001 0.6258333333333332 0.6412500000000001 0.6283333333333333 0.6431250000000001 0.6375 0.6368750000000001 0.6383333333333333 0.630625 0.6633333333333333 0.635 0.6675 0.6318750000000001 0.6608333333333334 0.58375 0.6641666666666667 0.5787500000000001 0.6708333333333333 0.576875 0.6733333333333333 0.566875 0.6625 0.525625 0.6608333333333334 0.521875 0.6416666666666667 0.52 0.6366666666666666 0.52375 0.6291666666666667 0.525 0.6266666666666667 0.5231250000000001 0.6241666666666666 0.52625 0.6208333333333333 0.52625 0.6141666666666666 0.521875 0.6233333333333333 0.516875 0.6224999999999999 0.515 0.6158333333333333 0.52 0.6133333333333333 0.5181250000000001 0.6158333333333333 0.515 0.6116666666666666 0.5175000000000001 0.5816666666666667 0.51375 0.5666666666666667 0.515625 0.55 0.5112500000000001 0.5458333333333333 0.5118750000000001 0.5391666666666667 0.5181250000000001 0.5333333333333333 0.5112500000000001 0.5291666666666667 0.513125 0.4966666666666667 0.51 0.4708333333333333 0.5118750000000001 0.4583333333333333 0.5075000000000001 0.445 0.50875 0.4175 0.50625 0.3975 0.5118750000000001 0.3908333333333333 0.509375 0.3625 0.5075000000000001 0.35333333333333333 0.510625 0.335 0.5125 0.32416666666666666 0.52375 0.31416666666666665 0.510625 0.3125 0.515 0.3058333333333333 0.513125 0.3075 0.510625 0.305 0.513125 0.2991666666666667 0.509375 0.29333333333333333 0.5112500000000001 0.26 0.5112500000000001 0.25 0.5075000000000001 0.24500000000000002 0.508125 0.24166666666666664 0.5118750000000001 0.2475 0.514375 0.24833333333333335 0.516875 0.23833333333333334 0.525625 0.23833333333333334 0.5331250000000001 0.22333333333333333 0.5362500000000001 0.22333333333333333 0.5425000000000001 0.22999999999999998 0.544375 0.2325 0.5475000000000001 0.22416666666666668 0.5475000000000001 0.22083333333333335 0.5493750000000001 0.21583333333333332 0.548125 0.19916666666666666 0.5587500000000001 0.19583333333333333 0.56375 0.19749999999999998 0.568125
0 0.48046875 0.484375 0.00078125 0.0015625
0 0.32083333333333336 0.484375 0.32083333333333336 0.4800000000000001 0.3158333333333333 0.48375 0.32083333333333336 0.484375
0 0.40083333333333326 0.4756250000000001 0.39666666666666667 0.47625 0.40083333333333326 0.47875000000000006 0.40083333333333326 0.4756250000000001
0 0.5358333333333334 0.47437500000000005 0.5358333333333334 0.47250000000000003 0.5325 0.47375 0.5358333333333334 0.47437500000000005
0 0.41083333333333333 0.47250000000000003 0.4083333333333333 0.47625 0.4085752688172043 0.4763104838709678 0.41083333333333333 0.47250000000000003
0 0.40750000000000003 0.478125 0.41083333333333333 0.476875 0.4085752688172043 0.4763104838709678 0.40750000000000003 0.478125
0 0.5671875 0.4703125 0.00078125 0.0015625
0 0.4766666666666667 0.47875000000000006 0.48083333333333333 0.47375 0.4841666666666667 0.48125 0.48916666666666664 0.46875 0.4875 0.46749999999999997 0.4841666666666667 0.47000000000000003 0.4766666666666667 0.46937500000000004 0.4758333333333333 0.47750000000000004 0.4766666666666667 0.47875000000000006
0 0.1775 0.4425 0.17833333333333332 0.446875 0.1825 0.44875 0.19 0.449375 0.19666666666666666 0.448125 0.19916666666666666 0.445625 0.2125 0.445 0.21666666666666665 0.45 0.22749999999999998 0.4443750000000001 0.24333333333333332 0.44625000000000004 0.2558333333333333 0.445 0.26083333333333336 0.446875 0.26666666666666666 0.445 0.27083333333333337 0.44750000000000006 0.2833333333333333 0.44625000000000004 0.2925 0.448125 0.3091666666666667 0.4443750000000001 0.31333333333333335 0.44625000000000004 0.32 0.4443750000000001 0.3308333333333333 0.44625000000000004 0.3383333333333333 0.445 0.35416666666666663 0.448125 0.36416666666666664 0.44625000000000004 0.37416666666666665 0.44750000000000006 0.38 0.445 0.3975 0.446875 0.4083333333333333 0.4443750000000001 0.41083333333333333 0.44625000000000004 0.4216666666666667 0.445625 0.425 0.448125 0.43583333333333335 0.446875 0.4425 0.448125 0.445 0.45062500000000005 0.4525 0.446875 0.4625 0.445625 0.48250000000000004 0.449375 0.4916666666666667 0.44750000000000006 0.49749999999999994 0.453125 0.5008333333333332 0.44875 0.5041666666666667 0.45375000000000004 0.52 0.45375000000000004 0.5358333333333334 0.445625 0.5408333333333333 0.448125 0.5516666666666666 0.44875 0.5608333333333333 0.445 0.5633333333333332 0.44875 0.5708333333333333 0.44750000000000006 0.5783333333333334 0.45187499999999997 0.5958333333333333 0.45062500000000005 0.6025 0.45375000000000004 0.6183333333333334 0.44875 0.63 0.45062500000000005 0.6375 0.449375 0.6508333333333333 0.45 0.6533333333333333 0.4525 0.6575 0.45125000000000004 0.6683333333333333 0.45499999999999996 0.6808333333333334 0.449375 0.6833333333333333 0.44375 0.675 0.41375 0.6641666666666667 0.40437500000000004 0.6575 0.39437500000000003 0.65 0.396875 0.6224999999999999 0.395625 0.6183333333333334 0.3925 0.6125 0.38125 0.6091666666666666 0.38 0.5733333333333334 0.38062500000000005 0.5700000000000001 0.3825 0.5633333333333332 0.39437500000000003 0.5391666666666667 0.39625000000000005 0.5283333333333333 0.38125 0.51 0.379375 0.5008333333333332 0.37625000000000003 0.4625 0.38 0.4525 0.375625 0.42666666666666664 0.37625000000000003 0.4125 0.374375 0.4 0.378125 0.38333333333333336 0.37875000000000003 0.38 0.38062500000000005 0.365 0.375 0.35333333333333333 0.37312500000000004 0.3466666666666667 0.37750000000000006 0.32 0.38125 0.31166666666666665 0.395 0.3025 0.39375 0.2891666666666667 0.395625 0.27999999999999997 0.381875 0.275 0.37875000000000003 0.24166666666666664 0.38 0.23583333333333334 0.38312500000000005 0.23500000000000001 0.390625 0.2308333333333333 0.3975 0.20916666666666667 0.396875 0.20249999999999999 0.403125 0.19083333333333333 0.43375 0.1775 0.4425
0 0.33416666666666667 0.9181250000000001 0.32999999999999996 0.9168750000000001 0.3283333333333333 0.9181250000000001 0.33416666666666667 0.9181250000000001
0 0.32083333333333336 0.91875 0.3258333333333333 0.9175000000000001 0.325 0.9125 0.31333333333333335 0.9112500000000001 0.3125 0.915 0.32083333333333336 0.91875
0 0.26749999999999996 0.943125 0.3058333333333333 0.9450000000000001 0.31083333333333335 0.94375 0.325 0.946875 0.345 0.9487500000000001 0.3491666666666667 0.9475 0.3525 0.9493750000000001 0.40166666666666667 0.946875 0.42666666666666664 0.951875 0.44333333333333336 0.9481250000000001 0.49333333333333335 0.95375 0.5125 0.9512500000000002 0.5208333333333333 0.9550000000000001 0.55 0.9556250000000001 0.5616666666666666 0.953125 0.5766666666666667 0.9575000000000001 0.6133333333333333 0.95625 0.63 0.9600000000000002 0.6391666666666667 0.959375 0.6433333333333333 0.95625 0.645 0.9506249999999999 0.6433333333333333 0.925 0.64 0.92125 0.6158333333333333 0.9225 0.6016666666666667 0.92125 0.5891666666666666 0.9175000000000001 0.5625 0.9175000000000001 0.55 0.9125 0.54 0.9193749999999999 0.5366666666666666 0.9193749999999999 0.53 0.915625 0.51 0.9106250000000001 0.48666666666666664 0.9099999999999999 0.48250000000000004 0.9125 0.4725 0.9106250000000001 0.4666666666666667 0.91625 0.4625 0.9112500000000001 0.45583333333333337 0.9125 0.4525 0.9106250000000001 0.4458333333333333 0.9181250000000001 0.44333333333333336 0.914375 0.4408333333333333 0.914375 0.4375 0.91875 0.4333333333333333 0.9175000000000001 0.4333333333333333 0.9106250000000001 0.43 0.909375 0.4141666666666667 0.911875 0.4133333333333333 0.9081250000000001 0.4091666666666667 0.906875 0.38666666666666666 0.906875 0.38 0.9099999999999999 0.37 0.9099999999999999 0.36333333333333334 0.913125 0.3441666666666666 0.914375 0.3408333333333333 0.9112500000000001 0.33999999999999997 0.9193749999999999 0.33666666666666667 0.9243750000000001 0.3308333333333333 0.9262500000000001 0.3275 0.9243750000000001 0.31416666666666665 0.9237500000000001 0.2966666666666667 0.9125 0.2833333333333333 0.913125 0.27666666666666667 0.9112500000000001 0.2658333333333333 0.9193749999999999 0.26166666666666666 0.92875 0.26083333333333336 0.9393750000000001 0.26749999999999996 0.943125
0 0.22166666666666668 0.213125 0.21916666666666665 0.216875 0.21916666666666665 0.22375000000000003 0.22166666666666668 0.22687500000000002 0.2475 0.225 0.25833333333333336 0.22562500000000002 0.26166666666666666 0.228125 0.27999999999999997 0.22687500000000002 0.2866666666666667 0.224375 0.28833333333333333 0.21937500000000001 0.29166666666666663 0.21750000000000003 0.3091666666666667 0.22375000000000003 0.4041666666666667 0.22062500000000002 0.41833333333333333 0.2225 0.4408333333333333 0.21937500000000001 0.46333333333333326 0.22125 0.4725 0.21937500000000001 0.5016666666666667 0.21875 0.505 0.22062500000000002 0.52 0.22125 0.5333333333333333 0.22062500000000002 0.5466666666666666 0.215625 0.5566666666666666 0.216875 0.5675 0.21437500000000004 0.5741666666666666 0.21625 0.5816666666666667 0.215625 0.5875 0.21875 0.595 0.21875 0.6008333333333333 0.21625 0.6191666666666666 0.21812499999999999 0.6308333333333334 0.21625 0.6475 0.21750000000000003 0.6516666666666666 0.215625 0.6575 0.22000000000000003 0.67 0.224375 0.6975 0.224375 0.7008333333333333 0.22062500000000002 0.6908333333333333 0.19312500000000002 0.6883333333333332 0.16187500000000002 0.6633333333333333 0.155625 0.6591666666666667 0.15125000000000002 0.6608333333333334 0.14625000000000002 0.6675 0.14625000000000002 0.6708333333333333 0.14375 0.67 0.140625 0.6675 0.13875 0.6575 0.140625 0.6558333333333334 0.138125 0.6483333333333333 0.13562500000000002 0.6275000000000001 0.13562500000000002 0.6208333333333333 0.13375 0.6058333333333333 0.13687500000000002 0.6 0.144375 0.5933333333333334 0.14375 0.5916666666666667 0.14 0.5858333333333333 0.13687500000000002 0.5775 0.13562500000000002 0.5441666666666667 0.13562500000000002 0.5325 0.138125 0.5191666666666667 0.138125 0.5091666666666667 0.14250000000000002 0.5133333333333333 0.15375 0.5091666666666667 0.15812500000000002 0.5025000000000001 0.159375 0.49416666666666664 0.159375 0.49000000000000005 0.15687500000000001 0.485 0.14375 0.4741666666666666 0.13687500000000002 0.4425 0.139375 0.3575 0.139375 0.3525 0.14125000000000001 0.3433333333333333 0.139375 0.31666666666666665 0.14 0.3 0.138125 0.29333333333333333 0.14187500000000003 0.28250000000000003 0.140625 0.255 0.17375000000000002 0.22333333333333333 0.19875 0.21833333333333332 0.20625 0.22166666666666668 0.213125
0 0.25083333333333335 0.8668750000000001 0.2891666666666667 0.8675 0.29333333333333333 0.869375 0.33166666666666667 0.8675 0.36583333333333334 0.8724999999999999 0.3808333333333333 0.869375 0.4583333333333333 0.8712500000000001 0.4691666666666666 0.87375 0.48583333333333334 0.874375 0.5033333333333333 0.8706250000000001 0.515 0.875625 0.5241666666666667 0.874375 0.5608333333333333 0.8768750000000001 0.585 0.875 0.5933333333333334 0.8775000000000001 0.6283333333333333 0.8775000000000001 0.6433333333333333 0.8800000000000001 0.6466666666666667 0.8800000000000001 0.6516666666666666 0.875625 0.65 0.834375 0.6316666666666666 0.8356250000000001 0.6241666666666666 0.8325000000000001 0.61 0.8306250000000001 0.6016666666666667 0.8331250000000001 0.585 0.82875 0.5599999999999999 0.8300000000000001 0.5466666666666666 0.828125 0.5358333333333334 0.83125 0.5225 0.826875 0.5183333333333333 0.828125 0.505 0.8237500000000001 0.49833333333333335 0.819375 0.4925 0.8231250000000001 0.4833333333333333 0.8237500000000001 0.47750000000000004 0.83125 0.47333333333333333 0.83125 0.47333333333333333 0.82875 0.46749999999999997 0.8412499999999999 0.45666666666666667 0.8512500000000001 0.4491666666666666 0.8525 0.43499999999999994 0.8512500000000001 0.43166666666666664 0.8487500000000001 0.42416666666666664 0.836875 0.41583333333333333 0.8306250000000001 0.4141666666666667 0.8243750000000001 0.39916666666666667 0.8231250000000001 0.39 0.8200000000000001 0.38333333333333336 0.821875 0.375 0.82125 0.36583333333333334 0.8256249999999999 0.3433333333333333 0.8300000000000001 0.3383333333333333 0.8300000000000001 0.335 0.826875 0.3308333333333333 0.8275 0.3275 0.8256249999999999 0.3091666666666667 0.8256249999999999 0.30416666666666664 0.8237500000000001 0.29333333333333333 0.8262500000000002 0.29166666666666663 0.8243750000000001 0.2925 0.8293750000000001 0.27166666666666667 0.8293750000000001 0.265 0.825 0.26166666666666666 0.825 0.2575 0.828125 0.24666666666666667 0.8550000000000001 0.24666666666666667 0.8625 0.25083333333333335 0.8668750000000001
0 0.26666666666666666 0.943125 0.30166666666666664 0.9425000000000001 0.335 0.946875 0.3516666666666667 0.945625 0.3783333333333333 0.9475 0.3933333333333333 0.9450000000000001 0.42416666666666664 0.95 0.4533333333333333 0.946875 0.4691666666666666 0.9506249999999999 0.4875 0.9506249999999999 0.49416666666666664 0.9525 0.515 0.9481250000000001 0.5183333333333333 0.9525 0.5291666666666667 0.9543750000000001 0.55 0.9543750000000001 0.5541666666666667 0.9506249999999999 0.5916666666666667 0.9556250000000001 0.6125 0.9543750000000001 0.6333333333333333 0.95875 0.6408333333333334 0.9581250000000001 0.645 0.95 0.6433333333333333 0.9275 0.64 0.9225 0.6233333333333333 0.9243750000000001 0.6016666666666667 0.9231250000000001 0.5858333333333333 0.91875 0.5808333333333333 0.9200000000000002 0.5791666666666667 0.9181250000000001 0.5533333333333333 0.9175000000000001 0.55 0.9137500000000001 0.5416666666666667 0.920625 0.5358333333333334 0.92125 0.5291666666666667 0.9168750000000001 0.5 0.9106250000000001 0.4875 0.9106250000000001 0.4833333333333333 0.914375 0.4766666666666667 0.914375 0.47333333333333333 0.911875 0.47000000000000003 0.9137500000000001 0.4708333333333333 0.91875 0.4666666666666667 0.9275 0.45666666666666667 0.9337500000000001 0.4375 0.931875 0.43 0.92125 0.41916666666666663 0.9137500000000001 0.3983333333333333 0.9181250000000001 0.39416666666666667 0.914375 0.3783333333333333 0.9106250000000001 0.37083333333333335 0.9112500000000001 0.3725 0.914375 0.36916666666666664 0.9175000000000001 0.3591666666666667 0.9137500000000001 0.34750000000000003 0.91625 0.33249999999999996 0.9268750000000001 0.31666666666666665 0.925 0.30666666666666664 0.9175000000000001 0.29333333333333333 0.913125 0.28250000000000003 0.9137500000000001 0.27749999999999997 0.9112500000000001 0.26666666666666666 0.9181250000000001 0.26083333333333336 0.93 0.26 0.9387500000000001 0.26666666666666666 0.943125
0 0.4046666666666667 0.9075000000000001 0.38666666666666666 0.9087500000000001 0.41083333333333333 0.911875 0.4091666666666667 0.9075000000000001 0.40750000000000003 0.9099999999999999 0.4046666666666667 0.9075000000000001
0 0.21916666666666665 0.68125 0.24916666666666668 0.6837500000000001 0.25833333333333336 0.69375 0.2791666666666667 0.700625 0.2841666666666667 0.698125 0.2891666666666667 0.684375 0.2925 0.681875 0.3175 0.6831250000000001 0.33166666666666667 0.6975 0.345 0.700625 0.3516666666666667 0.7 0.36083333333333334 0.6837500000000001 0.37416666666666665 0.681875 0.38666666666666666 0.6825 0.39499999999999996 0.69375 0.4058333333333334 0.700625 0.4208333333333333 0.6993750000000001 0.4291666666666667 0.685 0.4383333333333333 0.686875 0.4416666666666667 0.6837500000000001 0.445 0.6837500000000001 0.45666666666666667 0.684375 0.46416666666666667 0.696875 0.4708333333333333 0.701875 0.47750000000000004 0.703125 0.49000000000000005 0.70125 0.5008333333333332 0.6881250000000001 0.5258333333333333 0.68625 0.5349999999999999 0.7 0.5433333333333333 0.704375 0.5599999999999999 0.704375 0.5650000000000001 0.700625 0.5691666666666666 0.6900000000000001 0.5716666666666667 0.6893750000000001 0.5741666666666666 0.69625 0.5775 0.6975 0.5816666666666667 0.6943750000000001 0.595 0.691875 0.605 0.704375 0.6108333333333333 0.706875 0.6283333333333333 0.7050000000000001 0.6433333333333333 0.691875 0.655 0.693125 0.6658333333333333 0.6875 0.6608333333333334 0.6425000000000001 0.6575 0.6368750000000001 0.6441666666666667 0.6368750000000001 0.63 0.6425000000000001 0.615 0.6456250000000001 0.6075 0.640625 0.6016666666666667 0.633125 0.5666666666666667 0.6318750000000001 0.5566666666666666 0.6368750000000001 0.5466666666666666 0.6362500000000001 0.5458333333333333 0.640625 0.5383333333333333 0.641875 0.5291666666666667 0.6318750000000001 0.5158333333333334 0.630625 0.5016666666666667 0.624375 0.4833333333333333 0.62625 0.4741666666666666 0.6300000000000001 0.4525 0.624375 0.41500000000000004 0.625 0.40750000000000003 0.62625 0.4033333333333333 0.6300000000000001 0.3983333333333333 0.62625 0.36666666666666664 0.623125 0.34833333333333333 0.6268750000000001 0.3408333333333333 0.630625 0.33249999999999996 0.639375 0.32166666666666666 0.641875 0.315 0.64 0.30666666666666664 0.629375 0.2733333333333333 0.62875 0.265 0.6375 0.2475 0.640625 0.2375 0.639375 0.22666666666666666 0.65125 0.215 0.670625 0.215 0.6775 0.21916666666666665 0.68125
0 0.6391666666666667 0.999375 0.6391666666666667 0.9925 0.6366666666666666 0.99 0.6341666666666667 0.9918750000000001 0.6166666666666667 0.99375 0.6166666666666667 0.999375 0.6391666666666667 0.999375
0 0.32666666666666666 0.999375 0.3275 0.9975000000000002 0.33249999999999996 0.9975000000000002 0.33333333333333337 0.999375 0.5941666666666666 0.999375 0.5941666666666666 0.9943750000000001 0.5900000000000001 0.9918750000000001 0.5641666666666667 0.9893750000000001 0.55 0.9850000000000001 0.5391666666666667 0.9856250000000001 0.5349999999999999 0.98375 0.5275000000000001 0.9881250000000001 0.5175 0.9881250000000001 0.49833333333333335 0.9818750000000002 0.47000000000000003 0.984375 0.44333333333333336 0.978125 0.41583333333333333 0.9825000000000002 0.40750000000000003 0.9800000000000001 0.3933333333333333 0.9800000000000001 0.37583333333333335 0.98375 0.35583333333333333 0.98375 0.35083333333333333 0.9800000000000001 0.34249999999999997 0.978125 0.32666666666666666 0.9806250000000001 0.29 0.9806250000000001 0.2791666666666667 0.984375 0.275 0.9943750000000001 0.27416666666666667 0.999375 0.32666666666666666 0.999375
0 0.61328125 0.8234375 0.00078125 0.0015625
0 0.60859375 0.81328125 0.00078125 0.00078125
0 0.4484375 0.81328125 0.00078125 0.00078125
0 0.29609375 0.81328125 0.00078125 0.00078125
0 0.3765625 0.81015625 0.0015625 0.0015625
0 0.2796875 0.81015625 0.00078125 0.0015625
0 0.64296875 0.80625 0.0015625 0.00078125
0 0.40083333333333326 0.806875 0.3975 0.80375 0.39416666666666667 0.805625 0.3933333333333333 0.8087500000000001 0.40083333333333326 0.806875
0 0.28250000000000003 0.8075000000000001 0.2891666666666667 0.8081250000000001 0.2891666666666667 0.80375 0.28500000000000003 0.803125 0.28500000000000003 0.806875 0.28250000000000003 0.8075000000000001
0 0.63 0.81125 0.6383333333333333 0.8075000000000001 0.6375 0.803125 0.6283333333333333 0.80375 0.6275000000000001 0.8081250000000001 0.63 0.81125
0 0.2725 0.806875 0.27666666666666667 0.8075000000000001 0.2758333333333333 0.8012500000000001 0.2683333333333333 0.8025 0.26916666666666667 0.809375 0.2725 0.806875
0 0.41833333333333333 0.8099999999999999 0.4225 0.806875 0.4175 0.805 0.41500000000000004 0.8 0.4116666666666666 0.8012500000000001 0.41 0.806875 0.41833333333333333 0.8099999999999999
0 0.43 0.809375 0.43 0.8125 0.4341666666666667 0.815625 0.4383333333333333 0.815625 0.43666666666666665 0.818125 0.43916666666666665 0.8200000000000001 0.4408333333333333 0.8168750000000001 0.43666666666666665 0.813125 0.44000000000000006 0.8099999999999999 0.4458333333333333 0.805625 0.4491666666666666 0.809375 0.45666666666666667 0.8087500000000001 0.45666666666666667 0.80625 0.4491666666666666 0.8 0.4425 0.7993750000000001 0.4375 0.803125 0.43499999999999994 0.8075000000000001 0.43 0.809375
0 0.36416666666666664 0.8137500000000001 0.36916666666666664 0.8143750000000001 0.37333333333333335 0.806875 0.365 0.7993750000000001 0.3683333333333333 0.80375 0.36416666666666664 0.8137500000000001
0 0.36640625 0.79296875 0.0015625 0.00078125
0 0.5708333333333333 0.721875 0.5725 0.72 0.5700000000000001 0.711875 0.5683333333333334 0.713125 0.5708333333333333 0.721875
0 0.5016666666666667 0.7 0.5008333333333332 0.6975 0.495 0.6987500000000001 0.49416666666666664 0.70125 0.5016666666666667 0.7
0 0.3616666666666667 0.7106250000000001 0.3725 0.7106250000000001 0.37583333333333335 0.7081250000000001 0.38333333333333336 0.7100000000000001 0.38583333333333336 0.7025 0.38916666666666666 0.701875 0.39 0.6993750000000001 0.38666666666666666 0.6975 0.37666666666666665 0.700625 0.36916666666666664 0.6993750000000001 0.35583333333333333 0.7050000000000001 0.355 0.70625 0.3616666666666667 0.7106250000000001
0 0.5816666666666667 0.700625 0.5833333333333333 0.698125 0.5783333333333334 0.695625 0.5758333333333333 0.695625 0.5816666666666667 0.700625
0 0.5925 0.706875 0.595 0.701875 0.5983333333333334 0.7037500000000001 0.5941666666666666 0.695625 0.5916666666666667 0.6943750000000001 0.5875 0.698125 0.5891666666666666 0.70625 0.5925 0.706875
0 0.5633333333333332 0.703125 0.5683333333333334 0.7050000000000001 0.5700000000000001 0.6925000000000001 0.5675 0.6925000000000001 0.5666666666666667 0.700625 0.5633333333333332 0.703125
0 0.5208333333333333 0.695625 0.5183333333333333 0.698125 0.5216666666666667 0.701875 0.5208333333333333 0.706875 0.5275000000000001 0.709375 0.5325 0.7081250000000001 0.5349999999999999 0.7100000000000001 0.5358333333333334 0.72 0.5491666666666666 0.721875 0.5583333333333333 0.72 0.5575 0.7125 0.5475 0.7075 0.55 0.7056250000000001 0.545 0.7056250000000001 0.5433333333333333 0.703125 0.5391666666666667 0.7056250000000001 0.5291666666666667 0.696875 0.5258333333333333 0.690625 0.515 0.690625 0.5125 0.693125 0.5208333333333333 0.695625
0 0.38333333333333336 0.68875 0.38666666666666666 0.685625 0.38333333333333336 0.685625 0.38333333333333336 0.68875
0 0.22833333333333333 0.7306250000000001 0.24833333333333335 0.731875 0.2525 0.7362500000000001 0.2375 0.76 0.23333333333333334 0.7706250000000001 0.2341666666666667 0.775625 0.25 0.780625 0.27416666666666667 0.78125 0.28500000000000003 0.79 0.29333333333333333 0.79 0.2975 0.786875 0.2975 0.7825 0.3 0.780625 0.3075 0.780625 0.31333333333333335 0.784375 0.31666666666666665 0.78125 0.3275 0.7825 0.33166666666666667 0.780625 0.3408333333333333 0.79125 0.33166666666666667 0.7987500000000001 0.3275 0.7993750000000001 0.32416666666666666 0.805 0.3175 0.8018750000000001 0.31333333333333335 0.80375 0.3175 0.8081250000000001 0.3275 0.81125 0.33333333333333337 0.8087500000000001 0.335 0.805625 0.3433333333333333 0.8137500000000001 0.35333333333333333 0.8150000000000001 0.35583333333333333 0.8175000000000001 0.3591666666666667 0.8143750000000001 0.35583333333333333 0.8099999999999999 0.3625 0.803125 0.35583333333333333 0.8012500000000001 0.3466666666666667 0.7925000000000001 0.35833333333333334 0.789375 0.3625 0.785 0.36583333333333334 0.7881250000000001 0.37083333333333335 0.78125 0.3783333333333333 0.7818750000000001 0.38166666666666665 0.785625 0.38666666666666666 0.7818750000000001 0.40083333333333326 0.7818750000000001 0.4025 0.7862500000000001 0.4175 0.7975000000000001 0.4175 0.7931250000000001 0.425 0.790625 0.43 0.7862500000000001 0.4383333333333333 0.7887500000000001 0.44333333333333336 0.7837500000000001 0.44666666666666666 0.7837500000000001 0.4508333333333333 0.786875 0.4608333333333333 0.786875 0.46416666666666667 0.7887500000000001 0.47000000000000003 0.79625 0.465 0.80375 0.4691666666666666 0.806875 0.47750000000000004 0.8012500000000001 0.4791666666666667 0.80625 0.48250000000000004 0.8081250000000001 0.485 0.8081250000000001 0.4875 0.8043750000000001 0.49000000000000005 0.809375 0.49833333333333335 0.8087500000000001 0.5041666666666667 0.8143750000000001 0.5083333333333333 0.8125 0.5116666666666666 0.8150000000000001 0.5158333333333334 0.813125 0.5225 0.8175000000000001 0.53 0.813125 0.5341666666666667 0.806875 0.54 0.8075000000000001 0.5433333333333333 0.805625 0.5525 0.8087500000000001 0.5549999999999999 0.8106250000000002 0.5541666666666667 0.8125 0.5566666666666666 0.813125 0.5641666666666667 0.82125 0.5775 0.8231250000000001 0.5966666666666667 0.82125 0.6025 0.8143750000000001 0.6 0.8106250000000002 0.605 0.80625 0.6158333333333333 0.8137500000000001 0.6133333333333333 0.81125 0.6174999999999999 0.8087500000000001 0.6158333333333333 0.8025 0.6224999999999999 0.7987500000000001 0.6275000000000001 0.7987500000000001 0.6333333333333333 0.790625 0.6541666666666667 0.7887500000000001 0.6608333333333334 0.7831250000000001 0.6558333333333334 0.7575000000000001 0.6558333333333334 0.740625 0.6608333333333334 0.73375 0.6591666666666667 0.7175 0.6575 0.7125 0.6533333333333333 0.71375 0.6483333333333333 0.7100000000000001 0.6508333333333333 0.6987500000000001 0.6475 0.695625 0.6416666666666667 0.69625 0.64 0.6993750000000001 0.6366666666666666 0.6993750000000001 0.6366666666666666 0.7025 0.6291666666666667 0.70625 0.6333333333333333 0.7100000000000001 0.63 0.7125 0.6191666666666666 0.71125 0.6125 0.7150000000000001 0.6 0.7050000000000001 0.6016666666666667 0.7106250000000001 0.595 0.7125 0.5974999999999999 0.71875 0.6091666666666666 0.721875 0.61 0.7237500000000001 0.6041666666666667 0.7262500000000001 0.6016666666666667 0.73125 0.5958333333333333 0.7325 0.58 0.728125 0.5741666666666666 0.7300000000000001 0.5708333333333333 0.726875 0.5683333333333334 0.7350000000000001 0.5650000000000001 0.73125 0.5599999999999999 0.731875 0.5566666666666666 0.729375 0.5525 0.73125 0.5391666666666667 0.7275 0.5275000000000001 0.728125 0.5258333333333333 0.73125 0.5225 0.72875 0.515 0.7300000000000001 0.5116666666666666 0.7325 0.49916666666666665 0.726875 0.5008333333333332 0.72 0.4958333333333333 0.71875 0.4916666666666667 0.7206250000000001 0.4925 0.725 0.4883333333333333 0.7262500000000001 0.48166666666666663 0.7175 0.48583333333333334 0.713125 0.48083333333333333 0.7106250000000001 0.475 0.713125 0.47750000000000004 0.7175 0.45916666666666667 0.7175 0.44666666666666666 0.725 0.43499999999999994 0.725 0.425 0.716875 0.4208333333333333 0.7175 0.41916666666666663 0.715625 0.41833333333333333 0.70875 0.425 0.703125 0.42416666666666664 0.6993750000000001 0.4208333333333333 0.6993750000000001 0.41916666666666663 0.701875 0.4066666666666666 0.6993750000000001 0.40166666666666667 0.7025 0.4 0.6993750000000001 0.3983333333333333 0.715625 0.39 0.71625 0.38583333333333336 0.713125 0.38249999999999995 0.7225 0.38 0.724375 0.37583333333333335 0.723125 0.37333333333333335 0.7275 0.36583333333333334 0.728125 0.365 0.72 0.3591666666666667 0.71125 0.355 0.711875 0.3458333333333333 0.718125 0.3408333333333333 0.7143750000000001 0.3433333333333333 0.711875 0.3416666666666667 0.7125 0.3416666666666667 0.7106250000000001 0.3383333333333333 0.71625 0.32 0.71625 0.3183333333333333 0.71125 0.32333333333333336 0.7050000000000001 0.3175 0.685 0.2966666666666667 0.684375 0.28583333333333333 0.6975 0.2791666666666667 0.701875 0.27416666666666667 0.6993750000000001 0.2658333333333333 0.6993750000000001 0.265 0.695625 0.25833333333333336 0.6943750000000001 0.255 0.698125 0.24500000000000002 0.68875 0.2375 0.68875 0.2341666666666667 0.7025 0.23833333333333334 0.704375 0.24 0.71125 0.2308333333333333 0.7150000000000001 0.22666666666666666 0.72 0.22583333333333333 0.7275 0.22833333333333333 0.7306250000000001
0 0.26416666666666666 0.9425000000000001 0.275 0.94375 0.31083333333333335 0.943125 0.3308333333333333 0.946875 0.35583333333333333 0.9481250000000001 0.4025 0.94625 0.42333333333333334 0.9506249999999999 0.44416666666666665 0.9475 0.4575 0.9481250000000001 0.47000000000000003 0.9512500000000002 0.48916666666666664 0.9512500000000002 0.49416666666666664 0.953125 0.515 0.9493750000000001 0.5183333333333333 0.953125 0.525 0.9543750000000001 0.55 0.9550000000000001 0.5533333333333333 0.9525 0.5608333333333333 0.951875 0.575 0.9556250000000001 0.6141666666666666 0.9556250000000001 0.6291666666666667 0.95875 0.64 0.95875 0.645 0.9525 0.6433333333333333 0.9243750000000001 0.6408333333333334 0.92125 0.6125 0.921875 0.5916666666666667 0.9175000000000001 0.5633333333333332 0.9175000000000001 0.55 0.9125 0.5391666666666667 0.9181250000000001 0.5083333333333333 0.9099999999999999 0.49916666666666665 0.909375 0.48166666666666663 0.911875 0.47333333333333333 0.9099999999999999 0.4666666666666667 0.911875 0.4583333333333333 0.9106250000000001 0.45583333333333337 0.9125 0.4525 0.9106250000000001 0.445 0.915 0.44000000000000006 0.913125 0.43583333333333335 0.914375 0.43166666666666664 0.909375 0.4225 0.9106250000000001 0.4091666666666667 0.90625 0.3883333333333333 0.90625 0.3783333333333333 0.909375 0.35666666666666663 0.911875 0.345 0.911875 0.3416666666666667 0.9099999999999999 0.32 0.9106250000000001 0.3125 0.9087500000000001 0.31 0.915 0.30666666666666664 0.91625 0.30083333333333334 0.9112500000000001 0.2841666666666667 0.911875 0.2783333333333333 0.9099999999999999 0.2683333333333333 0.914375 0.26166666666666666 0.9275 0.26083333333333336 0.9400000000000001 0.26416666666666666 0.9425000000000001
0 0.3984375 0.09140625 0.00390625 0.00078125
0 0.36083333333333334 0.08812500000000001 0.38583333333333336 0.08812500000000001 0.38333333333333336 0.081875 0.37333333333333335 0.08125 0.36666666666666664 0.07625000000000001 0.36083333333333334 0.07625000000000001 0.35083333333333333 0.08125 0.35 0.085 0.36083333333333334 0.08812500000000001
0 0.2808333333333333 0.14 0.2966666666666667 0.140625 0.30333333333333334 0.13625 0.33166666666666667 0.138125 0.345 0.13687500000000002 0.3516666666666667 0.14 0.365 0.13687500000000002 0.39166666666666666 0.138125 0.4175 0.133125 0.4216666666666667 0.133125 0.42833333333333334 0.13687500000000002 0.43166666666666664 0.135 0.4416666666666667 0.1375 0.4491666666666666 0.135 0.475 0.134375 0.4916666666666667 0.138125 0.49833333333333335 0.13187500000000002 0.5008333333333332 0.133125 0.5033333333333333 0.13062500000000002 0.5116666666666666 0.133125 0.5225 0.1325 0.5291666666666667 0.135 0.5575 0.13375 0.5608333333333333 0.13125 0.5700000000000001 0.13375 0.595 0.135 0.6333333333333333 0.13187500000000002 0.6566666666666666 0.13562500000000002 0.6716666666666666 0.13562500000000002 0.6783333333333333 0.140625 0.6849999999999999 0.14187500000000003 0.6866666666666666 0.144375 0.6808333333333334 0.149375 0.6725 0.146875 0.6708333333333333 0.149375 0.6733333333333333 0.154375 0.6799999999999999 0.15750000000000003 0.6883333333333332 0.15812500000000002 0.6958333333333333 0.140625 0.7033333333333334 0.13687500000000002 0.7066666666666667 0.13062500000000002 0.7058333333333333 0.12687500000000002 0.6908333333333333 0.12625000000000003 0.6866666666666666 0.12375 0.675 0.09125000000000001 0.6633333333333333 0.07062500000000001 0.6508333333333333 0.06875 0.6416666666666667 0.07 0.6283333333333333 0.08375 0.6174999999999999 0.10687500000000001 0.6158333333333333 0.108125 0.605 0.10562500000000001 0.5908333333333333 0.11500000000000002 0.5825 0.108125 0.5650000000000001 0.07125000000000001 0.5599999999999999 0.06875 0.5516666666666666 0.068125 0.5425 0.069375 0.5391666666666667 0.071875 0.5225 0.10625 0.5116666666666666 0.11500000000000002 0.4766666666666667 0.079375 0.46333333333333326 0.071875 0.4508333333333333 0.07125000000000001 0.4416666666666667 0.07375000000000001 0.4408333333333333 0.08125 0.43583333333333335 0.08625000000000001 0.4333333333333333 0.096875 0.42666666666666664 0.10187500000000001 0.4208333333333333 0.10250000000000001 0.41833333333333333 0.108125 0.4125 0.11187500000000002 0.3975 0.11625 0.38666666666666666 0.11625 0.37666666666666665 0.11875 0.3283333333333333 0.11875 0.27666666666666667 0.13375 0.2758333333333333 0.13687500000000002 0.2808333333333333 0.14
0 0.4484375 0.81328125 0.00078125 0.0015625
0 0.41484375 0.80625 0.00078125 0.00078125
0 0.345 0.809375 0.34833333333333333 0.811875 0.35666666666666663 0.806875 0.35583333333333333 0.803125 0.3408333333333333 0.80375 0.3416666666666667 0.8099999999999999 0.345 0.809375
0 0.5566666666666666 0.80625 0.5608333333333333 0.806875 0.5641666666666667 0.805 0.5666666666666667 0.806875 0.5650000000000001 0.8150000000000001 0.5741666666666666 0.8200000000000001 0.5808333333333333 0.820625 0.5983333333333334 0.8143750000000001 0.5983333333333334 0.803125 0.5925 0.80375 0.5941666666666666 0.8087500000000001 0.5916666666666667 0.8125 0.5841666666666667 0.806875 0.585 0.80375 0.5816666666666667 0.7987500000000001 0.5741666666666666 0.7987500000000001 0.5708333333333333 0.803125 0.5666666666666667 0.8012500000000001 0.5558333333333334 0.8025 0.5541666666666667 0.80375 0.5566666666666666 0.80625
0 0.23333333333333334 0.775625 0.23583333333333334 0.7775000000000001 0.24416666666666664 0.78 0.2733333333333333 0.780625 0.2783333333333333 0.7825 0.2791666666666667 0.7862500000000001 0.2866666666666667 0.7881250000000001 0.29333333333333333 0.7881250000000001 0.3 0.779375 0.30666666666666664 0.779375 0.33249999999999996 0.78 0.3375 0.7837500000000001 0.3375 0.7862500000000001 0.345 0.790625 0.3591666666666667 0.789375 0.36083333333333334 0.784375 0.35833333333333334 0.7818750000000001 0.3683333333333333 0.780625 0.3775 0.780625 0.38333333333333336 0.7831250000000001 0.38666666666666666 0.78125 0.40083333333333326 0.78125 0.4033333333333333 0.7831250000000001 0.4025 0.7862500000000001 0.4133333333333333 0.791875 0.425 0.790625 0.4291666666666667 0.7862500000000001 0.42833333333333334 0.7818750000000001 0.4325 0.7818750000000001 0.43583333333333335 0.784375 0.4425 0.7818750000000001 0.4533333333333333 0.785 0.4608333333333333 0.784375 0.4758333333333333 0.795625 0.49000000000000005 0.795625 0.49833333333333335 0.7881250000000001 0.5083333333333333 0.7887500000000001 0.5016666666666667 0.795625 0.5041666666666667 0.8012500000000001 0.5083333333333333 0.8018750000000001 0.5075000000000001 0.805 0.515 0.8106250000000002 0.5225 0.81125 0.5258333333333333 0.8143750000000001 0.53 0.8087500000000001 0.5283333333333333 0.8025 0.5383333333333333 0.795 0.5425 0.7975000000000001 0.5566666666666666 0.796875 0.5691666666666666 0.785625 0.5741666666666666 0.7875 0.595 0.7887500000000001 0.6008333333333333 0.7975000000000001 0.6091666666666666 0.8006249999999999 0.6258333333333332 0.7975000000000001 0.6333333333333333 0.789375 0.655 0.789375 0.6608333333333334 0.7837500000000001 0.655 0.7418750000000001 0.6483333333333333 0.73875 0.6091666666666666 0.7412500000000001 0.5891666666666666 0.73375 0.5666666666666667 0.735625 0.5475 0.733125 0.5425 0.7412500000000001 0.5391666666666667 0.738125 0.5358333333333334 0.738125 0.5341666666666667 0.7350000000000001 0.515 0.73375 0.49916666666666665 0.728125 0.4766666666666667 0.73125 0.4508333333333333 0.7262500000000001 0.44000000000000006 0.7262500000000001 0.41 0.7306250000000001 0.3975 0.7275 0.39499999999999996 0.7206250000000001 0.3883333333333333 0.718125 0.385 0.71875 0.38249999999999995 0.724375 0.3725 0.72875 0.36333333333333334 0.728125 0.3591666666666667 0.7212500000000001 0.355 0.728125 0.3375 0.7300000000000001 0.32666666666666666 0.72875 0.3175 0.73125 0.3058333333333333 0.726875 0.30666666666666664 0.72 0.3 0.7175 0.2975 0.72 0.2975 0.7262500000000001 0.29333333333333333 0.728125 0.29 0.7262500000000001 0.2791666666666667 0.73375 0.2725 0.7300000000000001 0.26416666666666666 0.7325 0.255 0.7325 0.23833333333333334 0.758125 0.23333333333333334 0.769375 0.23333333333333334 0.775625
0 0.4015625 0.6953125 0.00078125 0.0015625
0 0.6308333333333334 0.695625 0.6333333333333333 0.701875 0.6366666666666666 0.6925000000000001 0.6216666666666667 0.691875 0.6233333333333333 0.6943750000000001 0.6308333333333334 0.695625
0 0.6174999999999999 0.6925000000000001 0.615 0.69125 0.6158333333333333 0.6943750000000001 0.6174999999999999 0.6925000000000001
0 0.5466666666666666 0.6925000000000001 0.5516666666666666 0.690625 0.5616666666666666 0.6943750000000001 0.5633333333333332 0.6987500000000001 0.5675 0.6950000000000001 0.5666666666666667 0.6881250000000001 0.5591666666666667 0.68875 0.5583333333333333 0.691875 0.5516666666666666 0.6875 0.54 0.6881250000000001 0.5383333333333333 0.6893750000000001 0.5466666666666666 0.6925000000000001
0 0.49749999999999994 0.6893750000000001 0.495 0.6875 0.49416666666666664 0.693125 0.49749999999999994 0.6893750000000001
0 0.2866666666666667 0.6975 0.28250000000000003 0.6987500000000001 0.28250000000000003 0.703125 0.29 0.709375 0.29333333333333333 0.70625 0.29333333333333333 0.70125 0.3 0.69625 0.3075 0.69625 0.31 0.6925000000000001 0.3091666666666667 0.68625 0.2975 0.68625 0.2925 0.698125 0.2875 0.698125 0.28833333333333333 0.6925000000000001 0.28500000000000003 0.6925000000000001 0.2875 0.6943750000000001 0.2866666666666667 0.6975
0 0.3983333333333333 0.68875 0.39666666666666667 0.6925000000000001 0.39916666666666667 0.6881250000000001 0.4033333333333333 0.68875 0.4025 0.69375 0.4058333333333334 0.695625 0.4025 0.698125 0.4033333333333333 0.7 0.4166666666666667 0.700625 0.4216666666666667 0.6987500000000001 0.4258333333333333 0.691875 0.425 0.6837500000000001 0.41833333333333333 0.681875 0.3933333333333333 0.6831250000000001 0.3933333333333333 0.6881250000000001 0.3983333333333333 0.68875
0 0.265 0.69625 0.27 0.693125 0.27666666666666667 0.6925000000000001 0.2758333333333333 0.690625 0.2816666666666666 0.685625 0.2791666666666667 0.6825 0.2575 0.6825 0.255 0.68875 0.265 0.69625
0 0.3258333333333333 0.6875 0.33416666666666667 0.6893750000000001 0.3375 0.693125 0.3408333333333333 0.6925000000000001 0.33666666666666667 0.6893750000000001 0.3433333333333333 0.686875 0.3441666666666666 0.6831250000000001 0.3491666666666667 0.686875 0.35083333333333333 0.685625 0.35583333333333333 0.690625 0.355 0.68625 0.3491666666666667 0.681875 0.3375 0.681875 0.3375 0.6881250000000001 0.33416666666666667 0.68875 0.32999999999999996 0.686875 0.3283333333333333 0.68125 0.32333333333333336 0.681875 0.3258333333333333 0.6875
0 0.35583333333333333 0.8612500000000001 0.3575 0.85875 0.35416666666666663 0.8568749999999999 0.35333333333333333 0.859375 0.35583333333333333 0.8612500000000001
0 0.3175 0.865 0.32166666666666666 0.8612500000000001 0.3175 0.85625 0.315 0.8568749999999999 0.31333333333333335 0.8631249999999999 0.3175 0.865
0 0.24 0.813125 0.24083333333333332 0.8225 0.26166666666666666 0.826875 0.27083333333333337 0.8331250000000001 0.2833333333333333 0.83125 0.31 0.8512500000000001 0.31916666666666665 0.85375 0.32416666666666666 0.853125 0.3275 0.8568749999999999 0.33166666666666667 0.8512500000000001 0.3375 0.8543750000000001 0.33999999999999997 0.859375 0.3433333333333333 0.85625 0.3433333333333333 0.838125 0.34833333333333333 0.8375 0.3516666666666667 0.8425 0.35583333333333333 0.8418750000000002 0.3625 0.844375 0.3683333333333333 0.8512500000000001 0.38333333333333336 0.8550000000000001 0.38249999999999995 0.859375 0.39 0.8643750000000001 0.3933333333333333 0.86 0.4033333333333333 0.8618750000000001 0.40499999999999997 0.85875 0.41083333333333333 0.8575000000000002 0.41083333333333333 0.8606250000000001 0.41500000000000004 0.8618750000000001 0.4225 0.858125 0.43166666666666664 0.8637500000000001 0.44333333333333336 0.8637500000000001 0.4458333333333333 0.8618750000000001 0.4491666666666666 0.86625 0.45999999999999996 0.869375 0.4725 0.869375 0.47333333333333333 0.8668750000000001 0.48 0.8700000000000001 0.4875 0.8700000000000001 0.4875 0.868125 0.48166666666666663 0.8675 0.4833333333333333 0.8625 0.48083333333333333 0.86 0.4725 0.85625 0.48666666666666664 0.8418750000000002 0.5008333333333332 0.8543750000000001 0.5141666666666667 0.859375 0.5216666666666667 0.85875 0.5391666666666667 0.8412499999999999 0.5533333333333333 0.8418750000000002 0.5675 0.8575000000000002 0.5733333333333334 0.86 0.5875 0.8606250000000001 0.6075 0.8425 0.62 0.84375 0.6316666666666666 0.8387500000000001 0.6475 0.8375 0.655 0.83125 0.6541666666666667 0.805625 0.65 0.791875 0.6316666666666666 0.790625 0.6258333333333332 0.7931250000000001 0.6233333333333333 0.798125 0.6116666666666666 0.798125 0.6058333333333333 0.7931250000000001 0.585 0.785 0.5599999999999999 0.7887500000000001 0.5458333333333333 0.7862500000000001 0.5433333333333333 0.789375 0.5391666666666667 0.79 0.5375 0.7875 0.5308333333333334 0.785625 0.5108333333333334 0.784375 0.5075000000000001 0.7875 0.49333333333333335 0.7862500000000001 0.49416666666666664 0.789375 0.49083333333333334 0.7931250000000001 0.4766666666666667 0.79375 0.47000000000000003 0.789375 0.4691666666666666 0.7862500000000001 0.465 0.785 0.42833333333333334 0.784375 0.425 0.78125 0.4175 0.78 0.4083333333333333 0.7818750000000001 0.37 0.78125 0.36 0.7831250000000001 0.3025 0.779375 0.2975 0.7825 0.2833333333333333 0.780625 0.27666666666666667 0.7831250000000001 0.25833333333333336 0.78125 0.25083333333333335 0.7825 0.24666666666666667 0.7862500000000001 0.24500000000000002 0.805 0.24 0.813125
0 0.6025 0.75125 0.6016666666666667 0.746875 0.6 0.748125 0.6025 0.75125
0 0.22416666666666668 0.7237500000000001 0.22583333333333333 0.7300000000000001 0.24666666666666667 0.733125 0.27166666666666667 0.7412500000000001 0.2783333333333333 0.74 0.2866666666666667 0.731875 0.2991666666666667 0.7306250000000001 0.32083333333333336 0.734375 0.3275 0.7418750000000001 0.3416666666666667 0.743125 0.35666666666666663 0.731875 0.36916666666666664 0.72875 0.3775 0.729375 0.38416666666666666 0.7262500000000001 0.4058333333333334 0.73125 0.4325 0.72875 0.43583333333333335 0.73125 0.45999999999999996 0.73375 0.5008333333333332 0.72875 0.5141666666666667 0.7350000000000001 0.5291666666666667 0.735625 0.5416666666666667 0.7456250000000001 0.5566666666666666 0.745 0.5666666666666667 0.7375 0.5883333333333333 0.7368750000000001 0.595 0.7412500000000001 0.5983333333333334 0.740625 0.6041666666666667 0.7462500000000001 0.6158333333333333 0.7475 0.63 0.7462500000000001 0.6366666666666666 0.7412500000000001 0.6608333333333334 0.7393750000000001 0.6625 0.735625 0.6575 0.6925000000000001 0.655 0.69125 0.6358333333333334 0.69125 0.6333333333333333 0.6893750000000001 0.6166666666666667 0.6881250000000001 0.5966666666666667 0.68875 0.5675 0.6825 0.5641666666666667 0.68625 0.5566666666666666 0.68625 0.5508333333333333 0.6837500000000001 0.5308333333333334 0.6837500000000001 0.5291666666666667 0.681875 0.5225 0.685 0.49916666666666665 0.685625 0.48666666666666664 0.6987500000000001 0.4766666666666667 0.700625 0.47000000000000003 0.698125 0.46416666666666667 0.6925000000000001 0.4658333333333333 0.681875 0.4575 0.678125 0.4533333333333333 0.68125 0.43083333333333335 0.681875 0.425 0.684375 0.4216666666666667 0.681875 0.4 0.68125 0.4 0.68875 0.3975 0.6900000000000001 0.39249999999999996 0.6875 0.3908333333333333 0.6825 0.38666666666666666 0.68125 0.365 0.68125 0.3591666666666667 0.6831250000000001 0.35416666666666663 0.6831250000000001 0.35333333333333333 0.680625 0.345 0.68125 0.3458333333333333 0.68875 0.3416666666666667 0.69125 0.3383333333333333 0.681875 0.33416666666666667 0.684375 0.33166666666666667 0.68125 0.32416666666666666 0.6825 0.3183333333333333 0.680625 0.2891666666666667 0.6825 0.28583333333333333 0.680625 0.2375 0.681875 0.23333333333333334 0.686875 0.22999999999999998 0.71125 0.22416666666666668 0.7237500000000001
0 0.21166666666666667 0.609375 0.205 0.619375 0.2058333333333333 0.62375 0.21000000000000002 0.6275000000000001 0.2325 0.6275000000000001 0.24416666666666664 0.6375 0.2575 0.6368750000000001 0.275 0.62625 0.3058333333333333 0.6268750000000001 0.3175 0.6375 0.3308333333333333 0.6375 0.335 0.6362500000000001 0.3441666666666666 0.6268750000000001 0.3725 0.621875 0.4066666666666666 0.62625 0.4208333333333333 0.62375 0.4508333333333333 0.6225 0.4725 0.628125 0.48166666666666663 0.6256250000000001 0.5058333333333334 0.62375 0.5191666666666667 0.629375 0.5266666666666666 0.629375 0.5358333333333334 0.633125 0.5391666666666667 0.64 0.5458333333333333 0.6368750000000001 0.5566666666666666 0.6375 0.5658333333333333 0.630625 0.6025 0.63125 0.6075 0.634375 0.61 0.64 0.615 0.6425000000000001 0.6291666666666667 0.6425000000000001 0.6433333333333333 0.634375 0.6641666666666667 0.6368750000000001 0.6691666666666667 0.6300000000000001 0.6641666666666667 0.595 0.6583333333333333 0.58125 0.645 0.58625 0.6375 0.5987500000000001 0.63 0.604375 0.6158333333333333 0.604375 0.6083333333333333 0.598125 0.5983333333333334 0.5806250000000001 0.5825 0.576875 0.5741666666666666 0.579375 0.5566666666666666 0.601875 0.5466666666666666 0.603125 0.5375 0.599375 0.5341666666666667 0.5900000000000001 0.5183333333333333 0.5743750000000001 0.5075000000000001 0.575625 0.49916666666666665 0.5737500000000001 0.4916666666666667 0.58875 0.485 0.598125 0.48083333333333333 0.6 0.4691666666666666 0.599375 0.46416666666666667 0.5962500000000001 0.4525 0.5775 0.44666666666666666 0.5737500000000001 0.425 0.5743750000000001 0.41583333333333333 0.59375 0.41 0.5987500000000001 0.3975 0.5975 0.39249999999999996 0.5943750000000001 0.37666666666666665 0.573125 0.3525 0.5737500000000001 0.34833333333333333 0.5787500000000001 0.34249999999999997 0.595 0.3375 0.5987500000000001 0.32416666666666666 0.5975 0.30333333333333334 0.575 0.29333333333333333 0.575 0.29 0.5850000000000001 0.28583333333333333 0.586875 0.2791666666666667 0.579375 0.26916666666666667 0.5962500000000001 0.2658333333333333 0.5987500000000001 0.25833333333333336 0.5987500000000001 0.2533333333333333 0.5975 0.23583333333333334 0.5825 0.23333333333333334 0.5737500000000001 0.22000000000000003 0.571875 0.215 0.5743750000000001 0.21333333333333332 0.6006250000000001 0.21166666666666667 0.609375
0 0.155 0.3 0.15083333333333332 0.304375 0.15333333333333332 0.3075 0.1675 0.30812500000000004 0.1775 0.319375 0.19749999999999998 0.3175 0.2 0.314375 0.19916666666666666 0.30875 0.20249999999999999 0.30625 0.23500000000000001 0.30500000000000005 0.24166666666666664 0.30625 0.24416666666666664 0.30875 0.2533333333333333 0.30625 0.25666666666666665 0.3075 0.25666666666666665 0.31125 0.2625 0.31375000000000003 0.25916666666666666 0.31625000000000003 0.26166666666666666 0.31812500000000005 0.2658333333333333 0.316875 0.27 0.30875 0.275 0.30875 0.28250000000000003 0.30375 0.3158333333333333 0.30375 0.33166666666666667 0.30625 0.3358333333333333 0.304375 0.36333333333333334 0.304375 0.37 0.303125 0.37416666666666665 0.3 0.385 0.30375 0.4 0.30375 0.4116666666666666 0.30812500000000004 0.4216666666666667 0.30875 0.42833333333333334 0.301875 0.4375 0.30812500000000004 0.4425 0.30812500000000004 0.45 0.30375 0.465 0.30250000000000005 0.4875 0.30500000000000005 0.4958333333333333 0.304375 0.5008333333333332 0.30062500000000003 0.51 0.3 0.5266666666666666 0.30125 0.53 0.303125 0.5708333333333333 0.30500000000000005 0.595 0.29625 0.6125 0.306875 0.62 0.304375 0.6541666666666667 0.30562500000000004 0.6591666666666667 0.30875 0.675 0.311875 0.6783333333333333 0.3175 0.6825 0.31 0.6958333333333333 0.30375 0.6958333333333333 0.29625 0.6883333333333332 0.284375 0.6708333333333333 0.273125 0.6633333333333333 0.25562500000000005 0.6599999999999999 0.244375 0.6649999999999999 0.22687500000000002 0.655 0.2225 0.6391666666666667 0.22125 0.6191666666666666 0.22312500000000002 0.5858333333333333 0.2225 0.5758333333333333 0.22125 0.5708333333333333 0.216875 0.5691666666666666 0.21875 0.5675 0.216875 0.5691666666666666 0.22000000000000003 0.5650000000000001 0.221875 0.49083333333333334 0.221875 0.47750000000000004 0.225 0.4666666666666667 0.22312500000000002 0.45166666666666666 0.22312500000000002 0.44666666666666666 0.22562500000000002 0.4408333333333333 0.22312500000000002 0.4033333333333333 0.22312500000000002 0.3933333333333333 0.22625 0.3675 0.22562500000000002 0.3616666666666667 0.22749999999999998 0.3458333333333333 0.224375 0.3075 0.22625 0.28833333333333333 0.22312500000000002 0.2791666666666667 0.228125 0.27166666666666667 0.22749999999999998 0.26166666666666666 0.23000000000000004 0.24500000000000002 0.22749999999999998 0.22833333333333333 0.228125 0.21749999999999997 0.23125 0.21166666666666667 0.248125 0.20750000000000002 0.253125 0.17916666666666667 0.264375 0.175 0.26875 0.16666666666666669 0.296875 0.155 0.3
0 0.3484375 0.99453125 0.0015625 0.0015625
0 0.32109375 0.99453125 0.00078125 0.0015625
0 0.2683333333333333 0.974375 0.27166666666666667 0.9775 0.2866666666666667 0.978125 0.29583333333333334 0.9818750000000002 0.31666666666666665 0.9818750000000002 0.3275 0.9787500000000001 0.3491666666666667 0.9800000000000001 0.35416666666666663 0.9881250000000001 0.3591666666666667 0.984375 0.37083333333333335 0.9850000000000001 0.37583333333333335 0.99375 0.38249999999999995 0.9962500000000001 0.38249999999999995 0.999375 0.39166666666666666 0.999375 0.3933333333333333 0.9956250000000001 0.40083333333333326 0.9975000000000002 0.41083333333333333 0.9950000000000001 0.41083333333333333 0.9912500000000002 0.4216666666666667 0.9825000000000002 0.4291666666666667 0.98375 0.4291666666666667 0.9950000000000001 0.43583333333333335 0.9956250000000001 0.4383333333333333 0.999375 0.44749999999999995 0.999375 0.44833333333333336 0.9975000000000002 0.4508333333333333 0.999375 0.4583333333333333 0.999375 0.4625 0.9918750000000001 0.4708333333333333 0.996875 0.4791666666666667 0.9887500000000001 0.4875 0.9950000000000001 0.4875 0.984375 0.49083333333333334 0.9825000000000002 0.5066666666666666 0.984375 0.515 0.9887500000000001 0.525 0.99 0.5383333333333333 0.999375 0.5425 0.996875 0.5508333333333333 0.996875 0.5525 0.999375 0.5566666666666666 0.996875 0.5599999999999999 0.999375 0.5691666666666666 0.999375 0.5725 0.993125 0.5775 0.9912500000000002 0.5891666666666666 0.99375 0.5941666666666666 0.999375 0.5974999999999999 0.996875 0.6191666666666666 0.999375 0.6233333333333333 0.9962500000000001 0.6366666666666666 0.996875 0.6408333333333334 0.990625 0.64 0.9625 0.6341666666666667 0.959375 0.6091666666666666 0.95625 0.5775 0.95625 0.5733333333333334 0.9543750000000001 0.5533333333333333 0.95375 0.55 0.9512500000000002 0.5475 0.9550000000000001 0.5291666666666667 0.9556250000000001 0.5141666666666667 0.9493750000000001 0.49833333333333335 0.95375 0.49000000000000005 0.95375 0.4833333333333333 0.951875 0.4666666666666667 0.951875 0.4575 0.9487500000000001 0.42416666666666664 0.9512500000000002 0.4091666666666667 0.95 0.4041666666666667 0.946875 0.3808333333333333 0.9493750000000001 0.3516666666666667 0.9493750000000001 0.28250000000000003 0.944375 0.2758333333333333 0.945625 0.27416666666666667 0.9481250000000001 0.2683333333333333 0.9693750000000001 0.2683333333333333 0.974375
0 0.5791666666666667 0.806875 0.5775 0.8025 0.5758333333333333 0.805 0.5791666666666667 0.806875
0 0.2308333333333333 0.7300000000000001 0.2341666666666667 0.7256250000000001 0.22916666666666666 0.726875 0.2308333333333333 0.7300000000000001
0 0.24333333333333332 0.7300000000000001 0.24833333333333335 0.72875 0.2525 0.733125 0.23333333333333334 0.77 0.2341666666666667 0.77625 0.2425 0.779375 0.2733333333333333 0.78 0.29 0.785625 0.2991666666666667 0.779375 0.34249999999999997 0.78 0.3466666666666667 0.7818750000000001 0.3433333333333333 0.785625 0.345 0.7881250000000001 0.34833333333333333 0.7862500000000001 0.35333333333333333 0.786875 0.3575 0.78 0.40083333333333326 0.780625 0.41083333333333333 0.7825 0.4058333333333334 0.785625 0.40750000000000003 0.7875 0.41 0.786875 0.41083333333333333 0.79 0.4133333333333333 0.784375 0.4166666666666667 0.785 0.4175 0.79 0.42000000000000004 0.7875 0.425 0.7875 0.42833333333333334 0.780625 0.4375 0.7825 0.4425 0.78125 0.46333333333333326 0.784375 0.4766666666666667 0.794375 0.48916666666666664 0.794375 0.49833333333333335 0.7862500000000001 0.5083333333333333 0.7862500000000001 0.5116666666666666 0.7825 0.5183333333333333 0.78125 0.53 0.7837500000000001 0.5383333333333333 0.7931250000000001 0.5433333333333333 0.795625 0.5558333333333334 0.794375 0.5675 0.785 0.585 0.785625 0.5974999999999999 0.7887500000000001 0.6025 0.79625 0.6091666666666666 0.7993750000000001 0.6241666666666666 0.796875 0.6341666666666667 0.7887500000000001 0.6541666666666667 0.789375 0.6608333333333334 0.7831250000000001 0.6541666666666667 0.7306250000000001 0.6508333333333333 0.7325 0.6475 0.7300000000000001 0.6391666666666667 0.729375 0.63 0.7362500000000001 0.62 0.7362500000000001 0.6125 0.73375 0.6166666666666667 0.7362500000000001 0.6166666666666667 0.738125 0.6125 0.7393750000000001 0.6016666666666667 0.738125 0.6025 0.734375 0.6008333333333333 0.7362500000000001 0.585 0.73125 0.5775 0.73125 0.5708333333333333 0.7350000000000001 0.5566666666666666 0.73125 0.53 0.731875 0.5266666666666666 0.73375 0.5108333333333334 0.7325 0.5 0.72875 0.49416666666666664 0.721875 0.4925 0.7275 0.47833333333333333 0.7300000000000001 0.45916666666666667 0.728125 0.45666666666666667 0.724375 0.4458333333333333 0.726875 0.44000000000000006 0.7256250000000001 0.43583333333333335 0.7275 0.4258333333333333 0.7275 0.4258333333333333 0.72 0.4225 0.723125 0.42041666666666666 0.7193750000000001 0.4125 0.71875 0.4133333333333333 0.713125 0.41083333333333333 0.711875 0.4083333333333333 0.7143750000000001 0.40499999999999997 0.713125 0.4041666666666667 0.716875 0.40083333333333326 0.71875 0.38666666666666666 0.718125 0.38416666666666666 0.7237500000000001 0.37333333333333335 0.72875 0.36333333333333334 0.728125 0.3625 0.71875 0.35833333333333334 0.7212500000000001 0.35583333333333333 0.7175 0.3575 0.724375 0.35416666666666663 0.726875 0.3441666666666666 0.7262500000000001 0.3383333333333333 0.728125 0.32999999999999996 0.7256250000000001 0.31 0.7275 0.30833333333333335 0.72 0.3 0.71625 0.2966666666666667 0.718125 0.2891666666666667 0.718125 0.2875 0.7237500000000001 0.2833333333333333 0.7256250000000001 0.26749999999999996 0.725 0.265 0.7212500000000001 0.25916666666666666 0.7262500000000001 0.2558333333333333 0.7262500000000001 0.25166666666666665 0.724375 0.25166666666666665 0.7206250000000001 0.2475 0.7225 0.24083333333333332 0.72 0.24083333333333332 0.728125 0.24333333333333332 0.7300000000000001
0 0.36953125 0.70625 0.00078125 0.00078125
0 0.3140625 0.70625 0.0015625 0.00078125
0 0.38 0.70625 0.38333333333333336 0.706875 0.38333333333333336 0.7050000000000001 0.38 0.703125 0.38 0.70625
0 0.54921875 0.703125 0.00390625 0.00078125
0 0.5375 0.7025 0.5349999999999999 0.700625 0.5358333333333334 0.704375 0.5375 0.7025
0 0.49140625 0.7 0.00078125 0.00078125
0 0.2734375 0.7 0.00546875 0.00078125
0 0.31416666666666665 0.7 0.3183333333333333 0.701875 0.31916666666666665 0.6993750000000001 0.31666666666666665 0.6975 0.31416666666666665 0.696875 0.31416666666666665 0.7
0 0.40083333333333326 0.7 0.40750000000000003 0.7037500000000001 0.4216666666666667 0.700625 0.4216666666666667 0.69625 0.41916666666666663 0.698125 0.4066666666666666 0.696875 0.40083333333333326 0.6975 0.40083333333333326 0.7
0 0.5916666666666667 0.6993750000000001 0.5916666666666667 0.6950000000000001 0.5891666666666666 0.6950000000000001 0.5916666666666667 0.6993750000000001
0 0.265 0.696875 0.26416666666666666 0.69375 0.2625 0.695625 0.265 0.696875
0 0.5775 0.696875 0.5866666666666667 0.695625 0.575 0.691875 0.5741666666666666 0.6943750000000001 0.5775 0.696875
0 0.40750000000000003 0.6943750000000001 0.40750000000000003 0.691875 0.40499999999999997 0.691875 0.40750000000000003 0.6943750000000001
0 0.24416666666666664 0.693125 0.24 0.691875 0.24083333333333332 0.69375 0.24416666666666664 0.693125
0 0.6316666666666666 0.695625 0.6333333333333333 0.701875 0.6366666666666666 0.69625 0.6358333333333334 0.6925000000000001 0.6316666666666666 0.69125 0.63 0.6943750000000001 0.6275000000000001 0.6943750000000001 0.6266666666666667 0.691875 0.6224999999999999 0.691875 0.6224999999999999 0.69375 0.6316666666666666 0.695625
0 0.515 0.6943750000000001 0.52 0.6925000000000001 0.515 0.6893750000000001 0.5116666666666666 0.6925000000000001 0.515 0.6943750000000001
0 0.5641666666666667 0.6987500000000001 0.5683333333333334 0.695625 0.5675 0.6881250000000001 0.5549999999999999 0.6900000000000001 0.5508333333333333 0.6875 0.5525 0.6900000000000001 0.5475 0.69125 0.5458333333333333 0.6875 0.5433333333333333 0.6893750000000001 0.5408333333333333 0.6881250000000001 0.5366666666666666 0.68875 0.5641666666666667 0.6987500000000001
0 0.2808333333333333 0.7 0.2816666666666666 0.7075 0.2875 0.7100000000000001 0.2891666666666667 0.71375 0.29416666666666663 0.70625 0.2925 0.7 0.3058333333333333 0.69625 0.31 0.693125 0.31416666666666665 0.6950000000000001 0.3175 0.685625 0.31416666666666665 0.6881250000000001 0.3091666666666667 0.685 0.2966666666666667 0.68625 0.29333333333333333 0.696875 0.2808333333333333 0.7
0 0.4041666666666667 0.6881250000000001 0.4216666666666667 0.6875 0.425 0.69375 0.4258333333333333 0.6925000000000001 0.425 0.685 0.41833333333333333 0.6825 0.4091666666666667 0.6825 0.4116666666666666 0.686875 0.4066666666666666 0.686875 0.4025 0.6831250000000001 0.39416666666666667 0.684375 0.39416666666666667 0.68625 0.4041666666666667 0.6881250000000001
0 0.3258333333333333 0.681875 0.3275 0.685625 0.33416666666666667 0.6875 0.3516666666666667 0.685625 0.34833333333333333 0.6825 0.33249999999999996 0.681875 0.32999999999999996 0.685625 0.3258333333333333 0.681875
0 0.25916666666666666 0.6925000000000001 0.26 0.6875 0.26666666666666666 0.6900000000000001 0.27083333333333337 0.68625 0.2758333333333333 0.686875 0.2783333333333333 0.685 0.27666666666666667 0.6825 0.27166666666666667 0.684375 0.26749999999999996 0.681875 0.26083333333333336 0.681875 0.2558333333333333 0.68625 0.255 0.68875 0.25916666666666666 0.6925000000000001
0 0.26749999999999996 0.943125 0.3 0.9425000000000001 0.32 0.94375 0.3275 0.94625 0.36083333333333334 0.9475 0.4025 0.945625 0.42333333333333334 0.95 0.4425 0.946875 0.49333333333333335 0.9525 0.515 0.9481250000000001 0.5191666666666667 0.9525 0.5241666666666667 0.95375 0.5508333333333333 0.95375 0.5533333333333333 0.9512500000000002 0.5608333333333333 0.9512500000000002 0.5741666666666666 0.9543750000000001 0.5925 0.9556250000000001 0.61 0.9543750000000001 0.6291666666666667 0.9581250000000001 0.6408333333333334 0.9581250000000001 0.645 0.951875 0.6433333333333333 0.9275 0.64 0.920625 0.6241666666666666 0.921875 0.6016666666666667 0.920625 0.5925 0.9175000000000001 0.5633333333333332 0.9175000000000001 0.5508333333333333 0.9125 0.5349999999999999 0.915625 0.5016666666666667 0.909375 0.48166666666666663 0.911875 0.475 0.9099999999999999 0.45999999999999996 0.9099999999999999 0.45666666666666667 0.913125 0.4525 0.911875 0.4458333333333333 0.915625 0.43499999999999994 0.9137500000000001 0.43166666666666664 0.909375 0.42416666666666664 0.9112500000000001 0.41083333333333333 0.905625 0.39 0.905625 0.36583333333333334 0.9099999999999999 0.3525 0.9081250000000001 0.34750000000000003 0.9106250000000001 0.3416666666666667 0.9087500000000001 0.32 0.9099999999999999 0.31083333333333335 0.9081250000000001 0.30666666666666664 0.914375 0.30083333333333334 0.9106250000000001 0.28583333333333333 0.9112500000000001 0.2758333333333333 0.909375 0.2658333333333333 0.91625 0.26166666666666666 0.9268750000000001 0.26 0.9387500000000001 0.26749999999999996 0.943125
0 0.5266666666666666 0.746875 0.5283333333333333 0.744375 0.525 0.743125 0.5216666666666667 0.744375 0.5266666666666666 0.746875
0 0.4421875 0.7375 0.0015625 0.00078125
0 0.2375 0.630625 0.24166666666666664 0.629375 0.2393390804597701 0.6282112068965517 0.2375 0.630625
0 0.22083333333333335 0.681875 0.2308333333333333 0.6825 0.23333333333333334 0.684375 0.22999999999999998 0.711875 0.22583333333333333 0.7206250000000001 0.22666666666666666 0.7300000000000001 0.24583333333333335 0.7325 0.26 0.73875 0.2725 0.7412500000000001 0.2783333333333333 0.74 0.28500000000000003 0.7325 0.29 0.7306250000000001 0.32083333333333336 0.733125 0.3275 0.7412500000000001 0.3416666666666667 0.743125 0.3575 0.73125 0.3716666666666667 0.728125 0.37666666666666665 0.729375 0.38166666666666665 0.7256250000000001 0.40750000000000003 0.7306250000000001 0.42333333333333334 0.72875 0.4325 0.72875 0.43499999999999994 0.73125 0.4525 0.7306250000000001 0.4583333333333333 0.7325 0.4625 0.7375 0.4666666666666667 0.7375 0.4666666666666667 0.734375 0.47000000000000003 0.7325 0.49833333333333335 0.72875 0.5116666666666666 0.7362500000000001 0.5283333333333333 0.735625 0.5341666666666667 0.743125 0.5441666666666667 0.7456250000000001 0.5558333333333334 0.745 0.5650000000000001 0.738125 0.5900000000000001 0.7362500000000001 0.6016666666666667 0.7412500000000001 0.6033333333333333 0.7456250000000001 0.5983333333333334 0.744375 0.5958333333333333 0.7475 0.6 0.749375 0.6016666666666667 0.753125 0.6025 0.7462500000000001 0.6275000000000001 0.7462500000000001 0.6358333333333334 0.740625 0.6575 0.74 0.6616666666666666 0.7375 0.6575 0.6943750000000001 0.6649999999999999 0.68625 0.6649999999999999 0.675 0.6608333333333334 0.6518750000000001 0.6575 0.6475000000000001 0.6583333333333333 0.6368750000000001 0.6533333333333333 0.635 0.6258333333333332 0.633125 0.6174999999999999 0.6368750000000001 0.6 0.6318750000000001 0.5791666666666667 0.633125 0.5566666666666666 0.6300000000000001 0.5425 0.630625 0.5391666666666667 0.633125 0.5325 0.6300000000000001 0.51 0.628125 0.5025000000000001 0.62375 0.47000000000000003 0.630625 0.4533333333333333 0.6225 0.4425 0.624375 0.43166666666666664 0.6225 0.425 0.625 0.4116666666666666 0.624375 0.4066666666666666 0.62625 0.4041666666666667 0.634375 0.40166666666666667 0.629375 0.3908333333333333 0.62375 0.37 0.621875 0.3591666666666667 0.623125 0.355 0.62625 0.34833333333333333 0.62625 0.32916666666666666 0.635625 0.3175 0.6362500000000001 0.31083333333333335 0.62875 0.29500000000000004 0.6268750000000001 0.265 0.62875 0.26166666666666666 0.63125 0.25416666666666665 0.62875 0.2525 0.6300000000000001 0.255 0.63375 0.25166666666666665 0.6362500000000001 0.24333333333333332 0.6362500000000001 0.2375 0.640625 0.21583333333333332 0.67 0.21583333333333332 0.6787500000000001 0.22083333333333335 0.681875
0 0.41916666666666663 0.9700000000000001 0.4216666666666667 0.9706250000000001 0.4225 0.9650000000000001 0.4291666666666667 0.9643750000000001 0.4325 0.9668750000000002 0.4325 0.9643750000000001 0.42833333333333334 0.9606250000000001 0.42333333333333334 0.9643750000000001 0.4216666666666667 0.9631250000000001 0.42000000000000004 0.9662500000000002 0.4216666666666667 0.9668750000000002 0.41916666666666663 0.9700000000000001
0 0.385 0.9737500000000001 0.385 0.9662500000000002 0.39 0.9631250000000001 0.39166666666666666 0.9668750000000002 0.3947512437810945 0.9651399253731343 0.3908333333333333 0.961875 0.39 0.9512500000000002 0.38666666666666666 0.95 0.38583333333333336 0.953125 0.37916666666666665 0.95625 0.38166666666666665 0.9606250000000001 0.37666666666666665 0.9712500000000001 0.38 0.975 0.385 0.9737500000000001
0 0.4125 0.9631250000000001 0.40750000000000003 0.9625 0.3983333333333333 0.968125 0.3951016260162602 0.9654319105691058 0.3975 0.9756250000000002 0.40750000000000003 0.971875 0.41 0.974375 0.41583333333333333 0.9737500000000001 0.4125 0.9631250000000001
0 0.4041666666666667 0.9543750000000001 0.4041666666666667 0.9493750000000001 0.4 0.9493750000000001 0.4041666666666667 0.9543750000000001
0 0.2725 0.978125 0.2875 0.978125 0.28500000000000003 0.9818750000000002 0.28583333333333333 0.9881250000000001 0.2791666666666667 0.9887500000000001 0.275 0.999375 0.32333333333333336 0.999375 0.325 0.996875 0.3383333333333333 0.996875 0.3433333333333333 0.999375 0.6391666666666667 0.999375 0.6408333333333334 0.9912500000000002 0.6383333333333333 0.9600000000000002 0.6216666666666667 0.959375 0.6158333333333333 0.96125 0.6083333333333333 0.9575000000000001 0.6016666666666667 0.95875 0.5891666666666666 0.95625 0.5741666666666666 0.9581250000000001 0.5708333333333333 0.9556250000000001 0.5525 0.9543750000000001 0.55 0.951875 0.55 0.9568749999999999 0.5466666666666666 0.95875 0.54 0.95625 0.5216666666666667 0.9556250000000001 0.5158333333333334 0.9512500000000002 0.5083333333333333 0.95 0.5033333333333333 0.95375 0.4875 0.959375 0.48250000000000004 0.953125 0.4791666666666667 0.953125 0.48166666666666663 0.959375 0.4683333333333334 0.9700000000000001 0.46416666666666667 0.9668750000000002 0.46333333333333326 0.9625 0.45999999999999996 0.961875 0.45999999999999996 0.9556250000000001 0.4625 0.953125 0.4583333333333333 0.95 0.45583333333333337 0.9493750000000001 0.4525 0.951875 0.4291666666666667 0.951875 0.4258333333333333 0.953125 0.43166666666666664 0.95625 0.42833333333333334 0.95875 0.4383333333333333 0.9600000000000002 0.44000000000000006 0.9662500000000002 0.4341666666666667 0.96875 0.43 0.9731250000000001 0.43083333333333335 0.976875 0.4258333333333333 0.9793750000000001 0.39583333333333337 0.9775 0.39 0.9793750000000001 0.37916666666666665 0.9787500000000001 0.37583333333333335 0.9806250000000001 0.3591666666666667 0.9806250000000001 0.35583333333333333 0.9700000000000001 0.36583333333333334 0.9693750000000001 0.3675 0.9668750000000002 0.36416666666666664 0.9625 0.36916666666666664 0.9568749999999999 0.37416666666666665 0.9568749999999999 0.37666666666666665 0.9525 0.3591666666666667 0.95 0.35083333333333333 0.951875 0.3441666666666666 0.9493750000000001 0.32999999999999996 0.9487500000000001 0.325 0.9493750000000001 0.32166666666666666 0.95625 0.31333333333333335 0.9568749999999999 0.30833333333333335 0.9543750000000001 0.30833333333333335 0.9481250000000001 0.3058333333333333 0.945625 0.3 0.945625 0.2966666666666667 0.9487500000000001 0.29 0.94625 0.2783333333333333 0.945625 0.275 0.9475 0.27416666666666667 0.9568749999999999 0.26916666666666667 0.9675 0.2683333333333333 0.974375 0.2725 0.978125
0 0.609375 0.6359375 0.00078125 0.0015625
0 0.21166666666666667 0.6112500000000001 0.20666666666666664 0.619375 0.20750000000000002 0.623125 0.20916666666666667 0.62625 0.21333333333333332 0.6268750000000001 0.23666666666666666 0.62625 0.2375 0.6300000000000001 0.24333333333333332 0.634375 0.24666666666666667 0.629375 0.25166666666666665 0.6318750000000001 0.25 0.634375 0.2575 0.63125 0.25833333333333336 0.634375 0.26666666666666666 0.6256250000000001 0.27749999999999997 0.62625 0.2866666666666667 0.6300000000000001 0.29500000000000004 0.6268750000000001 0.31166666666666665 0.6275000000000001 0.31416666666666665 0.625 0.3183333333333333 0.625 0.32083333333333336 0.6275000000000001 0.3175 0.6318750000000001 0.32416666666666666 0.6318750000000001 0.3275 0.630625 0.32416666666666666 0.628125 0.32666666666666666 0.625 0.335 0.624375 0.34249999999999997 0.6275000000000001 0.3491666666666667 0.6275000000000001 0.35833333333333334 0.624375 0.37583333333333335 0.62375 0.3908333333333333 0.62625 0.39666666666666667 0.6300000000000001 0.39583333333333337 0.633125 0.4 0.63375 0.40083333333333326 0.62875 0.4041666666666667 0.62625 0.40750000000000003 0.62875 0.41833333333333333 0.62875 0.42416666666666664 0.625 0.44666666666666666 0.6225 0.45916666666666667 0.6268750000000001 0.4691666666666666 0.635 0.47333333333333333 0.62875 0.5066666666666666 0.62375 0.5183333333333333 0.62625 0.5225 0.630625 0.5358333333333334 0.6300000000000001 0.5416666666666667 0.6318750000000001 0.54 0.638125 0.545 0.6362500000000001 0.5533333333333333 0.63875 0.5566666666666666 0.6368750000000001 0.5575 0.6325000000000001 0.5625 0.630625 0.5916666666666667 0.6325000000000001 0.6091666666666666 0.629375 0.6141666666666666 0.63375 0.6125 0.640625 0.6191666666666666 0.6425000000000001 0.63 0.641875 0.6325000000000001 0.635625 0.6383333333333333 0.63375 0.6633333333333333 0.6368750000000001 0.6683333333333333 0.633125 0.6608333333333334 0.5775 0.6 0.5775 0.5883333333333333 0.5737500000000001 0.5808333333333333 0.5737500000000001 0.5691666666666666 0.57625 0.5675 0.5787500000000001 0.5525 0.57625 0.5391666666666667 0.579375 0.5358333333333334 0.5775 0.5383333333333333 0.5743750000000001 0.525 0.575 0.5175 0.57125 0.5108333333333334 0.5725 0.5016666666666667 0.5675000000000001 0.4916666666666667 0.5725 0.4666666666666667 0.575 0.4425 0.57125 0.39416666666666667 0.5743750000000001 0.355 0.5700000000000001 0.3491666666666667 0.57125 0.3458333333333333 0.5743750000000001 0.3383333333333333 0.575 0.335 0.5725 0.32333333333333336 0.5737500000000001 0.3258333333333333 0.5806250000000001 0.32416666666666666 0.581875 0.32083333333333336 0.5800000000000001 0.3175 0.5856250000000001 0.31166666666666665 0.581875 0.3058333333333333 0.573125 0.27749999999999997 0.5737500000000001 0.27083333333333337 0.58625 0.26666666666666666 0.5856250000000001 0.265 0.5875 0.2625 0.5831250000000001 0.26666666666666666 0.5800000000000001 0.2658333333333333 0.576875 0.2625 0.5806250000000001 0.2533333333333333 0.578125 0.2575 0.57125 0.24416666666666664 0.5700000000000001 0.2325 0.571875 0.22000000000000003 0.5700000000000001 0.21416666666666667 0.573125 0.21416666666666667 0.596875 0.21166666666666667 0.6112500000000001
0 0.26166666666666666 0.5675000000000001 0.265 0.573125 0.26749999999999996 0.5675000000000001 0.26416666666666666 0.5693750000000001 0.26166666666666666 0.5675000000000001