0 0.2328125 0.9278350515463918 0.23046875 0.9536082474226806 0.23359375 0.9587628865979383 0.32421875 0.9810996563573884 0.328125 0.9793814432989691 0.33359375 0.9621993127147768 0.321875 0.9467353951890034 0.31953125 0.9347079037800687 0.3171875 0.936426116838488 0.3171875 0.9175257731958764 0.32109375 0.9106529209621994 0.3140625 0.8900343642611684 0.309375 0.8848797250859107 0.28125 0.879725085910653 0.2671875 0.8711340206185568 0.2234375 0.8728522336769761 0.2234375 0.9037800687285223 0.2328125 0.9278350515463918
0 0.2 0.7371134020618557 0.1984375 0.7628865979381444 0.20234375 0.79553264604811 0.21015625 0.8178694158075602 0.21171875 0.845360824742268 0.2203125 0.8780068728522338 0.22578125 0.9226804123711341 0.2328125 0.9312714776632303 0.234375 0.9553264604810998 0.25390625 0.9587628865979383 0.25546875 0.9501718213058419 0.26484375 0.9621993127147768 0.26640625 0.9553264604810998 0.271875 0.9656357388316152 0.3 0.9725085910652922 0.30234375 0.9621993127147768 0.30546875 0.963917525773196 0.305078125 0.9725085910652922 0.3234375 0.9759450171821307 0.32265625 0.9553264604810998 0.31796875 0.9553264604810998 0.31484375 0.9467353951890034 0.31796875 0.9398625429553265 0.3171875 0.9243986254295533 0.32109375 0.8934707903780069 0.3125 0.8848797250859107 0.3078125 0.8625429553264606 0.309375 0.845360824742268 0.30234375 0.8075601374570448 0.30234375 0.7714776632302407 0.30625 0.7646048109965636 0.30546875 0.7542955326460482 0.3 0.7353951890034365 0.30078125 0.7268041237113403 0.296875 0.7268041237113403 0.28984375 0.7147766323024055 0.28671875 0.6924398625429553 0.2890625 0.6804123711340206 0.28046875 0.6701030927835052 0.28203125 0.6460481099656358 0.26796875 0.6357388316151203 0.2671875 0.6460481099656358 0.2703125 0.6546391752577321 0.2609375 0.661512027491409 0.2515625 0.6529209621993128 0.25390625 0.6443298969072165 0.25234375 0.6305841924398626 0.23203125 0.6288659793814434 0.22734375 0.6460481099656358 0.215625 0.6357388316151203 0.209375 0.6529209621993128 0.20078125 0.6529209621993128 0.20078125 0.6580756013745706 0.1890625 0.668384879725086 0.1890625 0.7130584192439863 0.2 0.7371134020618557
0 0.61484375 0.29553264604810997 0.6296875 0.29553264604810997 0.6328125 0.2869415807560137 0.6328125 0.2800687285223368 0.61171875 0.281786941580756 0.61015625 0.2920962199312715 0.61484375 0.29553264604810997
0 0.6390625 0.06640625 0.00234375 0.00859375
0 0.58125 0.29553264604810997 0.6046875 0.29553264604810997 0.6078125 0.2920962199312715 0.6078125 0.2680412371134021 0.61328125 0.26975945017182135 0.61640625 0.26460481099656363 0.60859375 0.2611683848797251 0.6109375 0.25429553264604815 0.6078125 0.2405498281786942 0.61015625 0.15292096219931273 0.6125 0.14604810996563575 0.6171875 0.1443298969072165 0.63125 0.14776632302405499 0.634375 0.13917525773195877 0.63359375 0.1288659793814433 0.6296875 0.12371134020618557 0.6296875 0.11340206185567012 0.63671875 0.11340206185567012 0.63671875 0.10137457044673541 0.63125 0.09106529209621994 0.63828125 0.07731958762886598 0.6328125 0.06357388316151204 0.63359375 0.058419243986254296 0.63984375 0.05498281786941581 0.6359375 0.05326460481099656 0.63984375 0.044673539518900345 0.6359375 0.044673539518900345 0.63359375 0.030927835051546393 0.59765625 0.027491408934707907 0.58671875 0.03608247422680413 0.5796875 0.19587628865979384 0.57421875 0.2525773195876289 0.5734375 0.29037800687285226 0.58125 0.29553264604810997
0 0.3484375 0.4037800687285224 0.3453125 0.4312714776632303 0.34609375 0.46735395189003437 0.37578125 0.4810996563573884 0.4203125 0.4828178694158076 0.425 0.4810996563573884 0.43125 0.46735395189003437 0.44375 0.46563573883161513 0.4484375 0.45704467353951894 0.45234375 0.43298969072164956 0.45234375 0.41924398625429554 0.4484375 0.41065292096219935 0.44765625 0.3969072164948454 0.44921875 0.3436426116838488 0.44140625 0.32130584192439865 0.3546875 0.3178694158075602 0.34453125 0.33161512027491413 0.34453125 0.39518900343642616 0.3484375 0.4037800687285224
0 0.41640625 0.8728522336769761 0.4140625 0.8694158075601376 0.4109375 0.8728522336769761 0.41640625 0.8728522336769761
0 0.32734375 0.88659793814433 0.35546875 0.8848797250859107 0.3546875 0.8762886597938145 0.35 0.8711340206185568 0.32578125 0.8711340206185568 0.3234375 0.8831615120274915 0.32734375 0.88659793814433
0 0.3859375 0.8711340206185568 0.3875 0.8642611683848799 0.39375 0.8762886597938145 0.40078125 0.8728522336769761 0.396875 0.8608247422680414 0.3859375 0.8608247422680414 0.3859375 0.8711340206185568
0 0.39140625 0.8591065292096222 0.38984375 0.8539518900343642 0.38828125 0.8591065292096222 0.39140625 0.8591065292096222
0 0.36953125 0.8484375 0.0015625 0.003125
0 0.3375 0.8642611683848799 0.34375 0.8487972508591065 0.3484375 0.852233676975945 0.34609375 0.8625429553264606 0.3484375 0.8659793814432991 0.35078125 0.8573883161512029 0.35625 0.8573883161512029 0.3546875 0.8436426116838488 0.35390625 0.8505154639175257 0.35078125 0.8436426116838488 0.346875 0.8487972508591065 0.34140625 0.8470790378006873 0.334375 0.8367697594501718 0.325 0.8470790378006873 0.328125 0.8539518900343642 0.32734375 0.8591065292096222 0.3375 0.8642611683848799
0 0.36953125 0.8728522336769761 0.3734375 0.8728522336769761 0.3765625 0.8659793814432991 0.37109375 0.8573883161512029 0.3703125 0.8676975945017184 0.366015625 0.8573883161512029 0.3578125 0.8573883161512029 0.3578125 0.8625429553264606 0.36875 0.8676975945017184 0.36953125 0.8728522336769761
0 0.30078125 0.6512027491408936 0.30078125 0.661512027491409 0.3046875 0.6701030927835052 0.29921875 0.6735395189003437 0.30546875 0.6907216494845361 0.30078125 0.7164948453608248 0.31328125 0.731958762886598 0.31015625 0.7439862542955327 0.3140625 0.7663230240549829 0.309375 0.7783505154639176 0.30859375 0.7920962199312716 0.30859375 0.8075601374570448 0.3125 0.8213058419243987 0.31796875 0.8281786941580757 0.34140625 0.8316151202749141 0.34453125 0.8264604810996564 0.36328125 0.8264604810996564 0.3953125 0.8419243986254296 0.4109375 0.8436426116838488 0.425 0.8436426116838488 0.42890625 0.8298969072164949 0.43671875 0.8264604810996564 0.42734375 0.8247422680412372 0.428125 0.816151202749141 0.42578125 0.809278350515464 0.42890625 0.8041237113402062 0.42890625 0.7903780068728523 0.4390625 0.7886597938144331 0.43984375 0.7714776632302407 0.434375 0.7577319587628867 0.4390625 0.7542955326460482 0.43984375 0.7336769759450172 0.43515625 0.7199312714776632 0.4390625 0.661512027491409 0.42890625 0.6580756013745706 0.425 0.6477663230240551 0.42734375 0.6374570446735396 0.41796875 0.6374570446735396 0.40703125 0.6512027491408936 0.3875 0.6512027491408936 0.346875 0.6340206185567011 0.2921875 0.6357388316151203 0.290625 0.6391752577319588 0.30078125 0.6512027491408936
0 0.4109375 0.89921875 0.00546875 0.0015625
0 0.4125 0.8934707903780069 0.40859375 0.8917525773195877 0.40546875 0.8934707903780069 0.4125 0.8934707903780069
0 0.42578125 0.8951890034364262 0.425 0.9037800687285223 0.42734375 0.8969072164948454 0.4296875 0.9003436426116839 0.42578125 0.88659793814433 0.421875 0.8917525773195877 0.4203125 0.8883161512027492 0.4203125 0.8969072164948454 0.42578125 0.8951890034364262
0 0.396875 0.9003436426116839 0.39765625 0.8934707903780069 0.40078125 0.8917525773195877 0.403125 0.9003436426116839 0.40078125 0.8848797250859107 0.396875 0.8900343642611684 0.39375 0.879725085910653 0.3984375 0.8728522336769761 0.39296875 0.8728522336769761 0.39296875 0.8814432989690723 0.38671875 0.8848797250859107 0.38515625 0.8900343642611684 0.396875 0.9003436426116839
0 0.32421875 0.8831615120274915 0.33671875 0.8900343642611684 0.3625 0.88659793814433 0.37578125 0.8762886597938145 0.3796875 0.8848797250859107 0.38125 0.879725085910653 0.37421875 0.8711340206185568 0.3640625 0.8745704467353953 0.3484375 0.8659793814432991 0.32734375 0.8728522336769761 0.32421875 0.8762886597938145 0.32421875 0.8831615120274915
0 0.4390625 0.8436426116838488 0.43828125 0.8367697594501718 0.43671875 0.8419243986254296 0.4390625 0.8436426116838488
0 0.3140625 0.69140625 0.00078125 0.0015625
0 0.31796875 0.7061855670103093 0.321875 0.711340206185567 0.32109375 0.7147766323024055 0.31171875 0.7216494845360826 0.31640625 0.7336769759450172 0.31171875 0.7439862542955327 0.3109375 0.7577319587628867 0.31328125 0.7646048109965636 0.30859375 0.7800687285223369 0.30703125 0.8041237113402062 0.315625 0.8264604810996564 0.34140625 0.8298969072164949 0.3453125 0.8230240549828179 0.35859375 0.8230240549828179 0.421875 0.8470790378006873 0.428125 0.845360824742268 0.43203125 0.8298969072164949 0.440625 0.8281786941580757 0.43359375 0.8109965635738833 0.440625 0.802405498281787 0.4375 0.7938144329896908 0.440625 0.7817869415807561 0.440625 0.7302405498281788 0.434375 0.7199312714776632 0.4375 0.6872852233676976 0.43515625 0.6786941580756014 0.4296875 0.6786941580756014 0.41484375 0.6941580756013745 0.39921875 0.6941580756013745 0.36015625 0.6786941580756014 0.32734375 0.6804123711340206 0.321875 0.6907216494845361 0.3203125 0.6804123711340206 0.31953125 0.6872852233676976 0.3125 0.6821305841924399 0.32421875 0.7010309278350516 0.31796875 0.7061855670103093
0 0.13984375 0.2972508591065292 0.1328125 0.30927835051546393 0.13671875 0.3144329896907217 0.13828125 0.34879725085910657 0.14375 0.35738831615120276 0.14375 0.3814432989690722 0.15078125 0.3917525773195877 0.153125 0.4175257731958763 0.15703125 0.4261168384879725 0.16015625 0.4518900343642612 0.1765625 0.4587628865979382 0.2125 0.4587628865979382 0.2328125 0.4725085910652921 0.24375 0.4639175257731959 0.24453125 0.4209621993127148 0.2375 0.39003436426116844 0.23515625 0.3350515463917526 0.23359375 0.3264604810996564 0.22578125 0.3144329896907217 0.22578125 0.29553264604810997 0.22265625 0.27835051546391754 0.1765625 0.27835051546391754 0.1734375 0.28350515463917525 0.17109375 0.27491408934707906 0.16953125 0.2800687285223368 0.16015625 0.27491408934707906 0.15859375 0.28350515463917525 0.14921875 0.2766323024054983 0.14375 0.2766323024054983 0.140625 0.2852233676975945 0.13671875 0.281786941580756 0.13671875 0.29037800687285226 0.13984375 0.2972508591065292
0 0.1359375 0.3144329896907217 0.18359375 0.31099656357388317 0.22734375 0.31615120274914094 0.2328125 0.288659793814433 0.23125 0.281786941580756 0.22109375 0.27491408934707906 0.12890625 0.27491408934707906 0.1296875 0.30927835051546393 0.1359375 0.3144329896907217
0 0.28828125 0.8419243986254296 0.2953125 0.8384879725085911 0.2921875 0.8316151202749141 0.28671875 0.8316151202749141 0.2859375 0.8384879725085911 0.28828125 0.8419243986254296
0 0.246875 0.8316151202749141 0.2453125 0.8298969072164949 0.24375 0.8316151202749141 0.246875 0.8316151202749141
0 0.23359375 0.8384879725085911 0.234375 0.8470790378006873 0.23828125 0.8470790378006873 0.2375 0.8384879725085911 0.2296875 0.8298969072164949 0.2265625 0.8333333333333334 0.23359375 0.8384879725085911
0 0.240625 0.821875 0.0015625 0.0015625
0 0.1703125 0.6202749140893471 0.17578125 0.6357388316151203 0.178125 0.6580756013745706 0.1890625 0.668384879725086 0.1859375 0.6890034364261168 0.1890625 0.7061855670103093 0.1890625 0.7285223367697595 0.20078125 0.7405498281786942 0.1984375 0.7646048109965636 0.20625 0.8041237113402062 0.25546875 0.8075601374570448 0.28515625 0.8213058419243987 0.30078125 0.8213058419243987 0.3046875 0.7817869415807561 0.29921875 0.7646048109965636 0.3046875 0.7508591065292097 0.3046875 0.7336769759450172 0.29609375 0.7199312714776632 0.29375 0.6907216494845361 0.2859375 0.6632302405498283 0.2828125 0.6374570446735396 0.278125 0.6288659793814434 0.29296875 0.5893470790378007 0.321875 0.5378006872852235 0.33203125 0.5103092783505155 0.334375 0.4948453608247423 0.32890625 0.48797250859106533 0.3109375 0.4862542955326461 0.3 0.4965635738831615 0.28125 0.4965635738831615 0.26796875 0.4862542955326461 0.246875 0.4828178694158076 0.24140625 0.48797250859106533 0.23125 0.5103092783505155 0.196875 0.5515463917525774 0.19140625 0.5652920962199313 0.18125 0.5721649484536082 0.1765625 0.5859106529209622 0.16875 0.5893470790378007 0.16171875 0.5996563573883162 0.16015625 0.6134020618556701 0.1703125 0.6202749140893471
0 0.4828125 0.02061855670103093 0.47890625 0.02061855670103093 0.4765625 0.022336769759450172 0.4828125 0.02061855670103093
0 0.46796875 0.07903780068728523 0.4859375 0.06872852233676977 0.4875 0.07388316151202749 0.48984375 0.06872852233676977 0.4921875 0.07388316151202749 0.49765625 0.06013745704467355 0.50859375 0.06357388316151204 0.5140625 0.058419243986254296 0.515625 0.06357388316151204 0.5125 0.07388316151202749 0.51953125 0.07216494845360825 0.52265625 0.08075601374570447 0.5296875 0.08247422680412372 0.5328125 0.07216494845360825 0.53671875 0.07216494845360825 0.546875 0.08419243986254296 0.55 0.08075601374570447 0.55859375 0.08762886597938145 0.5609375 0.09621993127147768 0.56171875 0.07903780068728523 0.5703125 0.061855670103092786 0.571875 0.051546391752577324 0.57109375 0.025773195876288662 0.5609375 0.015463917525773196 0.5453125 0.015463917525773196 0.53828125 0.01718213058419244 0.534375 0.027491408934707907 0.51875 0.03780068728522337 0.48359375 0.03780068728522337 0.4734375 0.02405498281786942 0.46875 0.03264604810996564 0.46953125 0.044673539518900345 0.46640625 0.06013745704467355 0.465625 0.07731958762886598 0.46796875 0.07903780068728523
0 0.396875 0.9734375 0.00078125 0.00546875
0 0.384375 0.9725085910652922 0.3828125 0.9690721649484537 0.38203125 0.9725085910652922 0.384375 0.9725085910652922
0 0.2890625 0.6305841924398626 0.28984375 0.661512027491409 0.30625 0.6924398625429553 0.3 0.7164948453608248 0.3125 0.731958762886598 0.309375 0.7405498281786942 0.31171875 0.7474226804123713 0.309375 0.7542955326460482 0.30703125 0.8058419243986255 0.31484375 0.845360824742268 0.3140625 0.8745704467353953 0.3265625 0.8934707903780069 0.3234375 0.9243986254295533 0.328125 0.9312714776632303 0.32734375 0.9450171821305842 0.3390625 0.9536082474226806 0.34765625 0.9673539518900345 0.3515625 0.9604810996563575 0.3609375 0.9604810996563575 0.36484375 0.9553264604810998 0.3765625 0.957044673539519 0.38046875 0.963917525773196 0.3890625 0.9604810996563575 0.40625 0.9656357388316152 0.41328125 0.9725085910652922 0.43515625 0.9656357388316152 0.4390625 0.9467353951890034 0.4390625 0.9123711340206186 0.4421875 0.9037800687285223 0.44296875 0.8848797250859107 0.44296875 0.8676975945017184 0.43984375 0.852233676975945 0.4421875 0.8350515463917526 0.4390625 0.752577319587629 0.440625 0.7302405498281788 0.4375 0.7096219931271478 0.43984375 0.661512027491409 0.4359375 0.6426116838487973 0.42578125 0.6340206185567011 0.4015625 0.6288659793814434 0.39609375 0.6185567010309279 0.40078125 0.5756013745704468 0.4125 0.5412371134020619 0.41640625 0.5085910652920963 0.4140625 0.5034364261168386 0.38359375 0.5034364261168386 0.36953125 0.49312714776632305 0.35 0.4914089347079038 0.34296875 0.49828178694158076 0.2984375 0.5893470790378007 0.2859375 0.6219931271477663 0.2890625 0.6305841924398626
0 0.45625 0.46735395189003437 0.50234375 0.47079037800687284 0.5234375 0.47938144329896915 0.5296875 0.48797250859106533 0.5328125 0.5017182130584193 0.55 0.5120274914089348 0.5546875 0.5068728522336771 0.55859375 0.4862542955326461 0.5578125 0.4175257731958763 0.48125 0.4037800687285224 0.45625 0.4072164948453609 0.453125 0.4450171821305842 0.45625 0.46735395189003437
0 0.14453125 0.9192439862542956 0.21328125 0.9398625429553265 0.22890625 0.9381443298969072 0.221875 0.9192439862542956 0.21875 0.8969072164948454 0.20390625 0.8831615120274915 0.15390625 0.8676975945017184 0.14609375 0.8694158075601376 0.14375 0.8780068728522338 0.14140625 0.9123711340206186 0.14453125 0.9192439862542956
0 0.58046875 0.24742268041237114 0.578125 0.2560137457044674 0.58203125 0.2457044673539519 0.60625 0.24398625429553267 0.60546875 0.19759450171821308 0.58359375 0.19587628865979384 0.57890625 0.20962199312714777 0.57734375 0.2448453608247423 0.58046875 0.24742268041237114
0 0.453125 0.27835051546391754 0.490625 0.2766323024054983 0.55390625 0.2869415807560137 0.5640625 0.281786941580756 0.55859375 0.2508591065292097 0.5625 0.2405498281786942 0.5609375 0.23711340206185566 0.53359375 0.23539518900343642 0.52890625 0.2302405498281787 0.521875 0.2302405498281787 0.51953125 0.23539518900343642 0.49453125 0.23367697594501718 0.484375 0.22680412371134023 0.47890625 0.23367697594501718 0.4640625 0.23195876288659795 0.45546875 0.24742268041237114 0.4515625 0.2714776632302406 0.453125 0.27835051546391754
0 0.178125 0.303125 0.00234375 0.0015625
0 0.17421875 0.30584192439862545 0.1734375 0.302405498281787 0.16875 0.3041237113402062 0.17421875 0.30584192439862545
0 0.096875 0.13230240549828182 0.1046875 0.14776632302405499 0.1046875 0.18041237113402064 0.1125 0.19243986254295536 0.1125 0.22508591065292097 0.11875 0.2302405498281787 0.1265625 0.2525773195876289 0.12734375 0.25945017182130586 0.1234375 0.26975945017182135 0.12890625 0.27491408934707906 0.13203125 0.3041237113402062 0.1421875 0.302405498281787 0.14375 0.29553264604810997 0.14609375 0.302405498281787 0.14921875 0.29553264604810997 0.1501953125 0.302405498281787 0.159375 0.29896907216494845 0.16328125 0.3041237113402062 0.1625 0.30068728522336774 0.1671875 0.3041237113402062 0.175 0.2920962199312715 0.1890625 0.2972508591065292 0.19296875 0.2920962199312715 0.190625 0.288659793814433 0.1921875 0.281786941580756 0.2078125 0.28350515463917525 0.22421875 0.26460481099656363 0.2234375 0.24742268041237114 0.21484375 0.23195876288659795 0.21640625 0.211340206185567 0.209375 0.18556701030927836 0.21171875 0.17353951890034364 0.2109375 0.1512027491408935 0.20234375 0.1357388316151203 0.209375 0.10481099656357389 0.20703125 0.09106529209621994 0.209375 0.08075601374570447 0.2078125 0.0859106529209622 0.19609375 0.07388316151202749 0.15390625 0.07388316151202749 0.13671875 0.08075601374570447 0.1296875 0.07731958762886598 0.11953125 0.08762886597938145 0.10859375 0.08419243986254296 0.10234375 0.09793814432989692 0.0984375 0.09965635738831616 0.09609375 0.10481099656357389 0.096875 0.13230240549828182
0 0.45625 0.23883161512027495 0.45625 0.24742268041237114 0.44921875 0.31615120274914094 0.46015625 0.3350515463917526 0.45234375 0.3608247422680413 0.453125 0.40034364261168387 0.5421875 0.4072164948453609 0.55625 0.41580756013745707 0.56015625 0.41065292096219935 0.56015625 0.3934707903780069 0.55703125 0.38316151202749144 0.5515625 0.3780068728522337 0.559375 0.3780068728522337 0.5609375 0.3711340206185567 0.56015625 0.359106529209622 0.55703125 0.3556701030927835 0.55703125 0.34192439862542956 0.56328125 0.32817869415807566 0.56171875 0.30927835051546393 0.56484375 0.27491408934707906 0.5609375 0.25429553264604815 0.5671875 0.23539518900343642 0.5671875 0.21649484536082478 0.56328125 0.17869415807560138 0.55703125 0.15463917525773196 0.54453125 0.14604810996563575 0.53828125 0.14948453608247422 0.52734375 0.140893470790378 0.5171875 0.14261168384879724 0.50859375 0.13402061855670105 0.496875 0.13917525773195877 0.4875 0.13230240549828182 0.47890625 0.14604810996563575 0.46328125 0.14261168384879724 0.459375 0.14948453608247422 0.45859375 0.16838487972508592 0.45234375 0.18041237113402064 0.45 0.20446735395189006 0.4515625 0.22852233676975947 0.45625 0.23883161512027495
0 0.33046875 0.11855670103092783 0.33359375 0.14261168384879724 0.3328125 0.17010309278350516 0.3390625 0.18384879725085912 0.3375 0.2061855670103093 0.34375 0.22680412371134023 0.33828125 0.24742268041237114 0.33828125 0.281786941580756 0.34140625 0.31271477663230246 0.34921875 0.32130584192439865 0.3703125 0.31615120274914094 0.4390625 0.3247422680412372 0.4421875 0.3195876288659794 0.44296875 0.2920962199312715 0.44921875 0.2611683848797251 0.44296875 0.2405498281786942 0.4453125 0.23195876288659795 0.44609375 0.20446735395189006 0.44375 0.18384879725085912 0.44609375 0.17697594501718214 0.44453125 0.13402061855670105 0.4390625 0.09278350515463918 0.43515625 0.08419243986254296 0.42890625 0.08419243986254296 0.4265625 0.09278350515463918 0.42109375 0.09278350515463918 0.41015625 0.07903780068728523 0.403125 0.08762886597938145 0.39375 0.07216494845360825 0.3890625 0.07216494845360825 0.38359375 0.0859106529209622 0.3765625 0.07560137457044674 0.3703125 0.07560137457044674 0.365625 0.08762886597938145 0.35625 0.07560137457044674 0.3453125 0.08247422680412372 0.33359375 0.07560137457044674 0.33125 0.08247422680412372 0.32734375 0.11340206185567012 0.33046875 0.11855670103092783
0 0.57734375 0.29553264604810997 0.60390625 0.2972508591065292 0.60546875 0.25945017182130586 0.6015625 0.2560137457044674 0.5921875 0.2611683848797251 0.58125 0.2560137457044674 0.57578125 0.27835051546391754 0.575 0.2920962199312715 0.57734375 0.29553264604810997
0 0.44609375 0.11512027491408935 0.44921875 0.13230240549828182 0.45625 0.1443298969072165 0.465625 0.1357388316151203 0.47734375 0.13917525773195877 0.484375 0.1288659793814433 0.49375 0.1288659793814433 0.51015625 0.13058419243986255 0.5171875 0.13745704467353953 0.55 0.13917525773195877 0.5609375 0.14776632302405499 0.57109375 0.1357388316151203 0.57265625 0.1288659793814433 0.56875 0.09450171821305843 0.5625 0.0859106529209622 0.5625 0.07216494845360825 0.56875 0.051546391752577324 0.5671875 0.044673539518900345 0.521875 0.04982817869415808 0.4875 0.04639175257731959 0.484375 0.05326460481099656 0.46953125 0.058419243986254296 0.46171875 0.07903780068728523 0.44921875 0.08934707903780069 0.44609375 0.09621993127147768 0.44609375 0.11512027491408935
0 0.10546875 0.17353951890034364 0.10546875 0.18213058419243988 0.11171875 0.1941580756013746 0.1125 0.22508591065292097 0.12578125 0.23539518900343642 0.12890625 0.22508591065292097 0.21328125 0.2302405498281787 0.2171875 0.21993127147766325 0.21640625 0.20103092783505155 0.2078125 0.18213058419243988 0.1234375 0.1752577319587629 0.11953125 0.17010309278350516 0.11484375 0.17869415807560138 0.10546875 0.17353951890034364
0 0.13515625 0.14776632302405499 0.1359375 0.15463917525773196 0.13984375 0.14261168384879724 0.14375 0.14604810996563575 0.14453125 0.140893470790378 0.140625 0.13402061855670105 0.1296875 0.1357388316151203 0.12890625 0.14261168384879724 0.13515625 0.14776632302405499
0 0.56796875 0.1907216494845361 0.56796875 0.23711340206185566 0.56484375 0.26460481099656363 0.5671875 0.2920962199312715 0.571875 0.29381443298969073 0.575 0.27835051546391754 0.5796875 0.14776632302405499 0.57109375 0.1443298969072165 0.5640625 0.1512027491408935 0.56328125 0.1597938144329897 0.56796875 0.1907216494845361
0 0.25546875 0.07216494845360825 0.2765625 0.07388316151202749 0.296875 0.06872852233676977 0.31171875 0.07388316151202749 0.31640625 0.06701030927835053 0.3109375 0.030927835051546393 0.3078125 0.029209621993127148 0.29765625 0.03780068728522337 0.265625 0.04123711340206186 0.25234375 0.05670103092783506 0.25234375 0.06872852233676977 0.25546875 0.07216494845360825
0 0.60390625 0.29553264604810997 0.60546875 0.24742268041237114 0.58125 0.2457044673539519 0.5765625 0.2508591065292097 0.575 0.29381443298969073 0.60390625 0.29553264604810997
0 0.6140625 0.24742268041237114 0.62890625 0.24914089347079038 0.63046875 0.2577319587628866 0.634375 0.2577319587628866 0.63671875 0.20446735395189006 0.6140625 0.21305841924398625 0.60859375 0.21993127147766325 0.609375 0.2525773195876289 0.6140625 0.24742268041237114
0 0.45390625 0.45017182130584193 0.4578125 0.46563573883161513 0.5046875 0.4690721649484536 0.52421875 0.4776632302405499 0.5328125 0.49312714776632305 0.54296875 0.4948453608247423 0.54609375 0.5034364261168386 0.553125 0.49828178694158076 0.55703125 0.48797250859106533 0.56015625 0.41924398625429554 0.55703125 0.4089347079037801 0.56015625 0.3917525773195877 0.5578125 0.37972508591065296 0.459375 0.365979381443299 0.45546875 0.372852233676976 0.45546875 0.38487972508591073 0.4609375 0.3934707903780069 0.4546875 0.4020618556701031 0.45625 0.422680412371134 0.45390625 0.45017182130584193
0 0.55703125 0.34192439862542956 0.553125 0.3470790378006873 0.559375 0.34879725085910657 0.55703125 0.34192439862542956
0 0.51640625 0.34879725085910657 0.5125 0.3436426116838488 0.51171875 0.3350515463917526 0.51171875 0.3470790378006873 0.51640625 0.34879725085910657
0 0.54453125 0.3350515463917526 0.5390625 0.33333333333333337 0.5375 0.3350515463917526 0.54453125 0.3350515463917526
0 0.48828125 0.3350515463917526 0.48671875 0.3298969072164949 0.48515625 0.33333333333333337 0.48828125 0.3350515463917526
0 0.48125 0.3350515463917526 0.4828125 0.3298969072164949 0.48046875 0.3264604810996564 0.4734375 0.32817869415807566 0.48125 0.3350515463917526
0 0.2171875 0.8333333333333334 0.23671875 0.8436426116838488 0.24140625 0.8384879725085911 0.24765625 0.8436426116838488 0.25703125 0.8402061855670103 0.26171875 0.8470790378006873 0.2890625 0.852233676975945 0.3 0.8367697594501718 0.2828125 0.8247422680412372 0.28046875 0.8298969072164949 0.26171875 0.8316151202749141 0.25859375 0.8230240549828179 0.25390625 0.8350515463917526 0.24296875 0.8298969072164949 0.2421875 0.8195876288659795 0.2375 0.816151202749141 0.23984375 0.8281786941580757 0.234375 0.8298969072164949 0.225 0.8144329896907218 0.22109375 0.8144329896907218 0.2234375 0.8264604810996564 0.2171875 0.8333333333333334
0 0.29921875 0.78984375 0.0015625 0.0015625
0 0.2828125 0.7714776632302407 0.284375 0.7680412371134021 0.278125 0.7577319587628867 0.27890625 0.7680412371134021 0.2828125 0.7714776632302407
0 0.18671875 0.668384879725086 0.1859375 0.6941580756013745 0.190625 0.718213058419244 0.18984375 0.7268041237113403 0.1984375 0.7371134020618557 0.20625 0.738831615120275 0.20859375 0.7474226804123713 0.209375 0.7577319587628867 0.20234375 0.7611683848797252 0.20546875 0.7611683848797252 0.20625 0.7800687285223369 0.209375 0.7817869415807561 0.20625 0.7852233676975946 0.20625 0.7989690721649485 0.21953125 0.8058419243986255 0.26796875 0.809278350515464 0.2828125 0.8213058419243987 0.3015625 0.8195876288659795 0.296875 0.79553264604811 0.3 0.7938144329896908 0.29921875 0.7560137457044674 0.30625 0.7405498281786942 0.296875 0.718213058419244 0.29609375 0.7027491408934708 0.29921875 0.6907216494845361 0.28671875 0.6649484536082475 0.2828125 0.6374570446735396 0.275 0.6305841924398626 0.26484375 0.6323024054982819 0.22421875 0.6185567010309279 0.17421875 0.6237113402061857 0.178125 0.6546391752577321 0.18671875 0.668384879725086
0 0.271875 0.5890625 0.00078125 0.003125
0 0.315625 0.845360824742268 0.31328125 0.8659793814432991 0.325 0.8917525773195877 0.32421875 0.9140893470790379 0.32109375 0.9261168384879725 0.32578125 0.9312714776632303 0.3265625 0.9450171821305842 0.34765625 0.9604810996563575 0.36796875 0.9553264604810998 0.415625 0.9725085910652922 0.43515625 0.9673539518900345 0.43984375 0.9432989690721649 0.43984375 0.9123711340206186 0.44375 0.88659793814433 0.44375 0.8676975945017184 0.440625 0.852233676975945 0.44296875 0.8264604810996564 0.4421875 0.7938144329896908 0.43984375 0.7869415807560138 0.43984375 0.7577319587628867 0.4359375 0.7405498281786942 0.43984375 0.731958762886598 0.4390625 0.725085910652921 0.43203125 0.7302405498281788 0.43359375 0.7336769759450172 0.43046875 0.7405498281786942 0.4328125 0.745704467353952 0.428125 0.7663230240549829 0.4078125 0.7697594501718215 0.40234375 0.7646048109965636 0.37578125 0.7646048109965636 0.371875 0.7611683848797252 0.37578125 0.7439862542955327 0.3625 0.738831615120275 0.36015625 0.7439862542955327 0.35859375 0.738831615120275 0.35625 0.7491408934707905 0.353125 0.7491408934707905 0.35 0.745704467353952 0.35078125 0.7371134020618557 0.34765625 0.7302405498281788 0.340625 0.731958762886598 0.3328125 0.7474226804123713 0.3203125 0.745704467353952 0.31015625 0.7697594501718215 0.3078125 0.8006872852233677 0.315625 0.845360824742268
0 0.153125 0.06529209621993128 0.16171875 0.06872852233676977 0.21796875 0.070446735395189 0.2515625 0.06529209621993128 0.25390625 0.070446735395189 0.27890625 0.070446735395189 0.31015625 0.061855670103092786 0.31328125 0.06529209621993128 0.31171875 0.0429553264604811 0.30703125 0.029209621993127148 0.3171875 0.018900343642611686 0.296875 0.022336769759450172 0.2890625 0.01718213058419244 0.2703125 0.01718213058419244 0.23828125 0.027491408934707907 0.2015625 0.02405498281786942 0.16484375 0.030927835051546393 0.1609375 0.03780068728522337 0.1515625 0.03436426116838488 0.146875 0.04639175257731959 0.14609375 0.05326460481099656 0.153125 0.06529209621993128
0 0.55859375 0.8316151202749141 0.5484375 0.8281786941580757 0.5421875 0.8298969072164949 0.55859375 0.8316151202749141
0 0.56484375 0.796875 0.003125 0.003125
0 0.5296875 0.7886597938144331 0.52421875 0.7869415807560138 0.52109375 0.7886597938144331 0.5296875 0.7886597938144331
0 0.53984375 0.7903780068728523 0.5421875 0.7852233676975946 0.53984375 0.7835051546391754 0.53671875 0.7886597938144331 0.53984375 0.7903780068728523
0 0.4984375 0.77734375 0.003125 0.0015625
0 0.5640625 0.7835051546391754 0.5703125 0.7938144329896908 0.5703125 0.7783505154639176 0.55234375 0.7749140893470792 0.55234375 0.7869415807560138 0.5640625 0.7835051546391754
0 0.48046875 0.77265625 0.0015625 0.0015625
0 0.44296875 0.7096219931271478 0.446875 0.7199312714776632 0.44453125 0.7508591065292097 0.44609375 0.7577319587628867 0.45078125 0.7611683848797252 0.44921875 0.7731958762886599 0.4515625 0.7749140893470792 0.4484375 0.7817869415807561 0.44921875 0.7886597938144331 0.453125 0.7920962199312716 0.4609375 0.7920962199312716 0.46328125 0.7852233676975946 0.47265625 0.7886597938144331 0.47734375 0.7783505154639176 0.4703125 0.7697594501718215 0.475 0.7594501718213059 0.48828125 0.7577319587628867 0.49375 0.7646048109965636 0.50390625 0.7594501718213059 0.51171875 0.7594501718213059 0.51484375 0.7646048109965636 0.54453125 0.7628865979381444 0.56953125 0.7697594501718215 0.57421875 0.7577319587628867 0.571875 0.7336769759450172 0.575 0.7233676975945018 0.57265625 0.7061855670103093 0.57421875 0.6855670103092784 0.56328125 0.6649484536082475 0.55 0.6735395189003437 0.52890625 0.6735395189003437 0.51328125 0.6563573883161513 0.4984375 0.6546391752577321 0.48828125 0.6632302405498283 0.44921875 0.6597938144329898 0.4453125 0.6649484536082475 0.44296875 0.6924398625429553 0.44296875 0.7096219931271478
0 0.6125 0.2972508591065292 0.6328125 0.29553264604810997 0.64140625 0.16494845360824745 0.6375 0.1597938144329897 0.61328125 0.1632302405498282 0.6078125 0.21821305841924402 0.60625 0.2920962199312715 0.6125 0.2972508591065292
0 0.23984375 0.3384879725085911 0.240625 0.39518900343642616 0.246875 0.4089347079037801 0.24765625 0.4604810996563574 0.25078125 0.46735395189003437 0.2796875 0.4862542955326461 0.3 0.48797250859106533 0.3078125 0.47938144329896915 0.3390625 0.4828178694158076 0.34296875 0.4776632302405499 0.33984375 0.3625429553264605 0.34140625 0.32817869415807566 0.3125 0.32817869415807566 0.25859375 0.3178694158075602 0.23828125 0.32130584192439865 0.23671875 0.3247422680412372 0.23984375 0.3384879725085911
0 0.209375 0.11168384879725086 0.209375 0.12199312714776633 0.21015625 0.13230240549828182 0.2171875 0.15292096219931273 0.215625 0.18556701030927836 0.2203125 0.1907216494845361 0.22265625 0.20274914089347082 0.22109375 0.2061855670103093 0.2234375 0.22680412371134023 0.25234375 0.23367697594501718 0.2828125 0.23367697594501718 0.31328125 0.24398625429553267 0.32734375 0.2405498281786942 0.33359375 0.22680412371134023 0.328125 0.17869415807560138 0.328125 0.13917525773195877 0.32265625 0.11168384879725086 0.3265625 0.08419243986254296 0.30703125 0.07731958762886598 0.22890625 0.07560137457044674 0.2171875 0.07731958762886598 0.21484375 0.08419243986254296 0.215625 0.09106529209621994 0.209375 0.11168384879725086
0 0.37109375 0.9209621993127148 0.36953125 0.9192439862542956 0.36796875 0.9209621993127148 0.37109375 0.9209621993127148
0 0.3578125 0.91328125 0.00390625 0.0015625
0 0.37265625 0.9072164948453609 0.3765625 0.9106529209621994 0.375 0.9037800687285223 0.37265625 0.9072164948453609
0 0.3765625 0.9106529209621994 0.375 0.9140893470790379 0.3796875 0.9158075601374571 0.378125 0.9037800687285223 0.3765625 0.9106529209621994
0 0.31015625 0.7920962199312716 0.31484375 0.7920962199312716 0.3203125 0.8006872852233677 0.31953125 0.809278350515464 0.315625 0.8144329896907218 0.314453125 0.8075601374570448 0.31015625 0.8075601374570448 0.3140625 0.816151202749141 0.3109375 0.8264604810996564 0.3140625 0.845360824742268 0.31171875 0.8659793814432991 0.3140625 0.8831615120274915 0.328125 0.8969072164948454 0.340625 0.8969072164948454 0.33984375 0.9054982817869417 0.33203125 0.9089347079037802 0.328125 0.9192439862542956 0.33203125 0.9312714776632303 0.3296875 0.9381443298969072 0.3328125 0.9484536082474226 0.378125 0.9484536082474226 0.3859375 0.957044673539519 0.40234375 0.9604810996563575 0.40625 0.957044673539519 0.40703125 0.9381443298969072 0.4125 0.929553264604811 0.421875 0.936426116838488 0.421875 0.9501718213058419 0.42734375 0.9450171821305842 0.4359375 0.9484536082474226 0.4390625 0.9398625429553265 0.4359375 0.9278350515463918 0.4421875 0.9054982817869417 0.44375 0.8814432989690723 0.44140625 0.852233676975945 0.4421875 0.7989690721649485 0.43984375 0.7869415807560138 0.4359375 0.7852233676975946 0.43984375 0.777491408934708 0.4390625 0.7663230240549829 0.43125 0.7749140893470792 0.4375 0.7903780068728523 0.43359375 0.816151202749141 0.42890625 0.8247422680412372 0.4234375 0.8264604810996564 0.4171875 0.8247422680412372 0.4109375 0.8144329896907218 0.4 0.8144329896907218 0.38671875 0.7972508591065293 0.38671875 0.7800687285223369 0.4046875 0.7800687285223369 0.4046875 0.7714776632302407 0.38515625 0.7680412371134021 0.3828125 0.7766323024054984 0.37890625 0.7680412371134021 0.3671875 0.7611683848797252 0.346875 0.7560137457044674 0.33203125 0.7611683848797252 0.321875 0.7560137457044674 0.3125 0.7646048109965636 0.3140625 0.7835051546391754 0.31015625 0.7920962199312716
0 0.328125 0.9278350515463918 0.32734375 0.9381443298969072 0.334375 0.9484536082474226 0.3296875 0.9742268041237114 0.33125 0.9810996563573884 0.4 0.9965635738831615 0.4125 0.9948453608247423 0.42421875 0.9828178694158076 0.43203125 0.993127147766323 0.43671875 0.9776632302405499 0.4359375 0.9673539518900345 0.440625 0.9432989690721649 0.4390625 0.9243986254295533 0.44296875 0.9020618556701031 0.44296875 0.8659793814432991 0.43671875 0.8625429553264606 0.4328125 0.8762886597938145 0.43671875 0.8883161512027492 0.42578125 0.9054982817869417 0.4046875 0.9054982817869417 0.384375 0.8951890034364262 0.36328125 0.8917525773195877 0.3265625 0.8969072164948454 0.32421875 0.9226804123711341 0.328125 0.9278350515463918
0 0.39375 0.8539518900343642 0.41484375 0.8608247422680414 0.43203125 0.8539518900343642 0.420703125 0.8505154639175257 0.41796875 0.8573883161512029 0.415625 0.8487972508591065 0.409375 0.845360824742268 0.40859375 0.8539518900343642 0.40546875 0.8539518900343642 0.4015625 0.8436426116838488 0.39453125 0.8419243986254296 0.3921875 0.8470790378006873 0.39375 0.8539518900343642
0 0.353125 0.8384879725085911 0.35546875 0.8436426116838488 0.36953125 0.8402061855670103 0.38046875 0.845360824742268 0.3796875 0.8367697594501718 0.3830078125 0.8367697594501718 0.3578125 0.8264604810996564 0.34453125 0.8333333333333334 0.32890625 0.8298969072164949 0.32734375 0.8316151202749141 0.3390625 0.8350515463917526 0.34140625 0.8402061855670103 0.353125 0.8384879725085911
0 0.57109375 0.23195876288659795 0.571875 0.21305841924398625 0.57734375 0.20274914089347082 0.57890625 0.19243986254295536 0.58046875 0.14776632302405499 0.57421875 0.14261168384879724 0.56484375 0.14948453608247422 0.56328125 0.16151202749140894 0.57109375 0.23195876288659795
0 0.046875 0.5979381443298969 0.06875 0.5979381443298969 0.07890625 0.5910652920962199 0.0875 0.5962199312714777 0.10078125 0.5945017182130584 0.1125 0.604810996563574 0.1375 0.6082474226804124 0.17421875 0.577319587628866 0.22734375 0.4965635738831615 0.23203125 0.4828178694158076 0.221875 0.47079037800687284 0.2015625 0.4690721649484536 0.1875 0.47594501718213056 0.1578125 0.46219931271477666 0.13671875 0.4725085910652921 0.12734375 0.48797250859106533 0.11796875 0.49312714776632305 0.11171875 0.5068728522336771 0.1015625 0.5120274914089348 0.09609375 0.5257731958762888 0.084375 0.5292096219931273 0.078125 0.5446735395189004 0.065625 0.5481099656357389 0.05859375 0.563573883161512 0.04609375 0.570446735395189 0.03984375 0.5859106529209622 0.0390625 0.5945017182130584 0.046875 0.5979381443298969
0 0.24140625 0.3436426116838488 0.2390625 0.3625429553264605 0.23984375 0.39003436426116844 0.24609375 0.41065292096219935 0.24765625 0.4587628865979382 0.25078125 0.46735395189003437 0.28046875 0.4862542955326461 0.3015625 0.4862542955326461 0.30703125 0.47938144329896915 0.33828125 0.4828178694158076 0.34296875 0.47594501718213056 0.340625 0.4587628865979382 0.3421875 0.4072164948453609 0.33828125 0.3625429553264605 0.33828125 0.3264604810996564 0.32421875 0.3298969072164949 0.24140625 0.3195876288659794 0.23828125 0.3230240549828179 0.24140625 0.3436426116838488
0 0.18125 0.9078125 0.00078125 0.0015625
0 0.08046875 0.6752577319587629 0.096875 0.6838487972508591 0.0890625 0.7096219931271478 0.09765625 0.718213058419244 0.09765625 0.7439862542955327 0.10703125 0.7542955326460482 0.10703125 0.7749140893470792 0.11484375 0.7852233676975946 0.11484375 0.8041237113402062 0.12265625 0.8127147766323025 0.121875 0.8316151202749141 0.12890625 0.8384879725085911 0.13203125 0.8487972508591065 0.12890625 0.8608247422680414 0.1453125 0.8676975945017184 0.14609375 0.8762886597938145 0.15234375 0.8831615120274915 0.14609375 0.8883161512027492 0.15 0.9020618556701031 0.14375 0.9037800687285223 0.14375 0.9106529209621994 0.14765625 0.9106529209621994 0.14765625 0.9175257731958764 0.15859375 0.9140893470790379 0.16015625 0.9209621993127148 0.1640625 0.9123711340206186 0.165625 0.9209621993127148 0.1671875 0.9175257731958764 0.171875 0.9226804123711341 0.17578125 0.9140893470790379 0.18203125 0.9278350515463918 0.184375 0.9226804123711341 0.1953125 0.9312714776632303 0.1953125 0.9261168384879725 0.2 0.9312714776632303 0.2109375 0.9278350515463918 0.209375 0.9347079037800687 0.22109375 0.9312714776632303 0.21328125 0.8505154639175257 0.19765625 0.7714776632302407 0.1984375 0.7508591065292097 0.1953125 0.738831615120275 0.1859375 0.7268041237113403 0.18671875 0.7061855670103093 0.1828125 0.6924398625429553 0.18203125 0.6701030927835052 0.1734375 0.6597938144329898 0.16796875 0.6460481099656358 0.14375 0.6512027491408936 0.12734375 0.6426116838487973 0.0828125 0.6391752577319588 0.078125 0.6391752577319588 0.08046875 0.6752577319587629
0 0.13203125 0.30927835051546393 0.13671875 0.31615120274914094 0.1375 0.34536082474226804 0.14375 0.35738831615120276 0.14375 0.3814432989690722 0.15078125 0.3917525773195877 0.15234375 0.41580756013745707 0.15703125 0.4261168384879725 0.1609375 0.4518900343642612 0.17421875 0.45704467353951894 0.21015625 0.45704467353951894 0.23203125 0.46735395189003437 0.24140625 0.4639175257731959 0.2421875 0.4175257731958763 0.2375 0.39518900343642616 0.23515625 0.3436426116838488 0.2328125 0.32817869415807566 0.22578125 0.3144329896907217 0.2234375 0.27835051546391754 0.1734375 0.26975945017182135 0.14609375 0.2714776632302406 0.1421875 0.26632302405498287 0.1296875 0.26975945017182135 0.1296875 0.2972508591065292 0.13203125 0.30927835051546393
0 0.1359375 0.23711340206185566 0.1328125 0.2302405498281787 0.13046875 0.23539518900343642 0.1359375 0.23711340206185566
0 0.15234375 0.24398625429553267 0.15390625 0.25429553264604815 0.1609375 0.24398625429553267 0.177734375 0.2457044673539519 0.178125 0.23539518900343642 0.1828125 0.2457044673539519 0.190625 0.2457044673539519 0.19296875 0.23539518900343642 0.19609375 0.24398625429553267 0.2 0.23367697594501718 0.203125 0.23711340206185566 0.20234375 0.24398625429553267 0.20703125 0.2457044673539519 0.20859375 0.23367697594501718 0.2140625 0.24226804123711343 0.2140625 0.23711340206185566 0.21015625 0.23367697594501718 0.14609375 0.22680412371134023 0.14609375 0.23883161512027495 0.15234375 0.24398625429553267
0 0.153125 0.4072164948453609 0.1578125 0.4347079037800688 0.1578125 0.45017182130584193 0.16015625 0.45360824742268047 0.215625 0.4604810996563574 0.234375 0.4742268041237113 0.24453125 0.46563573883161513 0.24375 0.42783505154639184 0.23515625 0.3969072164948454 0.190625 0.38487972508591073 0.1578125 0.38659793814432997 0.153125 0.3969072164948454 0.153125 0.4072164948453609
0 0.51015625 0.6941580756013745 0.5078125 0.6907216494845361 0.5046875 0.6958762886597938 0.51015625 0.6941580756013745
0 0.55703125 0.6958762886597938 0.5578125 0.6890034364261168 0.5484375 0.6907216494845361 0.55703125 0.6958762886597938
0 0.4484375 0.661512027491409 0.490625 0.661512027491409 0.496875 0.6563573883161513 0.51953125 0.6546391752577321 0.5390625 0.6718213058419245 0.57734375 0.6718213058419245 0.5828125 0.661512027491409 0.57109375 0.5395189003436427 0.56015625 0.5120274914089348 0.55078125 0.520618556701031 0.53828125 0.5171821305841925 0.53515625 0.5223367697594502 0.534375 0.5738831615120275 0.5375 0.6374570446735396 0.53359375 0.6477663230240551 0.4453125 0.6357388316151203 0.4421875 0.6477663230240551 0.4484375 0.661512027491409
0 0.3515625 0.4398625429553265 0.39609375 0.44158075601374575 0.440625 0.4518900343642612 0.4453125 0.45017182130584193 0.45 0.43814432989690727 0.44609375 0.40549828178694164 0.390625 0.39518900343642616 0.34921875 0.3969072164948454 0.34765625 0.43298969072164956 0.3515625 0.4398625429553265
0 0.425 0.38316151202749144 0.42734375 0.3762886597938145 0.43046875 0.38316151202749144 0.43515625 0.37457044673539525 0.44609375 0.3814432989690722 0.44453125 0.3711340206185567 0.4390625 0.3762886597938145 0.4375 0.3711340206185567 0.4140625 0.3711340206185567 0.41171875 0.372852233676976 0.425 0.38316151202749144
0 0.55234375 0.83046875 0.009375 0.0015625
0 0.46953125 0.7783505154639176 0.45625 0.7835051546391754 0.47421875 0.7817869415807561 0.46953125 0.7783505154639176
0 0.55208359375 0.7920962199312716 0.55234375 0.7817869415807561 0.55703125 0.7920962199312716 0.565625 0.7972508591065293 0.56875 0.7903780068728523 0.56796875 0.7783505154639176 0.565625 0.7766323024054984 0.56640625 0.7903780068728523 0.559375 0.7886597938144331 0.5578125 0.7749140893470792 0.5390625 0.7835051546391754 0.5359375 0.7886597938144331 0.55208359375 0.7920962199312716
0 0.4421875 0.7027491408934708 0.45 0.7199312714776632 0.44609375 0.7371134020618557 0.44609375 0.7542955326460482 0.4546875 0.7594501718213059 0.4875 0.7560137457044674 0.49296875 0.7611683848797252 0.50859375 0.7560137457044674 0.515625 0.7646048109965636 0.525 0.7594501718213059 0.55859375 0.7663230240549829 0.571875 0.7628865979381444 0.57109375 0.731958762886598 0.57578125 0.7199312714776632 0.575 0.6855670103092784 0.57265625 0.6769759450171822 0.58203125 0.6580756013745706 0.57421875 0.5738831615120275 0.5671875 0.5429553264604812 0.5671875 0.5309278350515465 0.56015625 0.5171821305841925 0.55 0.5240549828178694 0.53828125 0.5240549828178694 0.5359375 0.570446735395189 0.53984375 0.5927835051546392 0.53984375 0.6202749140893471 0.5390625 0.6426116838487973 0.534375 0.6494845360824744 0.46953125 0.6443298969072165 0.45625 0.6357388316151203 0.44765625 0.6374570446735396 0.44375 0.6443298969072165 0.446875 0.6632302405498283 0.4421875 0.7027491408934708
0 0.1921875 0.8213058419243987 0.18984375 0.816151202749141 0.17734375 0.8195876288659795 0.1921875 0.8213058419243987
0 0.15546875 0.809278350515464 0.13828125 0.802405498281787 0.134375 0.8075601374570448 0.15546875 0.809278350515464
0 0.17578125 0.8041237113402062 0.1734375 0.7989690721649485 0.17109375 0.802405498281787 0.17578125 0.8041237113402062
0 0.146875 0.77578125 0.00234375 0.0015625
0 0.13046875 0.7714776632302407 0.125 0.7680412371134021 0.12421875 0.7714776632302407 0.13046875 0.7714776632302407
0 0.1640625 0.7800687285223369 0.175 0.7903780068728523 0.178125 0.7852233676975946 0.1703125 0.7680412371134021 0.153125 0.7731958762886599 0.1515625 0.7766323024054984 0.1640625 0.7800687285223369
0 0.0796875 0.6494845360824744 0.07890625 0.6769759450171822 0.0921875 0.6804123711340206 0.096875 0.6872852233676976 0.08984375 0.7096219931271478 0.1015625 0.7199312714776632 0.0984375 0.7268041237113403 0.1 0.7439862542955327 0.178125 0.7628865979381444 0.18046875 0.752577319587629 0.1875 0.7663230240549829 0.19453125 0.7611683848797252 0.18984375 0.7560137457044674 0.18671875 0.738831615120275 0.1890625 0.7336769759450172 0.1859375 0.7285223367697595 0.18671875 0.7044673539518901 0.18203125 0.668384879725086 0.17265625 0.6546391752577321 0.16796875 0.6271477663230242 0.1640625 0.6288659793814434 0.15390625 0.6116838487972509 0.1421875 0.6099656357388317 0.140625 0.6219931271477663 0.13671875 0.6185567010309279 0.1375 0.6116838487972509 0.13515625 0.6134020618556701 0.13619765625 0.6357388316151203 0.11640625 0.6426116838487973 0.08671875 0.6288659793814434 0.071875 0.6340206185567011 0.071875 0.6391752577319588 0.0796875 0.6494845360824744
0 0.0875 0.6134020618556701 0.08828125 0.6082474226804124 0.0828125 0.6116838487972509 0.0875 0.6134020618556701
0 0.09921875 0.5984375 0.0015625 0.0015625
0 0.21953125 0.025773195876288662 0.23203125 0.030927835051546393 0.2375 0.029209621993127148 0.23984375 0.022336769759450172 0.23828125 0 0.2140625 0 0.215625 0.02061855670103093 0.21953125 0.025773195876288662
0 0.56640625 0.26460481099656363 0.56640625 0.2920962199312715 0.5734375 0.29553264604810997 0.57578125 0.2920962199312715 0.575 0.2611683848797251 0.571875 0.2560137457044674 0.57421875 0.24742268041237114 0.5671875 0.2508591065292097 0.5703125 0.2577319587628866 0.56640625 0.26460481099656363
0 0.46484375 0.2577319587628866 0.46484375 0.2405498281786942 0.45625 0.24914089347079038 0.45625 0.26460481099656363 0.46484375 0.2577319587628866
0 0.5296875 0.2390625 0.0015625 0.003125
0 0.5109375 0.23367697594501718 0.5 0.2302405498281787 0.49375 0.23367697594501718 0.5109375 0.23367697594501718
0 0.453125 0.3230240549828179 0.48984375 0.3195876288659794 0.559375 0.33161512027491413 0.5640625 0.32817869415807566 0.5640625 0.27491408934707906 0.56015625 0.2577319587628866 0.56015625 0.2405498281786942 0.5546875 0.24398625429553267 0.5515625 0.23883161512027495 0.54609375 0.23711340206185566 0.54296875 0.24226804123711343 0.541015625 0.23711340206185566 0.5359375 0.23711340206185566 0.5375 0.24398625429553267 0.53125 0.2457044673539519 0.52890625 0.25429553264604815 0.5265625 0.24914089347079038 0.5203125 0.2508591065292097 0.51875 0.2457044673539519 0.515625 0.2577319587628866 0.51171875 0.2525773195876289 0.51015625 0.2611683848797251 0.50390625 0.2611683848797251 0.5 0.25429553264604815 0.50234375 0.2680412371134021 0.49921875 0.26975945017182135 0.4953125 0.2628865979381444 0.48984375 0.2628865979381444 0.49296875 0.25429553264604815 0.48125 0.2560137457044674 0.48125 0.2457044673539519 0.4890625 0.2302405498281787 0.4859375 0.22680412371134023 0.48671875 0.2302405498281787 0.48203125 0.23711340206185566 0.48046875 0.23539518900343642 0.4828125 0.22680412371134023 0.478125 0.23883161512027495 0.47265625 0.23539518900343642 0.46796875 0.24742268041237114 0.47109375 0.26460481099656363 0.4671875 0.2731958762886598 0.453125 0.2731958762886598 0.45 0.2852233676975945 0.4484375 0.31615120274914094 0.453125 0.3230240549828179
0 0.5609375 0.22421875 0.0015625 0.00546875
0 0.5390625 0.21649484536082478 0.54609375 0.2061855670103093 0.55078125 0.20962199312714777 0.54765625 0.2061855670103093 0.55 0.19587628865979384 0.5421875 0.19759450171821308 0.53828125 0.2061855670103093 0.5390625 0.21649484536082478
0 0.49140625 0.20962199312714777 0.490625 0.19759450171821308 0.48203125 0.19931271477663232 0.484375 0.20962199312714777 0.49140625 0.20962199312714777
0 0.4578125 0.18213058419243988 0.471875 0.18556701030927836 0.4734375 0.20103092783505155 0.47109375 0.20790378006872853 0.4734375 0.21305841924398625 0.47578125 0.2061855670103093 0.475 0.19759450171821308 0.47890625 0.19587628865979384 0.47421875 0.18900343642611686 0.48046875 0.18384879725085912 0.5015625 0.18556701030927836 0.50703125 0.19243986254295536 0.5015625 0.19931271477663232 0.5 0.20790378006872853 0.50859375 0.20790378006872853 0.51171875 0.21305841924398625 0.51875 0.2061855670103093 0.52109375 0.211340206185567 0.5296875 0.20790378006872853 0.53203125 0.19931271477663232 0.53046875 0.1941580756013746 0.534375 0.18900343642611686 0.5546875 0.1907216494845361 0.5609375 0.19931271477663232 0.55625 0.211340206185567 0.5640625 0.20962199312714777 0.5640625 0.17353951890034364 0.55703125 0.15292096219931273 0.55 0.14604810996563575 0.5359375 0.14948453608247422 0.52734375 0.140893470790378 0.5109375 0.1443298969072165 0.50390625 0.13745704467353953 0.49140625 0.15463917525773196 0.48828125 0.14776632302405499 0.4703125 0.14261168384879724 0.46640625 0.14776632302405499 0.46328125 0.14261168384879724 0.4578125 0.15635738831615123 0.45546875 0.17697594501718214 0.4578125 0.18213058419243988
0 0.33515625 0.140893470790378 0.3421875 0.13402061855670105 0.4125 0.13402061855670105 0.4359375 0.14261168384879724 0.4453125 0.13402061855670105 0.4421875 0.09450171821305843 0.4328125 0.08075601374570447 0.42109375 0.08762886597938145 0.4125 0.07731958762886598 0.40234375 0.08075601374570447 0.39296875 0.06872852233676977 0.3890625 0.06872852233676977 0.38359375 0.07903780068728523 0.3703125 0.07388316151202749 0.365625 0.08247422680412372 0.35390625 0.07216494845360825 0.346875 0.07903780068728523 0.33359375 0.07388316151202749 0.3296875 0.08075601374570447 0.32734375 0.11683848797250859 0.33515625 0.140893470790378
0 0.58828125 0.09450171821305843 0.61171875 0.09106529209621994 0.61796875 0.04810996563573884 0.61796875 0.030927835051546393 0.615625 0.027491408934707907 0.59453125 0.027491408934707907 0.5859375 0.03608247422680413 0.584375 0.11855670103092783 0.58828125 0.09450171821305843
0 0.4578125 0.15463917525773196 0.45703125 0.16838487972508592 0.45234375 0.18041237113402064 0.4546875 0.20103092783505155 0.45234375 0.211340206185567 0.45390625 0.22508591065292097 0.48515625 0.22508591065292097 0.49765625 0.23367697594501718 0.50078125 0.22852233676975947 0.5125 0.23367697594501718 0.5671875 0.23367697594501718 0.56328125 0.19931271477663232 0.5640625 0.18384879725085912 0.5578125 0.15292096219931273 0.56953125 0.1357388316151203 0.57109375 0.12371134020618557 0.56640625 0.10652920962199312 0.55703125 0.09450171821305843 0.55859375 0.08419243986254296 0.55625 0.07216494845360825 0.55 0.06701030927835053 0.53984375 0.070446735395189 0.53203125 0.06701030927835053 0.52890625 0.06013745704467355 0.51953125 0.06357388316151204 0.51875 0.05670103092783506 0.5171875 0.06013745704467355 0.50390625 0.05326460481099656 0.4984375 0.06013745704467355 0.484375 0.061855670103092786 0.475 0.070446735395189 0.4734375 0.06701030927835053 0.47421875 0.07216494845360825 0.4640625 0.08419243986254296 0.46328125 0.09106529209621994 0.45546875 0.08762886597938145 0.45234375 0.09793814432989692 0.44921875 0.09621993127147768 0.44921875 0.1288659793814433 0.4578125 0.15463917525773196
0 0.09609375 0.13230240549828182 0.1046875 0.14948453608247422 0.1046875 0.18213058419243988 0.1125 0.19243986254295536 0.1125 0.22508591065292097 0.11875 0.2302405498281787 0.12734375 0.25429553264604815 0.125 0.2714776632302406 0.21640625 0.2731958762886598 0.2234375 0.26460481099656363 0.2234375 0.25429553264604815 0.215625 0.23883161512027495 0.2140625 0.22680412371134023 0.2171875 0.21993127147766325 0.21640625 0.21305841924398625 0.20859375 0.18556701030927836 0.21171875 0.1718213058419244 0.2109375 0.15292096219931273 0.20234375 0.1357388316151203 0.20625 0.12199312714776633 0.2078125 0.09965635738831616 0.203125 0.08247422680412372 0.1953125 0.07388316151202749 0.17265625 0.08075601374570447 0.16328125 0.07388316151202749 0.13671875 0.08075601374570447 0.1296875 0.07731958762886598 0.11953125 0.08762886597938145 0.1078125 0.08419243986254296 0.10234375 0.09793814432989692 0.0984375 0.09965635738831616 0.09609375 0.10481099656357389 0.09609375 0.13230240549828182
0 0.60859375 0.2800687285223368 0.6125 0.27491408934707906 0.62578125 0.27491408934707906 0.6328125 0.281786941580756 0.6359375 0.24742268041237114 0.63203125 0.23711340206185566 0.61328125 0.23711340206185566 0.60703125 0.2508591065292097 0.60625 0.2680412371134021 0.60859375 0.2800687285223368
0 0.43828125 0.3883161512027492 0.43515625 0.38487972508591073 0.43359375 0.39003436426116844 0.43828125 0.3883161512027492
0 0.3453125 0.3814432989690722 0.353125 0.37972508591065296 0.34921875 0.372852233676976 0.3453125 0.3711340206185567 0.3453125 0.3814432989690722
0 0.3453125 0.3625429553264605 0.35546875 0.35738831615120276 0.43984375 0.36769759450171824 0.446875 0.3608247422680413 0.446875 0.3402061855670103 0.4390625 0.3144329896907217 0.42890625 0.32130584192439865 0.39296875 0.3144329896907217 0.35703125 0.31615120274914094 0.3453125 0.3230240549828179 0.34375 0.33161512027491413 0.34296875 0.3556701030927835 0.3453125 0.3625429553264605
0 0.33828125 0.31271477663230246 0.3453125 0.32130584192439865 0.36953125 0.31615120274914094 0.44140625 0.3230240549828179 0.44453125 0.3144329896907217 0.446875 0.2852233676975945 0.4453125 0.2800687285223368 0.37265625 0.26975945017182135 0.3375 0.2766323024054983 0.3359375 0.2852233676975945 0.33828125 0.31271477663230246
0 0.3796875 0.25703125 0.00078125 0.0015625
0 0.0671875 0.5927835051546392 0.0734375 0.5876288659793815 0.06640625 0.5859106529209622 0.06484375 0.5910652920962199 0.0671875 0.5927835051546392
0 0.06015625 0.5927835051546392 0.06328125 0.5910652920962199 0.059375 0.5859106529209622 0.0578125 0.5876288659793815 0.06015625 0.5927835051546392
0 0.04375 0.58671875 0.0015625 0.00859375
0 0.07265625 0.563573883161512 0.0703125 0.5601374570446735 0.07109375 0.570446735395189 0.06875 0.5738831615120275 0.0671875 0.5652920962199313 0.0640625 0.570446735395189 0.065625 0.5807560137457045 0.06953125 0.577319587628866 0.071875 0.5824742268041238 0.075 0.5756013745704468 0.078125 0.5876288659793815 0.071875 0.604810996563574 0.0703125 0.6357388316151203 0.0796875 0.6494845360824744 0.0796875 0.6769759450171822 0.09375 0.6821305841924399 0.09609375 0.6872852233676976 0.0890625 0.7096219931271478 0.096875 0.7164948453608248 0.09765625 0.7439862542955327 0.10703125 0.7542955326460482 0.10625 0.7714776632302407 0.11484375 0.7852233676975946 0.11484375 0.8041237113402062 0.12265625 0.816151202749141 0.121875 0.8316151202749141 0.13125 0.8470790378006873 0.12890625 0.8608247422680414 0.14453125 0.8694158075601376 0.14375 0.9140893470790379 0.225 0.9381443298969072 0.215625 0.8728522336769761 0.20859375 0.8419243986254296 0.20703125 0.8195876288659795 0.1984375 0.7938144329896908 0.19609375 0.7508591065292097 0.1859375 0.7285223367697595 0.1859375 0.7044673539518901 0.18125 0.6718213058419245 0.17265625 0.6546391752577321 0.16796875 0.6271477663230242 0.15 0.6134020618556701 0.14765625 0.604810996563574 0.15390625 0.5910652920962199 0.16796875 0.5824742268041238 0.1765625 0.5670103092783505 0.1875 0.5567010309278351 0.21640625 0.5120274914089348 0.23046875 0.4828178694158076 0.22421875 0.4742268041237113 0.215625 0.47594501718213056 0.209375 0.4690721649484536 0.203125 0.4690721649484536 0.19765625 0.47594501718213056 0.18203125 0.47594501718213056 0.16484375 0.46735395189003437 0.15234375 0.46735395189003437 0.1359375 0.47594501718213056 0.1296875 0.48797250859106533 0.11953125 0.4948453608247423 0.1125 0.5103092783505155 0.10234375 0.5154639175257733 0.1 0.527491408934708 0.084375 0.5326460481099657 0.08203125 0.5446735395189004 0.075 0.5498281786941581 0.07578125 0.5567010309278351 0.07265625 0.563573883161512
0 0.2390625 0.3350515463917526 0.24140625 0.3505154639175258 0.24921875 0.35223367697594504 0.246875 0.3556701030927835 0.334375 0.3694158075601375 0.33828125 0.3539518900343643 0.33984375 0.32130584192439865 0.33515625 0.281786941580756 0.3234375 0.288659793814433 0.2453125 0.2766323024054983 0.22734375 0.2800687285223368 0.228125 0.31271477663230246 0.2390625 0.3350515463917526
0 0.55625 0.99140625 0.00234375 0.003125
0 0.4484375 0.7199312714776632 0.4453125 0.752577319587629 0.44921875 0.7663230240549829 0.4453125 0.7783505154639176 0.44921875 0.7903780068728523 0.44765625 0.8487972508591065 0.45078125 0.9003436426116839 0.4484375 0.9278350515463918 0.4515625 0.936426116838488 0.44921875 0.9828178694158076 0.45625 0.9776632302405499 0.4640625 0.9845360824742269 0.4796875 0.9742268041237114 0.484375 0.9621993127147768 0.4984375 0.9587628865979383 0.50234375 0.963917525773196 0.51171875 0.9553264604810998 0.51484375 0.963917525773196 0.51875 0.9553264604810998 0.521875 0.9690721649484537 0.55703125 0.9776632302405499 0.56015625 0.970790378006873 0.56015625 0.9415807560137457 0.56484375 0.9347079037800687 0.565625 0.8848797250859107 0.56875 0.8711340206185568 0.56875 0.8041237113402062 0.57109375 0.7989690721649485 0.5703125 0.7731958762886599 0.5734375 0.7560137457044674 0.57265625 0.7302405498281788 0.575 0.7233676975945018 0.57421875 0.6804123711340206 0.5640625 0.6666666666666667 0.5515625 0.6735395189003437 0.53828125 0.6735395189003437 0.5171875 0.6563573883161513 0.49609375 0.6563573883161513 0.48984375 0.6632302405498283 0.44921875 0.661512027491409 0.4453125 0.668384879725086 0.4421875 0.7027491408934708 0.4484375 0.7199312714776632
0 0.4 0.8316151202749141 0.39375 0.8264604810996564 0.3828125 0.8298969072164949 0.4 0.8316151202749141
0 0.39375 0.6296875 0.00078125 0.0015625
0 0.3125 0.6151202749140894 0.3109375 0.6134020618556701 0.30859375 0.6151202749140894 0.3125 0.6151202749140894
0 0.30546875 0.6941580756013745 0.3 0.6993127147766324 0.29921875 0.7164948453608248 0.3125 0.7285223367697595 0.3140625 0.7336769759450172 0.31015625 0.7405498281786942 0.31328125 0.745704467353952 0.325 0.745704467353952 0.3265625 0.7542955326460482 0.3296875 0.7542955326460482 0.34296875 0.745704467353952 0.35390625 0.7491408934707905 0.3625 0.7405498281786942 0.365625 0.745704467353952 0.36484375 0.7508591065292097 0.3671875 0.7474226804123713 0.37265625 0.752577319587629 0.371875 0.7577319587628867 0.3828125 0.7646048109965636 0.3921875 0.7594501718213059 0.4078125 0.7646048109965636 0.41484375 0.7594501718213059 0.4265625 0.7611683848797252 0.42890625 0.7577319587628867 0.42734375 0.752577319587629 0.43515625 0.7508591065292097 0.43046875 0.7371134020618557 0.43203125 0.7268041237113403 0.4296875 0.7233676975945018 0.4359375 0.7079037800687286 0.43359375 0.6924398625429553 0.43515625 0.6786941580756014 0.4328125 0.668384879725086 0.4265625 0.6632302405498283 0.42734375 0.6546391752577321 0.42109375 0.6443298969072165 0.428125 0.6391752577319588 0.42578125 0.6340206185567011 0.415625 0.6357388316151203 0.41015625 0.6305841924398626 0.4125 0.6391752577319588 0.4078125 0.6477663230240551 0.384375 0.6494845360824744 0.334375 0.6288659793814434 0.3140625 0.6340206185567011 0.29453125 0.6305841924398626 0.2921875 0.6254295532646049 0.29609375 0.6116838487972509 0.2921875 0.6082474226804124 0.2890625 0.6151202749140894 0.2890625 0.6597938144329898 0.30546875 0.6941580756013745
0 0.34296875 0.6013745704467355 0.3421875 0.5962199312714777 0.3390625 0.5979381443298969 0.33828125 0.6030927835051547 0.34296875 0.6013745704467355
0 0.3328125 0.570446735395189 0.3296875 0.563573883161512 0.328125 0.5670103092783505 0.3328125 0.570446735395189
0 0.325 0.563573883161512 0.32421875 0.5567010309278351 0.31796875 0.5567010309278351 0.325 0.563573883161512
0 0.41875 0.4312714776632303 0.4125 0.42783505154639184 0.41015625 0.4312714776632303 0.41875 0.4312714776632303
0 0.40625 0.4312714776632303 0.40390625 0.42783505154639184 0.39921875 0.4312714776632303 0.40625 0.4312714776632303
0 0.37265625 0.4312714776632303 0.384375 0.42783505154639184 0.38125 0.4175257731958763 0.375 0.4175257731958763 0.37109375 0.42439862542955326 0.37265625 0.4312714776632303
0 0.3515625 0.42439862542955326 0.36796875 0.42439862542955326 0.36640625 0.4175257731958763 0.35859375 0.41580756013745707 0.35625 0.422680412371134 0.3515625 0.42439862542955326
0 0.34609375 0.3969072164948454 0.396875 0.4037800687285224 0.39765625 0.4089347079037801 0.39375 0.4089347079037801 0.390625 0.4175257731958763 0.3921875 0.42439862542955326 0.38828125 0.42783505154639184 0.39765625 0.42783505154639184 0.3953125 0.4209621993127148 0.40703125 0.41065292096219935 0.40625 0.40549828178694164 0.440625 0.4089347079037801 0.446875 0.4072164948453609 0.44921875 0.3969072164948454 0.44765625 0.372852233676976 0.45078125 0.34192439862542956 0.4421875 0.3247422680412372 0.35546875 0.3178694158075602 0.34453125 0.32817869415807566 0.34296875 0.34879725085910657 0.3421875 0.3694158075601375 0.34609375 0.3969072164948454
0 0.11640625 0.1597938144329897 0.115625 0.1752577319587629 0.10546875 0.17353951890034364 0.1046875 0.18041237113402064 0.11171875 0.18900343642611686 0.11171875 0.22508591065292097 0.11953125 0.23367697594501718 0.1265625 0.25429553264604815 0.121875 0.2714776632302406 0.21640625 0.27491408934707906 0.225 0.26632302405498287 0.22421875 0.24742268041237114 0.215625 0.2302405498281787 0.21796875 0.21993127147766325 0.215625 0.20274914089347082 0.20859375 0.18384879725085912 0.1984375 0.17697594501718214 0.20390625 0.15292096219931273 0.203125 0.14948453608247422 0.20078125 0.15463917525773196 0.1984375 0.14948453608247422 0.19921875 0.13917525773195877 0.18984375 0.1443298969072165 0.1875 0.13745704467353953 0.1765625 0.13402061855670105 0.1328125 0.13230240549828182 0.1171875 0.13745704467353953 0.11640625 0.1443298969072165 0.11328125 0.13745704467353953 0.1078125 0.14948453608247422 0.1078125 0.15463917525773196 0.11640625 0.1597938144329897
0 0.27578125 0.03951890034364262 0.2890625 0.029209621993127148 0.29140625 0.03436426116838488 0.30859375 0.03780068728522337 0.31328125 0.044673539518900345 0.3140625 0.03436426116838488 0.32109375 0.015463917525773196 0.2796875 0.013745704467353953 0.275 0.025773195876288662 0.271875 0.015463917525773196 0.265625 0.018900343642611686 0.265625 0.02405498281786942 0.27578125 0.03951890034364262
0 0.221875 0.005154639175257733 0.2171875 0 0.21640625 0.00859106529209622 0.221875 0.005154639175257733
0 0.60703125 0.29553264604810997 0.63359375 0.29381443298969073 0.63359375 0.24742268041237114 0.6078125 0.2508591065292097 0.60546875 0.26460481099656363 0.60703125 0.29553264604810997
0 0.18828125 0.6872852233676976 0.1921875 0.6975945017182131 0.190625 0.711340206185567 0.20625 0.7285223367697595 0.19921875 0.7542955326460482 0.20078125 0.7731958762886599 0.20625 0.8041237113402062 0.21171875 0.8178694158075602 0.21171875 0.8402061855670103 0.22109375 0.879725085910653 0.225 0.9175257731958764 0.2328125 0.9329896907216495 0.23359375 0.9553264604810998 0.32578125 0.9759450171821307 0.32734375 0.9553264604810998 0.31953125 0.929553264604811 0.321875 0.8934707903780069 0.3140625 0.8831615120274915 0.30859375 0.8625429553264606 0.31015625 0.8436426116838488 0.30703125 0.8333333333333334 0.30703125 0.8178694158075602 0.303125 0.8075601374570448 0.30703125 0.7594501718213059 0.30234375 0.7268041237113403 0.29375 0.7199312714776632 0.28515625 0.6855670103092784 0.28984375 0.6804123711340206 0.28046875 0.6718213058419245 0.26953125 0.6735395189003437 0.2609375 0.6649484536082475 0.2390625 0.6649484536082475 0.23203125 0.6580756013745706 0.225 0.6597938144329898 0.2234375 0.6546391752577321 0.21796875 0.661512027491409 0.19921875 0.6632302405498283 0.190625 0.6701030927835052 0.18828125 0.6735395189003437 0.18828125 0.6872852233676976
0 0.63359375 0.2628865979381444 0.6359375 0.2560137457044674 0.6359375 0.23711340206185566 0.63359375 0.23367697594501718 0.63671875 0.2216494845360825 0.615625 0.2216494845360825 0.6140625 0.2302405498281787 0.60859375 0.23367697594501718 0.60859375 0.2628865979381444 0.63359375 0.2628865979381444
0 0.61171875 0.140893470790378 0.615625 0.1512027491408935 0.634375 0.15292096219931273 0.63671875 0.14776632302405499 0.64375 0.02405498281786942 0.61875 0.027491408934707907 0.61484375 0.058419243986254296 0.61484375 0.10137457044673541 0.61171875 0.140893470790378
0 0.60546875 0.29553264604810997 0.6046875 0.2731958762886598 0.5796875 0.2714776632302406 0.5765625 0.2800687285223368 0.5765625 0.29553264604810997 0.60546875 0.29553264604810997
0 0.4296875 0.9072164948453609 0.43125 0.9003436426116839 0.42421875 0.8986254295532646 0.42578125 0.9072164948453609 0.4296875 0.9072164948453609
0 0.35 0.8883161512027492 0.35234375 0.8814432989690723 0.35390625 0.8883161512027492 0.3578125 0.8883161512027492 0.36953125 0.879725085910653 0.35234375 0.8745704467353953 0.3375 0.8883161512027492 0.35 0.8883161512027492
0 0.3734375 0.70546875 0.00078125 0.0015625
0 0.35234375 0.6993127147766324 0.35625 0.6941580756013745 0.35546875 0.6907216494845361 0.3515625 0.6907216494845361 0.35234375 0.6993127147766324
0 0.378125 0.6924398625429553 0.378125 0.6993127147766324 0.38359375 0.6975945017182131 0.384375 0.6924398625429553 0.38765625 0.6948453608247422 0.38671875 0.6907216494845361 0.36875 0.6872852233676976 0.36796875 0.6924398625429553 0.37265625 0.6993127147766324 0.375 0.6907216494845361 0.378125 0.6924398625429553
0 0.33671875 0.6924398625429553 0.3359375 0.6855670103092784 0.3328125 0.6872852233676976 0.33203125 0.6924398625429553 0.33671875 0.6924398625429553
0 0.30703125 0.7835051546391754 0.30703125 0.8058419243986255 0.31640625 0.8247422680412372 0.3421875 0.8264604810996564 0.3453125 0.8213058419243987 0.359375 0.8213058419243987 0.4078125 0.8419243986254296 0.425 0.8419243986254296 0.43046875 0.8298969072164949 0.43828125 0.8264604810996564 0.43515625 0.816151202749141 0.44140625 0.802405498281787 0.4390625 0.7938144329896908 0.44140625 0.7646048109965636 0.4390625 0.7439862542955327 0.44140625 0.7285223367697595 0.43125 0.6993127147766324 0.43671875 0.6890034364261168 0.43515625 0.6821305841924399 0.4328125 0.6907216494845361 0.428125 0.6941580756013745 0.428125 0.7010309278350516 0.42109375 0.7164948453608248 0.415625 0.7199312714776632 0.41875 0.7268041237113403 0.4109375 0.7371134020618557 0.39921875 0.731958762886598 0.39609375 0.7405498281786942 0.37421875 0.7268041237113403 0.321875 0.7199312714776632 0.3171875 0.7268041237113403 0.31796875 0.7336769759450172 0.3109375 0.7542955326460482 0.3125 0.7646048109965636 0.30703125 0.7835051546391754
0 0.63359375 0.29553264604810997 0.6328125 0.25945017182130586 0.62265625 0.25945017182130586 0.6109375 0.2508591065292097 0.60625 0.26460481099656363 0.60546875 0.29553264604810997 0.63359375 0.29553264604810997
0 0.5765625 0.27491408934707906 0.58125 0.26975945017182135 0.6 0.2680412371134021 0.60546875 0.2577319587628866 0.60546875 0.19587628865979384 0.58359375 0.19587628865979384 0.57890625 0.20962199312714777 0.575 0.2525773195876289 0.5765625 0.27491408934707906
0 0.2296875 0.27835051546391754 0.23828125 0.288659793814433 0.23984375 0.302405498281787 0.23671875 0.31271477663230246 0.23984375 0.3041237113402062 0.24114609374999998 0.31271477663230246 0.29375 0.3178694158075602 0.32578125 0.32817869415807566 0.33203125 0.32817869415807566 0.3359375 0.32130584192439865 0.334375 0.24398625429553267 0.33125 0.23883161512027495 0.309375 0.24398625429553267 0.28515625 0.23711340206185566 0.23203125 0.23711340206185566 0.2296875 0.24226804123711343 0.2296875 0.27835051546391754
0 0.3234375 0.6391752577319588 0.31328125 0.6374570446735396 0.31171875 0.6391752577319588 0.3234375 0.6391752577319588
0 0.315625 0.7216494845360826 0.3171875 0.7353951890034365 0.3109375 0.7628865979381444 0.30703125 0.8006872852233677 0.31484375 0.8436426116838488 0.31328125 0.8659793814432991 0.3265625 0.8934707903780069 0.325 0.9243986254295533 0.328125 0.929553264604811 0.3296875 0.9450171821305842 0.34453125 0.957044673539519 0.37265625 0.9536082474226806 0.4140625 0.970790378006873 0.425 0.9673539518900345 0.42890625 0.9725085910652922 0.43515625 0.9673539518900345 0.4390625 0.9484536082474226 0.4390625 0.9175257731958764 0.44296875 0.9020618556701031 0.44375 0.8831615120274915 0.44140625 0.8539518900343642 0.44296875 0.7989690721649485 0.440625 0.7886597938144331 0.44140625 0.7611683848797252 0.4390625 0.752577319587629 0.440625 0.7285223367697595 0.43671875 0.7061855670103093 0.43984375 0.6666666666666667 0.43828125 0.6563573883161513 0.428125 0.6529209621993128 0.43515625 0.6443298969072165 0.428125 0.6357388316151203 0.421875 0.6357388316151203 0.40859375 0.6597938144329898 0.40611953125 0.6529209621993128 0.40442734375 0.6597938144329898 0.40208359375 0.6529209621993128 0.40026015625 0.6597938144329898 0.398046875 0.6529209621993128 0.39609375 0.6597938144329898 0.39401015625 0.6529209621993128 0.38997421875 0.6529209621993128 0.39140625 0.6632302405498283 0.38515625 0.6512027491408936 0.3890625 0.668384879725086 0.384375 0.6718213058419245 0.3796875 0.6512027491408936 0.37109375 0.6494845360824744 0.365625 0.6546391752577321 0.35859375 0.6391752577319588 0.34609375 0.6460481099656358 0.34375 0.6426116838487973 0.34609375 0.6529209621993128 0.34296875 0.6580756013745706 0.35234375 0.661512027491409 0.35390625 0.6786941580756014 0.340625 0.6735395189003437 0.3359375 0.6786941580756014 0.31796875 0.6804123711340206 0.31796875 0.6872852233676976 0.31484375 0.6890034364261168 0.31328125 0.6804123711340206 0.31171875 0.6838487972508591 0.32109375 0.7130584192439863 0.315625 0.7216494845360826
0 0.3328125 0.6357388316151203 0.33203125 0.6391752577319588 0.33515625 0.6426116838487973 0.33758680555555554 0.6386025200458191 0.3328125 0.6357388316151203
0 0.34140625 0.6408934707903781 0.33828125 0.6374570446735396 0.33758680555555554 0.6386025200458191 0.34140625 0.6408934707903781
0 0.3703125 0.98046875 0.0015625 0.0015625
0 0.23046875 0.91015625 0.0015625 0.0015625
0 0.2171875 0.82421875 0.0015625 0.0015625
0 0.271875 0.79296875 0.0015625 0.0015625
0 0.4390625 0.7852233676975946 0.4390625 0.7766323024054984 0.434375 0.7783505154639176 0.43359375 0.7817869415807561 0.4390625 0.7852233676975946
0 0.39375 0.7371134020618557 0.39375 0.7439862542955327 0.396875 0.7439862542955327 0.39618055555555554 0.7363497518136695 0.39375 0.7371134020618557
0 0.24375 0.8178694158075602 0.2375 0.8436426116838488 0.21796875 0.845360824742268 0.2203125 0.8556701030927837 0.225 0.8608247422680414 0.221875 0.8659793814432991 0.22421875 0.8934707903780069 0.23515625 0.8951890034364262 0.23984375 0.9020618556701031 0.2390625 0.9209621993127148 0.23359375 0.9261168384879725 0.234375 0.9553264604810998 0.31640625 0.9759450171821307 0.32890625 0.9725085910652922 0.334375 0.9793814432989691 0.35 0.9793814432989691 0.353125 0.9725085910652922 0.35390625 0.9793814432989691 0.35625 0.9673539518900345 0.36640625 0.9690721649484537 0.3703125 0.963917525773196 0.37265625 0.9690721649484537 0.37734375 0.9673539518900345 0.38046875 0.9828178694158076 0.396875 0.9845360824742269 0.4078125 0.9776632302405499 0.409375 0.970790378006873 0.41796875 0.9725085910652922 0.42265625 0.9621993127147768 0.43515625 0.9587628865979383 0.4390625 0.9450171821305842 0.43359375 0.9278350515463918 0.43828125 0.9209621993127148 0.4421875 0.9003436426116839 0.43984375 0.8848797250859107 0.4421875 0.8831615120274915 0.4421875 0.8659793814432991 0.43828125 0.8573883161512029 0.440625 0.8264604810996564 0.43203125 0.8247422680412372 0.425 0.8384879725085911 0.41171875 0.8384879725085911 0.40859375 0.8350515463917526 0.41328125 0.8264604810996564 0.41171875 0.8178694158075602 0.4078125 0.8195876288659795 0.39375 0.8041237113402062 0.3859375 0.802405498281787 0.38515625 0.7869415807560138 0.39765625 0.7869415807560138 0.40546875 0.7714776632302407 0.36796875 0.7594501718213059 0.371875 0.7508591065292097 0.3828125 0.7474226804123713 0.38359375 0.7353951890034365 0.37890625 0.7405498281786942 0.3765625 0.7353951890034365 0.37265625 0.738831615120275 0.36796875 0.7285223367697595 0.353125 0.7285223367697595 0.3453125 0.7199312714776632 0.3421875 0.725085910652921 0.33046875 0.718213058419244 0.321875 0.7199312714776632 0.31875 0.7233676975945018 0.31796875 0.7371134020618557 0.3109375 0.7422680412371134 0.303125 0.7611683848797252 0.3 0.7577319587628867 0.30390625 0.7628865979381444 0.303125 0.7714776632302407 0.30703125 0.7749140893470792 0.31015625 0.7886597938144331 0.30390625 0.7972508591065293 0.30546875 0.8058419243986255 0.303125 0.8230240549828179 0.29375 0.8213058419243987 0.2859375 0.8075601374570448 0.2875 0.8144329896907218 0.28125 0.8178694158075602 0.26875 0.8127147766323025 0.26640625 0.8058419243986255 0.25625 0.8127147766323025 0.24453125 0.8109965635738833 0.24296875 0.816151202749141 0.2390625 0.816151202749141 0.23828125 0.809278350515464 0.228125 0.8144329896907218 0.21953125 0.809278350515464 0.21640625 0.8144329896907218 0.24375 0.8178694158075602
0 0.396875 0.7027491408934708 0.39765625 0.6975945017182131 0.3953125 0.6993127147766324 0.396875 0.7027491408934708
0 0.3640625 0.6993127147766324 0.36171875 0.6958762886597938 0.36015625 0.7010309278350516 0.3640625 0.6993127147766324
0 0.37890625 0.6958762886597938 0.37421875 0.6924398625429553 0.37578125 0.6993127147766324 0.37890625 0.6958762886597938
0 0.38671875 0.7027491408934708 0.3921875 0.6958762886597938 0.38359375 0.6924398625429553 0.38125 0.6958762886597938 0.38671875 0.7027491408934708
0 0.3515625 0.7044673539518901 0.3578125 0.6993127147766324 0.35546875 0.6821305841924399 0.34453125 0.6855670103092784 0.34375 0.6958762886597938 0.3515625 0.7044673539518901
0 0.33984375 0.6391752577319588 0.3328125 0.6357388316151203 0.3328125 0.6408934707903781 0.33984375 0.6391752577319588
0 0.496875 0.85859375 0.00546875 0.0015625
0 0.45 0.73125 0.0015625 0.0015625
0 0.50625 0.7285223367697595 0.5046875 0.7233676975945018 0.5015625 0.7302405498281788 0.50625 0.7285223367697595
0 0.4515625 0.802405498281787 0.45078125 0.8127147766323025 0.453125 0.8213058419243987 0.44921875 0.8247422680412372 0.4515625 0.8298969072164949 0.47421875 0.8298969072164949 0.4765625 0.8350515463917526 0.490625 0.8247422680412372 0.496875 0.8333333333333334 0.50625 0.8298969072164949 0.51328125 0.8367697594501718 0.5625 0.8419243986254296 0.56796875 0.8384879725085911 0.56875 0.809278350515464 0.57265625 0.7989690721649485 0.57109375 0.7268041237113403 0.56796875 0.7199312714776632 0.54765625 0.7199312714776632 0.54765625 0.7353951890034365 0.54453125 0.7371134020618557 0.54609375 0.7405498281786942 0.54296875 0.7508591065292097 0.5359375 0.745704467353952 0.534375 0.752577319587629 0.515625 0.752577319587629 0.51484375 0.7474226804123713 0.51796875 0.7405498281786942 0.51484375 0.7405498281786942 0.50390625 0.7439862542955327 0.49765625 0.752577319587629 0.49140625 0.7474226804123713 0.48671875 0.752577319587629 0.44609375 0.7560137457044674 0.44453125 0.7835051546391754 0.4515625 0.802405498281787
0 0.51875 0.731958762886598 0.52578125 0.738831615120275 0.5328125 0.7302405498281788 0.5359375 0.7422680412371134 0.5453125 0.7302405498281788 0.5453125 0.718213058419244 0.540625 0.7147766323024055 0.51953125 0.718213058419244 0.5140625 0.7130584192439863 0.5109375 0.7233676975945018 0.51171875 0.7371134020618557 0.51875 0.731958762886598
0 0.459375 0.7268041237113403 0.4640625 0.7233676975945018 0.47109375 0.7302405498281788 0.48203125 0.725085910652921 0.48359375 0.7371134020618557 0.48671875 0.7302405498281788 0.490625 0.7371134020618557 0.49296875 0.7336769759450172 0.4875 0.7199312714776632 0.48359375 0.7199312714776632 0.48046875 0.7130584192439863 0.46484375 0.7130584192439863 0.465625 0.7199312714776632 0.459375 0.7268041237113403
0 0.565625 0.6786941580756014 0.546875 0.6752577319587629 0.546875 0.6821305841924399 0.565625 0.6786941580756014
0 0.4875 0.665625 0.00390625 0.0015625
0 0.07109375 0.6357388316151203 0.0796875 0.6460481099656358 0.0796875 0.6752577319587629 0.096875 0.6855670103092784 0.0890625 0.7096219931271478 0.096875 0.7164948453608248 0.09765625 0.7439862542955327 0.10703125 0.7542955326460482 0.1078125 0.7646048109965636 0.10546875 0.7714776632302407 0.11484375 0.7852233676975946 0.11484375 0.8058419243986255 0.121875 0.8127147766323025 0.121875 0.8316151202749141 0.13125 0.8470790378006873 0.128125 0.8608247422680414 0.14375 0.8694158075601376 0.14375 0.9175257731958764 0.2125 0.9381443298969072 0.22734375 0.9381443298969072 0.21796875 0.8728522336769761 0.21015625 0.8384879725085911 0.20859375 0.8144329896907218 0.20234375 0.7989690721649485 0.19765625 0.7663230240549829 0.19765625 0.7439862542955327 0.18671875 0.7285223367697595 0.1828125 0.6701030927835052 0.17421875 0.6563573883161513 0.16953125 0.6288659793814434 0.1640625 0.6271477663230242 0.14765625 0.6065292096219932 0.13828125 0.6116838487972509 0.1140625 0.6099656357388317 0.1046875 0.604810996563574 0.10234375 0.5979381443298969 0.0890625 0.6030927835051547 0.0896875 0.5979381443298969 0.078125 0.5962199312714777 0.07421875 0.5996563573883162 0.07265625 0.6134020618556701 0.0734375 0.6254295532646049 0.07109375 0.6357388316151203
0 0.22890625 0.23883161512027495 0.22890625 0.2611683848797251 0.23515625 0.2714776632302406 0.32109375 0.2852233676975945 0.328125 0.28350515463917525 0.33125 0.2714776632302406 0.33203125 0.2577319587628866 0.328125 0.24398625429553267 0.33359375 0.23367697594501718 0.334375 0.22336769759450173 0.328125 0.18384879725085912 0.32421875 0.18900343642611686 0.31171875 0.1907216494845361 0.240625 0.18556701030927836 0.22109375 0.19587628865979384 0.2203125 0.22680412371134023 0.22890625 0.23883161512027495
0 0.2984375 0.15390625 0.00546875 0.0015625
0 0.26875 0.16151202749140894 0.271875 0.15463917525773196 0.27421875 0.16151202749140894 0.28203125 0.15635738831615123 0.26484375 0.14948453608247422 0.2640625 0.15463917525773196 0.26875 0.16151202749140894
0 0.228125 0.2611683848797251 0.2296875 0.2714776632302406 0.234375 0.27491408934707906 0.328125 0.2869415807560137 0.33515625 0.2680412371134021 0.33125 0.22680412371134023 0.328125 0.2216494845360825 0.31015625 0.23367697594501718 0.3 0.22852233676975947 0.29609375 0.23539518900343642 0.22890625 0.2302405498281787 0.2265625 0.23195876288659795 0.228125 0.2611683848797251
0 0.3234375 0.211340206185567 0.3265625 0.21649484536082478 0.3296875 0.21305841924398625 0.31875 0.20790378006872853 0.31953125 0.21305841924398625 0.3234375 0.211340206185567
0 0.24765625 0.22508591065292097 0.26015625 0.22336769759450173 0.26328125 0.22852233676975947 0.26328125 0.21305841924398625 0.26875 0.2061855670103093 0.26328125 0.20103092783505155 0.26015625 0.20446735395189006 0.2515625 0.1941580756013746 0.253125 0.20103092783505155 0.2484375 0.21305841924398625 0.2515625 0.21993127147766325 0.24765625 0.22508591065292097
0 0.29296875 0.20446735395189006 0.29453125 0.211340206185567 0.2984375 0.20962199312714777 0.296875 0.19587628865979384 0.2859375 0.19587628865979384 0.2859375 0.20962199312714777 0.29296875 0.20446735395189006
0 0.27734375 0.19759450171821308 0.2796875 0.20962199312714777 0.27890625 0.19243986254295536 0.27265625 0.19243986254295536 0.27109375 0.19587628865979384 0.27734375 0.19759450171821308
0 0.24140625 0.19931271477663232 0.23359375 0.19243986254295536 0.23046875 0.1941580756013746 0.24140625 0.19931271477663232
0 0.30234375 0.21477663230240554 0.3078125 0.20790378006872853 0.30859375 0.21649484536082478 0.31328125 0.21649484536082478 0.3125 0.2061855670103093 0.30859375 0.2061855670103093 0.30859375 0.19931271477663232 0.3125 0.1941580756013746 0.303125 0.18900343642611686 0.30078125 0.19759450171821308 0.30234375 0.21477663230240554
0 0.32421875 0.19587628865979384 0.33046875 0.20274914089347082 0.3296875 0.18556701030927836 0.32578125 0.18556701030927836 0.32734375 0.18041237113402064 0.32421875 0.18213058419243988 0.3234375 0.19587628865979384 0.315625 0.1907216494845361 0.3203125 0.20274914089347082 0.32421875 0.19587628865979384
0 0.2671875 0.15234375 0.003125 0.0015625
0 0.24484374999999997 0.1436426116838488 0.24296875 0.14261168384879724 0.24296875 0.14776632302405499 0.24484374999999997 0.1436426116838488
0 0.24921875 0.14604810996563575 0.24578125 0.14415807560137459 0.246875 0.14776632302405499 0.24921875 0.14604810996563575
0 0.32265625 0.05670103092783506 0.3203125 0.05498281786941581 0.321875 0.061855670103092786 0.32265625 0.05670103092783506
0 0.4625 0.0421875 0.0015625 0.0015625
0 0.31640625 0.03608247422680413 0.31640625 0.04639175257731959 0.328125 0.04639175257731959 0.3328125 0.05670103092783506 0.33203125 0.061855670103092786 0.3234375 0.06701030927835053 0.33125 0.08075601374570447 0.33125 0.09450171821305843 0.32734375 0.10137457044673541 0.32734375 0.11683848797250859 0.33515625 0.140893470790378 0.33359375 0.17010309278350516 0.34140625 0.17869415807560138 0.3390625 0.19931271477663232 0.34140625 0.22336769759450173 0.390625 0.22680412371134023 0.39375 0.2216494845360825 0.403125 0.2216494845360825 0.40546875 0.22680412371134023 0.42734375 0.23367697594501718 0.4421875 0.2302405498281787 0.43828125 0.20790378006872853 0.43359375 0.20274914089347082 0.43515625 0.19759450171821308 0.43046875 0.19759450171821308 0.4328125 0.1907216494845361 0.4421875 0.19243986254295536 0.440625 0.18384879725085912 0.44296875 0.17353951890034364 0.4375 0.14776632302405499 0.440625 0.1288659793814433 0.4359375 0.1202749140893471 0.440625 0.08247422680412372 0.43203125 0.06872852233676977 0.43203125 0.04810996563573884 0.4265625 0.058419243986254296 0.42578125 0.04982817869415808 0.4203125 0.04639175257731959 0.4234375 0.0429553264604811 0.42421875 0.03436426116838488 0.42890625 0.03608247422680413 0.4375 0.027491408934707907 0.44609375 0.030927835051546393 0.45078125 0.025773195876288662 0.4453125 0.022336769759450172 0.44375 0.027491408934707907 0.43671875 0.018900343642611686 0.4234375 0.01718213058419244 0.41484375 0.027491408934707907 0.409375 0.01718213058419244 0.39296875 0.022336769759450172 0.37734375 0.01202749140893471 0.34375 0.015463917525773196 0.3390625 0.02061855670103093 0.32734375 0.013745704467353953 0.3234375 0.018900343642611686 0.3234375 0.02405498281786942 0.31640625 0.03608247422680413
0 0.1734375 0.6219931271477663 0.17890625 0.6580756013745706 0.1859375 0.668384879725086 0.18828125 0.7268041237113403 0.19765625 0.7405498281786942 0.19765625 0.7714776632302407 0.20390625 0.8041237113402062 0.2109375 0.8195876288659795 0.2109375 0.8384879725085911 0.2203125 0.879725085910653 0.225 0.9209621993127148 0.23203125 0.9312714776632303 0.2328125 0.9536082474226806 0.2671875 0.9656357388316152 0.32578125 0.9759450171821307 0.328125 0.9690721649484537 0.32734375 0.9553264604810998 0.31875 0.9450171821305842 0.3203125 0.8934707903780069 0.3140625 0.8900343642611684 0.3078125 0.8659793814432991 0.309375 0.8505154639175257 0.30390625 0.8127147766323025 0.30625 0.7817869415807561 0.30546875 0.7302405498281788 0.2953125 0.718213058419244 0.2953125 0.6890034364261168 0.2859375 0.6649484536082475 0.28359375 0.6408934707903781 0.275 0.6288659793814434 0.27890625 0.6254295532646049 0.29140625 0.5893470790378007 0.321875 0.534364261168385 0.33125 0.5103092783505155 0.33359375 0.4965635738831615 0.3296875 0.4896907216494846 0.31484375 0.4862542955326461 0.30234375 0.4965635738831615 0.278125 0.4965635738831615 0.26640625 0.4862542955326461 0.246875 0.48453608247422686 0.2359375 0.49828178694158076 0.23203125 0.5103092783505155 0.1953125 0.5549828178694158 0.19140625 0.5670103092783505 0.18203125 0.5721649484536082 0.1765625 0.5876288659793815 0.16796875 0.5910652920962199 0.1625 0.6013745704467355 0.1609375 0.6116838487972509 0.1734375 0.6219931271477663
0 0.1234375 0.7731958762886599 0.134375 0.7749140893470792 0.134375 0.7680412371134021 0.125 0.7663230240549829 0.121875 0.7680412371134021 0.1234375 0.7731958762886599
0 0.18984375 0.7646048109965636 0.1890625 0.7594501718213059 0.18359375 0.7594501718213059 0.18125 0.7611683848797252 0.18984375 0.7646048109965636
0 0.04140625 0.5927835051546392 0.04609375 0.5945017182130584 0.0453125 0.5859106529209622 0.04921875 0.5738831615120275 0.04296875 0.5790378006872853 0.04453125 0.584192439862543 0.04140625 0.5927835051546392
0 0.05859375 0.5807560137457045 0.05859375 0.5927835051546392 0.07265625 0.5945017182130584 0.0703125 0.6374570446735396 0.0796875 0.6477663230240551 0.0796875 0.6769759450171822 0.103515625 0.6838487972508591 0.1078125 0.6941580756013745 0.10390625 0.7044673539518901 0.10859375 0.7096219931271478 0.1390625 0.7164948453608248 0.1390625 0.7405498281786942 0.13125 0.7474226804123713 0.14140625 0.752577319587629 0.14140625 0.7714776632302407 0.1390625 0.7749140893470792 0.14296875 0.7783505154639176 0.14375 0.7697594501718215 0.14765625 0.7731958762886599 0.14734375 0.7783505154639176 0.16484375 0.7783505154639176 0.17578125 0.7886597938144331 0.1796875 0.7783505154639176 0.17421875 0.7749140893470792 0.171875 0.7663230240549829 0.17734375 0.7577319587628867 0.17734375 0.7474226804123713 0.1734375 0.7422680412371134 0.1734375 0.7302405498281788 0.1859375 0.7302405498281788 0.18359375 0.7164948453608248 0.18515625 0.7027491408934708 0.1828125 0.6993127147766324 0.18203125 0.6821305841924399 0.171875 0.6323024054982819 0.15859375 0.6134020618556701 0.15859375 0.5945017182130584 0.16328125 0.5859106529209622 0.17265625 0.584192439862543 0.178125 0.5687285223367697 0.1890625 0.5584192439862543 0.19453125 0.5446735395189004 0.21328125 0.5223367697594502 0.23203125 0.48453608247422686 0.22421875 0.4725085910652921 0.21015625 0.46735395189003437 0.17890625 0.4742268041237113 0.1640625 0.46563573883161513 0.15390625 0.46563573883161513 0.1375 0.4742268041237113 0.1296875 0.4896907216494846 0.11953125 0.4948453608247423 0.1125 0.513745704467354 0.10859375 0.5103092783505155 0.10234375 0.5154639175257733 0.10078125 0.527491408934708 0.09453125 0.5326460481099657 0.084375 0.5309278350515465 0.075 0.5549828178694158 0.06796875 0.5498281786941581 0.06796875 0.5601374570446735 0.0640625 0.5567010309278351 0.0640625 0.5721649484536082 0.05859375 0.5807560137457045
0 0.22578125 0.4072164948453609 0.215625 0.40034364261168387 0.2140625 0.4072164948453609 0.22578125 0.4072164948453609
0 0.1609375 0.40549828178694164 0.16953125 0.4037800687285224 0.1625 0.39862542955326463 0.16015625 0.40034364261168387 0.1609375 0.40549828178694164
0 0.2234375 0.38487972508591073 0.23125 0.37972508591065296 0.2328125 0.372852233676976 0.20125 0.372852233676976 0.2 0.38316151202749144 0.20234375 0.38659793814432997 0.2234375 0.38487972508591073
0 0.19609375 0.36484375 0.0015625 0.0015625
0 0.18828125 0.37972508591065296 0.175 0.36426116838487976 0.175 0.35738831615120276 0.146875 0.36426116838487976 0.14765625 0.3814432989690722 0.18828125 0.37972508591065296
0 0.21484375 0.3556701030927835 0.21640625 0.34879725085910657 0.2203125 0.3556701030927835 0.221875 0.34879725085910657 0.22734375 0.3539518900343643 0.2234375 0.3470790378006873 0.21015625 0.3470790378006873 0.209375 0.35223367697594504 0.21484375 0.3556701030927835
0 0.225 0.3384879725085911 0.2234375 0.3298969072164949 0.22265625 0.3402061855670103 0.225 0.3384879725085911
0 0.1953125 0.3384879725085911 0.2 0.3384879725085911 0.20234375 0.33161512027491413 0.20546875 0.3384879725085911 0.21484375 0.33676975945017185 0.21484375 0.33161512027491413 0.2015625 0.3298969072164949 0.19921875 0.33676975945017185 0.19765625 0.3298969072164949 0.19453125 0.33161512027491413 0.19296875 0.3350515463917526 0.1953125 0.3384879725085911
0 0.10546875 0.18041237113402064 0.11015625 0.18213058419243988 0.1125 0.18900343642611686 0.1125 0.22508591065292097 0.11875 0.2302405498281787 0.1265625 0.2525773195876289 0.1265625 0.2611683848797251 0.12265625 0.2714776632302406 0.128125 0.2766323024054983 0.1296875 0.302405498281787 0.13984375 0.3230240549828179 0.13984375 0.34879725085910657 0.14765625 0.359106529209622 0.1546875 0.3505154639175258 0.16171875 0.35223367697594504 0.16484375 0.34536082474226804 0.16328125 0.3384879725085911 0.15625 0.33161512027491413 0.1609375 0.3247422680412372 0.171875 0.3247422680412372 0.171875 0.31615120274914094 0.175 0.31271477663230246 0.18125 0.32130584192439865 0.18515625 0.31615120274914094 0.196875 0.32130584192439865 0.21328125 0.31099656357388317 0.21953125 0.3144329896907217 0.22265625 0.30927835051546393 0.2203125 0.30068728522336774 0.22265625 0.29037800687285226 0.21953125 0.27491408934707906 0.2234375 0.26632302405498287 0.2234375 0.24742268041237114 0.2125 0.22680412371134023 0.215625 0.21305841924398625 0.21328125 0.19759450171821308 0.2078125 0.18556701030927836 0.18203125 0.17697594501718214 0.1515625 0.17869415807560138 0.13359375 0.17353951890034364 0.10546875 0.17353951890034364 0.10546875 0.18041237113402064
0 0.10625 0.13828125 0.00078125 0.0015625
0 0.1875 0.13745704467353953 0.18515625 0.14261168384879724 0.17578125 0.13402061855670105 0.1671875 0.13402061855670105 0.1671875 0.14766525166767738 0.175 0.14261168384879724 0.18203125 0.14604810996563575 0.19921875 0.140893470790378 0.1875 0.13745704467353953
0 0.121875 0.14948453608247422 0.13046875 0.14261168384879724 0.14375 0.14604810996563575 0.153125 0.15292096219931273 0.15390625 0.16151202749140894 0.1609375 0.1597938144329897 0.16171875 0.1512027491408935 0.16703125000000002 0.14776632302405499 0.1546875 0.14776632302405499 0.15859375 0.13402061855670105 0.15390625 0.1443298969072165 0.15078125 0.14261168384879724 0.153515625 0.13402061855670105 0.1484375 0.13402061855670105 0.14453125 0.1443298969072165 0.14375 0.1357388316151203 0.140625 0.13230240549828182 0.128125 0.1357388316151203 0.12578125 0.14604810996563575 0.12109375 0.13745704467353953 0.11015625 0.13917525773195877 0.10703125 0.1512027491408935 0.10859375 0.15635738831615123 0.11484375 0.15463917525773196 0.11875 0.140893470790378 0.121875 0.14948453608247422
0 0.1265625 0.084375 0.00078125 0.00703125
0 0.425 0.95625 0.00078125 0.0015625
0 0.28984375 0.6305841924398626 0.28984375 0.661512027491409 0.30625 0.6924398625429553 0.3015625 0.7027491408934708 0.3 0.7164948453608248 0.31171875 0.731958762886598 0.309375 0.7371134020618557 0.31171875 0.7474226804123713 0.309375 0.7542955326460482 0.3109375 0.7628865979381444 0.30703125 0.8075601374570448 0.315625 0.8470790378006873 0.3140625 0.8745704467353953 0.328125 0.8934707903780069 0.3265625 0.9140893470790379 0.33046875 0.9450171821305842 0.35625 0.957044673539519 0.359375 0.9553264604810998 0.3609375 0.9398625429553265 0.3703125 0.9347079037800687 0.36953125 0.9501718213058419 0.37421875 0.9432989690721649 0.37578125 0.9518900343642611 0.38203125 0.957044673539519 0.4046875 0.9621993127147768 0.40703125 0.9381443298969072 0.4109375 0.9312714776632303 0.4203125 0.936426116838488 0.421875 0.9432989690721649 0.43125 0.9415807560137457 0.42578125 0.9312714776632303 0.4296875 0.9243986254295533 0.43515625 0.9243986254295533 0.43515625 0.9140893470790379 0.4390625 0.9106529209621994 0.43984375 0.8831615120274915 0.4421875 0.879725085910653 0.4390625 0.8625429553264606 0.44140625 0.8281786941580757 0.4390625 0.8213058419243987 0.43984375 0.802405498281787 0.43515625 0.7989690721649485 0.43984375 0.7852233676975946 0.43984375 0.7697594501718215 0.4375 0.7663230240549829 0.43984375 0.7336769759450172 0.434375 0.7199312714776632 0.43671875 0.7164948453608248 0.4359375 0.6907216494845361 0.4390625 0.6786941580756014 0.4390625 0.6597938144329898 0.42890625 0.6580756013745706 0.42734375 0.6529209621993128 0.43125 0.6494845360824744 0.42578125 0.6357388316151203 0.39921875 0.6305841924398626 0.39453125 0.6219931271477663 0.39453125 0.6082474226804124 0.39921875 0.5859106529209622 0.39765625 0.577319587628866 0.40390625 0.5670103092783505 0.41171875 0.5412371134020619 0.41484375 0.5068728522336771 0.384375 0.5051546391752578 0.37421875 0.5017182130584193 0.36953125 0.4948453608247423 0.3484375 0.49312714776632305 0.33125 0.5223367697594502 0.303125 0.5824742268041238 0.28671875 0.6237113402061857 0.28984375 0.6305841924398626
0 0.5734375 0.0429553264604811 0.584375 0.0429553264604811 0.590625 0.030927835051546393 0.61015625 0.025773195876288662 0.6125 0.02061855670103093 0.60625 0.01202749140893471 0.590625 0.010309278350515465 0.57734375 0.015463917525773196 0.571875 0.02405498281786942 0.57109375 0.03608247422680413 0.5734375 0.0429553264604811
0 0.3296875 0.2680412371134021 0.328125 0.2611683848797251 0.32734375 0.2680412371134021 0.3296875 0.2680412371134021
0 0.28046875 0.2405498281786942 0.2796875 0.23711340206185566 0.2765625 0.23883161512027495 0.28046875 0.2405498281786942
0 0.24453125 0.23883161512027495 0.2421875 0.23367697594501718 0.23984375 0.23367697594501718 0.24453125 0.23883161512027495
0 0.32421875 0.23711340206185566 0.32109375 0.23195876288659795 0.31953125 0.23367697594501718 0.32421875 0.23711340206185566
0 0.2515625 0.2296875 0.00234375 0.0015625
0 0.328125 0.22680412371134023 0.32734375 0.2216494845360825 0.3203125 0.21993127147766325 0.3203125 0.22680412371134023 0.328125 0.22680412371134023
0 0.259375 0.21875 0.00390625 0.0015625
0 0.31484375 0.21305841924398625 0.31015625 0.20962199312714777 0.3078125 0.21649484536082478 0.31484375 0.21305841924398625
0 0.328125 0.21477663230240554 0.32890625 0.20790378006872853 0.3265625 0.2061855670103093 0.32578125 0.21305841924398625 0.328125 0.21477663230240554
0 0.27734375 0.20103092783505155 0.2734375 0.19931271477663232 0.2703125 0.2061855670103093 0.27734375 0.20103092783505155
0 0.29296875 0.2061855670103093 0.29765625 0.20103092783505155 0.3 0.2061855670103093 0.30078125 0.20103092783505155 0.2890625 0.19759450171821308 0.2875 0.19931271477663232 0.29296875 0.2061855670103093
0 0.2578125 0.19587628865979384 0.2546875 0.20274914089347082 0.25859375 0.2061855670103093 0.26015625 0.19243986254295536 0.25546875 0.1907216494845361 0.25390625 0.19243986254295536 0.2578125 0.19587628865979384
0 0.1203125 0.17109375 0.00078125 0.0015625
0 0.29453125 0.17353951890034364 0.29296875 0.16666666666666669 0.29609375 0.1632302405498282 0.2984375 0.1718213058419244 0.30546875 0.16666666666666669 0.3078125 0.17010309278350516 0.30703125 0.16494845360824745 0.3015625 0.1632302405498282 0.303125 0.15463917525773196 0.30078125 0.1512027491408935 0.29765625 0.16151202749140894 0.29140625 0.1632302405498282 0.2921875 0.1752577319587629 0.29453125 0.17353951890034364
0 0.1125 0.15807560137457047 0.11640625 0.15292096219931273 0.12421875 0.1632302405498282 0.12578125 0.1718213058419244 0.13203125 0.16494845360824745 0.12578125 0.1597938144329897 0.12734375 0.14604810996563575 0.1234375 0.15463917525773196 0.12265625 0.14604810996563575 0.11640625 0.13230240549828182 0.10546875 0.1357388316151203 0.1078125 0.15292096219931273 0.1125 0.15807560137457047
0 0.1 0.109375 0.00234375 0.0015625
0 0.09921875 0.11512027491408935 0.1015625 0.11855670103092783 0.11171875 0.12714776632302408 0.1234375 0.1202749140893471 0.13046875 0.1443298969072165 0.13203125 0.1357388316151203 0.13515625 0.13402061855670105 0.13515625 0.15807560137457047 0.1390625 0.16838487972508592 0.13828125 0.1752577319587629 0.128125 0.18213058419243988 0.11953125 0.18041237113402064 0.115625 0.18900343642611686 0.1125 0.18728522336769762 0.115625 0.1941580756013746 0.11484375 0.21477663230240554 0.12265625 0.2302405498281787 0.12890625 0.25429553264604815 0.12890625 0.2611683848797251 0.125 0.2680412371134021 0.1296875 0.27491408934707906 0.1296875 0.29553264604810997 0.13203125 0.3041237113402062 0.1390625 0.31271477663230246 0.13984375 0.3470790378006873 0.14609375 0.3556701030927835 0.14609375 0.3780068728522337 0.153125 0.3934707903780069 0.15390625 0.4175257731958763 0.159375 0.4295532646048111 0.16171875 0.4518900343642612 0.2078125 0.4553264604810997 0.2328125 0.46563573883161513 0.240625 0.4639175257731959 0.24375 0.45704467353951894 0.2421875 0.41924398625429554 0.2359375 0.3934707903780069 0.2375 0.3762886597938145 0.23203125 0.34192439862542956 0.23359375 0.3298969072164949 0.22890625 0.3230240549828179 0.22890625 0.29553264604810997 0.2265625 0.2920962199312715 0.23046875 0.288659793814433 0.225 0.2680412371134021 0.23046875 0.2525773195876289 0.24375 0.2525773195876289 0.24375 0.2577319587628866 0.26328125 0.2714776632302406 0.28359375 0.26975945017182135 0.2984375 0.2766323024054983 0.31015625 0.27491408934707906 0.32109375 0.26460481099656363 0.32109375 0.24742268041237114 0.27109375 0.2457044673539519 0.265625 0.23711340206185566 0.25859375 0.23711340206185566 0.25625 0.24226804123711343 0.26328125 0.24742268041237114 0.2625 0.26975945017182135 0.24921875 0.2560137457044674 0.24921875 0.24226804123711343 0.2421875 0.24914089347079038 0.240625 0.24398625429553267 0.234375 0.24914089347079038 0.23125 0.23883161512027495 0.2234375 0.2302405498281787 0.2265625 0.2216494845360825 0.23125 0.2216494845360825 0.2328125 0.20790378006872853 0.22890625 0.19587628865979384 0.2203125 0.19243986254295536 0.21484375 0.18384879725085912 0.2171875 0.17869415807560138 0.2109375 0.16666666666666669 0.21484375 0.15807560137457047 0.2046875 0.1357388316151203 0.23125 0.1357388316151203 0.24375 0.1288659793814433 0.2546875 0.13230240549828182 0.2546875 0.12714776632302408 0.26328125 0.12714776632302408 0.29453125 0.13745704467353953 0.296875 0.14776632302405499 0.3015625 0.1443298969072165 0.30703125 0.14948453608247422 0.3078125 0.1288659793814433 0.3125 0.1288659793814433 0.31953125 0.13917525773195877 0.32265625 0.1357388316151203 0.3203125 0.09965635738831616 0.31015625 0.08762886597938145 0.3 0.08075601374570447 0.29921875 0.08762886597938145 0.2953125 0.09106529209621994 0.29375 0.08247422680412372 0.28828125 0.07903780068728523 0.25078125 0.08075601374570447 0.25 0.08762886597938145 0.2453125 0.08247422680412372 0.2375 0.08419243986254296 0.234375 0.09965635738831616 0.228125 0.09450171821305843 0.22421875 0.07731958762886598 0.20390625 0.07731958762886598 0.18828125 0.070446735395189 0.1796875 0.07731958762886598 0.15625 0.07216494845360825 0.13671875 0.08419243986254296 0.12578125 0.08075601374570447 0.1203125 0.08934707903780069 0.1125 0.08419243986254296 0.10546875 0.09450171821305843 0.103125 0.11340206185567012 0.09921875 0.11512027491408935
0 0.165625 0.6185567010309279 0.1859375 0.6219931271477663 0.19453125 0.6305841924398626 0.20625 0.6254295532646049 0.20546875 0.6134020618556701 0.2203125 0.6185567010309279 0.2234375 0.6288659793814434 0.2296875 0.6202749140893471 0.240625 0.6271477663230242 0.27734375 0.6271477663230242 0.29375 0.5859106529209622 0.32109375 0.5395189003436427 0.32421875 0.5240549828178694 0.33125 0.5103092783505155 0.33359375 0.49312714776632305 0.3296875 0.48797250859106533 0.31328125 0.48453608247422686 0.303125 0.4948453608247423 0.28125 0.4965635738831615 0.265625 0.48453608247422686 0.24609375 0.4828178694158076 0.24140625 0.4862542955326461 0.23125 0.5103092783505155 0.21328125 0.527491408934708 0.1953125 0.5532646048109966 0.19140625 0.5652920962199313 0.18515625 0.5670103092783505 0.17578125 0.5876288659793815 0.1671875 0.5910652920962199 0.1625 0.6013745704467355 0.16171875 0.6116838487972509 0.165625 0.6185567010309279
0 0.44921875 0.9948453608247423 0.5015625 0.9896907216494846 0.55859375 0.9982817869415808 0.56171875 0.993127147766323 0.56171875 0.9432989690721649 0.54765625 0.9347079037800687 0.4609375 0.929553264604811 0.45 0.9329896907216495 0.4484375 0.9484536082474226 0.446875 0.9810996563573884 0.44921875 0.9948453608247423
0 0.33203125 0.9828178694158076 0.39921875 0.9982817869415808 0.4078125 0.9982817869415808 0.4203125 0.9879725085910653 0.42265625 0.9810996563573884 0.43203125 0.993127147766323 0.4359375 0.9793814432989691 0.42890625 0.9690721649484537 0.41328125 0.9673539518900345 0.4109375 0.9604810996563575 0.39921875 0.963917525773196 0.3671875 0.9536082474226806 0.3578125 0.9587628865979383 0.33359375 0.9553264604810998 0.33046875 0.9656357388316152 0.3296875 0.9793814432989691 0.33203125 0.9828178694158076
0 0.16953125 0.8659793814432991 0.16875 0.8625429553264606 0.16484375 0.8625429553264606 0.16953125 0.8659793814432991
0 0.16953125 0.8556701030927837 0.17578125 0.852233676975945 0.165625 0.8487972508591065 0.16484375 0.852233676975945 0.16953125 0.8556701030927837
0 0.0796875 0.6494845360824744 0.078125 0.6735395189003437 0.09609375 0.6855670103092784 0.090625 0.7096219931271478 0.09765625 0.7164948453608248 0.0984375 0.7439862542955327 0.1078125 0.7542955326460482 0.10703125 0.7714776632302407 0.115625 0.7835051546391754 0.115625 0.8058419243986255 0.12421875 0.8127147766323025 0.12265625 0.8316151202749141 0.1328125 0.8384879725085911 0.134375 0.8591065292096222 0.1453125 0.8642611683848799 0.15234375 0.8505154639175257 0.16015625 0.8505154639175257 0.16328125 0.8419243986254296 0.17578125 0.8419243986254296 0.2 0.852233676975945 0.20625 0.8487972508591065 0.20078125 0.8333333333333334 0.20390625 0.8281786941580757 0.203125 0.816151202749141 0.19453125 0.7989690721649485 0.19609375 0.7783505154639176 0.19296875 0.7560137457044674 0.18359375 0.7302405498281788 0.18203125 0.6786941580756014 0.171875 0.6580756013745706 0.16796875 0.6288659793814434 0.16015625 0.6271477663230242 0.14375 0.6065292096219932 0.13671875 0.6116838487972509 0.115625 0.6082474226804124 0.0984375 0.5945017182130584 0.07734375 0.5945017182130584 0.0734375 0.5996563573883162 0.07109375 0.6151202749140894 0.0703125 0.6357388316151203 0.0796875 0.6494845360824744
0 0.403125 0.30927835051546393 0.4046875 0.31615120274914094 0.40703125 0.31271477663230246 0.4046875 0.3075601374570447 0.4 0.30927835051546393 0.396875 0.3144329896907217 0.403125 0.30927835051546393
0 0.3421875 0.29037800687285226 0.3421875 0.31271477663230246 0.35078125 0.31615120274914094 0.37734375 0.31271477663230246 0.38359375 0.2972508591065292 0.38671875 0.30584192439862545 0.38984375 0.2869415807560137 0.4015625 0.281786941580756 0.409375 0.2869415807560137 0.409375 0.2972508591065292 0.41328125 0.30584192439862545 0.41875 0.29896907216494845 0.42421875 0.3041237113402062 0.42734375 0.3178694158075602 0.4328125 0.3178694158075602 0.43515625 0.31099656357388317 0.4390625 0.31099656357388317 0.4390625 0.29896907216494845 0.434375 0.29553264604810997 0.44296875 0.2869415807560137 0.45078125 0.2680412371134021 0.44921875 0.25429553264604815 0.43984375 0.23711340206185566 0.36640625 0.22852233676975947 0.34375 0.23195876288659795 0.33828125 0.2405498281786942 0.3375 0.2731958762886598 0.3421875 0.29037800687285226
0 0.60234375 0.29553264604810997 0.60625 0.25945017182130586 0.60625 0.21649484536082478 0.6109375 0.1597938144329897 0.60859375 0.1443298969072165 0.590625 0.14261168384879724 0.5828125 0.14776632302405499 0.58046875 0.15807560137457047 0.575 0.25429553264604815 0.57578125 0.2920962199312715 0.60234375 0.29553264604810997
0 0.0984375 0.6296875 0.0015625 0.0015625
0 0.0796875 0.6494845360824744 0.078125 0.6752577319587629 0.0953125 0.6855670103092784 0.08828125 0.7096219931271478 0.096875 0.718213058419244 0.096875 0.7439862542955327 0.10703125 0.7542955326460482 0.10625 0.7749140893470792 0.115625 0.7852233676975946 0.115625 0.8058419243986255 0.12265625 0.8109965635738833 0.12109375 0.8298969072164949 0.13203125 0.8470790378006873 0.13046875 0.8625429553264606 0.17109375 0.8694158075601376 0.1765625 0.8762886597938145 0.19609375 0.8762886597938145 0.203125 0.8814432989690723 0.21015625 0.8814432989690723 0.21328125 0.8762886597938145 0.20703125 0.8230240549828179 0.19921875 0.79553264604811 0.19765625 0.7508591065292097 0.1859375 0.7285223367697595 0.18671875 0.7061855670103093 0.18359375 0.6804123711340206 0.171875 0.6563573883161513 0.1671875 0.6408934707903781 0.16796875 0.6305841924398626 0.165625 0.6323024054982819 0.16640625 0.6426116838487973 0.159375 0.6443298969072165 0.159375 0.6323024054982819 0.15390625 0.6219931271477663 0.14296875 0.6357388316151203 0.1125 0.6426116838487973 0.0921875 0.6288659793814434 0.07421875 0.6288659793814434 0.07109375 0.6357388316151203 0.0796875 0.6494845360824744
0 0.14921875 0.6219931271477663 0.14375 0.6116838487972509 0.1390625 0.6134020618556701 0.1390625 0.6185567010309279 0.14921875 0.6219931271477663
0 0.1015625 0.6134020618556701 0.10703125 0.6151202749140894 0.1015625 0.6082474226804124 0.0984375 0.6185567010309279 0.1015625 0.6134020618556701
0 0.07421875 0.6168384879725086 0.08515625 0.6185567010309279 0.090625 0.6082474226804124 0.0859375 0.6082474226804124 0.0859375 0.5979381443298969 0.084375 0.604810996563574 0.08046875 0.5979381443298969 0.078125 0.604810996563574 0.075 0.5979381443298969 0.078125 0.6116838487972509 0.07421875 0.6168384879725086
0 0.45625 0.1443298969072165 0.46328125 0.13745704467353953 0.478125 0.13917525773195877 0.484375 0.1288659793814433 0.4921875 0.1288659793814433 0.51171875 0.13230240549828182 0.51875 0.13917525773195877 0.55 0.13917525773195877 0.5609375 0.14776632302405499 0.57109375 0.1357388316151203 0.5734375 0.12542955326460484 0.56875 0.09450171821305843 0.5625 0.08762886597938145 0.5625 0.07388316151202749 0.5703125 0.051546391752577324 0.56796875 0.030927835051546393 0.56484375 0.027491408934707907 0.5671875 0.022336769759450172 0.56171875 0.029209621993127148 0.55546875 0.029209621993127148 0.5515625 0.03951890034364262 0.53828125 0.03264604810996564 0.5328125 0.044673539518900345 0.51171875 0.044673539518900345 0.50859375 0.03608247422680413 0.50703125 0.0429553264604811 0.490625 0.03780068728522337 0.48359375 0.04639175257731959 0.47890625 0.03951890034364262 0.4734375 0.03951890034364262 0.4703125 0.0429553264604811 0.46953125 0.05670103092783506 0.46171875 0.07903780068728523 0.446875 0.09450171821305843 0.44765625 0.12371134020618557 0.45625 0.1443298969072165
0 0.11953125 0.2302405498281787 0.11640625 0.22336769759450173 0.1125 0.22336769759450173 0.121875 0.23539518900343642 0.1265625 0.2525773195876289 0.1265625 0.2611683848797251 0.121875 0.2714776632302406 0.21640625 0.27491408934707906 0.22265625 0.2714776632302406 0.225 0.26460481099656363 0.2234375 0.25429553264604815 0.21953125 0.2508591065292097 0.21875 0.2405498281786942 0.2078125 0.22508591065292097 0.12890625 0.2216494845360825 0.1203125 0.22336769759450173 0.11953125 0.2302405498281787
0 0.19921875 0.1984375 0.0015625 0.0015625
0 0.18671875 0.19243986254295536 0.18125 0.1941580756013746 0.18515625 0.19759450171821308 0.18671875 0.19243986254295536
0 0.45546875 0.14261168384879724 0.4625 0.13745704467353953 0.478125 0.13917525773195877 0.484375 0.1288659793814433 0.49296875 0.1288659793814433 0.51640625 0.13745704467353953 0.54921875 0.13917525773195877 0.5609375 0.14776632302405499 0.571875 0.1357388316151203 0.5734375 0.1288659793814433 0.56953125 0.09450171821305843 0.5625 0.0859106529209622 0.5625 0.07560137457044674 0.57109375 0.04982817869415808 0.5671875 0.022336769759450172 0.55234375 0.029209621993127148 0.55 0.03780068728522337 0.5390625 0.030927835051546393 0.53515625 0.03264604810996564 0.53203125 0.0429553264604811 0.52421875 0.044673539518900345 0.5125 0.04123711340206186 0.51171875 0.03608247422680413 0.50546875 0.03264604810996564 0.50078125 0.03264604810996564 0.5 0.04123711340206186 0.48984375 0.03780068728522337 0.484375 0.044673539518900345 0.47265625 0.03951890034364262 0.46171875 0.07903780068728523 0.446875 0.09450171821305843 0.4484375 0.1288659793814433 0.45546875 0.14261168384879724
0 0.2625 0.47938144329896915 0.2796875 0.48797250859106533 0.3 0.48797250859106533 0.3078125 0.4810996563573884 0.33828125 0.48453608247422686 0.3453125 0.47594501718213056 0.3421875 0.4587628865979382 0.34375 0.4175257731958763 0.340625 0.41065292096219935 0.3125 0.4089347079037801 0.26953125 0.3969072164948454 0.25234375 0.40034364261168387 0.24765625 0.41580756013745707 0.24765625 0.4639175257731959 0.2625 0.47938144329896915
0 0.45625 0.23711340206185566 0.4890625 0.2302405498281787 0.49609375 0.23711340206185566 0.5265625 0.23367697594501718 0.56015625 0.2405498281786942 0.5671875 0.23711340206185566 0.56953125 0.2302405498281787 0.5671875 0.19931271477663232 0.5703125 0.19587628865979384 0.56953125 0.18041237113402064 0.575 0.1718213058419244 0.57109375 0.1752577319587629 0.56953125 0.16666666666666669 0.571875 0.16494845360824745 0.56953125 0.16151202749140894 0.55 0.14604810996563575 0.54609375 0.14948453608247422 0.52890625 0.140893470790378 0.51796875 0.14261168384879724 0.509375 0.13402061855670105 0.49765625 0.13745704467353953 0.48671875 0.13230240549828182 0.47734375 0.14604810996563575 0.4625 0.14261168384879724 0.459375 0.14776632302405499 0.46015625 0.16494845360824745 0.45 0.18213058419243988 0.4484375 0.22852233676975947 0.45625 0.23711340206185566
0 0.596875 0.21875 0.003125 0.0015625
0 0.57890625 0.21993127147766325 0.58515625 0.20790378006872853 0.60546875 0.20962199312714777 0.61171875 0.1597938144329897 0.609375 0.1443298969072165 0.58671875 0.1443298969072165 0.5796875 0.15807560137457047 0.57734375 0.20962199312714777 0.57890625 0.21993127147766325
0 0.46171875 0.9347079037800687 0.46328125 0.9450171821305842 0.46484375 0.936426116838488 0.46875 0.9381443298969072 0.46953125 0.9450171821305842 0.4765625 0.9312714776632303 0.4828125 0.929553264604811 0.56484375 0.9381443298969072 0.5671875 0.8780068728522338 0.56171875 0.8728522336769761 0.5078125 0.8608247422680414 0.4546875 0.8659793814432991 0.44921875 0.8694158075601376 0.4484375 0.8762886597938145 0.4484375 0.9278350515463918 0.46171875 0.9347079037800687
0 0.46484375 0.18556701030927836 0.46640625 0.2061855670103093 0.46328125 0.22508591065292097 0.45546875 0.23367697594501718 0.45703125 0.24226804123711343 0.44921875 0.30068728522336774 0.44921875 0.3178694158075602 0.4609375 0.3350515463917526 0.4609375 0.34536082474226804 0.45625 0.3470790378006873 0.4578125 0.34879725085910657 0.453125 0.3608247422680413 0.45625 0.36426116838487976 0.453125 0.3969072164948454 0.459375 0.4037800687285224 0.4546875 0.43642611683848803 0.45546875 0.4587628865979382 0.459375 0.46563573883161513 0.5046875 0.46735395189003437 0.52421875 0.47594501718213056 0.5375 0.4948453608247423 0.553125 0.5068728522336771 0.5578125 0.4828178694158076 0.5578125 0.42439862542955326 0.56015625 0.41408934707903783 0.56015625 0.3934707903780069 0.55703125 0.3814432989690722 0.56015625 0.3762886597938145 0.5609375 0.365979381443299 0.55859375 0.3402061855670103 0.5640625 0.32817869415807566 0.56484375 0.27491408934707906 0.56171875 0.2525773195876289 0.5671875 0.22680412371134023 0.5640625 0.21477663230240554 0.565625 0.18213058419243988 0.5609375 0.15807560137457047 0.546875 0.1443298969072165 0.5359375 0.14776632302405499 0.5265625 0.13917525773195877 0.51640625 0.14261168384879724 0.50859375 0.13402061855670105 0.49609375 0.140893470790378 0.4875 0.13402061855670105 0.47734375 0.14604810996563575 0.46328125 0.140893470790378 0.45859375 0.14948453608247422 0.45625 0.1718213058419244 0.45703125 0.18041237113402064 0.46484375 0.18556701030927836
0 0.340625 0.20790378006872853 0.33828125 0.20962199312714777 0.34609375 0.21993127147766325 0.33984375 0.23539518900343642 0.3375 0.2611683848797251 0.340625 0.3144329896907217 0.34609375 0.3195876288659794 0.44296875 0.3195876288659794 0.44375 0.2920962199312715 0.44921875 0.25945017182130586 0.44296875 0.2405498281786942 0.4453125 0.19587628865979384 0.43984375 0.1752577319587629 0.428125 0.18556701030927836 0.39140625 0.17697594501718214 0.33828125 0.17869415807560138 0.3375 0.20103092783505155 0.340625 0.20790378006872853
0 0.41875 0.14140625 0.00234375 0.0015625
0 0.403125 0.140893470790378 0.4015625 0.13917525773195877 0.39765625 0.13917525773195877 0.403125 0.140893470790378
0 0.32578125 0.9347079037800687 0.3234375 0.9381443298969072 0.32421875 0.9450171821305842 0.328125 0.9450171821305842 0.33125 0.9536082474226806 0.32890625 0.9759450171821307 0.33203125 0.9810996563573884 0.4078125 0.9965635738831615 0.4140625 0.993127147766323 0.421875 0.9793814432989691 0.43125 0.9879725085910653 0.4359375 0.9793814432989691 0.4359375 0.963917525773196 0.43984375 0.9484536082474226 0.4390625 0.9106529209621994 0.4421875 0.9054982817869417 0.43984375 0.8900343642611684 0.44296875 0.879725085910653 0.43828125 0.879725085910653 0.4390625 0.8900343642611684 0.4265625 0.9089347079037802 0.35703125 0.8917525773195877 0.32890625 0.8934707903780069 0.3234375 0.9089347079037802 0.3203125 0.9243986254295533 0.32578125 0.9347079037800687
0 0.60703125 0.2972508591065292 0.63359375 0.29553264604810997 0.6328125 0.26460481099656363 0.60859375 0.26975945017182135 0.60546875 0.27835051546391754 0.6046875 0.29553264604810997 0.60703125 0.2972508591065292
0 0.56328125 0.07388316151202749 0.56328125 0.0859106529209622 0.5640625 0.09106529209621994 0.56953125 0.09450171821305843 0.57421875 0.140893470790378 0.57734375 0.14261168384879724 0.58125 0.13230240549828182 0.5828125 0.11168384879725086 0.584375 0.04810996563573884 0.5796875 0.03780068728522337 0.57265625 0.04123711340206186 0.5703125 0.06013745704467355 0.56328125 0.07388316151202749
0 0.2390625 0.3539518900343643 0.24453125 0.3608247422680413 0.26953125 0.3608247422680413 0.3359375 0.37457044673539525 0.3390625 0.3711340206185567 0.3421875 0.3350515463917526 0.33984375 0.3247422680412372 0.31640625 0.3298969072164949 0.2921875 0.3195876288659794 0.24140625 0.31615120274914094 0.23671875 0.3247422680412372 0.2390625 0.3539518900343643
0 0.215625 0.15292096219931273 0.21484375 0.18556701030927836 0.21953125 0.19931271477663232 0.21953125 0.22680412371134023 0.22734375 0.23883161512027495 0.22734375 0.2611683848797251 0.23046875 0.2714776632302406 0.29140625 0.2852233676975945 0.33125 0.28350515463917525 0.334375 0.2680412371134021 0.33203125 0.24914089347079038 0.334375 0.22336769759450173 0.33203125 0.18556701030927836 0.328125 0.1752577319587629 0.32890625 0.14261168384879724 0.32265625 0.11512027491408935 0.32265625 0.10137457044673541 0.3265625 0.08934707903780069 0.32421875 0.08075601374570447 0.2234375 0.07560137457044674 0.21953125 0.07731958762886598 0.209375 0.10996563573883163 0.209375 0.13058419243986255 0.215625 0.15292096219931273
0 0.334375 0.1752577319587629 0.42578125 0.18728522336769762 0.43984375 0.18728522336769762 0.44609375 0.17697594501718214 0.4421875 0.14261168384879724 0.43671875 0.13917525773195877 0.33359375 0.13058419243986255 0.33125 0.16838487972508592 0.334375 0.1752577319587629
0 0.3984375 0.7233676975945018 0.39609375 0.7096219931271478 0.39765625 0.7044673539518901 0.39375 0.7061855670103093 0.390625 0.7233676975945018 0.38671875 0.718213058419244 0.390625 0.7285223367697595 0.3984375 0.7233676975945018
0 0.3375 0.7015625 0.00078125 0.00546875
0 0.31953125 0.6993127147766324 0.3171875 0.6924398625429553 0.31796875 0.7044673539518901 0.31953125 0.6993127147766324
0 0.30390625 0.6374570446735396 0.3015625 0.6426116838487973 0.30078125 0.6701030927835052 0.3109375 0.6769759450171822 0.346875 0.6735395189003437 0.35625 0.6786941580756014 0.365234375 0.6752577319587629 0.3671875 0.668384879725086 0.3703125 0.6769759450171822 0.371875 0.6701030927835052 0.37421875 0.6769759450171822 0.3796875 0.6666666666666667 0.3796875 0.6752577319587629 0.38359375 0.6855670103092784 0.4109375 0.6890034364261168 0.41171875 0.6855670103092784 0.40390625 0.6735395189003437 0.40859375 0.6701030927835052 0.4046875 0.6529209621993128 0.41171875 0.6477663230240551 0.4140625 0.6340206185567011 0.39921875 0.6254295532646049 0.39765625 0.6065292096219932 0.4140625 0.5378006872852235 0.41796875 0.5068728522336771 0.415625 0.5017182130584193 0.38515625 0.5017182130584193 0.37109375 0.4914089347079038 0.35625 0.48797250859106533 0.34375 0.49312714776632305 0.2859375 0.6168384879725086 0.2859375 0.6271477663230242 0.30390625 0.6374570446735396
0 0.3390625 0.22852233676975947 0.34296875 0.2302405498281787 0.4046875 0.2302405498281787 0.4109375 0.23539518900343642 0.43984375 0.23883161512027495 0.44609375 0.23367697594501718 0.44765625 0.2216494845360825 0.4453125 0.18556701030927836 0.43203125 0.18900343642611686 0.3625 0.17869415807560138 0.3359375 0.18213058419243988 0.334375 0.21649484536082478 0.3390625 0.22852233676975947
0 0.3109375 0.6701030927835052 0.303125 0.6769759450171822 0.30703125 0.6924398625429553 0.3015625 0.7164948453608248 0.31328125 0.7336769759450172 0.309375 0.7439862542955327 0.31171875 0.7628865979381444 0.30625 0.802405498281787 0.309375 0.8195876288659795 0.31640625 0.8333333333333334 0.31640625 0.8436426116838488 0.32109375 0.8487972508591065 0.31953125 0.8591065292096222 0.321875 0.8625429553264606 0.321875 0.8831615120274915 0.3390625 0.8917525773195877 0.378125 0.8883161512027492 0.3828125 0.8951890034364262 0.4203125 0.9072164948453609 0.43046875 0.9072164948453609 0.43125 0.8969072164948454 0.4390625 0.88659793814433 0.4328125 0.8848797250859107 0.43359375 0.879725085910653 0.43046875 0.8762886597938145 0.4359375 0.8694158075601376 0.43359375 0.8591065292096222 0.4375 0.8556701030927837 0.4421875 0.8281786941580757 0.43828125 0.8144329896907218 0.4421875 0.802405498281787 0.43984375 0.7938144329896908 0.440625 0.7285223367697595 0.43671875 0.7061855670103093 0.4390625 0.6580756013745706 0.42890625 0.6512027491408936 0.4296875 0.6408934707903781 0.42734375 0.6443298969072165 0.42734375 0.6357388316151203 0.41953125 0.6374570446735396 0.4046875 0.6529209621993128 0.36796875 0.6477663230240551 0.36015625 0.6391752577319588 0.334375 0.6323024054982819 0.32109375 0.6374570446735396 0.30078125 0.6340206185567011 0.29921875 0.6426116838487973 0.29296875 0.6374570446735396 0.30546875 0.6649484536082475 0.3109375 0.6701030927835052
0 0.15234375 0.3969072164948454 0.15234375 0.41580756013745707 0.15703125 0.4261168384879725 0.1609375 0.4518900343642612 0.17421875 0.45704467353951894 0.21171875 0.45704467353951894 0.22578125 0.4639175257731959 0.2375 0.4639175257731959 0.24296875 0.45704467353951894 0.24375 0.42439862542955326 0.2328125 0.3762886597938145 0.2328125 0.3608247422680413 0.159375 0.3556701030927835 0.15703125 0.36426116838487976 0.1546875 0.35738831615120276 0.1521875 0.361512027491409 0.1578125 0.36769759450171824 0.157421875 0.3814432989690722 0.14921875 0.38487972508591073 0.15234375 0.3969072164948454
0 0.2375 0.3195876288659794 0.2921875 0.32130584192439865 0.33125 0.33161512027491413 0.3359375 0.32817869415807566 0.33984375 0.31271477663230246 0.33828125 0.288659793814433 0.33515625 0.281786941580756 0.32890625 0.2869415807560137 0.31171875 0.2869415807560137 0.23046875 0.2766323024054983 0.22578125 0.28350515463917525 0.22734375 0.31271477663230246 0.2375 0.3195876288659794
0 0.121875 0.23195876288659795 0.128125 0.24742268041237114 0.1296875 0.2611683848797251 0.1234375 0.2680412371134021 0.12890625 0.2766323024054983 0.13125 0.30927835051546393 0.1375 0.32130584192439865 0.13828125 0.34879725085910657 0.14375 0.35738831615120276 0.14375 0.3814432989690722 0.15078125 0.3917525773195877 0.153125 0.41924398625429554 0.1578125 0.42783505154639184 0.1609375 0.4518900343642612 0.17421875 0.45704467353951894 0.209375 0.45704467353951894 0.23359375 0.4690721649484536 0.2421875 0.46219931271477666 0.2421875 0.4209621993127148 0.23671875 0.3934707903780069 0.234375 0.3384879725085911 0.2265625 0.3144329896907217 0.225 0.28350515463917525 0.2203125 0.2731958762886598 0.2203125 0.25429553264604815 0.21640625 0.23711340206185566 0.2078125 0.22680412371134023 0.12734375 0.22336769759450173 0.121875 0.22680412371134023 0.121875 0.23195876288659795
0 0.16640625 0.18556701030927836 0.1640625 0.18384879725085912 0.1609375 0.18556701030927836 0.16640625 0.18556701030927836
0 0.14375 0.8694158075601376 0.14140625 0.9140893470790379 0.14453125 0.9192439862542956 0.221875 0.9415807560137457 0.2296875 0.9381443298969072 0.23046875 0.9312714776632303 0.225 0.9192439862542956 0.225 0.9054982817869417 0.21875 0.8848797250859107 0.21796875 0.8711340206185568 0.21015625 0.8505154639175257 0.20546875 0.8539518900343642 0.146875 0.8367697594501718 0.1421875 0.8402061855670103 0.13984375 0.8487972508591065 0.1328125 0.8436426116838488 0.1328125 0.852233676975945 0.1296875 0.8556701030927837 0.1296875 0.8625429553264606 0.14375 0.8694158075601376
0 0.57890625 0.24742268041237114 0.5765625 0.25429553264604815 0.578125 0.2577319587628866 0.5796875 0.2457044673539519 0.6046875 0.24398625429553267 0.609375 0.1907216494845361 0.609375 0.1443298969072165 0.6 0.140893470790378 0.58359375 0.14604810996563575 0.58046875 0.15807560137457047 0.5765625 0.20790378006872853 0.57578125 0.24226804123711343 0.57890625 0.24742268041237114
0 0.159375 0.06872852233676977 0.1765625 0.06872852233676977 0.190625 0.06013745704467355 0.21796875 0.06701030927835053 0.24765625 0.05670103092783506 0.25859375 0.04123711340206186 0.24921875 0.03264604810996564 0.23359375 0.03436426116838488 0.2140625 0.025773195876288662 0.209375 0.025773195876288662 0.2078125 0.030927835051546393 0.20625 0.025773195876288662 0.20390625 0.030927835051546393 0.18984375 0.03436426116838488 0.15234375 0.03436426116838488 0.146875 0.04810996563573884 0.14765625 0.05670103092783506 0.159375 0.06872852233676977
0 0.61171875 0.14261168384879724 0.6140625 0.14776632302405499 0.63046875 0.15292096219931273 0.63671875 0.14776632302405499 0.63671875 0.10996563573883163 0.62421875 0.11512027491408935 0.61640625 0.11168384879725086 0.61171875 0.12714776632302408 0.61171875 0.14261168384879724
0 0.315625 0.8367697594501718 0.31640625 0.8676975945017184 0.328125 0.8934707903780069 0.32734375 0.9192439862542956 0.33125 0.9432989690721649 0.34140625 0.9518900343642611 0.35703125 0.9518900343642611 0.36015625 0.9432989690721649 0.36875 0.9518900343642611 0.40546875 0.9604810996563575 0.40859375 0.9553264604810998 0.409375 0.9398625429553265 0.4125 0.936426116838488 0.4234375 0.9604810996563575 0.43515625 0.9621993127147768 0.4390625 0.9432989690721649 0.4390625 0.9140893470790379 0.4421875 0.9054982817869417 0.44296875 0.8883161512027492 0.440625 0.852233676975945 0.44296875 0.8281786941580757 0.4421875 0.7972508591065293 0.43828125 0.7594501718213059 0.4078125 0.7714776632302407 0.4015625 0.7646048109965636 0.37421875 0.7646048109965636 0.35703125 0.7577319587628867 0.35 0.7491408934707905 0.34921875 0.7542955326460482 0.34609375 0.7491408934707905 0.334375 0.7577319587628867 0.32109375 0.7491408934707905 0.3140625 0.7594501718213059 0.3109375 0.7714776632302407 0.30859375 0.8006872852233677 0.315625 0.8367697594501718
0 0.434375 0.7491408934707905 0.4390625 0.7560137457044674 0.4359375 0.7474226804123713 0.43203125 0.7508591065292097 0.43203125 0.7560137457044674 0.434375 0.7491408934707905
0 0.3453125 0.7390625 0.00078125 0.003125
0 0.4390625 0.7336769759450172 0.4390625 0.7268041237113403 0.434375 0.7268041237113403 0.4328125 0.731958762886598 0.4390625 0.7336769759450172
0 0.49296875 0.4037800687285224 0.525 0.4123711340206186 0.54140625 0.41065292096219935 0.55625 0.4175257731958763 0.56015625 0.4175257731958763 0.56171875 0.41065292096219935 0.56171875 0.35223367697594504 0.56015625 0.3384879725085911 0.55703125 0.3350515463917526 0.46484375 0.3230240549828179 0.45625 0.32817869415807566 0.4578125 0.33676975945017185 0.4515625 0.3539518900343643 0.45234375 0.4037800687285224 0.49296875 0.4037800687285224
0 0.36015625 0.8694158075601376 0.35859375 0.8676975945017184 0.35703125 0.8694158075601376 0.36015625 0.8694158075601376
0 0.3390625 0.8487972508591065 0.3359375 0.8470790378006873 0.334375 0.8487972508591065 0.3390625 0.8487972508591065
0 0.3546875 0.8917525773195877 0.33046875 0.8934707903780069 0.33046875 0.9003436426116839 0.325 0.9089347079037802 0.33046875 0.9312714776632303 0.3296875 0.9381443298969072 0.334375 0.9398625429553265 0.33671875 0.9467353951890034 0.3328125 0.9536082474226806 0.33046875 0.9793814432989691 0.40078125 0.9965635738831615 0.41484375 0.993127147766323 0.42109375 0.9810996563573884 0.4296875 0.993127147766323 0.43515625 0.9862542955326461 0.440625 0.9432989690721649 0.4390625 0.9158075601374571 0.4421875 0.9072164948453609 0.44375 0.8848797250859107 0.44296875 0.8642611683848799 0.43671875 0.8573883161512029 0.43828125 0.8505154639175257 0.4171875 0.8487972508591065 0.35625 0.8264604810996564 0.34609375 0.8298969072164949 0.35 0.8419243986254296 0.346875 0.845360824742268 0.33828125 0.8419243986254296 0.3390625 0.8298969072164949 0.3359375 0.8367697594501718 0.33125 0.8367697594501718 0.33203125 0.8281786941580757 0.3265625 0.8316151202749141 0.33046875 0.8350515463917526 0.3546875 0.8917525773195877
0 0.63359375 0.24398625429553267 0.63671875 0.23711340206185566 0.64140625 0.16494845360824745 0.6375 0.1597938144329897 0.61328125 0.1632302405498282 0.6078125 0.211340206185567 0.60859375 0.24398625429553267 0.63359375 0.24398625429553267
0 0.27265625 0.9432989690721649 0.2734375 0.9347079037800687 0.27109375 0.936426116838488 0.26875 0.9450171821305842 0.27265625 0.9432989690721649
0 0.1484375 0.8384879725085911 0.146875 0.8367697594501718 0.14609375 0.8419243986254296 0.1484375 0.8384879725085911
0 0.14375 0.8694158075601376 0.14140625 0.9089347079037802 0.14296875 0.9175257731958764 0.2140625 0.9398625429553265 0.2296875 0.9381443298969072 0.2296875 0.9312714776632303 0.225 0.9209621993127148 0.22421875 0.9037800687285223 0.21796875 0.88659793814433 0.2171875 0.8711340206185568 0.21015625 0.852233676975945 0.20234375 0.8539518900343642 0.15390625 0.8350515463917526 0.153125 0.8436426116838488 0.14375 0.8470790378006873 0.140625 0.8539518900343642 0.13359375 0.845360824742268 0.1296875 0.8625429553264606 0.14375 0.8694158075601376
0 0.1921875 0.8333333333333334 0.196875 0.8350515463917526 0.2003589527027027 0.8289217052103652 0.19140625 0.8264604810996564 0.1921875 0.8333333333333334
0 0.20390625 0.8298969072164949 0.20098958333333333 0.8290950744558993 0.20234375 0.8350515463917526 0.20390625 0.8298969072164949
0 0.1234375 0.8178694158075602 0.12890625 0.8195876288659795 0.12578125 0.8109965635738833 0.1234375 0.8109965635738833 0.1234375 0.8178694158075602
0 0.1234375 0.8 0.00234375 0.0015625
0 0.19140625 0.8006872852233677 0.19453125 0.8058419243986255 0.1921875 0.8127147766323025 0.19765625 0.8213058419243987 0.2015625 0.8195876288659795 0.19765625 0.8109965635738833 0.19921875 0.8058419243986255 0.19453125 0.7972508591065293 0.18697890625 0.79553264604811 0.184375 0.8006872852233677 0.18255234375 0.79553264604811 0.17734375 0.8006872852233677 0.17734375 0.7938144329896908 0.175 0.7989690721649485 0.17265625 0.7920962199312716 0.171875 0.79553264604811 0.1640625 0.7903780068728523 0.178125 0.802405498281787 0.19140625 0.8006872852233677
0 0.115625 0.7938144329896908 0.11640625 0.8006872852233677 0.1234375 0.7903780068728523 0.12421875 0.7938144329896908 0.125 0.7852233676975946 0.1296875 0.7869415807560138 0.13203125 0.79553264604811 0.13046875 0.7989690721649485 0.14375 0.7886597938144331 0.146875 0.7938144329896908 0.15390625 0.7938144329896908 0.1625 0.7869415807560138 0.14609375 0.7817869415807561 0.14296875 0.7886597938144331 0.1421875 0.7817869415807561 0.13385390625 0.7869415807560138 0.134375 0.7817869415807561 0.121875 0.7800687285223369 0.11953125 0.7869415807560138 0.115625 0.7800687285223369 0.11953125 0.7903780068728523 0.115625 0.7938144329896908
0 0.4578125 0.46735395189003437 0.4875 0.46735395189003437 0.52265625 0.47938144329896915 0.53359375 0.5017182130584193 0.55 0.513745704467354 0.55390625 0.5103092783505155 0.55859375 0.4862542955326461 0.56015625 0.4209621993127148 0.5578125 0.4175257731958763 0.53671875 0.41065292096219935 0.4625 0.4037800687285224 0.4578125 0.4072164948453609 0.4546875 0.4312714776632303 0.45390625 0.45704467353951894 0.4578125 0.46735395189003437
0 0.571875 0.29553264604810997 0.57421875 0.2920962199312715 0.575 0.27835051546391754 0.57421875 0.23883161512027495 0.5671875 0.24226804123711343 0.56484375 0.2508591065292097 0.56640625 0.2920962199312715 0.571875 0.29553264604810997
0 0.45 0.1125 0.0015625 0.0015625
0 0.540625 0.10481099656357389 0.53671875 0.10137457044673541 0.53515625 0.10824742268041239 0.540625 0.10481099656357389
0 0.45625 0.10234375 0.00078125 0.00546875
0 0.540625 0.08419243986254296 0.5390625 0.08075601374570447 0.5375 0.08419243986254296 0.540625 0.08419243986254296
0 0.54375 0.10137457044673541 0.54609375 0.11168384879725086 0.55078125 0.10996563573883163 0.55390625 0.12199312714776633 0.5578125 0.12199312714776633 0.553125 0.10137457044673541 0.55390625 0.09106529209621994 0.5515625 0.08762886597938145 0.55390625 0.08075601374570447 0.55 0.07903780068728523 0.546875 0.09621993127147768 0.53984375 0.08934707903780069 0.5390625 0.09793814432989692 0.54375 0.10137457044673541
0 0.4609375 0.33676975945017185 0.453125 0.3556701030927835 0.453125 0.40034364261168387 0.45703125 0.4037800687285224 0.45546875 0.4604810996563574 0.45859375 0.46563573883161513 0.50390625 0.4690721649484536 0.5265625 0.4776632302405499 0.5390625 0.49828178694158076 0.553125 0.5051546391752578 0.55703125 0.48797250859106533 0.5578125 0.4209621993127148 0.56015625 0.4123711340206186 0.55859375 0.37972508591065296 0.5609375 0.365979381443299 0.5578125 0.3402061855670103 0.5640625 0.3264604810996564 0.5625 0.31099656357388317 0.565625 0.27491408934707906 0.5625 0.25429553264604815 0.56875 0.23367697594501718 0.565625 0.20962199312714777 0.5671875 0.18728522336769762 0.56015625 0.15635738831615123 0.56015625 0.14604810996563575 0.553125 0.1357388316151203 0.55 0.14261168384879724 0.53203125 0.140893470790378 0.525 0.13402061855670105 0.525 0.12542955326460484 0.5303385416666667 0.12542955326460484 0.5296875 0.11683848797250859 0.5328125 0.09106529209621994 0.5296875 0.08762886597938145 0.5171875 0.09793814432989692 0.5140625 0.09106529209621994 0.515625 0.0859106529209622 0.5 0.09278350515463918 0.48359375 0.07903780068728523 0.47734375 0.08419243986254296 0.47890625 0.08934707903780069 0.475 0.09450171821305843 0.46640625 0.09106529209621994 0.46171875 0.10137457044673541 0.46171875 0.11168384879725086 0.46796875 0.11512027491408935 0.4671875 0.13402061855670105 0.4578125 0.14261168384879724 0.45703125 0.16666666666666669 0.4515625 0.18213058419243988 0.45078125 0.211340206185567 0.45625 0.24742268041237114 0.4484375 0.302405498281787 0.44921875 0.3195876288659794 0.4609375 0.33676975945017185
0 0.34765625 0.18728522336769762 0.34609375 0.19759450171821308 0.3484375 0.19243986254295536 0.353125 0.20103092783505155 0.35390625 0.20790378006872853 0.35078125 0.21305841924398625 0.3546875 0.20962199312714777 0.35703125 0.21649484536082478 0.34609375 0.22680412371134023 0.34375 0.23539518900343642 0.3453125 0.2405498281786942 0.34765625 0.23539518900343642 0.3515625 0.23883161512027495 0.35078125 0.2508591065292097 0.34296875 0.2577319587628866 0.3390625 0.281786941580756 0.3421875 0.31271477663230246 0.4140625 0.3195876288659794 0.4390625 0.3195876288659794 0.44140625 0.3144329896907217 0.44375 0.2800687285223368 0.440625 0.26632302405498287 0.4453125 0.2611683848797251 0.4421875 0.2628865979381444 0.440625 0.22336769759450173 0.44453125 0.20446735395189006 0.4390625 0.17697594501718214 0.43046875 0.18556701030927836 0.3890625 0.17697594501718214 0.3671875 0.18041237113402064 0.346875 0.1752577319587629 0.34609375 0.18384879725085912 0.34296875 0.18384879725085912 0.3421875 0.1752577319587629 0.33984375 0.17869415807560138 0.34140625 0.18900343642611686 0.34765625 0.18728522336769762
0 0.39921875 0.13984375 0.0046875 0.0015625
0 0.38984375 0.13984375 0.0015625 0.0015625
0 0.3796875 0.13828125 0.00078125 0.0015625
0 0.3328125 0.14261168384879724 0.33125 0.1718213058419244 0.33359375 0.1752577319587629 0.43046875 0.18900343642611686 0.4390625 0.18900343642611686 0.44609375 0.17869415807560138 0.44375 0.14776632302405499 0.4453125 0.13230240549828182 0.44140625 0.09793814432989692 0.4359375 0.08419243986254296 0.43046875 0.08247422680412372 0.42578125 0.09106529209621994 0.42109375 0.09106529209621994 0.41015625 0.07903780068728523 0.40234375 0.0859106529209622 0.39375 0.07216494845360825 0.38828125 0.07388316151202749 0.38359375 0.0859106529209622 0.37421875 0.07388316151202749 0.36875 0.07731958762886598 0.36640625 0.0859106529209622 0.3546875 0.07388316151202749 0.346875 0.08075601374570447 0.33515625 0.07388316151202749 0.3296875 0.08419243986254296 0.3265625 0.11683848797250859 0.3328125 0.14261168384879724
0 0.61171875 0.20962199312714777 0.6296875 0.20274914089347082 0.63984375 0.1907216494845361 0.64296875 0.17010309278350516 0.63984375 0.1597938144329897 0.6171875 0.15463917525773196 0.6125 0.15807560137457047 0.61015625 0.1718213058419244 0.61171875 0.20962199312714777
0 0.4453125 0.7508591065292097 0.44765625 0.7628865979381444 0.4453125 0.7835051546391754 0.44921875 0.8006872852233677 0.44921875 0.8436426116838488 0.453125 0.852233676975945 0.44921875 0.8625429553264606 0.4484375 0.8762886597938145 0.45078125 0.8917525773195877 0.44765625 0.9209621993127148 0.44921875 0.929553264604811 0.52265625 0.929553264604811 0.55859375 0.9398625429553265 0.56484375 0.936426116838488 0.565625 0.8848797250859107 0.56796875 0.8745704467353953 0.565625 0.8402061855670103 0.56796875 0.8333333333333334 0.56796875 0.8058419243986255 0.57109375 0.7989690721649485 0.5703125 0.7749140893470792 0.5734375 0.7508591065292097 0.57109375 0.7233676975945018 0.5109375 0.7096219931271478 0.4734375 0.7096219931271478 0.44921875 0.7147766323024055 0.44609375 0.7285223367697595 0.44765625 0.7371134020618557 0.4453125 0.7508591065292097
0 0.45703125 0.67109375 0.003125 0.0015625
0 0.4875 0.665625 0.00078125 0.0015625
0 0.4515625 0.6666666666666667 0.44765625 0.6649484536082475 0.44609375 0.668384879725086 0.4515625 0.6666666666666667
0 0.409375 0.6254295532646049 0.53359375 0.6426116838487973 0.5359375 0.6357388316151203 0.5359375 0.5910652920962199 0.53203125 0.5532646048109966 0.5359375 0.5154639175257733 0.53125 0.5068728522336771 0.5265625 0.48453608247422686 0.50234375 0.47079037800687284 0.45390625 0.47079037800687284 0.44609375 0.47938144329896915 0.43515625 0.47079037800687284 0.425 0.4948453608247423 0.40078125 0.604810996563574 0.4 0.6185567010309279 0.409375 0.6254295532646049
0 0.36484375 0.9398625429553265 0.3671875 0.9329896907216495 0.36953125 0.9381443298969072 0.37265625 0.9347079037800687 0.36640625 0.9312714776632303 0.36328125 0.936426116838488 0.3625 0.9312714776632303 0.35546875 0.9347079037800687 0.36484375 0.9398625429553265
0 0.265625 0.9673539518900345 0.2890625 0.9690721649484537 0.39921875 0.9982817869415808 0.4125 0.9948453608247423 0.42421875 0.9776632302405499 0.428125 0.9862542955326461 0.4328125 0.9862542955326461 0.43046875 0.9742268041237114 0.425 0.9759450171821307 0.41171875 0.9587628865979383 0.39140625 0.9621993127147768 0.37265625 0.9553264604810998 0.365625 0.9501718213058419 0.3640625 0.9432989690721649 0.359375 0.9450171821305842 0.359375 0.9518900343642611 0.35625 0.9553264604810998 0.346875 0.9553264604810998 0.2671875 0.9312714776632303 0.2390625 0.929553264604811 0.2328125 0.936426116838488 0.2328125 0.957044673539519 0.265625 0.9673539518900345
0 0.38515625 0.9106529209621994 0.3828125 0.9089347079037802 0.38046875 0.9106529209621994 0.38515625 0.9106529209621994
0 0.46171875 0.9175257731958764 0.45859375 0.9140893470790379 0.4515625 0.9140893470790379 0.46171875 0.9175257731958764
0 0.45 0.9948453608247423 0.478125 0.993127147766323 0.48046875 0.9879725085910653 0.4890625 0.9862542955326461 0.546875 0.9982817869415808 0.5609375 0.9948453608247423 0.56328125 0.9415807560137457 0.55078125 0.9312714776632303 0.55078125 0.9243986254295533 0.55703125 0.9175257731958764 0.551953125 0.9175257731958764 0.5484375 0.9243986254295533 0.54296875 0.9106529209621994 0.53515625 0.9158075601374571 0.52421875 0.9072164948453609 0.51484375 0.9072164948453609 0.51171875 0.9123711340206186 0.509375 0.9054982817869417 0.5109375 0.9158075601374571 0.5046875 0.9226804123711341 0.50234375 0.9037800687285223 0.49453125 0.9037800687285223 0.490625 0.9140893470790379 0.4875 0.9106529209621994 0.490625 0.9037800687285223 0.48671875 0.9037800687285223 0.48359375 0.9106529209621994 0.4859375 0.9175257731958764 0.44921875 0.9261168384879725 0.4484375 0.9415807560137457 0.446875 0.9793814432989691 0.45 0.9948453608247423
0 0.53046875 0.8780068728522338 0.53203125 0.8831615120274915 0.534375 0.8814432989690723 0.53515625 0.8711340206185568 0.53984375 0.8711340206185568 0.53984375 0.8814432989690723 0.54921875 0.8728522336769761 0.5296875 0.8659793814432991 0.52473984375 0.8659793814432991 0.5203125 0.8728522336769761 0.51979140625 0.8659793814432991 0.50546875 0.8642611683848799 0.50390625 0.8659793814432991 0.53046875 0.8780068728522338
0 0.47109375 0.8831615120274915 0.48125 0.8831615120274915 0.4875 0.8745704467353953 0.4921875 0.8831615120274915 0.49609375 0.879725085910653 0.49609375 0.8659793814432991 0.4921875 0.8625429553264606 0.47734375 0.8694158075601376 0.4734375 0.8659793814432991 0.47109375 0.8762886597938145 0.468359375 0.8659793814432991 0.46484375 0.8711340206185568 0.46328125 0.8659793814432991 0.4625 0.8694158075601376 0.47109375 0.8831615120274915
0 0.27421875 0.845360824742268 0.27109375 0.8436426116838488 0.26953125 0.8470790378006873 0.27421875 0.845360824742268
0 0.26796875 0.845360824742268 0.265625 0.8419243986254296 0.2625 0.8436426116838488 0.26796875 0.845360824742268
0 0.27578125 0.8419243986254296 0.28046875 0.8436426116838488 0.28203125 0.8384879725085911 0.28515625 0.845360824742268 0.28984375 0.845360824742268 0.296875 0.8384879725085911 0.29296875 0.8316151202749141 0.28984375 0.8316151202749141 0.28671875 0.8402061855670103 0.28515625 0.8333333333333334 0.2796875 0.8367697594501718 0.27890625 0.8419243986254296 0.27578125 0.8419243986254296
0 0.23828125 0.8367697594501718 0.2296875 0.8298969072164949 0.23125 0.8350515463917526 0.23828125 0.8367697594501718
0 0.30078125 0.8178694158075602 0.2890625 0.8041237113402062 0.28828125 0.816151202749141 0.30078125 0.8178694158075602
0 0.24921875 0.8041237113402062 0.2375 0.8006872852233677 0.23515625 0.802405498281787 0.24921875 0.8041237113402062
0 0.26484375 0.7989690721649485 0.26484375 0.8058419243986255 0.26953125 0.8075601374570448 0.27578125 0.802405498281787 0.2671875 0.79553264604811 0.25703125 0.8058419243986255 0.26484375 0.7989690721649485
0 0.25 0.79609375 0.00234375 0.0015625
0 0.221875 0.7972508591065293 0.21328125 0.7920962199312716 0.209375 0.79553264604811 0.221875 0.7972508591065293
0 0.2578125 0.7749140893470792 0.25625 0.7783505154639176 0.25859375 0.7817869415807561 0.26007401315789475 0.7769035992041962 0.2578125 0.7749140893470792
0 0.209375 0.7749140893470792 0.21328125 0.7783505154639176 0.21640625 0.7697594501718215 0.21953125 0.7749140893470792 0.22109375 0.7714776632302407 0.21171875 0.7663230240549829 0.20859375 0.7680412371134021 0.209375 0.7749140893470792
0 0.2625 0.7714776632302407 0.265625 0.7731958762886599 0.2671875 0.7611683848797252 0.2625 0.7611683848797252 0.2625 0.7714776632302407
0 0.23046875 0.76015625 0.0015625 0.0015625
0 0.21640625 0.7474226804123713 0.21328125 0.7439862542955327 0.2125 0.7542955326460482 0.21640625 0.7474226804123713
0 0.2796875 0.6477663230240551 0.27890625 0.6443298969072165 0.2765625 0.6477663230240551 0.2796875 0.6477663230240551
0 0.209375 0.6512027491408936 0.1984375 0.6494845360824744 0.1921875 0.6580756013745706 0.18515625 0.6597938144329898 0.18828125 0.668384879725086 0.18515625 0.6924398625429553 0.190625 0.7302405498281788 0.20390625 0.738831615120275 0.234375 0.738831615120275 0.24453125 0.7474226804123713 0.25703125 0.745704467353952 0.26171875 0.7508591065292097 0.3 0.7542955326460482 0.3046875 0.7474226804123713 0.30625 0.7405498281786942 0.303125 0.7268041237113403 0.296875 0.7164948453608248 0.296875 0.7027491408934708 0.3 0.6907216494845361 0.2859375 0.6701030927835052 0.2828125 0.6597938144329898 0.2734375 0.6546391752577321 0.275 0.6460481099656358 0.27265625 0.6391752577319588 0.2609375 0.6426116838487973 0.25859375 0.6357388316151203 0.25 0.6357388316151203 0.2375 0.6271477663230242 0.23046875 0.6288659793814434 0.22734375 0.6357388316151203 0.21640625 0.6305841924398626 0.21015625 0.6357388316151203 0.2125 0.6460481099656358 0.209375 0.6512027491408936
0 0.27890625 0.18041237113402064 0.2921875 0.18213058419243988 0.284375 0.1718213058419244 0.278125 0.17353951890034364 0.27890625 0.18041237113402064
0 0.23515625 0.16838487972508592 0.2328125 0.16494845360824745 0.23203125 0.16838487972508592 0.23515625 0.16838487972508592
0 0.29765625 0.18384879725085912 0.3 0.17869415807560138 0.30234375 0.18384879725085912 0.30859375 0.18213058419243988 0.3078125 0.16838487972508592 0.315625 0.1632302405498282 0.31484375 0.1597938144329897 0.309375 0.16494845360824745 0.3078125 0.1597938144329897 0.3015625 0.16838487972508592 0.29296875 0.1597938144329897 0.2921875 0.17353951890034364 0.29765625 0.18384879725085912
0 0.240625 0.1625 0.00078125 0.00546875
0 0.20859375 0.10996563573883163 0.20859375 0.1288659793814433 0.2125 0.13745704467353953 0.26875 0.13917525773195877 0.28203125 0.14261168384879724 0.2859375 0.14948453608247422 0.325 0.14604810996563575 0.3265625 0.140893470790378 0.32265625 0.12542955326460484 0.32265625 0.10824742268041239 0.328125 0.08419243986254296 0.32109375 0.07903780068728523 0.2203125 0.07388316151202749 0.21015625 0.07731958762886598 0.21171875 0.08762886597938145 0.209375 0.09278350515463918 0.21171875 0.09793814432989692 0.20859375 0.10996563573883163
0 0.5609375 0.8986254295532646 0.5640625 0.8917525773195877 0.55390625 0.9003436426116839 0.521875 0.8986254295532646 0.5640625 0.9037800687285223 0.5609375 0.8986254295532646
0 0.4421875 0.6890034364261168 0.4421875 0.7079037800687286 0.44765625 0.718213058419244 0.44453125 0.7508591065292097 0.4484375 0.7611683848797252 0.4453125 0.7835051546391754 0.44921875 0.7920962199312716 0.44921875 0.8625429553264606 0.515625 0.8608247422680414 0.56328125 0.8762886597938145 0.56796875 0.8711340206185568 0.56875 0.8075601374570448 0.571875 0.7989690721649485 0.57109375 0.7680412371134021 0.5734375 0.7594501718213059 0.57265625 0.7302405498281788 0.5765625 0.7199312714776632 0.57421875 0.6735395189003437 0.58125 0.6649484536082475 0.58203125 0.6494845360824744 0.57890625 0.6391752577319588 0.5703125 0.5429553264604812 0.56328125 0.520618556701031 0.56015625 0.5171821305841925 0.5515625 0.5240549828178694 0.53828125 0.5257731958762888 0.5359375 0.570446735395189 0.53828125 0.5738831615120275 0.53984375 0.5945017182130584 0.5390625 0.6443298969072165 0.53515625 0.6494845360824744 0.50390625 0.6512027491408936 0.5 0.6460481099656358 0.46953125 0.6460481099656358 0.45625 0.6374570446735396 0.4453125 0.6408934707903781 0.446875 0.661512027491409 0.4421875 0.6890034364261168
0 0.33359375 0.14261168384879724 0.33359375 0.17010309278350516 0.3390625 0.18384879725085912 0.33828125 0.20790378006872853 0.34453125 0.22336769759450173 0.3390625 0.2405498281786942 0.3375 0.2611683848797251 0.34140625 0.31271477663230246 0.34609375 0.32130584192439865 0.34453125 0.39518900343642616 0.3484375 0.40549828178694164 0.3453125 0.46563573883161513 0.3625 0.4776632302405499 0.390625 0.4776632302405499 0.40078125 0.4828178694158076 0.425 0.47938144329896915 0.43046875 0.46563573883161513 0.4453125 0.4604810996563574 0.45078125 0.42439862542955326 0.446875 0.41065292096219935 0.446875 0.3505154639175258 0.44296875 0.3264604810996564 0.44296875 0.29553264604810997 0.45 0.2611683848797251 0.44375 0.2405498281786942 0.44609375 0.2061855670103093 0.44375 0.18384879725085912 0.44609375 0.17353951890034364 0.44453125 0.13230240549828182 0.4390625 0.08934707903780069 0.4328125 0.08075601374570447 0.42109375 0.08934707903780069 0.41328125 0.07731958762886598 0.403125 0.0859106529209622 0.39296875 0.070446735395189 0.384375 0.07388316151202749 0.3828125 0.07903780068728523 0.37109375 0.07388316151202749 0.365625 0.08419243986254296 0.3546875 0.07388316151202749 0.34609375 0.08075601374570447 0.33828125 0.07388316151202749 0.33125 0.07731958762886598 0.32734375 0.11512027491408935 0.33359375 0.14261168384879724
0 0.31953125 0.845360824742268 0.3171875 0.8470790378006873 0.3171875 0.8659793814432991 0.32265625 0.8762886597938145 0.32890625 0.8780068728522338 0.32578125 0.8848797250859107 0.325 0.9106529209621994 0.328125 0.9450171821305842 0.35 0.9553264604810998 0.36796875 0.9518900343642611 0.409375 0.9621993127147768 0.41015625 0.9467353951890034 0.41484375 0.9432989690721649 0.41953125 0.9587628865979383 0.41796875 0.9673539518900345 0.41953125 0.9604810996563575 0.4265625 0.9673539518900345 0.4359375 0.963917525773196 0.44375 0.8883161512027492 0.44375 0.8659793814432991 0.440625 0.852233676975945 0.44296875 0.7972508591065293 0.43828125 0.7491408934707905 0.440625 0.7302405498281788 0.4390625 0.7147766323024055 0.43515625 0.711340206185567 0.43671875 0.7216494845360826 0.43046875 0.7302405498281788 0.43046875 0.7405498281786942 0.4328125 0.7439862542955327 0.425 0.7646048109965636 0.384375 0.7663230240549829 0.359375 0.7577319587628867 0.3578125 0.7508591065292097 0.3453125 0.7474226804123713 0.34453125 0.752577319587629 0.33046875 0.7560137457044674 0.3296875 0.7508591065292097 0.3203125 0.7474226804123713 0.31015625 0.7697594501718215 0.30859375 0.8058419243986255 0.31953125 0.845360824742268
0 0.1265625 0.20274914089347082 0.1328125 0.20446735395189006 0.1296875 0.1941580756013746 0.13125 0.1907216494845361 0.12890625 0.1907216494845361 0.1296875 0.19587628865979384 0.1265625 0.20274914089347082
0 0.1046875 0.1512027491408935 0.1046875 0.18041237113402064 0.1125 0.18728522336769762 0.11953125 0.17869415807560138 0.20234375 0.18384879725085912 0.21171875 0.17697594501718214 0.209375 0.14776632302405499 0.2046875 0.13917525773195877 0.21328125 0.08419243986254296 0.209375 0.07560137457044674 0.1921875 0.070446735395189 0.18515625 0.070446735395189 0.18203125 0.07560137457044674 0.15390625 0.070446735395189 0.15 0.07560137457044674 0.128125 0.07731958762886598 0.11953125 0.0859106529209622 0.109375 0.08247422680412372 0.1015625 0.09793814432989692 0.09609375 0.10137457044673541 0.0953125 0.13230240549828182 0.1046875 0.1512027491408935
0 0.45625 0.46735395189003437 0.48828125 0.4690721649484536 0.521875 0.47938144329896915 0.528125 0.4862542955326461 0.53359375 0.5034364261168386 0.54765625 0.5120274914089348 0.55390625 0.5103092783505155 0.559375 0.47938144329896915 0.56015625 0.4209621993127148 0.55546875 0.41580756013745707 0.46328125 0.4020618556701031 0.45625 0.4072164948453609 0.45390625 0.43298969072164956 0.453125 0.4587628865979382 0.45625 0.46735395189003437
0 0.4546875 0.17353951890034364 0.459375 0.18384879725085912 0.56328125 0.1907216494845361 0.56484375 0.18728522336769762 0.5640625 0.17010309278350516 0.55859375 0.15292096219931273 0.5484375 0.14261168384879724 0.5375 0.14604810996563575 0.509375 0.13230240549828182 0.490625 0.13745704467353953 0.4875 0.13058419243986255 0.47890625 0.14261168384879724 0.4640625 0.13917525773195877 0.45703125 0.14948453608247422 0.453125 0.18384879725085912 0.4546875 0.17353951890034364
0 0.44921875 0.7233676975945018 0.44609375 0.7302405498281788 0.44765625 0.7353951890034365 0.4453125 0.7439862542955327 0.44765625 0.7611683848797252 0.4453125 0.7835051546391754 0.4484375 0.7920962199312716 0.44765625 0.8573883161512029 0.45078125 0.8900343642611684 0.44765625 0.9209621993127148 0.4484375 0.9862542955326461 0.45859375 0.9914089347079038 0.484375 0.9862542955326461 0.49765625 0.9725085910652922 0.50078125 0.9742268041237114 0.50390625 0.9862542955326461 0.55859375 0.9948453608247423 0.56171875 0.9415807560137457 0.56484375 0.9347079037800687 0.565625 0.8848797250859107 0.56875 0.8694158075601376 0.56875 0.8058419243986255 0.57109375 0.802405498281787 0.571875 0.731958762886598 0.575 0.7199312714776632 0.57421875 0.6804123711340206 0.56484375 0.6701030927835052 0.5359375 0.6735395189003437 0.521875 0.6580756013745706 0.49609375 0.6580756013745706 0.49140625 0.6632302405498283 0.45390625 0.661512027491409 0.44609375 0.6649484536082475 0.44453125 0.6735395189003437 0.4421875 0.7027491408934708 0.44921875 0.7233676975945018
0 0.48671875 0.21993127147766325 0.48671875 0.22508591065292097 0.4984375 0.22852233676975947 0.5 0.21649484536082478 0.50625 0.21649484536082478 0.50546875 0.22680412371134023 0.5078125 0.2302405498281787 0.53046875 0.2302405498281787 0.5328125 0.22336769759450173 0.5546875 0.23367697594501718 0.5609375 0.2302405498281787 0.5609375 0.21477663230240554 0.5640625 0.2061855670103093 0.553125 0.21477663230240554 0.55 0.20446735395189006 0.54296875 0.20274914089347082 0.534375 0.20962199312714777 0.53046875 0.20446735395189006 0.51171875 0.20446735395189006 0.50859375 0.20962199312714777 0.5078125 0.20446735395189006 0.50703125 0.21477663230240554 0.49375 0.20790378006872853 0.4921875 0.21649484536082478 0.48671875 0.21993127147766325
0 0.4921875 0.06701030927835053 0.48984375 0.06529209621993128 0.4796875 0.06701030927835053 0.4921875 0.06701030927835053
0 0.45703125 0.15463917525773196 0.45234375 0.17869415807560138 0.45546875 0.18900343642611686 0.45234375 0.1907216494845361 0.4578125 0.20962199312714777 0.45546875 0.21305841924398625 0.45625 0.22336769759450173 0.475 0.22336769759450173 0.47734375 0.211340206185567 0.48203125 0.20962199312714777 0.48125 0.20274914089347082 0.48984375 0.20962199312714777 0.4859375 0.18728522336769762 0.5171875 0.18728522336769762 0.52578125 0.19587628865979384 0.52890625 0.18728522336769762 0.5640625 0.1941580756013746 0.5640625 0.17697594501718214 0.55859375 0.1512027491408935 0.56796875 0.13230240549828182 0.56328125 0.12714776632302408 0.56328125 0.11855670103092783 0.5671875 0.1202749140893471 0.56015625 0.11340206185567012 0.5453125 0.11512027491408935 0.54375 0.10824742268041239 0.5296875 0.10652920962199312 0.5296875 0.09793814432989692 0.5359375 0.09106529209621994 0.546875 0.08762886597938145 0.54921875 0.09450171821305843 0.553125 0.09450171821305843 0.55546875 0.08762886597938145 0.553125 0.07731958762886598 0.546875 0.0859106529209622 0.53828125 0.07388316151202749 0.5328125 0.07388316151202749 0.52890625 0.08247422680412372 0.51875 0.08247422680412372 0.51015625 0.07388316151202749 0.51484375 0.06872852233676977 0.51484375 0.06013745704467355 0.509375 0.05670103092783506 0.51171875 0.061855670103092786 0.51015625 0.06529209621993128 0.49765625 0.06529209621993128 0.49453125 0.07731958762886598 0.4734375 0.07731958762886598 0.44921875 0.09450171821305843 0.44765625 0.1202749140893471 0.45703125 0.15463917525773196
0 0.45390625 0.3625429553264605 0.45234375 0.38316151202749144 0.45625 0.422680412371134 0.453125 0.4484536082474227 0.45625 0.46563573883161513 0.50390625 0.47079037800687284 0.5203125 0.4776632302405499 0.528125 0.48453608247422686 0.5359375 0.5034364261168386 0.54921875 0.5120274914089348 0.55390625 0.5085910652920963 0.55859375 0.48453608247422686 0.56015625 0.44673539518900346 0.56015625 0.34192439862542956 0.55 0.3402061855670103 0.54453125 0.33161512027491413 0.47109375 0.3247422680412372 0.46015625 0.3298969072164949 0.465625 0.35738831615120276 0.4578125 0.359106529209622 0.45703125 0.34879725085910657 0.4546875 0.3556701030927835 0.45625 0.359106529209622 0.45390625 0.3625429553264605
0 0.446875 0.11855670103092783 0.44921875 0.13230240549828182 0.45546875 0.14261168384879724 0.465625 0.1357388316151203 0.47734375 0.13745704467353953 0.48359375 0.12714776632302408 0.490625 0.12714776632302408 0.5171875 0.13745704467353953 0.55078125 0.13917525773195877 0.56015625 0.14776632302405499 0.5734375 0.13230240549828182 0.56953125 0.10824742268041239 0.56015625 0.09278350515463918 0.559375 0.070446735395189 0.5484375 0.06529209621993128 0.5453125 0.05326460481099656 0.50234375 0.05326460481099656 0.475 0.06013745704467355 0.46640625 0.06701030927835053 0.46484375 0.07903780068728523 0.44921875 0.09106529209621994 0.446875 0.09621993127147768 0.446875 0.11855670103092783
0 0.18515625 0.7216494845360826 0.1796875 0.7147766323024055 0.18203125 0.7233676975945018 0.18515625 0.7216494845360826
0 0.13046875 0.6924398625429553 0.13359375 0.7027491408934708 0.14453125 0.6924398625429553 0.1171875 0.6907216494845361 0.11875 0.6975945017182131 0.13046875 0.6924398625429553
0 0.0984375 0.7164948453608248 0.09765625 0.7439862542955327 0.1078125 0.7542955326460482 0.10625 0.7714776632302407 0.11484375 0.7835051546391754 0.115625 0.8041237113402062 0.12265625 0.8127147766323025 0.121875 0.8298969072164949 0.13125 0.845360824742268 0.128125 0.8608247422680414 0.14453125 0.8711340206185568 0.14453125 0.9175257731958764 0.22734375 0.9381443298969072 0.22265625 0.9175257731958764 0.21484375 0.852233676975945 0.20078125 0.7938144329896908 0.196875 0.7405498281786942 0.18203125 0.7285223367697595 0.1375 0.7130584192439863 0.109375 0.711340206185567 0.10703125 0.7079037800687286 0.10859375 0.6855670103092784 0.0984375 0.6872852233676976 0.09140625 0.7027491408934708 0.090625 0.7096219931271478 0.0984375 0.7164948453608248
0 0.16328125 0.6718213058419245 0.16328125 0.6838487972508591 0.1765625 0.6821305841924399 0.175 0.6632302405498283 0.159375 0.6597938144329898 0.15703125 0.661512027491409 0.16328125 0.6718213058419245
0 0.34453125 0.21993127147766325 0.33984375 0.23367697594501718 0.3375 0.25945017182130586 0.340625 0.3144329896907217 0.34609375 0.3195876288659794 0.38125 0.31615120274914094 0.4421875 0.32130584192439865 0.44375 0.29037800687285226 0.44921875 0.25945017182130586 0.44296875 0.2405498281786942 0.4453125 0.19243986254295536 0.43828125 0.18041237113402064 0.4390625 0.17697594501718214 0.43046875 0.18556701030927836 0.390625 0.17697594501718214 0.3390625 0.17697594501718214 0.3375 0.20962199312714777 0.34453125 0.21993127147766325
0 0.41875 0.14140625 0.00078125 0.0015625
0 0.4 0.13984375 0.00390625 0.0015625
0 0.6125 0.14604810996563575 0.628125 0.15292096219931273 0.63671875 0.14948453608247422 0.63671875 0.10309278350515465 0.63359375 0.10824742268041239 0.615625 0.10481099656357389 0.61171875 0.12714776632302408 0.6125 0.14604810996563575
0 0.46015625 0.40034364261168387 0.45859375 0.42783505154639184 0.45546875 0.43814432989690727 0.4578125 0.4450171821305842 0.54453125 0.4518900343642612 0.5453125 0.44158075601374575 0.54921875 0.43814432989690727 0.5484375 0.4312714776632303 0.56015625 0.41580756013745707 0.5578125 0.38316151202749144 0.54296875 0.38487972508591073 0.5265625 0.3711340206185567 0.5234375 0.3711340206185567 0.52265625 0.3762886597938145 0.51640625 0.365979381443299 0.4828125 0.36426116838487976 0.47109375 0.3711340206185567 0.4609375 0.365979381443299 0.45546875 0.372852233676976 0.4546875 0.39518900343642616 0.46015625 0.40034364261168387
0 0.521875 0.35223367697594504 0.52578125 0.359106529209622 0.52578125 0.3505154639175258 0.51875 0.3505154639175258 0.51796875 0.3539518900343643 0.521875 0.35223367697594504
0 0.55703125 0.34765625 0.0015625 0.0015625
0 0.48046875 0.35223367697594504 0.48671875 0.3556701030927835 0.490625 0.3470790378006873 0.4890625 0.3436426116838488 0.48046875 0.3436426116838488 0.48046875 0.35223367697594504
0 0.46484375 0.3539518900343643 0.4625 0.35738831615120276 0.46640625 0.359106529209622 0.46328125 0.3402061855670103 0.4625 0.3505154639175258 0.46484375 0.3539518900343643
0 0.55703125 0.33676975945017185 0.5515625 0.33676975945017185 0.5578125 0.34192439862542956 0.55703125 0.33676975945017185
0 0.53828125 0.3384879725085911 0.54375 0.33676975945017185 0.54609375 0.34192439862542956 0.5421875 0.34879725085910657 0.54609375 0.3539518900343643 0.54921875 0.3384879725085911 0.54765625 0.33333333333333337 0.54296875 0.3298969072164949 0.53984375 0.33676975945017185 0.53828125 0.3298969072164949 0.53515625 0.33161512027491413 0.5359375 0.34536082474226804 0.53828125 0.3384879725085911
0 0.53046875 0.3350515463917526 0.5203125 0.3264604810996564 0.51875 0.33161512027491413 0.53046875 0.3350515463917526
0 0.5046875 0.32817869415807566 0.50703125 0.33676975945017185 0.50625 0.35223367697594504 0.50859375 0.3539518900343643 0.5078125 0.3402061855670103 0.51171875 0.3384879725085911 0.51328125 0.3264604810996564 0.50625 0.33333333333333337 0.5046875 0.3230240549828179 0.5 0.3247422680412372 0.5046875 0.32817869415807566
0 0.4625 0.3298969072164949 0.46640625 0.32130584192439865 0.4671875 0.3298969072164949 0.4765625 0.32817869415807566 0.48046875 0.33333333333333337 0.4859375 0.32817869415807566 0.4875 0.3350515463917526 0.4921875 0.3247422680412372 0.48671875 0.3298969072164949 0.486328125 0.3230240549828179 0.47109375 0.3247422680412372 0.46328125 0.31615120274914094 0.459375 0.3247422680412372 0.458984375 0.31615120274914094 0.45703125 0.32130584192439865 0.4546875 0.31615120274914094 0.453125 0.3195876288659794 0.4625 0.3298969072164949
0 0.4703125 0.2852233676975945 0.4734375 0.30068728522336774 0.4765625 0.29381443298969073 0.48515625 0.2920962199312715 0.4875 0.28350515463917525 0.48984375 0.2920962199312715 0.49921875 0.2852233676975945 0.50859375 0.2869415807560137 0.51171875 0.29553264604810997 0.52578125 0.2920962199312715 0.5296875 0.2972508591065292 0.5421875 0.288659793814433 0.56328125 0.29381443298969073 0.56484375 0.281786941580756 0.56328125 0.2628865979381444 0.559375 0.2508591065292097 0.56171875 0.24398625429553267 0.56015625 0.2405498281786942 0.5296875 0.23539518900343642 0.51484375 0.23883161512027495 0.51015625 0.23367697594501718 0.496875 0.23711340206185566 0.49140625 0.23195876288659795 0.47578125 0.23711340206185566 0.465625 0.23195876288659795 0.4609375 0.23539518900343642 0.45546875 0.2508591065292097 0.453125 0.27835051546391754 0.4703125 0.2852233676975945
0 0.3296875 0.9278350515463918 0.328125 0.9381443298969072 0.33203125 0.9484536082474226 0.34140625 0.957044673539519 0.378125 0.957044673539519 0.43046875 0.9793814432989691 0.43515625 0.9776632302405499 0.43984375 0.9484536082474226 0.43984375 0.9123711340206186 0.44296875 0.9037800687285223 0.44375 0.8780068728522338 0.44296875 0.8659793814432991 0.43671875 0.8625429553264606 0.43125 0.8831615120274915 0.43515625 0.88659793814433 0.421875 0.9054982817869417 0.40390625 0.9054982817869417 0.384375 0.8951890034364262 0.35078125 0.8917525773195877 0.3296875 0.8934707903780069 0.325 0.9072164948453609 0.325 0.9175257731958764 0.3296875 0.9278350515463918
0 0.57890625 0.22680412371134023 0.57734375 0.23367697594501718 0.5796875 0.23367697594501718 0.5796875 0.22508591065292097 0.58359375 0.21993127147766325 0.60546875 0.21821305841924402 0.609375 0.19243986254295536 0.609375 0.14776632302405499 0.590625 0.14604810996563575 0.58125 0.15635738831615123 0.5765625 0.211340206185567 0.57890625 0.22680412371134023
0 0.5828125 0.1443298969072165 0.58515625 0.14776632302405499 0.5890625 0.140893470790378 0.61015625 0.140893470790378 0.615625 0.09793814432989692 0.61328125 0.08762886597938145 0.615625 0.0429553264604811 0.6125 0.03608247422680413 0.6046875 0.03780068728522337 0.60234375 0.029209621993127148 0.5921875 0.030927835051546393 0.5875 0.03780068728522337 0.584375 0.07388316151202749 0.58125 0.13230240549828182 0.5828125 0.1443298969072165
0 0.61328125 0.18900343642611686 0.6203125 0.1941580756013746 0.63984375 0.1907216494845361 0.64296875 0.1718213058419244 0.640625 0.1597938144329897 0.6125 0.15463917525773196 0.609375 0.1752577319587629 0.61328125 0.18900343642611686
0 0.265625 0.7268041237113403 0.2671875 0.7164948453608248 0.2609375 0.7147766323024055 0.2578125 0.7233676975945018 0.265625 0.7268041237113403
0 0.20234375 0.7817869415807561 0.2046875 0.802405498281787 0.21328125 0.816151202749141 0.2125 0.8350515463917526 0.21875 0.8659793814432991 0.26484375 0.8676975945017184 0.28828125 0.879725085910653 0.30859375 0.879725085910653 0.30625 0.845360824742268 0.3015625 0.8350515463917526 0.30546875 0.8178694158075602 0.30390625 0.79553264604811 0.30625 0.7817869415807561 0.3046875 0.7680412371134021 0.30703125 0.7611683848797252 0.30390625 0.7474226804123713 0.28203125 0.7508591065292097 0.26328125 0.745704467353952 0.2625 0.7336769759450172 0.253125 0.731958762886598 0.2484375 0.7096219931271478 0.2484375 0.7147766323024055 0.24453125 0.7164948453608248 0.24296875 0.711340206185567 0.24375 0.718213058419244 0.2390625 0.7233676975945018 0.2390625 0.731958762886598 0.2359375 0.738831615120275 0.209375 0.738831615120275 0.20625 0.7336769759450172 0.19921875 0.7405498281786942 0.1984375 0.7714776632302407 0.20234375 0.7817869415807561
0 0.1953125 0.7199312714776632 0.2015625 0.7164948453608248 0.196875 0.7079037800687286 0.19296875 0.7079037800687286 0.19140625 0.7096219931271478 0.1953125 0.7199312714776632
0 0.209375 0.11683848797250859 0.21640625 0.1512027491408935 0.21640625 0.18900343642611686 0.21953125 0.19759450171821308 0.22109375 0.22336769759450173 0.228125 0.24226804123711343 0.23046875 0.2766323024054983 0.2359375 0.2852233676975945 0.23359375 0.31271477663230246 0.240625 0.34192439862542956 0.25 0.35223367697594504 0.24140625 0.35738831615120276 0.23984375 0.3694158075601375 0.240625 0.39003436426116844 0.246875 0.41065292096219935 0.24765625 0.4587628865979382 0.2578125 0.4725085910652921 0.28203125 0.48453608247422686 0.340625 0.47938144329896915 0.340625 0.40549828178694164 0.33828125 0.3694158075601375 0.33359375 0.359106529209622 0.33828125 0.34879725085910657 0.33828125 0.32817869415807566 0.334375 0.31615120274914094 0.33515625 0.29381443298969073 0.3328125 0.2800687285223368 0.33515625 0.2611683848797251 0.3328125 0.23367697594501718 0.33515625 0.22336769759450173 0.33203125 0.18556701030927836 0.32734375 0.1718213058419244 0.32890625 0.14261168384879724 0.32265625 0.11683848797250859 0.32265625 0.10309278350515465 0.3265625 0.0859106529209622 0.32421875 0.08075601374570447 0.3015625 0.07731958762886598 0.234375 0.07731958762886598 0.23125 0.08247422680412372 0.22890625 0.07731958762886598 0.221875 0.07731958762886598 0.215625 0.09450171821305843 0.2140625 0.10996563573883163 0.209375 0.11683848797250859
0 0.41484375 0.025773195876288662 0.40625 0.01718213058419244 0.4109375 0.03951890034364262 0.41484375 0.025773195876288662
0 0.328125 0.07560137457044674 0.33125 0.070446735395189 0.33125 0.06013745704467355 0.34140625 0.05326460481099656 0.359375 0.05498281786941581 0.37578125 0.0429553264604811 0.39375 0.04982817869415808 0.3953125 0.03436426116838488 0.4015625 0.025773195876288662 0.4015625 0.018900343642611686 0.3953125 0.02061855670103093 0.3890625 0.01202749140893471 0.38359375 0.015463917525773196 0.3671875 0.006872852233676977 0.3265625 0.010309278350515465 0.315625 0.030927835051546393 0.31484375 0.04810996563573884 0.328125 0.07560137457044674
0 0.4671875 0.03608247422680413 0.4765625 0.03951890034364262 0.48203125 0.04982817869415808 0.5625 0.04639175257731959 0.56796875 0.0429553264604811 0.57109375 0.027491408934707907 0.56953125 0.02061855670103093 0.55859375 0.013745704467353953 0.4734375 0.02061855670103093 0.46640625 0.03264604810996564 0.4671875 0.03608247422680413
0 0.20859375 0.7886597938144331 0.21875 0.7783505154639176 0.2140625 0.7731958762886599 0.2046875 0.7766323024054984 0.20546875 0.7852233676975946 0.20859375 0.7886597938144331
0 0.20625 0.7542955326460482 0.21015625 0.7611683848797252 0.2109375 0.7577319587628867 0.203125 0.7508591065292097 0.20390625 0.7611683848797252 0.20625 0.7542955326460482
0 0.2171875 0.8573883161512029 0.225 0.9175257731958764 0.23203125 0.9312714776632303 0.2328125 0.9553264604810998 0.309375 0.9759450171821307 0.32734375 0.9742268041237114 0.32890625 0.9553264604810998 0.3203125 0.9278350515463918 0.32265625 0.8934707903780069 0.31171875 0.8762886597938145 0.30625 0.8264604810996564 0.296875 0.8058419243986255 0.30234375 0.7972508591065293 0.29765625 0.7869415807560138 0.30234375 0.7800687285223369 0.30078125 0.7680412371134021 0.3046875 0.7646048109965636 0.30078125 0.7542955326460482 0.29453125 0.7542955326460482 0.29296875 0.7594501718213059 0.290625 0.7542955326460482 0.28515625 0.7542955326460482 0.28359375 0.7611683848797252 0.2796875 0.7594501718213059 0.28046875 0.7542955326460482 0.271875 0.7560137457044674 0.265625 0.7491408934707905 0.26302109375 0.7560137457044674 0.26171875 0.7491408934707905 0.25885390625000004 0.7560137457044674 0.25234375 0.7508591065292097 0.25 0.7542955326460482 0.25390625 0.7577319587628867 0.25703125 0.7903780068728523 0.24140625 0.7817869415807561 0.24375 0.8041237113402062 0.21953125 0.802405498281787 0.2125 0.809278350515464 0.2125 0.8419243986254296 0.2171875 0.8573883161512029
0 0.23203125 0.7491408934707905 0.23203125 0.7577319587628867 0.23515625 0.7628865979381444 0.2421875 0.7611683848797252 0.24765625 0.7474226804123713 0.22890625 0.7439862542955327 0.22578125 0.7474226804123713 0.23203125 0.7491408934707905
0 0.20842633928571427 0.742636229749632 0.20625 0.7422680412371134 0.20625 0.7474226804123713 0.20842633928571427 0.742636229749632
0 0.21640625 0.7439862542955327 0.2087204391891892 0.7426859849540263 0.21015625 0.7474226804123713 0.21640625 0.7439862542955327
0 0.27421875 0.2611683848797251 0.27578125 0.26632302405498287 0.275 0.25945017182130586 0.271875 0.26460481099656363 0.27421875 0.2611683848797251
0 0.2875 0.178125 0.00390625 0.0015625
0 0.23046875 0.23539518900343642 0.2625 0.23367697594501718 0.315625 0.2457044673539519 0.32890625 0.2405498281786942 0.3375 0.22336769759450173 0.33125 0.18900343642611686 0.31796875 0.18556701030927836 0.3046875 0.19243986254295536 0.303125 0.18728522336769762 0.296875 0.18556701030927836 0.296875 0.17010309278350516 0.29375 0.18556701030927836 0.28046875 0.1907216494845361 0.24375 0.18556701030927836 0.2203125 0.1941580756013746 0.2203125 0.22680412371134023 0.23046875 0.23539518900343642
0 0.2546875 0.1718213058419244 0.25546875 0.16666666666666669 0.25078125 0.17010309278350516 0.2546875 0.1718213058419244
0 0.30078125 0.1718213058419244 0.3046875 0.1752577319587629 0.3046875 0.15463917525773196 0.29921875 0.15635738831615123 0.2984375 0.16151202749140894 0.29609375 0.15292096219931273 0.29453125 0.15463917525773196 0.30078125 0.1718213058419244
0 0.2578125 0.1546875 0.00078125 0.003125
0 0.2515625 0.16151202749140894 0.25 0.15292096219931273 0.246875 0.15292096219931273 0.24765625 0.16151202749140894 0.2515625 0.16151202749140894
0 0.240625 0.15390625 0.00078125 0.0015625
0 0.26875 0.17010309278350516 0.271875 0.1632302405498282 0.27421875 0.16838487972508592 0.2859375 0.17010309278350516 0.2890625 0.15463917525773196 0.27578125 0.1512027491408935 0.271875 0.15635738831615123 0.26640625 0.14604810996563575 0.26796875 0.1443298969072165 0.2640625 0.1443298969072165 0.26328125 0.15635738831615123 0.26875 0.17010309278350516
0 0.6328125 0.29553264604810997 0.6328125 0.25945017182130586 0.6109375 0.2508591065292097 0.60703125 0.2628865979381444 0.60703125 0.29553264604810997 0.6328125 0.29553264604810997
0 0.38828125 0.9742268041237114 0.38359375 0.9690721649484537 0.38515625 0.9810996563573884 0.3875 0.9828178694158076 0.3859375 0.9759450171821307 0.38828125 0.9742268041237114
0 0.39140625 0.9828178694158076 0.39296875 0.9793814432989691 0.38828125 0.9742268041237114 0.39140625 0.9828178694158076
0 0.390625 0.84765625 0.00234375 0.0015625
0 0.40546875 0.8505154639175257 0.4109375 0.8556701030927837 0.415625 0.8470790378006873 0.4203125 0.8487972508591065 0.42109375 0.8556701030927837 0.4265625 0.8505154639175257 0.42109375 0.8402061855670103 0.41640625 0.8470790378006873 0.40703125 0.8419243986254296 0.40859375 0.8470790378006873 0.40546875 0.8505154639175257
0 0.34609375 0.8375 0.0015625 0.0015625
0 0.36640625 0.8375 0.0015625 0.00546875
0 0.2234375 0.7886597938144331 0.2203125 0.7903780068728523 0.21875 0.7938144329896908 0.2234375 0.7886597938144331
0 0.23125 0.734375 0.00234375 0.0015625
0 0.428125 0.7044673539518901 0.42890625 0.6975945017182131 0.4328125 0.6958762886597938 0.4359375 0.7027491408934708 0.43203125 0.6924398625429553 0.425 0.6975945017182131 0.42421875 0.7027491408934708 0.428125 0.7044673539518901
0 0.43828125 0.6752577319587629 0.4390625 0.668384879725086 0.434375 0.6666666666666667 0.4265625 0.6735395189003437 0.43203125 0.6804123711340206 0.43828125 0.6752577319587629
0 0.2578125 0.64375 0.00078125 0.0015625
0 0.396875 0.64140625 0.00078125 0.0015625
0 0.3765625 0.6357388316151203 0.3765625 0.6305841924398626 0.36953125 0.6305841924398626 0.36796875 0.6323024054982819 0.3765625 0.6357388316151203
0 0.253125 0.6323024054982819 0.24765625 0.6323024054982819 0.25078125 0.6374570446735396 0.253125 0.6323024054982819
0 0.1921875 0.7027491408934708 0.2125 0.718213058419244 0.21171875 0.725085910652921 0.203125 0.7336769759450172 0.20625 0.7405498281786942 0.2046875 0.7508591065292097 0.2140625 0.7646048109965636 0.21015625 0.7714776632302407 0.203125 0.7731958762886599 0.203125 0.7783505154639176 0.20625 0.7869415807560138 0.2140625 0.7852233676975946 0.2171875 0.8041237113402062 0.21328125 0.8281786941580757 0.21875 0.8402061855670103 0.2171875 0.8487972508591065 0.22421875 0.8917525773195877 0.22890625 0.8986254295532646 0.2296875 0.9072164948453609 0.22734375 0.9106529209621994 0.23203125 0.9123711340206186 0.2375 0.9037800687285223 0.240625 0.9140893470790379 0.2375 0.9261168384879725 0.23359375 0.9278350515463918 0.234375 0.9536082474226806 0.240625 0.9587628865979383 0.31875 0.9759450171821307 0.325 0.9759450171821307 0.328125 0.9690721649484537 0.33359375 0.9759450171821307 0.34375 0.970790378006873 0.34453125 0.9759450171821307 0.34453125 0.9673539518900345 0.3484375 0.9690721649484537 0.35234375 0.9621993127147768 0.359375 0.9656357388316152 0.3703125 0.9604810996563575 0.3734375 0.9656357388316152 0.37578125 0.9604810996563575 0.3890625 0.9604810996563575 0.396875 0.9656357388316152 0.39453125 0.9793814432989691 0.40234375 0.9742268041237114 0.4015625 0.9690721649484537 0.40625 0.9621993127147768 0.41015625 0.9347079037800687 0.4203125 0.9398625429553265 0.4203125 0.9501718213058419 0.4265625 0.957044673539519 0.43515625 0.9553264604810998 0.43671875 0.9450171821305842 0.42890625 0.936426116838488 0.4265625 0.9278350515463918 0.43515625 0.9209621993127148 0.43359375 0.9140893470790379 0.4390625 0.9089347079037802 0.4390625 0.8917525773195877 0.4328125 0.8951890034364262 0.42265625 0.88659793814433 0.4171875 0.8986254295532646 0.4140625 0.8986254295532646 0.41328125 0.88659793814433 0.41015625 0.8831615120274915 0.40703125 0.8986254295532646 0.396875 0.9003436426116839 0.3921875 0.8934707903780069 0.396875 0.8900343642611684 0.39765625 0.879725085910653 0.3859375 0.8814432989690723 0.38125 0.8762886597938145 0.38515625 0.8728522336769761 0.38046875 0.8419243986254296 0.3828125 0.8350515463917526 0.390625 0.8316151202749141 0.396875 0.8384879725085911 0.3953125 0.8436426116838488 0.4015625 0.8487972508591065 0.4015625 0.8419243986254296 0.3984375 0.8384879725085911 0.4 0.8350515463917526 0.41640625 0.8230240549828179 0.421875 0.8264604810996564 0.40078125 0.809278350515464 0.39453125 0.7972508591065293 0.3953125 0.7938144329896908 0.4 0.7886597938144331 0.41484375 0.7903780068728523 0.4171875 0.7835051546391754 0.42578125 0.7783505154639176 0.4390625 0.7852233676975946 0.43828125 0.7766323024054984 0.4328125 0.7817869415807561 0.42578125 0.7749140893470792 0.425 0.7628865979381444 0.4375 0.7542955326460482 0.434375 0.7474226804123713 0.43828125 0.7422680412371134 0.4390625 0.7336769759450172 0.4265625 0.738831615120275 0.428125 0.7268041237113403 0.42578125 0.7130584192439863 0.4203125 0.711340206185567 0.4046875 0.6907216494845361 0.4046875 0.6786941580756014 0.4078125 0.6701030927835052 0.40234375 0.6666666666666667 0.40078125 0.6546391752577321 0.37734375 0.6494845360824744 0.3640625 0.6546391752577321 0.359375 0.6408934707903781 0.34921875 0.6391752577319588 0.3484375 0.6323024054982819 0.34453125 0.6323024054982819 0.34140625 0.6391752577319588 0.334375 0.6305841924398626 0.3234375 0.6271477663230242 0.32109375 0.6357388316151203 0.290625 0.6357388316151203 0.28671875 0.6477663230240551 0.27578125 0.6357388316151203 0.2734375 0.6408934707903781 0.26796875 0.6357388316151203 0.26484375 0.6512027491408936 0.259375 0.6494845360824744 0.25859375 0.6546391752577321 0.253125 0.6563573883161513 0.25 0.6512027491408936 0.2515625 0.6408934707903781 0.2359375 0.6460481099656358 0.23359375 0.6426116838487973 0.23671875 0.6323024054982819 0.23203125 0.6288659793814434 0.2296875 0.6340206185567011 0.23125 0.6563573883161513 0.22890625 0.661512027491409 0.2140625 0.6580756013745706 0.2171875 0.6477663230240551 0.22421875 0.6443298969072165 0.22109375 0.6374570446735396 0.21953125 0.6460481099656358 0.2171875 0.6374570446735396 0.209375 0.6443298969072165 0.20390625 0.6408934707903781 0.2 0.6477663230240551 0.199609375 0.6408934707903781 0.1953125 0.6408934707903781 0.19375 0.6443298969072165 0.196875 0.6632302405498283 0.1890625 0.6752577319587629 0.18828125 0.6855670103092784 0.1921875 0.7027491408934708
0 0.21640625 0.6288659793814434 0.21640625 0.6219931271477663 0.2140625 0.6237113402061857 0.2125 0.6340206185567011 0.21640625 0.6288659793814434
0 0.34453125 0.6168384879725086 0.321875 0.6219931271477663 0.34296875 0.6202749140893471 0.34453125 0.6254295532646049 0.3484375 0.6237113402061857 0.35078125 0.6305841924398626 0.35546875 0.6305841924398626 0.365625 0.6185567010309279 0.36328125 0.6151202749140894 0.3625 0.5927835051546392 0.35703125 0.5945017182130584 0.353125 0.604810996563574 0.34765625 0.6013745704467355 0.34375 0.604810996563574 0.34453125 0.6168384879725086
0 0.340625 0.5962199312714777 0.34296875 0.6013745704467355 0.3453125 0.5979381443298969 0.34140625 0.5927835051546392 0.33828125 0.6013745704467355 0.340625 0.5962199312714777
0 0.325 0.5876288659793815 0.32109375 0.5876288659793815 0.3203125 0.5927835051546392 0.325 0.5876288659793815
0 0.36953125 0.5859106529209622 0.371875 0.577319587628866 0.3765625 0.5876288659793815 0.3765625 0.5807560137457045 0.36953125 0.570446735395189 0.365625 0.577319587628866 0.36484375 0.584192439862543 0.36953125 0.5859106529209622
0 0.396875 0.56953125 0.00078125 0.00546875
0 0.38359375 0.5670103092783505 0.3875 0.5687285223367697 0.39140625 0.5601374570446735 0.3859375 0.5515463917525774 0.38671875 0.5618556701030928 0.38359375 0.5670103092783505
0 0.4140625 0.5154639175257733 0.4140625 0.5103092783505155 0.41015625 0.5120274914089348 0.409375 0.5189003436426117 0.4140625 0.5154639175257733
0 0.290625 0.6271477663230242 0.29609375 0.6271477663230242 0.29609375 0.6202749140893471 0.30390625 0.6185567010309279 0.3046875 0.6134020618556701 0.31796875 0.6254295532646049 0.3203125 0.6219931271477663 0.30390625 0.6099656357388317 0.3078125 0.6013745704467355 0.30625 0.5910652920962199 0.3140625 0.577319587628866 0.32109375 0.5738831615120275 0.328125 0.584192439862543 0.3296875 0.577319587628866 0.33515625 0.5807560137457045 0.3375 0.5670103092783505 0.34140625 0.5687285223367697 0.34140625 0.5618556701030928 0.34609375 0.5584192439862543 0.35078125 0.563573883161512 0.34140625 0.5876288659793815 0.3453125 0.5876288659793815 0.3515625 0.5790378006872853 0.35390625 0.5687285223367697 0.365625 0.5618556701030928 0.365625 0.5515463917525774 0.36875 0.5446735395189004 0.38125 0.5498281786941581 0.38359375 0.5412371134020619 0.38828125 0.5412371134020619 0.4 0.5532646048109966 0.40546875 0.5446735395189004 0.40546875 0.5189003436426117 0.39140625 0.5085910652920963 0.38515625 0.513745704467354 0.37890625 0.5051546391752578 0.371875 0.5068728522336771 0.3703125 0.49828178694158076 0.3484375 0.4965635738831615 0.33203125 0.520618556701031 0.30703125 0.5807560137457045 0.296875 0.5876288659793815 0.30078125 0.5996563573883162 0.2859375 0.6151202749140894 0.28515625 0.6185567010309279 0.290625 0.6271477663230242
0 0.32734375 0.07731958762886598 0.3375 0.07216494845360825 0.34609375 0.07560137457044674 0.353125 0.06872852233676977 0.36015625 0.07216494845360825 0.3625 0.08075601374570447 0.3734375 0.07216494845360825 0.38359375 0.08419243986254296 0.38828125 0.07216494845360825 0.3953125 0.070446735395189 0.403125 0.08419243986254296 0.4125 0.07731958762886598 0.421875 0.08934707903780069 0.43046875 0.08075601374570447 0.4390625 0.0859106529209622 0.4484375 0.08419243986254296 0.46015625 0.070446735395189 0.46640625 0.04982817869415808 0.4640625 0.03264604810996564 0.45625 0.018900343642611686 0.4390625 0.018900343642611686 0.41640625 0.010309278350515465 0.40078125 0.015463917525773196 0.39375 0.010309278350515465 0.3578125 0.010309278350515465 0.35546875 0.005154639175257733 0.34375 0.013745704467353953 0.3265625 0.01202749140893471 0.315625 0.03264604810996564 0.31640625 0.058419243986254296 0.32734375 0.07731958762886598