0 0.30666666666666664 0.63375 0.3183333333333333 0.6325000000000001 0.3275 0.6368750000000001 0.3375 0.6375 0.345 0.6456250000000001 0.3516666666666667 0.6412500000000001 0.36 0.6412500000000001 0.3616666666666667 0.6368750000000001 0.3591666666666667 0.633125 0.3616666666666667 0.63125 0.36583333333333334 0.6300000000000001 0.36916666666666664 0.6318750000000001 0.375 0.628125 0.38333333333333336 0.628125 0.38666666666666666 0.6300000000000001 0.38416666666666666 0.63375 0.38666666666666666 0.640625 0.39166666666666666 0.64375 0.39416666666666667 0.640625 0.4041666666666667 0.6375 0.4091666666666667 0.62875 0.4141666666666667 0.63375 0.41583333333333333 0.629375 0.4216666666666667 0.629375 0.4375 0.64625 0.44333333333333336 0.6481250000000001 0.4491666666666666 0.6456250000000001 0.4608333333333333 0.629375 0.4666666666666667 0.628125 0.4666666666666667 0.6256250000000001 0.4691666666666666 0.62625 0.465 0.624375 0.4658333333333333 0.6212500000000001 0.4883333333333333 0.619375 0.5016666666666667 0.624375 0.5133333333333333 0.6225 0.5158333333333334 0.6275000000000001 0.5275000000000001 0.6225 0.5333333333333333 0.6256250000000001 0.5383333333333333 0.6225 0.5433333333333333 0.623125 0.5599999999999999 0.6168750000000001 0.5708333333333333 0.6168750000000001 0.5758333333333333 0.6143750000000001 0.5716666666666667 0.59125 0.5675 0.5875 0.5599999999999999 0.58875 0.5558333333333334 0.5956250000000001 0.5491666666666666 0.5987500000000001 0.5416666666666667 0.598125 0.5375 0.5943750000000001 0.5366666666666666 0.5893750000000001 0.5258333333333333 0.588125 0.5158333333333334 0.590625 0.5125 0.5962500000000001 0.5058333333333334 0.6 0.5008333333333332 0.599375 0.49083333333333334 0.5893750000000001 0.48250000000000004 0.5893750000000001 0.46333333333333326 0.593125 0.45583333333333337 0.591875 0.4541666666666667 0.59375 0.4333333333333333 0.5943750000000001 0.42833333333333334 0.6012500000000001 0.41916666666666663 0.6056250000000001 0.4133333333333333 0.604375 0.4066666666666666 0.598125 0.4 0.5962500000000001 0.38583333333333336 0.5975 0.38416666666666666 0.603125 0.37583333333333335 0.608125 0.36916666666666664 0.606875 0.3625 0.599375 0.35083333333333333 0.5987500000000001 0.3416666666666667 0.6 0.335 0.6100000000000001 0.325 0.6100000000000001 0.3183333333333333 0.6056250000000001 0.3183333333333333 0.6025 0.31416666666666665 0.6012500000000001 0.30416666666666664 0.6050000000000001 0.30333333333333334 0.6300000000000001 0.30666666666666664 0.63375
0 0.36953125 0.703125 0.00078125 0.00078125
0 0.4883333333333333 0.6893750000000001 0.4791666666666667 0.6875 0.48 0.6925000000000001 0.4883333333333333 0.6893750000000001
0 0.43499999999999994 0.69625 0.43916666666666665 0.696875 0.43916666666666665 0.7 0.44000000000000006 0.6893750000000001 0.4383333333333333 0.6881250000000001 0.4325 0.69125 0.43 0.6875 0.42833333333333334 0.6893750000000001 0.43499999999999994 0.69625
0 0.4608333333333333 0.6925000000000001 0.45999999999999996 0.68625 0.4575 0.686875 0.45583333333333337 0.6950000000000001 0.4608333333333333 0.6925000000000001
0 0.31166666666666665 0.6900000000000001 0.31416666666666665 0.6925000000000001 0.33166666666666667 0.6925000000000001 0.33999999999999997 0.6943750000000001 0.3458333333333333 0.690625 0.35666666666666663 0.6881250000000001 0.37 0.6881250000000001 0.37416666666666665 0.69125 0.37583333333333335 0.7037500000000001 0.38666666666666666 0.703125 0.39 0.6993750000000001 0.3933333333333333 0.7025 0.4 0.703125 0.4 0.698125 0.4058333333333334 0.695625 0.3975 0.68875 0.4033333333333333 0.684375 0.4133333333333333 0.6837500000000001 0.41833333333333333 0.686875 0.4175 0.685 0.4408333333333333 0.68 0.45666666666666667 0.680625 0.4608333333333333 0.684375 0.47000000000000003 0.6787500000000001 0.47750000000000004 0.68 0.48250000000000004 0.678125 0.5033333333333333 0.68125 0.5208333333333333 0.6775 0.5291666666666667 0.678125 0.5325 0.68125 0.5383333333333333 0.678125 0.5641666666666667 0.6793750000000001 0.5716666666666667 0.673125 0.5691666666666666 0.650625 0.5675 0.6481250000000001 0.5599999999999999 0.646875 0.55 0.65125 0.5466666666666666 0.650625 0.5441666666666667 0.655625 0.5291666666666667 0.649375 0.5183333333333333 0.6481250000000001 0.505 0.6518750000000001 0.5 0.655625 0.48083333333333333 0.650625 0.4708333333333333 0.653125 0.46749999999999997 0.650625 0.4666666666666667 0.65375 0.4608333333333333 0.65375 0.4625 0.650625 0.45916666666666667 0.649375 0.45583333333333337 0.650625 0.4608333333333333 0.654375 0.45666666666666667 0.6575 0.4508333333333333 0.654375 0.43666666666666665 0.654375 0.4141666666666667 0.6575 0.39416666666666667 0.655625 0.3808333333333333 0.6568750000000001 0.37333333333333335 0.6612500000000001 0.35583333333333333 0.6568750000000001 0.3416666666666667 0.660625 0.31 0.66 0.3125 0.671875 0.31166666666666665 0.6900000000000001
0 0.48916666666666664 0.634375 0.4925 0.6375 0.49833333333333335 0.633125 0.49749999999999994 0.63125 0.49416666666666664 0.63375 0.49083333333333334 0.62875 0.4841666666666667 0.630625 0.4833333333333333 0.633125 0.48916666666666664 0.634375
0 0.47000000000000003 0.628125 0.47333333333333333 0.63375 0.47833333333333333 0.6275000000000001 0.4833333333333333 0.6268750000000001 0.48083333333333333 0.62 0.47000000000000003 0.62 0.46749999999999997 0.623125 0.4658333333333333 0.62625 0.47000000000000003 0.628125
0 0.3175 0.721875 0.3183333333333333 0.744375 0.32416666666666666 0.74875 0.3308333333333333 0.75 0.33166666666666667 0.75625 0.325 0.7618750000000001 0.3283333333333333 0.7662500000000001 0.3375 0.77 0.35416666666666663 0.769375 0.3683333333333333 0.7612500000000001 0.38 0.765625 0.3908333333333333 0.766875 0.4058333333333334 0.7625 0.42833333333333334 0.765 0.4458333333333333 0.7618750000000001 0.4491666666666666 0.759375 0.495 0.759375 0.52 0.754375 0.5391666666666667 0.7568750000000001 0.5608333333333333 0.754375 0.5641666666666667 0.7518750000000001 0.5616666666666666 0.734375 0.5675 0.726875 0.5650000000000001 0.706875 0.5675 0.695625 0.5650000000000001 0.690625 0.5616666666666666 0.6900000000000001 0.5633333333333332 0.686875 0.5599999999999999 0.69125 0.5533333333333333 0.6900000000000001 0.5516666666666666 0.691875 0.5533333333333333 0.69625 0.5608333333333333 0.698125 0.5616666666666666 0.7 0.5533333333333333 0.7 0.5349999999999999 0.704375 0.5141666666666667 0.7037500000000001 0.4966666666666667 0.7050000000000001 0.4883333333333333 0.7075 0.4758333333333333 0.706875 0.4725 0.7050000000000001 0.4625 0.706875 0.45999999999999996 0.704375 0.45583333333333337 0.704375 0.4491666666666666 0.7081250000000001 0.4341666666666667 0.7106250000000001 0.39666666666666667 0.7100000000000001 0.38416666666666666 0.7150000000000001 0.34833333333333333 0.718125 0.3358333333333333 0.715625 0.325 0.71625 0.32166666666666666 0.7125 0.3308333333333333 0.7025 0.3258333333333333 0.695625 0.315 0.69625 0.31416666666666665 0.7125 0.3175 0.721875
0 0.32916666666666666 0.7831250000000001 0.32666666666666666 0.789375 0.33333333333333337 0.7862500000000001 0.3458333333333333 0.7931250000000001 0.3275 0.795625 0.3258333333333333 0.8 0.33166666666666667 0.8625 0.3616666666666667 0.8625 0.36416666666666664 0.86 0.37083333333333335 0.859375 0.37333333333333335 0.8550000000000001 0.3783333333333333 0.8556250000000001 0.38333333333333336 0.859375 0.4041666666666667 0.859375 0.41500000000000004 0.8543750000000001 0.41833333333333333 0.85625 0.43916666666666665 0.8556250000000001 0.4425 0.8525 0.45166666666666666 0.851875 0.45499999999999996 0.8481250000000001 0.4583333333333333 0.851875 0.4666666666666667 0.8525 0.4875 0.849375 0.4916666666666667 0.8456250000000001 0.5041666666666667 0.8487500000000001 0.5241666666666667 0.8487500000000001 0.5291666666666667 0.8481250000000001 0.5316666666666666 0.8456250000000001 0.5566666666666666 0.8450000000000001 0.5566666666666666 0.83125 0.5608333333333333 0.8225 0.5591666666666667 0.80375 0.5633333333333332 0.7987500000000001 0.5599999999999999 0.77875 0.5641666666666667 0.775625 0.5599999999999999 0.775 0.5641666666666667 0.77125 0.5591666666666667 0.758125 0.5391666666666667 0.7612500000000001 0.5183333333333333 0.75875 0.49833333333333335 0.76375 0.475 0.7625 0.4325 0.7675000000000001 0.41083333333333333 0.766875 0.39499999999999996 0.7706250000000001 0.37 0.7706250000000001 0.36 0.77375 0.3441666666666666 0.775625 0.33166666666666667 0.774375 0.3258333333333333 0.7768750000000001 0.325 0.780625 0.32916666666666666 0.7831250000000001
0 0.27666666666666667 0.40812499999999996 0.27666666666666667 0.415625 0.2791666666666667 0.41875 0.29416666666666663 0.42000000000000004 0.3 0.42562500000000003 0.30666666666666664 0.42562500000000003 0.3175 0.425 0.315 0.418125 0.3258333333333333 0.415625 0.37666666666666665 0.415625 0.40166666666666667 0.4125 0.4116666666666666 0.4175 0.4116666666666666 0.42125 0.42000000000000004 0.42625 0.42833333333333334 0.441875 0.43166666666666664 0.4425 0.43666666666666665 0.4425 0.4383333333333333 0.43812500000000004 0.4416666666666667 0.44125000000000003 0.4458333333333333 0.43937499999999996 0.45 0.42750000000000005 0.45666666666666667 0.418125 0.46333333333333326 0.415625 0.4666666666666667 0.42000000000000004 0.465 0.421875 0.4725 0.41937500000000005 0.4716666666666667 0.42250000000000004 0.4766666666666667 0.42125 0.48 0.42437500000000006 0.4758333333333333 0.4287500000000001 0.475 0.43375 0.48 0.4425 0.4925 0.4425 0.495 0.43937499999999996 0.49333333333333335 0.43500000000000005 0.5016666666666667 0.428125 0.5008333333333332 0.42437500000000006 0.4958333333333333 0.42062499999999997 0.5016666666666667 0.41937500000000005 0.5108333333333334 0.42374999999999996 0.5158333333333334 0.42250000000000004 0.5275000000000001 0.4425 0.5358333333333334 0.44375 0.5425 0.43937499999999996 0.5525 0.42250000000000004 0.5575 0.42062499999999997 0.5641666666666667 0.42125 0.5716666666666667 0.414375 0.585 0.41187500000000005 0.5883333333333333 0.40875000000000006 0.5833333333333333 0.395625 0.5808333333333333 0.371875 0.55 0.371875 0.5358333333333334 0.37 0.5258333333333333 0.3725 0.49749999999999994 0.37062500000000004 0.49333333333333335 0.3725 0.4541666666666667 0.371875 0.4491666666666666 0.37375 0.4383333333333333 0.37062500000000004 0.39916666666666667 0.3725 0.3883333333333333 0.37 0.37583333333333335 0.37 0.36416666666666664 0.37312500000000004 0.3525 0.371875 0.34833333333333333 0.37375 0.31333333333333335 0.374375 0.30333333333333334 0.37625000000000003 0.2875 0.37625000000000003 0.2816666666666666 0.37375 0.27749999999999997 0.375625 0.2808333333333333 0.3825 0.27666666666666667 0.40812499999999996
0 0.29 0.465625 0.28833333333333333 0.48875 0.29083333333333333 0.4956250000000001 0.3283333333333333 0.4912500000000001 0.3491666666666667 0.491875 0.355 0.48937500000000006 0.3625 0.491875 0.3725 0.48812500000000003 0.38166666666666665 0.48937500000000006 0.40750000000000003 0.4875 0.41833333333333333 0.48937500000000006 0.4216666666666667 0.4875 0.4458333333333333 0.48500000000000004 0.4533333333333333 0.48500000000000004 0.45666666666666667 0.48687500000000006 0.4616666666666666 0.4831250000000001 0.4683333333333334 0.48500000000000004 0.495 0.48375 0.525 0.48625000000000007 0.5466666666666666 0.484375 0.5741666666666666 0.4875 0.5808333333333333 0.48187500000000005 0.5775 0.45625 0.5858333333333333 0.44875 0.5841666666666667 0.43937499999999996 0.5708333333333333 0.418125 0.5641666666666667 0.415625 0.5599999999999999 0.416875 0.5575 0.414375 0.5525 0.41500000000000004 0.5441666666666667 0.41125 0.5175 0.4131250000000001 0.51 0.41125 0.49000000000000005 0.4125 0.4841666666666667 0.410625 0.4666666666666667 0.410625 0.45999999999999996 0.4131250000000001 0.38666666666666666 0.4131250000000001 0.37333333333333335 0.41500000000000004 0.35583333333333333 0.41375 0.3383333333333333 0.416875 0.30333333333333334 0.4175 0.2891666666666667 0.42374999999999996 0.2816666666666666 0.4375 0.27999999999999997 0.45625 0.29 0.465625
0 0.2791666666666667 0.38125 0.2808333333333333 0.386875 0.2783333333333333 0.401875 0.2791666666666667 0.4175 0.29083333333333333 0.418125 0.2966666666666667 0.4131250000000001 0.31 0.414375 0.3183333333333333 0.41187500000000005 0.3358333333333333 0.41125 0.33916666666666667 0.409375 0.36 0.41125 0.36416666666666664 0.409375 0.385 0.41000000000000003 0.39916666666666667 0.40812499999999996 0.41583333333333333 0.41125 0.42750000000000005 0.40812499999999996 0.45916666666666667 0.40875000000000006 0.46333333333333326 0.40499999999999997 0.4658333333333333 0.40750000000000003 0.515 0.40687500000000004 0.5508333333333333 0.40812499999999996 0.5541666666666667 0.41000000000000003 0.5833333333333333 0.41000000000000003 0.5858333333333333 0.40750000000000003 0.5833333333333333 0.403125 0.58 0.37625000000000003 0.5916666666666667 0.369375 0.5916666666666667 0.36312500000000003 0.5708333333333333 0.34 0.575 0.3275 0.5691666666666666 0.325625 0.5608333333333333 0.326875 0.5575 0.325 0.53 0.325 0.5258333333333333 0.323125 0.4766666666666667 0.325 0.4683333333333334 0.3225 0.4525 0.325 0.4525 0.32125000000000004 0.4458333333333333 0.31812500000000005 0.44333333333333336 0.325 0.42833333333333334 0.32375000000000004 0.4141666666666667 0.32625000000000004 0.41 0.324375 0.40499999999999997 0.3175 0.3983333333333333 0.32 0.38916666666666666 0.3175 0.38916666666666666 0.32062500000000005 0.39249999999999996 0.321875 0.39166666666666666 0.325625 0.35 0.325625 0.3416666666666667 0.32375000000000004 0.335 0.328125 0.3183333333333333 0.328125 0.31083333333333335 0.325625 0.28833333333333333 0.33062500000000006 0.2833333333333333 0.33625000000000005 0.28250000000000003 0.34187500000000004 0.275 0.35 0.27166666666666667 0.35875 0.26916666666666667 0.37312500000000004 0.2791666666666667 0.38125
0 0.545 0.3175 0.5433333333333333 0.316875 0.5425 0.32 0.545 0.3175
0 0.29 0.285625 0.2891666666666667 0.2875 0.29166666666666663 0.288125 0.29859375 0.28738281250000003 0.29 0.285625
0 0.31 0.293125 0.3075 0.29000000000000004 0.3091666666666667 0.28625 0.30166666666666664 0.285625 0.29944444444444446 0.28729166666666667 0.30333333333333334 0.28687500000000005 0.30666666666666664 0.28875 0.30416666666666664 0.293125 0.30666666666666664 0.29125 0.31 0.293125
0 0.3183333333333333 0.723125 0.32 0.744375 0.3308333333333333 0.748125 0.3308333333333333 0.753125 0.32416666666666666 0.7612500000000001 0.32666666666666666 0.76875 0.3491666666666667 0.7706250000000001 0.35583333333333333 0.769375 0.365 0.763125 0.3725 0.7612500000000001 0.37916666666666665 0.765625 0.385 0.7662500000000001 0.40083333333333326 0.765625 0.4133333333333333 0.7625 0.42750000000000005 0.765625 0.4541666666666667 0.76 0.495 0.76 0.5241666666666667 0.75375 0.5358333333333334 0.7575000000000001 0.5408333333333333 0.755625 0.5591666666666667 0.7550000000000001 0.5650000000000001 0.7518750000000001 0.5608333333333333 0.73375 0.5666666666666667 0.7256250000000001 0.5641666666666667 0.70625 0.5708333333333333 0.6987500000000001 0.5625 0.678125 0.5516666666666666 0.6793750000000001 0.5291666666666667 0.675625 0.5125 0.678125 0.49749999999999994 0.678125 0.4883333333333333 0.675625 0.445 0.6775 0.4291666666666667 0.68125 0.41 0.68125 0.39416666666666667 0.685 0.37916666666666665 0.685 0.37666666666666665 0.6875 0.35416666666666663 0.686875 0.345 0.690625 0.3416666666666667 0.68875 0.33416666666666667 0.68875 0.3158333333333333 0.69375 0.31416666666666665 0.7150000000000001 0.3183333333333333 0.723125
0 0.334375 0.66171875 0.00078125 0.0015625
0 0.37666666666666665 0.6625 0.3783333333333333 0.660625 0.37583333333333335 0.6587500000000001 0.37416666666666665 0.6612500000000001 0.37666666666666665 0.6625
0 0.42000000000000004 0.6575 0.4141666666666667 0.6568750000000001 0.41500000000000004 0.6587500000000001 0.42000000000000004 0.6575
0 0.3258333333333333 0.8175000000000001 0.3275 0.820625 0.33333333333333337 0.820625 0.36333333333333334 0.8150000000000001 0.43166666666666664 0.8125 0.4416666666666667 0.8081250000000001 0.45666666666666667 0.8106250000000002 0.4741666666666666 0.8087500000000001 0.4875 0.805 0.495 0.80625 0.5341666666666667 0.8025 0.5599999999999999 0.8025 0.5641666666666667 0.8 0.5641666666666667 0.79125 0.5599999999999999 0.780625 0.4841666666666667 0.78125 0.47333333333333333 0.7818750000000001 0.4683333333333334 0.784375 0.43166666666666664 0.785625 0.42833333333333334 0.7875 0.3525 0.79375 0.32666666666666666 0.798125 0.32416666666666666 0.8 0.3258333333333333 0.8175000000000001
0 0.345 0.865625 0.38 0.8612500000000001 0.39666666666666667 0.8612500000000001 0.5541666666666667 0.8474999999999999 0.5591666666666667 0.8450000000000001 0.5591666666666667 0.8262500000000002 0.5541666666666667 0.825 0.5475 0.826875 0.5241666666666667 0.826875 0.5016666666666667 0.83125 0.43916666666666665 0.83125 0.4258333333333333 0.83625 0.4116666666666666 0.834375 0.39416666666666667 0.8400000000000001 0.37583333333333335 0.8393750000000001 0.3616666666666667 0.8412499999999999 0.35666666666666663 0.84375 0.32916666666666666 0.8450000000000001 0.3308333333333333 0.865 0.345 0.865625
0 0.334375 0.65390625 0.00078125 0.0015625
0 0.3859375 0.64375 0.00078125 0.0015625
0 0.4359375 0.64375 0.00234375 0.003125
0 0.41083333333333333 0.645 0.4116666666666666 0.640625 0.4083333333333333 0.6425000000000001 0.40750000000000003 0.646875 0.41083333333333333 0.645
0 0.396875 0.6375 0.00234375 0.0015625
0 0.41833333333333333 0.6456250000000001 0.4216666666666667 0.6368750000000001 0.425 0.6368750000000001 0.42750000000000005 0.6412500000000001 0.4325 0.640625 0.4291666666666667 0.633125 0.425 0.6300000000000001 0.4225 0.6318750000000001 0.41833333333333333 0.6300000000000001 0.4141666666666667 0.633125 0.4133333333333333 0.63875 0.41833333333333333 0.6456250000000001
0 0.525 0.63375 0.5291666666666667 0.63375 0.5291666666666667 0.63125 0.5333333333333333 0.63125 0.5366666666666666 0.6275000000000001 0.5358333333333334 0.624375 0.5325 0.624375 0.5258333333333333 0.62875 0.5225 0.625 0.5216666666666667 0.62875 0.525 0.63375
0 0.3125 0.650625 0.3075 0.65625 0.3125 0.67125 0.31333333333333335 0.691875 0.33166666666666667 0.693125 0.33916666666666667 0.695625 0.3466666666666667 0.690625 0.36333333333333334 0.6881250000000001 0.36583333333333334 0.6893750000000001 0.3625 0.6993750000000001 0.365 0.706875 0.3725 0.7037500000000001 0.37666666666666665 0.70625 0.38333333333333336 0.7050000000000001 0.38666666666666666 0.706875 0.39 0.70125 0.4041666666666667 0.706875 0.41083333333333333 0.7025 0.4141666666666667 0.696875 0.4175 0.6987500000000001 0.4216666666666667 0.696875 0.4216666666666667 0.7 0.4208333333333333 0.700625 0.43666666666666665 0.700625 0.4425 0.7037500000000001 0.4525 0.7 0.45583333333333337 0.69625 0.45999999999999996 0.698125 0.4666666666666667 0.6943750000000001 0.47000000000000003 0.69625 0.4725 0.690625 0.47750000000000004 0.6950000000000001 0.4875 0.6975 0.49916666666666665 0.6893750000000001 0.5016666666666667 0.681875 0.5133333333333333 0.6793750000000001 0.5191666666666667 0.68 0.5191666666666667 0.684375 0.515 0.685 0.5183333333333333 0.69375 0.53 0.69375 0.5366666666666666 0.68875 0.54 0.68 0.5625 0.680625 0.5716666666666667 0.6725000000000001 0.5691666666666666 0.65375 0.5725 0.64375 0.5708333333333333 0.6300000000000001 0.5633333333333332 0.62625 0.5599999999999999 0.629375 0.5541666666666667 0.6300000000000001 0.5508333333333333 0.634375 0.5483333333333333 0.6325000000000001 0.5433333333333333 0.63375 0.5391666666666667 0.62875 0.5349999999999999 0.6375 0.5408333333333333 0.638125 0.5416666666666667 0.6456250000000001 0.5341666666666667 0.64625 0.5258333333333333 0.6431250000000001 0.5208333333333333 0.6375 0.515 0.6225 0.4691666666666666 0.619375 0.4625 0.6212500000000001 0.4625 0.6275000000000001 0.45583333333333337 0.635 0.45583333333333337 0.639375 0.4416666666666667 0.6475000000000001 0.44416666666666665 0.64875 0.4416666666666667 0.65125 0.4383333333333333 0.65 0.42833333333333334 0.6525000000000001 0.425 0.64625 0.4208333333333333 0.6475000000000001 0.41833333333333333 0.65125 0.41083333333333333 0.65125 0.4058333333333334 0.655 0.3975 0.655 0.39499999999999996 0.649375 0.39166666666666666 0.6481250000000001 0.3883333333333333 0.655 0.37916666666666665 0.655 0.37 0.6581250000000001 0.355 0.65375 0.3441666666666666 0.6587500000000001 0.33416666666666667 0.6587500000000001 0.3275 0.654375 0.3275 0.649375 0.325 0.650625 0.32416666666666666 0.655625 0.31916666666666665 0.655 0.31416666666666665 0.64875 0.31416666666666665 0.645 0.31666666666666665 0.64375 0.3125 0.638125 0.3091666666666667 0.64 0.31083333333333335 0.6425000000000001 0.31416666666666665 0.6425000000000001 0.31083333333333335 0.646875 0.3125 0.650625
0 0.41484375 0.63359375 0.00078125 0.0015625
0 0.43 0.638125 0.43166666666666664 0.635625 0.42833333333333334 0.63125 0.425 0.629375 0.43 0.638125
0 0.5325 0.629375 0.5349999999999999 0.624375 0.5325 0.625 0.5325 0.629375
0 0.31166666666666665 0.68875 0.31666666666666665 0.695625 0.3175 0.7100000000000001 0.3225 0.716875 0.3383333333333333 0.718125 0.3775 0.71625 0.38666666666666666 0.7125 0.3975 0.7125 0.40083333333333326 0.7106250000000001 0.425 0.71125 0.43916666666666665 0.70875 0.45916666666666667 0.70875 0.46333333333333326 0.7106250000000001 0.4708333333333333 0.706875 0.49833333333333335 0.7056250000000001 0.505 0.7081250000000001 0.515 0.7037500000000001 0.5475 0.7050000000000001 0.5533333333333333 0.70125 0.5650000000000001 0.70125 0.5691666666666666 0.6993750000000001 0.5691666666666666 0.6925000000000001 0.5650000000000001 0.68625 0.5650000000000001 0.681875 0.5716666666666667 0.6725000000000001 0.5675 0.6475000000000001 0.5599999999999999 0.6456250000000001 0.5541666666666667 0.6475000000000001 0.5408333333333333 0.646875 0.5375 0.649375 0.5325 0.649375 0.5175 0.645 0.5166666666666667 0.6431250000000001 0.5216666666666667 0.64 0.5166666666666667 0.6318750000000001 0.5158333333333334 0.6225 0.5116666666666666 0.624375 0.5091666666666667 0.6225 0.5041666666666667 0.623125 0.4875 0.619375 0.47000000000000003 0.619375 0.45916666666666667 0.623125 0.44666666666666666 0.623125 0.4491666666666666 0.62625 0.4525 0.6256250000000001 0.4525 0.630625 0.4491666666666666 0.6296875 0.4491666666666666 0.633125 0.4541666666666667 0.6318750000000001 0.4541666666666667 0.6375 0.44666666666666666 0.64375 0.4491666666666666 0.649375 0.44666666666666666 0.65375 0.42833333333333334 0.654375 0.42416666666666664 0.6518750000000001 0.42000000000000004 0.654375 0.4083333333333333 0.65625 0.3783333333333333 0.65625 0.36916666666666664 0.6587500000000001 0.355 0.65625 0.33916666666666667 0.660625 0.31 0.6581250000000001 0.3125 0.6725000000000001 0.31166666666666665 0.68875
0 0.5 0.8006249999999999 0.5008333333333332 0.79625 0.49833333333333335 0.8 0.5 0.8006249999999999
0 0.32333333333333336 0.743125 0.32083333333333336 0.745 0.32666666666666666 0.7462500000000001 0.32166666666666666 0.7506250000000001 0.32083333333333336 0.755625 0.32083333333333336 0.76875 0.325 0.775 0.325 0.7931250000000001 0.3275 0.79625 0.33999999999999997 0.7975000000000001 0.345 0.795 0.36333333333333334 0.795 0.36583333333333334 0.79625 0.36333333333333334 0.7993750000000001 0.35666666666666663 0.8 0.35583333333333333 0.803125 0.3591666666666667 0.8043750000000001 0.3625 0.8006249999999999 0.36666666666666664 0.805625 0.3725 0.805625 0.375 0.8025 0.3716666666666667 0.8006249999999999 0.37083333333333335 0.79625 0.3883333333333333 0.790625 0.39166666666666666 0.79125 0.3983333333333333 0.8 0.3933333333333333 0.806875 0.3975 0.8043750000000001 0.40083333333333326 0.806875 0.4058333333333334 0.8043750000000001 0.4125 0.8043750000000001 0.4208333333333333 0.7887500000000001 0.4325 0.789375 0.4341666666666667 0.7931250000000001 0.43083333333333335 0.79375 0.4425 0.8 0.45666666666666667 0.79375 0.45999999999999996 0.79 0.45916666666666667 0.7862500000000001 0.4625 0.7837500000000001 0.4683333333333334 0.786875 0.48083333333333333 0.8 0.49000000000000005 0.796875 0.4966666666666667 0.789375 0.49833333333333335 0.7831250000000001 0.5075000000000001 0.78125 0.5141666666666667 0.7837500000000001 0.5166666666666667 0.7931250000000001 0.5233333333333333 0.794375 0.5349999999999999 0.7862500000000001 0.5316666666666666 0.7831250000000001 0.5349999999999999 0.78125 0.5575 0.779375 0.5633333333333332 0.775625 0.5599999999999999 0.763125 0.5599999999999999 0.758125 0.5666666666666667 0.75 0.5633333333333332 0.7362500000000001 0.5658333333333333 0.7256250000000001 0.5633333333333332 0.7025 0.5533333333333333 0.703125 0.5441666666666667 0.70875 0.5183333333333333 0.7056250000000001 0.5016666666666667 0.7081250000000001 0.49833333333333335 0.7106250000000001 0.4833333333333333 0.71125 0.47333333333333333 0.7106250000000001 0.4666666666666667 0.7075 0.4458333333333333 0.7125 0.41500000000000004 0.711875 0.38916666666666666 0.7150000000000001 0.38 0.71875 0.36916666666666664 0.72 0.34833333333333333 0.721875 0.34249999999999997 0.7193750000000001 0.3283333333333333 0.72 0.32083333333333336 0.7237500000000001 0.32083333333333336 0.7418750000000001 0.32333333333333336 0.743125
0 0.3308333333333333 0.5425000000000001 0.33416666666666667 0.539375 0.32999999999999996 0.539375 0.3308333333333333 0.5425000000000001
0 0.32083333333333336 0.54625 0.32333333333333336 0.54375 0.3283333333333333 0.54625 0.32333333333333336 0.541875 0.32333333333333336 0.5387500000000001 0.31333333333333335 0.5375 0.315 0.5431250000000001 0.32083333333333336 0.54625
0 0.29609375 0.51796875 0.00078125 0.003125
0 0.2975 0.510625 0.29583333333333334 0.50875 0.29416666666666663 0.5118750000000001 0.2966666666666667 0.5118750000000001 0.2966666666666667 0.514375 0.3025 0.514375 0.3025 0.5206250000000001 0.30083333333333334 0.52625 0.29333333333333333 0.5225000000000001 0.2925 0.52625 0.3 0.5275000000000001 0.3 0.53125 0.2925 0.53125 0.29333333333333333 0.5325 0.30333333333333334 0.53125 0.31083333333333335 0.535 0.3158333333333333 0.5318750000000001 0.32916666666666666 0.530625 0.35416666666666663 0.53125 0.35833333333333334 0.5337500000000001 0.3616666666666667 0.5425000000000001 0.37083333333333335 0.545625 0.37666666666666665 0.545 0.38166666666666665 0.539375 0.38249999999999995 0.535625 0.37916666666666665 0.5325 0.39 0.5275000000000001 0.40166666666666667 0.53 0.4066666666666666 0.5381250000000001 0.4116666666666666 0.54125 0.4175 0.541875 0.42416666666666664 0.539375 0.43166666666666664 0.5275000000000001 0.445 0.52625 0.4525 0.5362500000000001 0.45999999999999996 0.54 0.47000000000000003 0.536875 0.4758333333333333 0.52875 0.48583333333333334 0.525 0.4958333333333333 0.53125 0.49916666666666665 0.536875 0.5116666666666666 0.536875 0.5208333333333333 0.525 0.5291666666666667 0.52125 0.54 0.5225000000000001 0.545 0.525625 0.5416666666666667 0.53 0.5433333333333333 0.5362500000000001 0.5541666666666667 0.536875 0.5575 0.535625 0.5641666666666667 0.5231250000000001 0.5675 0.52125 0.5741666666666666 0.521875 0.5808333333333333 0.516875 0.5775 0.50625 0.5716666666666667 0.499375 0.5708333333333333 0.490625 0.5599999999999999 0.48562500000000003 0.5491666666666666 0.48500000000000004 0.53 0.48687500000000006 0.49416666666666664 0.48500000000000004 0.465 0.48875 0.4341666666666667 0.48687500000000006 0.41833333333333333 0.49000000000000005 0.38666666666666666 0.4912500000000001 0.3575 0.48812500000000003 0.3441666666666666 0.49312500000000004 0.31 0.4956250000000001 0.2991666666666667 0.49812500000000004 0.29500000000000004 0.50125 0.30083333333333334 0.50875 0.2975 0.510625
0 0.2808333333333333 0.23875000000000002 0.29 0.241875 0.29333333333333333 0.24125000000000002 0.29333333333333333 0.23562500000000003 0.3 0.23625000000000002 0.30083333333333334 0.241875 0.31 0.255 0.32083333333333336 0.261875 0.3283333333333333 0.25875000000000004 0.3358333333333333 0.244375 0.33666666666666667 0.2375 0.3416666666666667 0.23312500000000003 0.345 0.23312500000000003 0.35416666666666663 0.24000000000000005 0.3616666666666667 0.25 0.36583333333333334 0.2625 0.37583333333333335 0.265 0.38 0.263125 0.3783333333333333 0.25625 0.3683333333333333 0.25125000000000003 0.3683333333333333 0.248125 0.3775 0.244375 0.3675 0.2375 0.3683333333333333 0.22687500000000002 0.36583333333333334 0.225 0.36083333333333334 0.22625 0.3525 0.224375 0.36083333333333334 0.21875 0.37083333333333335 0.21812499999999999 0.38666666666666666 0.22125 0.39166666666666666 0.22687500000000002 0.3933333333333333 0.23374999999999999 0.4083333333333333 0.23625000000000002 0.4216666666666667 0.263125 0.4291666666666667 0.26687500000000003 0.43583333333333335 0.264375 0.44333333333333336 0.25 0.44416666666666665 0.240625 0.44833333333333336 0.2375 0.45999999999999996 0.23875000000000002 0.46416666666666667 0.241875 0.47333333333333333 0.25250000000000006 0.4766666666666667 0.261875 0.48083333333333333 0.26375000000000004 0.48250000000000004 0.26125000000000004 0.4875 0.26125000000000004 0.505 0.234375 0.5133333333333333 0.238125 0.5291666666666667 0.253125 0.5291666666666667 0.25812500000000005 0.5341666666666667 0.263125 0.5433333333333333 0.25812500000000005 0.55 0.24312500000000004 0.5425 0.236875 0.54 0.23000000000000004 0.5349999999999999 0.22937500000000002 0.5333333333333333 0.22687500000000002 0.5358333333333334 0.225 0.5425 0.22625 0.5491666666666666 0.23000000000000004 0.55 0.234375 0.5533333333333333 0.230625 0.5458333333333333 0.22062500000000002 0.5441666666666667 0.205625 0.5233333333333333 0.20125 0.5091666666666667 0.200625 0.49000000000000005 0.20375000000000001 0.4691666666666666 0.2 0.43083333333333335 0.2 0.42000000000000004 0.196875 0.41 0.196875 0.39249999999999996 0.200625 0.38 0.200625 0.3625 0.1975 0.34833333333333333 0.203125 0.33333333333333337 0.20375000000000001 0.3283333333333333 0.19937500000000002 0.3158333333333333 0.19937500000000002 0.28833333333333333 0.20625 0.2891666666666667 0.22125 0.2808333333333333 0.23875000000000002
0 0.4083333333333333 0.47437500000000005 0.4166666666666667 0.47437500000000005 0.4216666666666667 0.47000000000000003 0.4208333333333333 0.465625 0.41500000000000004 0.460625 0.4041666666666667 0.465 0.4033333333333333 0.47062499999999996 0.4083333333333333 0.47437500000000005
0 0.5466666666666666 0.46749999999999997 0.5483333333333333 0.47062499999999996 0.5516666666666666 0.46749999999999997 0.5549999999999999 0.47062499999999996 0.5583333333333333 0.46687500000000004 0.5533333333333333 0.4600000000000001 0.5533333333333333 0.46687500000000004 0.5466666666666666 0.46749999999999997
0 0.2866666666666667 0.440625 0.28250000000000003 0.440208125 0.2816666666666666 0.44750000000000006 0.2816666666666666 0.45499999999999996 0.2866666666666667 0.45875000000000005 0.32416666666666666 0.45499999999999996 0.3875 0.45499999999999996 0.39416666666666667 0.45687500000000003 0.4083333333333333 0.45375000000000004 0.41500000000000004 0.45687500000000003 0.41833333333333333 0.45499999999999996 0.4425 0.45375000000000004 0.4491666666666666 0.4575 0.4541666666666667 0.47000000000000003 0.45916666666666667 0.471875 0.4658333333333333 0.47000000000000003 0.46333333333333326 0.46687500000000004 0.47000000000000003 0.46375 0.47333333333333333 0.4575 0.48250000000000004 0.45375000000000004 0.4883333333333333 0.45437500000000003 0.5008333333333332 0.47125000000000006 0.5083333333333333 0.471875 0.5125 0.47062499999999996 0.5166666666666667 0.46375 0.5141666666666667 0.4575 0.5075000000000001 0.45625 0.5116666666666666 0.45187499999999997 0.5775 0.45187499999999997 0.585 0.449375 0.5858333333333333 0.44625000000000004 0.5841666666666667 0.44000000000000006 0.5716666666666667 0.421875 0.5708333333333333 0.41625000000000006 0.5633333333333332 0.41187500000000005 0.5383333333333333 0.410625 0.525 0.4125 0.5108333333333334 0.41000000000000003 0.49000000000000005 0.41187500000000005 0.475 0.41000000000000003 0.47000000000000003 0.40750000000000003 0.4583333333333333 0.41125 0.43916666666666665 0.410625 0.41833333333333333 0.4131250000000001 0.39666666666666667 0.41125 0.3783333333333333 0.41375 0.3525 0.4125 0.3416666666666667 0.414375 0.3383333333333333 0.416875 0.2991666666666667 0.41625000000000006 0.29416666666666663 0.41875 0.29416666666666663 0.43937499999999996 0.28833333333333333 0.441875 0.2866666666666667 0.43125 0.28250000000000003 0.436875 0.2866666666666667 0.43624999999999997 0.2866666666666667 0.440625
0 0.32666666666666666 0.7993750000000001 0.33249999999999996 0.8625 0.35833333333333334 0.8625 0.365 0.85625 0.36916666666666664 0.85875 0.37333333333333335 0.85375 0.38249999999999995 0.8543750000000001 0.38333333333333336 0.85875 0.38416666666666666 0.8568749999999999 0.38916666666666666 0.85875 0.3933333333333333 0.85625 0.39583333333333337 0.85875 0.40499999999999997 0.85875 0.40750000000000003 0.85625 0.4175 0.8556250000000001 0.4216666666666667 0.8525 0.42277750000000003 0.8556250000000001 0.4333333333333333 0.8556250000000001 0.4416666666666667 0.851875 0.4491666666666666 0.851875 0.45499999999999996 0.8474999999999999 0.4583333333333333 0.8487500000000001 0.45916666666666667 0.851875 0.47333333333333333 0.851875 0.4741666666666666 0.85 0.4883333333333333 0.8487500000000001 0.4916666666666667 0.8456250000000001 0.5041666666666667 0.8487500000000001 0.5208333333333333 0.8487500000000001 0.5316666666666666 0.8450000000000001 0.5566666666666666 0.8450000000000001 0.5566666666666666 0.83125 0.5608333333333333 0.8225 0.5591666666666667 0.803125 0.5633333333333332 0.796875 0.5608333333333333 0.7862500000000001 0.5641666666666667 0.77875 0.5633333333333332 0.755625 0.5325 0.758125 0.5166666666666667 0.7568750000000001 0.4958333333333333 0.7612500000000001 0.4691666666666666 0.760625 0.4616666666666666 0.763125 0.4333333333333333 0.763125 0.4225 0.765625 0.4091666666666667 0.764375 0.38666666666666666 0.7681250000000001 0.37 0.7681250000000001 0.3591666666666667 0.771875 0.33916666666666667 0.77375 0.3283333333333333 0.7681250000000001 0.32416666666666666 0.7681250000000001 0.32416666666666666 0.795625 0.32666666666666666 0.7993750000000001
0 0.3275 0.75375 0.32916666666666666 0.75125 0.32416666666666666 0.7506250000000001 0.32333333333333336 0.753125 0.3275 0.75375
0 0.30333333333333334 0.5700000000000001 0.3258333333333333 0.5700000000000001 0.3441666666666666 0.561875 0.3575 0.56 0.4033333333333333 0.5575 0.4225 0.5587500000000001 0.44416666666666665 0.5543750000000001 0.46333333333333326 0.5575 0.47833333333333333 0.5537500000000001 0.5175 0.555625 0.5575 0.5537500000000001 0.5633333333333332 0.55625 0.5741666666666666 0.556875 0.5783333333333334 0.555 0.58 0.55125 0.5741666666666666 0.525 0.5716666666666667 0.5231250000000001 0.5658333333333333 0.52375 0.5616666666666666 0.53 0.5516666666666666 0.5375 0.5416666666666667 0.535 0.5391666666666667 0.5231250000000001 0.5308333333333334 0.5225000000000001 0.5233333333333333 0.524375 0.5191666666666667 0.53 0.5083333333333333 0.5375 0.5008333333333332 0.5375 0.48666666666666664 0.52625 0.48083333333333333 0.525625 0.4666666666666667 0.5381250000000001 0.45999999999999996 0.54 0.4533333333333333 0.536875 0.4458333333333333 0.525625 0.4325 0.5275000000000001 0.4225 0.54 0.41833333333333333 0.541875 0.4116666666666666 0.54125 0.40166666666666667 0.53 0.39166666666666666 0.529375 0.38583333333333336 0.53125 0.37416666666666665 0.545 0.365 0.544375 0.3575 0.536875 0.35666666666666663 0.5318750000000001 0.3408333333333333 0.5325 0.335 0.535625 0.335 0.5318750000000001 0.3258333333333333 0.5325 0.32083333333333336 0.535 0.32 0.544375 0.31166666666666665 0.54 0.3075 0.534375 0.2975 0.535 0.2966666666666667 0.565625 0.30333333333333334 0.5700000000000001
0 0.29333333333333333 0.53 0.2966666666666667 0.53 0.3 0.528125 0.30333333333333334 0.5206250000000001 0.305 0.509375 0.29833333333333334 0.50125 0.29583333333333334 0.5018750000000001 0.29333333333333333 0.5112500000000001 0.2925 0.52625 0.29333333333333333 0.53
0 0.5458333333333333 0.7518750000000001 0.5533333333333333 0.75125 0.5491666666666666 0.748125 0.5433333333333333 0.748125 0.5458333333333333 0.7518750000000001
0 0.46953125 0.74921875 0.00078125 0.0046875
0 0.36666666666666664 0.75 0.36972222222222223 0.7477083333333333 0.36416666666666664 0.7506250000000001 0.3591666666666667 0.748125 0.35083333333333333 0.749375 0.3516666666666667 0.7550000000000001 0.3575 0.760625 0.36333333333333334 0.760625 0.37333333333333335 0.754375 0.36666666666666664 0.75
0 0.32083333333333336 0.723125 0.32083333333333336 0.7325 0.32333333333333336 0.73375 0.32083333333333336 0.73875 0.3275 0.7362500000000001 0.33416666666666667 0.7412500000000001 0.3383333333333333 0.74 0.35416666666666663 0.7418750000000001 0.3591666666666667 0.74 0.37583333333333335 0.7412500000000001 0.38 0.73875 0.39166666666666666 0.73875 0.3908333333333333 0.748125 0.4025 0.758125 0.4116666666666666 0.755625 0.42333333333333334 0.7412500000000001 0.4291666666666667 0.744375 0.42666666666666664 0.7475 0.42833333333333334 0.75 0.43666666666666665 0.75 0.44749999999999995 0.754375 0.4541666666666667 0.75125 0.4666666666666667 0.7362500000000001 0.4708333333333333 0.73875 0.4716666666666667 0.74375 0.4791666666666667 0.7506250000000001 0.5016666666666667 0.75375 0.5158333333333334 0.7518750000000001 0.5183333333333333 0.75 0.5316666666666666 0.749375 0.5383333333333333 0.735625 0.5383333333333333 0.731875 0.5358333333333334 0.7306250000000001 0.5383333333333333 0.72875 0.5599999999999999 0.7300000000000001 0.5625 0.7275 0.5650000000000001 0.7193750000000001 0.5616666666666666 0.70625 0.5708333333333333 0.6993750000000001 0.5633333333333332 0.67625 0.5525 0.6775 0.5291666666666667 0.6737500000000001 0.5183333333333333 0.6743750000000001 0.5116666666666666 0.6768750000000001 0.4958333333333333 0.67625 0.4766666666666667 0.6725000000000001 0.47000000000000003 0.6737500000000001 0.4691666666666666 0.675625 0.4383333333333333 0.675625 0.43166666666666664 0.68 0.4091666666666667 0.68 0.39499999999999996 0.6837500000000001 0.3725 0.6837500000000001 0.3675 0.68625 0.355 0.6837500000000001 0.345 0.6875 0.32666666666666666 0.6881250000000001 0.31416666666666665 0.6950000000000001 0.31416666666666665 0.71625 0.32083333333333336 0.723125
0 0.3308333333333333 0.6675000000000001 0.3416666666666667 0.66625 0.3433333333333333 0.6612500000000001 0.33333333333333337 0.660625 0.32999999999999996 0.6612500000000001 0.3308333333333333 0.6675000000000001
0 0.3725 0.6681250000000001 0.3716666666666667 0.673125 0.37666666666666665 0.6768750000000001 0.3775 0.665625 0.38333333333333336 0.660625 0.3783333333333333 0.6575 0.3683333333333333 0.659375 0.36666666666666664 0.6612500000000001 0.3725 0.6681250000000001
0 0.41 0.6612500000000001 0.41583333333333333 0.6625 0.41500000000000004 0.665625 0.41833333333333333 0.665 0.4166666666666667 0.660625 0.4291666666666667 0.660625 0.4325 0.6575 0.4258333333333333 0.65375 0.4225 0.655625 0.4133333333333333 0.655625 0.41 0.6575 0.41 0.6612500000000001
0 0.5116666666666666 0.65625 0.5141666666666667 0.650625 0.5041666666666667 0.650625 0.5033333333333333 0.65375 0.5116666666666666 0.65625
0 0.5491666666666666 0.654375 0.5549999999999999 0.650625 0.55 0.6475000000000001 0.5441666666666667 0.64875 0.5416666666666667 0.65125 0.5491666666666666 0.654375
0 0.43583333333333335 0.64375 0.4408333333333333 0.64375 0.43583333333333335 0.640625 0.43583333333333335 0.64375
0 0.47333333333333333 0.64 0.47000000000000003 0.640625 0.47000000000000003 0.6456250000000001 0.47333333333333333 0.64
0 0.49833333333333335 0.623125 0.49083333333333334 0.6225 0.49416666666666664 0.62625 0.49833333333333335 0.623125
0 0.43 0.634375 0.42833333333333334 0.6368750000000001 0.4508333333333333 0.6368750000000001 0.45 0.640625 0.44333333333333336 0.64375 0.4458333333333333 0.6431250000000001 0.45166666666666666 0.6481250000000001 0.44833333333333336 0.6625 0.4525 0.6625 0.4583333333333333 0.66875 0.4625 0.66875 0.4666666666666667 0.665 0.47000000000000003 0.665625 0.4741666666666666 0.661875 0.475 0.654375 0.4708333333333333 0.64875 0.4625 0.64625 0.4575 0.639375 0.4583333333333333 0.634375 0.4741666666666666 0.63375 0.4708333333333333 0.63375 0.4741666666666666 0.630625 0.4683333333333334 0.6268750000000001 0.4741666666666666 0.621875 0.4691666666666666 0.625 0.4608333333333333 0.6212500000000001 0.4458333333333333 0.6212500000000001 0.425 0.625 0.42333333333333334 0.6300000000000001 0.43 0.634375
0 0.5141666666666667 0.630625 0.5191666666666667 0.623125 0.5383333333333333 0.623125 0.5308333333333334 0.6225 0.5291666666666667 0.62 0.525 0.6225 0.5208333333333333 0.619375 0.515 0.6225 0.5166666666666667 0.62375 0.5141666666666667 0.630625
0 0.4291666666666667 0.75875 0.42333333333333334 0.758125 0.42416666666666664 0.76 0.4291666666666667 0.75875
0 0.3484375 0.709375 0.00078125 0.00078125
0 0.43499999999999994 0.7 0.43658730158730163 0.6982142857142858 0.43499999999999994 0.6975 0.43499999999999994 0.7
0 0.31916666666666665 0.7237500000000001 0.31916666666666665 0.744375 0.3225 0.7462500000000001 0.335 0.7462500000000001 0.3408333333333333 0.75 0.34833333333333333 0.75125 0.35333333333333333 0.75875 0.3525 0.763125 0.345 0.758125 0.3458333333333333 0.763125 0.3416666666666667 0.7625 0.3383333333333333 0.764375 0.3416666666666667 0.76875 0.3441666666666666 0.765625 0.355 0.7662500000000001 0.35833333333333334 0.7618750000000001 0.3625 0.7625 0.3675 0.759375 0.3808333333333333 0.75875 0.38333333333333336 0.760625 0.38666666666666666 0.7506250000000001 0.39 0.74875 0.4 0.76 0.42000000000000004 0.759375 0.41916666666666663 0.753125 0.42416666666666664 0.7506250000000001 0.42750000000000005 0.7525000000000001 0.43583333333333335 0.7518750000000001 0.4416666666666667 0.7568750000000001 0.4491666666666666 0.755625 0.45499999999999996 0.75125 0.45999999999999996 0.755625 0.47000000000000003 0.7575000000000001 0.4741666666666666 0.75625 0.4758333333333333 0.758125 0.4791666666666667 0.758125 0.4766666666666667 0.7550000000000001 0.4791666666666667 0.753125 0.49083333333333334 0.753125 0.495 0.755625 0.53 0.7506250000000001 0.5349999999999999 0.7550000000000001 0.5391666666666667 0.753125 0.55 0.75375 0.5566666666666666 0.75125 0.5425 0.744375 0.5391666666666667 0.7368750000000001 0.5425 0.7350000000000001 0.5516666666666666 0.7350000000000001 0.5625 0.73125 0.5666666666666667 0.7275 0.5650000000000001 0.7056250000000001 0.5708333333333333 0.7 0.5658333333333333 0.685625 0.5608333333333333 0.681875 0.5483333333333333 0.681875 0.5433333333333333 0.6837500000000001 0.5325 0.698125 0.5208333333333333 0.695625 0.5116666666666666 0.684375 0.5075000000000001 0.68875 0.5116666666666666 0.7 0.5066666666666666 0.7025 0.5033333333333333 0.7025 0.4966666666666667 0.6950000000000001 0.49083333333333334 0.6987500000000001 0.48583333333333334 0.6987500000000001 0.4683333333333334 0.685 0.45916666666666667 0.6875 0.4616666666666666 0.68875 0.45916666666666667 0.690625 0.4608333333333333 0.6943750000000001 0.4508333333333333 0.6993750000000001 0.4491666666666666 0.7037500000000001 0.43583333333333335 0.70875 0.42833333333333334 0.706875 0.42416666666666664 0.70875 0.42416666666666664 0.70625 0.4125 0.7037500000000001 0.4041666666666667 0.70875 0.39 0.7037500000000001 0.38333333333333336 0.7100000000000001 0.38416666666666666 0.71375 0.3783333333333333 0.71375 0.37666666666666665 0.711875 0.37416666666666665 0.71375 0.35416666666666663 0.711875 0.3516666666666667 0.7143750000000001 0.3416666666666667 0.715625 0.3358333333333333 0.713125 0.3358333333333333 0.7106250000000001 0.3433333333333333 0.7037500000000001 0.34249999999999997 0.6987500000000001 0.325 0.69375 0.31416666666666665 0.695625 0.31416666666666665 0.7175 0.31916666666666665 0.7237500000000001
0 0.31333333333333335 0.664375 0.3275 0.6637500000000001 0.3308333333333333 0.66875 0.335 0.66875 0.3383333333333333 0.664375 0.3416666666666667 0.665 0.3516666666666667 0.66 0.35833333333333334 0.659375 0.37666666666666665 0.665 0.38 0.6625 0.38666666666666666 0.6625 0.3883333333333333 0.6581250000000001 0.39166666666666666 0.6568750000000001 0.4083333333333333 0.6587500000000001 0.4141666666666667 0.6631250000000001 0.4208333333333333 0.6637500000000001 0.43166666666666664 0.6625 0.43499999999999994 0.6568750000000001 0.44333333333333336 0.65625 0.44749999999999995 0.6568750000000001 0.45 0.6612500000000001 0.45499999999999996 0.6631250000000001 0.46749999999999997 0.661875 0.4741666666666666 0.6637500000000001 0.47833333333333333 0.6568750000000001 0.48916666666666664 0.6568750000000001 0.49833333333333335 0.66 0.5133333333333333 0.6575 0.5233333333333333 0.6525000000000001 0.5325 0.65625 0.5425 0.6575 0.5549999999999999 0.654375 0.5616666666666666 0.64875 0.5691666666666666 0.6481250000000001 0.5733333333333334 0.640625 0.5658333333333333 0.619375 0.5733333333333334 0.615625 0.5741666666666666 0.6112500000000001 0.5675 0.6100000000000001 0.5591666666666667 0.6168750000000001 0.5466666666666666 0.619375 0.5025000000000001 0.6168750000000001 0.4625 0.619375 0.4608333333333333 0.62625 0.4525 0.6368750000000001 0.4491666666666666 0.634375 0.45 0.6300000000000001 0.44666666666666666 0.63375 0.44333333333333336 0.63375 0.4408333333333333 0.6300000000000001 0.4375 0.629375 0.43083333333333335 0.6318750000000001 0.425 0.6275000000000001 0.41 0.621875 0.38666666666666666 0.62625 0.37083333333333335 0.62625 0.35 0.629375 0.335 0.629375 0.325 0.6325000000000001 0.3075 0.633125 0.3075 0.659375 0.31333333333333335 0.664375
0 0.3175 0.72 0.32666666666666666 0.718125 0.33416666666666667 0.72 0.3625 0.7175 0.3775 0.718125 0.4033333333333333 0.7100000000000001 0.4216666666666667 0.713125 0.4958333333333333 0.70625 0.505 0.7081250000000001 0.5166666666666667 0.704375 0.545 0.7075 0.5566666666666666 0.70125 0.5650000000000001 0.701875 0.5708333333333333 0.6993750000000001 0.5633333333333332 0.6793750000000001 0.5466666666666666 0.6793750000000001 0.5391666666666667 0.67625 0.5291666666666667 0.675625 0.5133333333333333 0.678125 0.49833333333333335 0.678125 0.4916666666666667 0.67625 0.4491666666666666 0.6768750000000001 0.42000000000000004 0.681875 0.4083333333333333 0.68125 0.3933333333333333 0.685 0.37916666666666665 0.685625 0.37666666666666665 0.6875 0.3591666666666667 0.68625 0.345 0.6893750000000001 0.33333333333333337 0.6893750000000001 0.32166666666666666 0.691875 0.315 0.695625 0.31416666666666665 0.70875 0.3175 0.72
0 0.32083333333333336 0.7706250000000001 0.32416666666666666 0.7731250000000001 0.3516666666666667 0.7725000000000001 0.36583333333333334 0.765 0.3908333333333333 0.77 0.4066666666666666 0.765625 0.43166666666666664 0.7681250000000001 0.43499999999999994 0.765625 0.45583333333333337 0.7618750000000001 0.4683333333333334 0.763125 0.47333333333333333 0.7612500000000001 0.5116666666666666 0.7612500000000001 0.52 0.7568750000000001 0.5325 0.76 0.5433333333333333 0.76 0.5633333333333332 0.75625 0.5675 0.7525000000000001 0.5641666666666667 0.735625 0.5666666666666667 0.721875 0.5633333333333332 0.704375 0.5541666666666667 0.7050000000000001 0.5475 0.709375 0.5291666666666667 0.706875 0.5116666666666666 0.7075 0.505 0.7125 0.49749999999999994 0.711875 0.49416666666666664 0.709375 0.47333333333333333 0.709375 0.46333333333333326 0.71375 0.45583333333333337 0.71125 0.4458333333333333 0.713125 0.43499999999999994 0.7125 0.42416666666666664 0.71875 0.41833333333333333 0.71875 0.41500000000000004 0.7143750000000001 0.4033333333333333 0.71375 0.3883333333333333 0.716875 0.38916666666666666 0.7206250000000001 0.38416666666666666 0.7225 0.3716666666666667 0.7193750000000001 0.3416666666666667 0.7206250000000001 0.3383333333333333 0.723125 0.33166666666666667 0.72 0.32416666666666666 0.72 0.3183333333333333 0.7237500000000001 0.32 0.76375 0.32083333333333336 0.7706250000000001
0 0.4458333333333333 0.681875 0.4333333333333333 0.681875 0.43499999999999994 0.685 0.4458333333333333 0.681875
0 0.3358333333333333 0.7375 0.3408333333333333 0.7375 0.34750000000000003 0.7412500000000001 0.35083333333333333 0.7393750000000001 0.35333333333333333 0.740625 0.34833333333333333 0.7462500000000001 0.33999999999999997 0.746875 0.3408333333333333 0.76375 0.34833333333333333 0.7681250000000001 0.355 0.766875 0.35833333333333334 0.7625 0.36416666666666664 0.7618750000000001 0.36583333333333334 0.7575000000000001 0.3725 0.75875 0.375 0.75625 0.37666666666666665 0.75875 0.38 0.758125 0.38416666666666666 0.755625 0.38416666666666666 0.7518750000000001 0.39 0.7518750000000001 0.39666666666666667 0.760625 0.42416666666666664 0.76 0.4333333333333333 0.7618750000000001 0.4525 0.7568750000000001 0.45499999999999996 0.753125 0.4583333333333333 0.754375 0.45916666666666667 0.7575000000000001 0.48916666666666664 0.75875 0.5183333333333333 0.7525000000000001 0.5483333333333333 0.7550000000000001 0.5608333333333333 0.75125 0.5616666666666666 0.7456250000000001 0.5583333333333333 0.7375 0.5558333333333334 0.733125 0.5508333333333333 0.7306250000000001 0.5516666666666666 0.726875 0.5625 0.72 0.5583333333333333 0.7125 0.5633333333333332 0.71125 0.5625 0.70625 0.5700000000000001 0.6993750000000001 0.5650000000000001 0.685 0.5608333333333333 0.6825 0.5433333333333333 0.681875 0.5416666666666667 0.68625 0.5316666666666666 0.695625 0.5233333333333333 0.69625 0.5166666666666667 0.6925000000000001 0.5116666666666666 0.681875 0.505 0.684375 0.49416666666666664 0.68125 0.5 0.6837500000000001 0.5008333333333332 0.68625 0.49333333333333335 0.69625 0.48666666666666664 0.6987500000000001 0.4758333333333333 0.693125 0.47000000000000003 0.681875 0.45916666666666667 0.6875 0.4583333333333333 0.6925000000000001 0.45 0.6993750000000001 0.4491666666666666 0.7037500000000001 0.43583333333333335 0.7075 0.43 0.7050000000000001 0.43083333333333335 0.700625 0.43583333333333335 0.701875 0.43916666666666665 0.6987500000000001 0.425 0.6893750000000001 0.4216666666666667 0.6893750000000001 0.4166666666666667 0.695625 0.41833333333333333 0.698125 0.4141666666666667 0.698125 0.4133333333333333 0.701875 0.40750000000000003 0.70625 0.41 0.7100000000000001 0.4066666666666666 0.711875 0.4 0.711875 0.3983333333333333 0.70625 0.39 0.703125 0.38666666666666666 0.7075 0.38333333333333336 0.706875 0.3808333333333333 0.709375 0.37 0.7081250000000001 0.36071428571428565 0.6925892857142857 0.3591666666666667 0.69375 0.35333333333333333 0.6943750000000001 0.3525 0.69125 0.3491666666666667 0.691875 0.3466666666666667 0.69625 0.315 0.69625 0.31416666666666665 0.711875 0.32 0.7262500000000001 0.32083333333333336 0.738125 0.3275 0.7418750000000001 0.3358333333333333 0.7375
0 0.52578125 0.67890625 0.00234375 0.00078125
0 0.4841666666666667 0.680625 0.49083333333333334 0.6787500000000001 0.47833333333333333 0.6793750000000001 0.4841666666666667 0.680625
0 0.49833333333333335 0.38625000000000004 0.49833333333333335 0.39375 0.5016666666666667 0.39625000000000005 0.5125 0.395 0.5158333333333334 0.39125 0.5166666666666667 0.3875 0.5133333333333333 0.386875 0.515 0.38375000000000004 0.505 0.388125 0.49833333333333335 0.38625000000000004
0 0.40083333333333326 0.398125 0.4175 0.396875 0.41833333333333333 0.39125 0.4141666666666667 0.39125 0.41 0.388125 0.4083333333333333 0.38312500000000005 0.39416666666666667 0.384375 0.3933333333333333 0.386875 0.40083333333333326 0.398125
0 0.50859375 0.38046875 0.0015625 0.00078125
0 0.44833333333333336 0.39437500000000003 0.4541666666666667 0.398125 0.46416666666666667 0.3975 0.4716666666666667 0.389375 0.4708333333333333 0.38 0.4508333333333333 0.379375 0.4458333333333333 0.38312500000000005 0.44833333333333336 0.39437500000000003
0 0.5483333333333333 0.39375 0.5525 0.3975 0.5583333333333333 0.396875 0.5641666666666667 0.39125 0.5658333333333333 0.38 0.5558333333333334 0.379375 0.5533333333333333 0.37750000000000006 0.5458333333333333 0.38 0.545 0.385625 0.5483333333333333 0.39375
0 0.2758333333333333 0.37750000000000006 0.29333333333333333 0.376875 0.3091666666666667 0.37375 0.3283333333333333 0.375 0.355 0.371875 0.37333333333333335 0.37312500000000004 0.38249999999999995 0.37 0.40166666666666667 0.37375 0.4225 0.37375 0.425 0.375625 0.42750000000000005 0.37312500000000004 0.4375 0.371875 0.4583333333333333 0.371875 0.4716666666666667 0.375 0.4791666666666667 0.37312500000000004 0.49083333333333334 0.374375 0.5075000000000001 0.369375 0.5225 0.37312500000000004 0.5341666666666667 0.37125 0.5533333333333333 0.37312500000000004 0.5816666666666667 0.3725 0.5908333333333333 0.37 0.5925 0.36625 0.5908333333333333 0.36125 0.5708333333333333 0.33875 0.5691666666666666 0.328125 0.5633333333333332 0.3275 0.5608333333333333 0.32937500000000003 0.5566666666666666 0.326875 0.5325 0.326875 0.5225 0.324375 0.465 0.324375 0.4583333333333333 0.326875 0.4458333333333333 0.324375 0.4166666666666667 0.326875 0.41083333333333333 0.32625000000000004 0.4033333333333333 0.321875 0.39499999999999996 0.32625000000000004 0.3725 0.324375 0.345 0.325 0.3358333333333333 0.32937500000000003 0.2991666666666667 0.33062500000000006 0.29 0.33687500000000004 0.28250000000000003 0.33625000000000005 0.2816666666666666 0.34187500000000004 0.27416666666666667 0.350625 0.27166666666666667 0.358125 0.27 0.37375 0.2758333333333333 0.37750000000000006
0 0.2791666666666667 0.38312500000000005 0.27999999999999997 0.41625000000000006 0.2925 0.4125 0.31083333333333335 0.41500000000000004 0.3183333333333333 0.41187500000000005 0.3283333333333333 0.4125 0.33416666666666667 0.409375 0.35666666666666663 0.41125 0.3625 0.40812499999999996 0.38166666666666665 0.410625 0.39666666666666667 0.40875000000000006 0.41583333333333333 0.41187500000000005 0.42750000000000005 0.409375 0.4525 0.41000000000000003 0.4625 0.40812499999999996 0.55 0.40812499999999996 0.5558333333333334 0.410625 0.5808333333333333 0.41125 0.5866666666666667 0.40750000000000003 0.5808333333333333 0.37625000000000003 0.5916666666666667 0.37 0.5916666666666667 0.3625 0.5708333333333333 0.34 0.5575 0.34 0.5508333333333333 0.33062500000000006 0.545 0.3275 0.5258333333333333 0.3275 0.515 0.33 0.5108333333333334 0.33125 0.5116666666666666 0.335 0.5091666666666667 0.33625000000000005 0.5041666666666667 0.335 0.5025000000000001 0.33062500000000006 0.4875 0.326875 0.4691666666666666 0.326875 0.45999999999999996 0.33062500000000006 0.4491666666666666 0.326875 0.425 0.326875 0.4141666666666667 0.32937500000000003 0.39416666666666667 0.326875 0.3725 0.3275 0.3625 0.33125 0.35583333333333333 0.328125 0.3458333333333333 0.33 0.3416666666666667 0.333125 0.3358333333333333 0.33062500000000006 0.3183333333333333 0.33062500000000006 0.30833333333333335 0.335 0.3075 0.340625 0.30333333333333334 0.34375 0.29333333333333333 0.34375 0.28583333333333333 0.33875 0.2833333333333333 0.33937500000000004 0.275 0.34937500000000005 0.27166666666666667 0.35875 0.26916666666666667 0.374375 0.2791666666666667 0.38312500000000005
0 0.40166666666666667 0.654375 0.4 0.653125 0.3983333333333333 0.654375 0.40166666666666667 0.654375
0 0.4708333333333333 0.6268750000000001 0.4658333333333333 0.6256250000000001 0.46416666666666667 0.62625 0.4708333333333333 0.6268750000000001
0 0.47833333333333333 0.64 0.4833333333333333 0.641875 0.49000000000000005 0.640625 0.49416666666666664 0.6368750000000001 0.4883333333333333 0.633125 0.48916666666666664 0.62625 0.48250000000000004 0.624375 0.475 0.6268750000000001 0.47333333333333333 0.6300000000000001 0.47833333333333333 0.64
0 0.5083333333333333 0.5581250000000001 0.5083333333333333 0.555625 0.505 0.556875 0.5083333333333333 0.5581250000000001
0 0.4 0.546875 0.3975 0.545 0.39416666666666667 0.545625 0.39166666666666666 0.546875 0.4 0.546875
0 0.3275 0.546875 0.33249999999999996 0.5525 0.3308333333333333 0.5543750000000001 0.3383333333333333 0.553125 0.3383333333333333 0.55625 0.3358333333333333 0.56125 0.33416666666666667 0.5625 0.33166666666666667 0.56 0.32083333333333336 0.570625 0.30666666666666664 0.5700000000000001 0.30333333333333334 0.571875 0.3 0.5956250000000001 0.305 0.603125 0.30416666666666664 0.628125 0.3075 0.6325000000000001 0.32166666666666666 0.6318750000000001 0.3283333333333333 0.63375 0.3308333333333333 0.6375 0.33916666666666667 0.6375 0.33999999999999997 0.64375 0.34833333333333333 0.65125 0.35833333333333334 0.650625 0.3725 0.634375 0.3775 0.634375 0.3808333333333333 0.6368750000000001 0.38 0.64375 0.38666666666666666 0.6431250000000001 0.39666666666666667 0.64875 0.40750000000000003 0.646875 0.4091666666666667 0.64 0.4175 0.62875 0.4258333333333333 0.6325000000000001 0.4383333333333333 0.6475000000000001 0.4491666666666666 0.64875 0.4533333333333333 0.639375 0.45166666666666666 0.633125 0.45499999999999996 0.63125 0.45666666666666667 0.6225 0.45999999999999996 0.619375 0.47750000000000004 0.6206250000000001 0.48916666666666664 0.61875 0.5 0.6225 0.5041666666666667 0.62625 0.5091666666666667 0.624375 0.515 0.62875 0.5191666666666667 0.6375 0.5266666666666666 0.640625 0.5316666666666666 0.639375 0.5408333333333333 0.6300000000000001 0.5408333333333333 0.6256250000000001 0.5375 0.623125 0.5391666666666667 0.621875 0.5525 0.6168750000000001 0.5708333333333333 0.6162500000000001 0.5741666666666666 0.6143750000000001 0.5716666666666667 0.590625 0.5775 0.584375 0.5775 0.58125 0.5691666666666666 0.5643750000000001 0.5575 0.5575 0.5566666666666666 0.5525 0.5466666666666666 0.553125 0.5441666666666667 0.555 0.5283333333333333 0.555 0.5216666666666667 0.553125 0.5183333333333333 0.5543750000000001 0.5125 0.565625 0.5025000000000001 0.565625 0.49833333333333335 0.5575 0.49333333333333335 0.555 0.4741666666666666 0.5525 0.4658333333333333 0.555625 0.45916666666666667 0.555625 0.4525 0.5525 0.4141666666666667 0.5581250000000001 0.4058333333333334 0.541875 0.40750000000000003 0.539375 0.40499999999999997 0.535 0.40750000000000003 0.5318750000000001 0.4141666666666667 0.5318750000000001 0.4133333333333333 0.5362500000000001 0.4166666666666667 0.54125 0.42333333333333334 0.54 0.42750000000000005 0.5362500000000001 0.42750000000000005 0.529375 0.4225 0.5268750000000001 0.4141666666666667 0.528125 0.4025 0.52625 0.3883333333333333 0.53125 0.375 0.525 0.36333333333333334 0.53 0.35666666666666663 0.530625 0.35 0.5362500000000001 0.345 0.5325 0.3433333333333333 0.534375 0.3375 0.5318750000000001 0.3175 0.53125 0.31166666666666665 0.5318750000000001 0.30666666666666664 0.5362500000000001 0.31083333333333335 0.54375 0.3275 0.546875
0 0.3375 0.5225000000000001 0.33416666666666667 0.521875 0.3383333333333333 0.52625 0.3375 0.5225000000000001
0 0.44333333333333336 0.53125 0.4375 0.5337500000000001 0.4383333333333333 0.535625 0.4525 0.540625 0.4525 0.5331250000000001 0.45666666666666667 0.5318750000000001 0.46749999999999997 0.541875 0.47333333333333333 0.54375 0.4766666666666667 0.536875 0.4875 0.5362500000000001 0.4916666666666667 0.54125 0.4966666666666667 0.52875 0.5033333333333333 0.529375 0.5083333333333333 0.52625 0.5166666666666667 0.5275000000000001 0.5166666666666667 0.5325 0.5208333333333333 0.534375 0.5258333333333333 0.5318750000000001 0.5275000000000001 0.5275000000000001 0.5333333333333333 0.5268750000000001 0.5425 0.535 0.5458333333333333 0.5325 0.55 0.5325 0.5558333333333334 0.5362500000000001 0.5625 0.5375 0.5658333333333333 0.5225000000000001 0.5416666666666667 0.521875 0.5308333333333334 0.52625 0.5191666666666667 0.5231250000000001 0.5133333333333333 0.52625 0.48916666666666664 0.5231250000000001 0.47750000000000004 0.525 0.4583333333333333 0.524375 0.4491666666666666 0.521875 0.4425 0.5231250000000001 0.4383333333333333 0.5275000000000001 0.4375 0.529375 0.44333333333333336 0.53125
0 0.37 0.525 0.36916666666666664 0.52 0.3625 0.5225000000000001 0.37 0.525
0 0.42416666666666664 0.521875 0.4216666666666667 0.5181250000000001 0.4141666666666667 0.5162500000000001 0.4083333333333333 0.5181250000000001 0.4091666666666667 0.5231250000000001 0.42416666666666664 0.521875
0 0.5640625 0.51484375 0.00078125 0.00078125
0 0.41833333333333333 0.5018750000000001 0.4141666666666667 0.5006250000000001 0.4133333333333333 0.5025000000000001 0.41833333333333333 0.5018750000000001
0 0.5516666666666666 0.50625 0.5516666666666666 0.50375 0.5566666666666666 0.5025000000000001 0.5591666666666667 0.504375 0.5599999999999999 0.5118750000000001 0.5641666666666667 0.50875 0.5641666666666667 0.50125 0.5566666666666666 0.49812500000000004 0.5525 0.4987500000000001 0.5491666666666666 0.505625 0.5516666666666666 0.50625
0 0.33666666666666667 0.49812500000000004 0.3308333333333333 0.49750000000000005 0.3308333333333333 0.5 0.33666666666666667 0.49812500000000004
0 0.3516666666666667 0.64375 0.34833333333333333 0.639375 0.3441666666666666 0.639375 0.345 0.6456250000000001 0.3516666666666667 0.64375
0 0.3591666666666667 0.6412500000000001 0.36083333333333334 0.6368750000000001 0.35666666666666663 0.6375 0.355 0.640625 0.3591666666666667 0.6412500000000001
0 0.40499999999999997 0.57125 0.4058333333333334 0.5693750000000001 0.4033333333333333 0.56875 0.4025 0.570625 0.40499999999999997 0.57125
0 0.5416666666666667 0.5575 0.5275000000000001 0.556875 0.5325 0.560625 0.5416666666666667 0.5575
0 0.4766666666666667 0.5631250000000001 0.4883333333333333 0.56 0.4875 0.5575 0.4708333333333333 0.556875 0.47333333333333333 0.5625 0.4766666666666667 0.5631250000000001
0 0.30666666666666664 0.60875 0.30666666666666664 0.63125 0.32916666666666666 0.63125 0.3358333333333333 0.6275000000000001 0.35333333333333333 0.629375 0.3591666666666667 0.62625 0.36916666666666664 0.628125 0.37583333333333335 0.625 0.38416666666666666 0.625 0.3933333333333333 0.629375 0.38583333333333336 0.63375 0.385 0.6368750000000001 0.38583333333333336 0.640625 0.39416666666666667 0.6456250000000001 0.40750000000000003 0.64375 0.4083333333333333 0.63375 0.4133333333333333 0.628125 0.4216666666666667 0.628125 0.4416666666666667 0.6475000000000001 0.45 0.646875 0.4575 0.6318750000000001 0.4625 0.6275000000000001 0.47000000000000003 0.62875 0.4766666666666667 0.638125 0.48250000000000004 0.6412500000000001 0.49083333333333334 0.640625 0.4958333333333333 0.6368750000000001 0.49749999999999994 0.6300000000000001 0.5033333333333333 0.62625 0.5133333333333333 0.6268750000000001 0.52 0.6368750000000001 0.53 0.6375 0.54 0.6300000000000001 0.5366666666666666 0.6225 0.5433333333333333 0.6162500000000001 0.5700000000000001 0.6162500000000001 0.5741666666666666 0.613125 0.5716666666666667 0.58875 0.5766666666666667 0.5856250000000001 0.5775 0.5806250000000001 0.5675 0.5631250000000001 0.5641666666666667 0.565625 0.5549999999999999 0.5631250000000001 0.5466666666666666 0.5675000000000001 0.5458333333333333 0.5743750000000001 0.5491666666666666 0.5775 0.5475 0.5787500000000001 0.5425 0.579375 0.5383333333333333 0.5775 0.5258333333333333 0.58125 0.5216666666666667 0.578125 0.52 0.57125 0.515 0.5675000000000001 0.5075000000000001 0.5675000000000001 0.505 0.5787500000000001 0.49749999999999994 0.578125 0.4883333333333333 0.5825 0.48250000000000004 0.5825 0.47833333333333333 0.5800000000000001 0.4716666666666667 0.566875 0.46749999999999997 0.5643750000000001 0.4608333333333333 0.5643750000000001 0.45999999999999996 0.56 0.45583333333333337 0.556875 0.42833333333333334 0.56 0.41916666666666663 0.56625 0.41500000000000004 0.560625 0.4058333333333334 0.56 0.39916666666666667 0.5625 0.39166666666666666 0.560625 0.38666666666666666 0.561875 0.38583333333333336 0.57125 0.38333333333333336 0.5737500000000001 0.3725 0.5725 0.36916666666666664 0.56375 0.3625 0.5675000000000001 0.3416666666666667 0.565625 0.33666666666666667 0.5675000000000001 0.3375 0.57125 0.33416666666666667 0.570625 0.32916666666666666 0.5743750000000001 0.32416666666666666 0.573125 0.3175 0.578125 0.3125 0.57125 0.3025 0.5737500000000001 0.3 0.596875 0.30666666666666664 0.60875
0 0.2791666666666667 0.38312500000000005 0.2758333333333333 0.41500000000000004 0.27999999999999997 0.41937500000000005 0.3 0.42000000000000004 0.30333333333333334 0.416875 0.35416666666666663 0.4131250000000001 0.38 0.414375 0.4041666666666667 0.41187500000000005 0.4125 0.41500000000000004 0.4416666666666667 0.41125 0.45999999999999996 0.4131250000000001 0.4833333333333333 0.409375 0.49833333333333335 0.41187500000000005 0.5116666666666666 0.41125 0.5183333333333333 0.41375 0.5466666666666666 0.41187500000000005 0.5525 0.41500000000000004 0.5641666666666667 0.41625000000000006 0.5716666666666667 0.4131250000000001 0.5858333333333333 0.41187500000000005 0.5891666666666666 0.40750000000000003 0.5841666666666667 0.3975 0.5816666666666667 0.37125 0.5700000000000001 0.3725 0.5375 0.369375 0.5325 0.37125 0.49749999999999994 0.369375 0.4916666666666667 0.371875 0.45583333333333337 0.37125 0.45166666666666666 0.37312500000000004 0.4508333333333333 0.37625000000000003 0.445 0.37125 0.42833333333333334 0.36812500000000004 0.4216666666666667 0.37062500000000004 0.41500000000000004 0.37062500000000004 0.41083333333333333 0.36812500000000004 0.4083333333333333 0.37062500000000004 0.39916666666666667 0.37125 0.3933333333333333 0.37062500000000004 0.38666666666666666 0.366875 0.38416666666666666 0.36875 0.37583333333333335 0.36812500000000004 0.36583333333333334 0.371875 0.3591666666666667 0.371875 0.35583333333333333 0.369375 0.3516666666666667 0.37125 0.3416666666666667 0.37 0.3358333333333333 0.37312500000000004 0.31 0.37375 0.30333333333333334 0.375625 0.28833333333333333 0.375625 0.2808333333333333 0.371875 0.2725 0.371875 0.27166666666666667 0.375 0.2791666666666667 0.38312500000000005
0 0.27 0.334375 0.28250000000000003 0.33375000000000005 0.29416666666666663 0.34187500000000004 0.30083333333333334 0.34187500000000004 0.31333333333333335 0.33 0.3416666666666667 0.33062500000000006 0.35833333333333334 0.3275 0.3625 0.33062500000000006 0.36916666666666664 0.3275 0.39166666666666666 0.325 0.4041666666666667 0.325 0.4125 0.3275 0.42666666666666664 0.325625 0.4625 0.326875 0.4841666666666667 0.325 0.5041666666666667 0.33062500000000006 0.5083333333333333 0.3275 0.5158333333333334 0.33 0.525 0.326875 0.5416666666666667 0.32625000000000004 0.5491666666666666 0.328125 0.5575 0.335625 0.5666666666666667 0.33625000000000005 0.5708333333333333 0.335625 0.5783333333333334 0.32937500000000003 0.5925 0.328125 0.595 0.324375 0.5875 0.293125 0.595 0.278125 0.5916666666666667 0.271875 0.5866666666666667 0.27437500000000004 0.5841666666666667 0.2725 0.5866666666666667 0.27625 0.5841666666666667 0.278125 0.58 0.27687500000000004 0.5658333333333333 0.280625 0.5316666666666666 0.278125 0.5108333333333334 0.27937500000000004 0.49333333333333335 0.275 0.4841666666666667 0.27687500000000004 0.4625 0.275625 0.45999999999999996 0.27937500000000004 0.4491666666666666 0.27875 0.4408333333333333 0.275625 0.43583333333333335 0.275625 0.4325 0.278125 0.4225 0.275625 0.41833333333333333 0.27625 0.4175 0.28 0.4141666666666667 0.27937500000000004 0.4116666666666666 0.275625 0.40499999999999997 0.27875 0.37916666666666665 0.275625 0.365 0.2775 0.3625 0.28 0.3433333333333333 0.27937500000000004 0.33333333333333337 0.28250000000000003 0.3275 0.2875 0.32083333333333336 0.288125 0.3175 0.28625 0.31416666666666665 0.2875 0.30833333333333335 0.28125 0.26749999999999996 0.28250000000000003 0.265 0.33187500000000003 0.27 0.334375
0 0.5358333333333334 0.42000000000000004 0.5383333333333333 0.418125 0.5349999999999999 0.418125 0.5358333333333334 0.42000000000000004
0 0.2791666666666667 0.381875 0.27666666666666667 0.416875 0.27999999999999997 0.41937500000000005 0.29416666666666663 0.41937500000000005 0.3 0.421875 0.30333333333333334 0.4175 0.32416666666666666 0.41500000000000004 0.365 0.4131250000000001 0.375 0.41500000000000004 0.39666666666666667 0.41187500000000005 0.4041666666666667 0.41187500000000005 0.4141666666666667 0.41500000000000004 0.41833333333333333 0.4131250000000001 0.4408333333333333 0.41125 0.4575 0.4131250000000001 0.4841666666666667 0.40875000000000006 0.49833333333333335 0.41187500000000005 0.5125 0.41187500000000005 0.5183333333333333 0.414375 0.525 0.41187500000000005 0.545 0.41187500000000005 0.5483333333333333 0.4131250000000001 0.55 0.41875 0.5641666666666667 0.41875 0.5691666666666666 0.414375 0.585 0.41187500000000005 0.5883333333333333 0.409375 0.5833333333333333 0.39437500000000003 0.5816666666666667 0.37062500000000004 0.5725 0.3725 0.5358333333333334 0.36875 0.5316666666666666 0.37125 0.5066666666666666 0.37125 0.49749999999999994 0.36812500000000004 0.4916666666666667 0.37125 0.4616666666666666 0.371875 0.45583333333333337 0.37 0.4491666666666666 0.37312500000000004 0.4458333333333333 0.37 0.4291666666666667 0.36750000000000005 0.4225 0.37 0.4141666666666667 0.37 0.4116666666666666 0.36750000000000005 0.40750000000000003 0.37062500000000004 0.39499999999999996 0.37062500000000004 0.38666666666666666 0.36625 0.38416666666666666 0.36812500000000004 0.37416666666666665 0.36750000000000005 0.36583333333333334 0.37125 0.35583333333333333 0.36875 0.35333333333333333 0.37062500000000004 0.3416666666666667 0.369375 0.33666666666666667 0.3725 0.30333333333333334 0.375625 0.29083333333333333 0.375625 0.2808333333333333 0.371875 0.2725 0.371875 0.27083333333333337 0.37312500000000004 0.2791666666666667 0.381875
0 0.31416666666666665 0.47375 0.3175 0.478125 0.32333333333333336 0.473125 0.32416666666666666 0.46937500000000004 0.31666666666666665 0.473125 0.30833333333333335 0.473125 0.3091666666666667 0.47750000000000004 0.31416666666666665 0.47375
0 0.35666666666666663 0.47375 0.3591666666666667 0.47375 0.35833333333333334 0.47000000000000003 0.36333333333333334 0.46687500000000004 0.36 0.46625000000000005 0.355 0.46937500000000004 0.35666666666666663 0.47375
0 0.28500000000000003 0.4600000000000001 0.2966666666666667 0.46187500000000004 0.31333333333333335 0.4575 0.34833333333333333 0.45625 0.38916666666666666 0.45687500000000003 0.39916666666666667 0.45875000000000005 0.41 0.45562500000000006 0.4125 0.459375 0.4033333333333333 0.46187500000000004 0.40083333333333326 0.465 0.40083333333333326 0.47000000000000003 0.40750000000000003 0.475 0.41833333333333333 0.475 0.4216666666666667 0.47250000000000003 0.42333333333333334 0.465625 0.41916666666666663 0.459375 0.42333333333333334 0.45562500000000006 0.4458333333333333 0.45687500000000003 0.4525 0.47000000000000003 0.45916666666666667 0.473125 0.46749999999999997 0.47000000000000003 0.4766666666666667 0.4575 0.4841666666666667 0.45687500000000003 0.49083333333333334 0.4600000000000001 0.5 0.471875 0.5091666666666667 0.47250000000000003 0.5133333333333333 0.47125000000000006 0.5166666666666667 0.46687500000000004 0.5191666666666667 0.45562500000000006 0.5258333333333333 0.4525 0.5375 0.45437500000000003 0.5483333333333333 0.45125000000000004 0.5558333333333334 0.45187499999999997 0.5575 0.45375000000000004 0.55 0.46125 0.5441666666666667 0.46312500000000006 0.5433333333333333 0.47000000000000003 0.5549999999999999 0.47125000000000006 0.5608333333333333 0.46687500000000004 0.5575 0.45875000000000005 0.5650000000000001 0.4525 0.5741666666666666 0.453125 0.5858333333333333 0.44875 0.585 0.440625 0.5708333333333333 0.416875 0.5633333333333332 0.41375 0.545 0.41125 0.5375 0.41125 0.5358333333333334 0.41375 0.5266666666666666 0.41500000000000004 0.5091666666666667 0.410625 0.4875 0.4125 0.47000000000000003 0.409375 0.4575 0.4131250000000001 0.44333333333333336 0.4125 0.43583333333333335 0.41500000000000004 0.35666666666666663 0.4131250000000001 0.3383333333333333 0.416875 0.30333333333333334 0.416875 0.2925 0.42250000000000004 0.2891666666666667 0.421875 0.28500000000000003 0.426875 0.2816666666666666 0.43812500000000004 0.27999999999999997 0.45375000000000004 0.28500000000000003 0.4600000000000001
0 0.3125 0.6681250000000001 0.31333333333333335 0.69125 0.3175 0.693125 0.3308333333333333 0.693125 0.33999999999999997 0.696875 0.3458333333333333 0.6925000000000001 0.3625 0.6900000000000001 0.36333333333333334 0.695625 0.35583333333333333 0.7 0.35083333333333333 0.7 0.35 0.7025 0.355 0.70625 0.375 0.7100000000000001 0.3883333333333333 0.70625 0.3908333333333333 0.7037500000000001 0.4033333333333333 0.7075 0.4141666666666667 0.703125 0.4216666666666667 0.7056250000000001 0.4408333333333333 0.70625 0.4525 0.70125 0.45583333333333337 0.696875 0.45999999999999996 0.7 0.4766666666666667 0.696875 0.48083333333333333 0.698125 0.4841666666666667 0.7025 0.4875 0.7025 0.4883333333333333 0.6993750000000001 0.49833333333333335 0.6925000000000001 0.5016666666666667 0.6975 0.5158333333333334 0.6950000000000001 0.5258333333333333 0.69625 0.5325 0.6943750000000001 0.5391666666666667 0.6893750000000001 0.5441666666666667 0.68125 0.5633333333333332 0.680625 0.5716666666666667 0.671875 0.5683333333333334 0.650625 0.5608333333333333 0.6475000000000001 0.55 0.650625 0.5466666666666666 0.6481250000000001 0.5441666666666667 0.655 0.5225 0.6481250000000001 0.5016666666666667 0.650625 0.5016666666666667 0.654375 0.4958333333333333 0.655 0.48083333333333333 0.65 0.4725 0.65125 0.4583333333333333 0.646875 0.4458333333333333 0.654375 0.4225 0.655 0.4116666666666666 0.6575 0.3933333333333333 0.655625 0.37916666666666665 0.6568750000000001 0.36916666666666664 0.660625 0.355 0.65625 0.3408333333333333 0.660625 0.3175 0.659375 0.31 0.660625 0.3125 0.6681250000000001
0 0.5083333333333333 0.6268750000000001 0.5008333333333332 0.6256250000000001 0.5008333333333332 0.6275000000000001 0.5083333333333333 0.6268750000000001
0 0.49609375 0.6234375 0.00390625 0.00078125
0 0.47000000000000003 0.6300000000000001 0.47333333333333333 0.635 0.47833333333333333 0.630625 0.4791666666666667 0.6256250000000001 0.48250000000000004 0.6275000000000001 0.4841666666666667 0.634375 0.495 0.6368750000000001 0.49749999999999994 0.63375 0.49333333333333335 0.6318750000000001 0.4916666666666667 0.628125 0.4875 0.630625 0.4833333333333333 0.629375 0.48250000000000004 0.6268750000000001 0.485 0.6256250000000001 0.48083333333333333 0.619375 0.46333333333333326 0.6212500000000001 0.4625 0.62625 0.47000000000000003 0.6300000000000001
0 0.30333333333333334 0.6025 0.315 0.603125 0.31916666666666665 0.609375 0.32416666666666666 0.6112500000000001 0.3375 0.6100000000000001 0.345 0.6 0.35583333333333333 0.6012500000000001 0.3591666666666667 0.599375 0.3675 0.608125 0.38 0.609375 0.38416666666666666 0.6075 0.3883333333333333 0.599375 0.4 0.596875 0.40499999999999997 0.598125 0.4133333333333333 0.608125 0.4291666666666667 0.6050000000000001 0.43499999999999994 0.596875 0.4425 0.5962500000000001 0.45 0.5975 0.45666666666666667 0.6050000000000001 0.4666666666666667 0.6050000000000001 0.47333333333333333 0.6012500000000001 0.4766666666666667 0.60375 0.48083333333333333 0.60375 0.48166666666666663 0.6006250000000001 0.47750000000000004 0.6 0.4758333333333333 0.596875 0.47750000000000004 0.5943750000000001 0.48250000000000004 0.593125 0.49083333333333334 0.5943750000000001 0.5016666666666667 0.601875 0.5116666666666666 0.599375 0.5191666666666667 0.59125 0.5291666666666667 0.5893750000000001 0.5366666666666666 0.5925 0.54 0.599375 0.5533333333333333 0.599375 0.5575 0.596875 0.5608333333333333 0.590625 0.5775 0.5856250000000001 0.5775 0.579375 0.5691666666666666 0.560625 0.5575 0.5543750000000001 0.46416666666666667 0.556875 0.445 0.555 0.4225 0.559375 0.41 0.5581250000000001 0.37666666666666665 0.56125 0.365 0.559375 0.35333333333333333 0.5625 0.345 0.56125 0.33166666666666667 0.568125 0.30833333333333335 0.570625 0.30083333333333334 0.575 0.3 0.5987500000000001 0.30333333333333334 0.6025
0 0.3308333333333333 0.8425 0.35583333333333333 0.8418750000000002 0.36083333333333334 0.8387500000000001 0.36916666666666664 0.840625 0.3725 0.8387500000000001 0.40083333333333326 0.8375 0.4 0.849375 0.40750000000000003 0.851875 0.41833333333333333 0.8456250000000001 0.42333333333333334 0.8356250000000001 0.4341666666666667 0.8325000000000001 0.44000000000000006 0.83375 0.43666666666666665 0.838125 0.4408333333333333 0.8418750000000002 0.44000000000000006 0.8450000000000001 0.4458333333333333 0.846875 0.4525 0.8450000000000001 0.45666666666666667 0.8418750000000002 0.4583333333333333 0.83625 0.4525 0.8375 0.44666666666666666 0.834375 0.4508333333333333 0.83125 0.45916666666666667 0.8300000000000001 0.47000000000000003 0.8318749999999999 0.4758333333333333 0.8306250000000001 0.47750000000000004 0.8356250000000001 0.47333333333333333 0.83375 0.4716666666666667 0.8387500000000001 0.475 0.8418750000000002 0.485 0.84375 0.49083333333333334 0.8418750000000002 0.49333333333333335 0.838125 0.48666666666666664 0.835 0.4791666666666667 0.834375 0.48 0.8306250000000001 0.49000000000000005 0.82875 0.5141666666666667 0.82875 0.5158333333333334 0.8412499999999999 0.5183333333333333 0.8412499999999999 0.5158333333333334 0.8400000000000001 0.5191666666666667 0.8371875000000001 0.52 0.83125 0.5375 0.8243750000000001 0.5375 0.820625 0.5425 0.8162499999999999 0.5566666666666666 0.8243750000000001 0.5599999999999999 0.81875 0.5583333333333333 0.806875 0.5633333333333332 0.8006249999999999 0.5641666666666667 0.794375 0.5599999999999999 0.78125 0.47333333333333333 0.7818750000000001 0.4666666666666667 0.785 0.40750000000000003 0.7881250000000001 0.39 0.791875 0.36083333333333334 0.79375 0.3275 0.7987500000000001 0.3258333333333333 0.813125 0.3308333333333333 0.8425
0 0.4883333333333333 0.6368750000000001 0.4875 0.63125 0.4841666666666667 0.628125 0.4841666666666667 0.6368750000000001 0.4883333333333333 0.6368750000000001
0 0.305 0.6050000000000001 0.3075 0.630625 0.32666666666666666 0.6300000000000001 0.3375 0.62625 0.3525 0.6275000000000001 0.35833333333333334 0.624375 0.36583333333333334 0.6256250000000001 0.37 0.62375 0.3908333333333333 0.62375 0.4058333333333334 0.6206250000000001 0.42416666666666664 0.6275000000000001 0.43166666666666664 0.6368750000000001 0.4425 0.64375 0.4491666666666666 0.641875 0.4525 0.6375 0.45166666666666666 0.63375 0.45583333333333337 0.633125 0.4575 0.6275000000000001 0.4608333333333333 0.62625 0.4608333333333333 0.6212500000000001 0.4583333333333333 0.62 0.45999999999999996 0.618125 0.4666666666666667 0.6206250000000001 0.47750000000000004 0.6206250000000001 0.4833333333333333 0.6168750000000001 0.4883333333333333 0.6168750000000001 0.495 0.6212500000000001 0.49833333333333335 0.6212500000000001 0.5125 0.615625 0.5308333333333334 0.6168750000000001 0.55 0.6143750000000001 0.5566666666666666 0.608125 0.5700000000000001 0.608125 0.5708333333333333 0.59125 0.5775 0.5856250000000001 0.5775 0.579375 0.5675 0.560625 0.5633333333333332 0.561875 0.5558333333333334 0.56 0.5483333333333333 0.561875 0.545 0.556875 0.54 0.55625 0.5241666666666667 0.556875 0.5183333333333333 0.56 0.5216666666666667 0.5631250000000001 0.5208333333333333 0.566875 0.515 0.5643750000000001 0.5033333333333333 0.565625 0.5 0.560625 0.4925 0.556875 0.4666666666666667 0.556875 0.4666666666666667 0.56 0.46333333333333326 0.560625 0.4575 0.556875 0.44749999999999995 0.55625 0.42333333333333334 0.560625 0.3875 0.56 0.3775 0.566875 0.36916666666666664 0.5625 0.35333333333333333 0.565625 0.3441666666666666 0.5643750000000001 0.3358333333333333 0.5675000000000001 0.3308333333333333 0.571875 0.3091666666666667 0.570625 0.30166666666666664 0.5743750000000001 0.3 0.599375 0.305 0.6050000000000001
0 0.3125 0.669375 0.3175 0.71625 0.32083333333333336 0.7150000000000001 0.3225 0.716875 0.36083333333333334 0.716875 0.3675 0.7150000000000001 0.3783333333333333 0.715625 0.385 0.711875 0.42333333333333334 0.71125 0.4375 0.70875 0.45916666666666667 0.70875 0.4616666666666666 0.7100000000000001 0.45999999999999996 0.713125 0.465 0.71375 0.4666666666666667 0.7125 0.46416666666666667 0.709375 0.4691666666666666 0.706875 0.49833333333333335 0.70625 0.505 0.7106250000000001 0.5116666666666666 0.704375 0.5333333333333333 0.7037500000000001 0.5466666666666666 0.70625 0.5525 0.70125 0.5675 0.6993750000000001 0.5650000000000001 0.68 0.5708333333333333 0.671875 0.5708333333333333 0.661875 0.5650000000000001 0.639375 0.5658333333333333 0.633125 0.5700000000000001 0.6300000000000001 0.5666666666666667 0.6268750000000001 0.5650000000000001 0.619375 0.5741666666666666 0.6143750000000001 0.5741666666666666 0.60875 0.5691666666666666 0.606875 0.5708333333333333 0.6050000000000001 0.4066666666666666 0.6206250000000001 0.39583333333333337 0.625 0.3725 0.6256250000000001 0.3625 0.62875 0.3308333333333333 0.629375 0.32 0.633125 0.3075 0.633125 0.3075 0.66 0.3125 0.669375
0 0.28250000000000003 0.45687500000000003 0.2833333333333333 0.453125 0.28250000000000003 0.45187499999999997 0.28250000000000003 0.45687500000000003
0 0.28500000000000003 0.458125 0.28833333333333333 0.46312500000000006 0.2866666666666667 0.49437500000000006 0.29 0.49750000000000005 0.355 0.490625 0.36666666666666664 0.491875 0.3725 0.48937500000000006 0.41500000000000004 0.49000000000000005 0.41833333333333333 0.491875 0.4216666666666667 0.48937500000000006 0.43666666666666665 0.4875 0.45999999999999996 0.48875 0.5016666666666667 0.48625000000000007 0.515 0.48687500000000006 0.5191666666666667 0.49000000000000005 0.5208333333333333 0.48812500000000003 0.5375 0.48562500000000003 0.5758333333333333 0.48875 0.5808333333333333 0.4875 0.5833333333333333 0.48375 0.5775 0.453125 0.575 0.45187499999999997 0.5183333333333333 0.453125 0.5141666666666667 0.459375 0.5083333333333333 0.46187500000000004 0.5033333333333333 0.4600000000000001 0.5025000000000001 0.45499999999999996 0.5 0.45625 0.5 0.460625 0.4958333333333333 0.46125 0.4875 0.45187499999999997 0.4766666666666667 0.45562500000000006 0.46125 0.453125 0.4575 0.45625 0.45583333333333337 0.453125 0.45666666666666667 0.458125 0.4533333333333333 0.46375 0.44833333333333336 0.4600000000000001 0.44666666666666666 0.45499999999999996 0.4425 0.45375000000000004 0.43083333333333335 0.45499999999999996 0.425 0.453125 0.41 0.453125 0.40083333333333326 0.45562500000000006 0.37583333333333335 0.45437500000000003 0.3358333333333333 0.4575 0.31083333333333335 0.45687500000000003 0.30333333333333334 0.45875000000000005 0.28500000000000003 0.458125
0 0.29333333333333333 0.429375 0.2925 0.43062500000000004 0.29333333333333333 0.43875000000000003 0.29333333333333333 0.429375
0 0.31 0.655625 0.3125 0.659375 0.3175 0.6612500000000001 0.3283333333333333 0.6612500000000001 0.33333333333333337 0.6631250000000001 0.35083333333333333 0.6587500000000001 0.37333333333333335 0.6587500000000001 0.37583333333333335 0.6612500000000001 0.38 0.6612500000000001 0.38583333333333336 0.655625 0.4091666666666667 0.655625 0.4141666666666667 0.6612500000000001 0.41916666666666663 0.6631250000000001 0.42750000000000005 0.6612500000000001 0.43499999999999994 0.655 0.4408333333333333 0.654375 0.4491666666666666 0.65625 0.45166666666666666 0.66 0.45916666666666667 0.6637500000000001 0.4666666666666667 0.660625 0.4708333333333333 0.661875 0.4766666666666667 0.6575 0.48250000000000004 0.6581250000000001 0.4875 0.655 0.49083333333333334 0.655 0.4958333333333333 0.6587500000000001 0.5083333333333333 0.6575 0.515 0.6475000000000001 0.5291666666666667 0.6481250000000001 0.5383333333333333 0.655 0.5475 0.655625 0.5549999999999999 0.646875 0.5616666666666666 0.6431250000000001 0.5641666666666667 0.638125 0.5641666666666667 0.634375 0.5583333333333333 0.6268750000000001 0.5625 0.62 0.5758333333333333 0.615 0.5708333333333333 0.5856250000000001 0.5566666666666666 0.58875 0.49749999999999994 0.588125 0.49416666666666664 0.5900000000000001 0.4833333333333333 0.5875 0.47750000000000004 0.5893750000000001 0.45499999999999996 0.5893750000000001 0.4291666666666667 0.595 0.41583333333333333 0.5956250000000001 0.4175 0.5987500000000001 0.41500000000000004 0.6012500000000001 0.41083333333333333 0.6012500000000001 0.4066666666666666 0.596875 0.40166666666666667 0.5956250000000001 0.3933333333333333 0.595 0.3675 0.5987500000000001 0.35333333333333333 0.5956250000000001 0.3433333333333333 0.598125 0.3375 0.5975 0.33416666666666667 0.6006250000000001 0.3283333333333333 0.601875 0.31 0.6 0.305 0.60375 0.30416666666666664 0.630625 0.31 0.655625
0 0.305 0.535 0.3175 0.548125 0.33416666666666667 0.548125 0.3375 0.55125 0.35666666666666663 0.550625 0.3591666666666667 0.545 0.365 0.548125 0.37666666666666665 0.5493750000000001 0.38666666666666666 0.556875 0.39 0.556875 0.39666666666666667 0.5525 0.40083333333333326 0.55625 0.4041666666666667 0.555 0.41083333333333333 0.55 0.41 0.546875 0.4125 0.545 0.42750000000000005 0.540625 0.43 0.5325 0.43499999999999994 0.52875 0.43916666666666665 0.530625 0.4425 0.52875 0.44666666666666666 0.5331250000000001 0.4458333333333333 0.5375 0.4491666666666666 0.5375 0.45583333333333337 0.541875 0.46749999999999997 0.54125 0.4708333333333333 0.5431250000000001 0.47000000000000003 0.54625 0.47333333333333333 0.5475000000000001 0.4791666666666667 0.5387500000000001 0.4841666666666667 0.5387500000000001 0.4875 0.5362500000000001 0.49083333333333334 0.540625 0.49333333333333335 0.535625 0.49749999999999994 0.54125 0.5025000000000001 0.539375 0.5116666666666666 0.54 0.5191666666666667 0.535 0.5325 0.5325 0.5425 0.540625 0.5466666666666666 0.5387500000000001 0.5616666666666666 0.5381250000000001 0.5666666666666667 0.52625 0.5783333333333334 0.5225000000000001 0.5816666666666667 0.519375 0.5808333333333333 0.5118750000000001 0.5708333333333333 0.4912500000000001 0.5583333333333333 0.48687500000000006 0.5483333333333333 0.48625000000000007 0.47333333333333333 0.4875 0.4625 0.49000000000000005 0.4341666666666667 0.48875 0.38249999999999995 0.49250000000000005 0.355 0.491875 0.3175 0.496875 0.31 0.4956250000000001 0.29500000000000004 0.5 0.29166666666666663 0.515625 0.29166666666666663 0.5325 0.305 0.535
0 0.4421875 0.7234375 0.00078125 0.0015625
0 0.4325 0.7206250000000001 0.44000000000000006 0.721875 0.4375 0.7175 0.4408333333333333 0.71375 0.4375 0.715625 0.43499999999999994 0.713125 0.43083333333333335 0.718125 0.4325 0.7206250000000001
0 0.45583333333333337 0.7143750000000001 0.4541666666666667 0.7125 0.44749999999999995 0.713125 0.4508333333333333 0.7175 0.45583333333333337 0.7143750000000001
0 0.32083333333333336 0.746875 0.32083333333333336 0.77 0.32416666666666666 0.7725000000000001 0.32999999999999996 0.7706250000000001 0.35083333333333333 0.7725000000000001 0.36916666666666664 0.7625 0.3725 0.765625 0.39 0.77 0.40750000000000003 0.765 0.42833333333333334 0.7681250000000001 0.4508333333333333 0.7618750000000001 0.4608333333333333 0.7612500000000001 0.46749999999999997 0.763125 0.47333333333333333 0.7612500000000001 0.5116666666666666 0.760625 0.5183333333333333 0.7568750000000001 0.5433333333333333 0.76 0.5558333333333334 0.75625 0.5633333333333332 0.75625 0.5675 0.7525000000000001 0.5641666666666667 0.7350000000000001 0.5633333333333332 0.70625 0.5533333333333333 0.7075 0.5466666666666666 0.711875 0.5283333333333333 0.7081250000000001 0.5116666666666666 0.70875 0.505 0.7150000000000001 0.49416666666666664 0.71125 0.48250000000000004 0.7100000000000001 0.4766666666666667 0.713125 0.47333333333333333 0.711875 0.4708333333333333 0.713125 0.4741666666666666 0.7143750000000001 0.4716666666666667 0.7175 0.4666666666666667 0.715625 0.4625 0.72 0.46749999999999997 0.72 0.4666666666666667 0.7237500000000001 0.47000000000000003 0.723125 0.475 0.73125 0.4725 0.7325 0.45583333333333337 0.733125 0.4458333333333333 0.7306250000000001 0.43916666666666665 0.731875 0.43166666666666664 0.721875 0.41833333333333333 0.723125 0.4116666666666666 0.7212500000000001 0.4116666666666666 0.715625 0.39166666666666666 0.716875 0.39416666666666667 0.723125 0.39166666666666666 0.7262500000000001 0.38666666666666666 0.724375 0.3808333333333333 0.7256250000000001 0.37 0.72 0.3416666666666667 0.721875 0.3383333333333333 0.724375 0.32999999999999996 0.7206250000000001 0.32416666666666666 0.7206250000000001 0.31916666666666665 0.7237500000000001 0.3175 0.7275 0.32083333333333336 0.746875
0 0.32666666666666666 0.7993750000000001 0.3416666666666667 0.8 0.34750000000000003 0.79625 0.3591666666666667 0.794375 0.38333333333333336 0.794375 0.38916666666666666 0.7925000000000001 0.3933333333333333 0.79375 0.40083333333333326 0.790625 0.425 0.79 0.44333333333333336 0.7862500000000001 0.4625 0.785625 0.47000000000000003 0.7875 0.4758333333333333 0.784375 0.4916666666666667 0.7837500000000001 0.5016666666666667 0.785625 0.5083333333333333 0.7831250000000001 0.5116666666666666 0.785625 0.515 0.7831250000000001 0.5225 0.786875 0.5308333333333334 0.7818750000000001 0.5616666666666666 0.78125 0.5658333333333333 0.778125 0.5633333333333332 0.75375 0.5566666666666666 0.75375 0.5458333333333333 0.7575000000000001 0.5116666666666666 0.7550000000000001 0.4875 0.76 0.4658333333333333 0.76 0.4525 0.7568750000000001 0.4458333333333333 0.7612500000000001 0.43916666666666665 0.7625 0.42750000000000005 0.76375 0.41083333333333333 0.760625 0.39249999999999996 0.766875 0.38333333333333336 0.7662500000000001 0.375 0.7618750000000001 0.36583333333333334 0.764375 0.3591666666666667 0.76375 0.3525 0.769375 0.3416666666666667 0.7706250000000001 0.33166666666666667 0.765625 0.33666666666666667 0.75625 0.3358333333333333 0.7525000000000001 0.32999999999999996 0.75 0.32 0.7506250000000001 0.3225 0.79375 0.32666666666666666 0.7993750000000001
0 0.3075 0.633125 0.3283333333333333 0.633125 0.3375 0.62875 0.3525 0.630625 0.375 0.62625 0.3908333333333333 0.628125 0.4041666666666667 0.623125 0.40750000000000003 0.6256250000000001 0.4116666666666666 0.625 0.41500000000000004 0.6275000000000001 0.4216666666666667 0.628125 0.4383333333333333 0.644375 0.445 0.64625 0.4525 0.635 0.45666666666666667 0.63375 0.4575 0.629375 0.46416666666666667 0.624375 0.46749999999999997 0.62625 0.46333333333333326 0.623125 0.4666666666666667 0.6206250000000001 0.4875 0.618125 0.49416666666666664 0.6212500000000001 0.5041666666666667 0.6225 0.5108333333333334 0.619375 0.5341666666666667 0.6212500000000001 0.5591666666666667 0.615625 0.5733333333333334 0.615625 0.575 0.609375 0.5708333333333333 0.5875 0.5758333333333333 0.5831250000000001 0.5733333333333334 0.5800000000000001 0.5741666666666666 0.57625 0.5700000000000001 0.584375 0.5583333333333333 0.588125 0.5308333333333334 0.58625 0.515 0.58875 0.49416666666666664 0.5875 0.4883333333333333 0.5850000000000001 0.475 0.586875 0.46749999999999997 0.584375 0.465 0.5850000000000001 0.4683333333333334 0.5875 0.4666666666666667 0.5893750000000001 0.4458333333333333 0.5900000000000001 0.42833333333333334 0.595 0.4175 0.59375 0.41 0.5962500000000001 0.3933333333333333 0.5943750000000001 0.37583333333333335 0.598125 0.3625 0.598125 0.35 0.5956250000000001 0.32916666666666666 0.6 0.3091666666666667 0.599375 0.30416666666666664 0.603125 0.30333333333333334 0.62875 0.3075 0.633125
0 0.265 0.28625 0.2683333333333333 0.29250000000000004 0.265 0.33 0.27083333333333337 0.33375000000000005 0.2841666666666667 0.3325 0.29416666666666663 0.33875 0.29416666666666663 0.335 0.3025 0.33062500000000006 0.34249999999999997 0.32937500000000003 0.3516666666666667 0.325 0.3625 0.328125 0.39416666666666667 0.324375 0.41 0.32625000000000004 0.5416666666666667 0.32625000000000004 0.5533333333333333 0.33 0.5641666666666667 0.33062500000000006 0.5675 0.333125 0.5700000000000001 0.33 0.5741666666666666 0.33125 0.5775 0.32875 0.5891666666666666 0.328125 0.5933333333333334 0.325 0.5883333333333333 0.30125 0.5883333333333333 0.28875 0.5991666666666666 0.27875 0.595 0.2725 0.585 0.265 0.575 0.26125000000000004 0.5716666666666667 0.2475 0.5608333333333333 0.2375 0.5533333333333333 0.24562500000000004 0.55 0.255 0.5516666666666666 0.259375 0.5475 0.26812500000000006 0.5433333333333333 0.270625 0.5358333333333334 0.27 0.53 0.26687500000000003 0.5191666666666667 0.248125 0.515 0.24875000000000003 0.5066666666666666 0.241875 0.5016666666666667 0.244375 0.4916666666666667 0.26687500000000003 0.48083333333333333 0.26875 0.4708333333333333 0.26 0.4625 0.24562500000000004 0.45999999999999996 0.24500000000000002 0.45999999999999996 0.24125000000000002 0.45916666666666667 0.24312500000000004 0.45499999999999996 0.240625 0.4491666666666666 0.241875 0.4458333333333333 0.25875000000000004 0.4408333333333333 0.265625 0.4341666666666667 0.270625 0.42750000000000005 0.270625 0.42000000000000004 0.26625 0.40750000000000003 0.248125 0.4041666666666667 0.23875000000000002 0.39916666666666667 0.238125 0.39416666666666667 0.240625 0.385 0.265 0.37916666666666665 0.26812500000000006 0.3725 0.26875 0.3625 0.263125 0.3516666666666667 0.241875 0.34833333333333333 0.2375 0.3433333333333333 0.236875 0.3416666666666667 0.23875000000000002 0.3441666666666666 0.244375 0.3358333333333333 0.25250000000000006 0.32416666666666666 0.27125000000000005 0.31333333333333335 0.26937500000000003 0.30833333333333335 0.265625 0.305 0.260625 0.30416666666666664 0.250625 0.3 0.24500000000000002 0.2925 0.24625000000000002 0.2791666666666667 0.24250000000000002 0.2758333333333333 0.244375 0.27083333333333337 0.265625 0.265 0.26875 0.26416666666666666 0.275625 0.25916666666666666 0.27937500000000004 0.25833333333333336 0.28250000000000003 0.265 0.28625
0 0.36416666666666664 0.7550000000000001 0.3625 0.753125 0.3616666666666667 0.7550000000000001 0.36416666666666664 0.7550000000000001
0 0.44296875 0.74765625 0.00078125 0.00078125
0 0.3625 0.749375 0.36416666666666664 0.748125 0.3616666666666667 0.7475 0.3591666666666667 0.748125 0.3625 0.749375
0 0.32166666666666666 0.765625 0.32416666666666666 0.77125 0.32416666666666666 0.7925000000000001 0.32666666666666666 0.795625 0.33166666666666667 0.8631249999999999 0.36333333333333334 0.8625 0.37583333333333335 0.8575000000000002 0.38166666666666665 0.859375 0.40499999999999997 0.859375 0.4141666666666667 0.85625 0.44000000000000006 0.8556250000000001 0.44333333333333336 0.853125 0.45499999999999996 0.851875 0.4725 0.8525 0.49333333333333335 0.8487500000000001 0.53 0.8487500000000001 0.5566666666666666 0.8450000000000001 0.5566666666666666 0.8306250000000001 0.5608333333333333 0.8225 0.5583333333333333 0.80375 0.5633333333333332 0.796875 0.5608333333333333 0.77875 0.5641666666666667 0.774375 0.5599999999999999 0.755625 0.5641666666666667 0.75375 0.5641666666666667 0.744375 0.5583333333333333 0.73875 0.5616666666666666 0.7375 0.5599999999999999 0.7362500000000001 0.55 0.7393750000000001 0.5483333333333333 0.7425 0.5433333333333333 0.73875 0.5358333333333334 0.74 0.5349999999999999 0.749375 0.5383333333333333 0.7525000000000001 0.53 0.758125 0.5133333333333333 0.755625 0.505 0.75875 0.5008333333333332 0.7575000000000001 0.49416666666666664 0.7612500000000001 0.4766666666666667 0.759375 0.47833333333333333 0.7550000000000001 0.4758333333333333 0.75375 0.4725 0.7568750000000001 0.4716666666666667 0.7518750000000001 0.45999999999999996 0.7462500000000001 0.45 0.753125 0.4416666666666667 0.754375 0.4341666666666667 0.748125 0.425 0.745 0.425 0.7412500000000001 0.42416666666666664 0.745 0.4133333333333333 0.7518750000000001 0.4125 0.748125 0.4091666666666667 0.746875 0.40499999999999997 0.7475 0.4025 0.7506250000000001 0.4 0.7456250000000001 0.4033333333333333 0.753125 0.39666666666666667 0.7550000000000001 0.38 0.75375 0.3775 0.7625 0.38249999999999995 0.765625 0.37666666666666665 0.769375 0.3383333333333333 0.775 0.32916666666666666 0.7662500000000001 0.3308333333333333 0.7518750000000001 0.3275 0.75 0.3225 0.75125 0.325 0.7550000000000001 0.32166666666666666 0.765625
0 0.48916666666666664 0.7362500000000001 0.4875 0.73375 0.47833333333333333 0.73375 0.48083333333333333 0.7375 0.48916666666666664 0.7362500000000001
0 0.2683333333333333 0.29125 0.275 0.293125 0.2833333333333333 0.31062500000000004 0.2925 0.31812500000000005 0.30416666666666664 0.315625 0.3125 0.2975 0.3175 0.29812500000000003 0.32083333333333336 0.29500000000000004 0.3275 0.294375 0.33416666666666667 0.28500000000000003 0.34249999999999997 0.281875 0.36666666666666664 0.28250000000000003 0.37583333333333335 0.27875 0.3933333333333333 0.28125 0.41583333333333333 0.28125 0.4291666666666667 0.29000000000000004 0.43499999999999994 0.283125 0.4458333333333333 0.280625 0.4658333333333333 0.28125 0.4741666666666666 0.284375 0.48583333333333334 0.284375 0.48916666666666664 0.281875 0.49416666666666664 0.284375 0.5 0.280625 0.5166666666666667 0.280625 0.5233333333333333 0.281875 0.5258333333333333 0.28625 0.53 0.28500000000000003 0.5349999999999999 0.2875 0.54 0.285625 0.5458333333333333 0.28687500000000005 0.55 0.28250000000000003 0.5566666666666666 0.281875 0.5683333333333334 0.28375000000000006 0.5708333333333333 0.2875 0.5700000000000001 0.28500000000000003 0.5858333333333333 0.28687500000000005 0.5991666666666666 0.27937500000000004 0.595 0.273125 0.5775 0.26 0.575 0.255 0.5758333333333333 0.248125 0.5683333333333334 0.24000000000000005 0.55 0.22625 0.5325 0.216875 0.5291666666666667 0.209375 0.515 0.205625 0.5058333333333334 0.20625 0.5141666666666667 0.209375 0.5116666666666666 0.213125 0.5083333333333333 0.21187499999999998 0.505 0.216875 0.5008333333333332 0.216875 0.5016666666666667 0.22062500000000002 0.49833333333333335 0.2225 0.47333333333333333 0.20625 0.45916666666666667 0.20625 0.4491666666666666 0.2125 0.44833333333333336 0.20625 0.445 0.20625 0.4383333333333333 0.216875 0.4325 0.213125 0.43166666666666664 0.20812500000000003 0.42750000000000005 0.20625 0.42666666666666664 0.213125 0.4225 0.215 0.41916666666666663 0.22375000000000003 0.41083333333333333 0.225 0.40750000000000003 0.216875 0.40083333333333326 0.213125 0.4033333333333333 0.21187499999999998 0.40166666666666667 0.205625 0.3983333333333333 0.20625 0.3975 0.21187499999999998 0.39 0.21437500000000004 0.38333333333333336 0.206875 0.37666666666666665 0.205625 0.375 0.203125 0.35833333333333334 0.20249999999999999 0.35 0.206875 0.34750000000000003 0.21437500000000004 0.3433333333333333 0.216875 0.32916666666666666 0.20625 0.3258333333333333 0.20875 0.325 0.20625 0.32 0.20625 0.3183333333333333 0.203125 0.31333333333333335 0.203125 0.3158333333333333 0.20625 0.31166666666666665 0.20875 0.30833333333333335 0.20625 0.30333333333333334 0.20625 0.30166666666666664 0.21000000000000002 0.305 0.21187499999999998 0.3 0.21375000000000002 0.29500000000000004 0.22625 0.2891666666666667 0.22687500000000002 0.28583333333333333 0.23374999999999999 0.2733333333333333 0.244375 0.27083333333333337 0.256875 0.2633333333333333 0.26812500000000006 0.25916666666666666 0.28250000000000003 0.2683333333333333 0.29125
0 0.27666666666666667 0.275625 0.27166666666666667 0.270625 0.27 0.275625 0.27666666666666667 0.275625
0 0.5225 0.26812500000000006 0.5225 0.26125000000000004 0.5141666666666667 0.263125 0.5141666666666667 0.265625 0.5225 0.26812500000000006
0 0.4625 0.265625 0.4583333333333333 0.25812500000000005 0.45583333333333337 0.2575 0.4533333333333333 0.265 0.4625 0.265625
0 0.2783333333333333 0.244375 0.30166666666666664 0.248125 0.305 0.25125000000000003 0.30333333333333334 0.25562500000000005 0.3091666666666667 0.26875 0.31333333333333335 0.270625 0.32416666666666666 0.27 0.3283333333333333 0.265 0.3375 0.265625 0.33999999999999997 0.25250000000000006 0.3433333333333333 0.248125 0.34833333333333333 0.24625000000000002 0.35666666666666663 0.24937500000000004 0.365 0.264375 0.37333333333333335 0.26812500000000006 0.37916666666666665 0.26812500000000006 0.38666666666666666 0.265 0.38916666666666666 0.25375000000000003 0.39416666666666667 0.24875000000000003 0.40750000000000003 0.24875000000000003 0.41583333333333333 0.25625 0.4208333333333333 0.26687500000000003 0.42750000000000005 0.270625 0.43499999999999994 0.270625 0.4408333333333333 0.2675 0.44666666666666666 0.27 0.4508333333333333 0.265625 0.44749999999999995 0.2625 0.44749999999999995 0.256875 0.4533333333333333 0.24875000000000003 0.45666666666666667 0.24875000000000003 0.46333333333333326 0.25375000000000003 0.46749999999999997 0.253125 0.47833333333333333 0.26812500000000006 0.49083333333333334 0.27 0.495 0.265625 0.5 0.248125 0.505 0.24500000000000002 0.5083333333333333 0.248125 0.5166666666666667 0.248125 0.5266666666666666 0.25812500000000005 0.5275000000000001 0.264375 0.5316666666666666 0.26812500000000006 0.5483333333333333 0.27125000000000005 0.5533333333333333 0.26687500000000003 0.5633333333333332 0.265 0.5591666666666667 0.261875 0.5650000000000001 0.25812500000000005 0.5616666666666666 0.25375000000000003 0.5650000000000001 0.248125 0.5675 0.24625000000000002 0.5708333333333333 0.24875000000000003 0.5741666666666666 0.248125 0.5691666666666666 0.246875 0.5708333333333333 0.244375 0.5641666666666667 0.2375 0.5591666666666667 0.23562500000000003 0.5441666666666667 0.221875 0.5433333333333333 0.21187499999999998 0.5241666666666667 0.203125 0.49416666666666664 0.20437500000000003 0.4875 0.20625 0.4841666666666667 0.21000000000000002 0.47750000000000004 0.20500000000000002 0.4666666666666667 0.20249999999999999 0.45166666666666666 0.20187500000000003 0.4383333333333333 0.205625 0.42333333333333334 0.19937500000000002 0.41083333333333333 0.19812500000000002 0.38916666666666666 0.20812500000000003 0.37083333333333335 0.19937500000000002 0.3625 0.19937500000000002 0.33999999999999997 0.20812500000000003 0.3275 0.203125 0.3125 0.20125 0.2925 0.210625 0.29416666666666663 0.216875 0.2783333333333333 0.244375
0 0.4125 0.8425 0.4091666666666667 0.840625 0.40750000000000003 0.8425 0.4125 0.8425
0 0.3308333333333333 0.844375 0.3433333333333333 0.8450000000000001 0.34833333333333333 0.843125 0.35666666666666663 0.84375 0.3591666666666667 0.8412499999999999 0.37583333333333335 0.838125 0.3933333333333333 0.8393750000000001 0.39666666666666667 0.8375 0.4083333333333333 0.8375 0.4141666666666667 0.83375 0.42833333333333334 0.835 0.4458333333333333 0.8306250000000001 0.4575 0.8325000000000001 0.47000000000000003 0.8306250000000001 0.47750000000000004 0.83625 0.47333333333333333 0.8387500000000001 0.4758333333333333 0.8418750000000002 0.48583333333333334 0.843125 0.49000000000000005 0.8412499999999999 0.49083333333333334 0.836875 0.49749999999999994 0.8306250000000001 0.5266666666666666 0.8262500000000002 0.5566666666666666 0.825 0.5599999999999999 0.8231250000000001 0.5608333333333333 0.818125 0.5583333333333333 0.803125 0.5483333333333333 0.8018750000000001 0.5175 0.803125 0.5058333333333334 0.805625 0.4791666666666667 0.80375 0.4666666666666667 0.8087500000000001 0.45 0.8087500000000001 0.43916666666666665 0.805625 0.4333333333333333 0.81125 0.36 0.815625 0.35416666666666663 0.818125 0.3283333333333333 0.820625 0.3275 0.8412499999999999 0.3308333333333333 0.844375
0 0.40083333333333326 0.7037500000000001 0.40083333333333326 0.70125 0.3975 0.7 0.39583333333333337 0.7025 0.40083333333333326 0.7037500000000001
0 0.5191666666666667 0.6925000000000001 0.5225 0.69375 0.53 0.6925000000000001 0.5208333333333333 0.69125 0.5191666666666667 0.6875 0.5202272727272728 0.6867045454545455 0.5141666666666667 0.685 0.5141666666666667 0.6875 0.5183333333333333 0.68875 0.5191666666666667 0.6925000000000001
0 0.4333333333333333 0.6900000000000001 0.43499999999999994 0.696875 0.43916666666666665 0.700625 0.445 0.700625 0.4408333333333333 0.691875 0.44749999999999995 0.68625 0.45666666666666667 0.685625 0.4491666666666666 0.685625 0.4425 0.6831250000000001 0.43166666666666664 0.684375 0.43083333333333335 0.68875 0.4333333333333333 0.6900000000000001
0 0.31916666666666665 0.68875 0.32916666666666666 0.690625 0.3383333333333333 0.685625 0.3308333333333333 0.685625 0.3275 0.6831250000000001 0.31916666666666665 0.684375 0.31916666666666665 0.68875
0 0.4841666666666667 0.685 0.48 0.6881250000000001 0.47750000000000004 0.684375 0.4725 0.685625 0.47750000000000004 0.6950000000000001 0.48250000000000004 0.6975 0.49000000000000005 0.696875 0.49416666666666664 0.6925000000000001 0.4925 0.6881250000000001 0.5 0.68625 0.49416666666666664 0.68 0.49083333333333334 0.68 0.4875 0.6881250000000001 0.4841666666666667 0.685
0 0.3308333333333333 0.6125 0.32083333333333336 0.6118750000000001 0.3258333333333333 0.618125 0.32333333333333336 0.623125 0.3258333333333333 0.623125 0.3375 0.613125 0.3416666666666667 0.60875 0.33916666666666667 0.6075 0.3466666666666667 0.6056250000000001 0.3466666666666667 0.6025 0.34249999999999997 0.6012500000000001 0.3383333333333333 0.60875 0.3308333333333333 0.6125
0 0.46333333333333326 0.5956250000000001 0.46333333333333326 0.593125 0.45916666666666667 0.59375 0.45916666666666667 0.5962500000000001 0.46333333333333326 0.5956250000000001
0 0.3175 0.68125 0.32333333333333336 0.6787500000000001 0.3275 0.6793750000000001 0.33249999999999996 0.6725000000000001 0.35 0.6637500000000001 0.35583333333333333 0.6631250000000001 0.3591666666666667 0.664375 0.3591666666666667 0.6681250000000001 0.3525 0.671875 0.35666666666666663 0.67125 0.3575 0.6737500000000001 0.3625 0.675 0.36916666666666664 0.680625 0.36916666666666664 0.6831250000000001 0.37333333333333335 0.6825 0.37416666666666665 0.6793750000000001 0.3716666666666667 0.678125 0.37666666666666665 0.675625 0.37333333333333335 0.6743750000000001 0.3725 0.67125 0.37666666666666665 0.67125 0.3808333333333333 0.666875 0.38583333333333336 0.66625 0.3908333333333333 0.6625 0.39416666666666667 0.664375 0.39166666666666666 0.67125 0.3933333333333333 0.6743750000000001 0.39 0.675625 0.38666666666666666 0.6737500000000001 0.38666666666666666 0.68 0.38416666666666666 0.681875 0.38583333333333336 0.6825 0.3975 0.681875 0.40166666666666667 0.6837500000000001 0.41083333333333333 0.681875 0.41 0.678125 0.41500000000000004 0.673125 0.41916666666666663 0.6743750000000001 0.42000000000000004 0.681875 0.425 0.680625 0.42833333333333334 0.6825 0.4383333333333333 0.6787500000000001 0.4458333333333333 0.6793750000000001 0.44666666666666666 0.675 0.4525 0.6725000000000001 0.4575 0.675 0.45666666666666667 0.678125 0.4616666666666666 0.678125 0.46333333333333326 0.68 0.4683333333333334 0.67625 0.49749999999999994 0.6737500000000001 0.5041666666666667 0.678125 0.5275000000000001 0.6775 0.5266666666666666 0.681875 0.5333333333333333 0.6831250000000001 0.5391666666666667 0.6768750000000001 0.545 0.6768750000000001 0.5533333333333333 0.6725000000000001 0.5566666666666666 0.675 0.5608333333333333 0.675 0.5650000000000001 0.671875 0.5658333333333333 0.664375 0.5633333333333332 0.66 0.5716666666666667 0.64375 0.5708333333333333 0.630625 0.5658333333333333 0.6225 0.5666666666666667 0.619375 0.575 0.615625 0.5758333333333333 0.6112500000000001 0.5683333333333334 0.588125 0.5599999999999999 0.5893750000000001 0.5558333333333334 0.5975 0.5458333333333333 0.6012500000000001 0.5391666666666667 0.5987500000000001 0.5375 0.601875 0.52 0.6 0.5183333333333333 0.5987500000000001 0.525 0.591875 0.5183333333333333 0.590625 0.515 0.591875 0.5141666666666667 0.5962500000000001 0.5091666666666667 0.6006250000000001 0.5033333333333333 0.6012500000000001 0.49749999999999994 0.5975 0.49083333333333334 0.598125 0.49083333333333334 0.5962500000000001 0.4875 0.6006250000000001 0.4833333333333333 0.6 0.4741666666666666 0.6056250000000001 0.4708333333333333 0.6006250000000001 0.4666666666666667 0.604375 0.45916666666666667 0.603125 0.45 0.5956250000000001 0.4425 0.5987500000000001 0.43916666666666665 0.5962500000000001 0.43166666666666664 0.598125 0.4258333333333333 0.6050000000000001 0.41500000000000004 0.6075 0.4041666666666667 0.5987500000000001 0.4025 0.601875 0.3983333333333333 0.598125 0.38916666666666666 0.598125 0.38583333333333336 0.5987500000000001 0.38583333333333336 0.60375 0.37583333333333335 0.609375 0.3675 0.60875 0.3625 0.604375 0.36 0.608125 0.35583333333333333 0.608125 0.36 0.619375 0.35083333333333333 0.6212500000000001 0.3458333333333333 0.6256250000000001 0.32083333333333336 0.62875 0.31 0.625 0.30666666666666664 0.6275000000000001 0.3075 0.6587500000000001 0.3175 0.68125
0 0.35416666666666663 0.64375 0.3516666666666667 0.6425000000000001 0.35083333333333333 0.64375 0.35416666666666663 0.64375
0 0.36 0.6368750000000001 0.3525 0.6362500000000001 0.3516666666666667 0.638125 0.36 0.6368750000000001
0 0.31666666666666665 0.6950000000000001 0.315 0.703125 0.3175 0.7175 0.34249999999999997 0.71875 0.3783333333333333 0.71625 0.38583333333333336 0.7125 0.3975 0.7125 0.40083333333333326 0.7106250000000001 0.42666666666666664 0.71125 0.4383333333333333 0.70875 0.46416666666666667 0.7100000000000001 0.4725 0.706875 0.49833333333333335 0.70625 0.505 0.70875 0.5133333333333333 0.704375 0.5466666666666666 0.70625 0.5541666666666667 0.70125 0.5650000000000001 0.70125 0.5683333333333334 0.6993750000000001 0.5683333333333334 0.6925000000000001 0.5641666666666667 0.6831250000000001 0.5708333333333333 0.6725000000000001 0.5675 0.64875 0.5616666666666666 0.646875 0.54 0.6475000000000001 0.5375 0.65 0.5325 0.65 0.5208333333333333 0.6481250000000001 0.5158333333333334 0.64375 0.5233333333333333 0.640625 0.5241666666666667 0.6362500000000001 0.5325 0.635625 0.5358333333333334 0.638125 0.5408333333333333 0.6325000000000001 0.5408333333333333 0.623125 0.5291666666666667 0.61875 0.5158333333333334 0.61875 0.5116666666666666 0.6212500000000001 0.5091666666666667 0.619375 0.49416666666666664 0.6175 0.4616666666666666 0.62 0.44749999999999995 0.61875 0.425 0.621875 0.41833333333333333 0.628125 0.4133333333333333 0.62625 0.4133333333333333 0.6225 0.41083333333333333 0.6212500000000001 0.4041666666666667 0.6212500000000001 0.40166666666666667 0.623125 0.4033333333333333 0.62625 0.4 0.62875 0.38666666666666666 0.6318750000000001 0.38583333333333336 0.638125 0.39 0.641875 0.3983333333333333 0.6425000000000001 0.4041666666666667 0.640625 0.4125 0.655625 0.37666666666666665 0.6568750000000001 0.36916666666666664 0.659375 0.3525 0.6575 0.34833333333333333 0.66 0.3383333333333333 0.6612500000000001 0.3125 0.660625 0.31333333333333335 0.6900000000000001 0.31666666666666665 0.6950000000000001
0 0.4484375 0.60546875 0.0015625 0.0015625
0 0.3775 0.60875 0.38333333333333336 0.6075 0.38583333333333336 0.6 0.38333333333333336 0.5956250000000001 0.3625 0.598125 0.37083333333333335 0.6012500000000001 0.3775 0.60875
0 0.49916666666666665 0.5987500000000001 0.49749999999999994 0.6056250000000001 0.505 0.599375 0.5091666666666667 0.6 0.5141666666666667 0.5975 0.5175 0.593125 0.5175 0.5900000000000001 0.5133333333333333 0.5875 0.495 0.590625 0.49333333333333335 0.591875 0.49916666666666665 0.5987500000000001
0 0.3158333333333333 0.6006250000000001 0.32416666666666666 0.6050000000000001 0.32166666666666666 0.5975 0.33166666666666667 0.59375 0.3383333333333333 0.59375 0.33999999999999997 0.5956250000000001 0.335 0.598125 0.3375 0.608125 0.3416666666666667 0.6056250000000001 0.345 0.5956250000000001 0.34750000000000003 0.5987500000000001 0.35583333333333333 0.5987500000000001 0.3575 0.59375 0.3625 0.591875 0.38249999999999995 0.59375 0.38666666666666666 0.588125 0.3908333333333333 0.588125 0.39166666666666666 0.5850000000000001 0.39916666666666667 0.5850000000000001 0.40750000000000003 0.588125 0.40750000000000003 0.591875 0.4125 0.59375 0.41 0.5987500000000001 0.41500000000000004 0.5987500000000001 0.4175 0.6056250000000001 0.425 0.6050000000000001 0.4291666666666667 0.601875 0.42833333333333334 0.5943750000000001 0.4325 0.586875 0.4383333333333333 0.591875 0.4458333333333333 0.5925 0.4508333333333333 0.6 0.4608333333333333 0.608125 0.46333333333333326 0.60375 0.47000000000000003 0.604375 0.47333333333333333 0.5987500000000001 0.475 0.590625 0.4652775 0.5900000000000001 0.4666666666666667 0.586875 0.47750000000000004 0.579375 0.4791666666666667 0.5725 0.49083333333333334 0.57625 0.49416666666666664 0.581875 0.5041666666666667 0.58125 0.5216666666666667 0.584375 0.5225 0.573125 0.5258333333333333 0.57125 0.5291666666666667 0.578125 0.5383333333333333 0.5787500000000001 0.5391666666666667 0.58125 0.5466666666666666 0.58125 0.5566666666666666 0.5850000000000001 0.5391666666666667 0.590625 0.5391666666666667 0.5943750000000001 0.5425 0.596875 0.5549999999999999 0.5956250000000001 0.5616666666666666 0.5875 0.5716666666666667 0.5856250000000001 0.5741666666666666 0.5831250000000001 0.5741666666666666 0.575625 0.5675 0.56375 0.5633333333333332 0.5650000000000001 0.5575 0.56 0.5466666666666666 0.56375 0.5441666666666667 0.559375 0.5391666666666667 0.556875 0.5258333333333333 0.556875 0.5116666666666666 0.56 0.5125 0.56375 0.505 0.566875 0.49916666666666665 0.56 0.48250000000000004 0.556875 0.4741666666666666 0.556875 0.4708333333333333 0.560625 0.4708333333333333 0.565625 0.4616666666666666 0.5643750000000001 0.45666666666666667 0.5587500000000001 0.43 0.560625 0.4325 0.5643750000000001 0.42416666666666664 0.5693750000000001 0.41583333333333333 0.56375 0.41500000000000004 0.560625 0.385 0.5631250000000001 0.37916666666666665 0.5675000000000001 0.37083333333333335 0.56375 0.36 0.56625 0.34249999999999997 0.565625 0.3375 0.5675000000000001 0.335 0.57125 0.34249999999999997 0.5775 0.33916666666666667 0.5806250000000001 0.3308333333333333 0.575625 0.3175 0.57625 0.31166666666666665 0.5737500000000001 0.30333333333333334 0.575625 0.30333333333333334 0.599375 0.3158333333333333 0.6006250000000001
0 0.4625 0.185625 0.4666666666666667 0.181875 0.46333333333333326 0.18 0.4608333333333333 0.181875 0.4625 0.185625
0 0.37333333333333335 0.184375 0.37666666666666665 0.183125 0.37666666666666665 0.17750000000000002 0.37 0.179375 0.36916666666666664 0.18250000000000002 0.37333333333333335 0.184375
0 0.4116666666666666 0.174375 0.4141666666666667 0.171875 0.4133333333333333 0.16812500000000002 0.40750000000000003 0.1625 0.4058333333333334 0.16312500000000002 0.40750000000000003 0.171875 0.4116666666666666 0.174375
0 0.28250000000000003 0.203125 0.29166666666666663 0.209375 0.31333333333333335 0.2 0.32166666666666666 0.2 0.3358333333333333 0.20375000000000001 0.35 0.20187500000000003 0.3616666666666667 0.1975 0.3725 0.1975 0.38166666666666665 0.20125 0.3908333333333333 0.20187500000000003 0.4175 0.195625 0.44000000000000006 0.20125 0.5216666666666667 0.20125 0.5391666666666667 0.205625 0.5491666666666666 0.203125 0.5525 0.19937500000000002 0.5433333333333333 0.19312500000000002 0.5358333333333334 0.175 0.5291666666666667 0.17125 0.5233333333333333 0.171875 0.5125 0.18812500000000001 0.5075000000000001 0.19187500000000002 0.5041666666666667 0.19187500000000002 0.4966666666666667 0.18625 0.4916666666666667 0.17375000000000002 0.48 0.169375 0.47333333333333333 0.17750000000000002 0.4708333333333333 0.18625 0.4666666666666667 0.19 0.45916666666666667 0.190625 0.44416666666666665 0.17 0.43499999999999994 0.16875 0.42666666666666664 0.181875 0.41916666666666663 0.176875 0.41500000000000004 0.178125 0.41500000000000004 0.183125 0.4125 0.184375 0.39583333333333337 0.164375 0.39 0.164375 0.39 0.16125 0.38916666666666666 0.17250000000000001 0.38166666666666665 0.186875 0.37583333333333335 0.19 0.36916666666666664 0.19 0.3491666666666667 0.164375 0.3416666666666667 0.165625 0.3416666666666667 0.16375 0.33166666666666667 0.16312500000000002 0.32999999999999996 0.15750000000000003 0.31416666666666665 0.15687500000000001 0.315 0.150625 0.30666666666666664 0.155 0.2925 0.178125 0.2816666666666666 0.19937500000000002 0.28250000000000003 0.203125
0 0.2833333333333333 0.19937500000000002 0.28500000000000003 0.20249999999999999 0.2891666666666667 0.20375000000000001 0.3058333333333333 0.19937500000000002 0.31 0.19437500000000002 0.32083333333333336 0.19625 0.33249999999999996 0.20125 0.3525 0.200625 0.365 0.195625 0.37416666666666665 0.19625 0.38333333333333336 0.2 0.3933333333333333 0.2 0.3975 0.19937500000000002 0.40083333333333326 0.195 0.4058333333333334 0.19625 0.41083333333333333 0.19437500000000002 0.4533333333333333 0.19625 0.47000000000000003 0.2 0.4875 0.200625 0.515 0.2 0.5225 0.1975 0.5325 0.20187500000000003 0.5391666666666667 0.20249999999999999 0.5508333333333333 0.19937500000000002 0.5425 0.19375 0.5333333333333333 0.175 0.5233333333333333 0.169375 0.5158333333333334 0.16062500000000002 0.49916666666666665 0.15125000000000002 0.48250000000000004 0.14625000000000002 0.47333333333333333 0.13625 0.44666666666666666 0.12562500000000001 0.4325 0.1275 0.42666666666666664 0.12562500000000001 0.39499999999999996 0.12562500000000001 0.38666666666666666 0.12875 0.38 0.12625000000000003 0.3675 0.12875 0.34833333333333333 0.1275 0.32166666666666666 0.14187500000000003 0.31083333333333335 0.150625 0.2966666666666667 0.17250000000000001 0.29083333333333333 0.18937500000000002 0.2833333333333333 0.19937500000000002