0 0.2265625 0.9347079037800687 0.30078125 0.9467353951890034 0.30703125 0.9312714776632303 0.30625 0.9243986254295533 0.29296875 0.9089347079037802 0.28515625 0.9123711340206186 0.2671875 0.9054982817869417 0.22734375 0.9020618556701031 0.21796875 0.9089347079037802 0.21953125 0.929553264604811 0.2265625 0.9347079037800687
0 0.69921875 0.16494845360824745 0.69921875 0.1941580756013746 0.715625 0.19587628865979384 0.7203125 0.16838487972508592 0.7203125 0.13230240549828182 0.703125 0.1288659793814433 0.69609375 0.14261168384879724 0.6953125 0.15463917525773196 0.69921875 0.16494845360824745
0 0.38359375 0.5893470790378007 0.3859375 0.577319587628866 0.38125 0.5756013745704468 0.3796875 0.577319587628866 0.38359375 0.5893470790378007
0 0.37578125 0.5601374570446735 0.37265625 0.5584192439862543 0.371875 0.5652920962199313 0.37578125 0.5601374570446735
0 0.38671875 0.563573883161512 0.3890625 0.5756013745704468 0.3953125 0.577319587628866 0.39296875 0.5670103092783505 0.39453125 0.5549828178694158 0.384375 0.5601374570446735 0.3828125 0.563573883161512 0.38671875 0.563573883161512
0 0.3734375 0.553125 0.0015625 0.003125
0 0.40234375 0.5601374570446735 0.40390625 0.5687285223367697 0.39765625 0.577319587628866 0.396875 0.5979381443298969 0.3921875 0.6151202749140894 0.39375 0.6219931271477663 0.46484375 0.6323024054982819 0.46875 0.6254295532646049 0.4734375 0.5395189003436427 0.47890625 0.513745704467354 0.47578125 0.5051546391752578 0.46640625 0.5068728522336771 0.4671875 0.4965635738831615 0.4640625 0.4914089347079038 0.453125 0.49312714776632305 0.4421875 0.48453608247422686 0.43125 0.4896907216494846 0.41953125 0.48797250859106533 0.41484375 0.49312714776632305 0.4078125 0.4914089347079038 0.40546875 0.5051546391752578 0.409375 0.5103092783505155 0.40234375 0.5189003436426117 0.40703125 0.5257731958762888 0.4 0.5429553264604812 0.3984375 0.5360824742268042 0.39453125 0.5360824742268042 0.4046875 0.5549828178694158 0.40234375 0.5601374570446735
0 0.45234375 0.06529209621993128 0.4546875 0.07216494845360825 0.48046875 0.07216494845360825 0.50703125 0.061855670103092786 0.5234375 0.06872852233676977 0.5296875 0.04810996563573884 0.52578125 0.03780068728522337 0.52109375 0.03608247422680413 0.46953125 0.04639175257731959 0.43828125 0.07216494845360825 0.45078125 0.07216494845360825 0.45234375 0.06529209621993128
0 0.39921875 0.7646048109965636 0.41328125 0.7697594501718215 0.41484375 0.7783505154639176 0.4203125 0.7817869415807561 0.42265625 0.7800687285223369 0.42421875 0.7680412371134021 0.4359375 0.7628865979381444 0.4578125 0.7611683848797252 0.49296875 0.7697594501718215 0.51015625 0.7628865979381444 0.509375 0.7302405498281788 0.4953125 0.7233676975945018 0.4984375 0.6993127147766324 0.49453125 0.7079037800687286 0.490625 0.6975945017182131 0.41171875 0.6958762886597938 0.40546875 0.6993127147766324 0.40546875 0.7044673539518901 0.40078125 0.7044673539518901 0.396875 0.7164948453608248 0.3953125 0.7353951890034365 0.39921875 0.7646048109965636
0 0.1859375 0.44296875 0.00546875 0.003125
0 0.17421875 0.43814432989690727 0.18203125 0.43814432989690727 0.18125 0.4553264604810997 0.15 0.4587628865979382 0.1546875 0.48797250859106533 0.16640625 0.4965635738831615 0.20390625 0.49312714776632305 0.2203125 0.5017182130584193 0.23046875 0.4948453608247423 0.23203125 0.4776632302405499 0.22734375 0.4450171821305842 0.21953125 0.4484536082474227 0.2140625 0.4312714776632303 0.1953125 0.4261168384879725 0.19296875 0.43298969072164956 0.18828125 0.4261168384879725 0.18828125 0.4347079037800688 0.1828125 0.43642611683848803 0.18203125 0.4261168384879725 0.178125 0.4312714776632303 0.175 0.42783505154639184 0.1765625 0.43298969072164956 0.17421875 0.43814432989690727
0 0.15390625 0.45360824742268047 0.15546875 0.44673539518900346 0.16796875 0.4450171821305842 0.16640625 0.44158075601374575 0.15078125 0.443298969072165 0.15390625 0.45360824742268047
0 0.12578125 0.3402061855670103 0.1265625 0.3608247422680413 0.13203125 0.3711340206185567 0.1328125 0.39003436426116844 0.140625 0.4037800687285224 0.14375 0.42439862542955326 0.2140625 0.422680412371134 0.21486607142857142 0.4240058910162003 0.215625 0.41065292096219935 0.209375 0.4037800687285224 0.2171875 0.39862542955326463 0.21328125 0.3780068728522337 0.2171875 0.3436426116838488 0.20859375 0.3247422680412372 0.20390625 0.29553264604810997 0.17265625 0.288659793814433 0.13046875 0.29037800687285226 0.1234375 0.29553264604810997 0.12265625 0.3041237113402062 0.12578125 0.3195876288659794 0.12265625 0.3298969072164949 0.12578125 0.3402061855670103
0 0.184375 0.731958762886598 0.1890625 0.7680412371134021 0.1890625 0.7852233676975946 0.20234375 0.809278350515464 0.2015625 0.8195876288659795 0.20703125 0.8316151202749141 0.20546875 0.845360824742268 0.21015625 0.8487972508591065 0.20859375 0.8367697594501718 0.21796875 0.8333333333333334 0.228125 0.8367697594501718 0.225 0.8470790378006873 0.2171875 0.8487972508591065 0.23203125 0.8470790378006873 0.23359375 0.8367697594501718 0.2375 0.8470790378006873 0.23828125 0.8384879725085911 0.24453125 0.8316151202749141 0.24375 0.8487972508591065 0.2796875 0.8556701030927837 0.2875 0.8487972508591065 0.2859375 0.8298969072164949 0.27890625 0.8213058419243987 0.26796875 0.8178694158075602 0.26875 0.8041237113402062 0.2796875 0.8006872852233677 0.27890625 0.7800687285223369 0.2859375 0.7508591065292097 0.28359375 0.7439862542955327 0.2859375 0.7268041237113403 0.28359375 0.718213058419244 0.2703125 0.7044673539518901 0.26875 0.6975945017182131 0.27421875 0.6907216494845361 0.265625 0.6752577319587629 0.23828125 0.6632302405498283 0.2015625 0.6666666666666667 0.196875 0.668384879725086 0.19453125 0.6769759450171822 0.1921875 0.6718213058419245 0.190625 0.6838487972508591 0.18828125 0.6855670103092784 0.1890625 0.6958762886597938 0.1796875 0.7044673539518901 0.17890625 0.7147766323024055 0.184375 0.731958762886598
0 0.2296875 0.64375 0.00078125 0.0015625
0 0.25 0.6426116838487973 0.24453125 0.6408934707903781 0.2421875 0.6443298969072165 0.25 0.6426116838487973
0 0.59296875 0.15635738831615123 0.59453125 0.10481099656357389 0.5828125 0.09793814432989692 0.58125 0.10309278350515465 0.5703125 0.10309278350515465 0.5671875 0.11168384879725086 0.5671875 0.15807560137457047 0.59296875 0.15635738831615123
0 0.26953125 0.6408934707903781 0.27578125 0.6494845360824744 0.2734375 0.6563573883161513 0.27890625 0.6632302405498283 0.2828125 0.7061855670103093 0.2875 0.7199312714776632 0.2875 0.7508591065292097 0.28125 0.7817869415807561 0.28203125 0.79553264604811 0.29140625 0.8178694158075602 0.2921875 0.8470790378006873 0.3 0.8659793814432991 0.2984375 0.9072164948453609 0.30859375 0.9226804123711341 0.309375 0.9450171821305842 0.359375 0.9536082474226806 0.37578125 0.9501718213058419 0.378125 0.9347079037800687 0.37109375 0.9209621993127148 0.36953125 0.9089347079037802 0.371875 0.9003436426116839 0.3765625 0.9003436426116839 0.38828125 0.9312714776632303 0.38828125 0.9553264604810998 0.396875 0.9553264604810998 0.40078125 0.9381443298969072 0.40234375 0.9037800687285223 0.40078125 0.8419243986254296 0.39453125 0.8127147766323025 0.396875 0.7852233676975946 0.38828125 0.7405498281786942 0.38671875 0.6494845360824744 0.3828125 0.6323024054982819 0.3515625 0.6202749140893471 0.35703125 0.5790378006872853 0.3671875 0.5532646048109966 0.375 0.5223367697594502 0.3703125 0.5171821305841925 0.34453125 0.5154639175257733 0.3359375 0.5085910652920963 0.32109375 0.5068728522336771 0.275 0.5876288659793815 0.26796875 0.6082474226804124 0.2609375 0.6151202749140894 0.26171875 0.6391752577319588 0.26953125 0.6408934707903781
0 0.45 0.44296875 0.00078125 0.003125
0 0.47421875 0.443298969072165 0.4734375 0.43642611683848803 0.46484375 0.4398625429553265 0.46328125 0.4347079037800688 0.4609375 0.4450171821305842 0.47421875 0.443298969072165
0 0.4140625 0.4828178694158076 0.42421875 0.4810996563573884 0.43515625 0.48797250859106533 0.45625 0.48453608247422686 0.4734375 0.4914089347079038 0.484375 0.5103092783505155 0.49453125 0.5154639175257733 0.50625 0.513745704467354 0.5171875 0.527491408934708 0.521875 0.5257731958762888 0.52578125 0.520618556701031 0.525 0.5 0.52890625 0.4965635738831615 0.5296875 0.4862542955326461 0.52890625 0.4553264604810997 0.53203125 0.41065292096219935 0.53046875 0.3539518900343643 0.52890625 0.3470790378006873 0.525 0.3470790378006873 0.51953125 0.3556701030927835 0.5234375 0.372852233676976 0.51875 0.38487972508591073 0.51640625 0.3762886597938145 0.51171875 0.3762886597938145 0.509375 0.4072164948453609 0.5015625 0.4175257731958763 0.5015625 0.4312714776632303 0.4921875 0.43814432989690727 0.4953125 0.44673539518900346 0.490625 0.4518900343642612 0.48828125 0.4639175257731959 0.46953125 0.46563573883161513 0.4421875 0.4587628865979382 0.41171875 0.4639175257731959 0.41171875 0.4776632302405499 0.4140625 0.4828178694158076
0 0.52421875 0.3264604810996564 0.52734375 0.33161512027491413 0.52578125 0.34192439862542956 0.52890625 0.34192439862542956 0.528125 0.3178694158075602 0.53046875 0.30927835051546393 0.5265625 0.30927835051546393 0.528125 0.3144329896907217 0.52421875 0.3264604810996564
0 0.3765625 0.4765625 0.0015625 0.0015625
0 0.3125 0.2611683848797251 0.30703125 0.26460481099656363 0.30625 0.2680412371134021 0.31015625 0.2714776632302406 0.30546875 0.2800687285223368 0.3046875 0.29381443298969073 0.30625 0.32817869415807566 0.31015625 0.35223367697594504 0.3140625 0.359106529209622 0.31015625 0.4037800687285224 0.3203125 0.43814432989690727 0.31875 0.4450171821305842 0.321875 0.45360824742268047 0.31953125 0.4690721649484536 0.32109375 0.4896907216494846 0.32578125 0.48453608247422686 0.325390625 0.4896907216494846 0.32734375 0.4810996563573884 0.3296875 0.4896907216494846 0.3390625 0.4896907216494846 0.3375 0.4776632302405499 0.3328125 0.4776632302405499 0.33359375 0.4690721649484536 0.3421875 0.4690721649484536 0.3421875 0.4776632302405499 0.34296875 0.4587628865979382 0.3484375 0.4553264604810997 0.36328125 0.4553264604810997 0.36953125 0.4690721649484536 0.38046875 0.4690721649484536 0.384375 0.47594501718213056 0.3890625 0.47594501718213056 0.4 0.46219931271477666 0.4015625 0.45704467353951894 0.3984375 0.4347079037800688 0.40078125 0.4295532646048111 0.40078125 0.4175257731958763 0.39765625 0.40034364261168387 0.4 0.3780068728522337 0.396875 0.3608247422680413 0.3984375 0.3041237113402062 0.39375 0.281786941580756 0.39375 0.2457044673539519 0.390625 0.24226804123711343 0.3921875 0.22680412371134023 0.39453125 0.22508591065292097 0.3921875 0.21993127147766325 0.39375 0.20962199312714777 0.38984375 0.22336769759450173 0.38671875 0.22336769759450173 0.38359375 0.21305841924398625 0.38671875 0.20962199312714777 0.38515625 0.2061855670103093 0.38203125 0.21305841924398625 0.3796875 0.211340206185567 0.380859375 0.2061855670103093 0.37734375 0.20962199312714777 0.37109375 0.20274914089347082 0.36796875 0.2061855670103093 0.36953125 0.21305841924398625 0.365625 0.21305841924398625 0.359375 0.20274914089347082 0.34296875 0.19931271477663232 0.3390625 0.20962199312714777 0.33046875 0.20790378006872853 0.328125 0.21477663230240554 0.32265625 0.20962199312714777 0.32421875 0.2216494845360825 0.3328125 0.2302405498281787 0.33125 0.23539518900343642 0.30546875 0.2405498281786942 0.30546875 0.2508591065292097 0.3125 0.2611683848797251
0 0.39765625 0.18728522336769762 0.403125 0.20790378006872853 0.403125 0.22680412371134023 0.3984375 0.2405498281786942 0.39765625 0.2680412371134021 0.4078125 0.281786941580756 0.40703125 0.30068728522336774 0.41328125 0.3075601374570447 0.42161484375 0.3075601374570447 0.4234375 0.30068728522336774 0.42578125 0.3075601374570447 0.434375 0.302405498281787 0.44296875 0.30927835051546393 0.44609375 0.30068728522336774 0.45 0.30068728522336774 0.4515625 0.30927835051546393 0.4875 0.31271477663230246 0.4890625 0.2920962199312715 0.49296875 0.288659793814433 0.48984375 0.2800687285223368 0.5140625 0.26632302405498287 0.51484375 0.2577319587628866 0.52578125 0.23367697594501718 0.525 0.21477663230240554 0.5296875 0.2061855670103093 0.5296875 0.17353951890034364 0.5203125 0.15635738831615123 0.51484375 0.15807560137457047 0.50234375 0.17869415807560138 0.49140625 0.1752577319587629 0.48828125 0.18213058419243988 0.4640625 0.1752577319587629 0.40703125 0.1752577319587629 0.40703125 0.18213058419243988 0.39765625 0.18728522336769762
0 0.42890625 0.15390625 0.0015625 0.0015625
0 0.484375 0.15292096219931273 0.484375 0.14776632302405499 0.48203125 0.15292096219931273 0.484375 0.15292096219931273
0 0.49921875 0.14776632302405499 0.503125 0.13917525773195877 0.50625 0.14776632302405499 0.51328125 0.14604810996563575 0.50703125 0.13745704467353953 0.4890625 0.13917525773195877 0.4984375 0.140893470790378 0.49921875 0.14776632302405499
0 0.44375 0.1357388316151203 0.44453125 0.140893470790378 0.4484375 0.13402061855670105 0.44609375 0.13058419243986255 0.440625 0.13745704467353953 0.43984375 0.140893470790378 0.44375 0.1357388316151203
0 0.1125 0.288659793814433 0.12265625 0.31099656357388317 0.121875 0.32817869415807566 0.12578125 0.33676975945017185 0.128125 0.3625429553264605 0.1328125 0.372852233676976 0.13359375 0.3934707903780069 0.13984375 0.4020618556701031 0.14140625 0.4209621993127148 0.14765625 0.43642611683848803 0.14765625 0.4553264604810997 0.15390625 0.46563573883161513 0.15625 0.4862542955326461 0.1671875 0.49312714776632305 0.196875 0.48797250859106533 0.2234375 0.4948453608247423 0.22734375 0.4896907216494846 0.22421875 0.443298969072165 0.2171875 0.42439862542955326 0.2140625 0.4037800687285224 0.2125 0.3625429553264605 0.21484375 0.3402061855670103 0.20546875 0.3264604810996564 0.20546875 0.30068728522336774 0.19609375 0.288659793814433 0.1953125 0.2731958762886598 0.190625 0.2731958762886598 0.190625 0.26460481099656363 0.19453125 0.2577319587628866 0.19140625 0.25945017182130586 0.1921875 0.2525773195876289 0.17734375 0.24742268041237114 0.1609375 0.2525773195876289 0.11484375 0.2508591065292097 0.10859375 0.25429553264604815 0.1125 0.288659793814433
0 0.10625 0.2296875 0.00078125 0.0015625
0 0.1125 0.22508591065292097 0.1125 0.21649484536082478 0.10546875 0.21649484536082478 0.10234375 0.2216494845360825 0.1125 0.22508591065292097
0 0.45703125 0.38659793814432997 0.45234375 0.38487972508591073 0.45078125 0.38659793814432997 0.45703125 0.38659793814432997
0 0.4890625 0.39003436426116844 0.4875 0.38487972508591073 0.4796875 0.38487972508591073 0.4796875 0.3917525773195877 0.4890625 0.39003436426116844
0 0.475 0.39003436426116844 0.46953125 0.38316151202749144 0.46484375 0.38659793814432997 0.475 0.39003436426116844
0 0.4046875 0.2457044673539519 0.4 0.2508591065292097 0.40703125 0.2508591065292097 0.409375 0.23711340206185566 0.40546875 0.2302405498281787 0.40078125 0.23539518900343642 0.4 0.23883161512027495 0.4046875 0.2457044673539519
0 0.4015625 0.32817869415807566 0.4015625 0.35223367697594504 0.40390625 0.35738831615120276 0.4546875 0.35223367697594504 0.5 0.359106529209622 0.50859375 0.35223367697594504 0.5125 0.33161512027491413 0.5109375 0.3247422680412372 0.51875 0.3144329896907217 0.51953125 0.281786941580756 0.52421875 0.27835051546391754 0.525 0.2680412371134021 0.5296875 0.25945017182130586 0.5265625 0.24742268041237114 0.528125 0.2216494845360825 0.52578125 0.2061855670103093 0.52109375 0.20446735395189006 0.515625 0.21477663230240554 0.509375 0.21649484536082478 0.50703125 0.22508591065292097 0.49765625 0.22680412371134023 0.4953125 0.23539518900343642 0.47890625 0.23367697594501718 0.4765625 0.24226804123711343 0.47421875 0.23539518900343642 0.465625 0.23367697594501718 0.46796875 0.2457044673539519 0.46640625 0.24914089347079038 0.46171875 0.24398625429553267 0.45859375 0.23195876288659795 0.4140625 0.23539518900343642 0.41328125 0.2508591065292097 0.425 0.2508591065292097 0.42890625 0.2628865979381444 0.425 0.26975945017182135 0.4046875 0.27835051546391754 0.40546875 0.2920962199312715 0.4015625 0.32817869415807566
0 0.44609375 0.20546875 0.0015625 0.0015625
0 0.4453125 0.19921875 0.00078125 0.003125
0 0.459375 0.3 0.00078125 0.0015625
0 0.459375 0.290625 0.0015625 0.003125
0 0.40078125 0.2731958762886598 0.4671875 0.2731958762886598 0.4703125 0.281786941580756 0.465625 0.30584192439862545 0.48203125 0.31271477663230246 0.4875 0.3041237113402062 0.4871875 0.2766323024054983 0.4953125 0.2766323024054983 0.509375 0.26460481099656363 0.51015625 0.24914089347079038 0.51875 0.22680412371134023 0.5234375 0.22336769759450173 0.5203125 0.21649484536082478 0.52734375 0.2061855670103093 0.52890625 0.17869415807560138 0.51640625 0.17697594501718214 0.509375 0.18728522336769762 0.496875 0.18728522336769762 0.48828125 0.1941580756013746 0.475 0.18728522336769762 0.46640625 0.1907216494845361 0.4609375 0.18556701030927836 0.45234375 0.18900343642611686 0.42578125 0.18384879725085912 0.41875 0.1941580756013746 0.41015625 0.19243986254295536 0.40234375 0.20103092783505155 0.403125 0.22508591065292097 0.3984375 0.23883161512027495 0.39765625 0.2680412371134021 0.40078125 0.2731958762886598
0 0.56640625 0.288659793814433 0.56875 0.2800687285223368 0.58828125 0.27835051546391754 0.5921875 0.26460481099656363 0.59140625 0.24742268041237114 0.5875 0.23711340206185566 0.575 0.23711340206185566 0.57265625 0.24398625429553267 0.5671875 0.23711340206185566 0.56953125 0.24398625429553267 0.56328125 0.2611683848797251 0.5625 0.2714776632302406 0.56640625 0.288659793814433
0 0.5640625 0.15807560137457047 0.56484375 0.12371134020618557 0.56015625 0.11855670103092783 0.5640625 0.11168384879725086 0.56328125 0.10652920962199312 0.55390625 0.11855670103092783 0.5359375 0.10824742268041239 0.53671875 0.16151202749140894 0.5640625 0.15807560137457047
0 0.55859375 0.3041237113402062 0.5625 0.24398625429553267 0.5625 0.16666666666666669 0.56015625 0.16151202749140894 0.5359375 0.16494845360824745 0.53359375 0.18556701030927836 0.534375 0.30068728522336774 0.55859375 0.3041237113402062
0 0.6 0.06701030927835053 0.59921875 0.07731958762886598 0.60859375 0.08247422680412372 0.61875 0.07388316151202749 0.62265625 0.07560137457044674 0.625 0.03951890034364262 0.59453125 0.04123711340206186 0.59296875 0.04639175257731959 0.6 0.06701030927835053
0 0.61875 0.14261168384879724 0.62265625 0.06529209621993128 0.60546875 0.070446735395189 0.5984375 0.08075601374570447 0.59765625 0.1443298969072165 0.61875 0.14261168384879724
0 0.590625 0.302405498281787 0.58828125 0.26460481099656363 0.5859375 0.26975945017182135 0.5640625 0.26975945017182135 0.56328125 0.3041237113402062 0.590625 0.302405498281787
0 0.43671875 0.05498281786941581 0.459375 0.051546391752577324 0.4640625 0.0429553264604811 0.46171875 0.03608247422680413 0.45546875 0.03436426116838488 0.4359375 0.03780068728522337 0.43203125 0.044673539518900345 0.43203125 0.05326460481099656 0.43671875 0.05498281786941581
0 0.48828125 0.39003436426116844 0.48515625 0.38316151202749144 0.4796875 0.38487972508591073 0.47890625 0.39003436426116844 0.48828125 0.39003436426116844
0 0.4734375 0.38659793814432997 0.4703125 0.38316151202749144 0.4671875 0.38659793814432997 0.4734375 0.38659793814432997
0 0.4046875 0.359106529209622 0.43515625 0.35223367697594504 0.48984375 0.3608247422680413 0.5078125 0.3556701030927835 0.5109375 0.3402061855670103 0.515625 0.33676975945017185 0.51640625 0.3298969072164949 0.5140625 0.3247422680412372 0.51953125 0.31615120274914094 0.52109375 0.281786941580756 0.525 0.27835051546391754 0.53046875 0.2611683848797251 0.5265625 0.24742268041237114 0.5265625 0.22508591065292097 0.525 0.21993127147766325 0.521875 0.2216494845360825 0.51328125 0.23711340206185566 0.5125 0.2508591065292097 0.5078125 0.25429553264604815 0.5078125 0.26460481099656363 0.5 0.2766323024054983 0.4296875 0.2714776632302406 0.4078125 0.27835051546391754 0.4015625 0.3195876288659794 0.40078125 0.3539518900343643 0.4046875 0.359106529209622
0 0.20625 0.8470790378006873 0.21328125 0.8573883161512029 0.2171875 0.8539518900343642 0.2203125 0.8625429553264606 0.2171875 0.8728522336769761 0.22578125 0.8728522336769761 0.225 0.8556701030927837 0.2296875 0.8505154639175257 0.28515625 0.8608247422680414 0.2890625 0.8608247422680414 0.28984375 0.8539518900343642 0.29296875 0.8608247422680414 0.29453125 0.8573883161512029 0.2890625 0.845360824742268 0.2890625 0.8127147766323025 0.27890625 0.7972508591065293 0.265625 0.7989690721649485 0.25625 0.7886597938144331 0.221875 0.7886597938144331 0.19765625 0.79553264604811 0.20078125 0.8264604810996564 0.20625 0.8470790378006873
0 0.21875 0.8934707903780069 0.22265625 0.9312714776632303 0.28828125 0.9432989690721649 0.30078125 0.9432989690721649 0.30703125 0.9312714776632303 0.30703125 0.9226804123711341 0.2984375 0.9037800687285223 0.30078125 0.8694158075601376 0.2921875 0.8350515463917526 0.29375 0.8127147766323025 0.28359375 0.7972508591065293 0.28046875 0.7766323024054984 0.2546875 0.7766323024054984 0.24609375 0.7852233676975946 0.22265625 0.7852233676975946 0.2015625 0.7938144329896908 0.2015625 0.8264604810996564 0.21875 0.8934707903780069
0 0.21796875 0.7371134020618557 0.21640625 0.7353951890034365 0.2125 0.7371134020618557 0.21796875 0.7371134020618557
0 0.2828125 0.7405498281786942 0.2859375 0.7216494845360826 0.27578125 0.7061855670103093 0.271875 0.7079037800687286 0.271875 0.7233676975945018 0.2828125 0.7405498281786942
0 0.56640625 0.211340206185567 0.59140625 0.211340206185567 0.59453125 0.1752577319587629 0.59140625 0.1597938144329897 0.5671875 0.1597938144329897 0.5640625 0.1718213058419244 0.56328125 0.20274914089347082 0.56640625 0.211340206185567
0 0.40625 0.8367697594501718 0.40859375 0.8883161512027492 0.41796875 0.8831615120274915 0.4265625 0.88659793814433 0.43203125 0.879725085910653 0.43984375 0.8848797250859107 0.50859375 0.8900343642611684 0.51015625 0.8556701030927837 0.5046875 0.8333333333333334 0.50859375 0.8298969072164949 0.5078125 0.809278350515464 0.42734375 0.8006872852233677 0.4109375 0.802405498281787 0.40546875 0.809278350515464 0.40390625 0.8316151202749141 0.40625 0.8367697594501718
0 0.45625 0.7766323024054984 0.459375 0.7749140893470792 0.45859375 0.7714776632302407 0.45390625 0.7731958762886599 0.45625 0.7766323024054984
0 0.40390625 0.7577319587628867 0.403125 0.7646048109965636 0.419921875 0.7663230240549829 0.41953125 0.7783505154639176 0.42265625 0.7800687285223369 0.42578125 0.7663230240549829 0.45390625 0.7663230240549829 0.453125 0.752577319587629 0.45625 0.7474226804123713 0.4640625 0.7474226804123713 0.465625 0.7611683848797252 0.46875 0.7646048109965636 0.490625 0.7680412371134021 0.49453125 0.7749140893470792 0.50859375 0.7663230240549829 0.5125 0.7027491408934708 0.4265625 0.6941580756013745 0.40078125 0.6993127147766324 0.396875 0.7096219931271478 0.39765625 0.7542955326460482 0.40390625 0.7577319587628867
0 0.61953125 0.22852233676975947 0.62265625 0.21649484536082478 0.6234375 0.17353951890034364 0.60390625 0.16838487972508592 0.5953125 0.17353951890034364 0.5953125 0.21649484536082478 0.61953125 0.22852233676975947
0 0.2015625 0.2714776632302406 0.19921875 0.27491408934707906 0.20078125 0.28350515463917525 0.21015625 0.29037800687285226 0.209375 0.29896907216494845 0.2125 0.29553264604810997 0.2171875 0.3195876288659794 0.2625 0.3247422680412372 0.27421875 0.3195876288659794 0.28671875 0.32130584192439865 0.2921875 0.31615120274914094 0.2890625 0.29896907216494845 0.29609375 0.28350515463917525 0.29765625 0.2628865979381444 0.29296875 0.2508591065292097 0.28984375 0.21305841924398625 0.26875 0.21477663230240554 0.24296875 0.20790378006872853 0.19609375 0.21305841924398625 0.19609375 0.23367697594501718 0.2015625 0.2714776632302406
0 0.39296875 0.929553264604811 0.39609375 0.9209621993127148 0.39375 0.9209621993127148 0.39296875 0.929553264604811
0 0.39609375 0.9209621993127148 0.39765625 0.929553264604811 0.39921875 0.9278350515463918 0.39921875 0.9209621993127148 0.39609375 0.9209621993127148
0 0.2921875 0.7972508591065293 0.28515625 0.8006872852233677 0.28671875 0.8109965635738833 0.29140625 0.8178694158075602 0.2921875 0.8470790378006873 0.2953125 0.8608247422680414 0.3046875 0.8762886597938145 0.3 0.88659793814433 0.3046875 0.8986254295532646 0.303125 0.9106529209621994 0.31015625 0.9175257731958764 0.32734375 0.9175257731958764 0.32734375 0.9072164948453609 0.33125 0.9020618556701031 0.36640625 0.9020618556701031 0.3671875 0.9072164948453609 0.37265625 0.8934707903780069 0.3859375 0.9089347079037802 0.40078125 0.9072164948453609 0.40234375 0.8419243986254296 0.39609375 0.8109965635738833 0.39453125 0.7714776632302407 0.3921875 0.7714776632302407 0.39296875 0.7817869415807561 0.390625 0.7869415807560138 0.38125 0.7938144329896908 0.35 0.7920962199312716 0.32421875 0.7817869415807561 0.3015625 0.7800687285223369 0.30078125 0.7938144329896908 0.29296875 0.7989690721649485 0.29609375 0.7817869415807561 0.29296875 0.7766323024054984 0.28515625 0.7783505154639176 0.284375 0.7817869415807561 0.2921875 0.7972508591065293
0 0.28984375 0.7852233676975946 0.28984375 0.8058419243986255 0.29375 0.816151202749141 0.29296875 0.8419243986254296 0.3 0.8711340206185568 0.2984375 0.9106529209621994 0.30703125 0.9209621993127148 0.30703125 0.9450171821305842 0.3765625 0.9553264604810998 0.38359375 0.9415807560137457 0.3859375 0.9587628865979383 0.38828125 0.9604810996563575 0.39609375 0.9604810996563575 0.40078125 0.9501718213058419 0.4046875 0.9140893470790379 0.4015625 0.879725085910653 0.403125 0.8539518900343642 0.3953125 0.8058419243986255 0.39609375 0.7800687285223369 0.39375 0.7697594501718215 0.38984375 0.7903780068728523 0.38125 0.7938144329896908 0.34765625 0.7938144329896908 0.3203125 0.7800687285223369 0.30234375 0.7817869415807561 0.29921875 0.7886597938144331 0.298046875 0.7817869415807561 0.29609375 0.7869415807560138 0.28984375 0.7783505154639176 0.2875 0.7817869415807561 0.28984375 0.7852233676975946
0 0.5359375 0.20274914089347082 0.553125 0.19931271477663232 0.56171875 0.1907216494845361 0.56171875 0.16151202749140894 0.534375 0.16666666666666669 0.53359375 0.18556701030927836 0.5359375 0.20274914089347082
0 0.05390625 0.6168384879725086 0.0828125 0.6151202749140894 0.084375 0.6288659793814434 0.078125 0.6340206185567011 0.078125 0.6426116838487973 0.08203125 0.6529209621993128 0.09921875 0.6494845360824744 0.103125 0.6426116838487973 0.10546875 0.6202749140893471 0.13046875 0.6237113402061857 0.1453125 0.6116838487972509 0.1859375 0.5652920962199313 0.209375 0.5292096219931273 0.21796875 0.513745704467354 0.21796875 0.5085910652920963 0.209375 0.49828178694158076 0.1921875 0.49828178694158076 0.18671875 0.5034364261168386 0.14609375 0.49828178694158076 0.11875 0.5240549828178694 0.09765625 0.5549828178694158 0.09140625 0.5567010309278351 0.0828125 0.570446735395189 0.07265625 0.577319587628866 0.06484375 0.5927835051546392 0.05234375 0.5996563573883162 0.05 0.6116838487972509 0.05390625 0.6168384879725086
0 0.2203125 0.36769759450171824 0.22421875 0.37972508591065296 0.2265625 0.41065292096219935 0.23125 0.4175257731958763 0.22734375 0.4209621993127148 0.2265625 0.4312714776632303 0.23125 0.4484536082474227 0.23046875 0.4604810996563574 0.234375 0.4896907216494846 0.24296875 0.4965635738831615 0.29375 0.4948453608247423 0.30703125 0.5 0.3109375 0.4948453608247423 0.31328125 0.4312714776632303 0.3078125 0.4089347079037801 0.30859375 0.3694158075601375 0.30546875 0.359106529209622 0.30390625 0.3298969072164949 0.3 0.3264604810996564 0.2875 0.33161512027491413 0.2203125 0.33161512027491413 0.2234375 0.35223367697594504 0.2203125 0.36769759450171824
0 0.18125 0.809278350515464 0.178125 0.8144329896907218 0.165625 0.809278350515464 0.1640625 0.816151202749141 0.153125 0.809278350515464 0.14609375 0.8195876288659795 0.14140625 0.8127147766323025 0.13203125 0.8144329896907218 0.12578125 0.809278350515464 0.12578125 0.8195876288659795 0.1359375 0.8350515463917526 0.13359375 0.8419243986254296 0.13515625 0.845360824742268 0.13671875 0.8470790378006873 0.13671875 0.8367697594501718 0.14296875 0.8402061855670103 0.1421875 0.8487972508591065 0.14453125 0.8470790378006873 0.1421875 0.8316151202749141 0.14765625 0.8316151202749141 0.146875 0.8230240549828179 0.15078125 0.8178694158075602 0.153125 0.8247422680412372 0.15859375 0.8264604810996564 0.16328125 0.8264604810996564 0.16484375 0.8178694158075602 0.16796875 0.8178694158075602 0.1703125 0.8213058419243987 0.16796875 0.8264604810996564 0.1734375 0.8316151202749141 0.17734375 0.8230240549828179 0.17890625 0.8333333333333334 0.178125 0.8247422680412372 0.18203125 0.8247422680412372 0.183203125 0.8333333333333334 0.18828125 0.8350515463917526 0.18984375 0.8281786941580757 0.1953125 0.8367697594501718 0.19609375 0.8264604810996564 0.1875 0.8264604810996564 0.18515625 0.809278350515464 0.18203125 0.8144329896907218 0.18125 0.809278350515464
0 0.0984375 0.6752577319587629 0.10078125 0.6701030927835052 0.09765625 0.6632302405498283 0.0875 0.6649484536082475 0.08515625 0.6752577319587629 0.0984375 0.6752577319587629
0 0.1 0.7233676975945018 0.1015625 0.7439862542955327 0.109375 0.7542955326460482 0.1125 0.7714776632302407 0.14375 0.7731958762886599 0.171875 0.7852233676975946 0.1859375 0.7852233676975946 0.184375 0.7474226804123713 0.17890625 0.7302405498281788 0.17578125 0.6993127147766324 0.16796875 0.6769759450171822 0.15390625 0.6632302405498283 0.11484375 0.6546391752577321 0.11328125 0.661512027491409 0.125 0.6718213058419245 0.125 0.6786941580756014 0.128125 0.6804123711340206 0.12708359375 0.6907216494845361 0.1078125 0.6872852233676976 0.10078125 0.6924398625429553 0.09375 0.7147766323024055 0.1 0.7233676975945018
0 0.29140625 0.15292096219931273 0.29609375 0.14604810996563575 0.3078125 0.14776632302405499 0.3140625 0.13230240549828182 0.3203125 0.13230240549828182 0.32734375 0.140893470790378 0.33125 0.13058419243986255 0.33125 0.12199312714776633 0.32734375 0.11855670103092783 0.32890625 0.10996563573883163 0.31796875 0.09278350515463918 0.28828125 0.09621993127147768 0.27890625 0.11512027491408935 0.27890625 0.13402061855670105 0.29140625 0.15292096219931273
0 0.24140625 0.6924398625429553 0.2375 0.6890034364261168 0.2359375 0.6924398625429553 0.24140625 0.6924398625429553
0 0.26015625 0.6443298969072165 0.259375 0.6597938144329898 0.25390625 0.6786941580756014 0.25859375 0.6786941580756014 0.25859375 0.6890034364261168 0.2640625 0.6958762886597938 0.2609375 0.7027491408934708 0.26171875 0.7079037800687286 0.26640625 0.7044673539518901 0.27265625 0.711340206185567 0.2765625 0.7096219931271478 0.284375 0.7199312714776632 0.2828125 0.738831615120275 0.28828125 0.7491408934707905 0.2859375 0.7628865979381444 0.290625 0.7714776632302407 0.3265625 0.7800687285223369 0.3515625 0.7800687285223369 0.3578125 0.7852233676975946 0.3828125 0.7852233676975946 0.3859375 0.7783505154639176 0.38359375 0.7680412371134021 0.37890625 0.7680412371134021 0.37109375 0.7577319587628867 0.38671875 0.7353951890034365 0.38671875 0.7061855670103093 0.38359375 0.7027491408934708 0.3859375 0.6958762886597938 0.38359375 0.6855670103092784 0.3859375 0.6649484536082475 0.37890625 0.6580756013745706 0.38125 0.6460481099656358 0.3765625 0.6357388316151203 0.35078125 0.6202749140893471 0.35625 0.5807560137457045 0.3734375 0.5309278350515465 0.37265625 0.520618556701031 0.3453125 0.5171821305841925 0.33828125 0.5103092783505155 0.32109375 0.5068728522336771 0.31171875 0.5171821305841925 0.29609375 0.5515463917525774 0.28828125 0.5601374570446735 0.2546875 0.6254295532646049 0.25625 0.6374570446735396 0.26015625 0.6443298969072165
0 0.2046875 0.4209621993127148 0.19921875 0.41924398625429554 0.1875 0.4209621993127148 0.2046875 0.4209621993127148
0 0.16640625 0.41408934707903783 0.15078125 0.4072164948453609 0.14375 0.41408934707903783 0.16640625 0.41408934707903783
0 0.12265625 0.32817869415807566 0.12578125 0.33676975945017185 0.12734375 0.3625429553264605 0.1328125 0.372852233676976 0.13359375 0.3934707903780069 0.13984375 0.4020618556701031 0.20859375 0.4020618556701031 0.2171875 0.3969072164948454 0.21328125 0.37972508591065296 0.21640625 0.3402061855670103 0.21015625 0.3298969072164949 0.2015625 0.29381443298969073 0.15625 0.288659793814433 0.1234375 0.29553264604810997 0.1265625 0.3144329896907217 0.12265625 0.32817869415807566
0 0.2359375 0.4948453608247423 0.24921875 0.5 0.28828125 0.49828178694158076 0.309375 0.5034364261168386 0.315625 0.4914089347079038 0.31328125 0.46219931271477666 0.3109375 0.45704467353951894 0.31171875 0.44158075601374575 0.309375 0.43642611683848803 0.23671875 0.4347079037800688 0.23125 0.4450171821305842 0.23203125 0.48797250859106533 0.2359375 0.4948453608247423
0 0.51953125 0.6116838487972509 0.52265625 0.604810996563574 0.52265625 0.5910652920962199 0.51875 0.5893470790378007 0.51640625 0.5945017182130584 0.515625 0.604810996563574 0.51953125 0.6116838487972509
0 0.521875 0.563573883161512 0.51875 0.570446735395189 0.521875 0.5721649484536082 0.52578125 0.5498281786941581 0.521875 0.5463917525773196 0.51796875 0.5515463917525774 0.51796875 0.5601374570446735 0.521875 0.563573883161512
0 0.52265625 0.4261168384879725 0.51796875 0.4450171821305842 0.51015625 0.4518900343642612 0.5109375 0.4553264604810997 0.50078125 0.47594501718213056 0.5 0.4862542955326461 0.47734375 0.4914089347079038 0.48515625 0.5120274914089348 0.49375 0.5171821305841925 0.5046875 0.5154639175257733 0.51796875 0.5309278350515465 0.52578125 0.527491408934708 0.53046875 0.4965635738831615 0.53125 0.4089347079037801 0.52890625 0.4020618556701031 0.52421875 0.4072164948453609 0.52109375 0.41580756013745707 0.52265625 0.4261168384879725
0 0.52734375 0.42439862542955326 0.5234375 0.4347079037800688 0.52265625 0.4484536082474227 0.5171875 0.4553264604810997 0.51875 0.4690721649484536 0.51640625 0.47938144329896915 0.5015625 0.5034364261168386 0.490625 0.5103092783505155 0.49453125 0.5189003436426117 0.50625 0.5171821305841925 0.52109375 0.5395189003436427 0.51484375 0.5532646048109966 0.515625 0.577319587628866 0.51796875 0.5824742268041238 0.51484375 0.5893470790378007 0.51484375 0.6116838487972509 0.51796875 0.6151202749140894 0.521875 0.6116838487972509 0.52421875 0.6013745704467355 0.521875 0.5807560137457045 0.52578125 0.5652920962199313 0.5265625 0.5257731958762888 0.53046875 0.5051546391752578 0.5296875 0.4209621993127148 0.53203125 0.41065292096219935 0.5265625 0.4089347079037801 0.525 0.4175257731958763 0.52734375 0.42439862542955326
0 0.3171875 0.4948453608247423 0.3328125 0.5 0.38125 0.49828178694158076 0.3921875 0.4862542955326461 0.40390625 0.4828178694158076 0.40859375 0.4742268041237113 0.40390625 0.45360824742268047 0.40078125 0.45360824742268047 0.3984375 0.4639175257731959 0.39140625 0.46563573883161513 0.33046875 0.4587628865979382 0.315625 0.46219931271477666 0.31484375 0.4896907216494846 0.3171875 0.4948453608247423
0 0.36328125 0.4347079037800688 0.365625 0.4398625429553265 0.3765625 0.4312714776632303 0.35 0.4312714776632303 0.36328125 0.4347079037800688
0 0.33828125 0.43203125 0.0015625 0.0015625
0 0.53828125 0.14604810996563575 0.53671875 0.13917525773195877 0.5359375 0.14948453608247422 0.53828125 0.14604810996563575
0 0.540625 0.14604810996563575 0.5421875 0.1512027491408935 0.5359375 0.1597938144329897 0.5640625 0.15807560137457047 0.56328125 0.10996563573883163 0.56015625 0.11855670103092783 0.55 0.11855670103092783 0.54296875 0.12542955326460484 0.5453125 0.1357388316151203 0.540625 0.14604810996563575
0 0.20625 0.8694158075601376 0.203125 0.8573883161512029 0.1953125 0.852233676975945 0.19765625 0.8642611683848799 0.20625 0.8694158075601376
0 0.16953125 0.8539518900343642 0.16640625 0.8505154639175257 0.16484375 0.8539518900343642 0.16953125 0.8539518900343642
0 0.16328125 0.852233676975945 0.15390625 0.8487972508591065 0.1515625 0.852233676975945 0.16328125 0.852233676975945
0 0.1703125 0.8384879725085911 0.16015625 0.8367697594501718 0.1609375 0.8436426116838488 0.1703125 0.8384879725085911
0 0.115625 0.7800687285223369 0.11640625 0.7989690721649485 0.1234375 0.809278350515464 0.12421875 0.8230240549828179 0.13125 0.8298969072164949 0.13359375 0.8436426116838488 0.13984375 0.8505154639175257 0.14375 0.852233676975945 0.14375 0.8436426116838488 0.1484375 0.8436426116838488 0.14921875 0.852233676975945 0.15625 0.8384879725085911 0.15625 0.8298969072164949 0.19609375 0.8384879725085911 0.2 0.8264604810996564 0.196875 0.7989690721649485 0.18984375 0.7886597938144331 0.1828125 0.7680412371134021 0.17109375 0.7714776632302407 0.16796875 0.7577319587628867 0.15703125 0.7628865979381444 0.14765625 0.7542955326460482 0.11875 0.7542955326460482 0.1109375 0.745704467353952 0.109375 0.7714776632302407 0.115625 0.7800687285223369
0 0.1484375 0.7233676975945018 0.14296875 0.7199312714776632 0.14034598214285715 0.7242574864997546 0.1484375 0.7233676975945018
0 0.13972848360655737 0.7243253901188667 0.1390625 0.7199312714776632 0.13125 0.7164948453608248 0.1265625 0.7268041237113403 0.12578125 0.7164948453608248 0.11875 0.718213058419244 0.12109375 0.7371134020618557 0.12265625 0.7302405498281788 0.1265625 0.7371134020618557 0.1328125 0.725085910652921 0.13972848360655737 0.7243253901188667
0 0.27265625 0.09278350515463918 0.28203125 0.10652920962199312 0.28984375 0.09621993127147768 0.29296875 0.10824742268041239 0.303125 0.09278350515463918 0.3171875 0.09450171821305843 0.32890625 0.08075601374570447 0.325 0.07388316151202749 0.2859375 0.07388316151202749 0.27109375 0.07560137457044674 0.26484375 0.08762886597938145 0.26171875 0.08075601374570447 0.25859375 0.08247422680412372 0.25625 0.08419243986254296 0.27265625 0.09278350515463918
0 0.534375 0.27491408934707906 0.54453125 0.26975945017182135 0.5578125 0.2714776632302406 0.56171875 0.2577319587628866 0.56171875 0.22336769759450173 0.54453125 0.22336769759450173 0.540625 0.24226804123711343 0.53515625 0.24226804123711343 0.5328125 0.24742268041237114 0.53203125 0.26975945017182135 0.534375 0.27491408934707906
0 0.4875 0.41640625 0.00234375 0.0015625
0 0.39921875 0.23883161512027495 0.4 0.26975945017182135 0.40625 0.281786941580756 0.4015625 0.35223367697594504 0.4109375 0.36769759450171824 0.40703125 0.3917525773195877 0.409375 0.41408934707903783 0.41328125 0.4209621993127148 0.44375 0.41408934707903783 0.46796875 0.4261168384879725 0.48203125 0.4175257731958763 0.48125 0.40034364261168387 0.4984375 0.3934707903780069 0.4984375 0.365979381443299 0.51171875 0.35223367697594504 0.5203125 0.31271477663230246 0.5203125 0.302405498281787 0.51640625 0.2920962199312715 0.52109375 0.281786941580756 0.52578125 0.281786941580756 0.525 0.2714776632302406 0.52890625 0.26460481099656363 0.5265625 0.2525773195876289 0.52890625 0.17697594501718214 0.52578125 0.1718213058419244 0.51171875 0.17010309278350516 0.5078125 0.18556701030927836 0.496875 0.18900343642611686 0.49140625 0.20103092783505155 0.48046875 0.1907216494845361 0.4734375 0.19587628865979384 0.46640625 0.1941580756013746 0.46015625 0.18556701030927836 0.45546875 0.1907216494845361 0.428125 0.18384879725085912 0.42109375 0.19759450171821308 0.4109375 0.1941580756013746 0.40390625 0.2061855670103093 0.40390625 0.22680412371134023 0.39921875 0.23883161512027495
0 0.32109375 0.21993127147766325 0.3203125 0.2302405498281787 0.32578125 0.23195876288659795 0.32578125 0.22508591065292097 0.32109375 0.21993127147766325
0 0.31328125 0.2302405498281787 0.31015625 0.21649484536082478 0.30390625 0.21821305841924402 0.30390625 0.2302405498281787 0.31328125 0.2302405498281787
0 0.33828125 0.2216494845360825 0.33984375 0.2302405498281787 0.34453125 0.2302405498281787 0.34140625 0.21477663230240554 0.34375 0.2061855670103093 0.33671875 0.20962199312714777 0.33515625 0.2302405498281787 0.33828125 0.2216494845360825
0 0.3125 0.20790378006872853 0.32421875 0.19931271477663232 0.37734375 0.20103092783505155 0.390625 0.1907216494845361 0.390625 0.1597938144329897 0.38671875 0.14776632302405499 0.3828125 0.14604810996563575 0.36953125 0.14776632302405499 0.3375 0.13745704467353953 0.32421875 0.14948453608247422 0.3140625 0.14261168384879724 0.30703125 0.14948453608247422 0.29609375 0.14776632302405499 0.29296875 0.1597938144329897 0.29296875 0.19243986254295536 0.3125 0.20790378006872853
0 0.56953125 0.08934707903780069 0.59296875 0.08762886597938145 0.60078125 0.070446735395189 0.603125 0.05670103092783506 0.5984375 0.04639175257731959 0.5859375 0.0429553264604811 0.56796875 0.05498281786941581 0.5671875 0.08075601374570447 0.56953125 0.08934707903780069
0 0.5609375 0.302405498281787 0.56015625 0.2680412371134021 0.5359375 0.2714776632302406 0.534375 0.2766323024054983 0.53515625 0.3041237113402062 0.5609375 0.302405498281787
0 0.59375 0.3041237113402062 0.61484375 0.30584192439862545 0.61953125 0.29896907216494845 0.61796875 0.26975945017182135 0.5953125 0.26975945017182135 0.59296875 0.27491408934707906 0.59140625 0.29896907216494845 0.59375 0.3041237113402062
0 0.29609375 0.1907216494845361 0.29453125 0.19587628865979384 0.30390625 0.2302405498281787 0.3 0.23711340206185566 0.303125 0.2577319587628866 0.303125 0.2731958762886598 0.3 0.2852233676975945 0.30390625 0.30068728522336774 0.30859375 0.35223367697594504 0.31328125 0.3608247422680413 0.31328125 0.37972508591065296 0.31015625 0.3934707903780069 0.3125 0.41580756013745707 0.32109375 0.4312714776632303 0.31953125 0.4450171821305842 0.3234375 0.4553264604810997 0.3671875 0.45704467353951894 0.38359375 0.45017182130584193 0.38671875 0.4518900343642612 0.38984375 0.4639175257731959 0.396875 0.46219931271477666 0.4 0.4450171821305842 0.396875 0.43814432989690727 0.40078125 0.42783505154639184 0.39765625 0.40549828178694164 0.39921875 0.3780068728522337 0.396875 0.3694158075601375 0.39765625 0.31615120274914094 0.4 0.30068728522336774 0.39921875 0.288659793814433 0.3953125 0.27835051546391754 0.39375 0.23367697594501718 0.39765625 0.21649484536082478 0.39375 0.19587628865979384 0.38671875 0.18213058419243988 0.38515625 0.15463917525773196 0.3796875 0.14948453608247422 0.37265625 0.1597938144329897 0.36640625 0.14948453608247422 0.35625 0.1512027491408935 0.34375 0.14261168384879724 0.33046875 0.1443298969072165 0.3265625 0.14948453608247422 0.32421875 0.16151202749140894 0.31640625 0.14948453608247422 0.30859375 0.15635738831615123 0.29609375 0.15292096219931273 0.29296875 0.17353951890034364 0.29609375 0.1907216494845361
0 0.08828125 0.6838487972508591 0.09375 0.6735395189003437 0.09921875 0.6769759450171822 0.10546875 0.668384879725086 0.11171875 0.6752577319587629 0.1125 0.6872852233676976 0.1015625 0.6907216494845361 0.09453125 0.7164948453608248 0.10078125 0.725085910652921 0.1015625 0.7439862542955327 0.10859375 0.7542955326460482 0.109375 0.7714776632302407 0.11640625 0.7817869415807561 0.1171875 0.7972508591065293 0.1234375 0.809278350515464 0.12421875 0.8230240549828179 0.13125 0.8333333333333334 0.13125 0.8487972508591065 0.14609375 0.8591065292096222 0.1453125 0.8676975945017184 0.14921875 0.8814432989690723 0.14453125 0.8934707903780069 0.15 0.9003436426116839 0.18515625 0.9106529209621994 0.2125 0.9106529209621994 0.2140625 0.8934707903780069 0.21015625 0.8831615120274915 0.20703125 0.8573883161512029 0.19921875 0.8367697594501718 0.19609375 0.8006872852233677 0.1890625 0.7852233676975946 0.1828125 0.738831615120275 0.17734375 0.7285223367697595 0.1765625 0.7061855670103093 0.171875 0.6958762886597938 0.16796875 0.6718213058419245 0.1203125 0.6546391752577321 0.10859375 0.6546391752577321 0.1 0.6649484536082475 0.08671875 0.6649484536082475 0.08515625 0.6735395189003437 0.08828125 0.6838487972508591
0 0.3953125 0.4587628865979382 0.3921875 0.4553264604810997 0.3890625 0.45704467353951894 0.3953125 0.4587628865979382
0 0.36015625 0.4518900343642612 0.34765625 0.45017182130584193 0.34296875 0.4518900343642612 0.36015625 0.4518900343642612
0 0.359375 0.44609375 0.00234375 0.0015625
0 0.37734375 0.44673539518900346 0.371875 0.44158075601374575 0.371875 0.45017182130584193 0.37734375 0.44673539518900346
0 0.31171875 0.3625429553264605 0.31015625 0.3969072164948454 0.31484375 0.4037800687285224 0.3125 0.41408934707903783 0.3171875 0.4261168384879725 0.35078125 0.42439862542955326 0.38671875 0.4312714776632303 0.4 0.42783505154639184 0.396875 0.4037800687285224 0.4 0.3762886597938145 0.39765625 0.3694158075601375 0.3984375 0.29381443298969073 0.39609375 0.2852233676975945 0.33828125 0.27491408934707906 0.3109375 0.2766323024054983 0.30390625 0.281786941580756 0.30390625 0.3298969072164949 0.31171875 0.3625429553264605
0 0.4625 0.67109375 0.0015625 0.0015625
0 0.39921875 0.6443298969072165 0.39375 0.6512027491408936 0.396875 0.6649484536082475 0.4015625 0.6494845360824744 0.4046875 0.6477663230240551 0.40625 0.6563573883161513 0.41953125 0.6769759450171822 0.41796875 0.6855670103092784 0.4 0.6975945017182131 0.39609375 0.7164948453608248 0.396875 0.7542955326460482 0.4046875 0.7749140893470792 0.4015625 0.7938144329896908 0.40390625 0.8041237113402062 0.403125 0.8264604810996564 0.40703125 0.8436426116838488 0.40703125 0.8831615120274915 0.409375 0.8917525773195877 0.4078125 0.9381443298969072 0.4109375 0.970790378006873 0.5046875 0.9759450171821307 0.50859375 0.9398625429553265 0.51015625 0.8556701030927837 0.50859375 0.8298969072164949 0.5109375 0.7869415807560138 0.50859375 0.7611683848797252 0.51171875 0.7061855670103093 0.50859375 0.6975945017182131 0.5125 0.6941580756013745 0.50859375 0.6924398625429553 0.5125 0.6851374570446735 0.5125 0.6670962199312716 0.51015625 0.6597938144329898 0.51328125 0.6563573883161513 0.51484375 0.6374570446735396 0.5125 0.6168384879725086 0.5015625 0.6151202749140894 0.50078125 0.6065292096219932 0.50546875 0.6013745704467355 0.503125 0.5945017182130584 0.5109375 0.5876288659793815 0.5125 0.5790378006872853 0.5125 0.5360824742268042 0.503125 0.5240549828178694 0.484375 0.5240549828178694 0.48203125 0.5309278350515465 0.47734375 0.5807560137457045 0.48046875 0.5807560137457045 0.4828125 0.5910652920962199 0.47734375 0.604810996563574 0.484375 0.6082474226804124 0.49140625 0.5979381443298969 0.5 0.6151202749140894 0.490625 0.6288659793814434 0.49296875 0.6443298969072165 0.48984375 0.6529209621993128 0.48046875 0.6580756013745706 0.4765625 0.6546391752577321 0.4734375 0.6597938144329898 0.471875 0.6529209621993128 0.4625 0.6494845360824744 0.46171875 0.6580756013745706 0.45859375 0.6580756013745706 0.45625 0.6426116838487973 0.44296875 0.6357388316151203 0.434375 0.6374570446735396 0.42890625 0.6477663230240551 0.40703125 0.6512027491408936 0.4078125 0.6426116838487973 0.403125 0.6460481099656358 0.403125 0.6357388316151203 0.39453125 0.6357388316151203 0.39375 0.6426116838487973 0.39921875 0.6443298969072165
0 0.30078125 0.6460481099656358 0.29765625 0.6426116838487973 0.29609375 0.6494845360824744 0.30078125 0.6460481099656358
0 0.28359375 0.64453125 0.0046875 0.003125
0 0.28203125 0.7027491408934708 0.28671875 0.7130584192439863 0.28828125 0.7508591065292097 0.2828125 0.7783505154639176 0.2875 0.7989690721649485 0.29765625 0.7989690721649485 0.30390625 0.7869415807560138 0.31328125 0.7800687285223369 0.31953125 0.7800687285223369 0.325 0.7869415807560138 0.3265625 0.802405498281787 0.33671875 0.7989690721649485 0.3484375 0.8058419243986255 0.35859375 0.7989690721649485 0.38671875 0.7938144329896908 0.39375 0.7989690721649485 0.3875 0.7422680412371134 0.38984375 0.7285223367697595 0.38671875 0.661512027491409 0.37734375 0.6408934707903781 0.3734375 0.6426116838487973 0.3734375 0.6512027491408936 0.356640625 0.6494845360824744 0.35625 0.6563573883161513 0.35078125 0.6477663230240551 0.34765625 0.6546391752577321 0.346875 0.6477663230240551 0.34296875 0.6477663230240551 0.34609375 0.6563573883161513 0.3421875 0.6597938144329898 0.33828125 0.6597938144329898 0.33515625 0.6477663230240551 0.329296875 0.6494845360824744 0.32890625 0.6580756013745706 0.325 0.6494845360824744 0.31953125 0.6563573883161513 0.31953125 0.6477663230240551 0.3125 0.6408934707903781 0.3109375 0.6426116838487973 0.31640625 0.6546391752577321 0.31640625 0.6632302405498283 0.3046875 0.6632302405498283 0.29375 0.6735395189003437 0.28046875 0.6769759450171822 0.284375 0.6890034364261168 0.28203125 0.7027491408934708
0 0.20104140625000003 0.21305841924398625 0.20078125 0.22336769759450173 0.19921875 0.21993127147766325 0.1984375 0.2577319587628866 0.20234375 0.2680412371134021 0.20234375 0.28350515463917525 0.215625 0.29037800687285226 0.284375 0.29553264604810997 0.29609375 0.2852233676975945 0.2984375 0.2577319587628866 0.29296875 0.2508591065292097 0.2890625 0.21821305841924402 0.2671875 0.21649484536082478 0.240625 0.2061855670103093 0.23125 0.211340206185567 0.20104140625000003 0.21305841924398625
0 0.30859375 0.4037800687285224 0.315625 0.4347079037800688 0.3140625 0.4690721649484536 0.31796875 0.4914089347079038 0.37890625 0.4965635738831615 0.3921875 0.4810996563573884 0.4046875 0.47594501718213056 0.4078125 0.45017182130584193 0.4 0.4037800687285224 0.4015625 0.3762886597938145 0.396875 0.359106529209622 0.390625 0.3539518900343643 0.365625 0.35738831615120276 0.36015625 0.35223367697594504 0.3328125 0.35223367697594504 0.3296875 0.35738831615120276 0.3125 0.3625429553264605 0.3125 0.3814432989690722 0.30859375 0.4037800687285224
0 0.10546875 0.22508591065292097 0.1078125 0.23367697594501718 0.10234375 0.2525773195876289 0.10859375 0.2611683848797251 0.11015625 0.2869415807560137 0.11953125 0.302405498281787 0.121875 0.29896907216494845 0.11875 0.29381443298969073 0.125 0.288659793814433 0.19375 0.2869415807560137 0.2 0.27835051546391754 0.196875 0.26975945017182135 0.196875 0.2577319587628866 0.1921875 0.24914089347079038 0.18125 0.24742268041237114 0.178125 0.2405498281786942 0.18046875 0.22852233676975947 0.1859375 0.22508591065292097 0.18359375 0.211340206185567 0.16484375 0.20962199312714777 0.15390625 0.21477663230240554 0.13671875 0.20962199312714777 0.1203125 0.21305841924398625 0.11875 0.21821305841924402 0.103125 0.21649484536082478 0.10234375 0.22508591065292097 0.10546875 0.22508591065292097
0 0.1609375 0.051546391752577324 0.17578125 0.05670103092783506 0.1796875 0.04982817869415808 0.178125 0.015463917525773196 0.175 0.005154639175257733 0.15078125 0.005154639175257733 0.14921875 0.02405498281786942 0.1609375 0.051546391752577324
0 0.3421875 0.7749140893470792 0.32421875 0.7714776632302407 0.3203125 0.7749140893470792 0.3421875 0.7749140893470792
0 0.3171875 0.77265625 0.00078125 0.0015625
0 0.365625 0.7680412371134021 0.36171875 0.7628865979381444 0.359375 0.7697594501718215 0.365625 0.7680412371134021
0 0.29453125 0.7663230240549829 0.2984375 0.7663230240549829 0.303125 0.7560137457044674 0.30546875 0.7646048109965636 0.3171875 0.7611683848797252 0.3140625 0.7542955326460482 0.30703125 0.752577319587629 0.29375 0.7508591065292097 0.2875 0.7560137457044674 0.28671875 0.7611683848797252 0.29453125 0.7663230240549829
0 0.259375 0.6426116838487973 0.259375 0.6666666666666667 0.26875 0.6838487972508591 0.2640625 0.6890034364261168 0.26875 0.6941580756013745 0.2671875 0.7027491408934708 0.271875 0.7096219931271478 0.28203125 0.7130584192439863 0.28515625 0.7199312714776632 0.2859375 0.7439862542955327 0.30703125 0.7474226804123713 0.3140625 0.7353951890034365 0.328125 0.7353951890034365 0.34296875 0.7439862542955327 0.36953125 0.7474226804123713 0.3796875 0.7371134020618557 0.38515625 0.7147766323024055 0.38359375 0.7079037800687286 0.37734375 0.7027491408934708 0.38046875 0.6941580756013745 0.3765625 0.6821305841924399 0.384375 0.6718213058419245 0.38359375 0.6649484536082475 0.378125 0.6597938144329898 0.38046875 0.6460481099656358 0.3765625 0.6357388316151203 0.35078125 0.6202749140893471 0.35625 0.5790378006872853 0.36328125 0.5652920962199313 0.3734375 0.5292096219931273 0.371875 0.520618556701031 0.3453125 0.5171821305841925 0.334375 0.5085910652920963 0.3203125 0.5068728522336771 0.309375 0.520618556701031 0.29609375 0.5515463917525774 0.278125 0.5756013745704468 0.25625 0.6202749140893471 0.2546875 0.6288659793814434 0.259375 0.6426116838487973
0 0.2078125 0.8109965635738833 0.21015625 0.816151202749141 0.203125 0.8213058419243987 0.20234375 0.8298969072164949 0.20625 0.852233676975945 0.21640625 0.8848797250859107 0.22265625 0.9312714776632303 0.2390625 0.9329896907216495 0.246875 0.9243986254295533 0.24765625 0.9312714776632303 0.24765625 0.9072164948453609 0.253125 0.9089347079037802 0.25703125 0.9226804123711341 0.2625 0.9278350515463918 0.26171875 0.9347079037800687 0.26328125 0.9312714776632303 0.26484375 0.936426116838488 0.2828125 0.9415807560137457 0.3 0.9415807560137457 0.303125 0.936426116838488 0.30390625 0.9278350515463918 0.296875 0.9054982817869417 0.29921875 0.8694158075601376 0.290625 0.845360824742268 0.28671875 0.809278350515464 0.2796875 0.802405498281787 0.26640625 0.802405498281787 0.25390625 0.79553264604811 0.221875 0.7920962199312716 0.20234375 0.7972508591065293 0.20234375 0.8109965635738833 0.2078125 0.8109965635738833
0 0.61875 0.16151202749140894 0.6234375 0.04123711340206186 0.609375 0.03951890034364262 0.59609375 0.04639175257731959 0.59921875 0.06872852233676977 0.5953125 0.0859106529209622 0.5953125 0.15807560137457047 0.61875 0.16151202749140894
0 0.6171875 0.302405498281787 0.62265625 0.21993127147766325 0.62265625 0.17353951890034364 0.5984375 0.1718213058419244 0.5953125 0.17697594501718214 0.59296875 0.24742268041237114 0.59375 0.30068728522336774 0.6171875 0.302405498281787
0 0.1828125 0.044673539518900345 0.21015625 0.0429553264604811 0.2015625 0 0.17734375 0 0.175 0.010309278350515465 0.1828125 0.044673539518900345
0 0.5140625 0.14261168384879724 0.51953125 0.16666666666666669 0.52578125 0.1752577319587629 0.52890625 0.20274914089347082 0.53046875 0.1752577319587629 0.534375 0.1597938144329897 0.5328125 0.10309278350515465 0.521875 0.10481099656357389 0.5140625 0.12542955326460484 0.50859375 0.12714776632302408 0.5078125 0.13230240549828182 0.5140625 0.14261168384879724
0 0.171875 0.6340206185567011 0.17890625 0.6426116838487973 0.1765625 0.6529209621993128 0.16796875 0.6546391752577321 0.17109375 0.661512027491409 0.18046875 0.661512027491409 0.18359375 0.6529209621993128 0.1859375 0.6546391752577321 0.18515625 0.6597938144329898 0.19140625 0.6546391752577321 0.19296875 0.6597938144329898 0.1921875 0.6529209621993128 0.1953125 0.6494845360824744 0.19921875 0.661512027491409 0.20546875 0.661512027491409 0.209375 0.6477663230240551 0.21328125 0.6529209621993128 0.2125 0.661512027491409 0.2140625 0.6546391752577321 0.21640625 0.6597938144329898 0.2171875 0.6563573883161513 0.209375 0.6460481099656358 0.215625 0.6323024054982819 0.2515625 0.6305841924398626 0.25859375 0.6099656357388317 0.29453125 0.5498281786941581 0.3078125 0.520618556701031 0.3078125 0.513745704467354 0.28046875 0.5034364261168386 0.23125 0.5085910652920963 0.21953125 0.520618556701031 0.215625 0.5309278350515465 0.17890625 0.5807560137457045 0.16953125 0.5876288659793815 0.1640625 0.6013745704467355 0.15234375 0.6099656357388317 0.1515625 0.6271477663230242 0.171875 0.6340206185567011
0 0.41640625 0.9415807560137457 0.4109375 0.936426116838488 0.4109375 0.9450171821305842 0.41640625 0.9415807560137457
0 0.44375 0.9415807560137457 0.4359375 0.9415807560137457 0.428125 0.929553264604811 0.42109375 0.9329896907216495 0.42109375 0.9450171821305842 0.44375 0.9415807560137457
0 0.45703125 0.9347079037800687 0.45703125 0.9415807560137457 0.49921875 0.9415807560137457 0.49140625 0.9347079037800687 0.48828125 0.9398625429553265 0.48203125 0.9381443298969072 0.47421875 0.9278350515463918 0.46796875 0.9261168384879725 0.46328125 0.936426116838488 0.4625 0.9261168384879725 0.45234375 0.9278350515463918 0.4515625 0.9312714776632303 0.45703125 0.9347079037800687
0 0.46875 0.9175257731958764 0.46640625 0.9158075601374571 0.46015625 0.9209621993127148 0.46875 0.9175257731958764
0 0.4953125 0.9278350515463918 0.5015625 0.9329896907216495 0.5078125 0.9278350515463918 0.5015625 0.9140893470790379 0.49765625 0.9140893470790379 0.4984375 0.9243986254295533 0.4953125 0.9278350515463918
0 0.40703125 0.8436426116838488 0.4078125 0.8883161512027492 0.41484375 0.9003436426116839 0.409375 0.9072164948453609 0.41171875 0.9329896907216495 0.4140625 0.9175257731958764 0.42109375 0.9192439862542956 0.4265625 0.9140893470790379 0.42578125 0.8900343642611684 0.49453125 0.8917525773195877 0.5015625 0.8951890034364262 0.5046875 0.9054982817869417 0.5078125 0.9003436426116839 0.5078125 0.8041237113402062 0.46015625 0.8058419243986255 0.44375 0.7989690721649485 0.43359375 0.8006872852233677 0.4296875 0.79553264604811 0.41953125 0.802405498281787 0.40390625 0.802405498281787 0.403125 0.8264604810996564 0.40703125 0.8436426116838488
0 0.42734375 0.7852233676975946 0.43046875 0.7800687285223369 0.4375 0.7800687285223369 0.44609375 0.7869415807560138 0.453125 0.7783505154639176 0.45546875 0.7852233676975946 0.4640625 0.7869415807560138 0.46796875 0.7817869415807561 0.4724807820855615 0.7812907731039933 0.4671875 0.7663230240549829 0.45390625 0.7628865979381444 0.415625 0.7680412371134021 0.41484375 0.7714776632302407 0.41953125 0.7714776632302407 0.4203125 0.7783505154639176 0.42734375 0.7852233676975946
0 0.49765625 0.7766323024054984 0.49453125 0.7766323024054984 0.48984375 0.7680412371134021 0.48671875 0.7749140893470792 0.484765625 0.7680412371134021 0.48515625 0.7766323024054984 0.48046875 0.7800687285223369 0.4796875 0.7680412371134021 0.475 0.7680412371134021 0.4765625 0.7783505154639176 0.4733258928571429 0.7811978399607267 0.49921875 0.7783505154639176 0.50859375 0.7869415807560138 0.5078125 0.7783505154639176 0.49765625 0.7697594501718215 0.49765625 0.7766323024054984
0 0.20078125 0.8264604810996564 0.215625 0.8848797250859107 0.2234375 0.9312714776632303 0.24156249999999999 0.9312714776632303 0.24375 0.9261168384879725 0.24609375 0.9312714776632303 0.2484375 0.9072164948453609 0.25234375 0.9072164948453609 0.257421875 0.9089347079037802 0.25703125 0.9192439862542956 0.2640625 0.9278350515463918 0.26328125 0.9347079037800687 0.290625 0.9415807560137457 0.303125 0.9347079037800687 0.30390625 0.929553264604811 0.29609375 0.9037800687285223 0.29921875 0.8728522336769761 0.2921875 0.8487972508591065 0.28828125 0.809278350515464 0.27890625 0.7989690721649485 0.26875 0.8006872852233677 0.2546875 0.7886597938144331 0.2484375 0.7938144329896908 0.23046875 0.7938144329896908 0.2265625 0.7886597938144331 0.20390625 0.7938144329896908 0.19921875 0.79553264604811 0.20078125 0.8264604810996564
0 0.47890625 0.8591065292096222 0.4765625 0.8573883161512029 0.475 0.8591065292096222 0.47890625 0.8591065292096222
0 0.40703125 0.8419243986254296 0.409375 0.8728522336769761 0.4078125 0.8883161512027492 0.4125 0.8969072164948454 0.4109375 0.9175257731958764 0.41328125 0.8917525773195877 0.4171875 0.8883161512027492 0.47109375 0.88659793814433 0.5046875 0.8951890034364262 0.50859375 0.8900343642611684 0.509375 0.8573883161512029 0.50703125 0.8505154639175257 0.50703125 0.8350515463917526 0.509375 0.8058419243986255 0.50625 0.8041237113402062 0.509375 0.7869415807560138 0.5078125 0.7766323024054984 0.4984375 0.7697594501718215 0.496875 0.7800687285223369 0.4921875 0.7680412371134021 0.43046875 0.7646048109965636 0.42291640625 0.7680412371134021 0.4203125 0.7766323024054984 0.41848984375000003 0.7680412371134021 0.4140625 0.7680412371134021 0.40859375 0.7852233676975946 0.40390625 0.7869415807560138 0.403125 0.8264604810996564 0.40703125 0.8419243986254296
0 0.10078125 0.725085910652921 0.1015625 0.7439862542955327 0.10859375 0.7542955326460482 0.109375 0.7714776632302407 0.115625 0.7783505154639176 0.1171875 0.7972508591065293 0.12265625 0.8075601374570448 0.12421875 0.8230240549828179 0.13046875 0.8316151202749141 0.13046875 0.8487972508591065 0.14453125 0.8608247422680414 0.14375 0.8969072164948454 0.18359375 0.9106529209621994 0.2140625 0.9123711340206186 0.21640625 0.9003436426116839 0.215625 0.88659793814433 0.21015625 0.8694158075601376 0.209375 0.8556701030927837 0.20390625 0.845360824742268 0.196875 0.79553264604811 0.190625 0.7852233676975946 0.18515625 0.7371134020618557 0.18046875 0.7302405498281788 0.1796875 0.7079037800687286 0.17578125 0.6975945017182131 0.171875 0.6924398625429553 0.1640625 0.6958762886597938 0.16171875 0.6907216494845361 0.15234375 0.6958762886597938 0.1046875 0.6907216494845361 0.0953125 0.7096219931271478 0.09453125 0.7147766323024055 0.10078125 0.725085910652921
0 0.14609375 0.6804123711340206 0.15703125 0.6752577319587629 0.1609375 0.6855670103092784 0.1703125 0.6821305841924399 0.16875 0.6718213058419245 0.16484375 0.668384879725086 0.1546875 0.6632302405498283 0.1421875 0.6649484536082475 0.13984375 0.6701030927835052 0.14609375 0.6804123711340206
0 0.36484375 0.3075601374570447 0.36015625 0.302405498281787 0.36171875 0.30927835051546393 0.36484375 0.3075601374570447
0 0.3140625 0.3075601374570447 0.31796875 0.30584192439862545 0.31484375 0.30068728522336774 0.3109375 0.30068728522336774 0.3140625 0.3075601374570447
0 0.29609375 0.2061855670103093 0.29453125 0.21993127147766325 0.3046875 0.2731958762886598 0.3109375 0.27835051546391754 0.3265625 0.27491408934707906 0.38046875 0.2800687285223368 0.38203125 0.28350515463917525 0.37734375 0.29553264604810997 0.371875 0.29553264604810997 0.37578125 0.2972508591065292 0.371875 0.3075601374570447 0.38046875 0.31271477663230246 0.38046875 0.29896907216494845 0.38515625 0.2972508591065292 0.38671875 0.30584192439862545 0.38984375 0.30927835051546393 0.39140625 0.3041237113402062 0.39375 0.30927835051546393 0.3890625 0.2852233676975945 0.39453125 0.27835051546391754 0.39375 0.23711340206185566 0.3984375 0.21993127147766325 0.396875 0.2061855670103093 0.38828125 0.18384879725085912 0.3890625 0.17010309278350516 0.38359375 0.1512027491408935 0.37734375 0.14948453608247422 0.37109375 0.15635738831615123 0.3640625 0.14776632302405499 0.35546875 0.1512027491408935 0.35078125 0.1443298969072165 0.34296875 0.1443298969072165 0.3390625 0.15292096219931273 0.32890625 0.14776632302405499 0.32421875 0.1597938144329897 0.315625 0.14948453608247422 0.30703125 0.15807560137457047 0.29921875 0.1512027491408935 0.29296875 0.16666666666666669 0.29296875 0.19587628865979384 0.29609375 0.2061855670103093
0 0.28359375 0.4914089347079038 0.2796875 0.48453608247422686 0.27890625 0.4862542955326461 0.28359375 0.4914089347079038
0 0.27890625 0.4862542955326461 0.27734375 0.4896907216494846 0.271875 0.48453608247422686 0.27109375 0.4914089347079038 0.27265625 0.48797250859106533 0.278125 0.49312714776632305 0.27890625 0.4862542955326461
0 0.25078125 0.46219931271477666 0.24375 0.45704467353951894 0.24375 0.4639175257731959 0.25078125 0.46219931271477666
0 0.24375 0.45360824742268047 0.246875 0.4484536082474227 0.2421875 0.4484536082474227 0.24375 0.45360824742268047
0 0.2859375 0.45704467353951894 0.29921875 0.46735395189003437 0.3015625 0.4484536082474227 0.29765625 0.44158075601374575 0.29375 0.45017182130584193 0.2921875 0.443298969072165 0.290625 0.4450171821305842 0.290625 0.4553264604810997 0.2859375 0.45704467353951894
0 0.2546875 0.4553264604810997 0.26796875 0.4604810996563574 0.27265625 0.45704467353951894 0.27578125 0.44673539518900346 0.2796875 0.44673539518900346 0.278125 0.4398625429553265 0.27265625 0.43642611683848803 0.26875 0.44158075601374575 0.25078125 0.4398625429553265 0.2453125 0.44158075601374575 0.2546875 0.4553264604810997
0 0.17109375 0.4209621993127148 0.1671875 0.41924398625429554 0.16328125 0.4209621993127148 0.17109375 0.4209621993127148
0 0.2296875 0.35859375 0.003125 0.0015625
0 0.1453125 0.39862542955326463 0.15078125 0.4123711340206186 0.15703125 0.40549828178694164 0.15859375 0.41408934707903783 0.16953125 0.41580756013745707 0.16796875 0.43298969072164956 0.15703125 0.43298969072164956 0.15078125 0.4398625429553265 0.15234375 0.4553264604810997 0.15625 0.46219931271477666 0.15859375 0.4862542955326461 0.225 0.4896907216494846 0.22421875 0.47594501718213056 0.21796875 0.46563573883161513 0.221875 0.46219931271477666 0.21796875 0.4587628865979382 0.2203125 0.43814432989690727 0.21640625 0.4312714776632303 0.21796875 0.41408934707903783 0.20703125 0.4020618556701031 0.21484375 0.3917525773195877 0.2125 0.3694158075601375 0.20390625 0.36426116838487976 0.203125 0.35738831615120276 0.20078125 0.36426116838487976 0.1671875 0.359106529209622 0.16484375 0.36426116838487976 0.15546875 0.36426116838487976 0.1515625 0.3694158075601375 0.146875 0.36426116838487976 0.1375 0.36769759450171824 0.13671875 0.3934707903780069 0.1453125 0.39862542955326463
0 0.2046875 0.3470790378006873 0.1984375 0.34536082474226804 0.20234375 0.35223367697594504 0.2046875 0.3470790378006873
0 0.18359375 0.34536082474226804 0.18125 0.3436426116838488 0.1796875 0.34536082474226804 0.18359375 0.34536082474226804
0 0.203125 0.3375 0.00078125 0.0015625
0 0.1125 0.2625 0.00078125 0.003125
0 0.146875 0.23195876288659795 0.15 0.2302405498281787 0.146875 0.2216494845360825 0.14453125 0.22680412371134023 0.146875 0.23195876288659795
0 0.10546875 0.22852233676975947 0.1140625 0.21993127147766325 0.11328125 0.211340206185567 0.10859375 0.20962199312714777 0.1046875 0.21993127147766325 0.10546875 0.22852233676975947
0 0.10546875 0.19931271477663232 0.10859375 0.20274914089347082 0.1296875 0.19587628865979384 0.13828125 0.20103092783505155 0.165625 0.19587628865979384 0.16796875 0.20103092783505155 0.16640625 0.21993127147766325 0.17109375 0.21993127147766325 0.17265625 0.21477663230240554 0.17734375 0.21821305841924402 0.17734375 0.2302405498281787 0.184375 0.22680412371134023 0.18828125 0.24398625429553267 0.1921875 0.2302405498281787 0.20078125 0.24742268041237114 0.196875 0.25429553264604815 0.19921875 0.25945017182130586 0.1953125 0.2731958762886598 0.196875 0.28350515463917525 0.2 0.2852233676975945 0.19765625 0.29037800687285226 0.15390625 0.2869415807560137 0.11875 0.2920962199312715 0.1265625 0.3264604810996564 0.171875 0.3247422680412372 0.20234375 0.3298969072164949 0.20625 0.32130584192439865 0.2171875 0.3230240549828179 0.215625 0.359106529209622 0.221875 0.36426116838487976 0.2234375 0.3762886597938145 0.21953125 0.38316151202749144 0.2234375 0.3969072164948454 0.22890625 0.3934707903780069 0.2390625 0.39862542955326463 0.2421875 0.3883161512027492 0.25078125 0.3969072164948454 0.29296875 0.4020618556701031 0.2984375 0.3969072164948454 0.3 0.4020618556701031 0.30234375 0.38659793814432997 0.3 0.37457044673539525 0.29609375 0.37972508591065296 0.284375 0.3694158075601375 0.28359375 0.3625429553264605 0.2875 0.359106529209622 0.28671875 0.3505154639175258 0.284375 0.3539518900343643 0.27890625 0.33333333333333337 0.29609375 0.3195876288659794 0.2953125 0.302405498281787 0.2890625 0.29381443298969073 0.296875 0.2577319587628866 0.290625 0.2405498281786942 0.2859375 0.15463917525773196 0.27734375 0.14948453608247422 0.25859375 0.14948453608247422 0.2484375 0.15635738831615123 0.21640625 0.1512027491408935 0.175 0.1512027491408935 0.16953125 0.15635738831615123 0.16015625 0.15292096219931273 0.151953125 0.15635738831615123 0.15234375 0.16151202749140894 0.1484375 0.16494845360824745 0.14609375 0.16494845360824745 0.146875 0.15635738831615123 0.14296875 0.16151202749140894 0.1453125 0.16494845360824745 0.140625 0.17353951890034364 0.134375 0.17010309278350516 0.1375 0.16151202749140894 0.13046875 0.16666666666666669 0.13515625 0.17697594501718214 0.1296875 0.17697594501718214 0.1265625 0.18384879725085912 0.12109375 0.18384879725085912 0.11796875 0.1752577319587629 0.1078125 0.18384879725085912 0.10859375 0.1941580756013746 0.10546875 0.19931271477663232
0 0.19140625 0.211340206185567 0.20234375 0.2628865979381444 0.2015625 0.27491408934707906 0.20390625 0.28350515463917525 0.2203125 0.29037800687285226 0.27578125 0.29381443298969073 0.28671875 0.2920962199312715 0.2953125 0.28350515463917525 0.296875 0.2577319587628866 0.29296875 0.2508591065292097 0.2921875 0.2061855670103093 0.28828125 0.17697594501718214 0.290625 0.16151202749140894 0.2859375 0.15292096219931273 0.271875 0.14604810996563575 0.25078125 0.15292096219931273 0.2 0.15292096219931273 0.19453125 0.1597938144329897 0.196875 0.1718213058419244 0.19140625 0.211340206185567
0 0.296875 0.19587628865979384 0.296875 0.211340206185567 0.29921875 0.21649484536082478 0.30859375 0.21993127147766325 0.2984375 0.2405498281786942 0.3015625 0.2560137457044674 0.3 0.2869415807560137 0.303125 0.29553264604810997 0.3046875 0.3195876288659794 0.309375 0.33333333333333337 0.31015625 0.35223367697594504 0.3171875 0.35738831615120276 0.3453125 0.3505154639175258 0.384375 0.3556701030927835 0.3953125 0.34879725085910657 0.396875 0.3178694158075602 0.4 0.30927835051546393 0.4 0.288659793814433 0.39609375 0.2800687285223368 0.39375 0.23367697594501718 0.39765625 0.22336769759450173 0.396875 0.20790378006872853 0.390625 0.19587628865979384 0.371875 0.20103092783505155 0.296875 0.19587628865979384
0 0.30703125 0.1671875 0.0015625 0.0015625
0 0.1578125 0.6305841924398626 0.1625 0.6529209621993128 0.17421875 0.6752577319587629 0.178125 0.7027491408934708 0.17734375 0.7130584192439863 0.1828125 0.7336769759450172 0.18828125 0.7852233676975946 0.1984375 0.8058419243986255 0.2 0.8419243986254296 0.209375 0.8659793814432991 0.22421875 0.929553264604811 0.29296875 0.9415807560137457 0.30390625 0.9312714776632303 0.29765625 0.9209621993127148 0.29296875 0.9261168384879725 0.2875 0.9209621993127148 0.2890625 0.9123711340206186 0.29453125 0.9106529209621994 0.29375 0.8934707903780069 0.29609375 0.8814432989690723 0.28828125 0.8642611683848799 0.28984375 0.8298969072164949 0.27890625 0.79553264604811 0.28515625 0.731958762886598 0.28203125 0.7164948453608248 0.27421875 0.7096219931271478 0.27421875 0.6975945017182131 0.27890625 0.6941580756013745 0.27890625 0.6855670103092784 0.27109375 0.6735395189003437 0.27109375 0.6632302405498283 0.26484375 0.661512027491409 0.2609375 0.6529209621993128 0.253125 0.6254295532646049 0.27578125 0.577319587628866 0.29765625 0.5429553264604812 0.30703125 0.5223367697594502 0.30546875 0.5120274914089348 0.290625 0.5068728522336771 0.27578125 0.5068728522336771 0.27109375 0.5120274914089348 0.23203125 0.5103092783505155 0.21953125 0.5223367697594502 0.21484375 0.534364261168385 0.19921875 0.5515463917525774 0.1796875 0.5824742268041238 0.17109375 0.5876288659793815 0.1640625 0.604810996563574 0.1515625 0.6134020618556701 0.15 0.6254295532646049 0.1578125 0.6305841924398626
0 0.45234375 0.3041237113402062 0.44921875 0.302405498281787 0.44765625 0.30584192439862545 0.45234375 0.3041237113402062
0 0.40078125 0.27491408934707906 0.45234375 0.27491408934707906 0.46171875 0.281786941580756 0.45703125 0.288659793814433 0.46171875 0.3075601374570447 0.48203125 0.30927835051546393 0.4859375 0.302405498281787 0.4828125 0.288659793814433 0.4875 0.2869415807560137 0.488671875 0.2766323024054983 0.5078125 0.26975945017182135 0.5109375 0.26460481099656363 0.509375 0.2577319587628866 0.51171875 0.2525773195876289 0.51640625 0.2525773195876289 0.51796875 0.24398625429553267 0.52578125 0.23195876288659795 0.52265625 0.21477663230240554 0.5265625 0.2061855670103093 0.5203125 0.19759450171821308 0.50703125 0.19759450171821308 0.50546875 0.20274914089347082 0.50390625 0.19759450171821308 0.503125 0.21305841924398625 0.496875 0.21305841924398625 0.49375 0.2216494845360825 0.49296875 0.21305841924398625 0.48125 0.1941580756013746 0.42734375 0.18556701030927836 0.421875 0.19759450171821308 0.41328125 0.1941580756013746 0.40703125 0.19931271477663232 0.40390625 0.20962199312714777 0.4046875 0.22508591065292097 0.3984375 0.23883161512027495 0.39765625 0.26975945017182135 0.40078125 0.27491408934707906
0 0.05546875 0.6013745704467355 0.059375 0.6013745704467355 0.05625 0.5979381443298969 0.05546875 0.6013745704467355
0 0.05390625 0.6082474226804124 0.05703125 0.6082474226804124 0.05546875 0.6013745704467355 0.05390625 0.6082474226804124
0 0.0609375 0.6013745704467355 0.0640625 0.6099656357388317 0.07890625 0.6116838487972509 0.07734375 0.6391752577319588 0.084375 0.6580756013745706 0.08515625 0.6821305841924399 0.10078125 0.6941580756013745 0.09453125 0.7130584192439863 0.10078125 0.7233676975945018 0.10234375 0.7439862542955327 0.10859375 0.752577319587629 0.11015625 0.7697594501718215 0.115625 0.7783505154639176 0.11796875 0.7972508591065293 0.12421875 0.809278350515464 0.125 0.8213058419243987 0.13203125 0.8333333333333334 0.13203125 0.8487972508591065 0.14609375 0.8591065292096222 0.14375 0.8934707903780069 0.1578125 0.9037800687285223 0.2125 0.9123711340206186 0.2140625 0.8934707903780069 0.20625 0.8591065292096222 0.19765625 0.8402061855670103 0.19609375 0.8058419243986255 0.1875 0.7869415807560138 0.18515625 0.7542955326460482 0.17734375 0.7302405498281788 0.1765625 0.7044673539518901 0.171875 0.6786941580756014 0.15703125 0.6563573883161513 0.15078125 0.6546391752577321 0.14609375 0.6426116838487973 0.1421875 0.6134020618556701 0.1625 0.5824742268041238 0.1875 0.5618556701030928 0.21640625 0.5103092783505155 0.2109375 0.5017182130584193 0.20078125 0.5 0.18359375 0.5051546391752578 0.17109375 0.5051546391752578 0.1609375 0.49828178694158076 0.14609375 0.5 0.10546875 0.5446735395189004 0.09375 0.5652920962199313 0.08125 0.577319587628866 0.07890625 0.5859106529209622 0.07578125 0.5807560137457045 0.071875 0.5824742268041238 0.06953125 0.5945017182130584 0.0609375 0.6013745704467355
0 0.3109375 0.35738831615120276 0.30859375 0.40549828178694164 0.315625 0.43298969072164956 0.3140625 0.4690721649484536 0.31875 0.49312714776632305 0.38046875 0.4948453608247423 0.40390625 0.4725085910652921 0.40703125 0.4518900343642612 0.39921875 0.4020618556701031 0.4015625 0.37457044673539525 0.3984375 0.3608247422680413 0.39765625 0.2852233676975945 0.390625 0.2800687285223368 0.353125 0.2766323024054983 0.31875 0.2766323024054983 0.3046875 0.281786941580756 0.30390625 0.3298969072164949 0.3109375 0.35738831615120276
0 0.39375 0.2525773195876289 0.39375 0.24742268041237114 0.39140625 0.24742268041237114 0.390625 0.2508591065292097 0.39375 0.2525773195876289
0 0.37578125 0.24398625429553267 0.3671875 0.24226804123711343 0.36484375 0.24398625429553267 0.37578125 0.24398625429553267
0 0.35546875 0.24398625429553267 0.35234375 0.23711340206185566 0.34765625 0.23711340206185566 0.346875 0.24398625429553267 0.35546875 0.24398625429553267
0 0.10234375 0.22336769759450173 0.10546875 0.25429553264604815 0.13828125 0.24742268041237114 0.18671875 0.24914089347079038 0.1921875 0.24226804123711343 0.20078125 0.24742268041237114 0.27421875 0.2508591065292097 0.28203125 0.23883161512027495 0.2859375 0.2405498281786942 0.2875 0.23367697594501718 0.2859375 0.22680412371134023 0.275 0.22508591065292097 0.27265625 0.21477663230240554 0.28828125 0.20274914089347082 0.2890625 0.15807560137457047 0.2765625 0.14776632302405499 0.2578125 0.14776632302405499 0.25 0.15292096219931273 0.1609375 0.14948453608247422 0.125 0.16151202749140894 0.11640625 0.17010309278350516 0.10546875 0.17010309278350516 0.09609375 0.18728522336769762 0.09609375 0.21305841924398625 0.10234375 0.22336769759450173
0 0.184375 0.4450171821305842 0.18203125 0.44158075601374575 0.18203125 0.44673539518900346 0.184375 0.4450171821305842
0 0.13984375 0.4037800687285224 0.13984375 0.422680412371134 0.14375 0.42783505154639184 0.21328125 0.42783505154639184 0.225 0.42439862542955326 0.22734375 0.4175257731958763 0.225 0.4072164948453609 0.21328125 0.39862542955326463 0.1484375 0.39518900343642616 0.13671875 0.3969072164948454 0.13984375 0.4037800687285224
0 0.21328125 0.3384879725085911 0.2125 0.3350515463917526 0.209375 0.33333333333333337 0.21328125 0.3384879725085911
0 0.1828125 0.3328125 0.00390625 0.0015625
0 0.290625 0.6941580756013745 0.2875 0.6907216494845361 0.2859375 0.6924398625429553 0.290625 0.6941580756013745
0 0.328125 0.65234375 0.00078125 0.0015625
0 0.28203125 0.661512027491409 0.2828125 0.6718213058419245 0.28828125 0.661512027491409 0.290625 0.6632302405498283 0.28984375 0.6718213058419245 0.29609375 0.668384879725086 0.2828125 0.6512027491408936 0.28515625 0.6597938144329898 0.28203125 0.661512027491409
0 0.36953125 0.5120274914089348 0.3765625 0.5085910652920963 0.371875 0.5068728522336771 0.36875 0.5085910652920963 0.36953125 0.5120274914089348
0 0.26328125 0.6340206185567011 0.27421875 0.6340206185567011 0.2828125 0.6443298969072165 0.28515625 0.6357388316151203 0.29765625 0.6408934707903781 0.3 0.6494845360824744 0.296875 0.6529209621993128 0.30078125 0.6632302405498283 0.30859375 0.6632302405498283 0.3140625 0.6494845360824744 0.31875 0.6529209621993128 0.31640625 0.6443298969072165 0.321875 0.6374570446735396 0.33515625 0.6460481099656358 0.33828125 0.6546391752577321 0.32578125 0.6632302405498283 0.328125 0.668384879725086 0.3359375 0.6718213058419245 0.34140625 0.6666666666666667 0.34375 0.6701030927835052 0.340625 0.6769759450171822 0.34375 0.6718213058419245 0.34505234375 0.6769759450171822 0.3546875 0.6786941580756014 0.3734375 0.6752577319587629 0.378125 0.6649484536082475 0.37578125 0.6374570446735396 0.365625 0.6254295532646049 0.353125 0.6219931271477663 0.35234375 0.6134020618556701 0.3578125 0.584192439862543 0.36796875 0.5567010309278351 0.37578125 0.520618556701031 0.36015625 0.5120274914089348 0.34765625 0.5154639175257733 0.334375 0.5068728522336771 0.3203125 0.5068728522336771 0.31015625 0.520618556701031 0.2609375 0.6151202749140894 0.259375 0.6271477663230242 0.26328125 0.6340206185567011
0 0.08828125 0.018900343642611686 0.09140625 0.01718213058419244 0.09453125 0.03436426116838488 0.10078125 0.04123711340206186 0.12734375 0.0429553264604811 0.13515625 0.025773195876288662 0.1265625 0.005154639175257733 0.12265625 0.00859106529209622 0.115625 0 0.08828125 0.0017182130584192442 0.090625 0.015463917525773196 0.08828125 0.018900343642611686
0 0.80234375 0.21993127147766325 0.81484375 0.2216494845360825 0.8171875 0.21821305841924402 0.81796875 0.20274914089347082 0.815625 0.19587628865979384 0.81015625 0.1941580756013746 0.8 0.20962199312714777 0.79921875 0.21649484536082478 0.80234375 0.21993127147766325
0 0.3984375 0.1752577319587629 0.39375 0.18384879725085912 0.396875 0.18728522336769762 0.4 0.17353951890034364 0.4125 0.1718213058419244 0.5015625 0.18041237113402064 0.51953125 0.1512027491408935 0.53125 0.14604810996563575 0.5328125 0.10481099656357389 0.52421875 0.07731958762886598 0.5125 0.06529209621993128 0.5078125 0.07216494845360825 0.5078125 0.06529209621993128 0.50234375 0.070446735395189 0.4984375 0.08762886597938145 0.49140625 0.09450171821305843 0.48359375 0.09106529209621994 0.47734375 0.09965635738831616 0.4671875 0.10137457044673541 0.42421875 0.10137457044673541 0.41953125 0.12199312714776633 0.39375 0.15635738831615123 0.39296875 0.16838487972508592 0.3984375 0.1752577319587629
0 0.24609375 0.3711340206185567 0.2546875 0.37972508591065296 0.2671875 0.3814432989690722 0.26875 0.38659793814432997 0.26953125 0.3814432989690722 0.275 0.37972508591065296 0.26953125 0.3780068728522337 0.26875 0.372852233676976 0.26484375 0.372852233676976 0.26328125 0.37972508591065296 0.25703125 0.3694158075601375 0.24140625 0.3694158075601375 0.240625 0.372852233676976 0.24609375 0.3711340206185567
0 0.22421875 0.372852233676976 0.2234375 0.36769759450171824 0.221875 0.3694158075601375 0.22421875 0.372852233676976
0 0.0984375 0.18900343642611686 0.0984375 0.19931271477663232 0.1046875 0.2061855670103093 0.09921875 0.20790378006872853 0.0984375 0.21477663230240554 0.1046875 0.22852233676975947 0.1046875 0.2508591065292097 0.11171875 0.26632302405498287 0.1140625 0.2852233676975945 0.1125 0.2869415807560137 0.11640625 0.288659793814433 0.125 0.3178694158075602 0.1265625 0.34536082474226804 0.1296875 0.36426116838487976 0.13359375 0.3711340206185567 0.134375 0.39003436426116844 0.140625 0.4020618556701031 0.1421875 0.4209621993127148 0.146875 0.4295532646048111 0.1484375 0.4518900343642612 0.15390625 0.46563573883161513 0.15390625 0.4776632302405499 0.1578125 0.48797250859106533 0.16796875 0.49312714776632305 0.18515625 0.48797250859106533 0.2265625 0.49312714776632305 0.23046875 0.4828178694158076 0.22734375 0.443298969072165 0.22265625 0.4312714776632303 0.2265625 0.41924398625429554 0.2296875 0.4209621993127148 0.22421875 0.41065292096219935 0.22421875 0.37972508591065296 0.21484375 0.3762886597938145 0.2234375 0.3625429553264605 0.22734375 0.3470790378006873 0.23046875 0.3505154639175258 0.23046875 0.34536082474226804 0.22578125 0.3402061855670103 0.2296875 0.3247422680412372 0.24609375 0.3178694158075602 0.2546875 0.3178694158075602 0.25859375 0.3247422680412372 0.27421875 0.31099656357388317 0.29296875 0.30927835051546393 0.2859375 0.29553264604810997 0.2828125 0.302405498281787 0.27421875 0.29553264604810997 0.27734375 0.2852233676975945 0.28671875 0.28350515463917525 0.29296875 0.27491408934707906 0.2890625 0.2680412371134021 0.29296875 0.26460481099656363 0.29296875 0.25429553264604815 0.2890625 0.2508591065292097 0.28984375 0.2302405498281787 0.28671875 0.21821305841924402 0.28828125 0.20962199312714777 0.284375 0.19931271477663232 0.28671875 0.1907216494845361 0.2859375 0.1718213058419244 0.28125 0.1597938144329897 0.284375 0.15463917525773196 0.28046875 0.1512027491408935 0.2578125 0.14948453608247422 0.2375 0.15635738831615123 0.2171875 0.1512027491408935 0.15859375 0.1512027491408935 0.12265625 0.16494845360824745 0.1125 0.17697594501718214 0.109375 0.1718213058419244 0.10546875 0.17353951890034364 0.1015625 0.1907216494845361 0.0984375 0.18900343642611686
0 0.15859375 0.6391752577319588 0.1640625 0.6597938144329898 0.175 0.6718213058419245 0.17734375 0.6975945017182131 0.190625 0.7336769759450172 0.18671875 0.7474226804123713 0.19453125 0.7886597938144331 0.24453125 0.7903780068728523 0.25859375 0.7869415807560138 0.2609375 0.7783505154639176 0.271875 0.7835051546391754 0.2796875 0.7714776632302407 0.2796875 0.7508591065292097 0.27578125 0.7439862542955327 0.2796875 0.7336769759450172 0.275 0.731958762886598 0.27109375 0.718213058419244 0.27265625 0.6958762886597938 0.278125 0.6924398625429553 0.278125 0.6855670103092784 0.2703125 0.6632302405498283 0.2609375 0.6546391752577321 0.2546875 0.6219931271477663 0.2953125 0.5481099656357389 0.3078125 0.5171821305841925 0.303125 0.5085910652920963 0.2921875 0.5068728522336771 0.275 0.5068728522336771 0.26875 0.5120274914089348 0.23125 0.5103092783505155 0.21953125 0.5223367697594502 0.21484375 0.534364261168385 0.19765625 0.5532646048109966 0.17890625 0.5824742268041238 0.1703125 0.5876288659793815 0.1640625 0.6030927835051547 0.15078125 0.6134020618556701 0.15 0.6271477663230242 0.15859375 0.6391752577319588
0 0.4109375 0.9742268041237114 0.5015625 0.9810996563573884 0.5078125 0.9725085910652922 0.5078125 0.8951890034364262 0.440625 0.8883161512027492 0.4125 0.8934707903780069 0.409375 0.8969072164948454 0.40859375 0.9054982817869417 0.4078125 0.9450171821305842 0.4109375 0.9742268041237114
0 0.30859375 0.9484536082474226 0.3765625 0.957044673539519 0.38359375 0.9450171821305842 0.38515625 0.9587628865979383 0.38828125 0.9621993127147768 0.39765625 0.9604810996563575 0.40234375 0.9347079037800687 0.40078125 0.9226804123711341 0.39765625 0.929553264604811 0.3890625 0.929553264604811 0.3859375 0.9209621993127148 0.38671875 0.9312714776632303 0.38359375 0.9329896907216495 0.36953125 0.9089347079037802 0.35390625 0.9158075601374571 0.3421875 0.9054982817869417 0.3359375 0.9054982817869417 0.33046875 0.9175257731958764 0.31640625 0.9175257731958764 0.30859375 0.9243986254295533 0.30625 0.9381443298969072 0.30859375 0.9484536082474226
0 0.10078125 0.7233676975945018 0.1015625 0.7439862542955327 0.10859375 0.752577319587629 0.109375 0.7714776632302407 0.115625 0.7783505154639176 0.1171875 0.79553264604811 0.1234375 0.809278350515464 0.12421875 0.8213058419243987 0.13046875 0.8316151202749141 0.1296875 0.8487972508591065 0.14375 0.8591065292096222 0.14375 0.8986254295532646 0.18203125 0.9106529209621994 0.21484375 0.9140893470790379 0.215625 0.8848797250859107 0.20859375 0.8539518900343642 0.2015625 0.8367697594501718 0.196875 0.79553264604811 0.190625 0.7869415807560138 0.18984375 0.7714776632302407 0.18359375 0.7439862542955327 0.184375 0.7371134020618557 0.17734375 0.7302405498281788 0.175 0.6993127147766324 0.134375 0.6975945017182131 0.1296875 0.7096219931271478 0.1234375 0.6958762886597938 0.1125 0.6993127147766324 0.10546875 0.6924398625429553 0.0984375 0.7027491408934708 0.0953125 0.7147766323024055 0.10078125 0.7233676975945018
0 0.153125 0.6666666666666667 0.146875 0.6666666666666667 0.1453125 0.668384879725086 0.153125 0.6666666666666667
0 0.30546875 0.3195876288659794 0.3609375 0.3178694158075602 0.38984375 0.3230240549828179 0.39921875 0.31099656357388317 0.39765625 0.288659793814433 0.39375 0.281786941580756 0.35078125 0.2766323024054983 0.303125 0.2800687285223368 0.303125 0.31271477663230246 0.30546875 0.3195876288659794
0 0.5640625 0.28350515463917525 0.5671875 0.29037800687285226 0.5640625 0.29553264604810997 0.584375 0.29553264604810997 0.584375 0.29037800687285226 0.578125 0.2852233676975945 0.5890625 0.2714776632302406 0.5921875 0.24398625429553267 0.5921875 0.16494845360824745 0.5859375 0.1597938144329897 0.5671875 0.16151202749140894 0.5640625 0.19243986254295536 0.56328125 0.26460481099656363 0.5640625 0.28350515463917525
0 0.53671875 0.302405498281787 0.53984375 0.29037800687285226 0.55078125 0.29037800687285226 0.559375 0.2800687285223368 0.56171875 0.24914089347079038 0.56015625 0.2405498281786942 0.5578125 0.2457044673539519 0.5359375 0.24742268041237114 0.53359375 0.2628865979381444 0.5328125 0.29037800687285226 0.53671875 0.302405498281787
0 0.07734375 0.6494845360824744 0.08359375 0.6597938144329898 0.084375 0.6855670103092784 0.10625 0.6941580756013745 0.11171875 0.7130584192439863 0.13515625 0.7147766323024055 0.14375 0.7096219931271478 0.1453125 0.6975945017182131 0.1609375 0.7027491408934708 0.17421875 0.6958762886597938 0.171875 0.6752577319587629 0.14609375 0.6512027491408936 0.14375 0.6254295532646049 0.1140625 0.6219931271477663 0.10234375 0.6134020618556701 0.0796875 0.6151202749140894 0.07734375 0.6185567010309279 0.07734375 0.6494845360824744
0 0.109375 0.6109375 0.00078125 0.0015625
0 0.4875 0.07731958762886598 0.484375 0.08075601374570447 0.4859375 0.08419243986254296 0.478125 0.09278350515463918 0.478125 0.10137457044673541 0.46875 0.10137457044673541 0.52265625 0.10996563573883163 0.5328125 0.09450171821305843 0.53125 0.07560137457044674 0.534375 0.06529209621993128 0.528125 0.04639175257731959 0.51328125 0.04123711340206186 0.49453125 0.04982817869415808 0.484375 0.070446735395189 0.48046875 0.070446735395189 0.48671875 0.07388316151202749 0.4875 0.07731958762886598
0 0.1328125 0.3711340206185567 0.13515625 0.3969072164948454 0.13984375 0.4020618556701031 0.13984375 0.4209621993127148 0.14609375 0.4312714776632303 0.1484375 0.4587628865979382 0.1546875 0.46735395189003437 0.18515625 0.4604810996563574 0.21484375 0.4639175257731959 0.21796875 0.4690721649484536 0.21875 0.48797250859106533 0.22421875 0.4896907216494846 0.2265625 0.45360824742268047 0.2203125 0.4037800687285224 0.215625 0.3934707903780069 0.21328125 0.3762886597938145 0.21875 0.34879725085910657 0.21640625 0.33333333333333337 0.2046875 0.3264604810996564 0.125 0.3298969072164949 0.1265625 0.359106529209622 0.1328125 0.3711340206185567
0 0.5125 0.13745704467353953 0.51484375 0.1512027491408935 0.52109375 0.15463917525773196 0.521875 0.16151202749140894 0.53046875 0.16838487972508592 0.53515625 0.1597938144329897 0.534375 0.10309278350515465 0.5328125 0.09621993127147768 0.52734375 0.09450171821305843 0.5296875 0.07731958762886598 0.521875 0.07560137457044674 0.52421875 0.09106529209621994 0.51484375 0.10996563573883163 0.51171875 0.10996563573883163 0.50703125 0.12371134020618557 0.50625 0.13230240549828182 0.5125 0.13745704467353953
0 0.52578125 0.07216494845360825 0.52421875 0.06872852233676977 0.52265625 0.07216494845360825 0.52578125 0.07216494845360825
0 0.2265625 0.43814432989690727 0.23046875 0.4484536082474227 0.23203125 0.4862542955326461 0.23515625 0.49312714776632305 0.24375 0.49828178694158076 0.29375 0.4965635738831615 0.30859375 0.5017182130584193 0.3140625 0.4896907216494846 0.3140625 0.4295532646048111 0.30703125 0.40034364261168387 0.2265625 0.40034364261168387 0.2234375 0.4123711340206186 0.2265625 0.43814432989690727
0 0.1890625 0.6975945017182131 0.18203125 0.7044673539518901 0.18125 0.7130584192439863 0.184375 0.7233676975945018 0.18984375 0.7268041237113403 0.1859375 0.7422680412371134 0.18671875 0.7577319587628867 0.19375 0.7886597938144331 0.196875 0.7920962199312716 0.246875 0.7920962199312716 0.26484375 0.7869415807560138 0.26484375 0.7989690721649485 0.2734375 0.7989690721649485 0.28125 0.7697594501718215 0.28359375 0.7508591065292097 0.28125 0.7439862542955327 0.28125 0.7199312714776632 0.26953125 0.7079037800687286 0.25859375 0.7079037800687286 0.25625 0.7027491408934708 0.26015625 0.6872852233676976 0.26796875 0.6855670103092784 0.26328125 0.6752577319587629 0.24375 0.6701030927835052 0.240625 0.6632302405498283 0.2296875 0.6632302405498283 0.22421875 0.668384879725086 0.19921875 0.6701030927835052 0.190625 0.6855670103092784 0.19296875 0.6993127147766324 0.1890625 0.6975945017182131
0 0.5375 0.22680412371134023 0.534375 0.23367697594501718 0.5359375 0.23711340206185566 0.53984375 0.2216494845360825 0.5609375 0.21993127147766325 0.56328125 0.1941580756013746 0.5609375 0.16838487972508592 0.5578125 0.1752577319587629 0.5359375 0.17353951890034364 0.534375 0.18728522336769762 0.5328125 0.21821305841924402 0.5375 0.22680412371134023
0 0.53671875 0.05498281786941581 0.53984375 0.05326460481099656 0.53984375 0.04639175257731959 0.5453125 0.03608247422680413 0.54453125 0.02405498281786942 0.53984375 0.018900343642611686 0.521875 0.02405498281786942 0.51875 0.03436426116838488 0.53671875 0.05498281786941581
0 0.12265625 0.31271477663230246 0.121875 0.32817869415807566 0.19921875 0.32817869415807566 0.209375 0.3230240549828179 0.20859375 0.2972508591065292 0.196875 0.2852233676975945 0.11796875 0.29037800687285226 0.1140625 0.2920962199312715 0.12265625 0.31271477663230246
0 0.4109375 0.8934707903780069 0.434375 0.88659793814433 0.4703125 0.88659793814433 0.49921875 0.8934707903780069 0.509375 0.8900343642611684 0.51015625 0.8539518900343642 0.5078125 0.8367697594501718 0.43671875 0.8281786941580757 0.4109375 0.8333333333333334 0.40703125 0.8384879725085911 0.40625 0.88659793814433 0.4109375 0.8934707903780069
0 0.58828125 0.302405498281787 0.59140625 0.27491408934707906 0.59140625 0.23539518900343642 0.58828125 0.22680412371134023 0.56796875 0.22680412371134023 0.5640625 0.2457044673539519 0.5640625 0.302405498281787 0.58828125 0.302405498281787
0 0.3890625 0.34453125 0.00390625 0.0015625
0 0.296875 0.19759450171821308 0.296875 0.21649484536082478 0.3 0.22508591065292097 0.29921875 0.24226804123711343 0.303125 0.25945017182130586 0.29921875 0.2869415807560137 0.30234375 0.29553264604810997 0.30390625 0.3178694158075602 0.311328125 0.32130584192439865 0.31328125 0.33161512027491413 0.31796875 0.33161512027491413 0.3140625 0.3505154639175258 0.32734375 0.35223367697594504 0.3296875 0.34192439862542956 0.33203125 0.3470790378006873 0.334375 0.33333333333333337 0.33984375 0.3350515463917526 0.3375 0.34192439862542956 0.340625 0.34192439862542956 0.34140625 0.3470790378006873 0.35390625 0.34879725085910657 0.3765625 0.34879725085910657 0.3796875 0.3402061855670103 0.38359375 0.3470790378006873 0.3859375 0.34536082474226804 0.3859375 0.3384879725085911 0.39140625 0.3384879725085911 0.39140625 0.32817869415807566 0.4 0.30927835051546393 0.4 0.288659793814433 0.3953125 0.2766323024054983 0.39453125 0.2577319587628866 0.39375 0.23367697594501718 0.39765625 0.22336769759450173 0.396875 0.20790378006872853 0.38984375 0.19243986254295536 0.37578125 0.19931271477663232 0.296875 0.19759450171821308
0 0.30703125 0.1671875 0.0015625 0.0015625
0 0.30703125 0.9209621993127148 0.30859375 0.9467353951890034 0.3765625 0.9553264604810998 0.38359375 0.9398625429553265 0.3859375 0.9587628865979383 0.38984375 0.9621993127147768 0.396875 0.9604810996563575 0.40078125 0.9501718213058419 0.4046875 0.9192439862542956 0.40078125 0.8487972508591065 0.38359375 0.852233676975945 0.3765625 0.8470790378006873 0.36171875 0.8470790378006873 0.3515625 0.8539518900343642 0.34765625 0.8436426116838488 0.3296875 0.8419243986254296 0.321875 0.8436426116838488 0.3234375 0.8608247422680414 0.29921875 0.8694158075601376 0.29765625 0.9054982817869417 0.30703125 0.9209621993127148
0 0.4 0.8419243986254296 0.39921875 0.8367697594501718 0.39765625 0.8402061855670103 0.4 0.8419243986254296
0 0.353125 0.816151202749141 0.3625 0.8264604810996564 0.3640625 0.8213058419243987 0.3703125 0.8195876288659795 0.3421875 0.809278350515464 0.33671875 0.809278350515464 0.353125 0.816151202749141
0 0.3234375 0.80859375 0.00078125 0.0015625
0 0.28984375 0.7903780068728523 0.28515625 0.7989690721649485 0.2859375 0.8109965635738833 0.2921875 0.8230240549828179 0.29296875 0.8539518900343642 0.3015625 0.8728522336769761 0.2984375 0.88659793814433 0.3 0.9106529209621994 0.30703125 0.9175257731958764 0.32421875 0.9192439862542956 0.33515625 0.9140893470790379 0.33828125 0.9054982817869417 0.34609375 0.9054982817869417 0.34921875 0.9140893470790379 0.3578125 0.9192439862542956 0.36640625 0.9158075601374571 0.37109375 0.9020618556701031 0.37578125 0.9003436426116839 0.3921875 0.9347079037800687 0.396875 0.936426116838488 0.40078125 0.9278350515463918 0.403125 0.9072164948453609 0.40234375 0.852233676975945 0.3953125 0.809278350515464 0.39609375 0.7714776632302407 0.38984375 0.7577319587628867 0.38671875 0.7628865979381444 0.38828125 0.7783505154639176 0.38046875 0.7886597938144331 0.29921875 0.7766323024054984 0.28984375 0.7646048109965636 0.28671875 0.7680412371134021 0.2828125 0.7835051546391754 0.28984375 0.7903780068728523
0 0.33973858173076926 0.7497356595294741 0.3234375 0.7474226804123713 0.32265625 0.7508591065292097 0.33046875 0.7491408934707905 0.3359375 0.7542955326460482 0.33973858173076926 0.7497356595294741
0 0.5625 0.1597938144329897 0.56484375 0.13745704467353953 0.56484375 0.061855670103092786 0.553125 0.05670103092783506 0.5390625 0.058419243986254296 0.534375 0.07216494845360825 0.53515625 0.16151202749140894 0.5625 0.1597938144329897
0 0.31171875 0.33676975945017185 0.31484375 0.3556701030927835 0.31171875 0.3625429553264605 0.30859375 0.40549828178694164 0.315625 0.4347079037800688 0.3140625 0.4690721649484536 0.31953125 0.49312714776632305 0.37734375 0.4965635738831615 0.39140625 0.47938144329896915 0.40390625 0.4742268041237113 0.40625 0.45017182130584193 0.39921875 0.39518900343642616 0.4015625 0.37972508591065296 0.396875 0.3539518900343643 0.396875 0.3247422680412372 0.34609375 0.3178694158075602 0.30859375 0.3247422680412372 0.30703125 0.3298969072164949 0.31171875 0.33676975945017185
0 0.20234375 0.2680412371134021 0.20234375 0.2852233676975945 0.209375 0.2920962199312715 0.2078125 0.29553264604810997 0.2140625 0.3230240549828179 0.2234375 0.32817869415807566 0.2484375 0.3247422680412372 0.259375 0.3298969072164949 0.28359375 0.3298969072164949 0.296875 0.3178694158075602 0.29375 0.29381443298969073 0.29609375 0.2852233676975945 0.296875 0.2560137457044674 0.29375 0.2508591065292097 0.29140625 0.2302405498281787 0.29140625 0.20446735395189006 0.2875 0.17869415807560138 0.28984375 0.1632302405498282 0.28671875 0.15463917525773196 0.2703125 0.14776632302405499 0.2515625 0.15463917525773196 0.2265625 0.1512027491408935 0.20546875 0.15635738831615123 0.1984375 0.16666666666666669 0.19453125 0.18900343642611686 0.1921875 0.21821305841924402 0.20234375 0.2680412371134021
0 0.30703125 0.2680412371134021 0.31328125 0.2680412371134021 0.3109375 0.2611683848797251 0.30703125 0.2611683848797251 0.30703125 0.2680412371134021
0 0.29453125 0.21993127147766325 0.29609375 0.23195876288659795 0.30625 0.23883161512027495 0.33828125 0.23539518900343642 0.38203125 0.24226804123711343 0.3890625 0.2405498281786942 0.396875 0.22680412371134023 0.39453125 0.20274914089347082 0.384375 0.19243986254295536 0.29609375 0.1941580756013746 0.3 0.20274914089347082 0.29453125 0.21993127147766325
0 0.31015625 0.1752577319587629 0.30625 0.16666666666666669 0.30546875 0.17353951890034364 0.31015625 0.1752577319587629
0 0.2828125 0.7027491408934708 0.28671875 0.711340206185567 0.2875 0.7371134020618557 0.28359375 0.7766323024054984 0.29140625 0.7800687285223369 0.28984375 0.7972508591065293 0.29375 0.7886597938144331 0.29609375 0.7972508591065293 0.29765625 0.7869415807560138 0.309375 0.7800687285223369 0.32109375 0.7800687285223369 0.33046875 0.79553264604811 0.328125 0.802405498281787 0.33515625 0.7972508591065293 0.34453125 0.8058419243986255 0.35859375 0.7938144329896908 0.39375 0.7972508591065293 0.39296875 0.7766323024054984 0.38984375 0.7663230240549829 0.38671875 0.661512027491409 0.38046875 0.6649484536082475 0.378125 0.6752577319587629 0.365625 0.6804123711340206 0.33671875 0.6786941580756014 0.33046875 0.6752577319587629 0.32890625 0.668384879725086 0.31796875 0.6632302405498283 0.30390625 0.6649484536082475 0.3 0.6718213058419245 0.28125 0.6769759450171822 0.28515625 0.6890034364261168 0.2828125 0.7027491408934708
0 0.3640625 0.6529209621993128 0.35390625 0.6512027491408936 0.35625 0.6563573883161513 0.3640625 0.6529209621993128
0 0.34296875 0.6580756013745706 0.35 0.6529209621993128 0.34609375 0.6477663230240551 0.33515625 0.6477663230240551 0.33046875 0.6494845360824744 0.3292798913043478 0.6547138801733154 0.3328125 0.661512027491409 0.33671875 0.6597938144329898 0.33984375 0.6494845360824744 0.34296875 0.6580756013745706
0 0.38125 0.6546391752577321 0.38046875 0.6477663230240551 0.37578125 0.6460481099656358 0.375 0.6512027491408936 0.38125 0.6546391752577321
0 0.30078125 0.6460481099656358 0.2984375 0.6426116838487973 0.296875 0.6494845360824744 0.30078125 0.6460481099656358
0 0.2828125 0.64375 0.00234375 0.0015625
0 0.31328125 0.6494845360824744 0.3171875 0.6512027491408936 0.31640625 0.6408934707903781 0.31171875 0.6408934707903781 0.31328125 0.6494845360824744
0 0.30390625 0.2852233676975945 0.3109375 0.2800687285223368 0.3515625 0.2766323024054983 0.390625 0.28350515463917525 0.39609375 0.2766323024054983 0.39609375 0.2508591065292097 0.390625 0.23711340206185566 0.3 0.23711340206185566 0.3 0.27835051546391754 0.30390625 0.2852233676975945
0 0.33046875 0.20859375 0.0015625 0.0015625
0 0.32109375 0.22336769759450173 0.32421875 0.22680412371134023 0.328125 0.21993127147766325 0.32421875 0.21305841924398625 0.3265625 0.20962199312714777 0.3203125 0.20790378006872853 0.31640625 0.20962199312714777 0.32109375 0.22336769759450173
0 0.340625 0.946875 0.00234375 0.003125
0 0.32265625 0.9450171821305842 0.32109375 0.9432989690721649 0.31953125 0.9450171821305842 0.32265625 0.9450171821305842
0 0.32109375 0.9381443298969072 0.32421875 0.9484536082474226 0.3375 0.9484536082474226 0.3265625 0.9312714776632303 0.32421875 0.9415807560137457 0.321875 0.929553264604811 0.31640625 0.9278350515463918 0.31484375 0.9347079037800687 0.32109375 0.9381443298969072
0 0.2921875 0.8230240549828179 0.29296875 0.8505154639175257 0.30234375 0.8745704467353953 0.29921875 0.8900343642611684 0.3015625 0.9106529209621994 0.3125 0.9192439862542956 0.35 0.9140893470790379 0.35390625 0.9209621993127148 0.36796875 0.9226804123711341 0.3703125 0.9020618556701031 0.37734375 0.9003436426116839 0.38671875 0.9158075601374571 0.38984375 0.936426116838488 0.39609375 0.9398625429553265 0.396875 0.9518900343642611 0.396875 0.9415807560137457 0.40078125 0.929553264604811 0.40234375 0.8419243986254296 0.39609375 0.809278350515464 0.396875 0.7800687285223369 0.39375 0.7646048109965636 0.38984375 0.7646048109965636 0.3890625 0.7817869415807561 0.38046875 0.7903780068728523 0.29921875 0.7783505154639176 0.290625 0.7697594501718215 0.28359375 0.7783505154639176 0.284375 0.8006872852233677 0.2921875 0.8230240549828179
0 0.14765625 0.43814432989690727 0.146875 0.4553264604810997 0.153125 0.46735395189003437 0.15390625 0.48453608247422686 0.16484375 0.4948453608247423 0.19921875 0.4914089347079038 0.221875 0.5 0.2265625 0.4965635738831615 0.23125 0.4828178694158076 0.228125 0.4450171821305842 0.21796875 0.42439862542955326 0.14609375 0.42439862542955326 0.14453125 0.42783505154639184 0.14765625 0.43814432989690727
0 0.19921875 0.4072164948453609 0.196875 0.40034364261168387 0.19140625 0.4037800687285224 0.190625 0.4089347079037801 0.1921875 0.4037800687285224 0.19453125 0.4089347079037801 0.19765625 0.4037800687285224 0.19921875 0.4072164948453609
0 0.20286458333333335 0.4072164948453609 0.19921875 0.4072164948453609 0.20078125 0.41065292096219935 0.20286458333333335 0.4072164948453609
0 0.20442708333333334 0.4072164948453609 0.20546875 0.41065292096219935 0.20598958333333334 0.4072164948453609 0.20442708333333334 0.4072164948453609
0 0.20755208333333336 0.4072164948453609 0.21015625 0.41065292096219935 0.21171875 0.4072164948453609 0.20755208333333336 0.4072164948453609
0 0.6796875 0.19931271477663232 0.69921875 0.19587628865979384 0.7 0.17869415807560138 0.69765625 0.1632302405498282 0.69140625 0.1632302405498282 0.6921875 0.17010309278350516 0.68828125 0.17010309278350516 0.687109375 0.16494845360824745 0.684375 0.17010309278350516 0.68203125 0.16494845360824745 0.67734375 0.1752577319587629 0.6765625 0.1941580756013746 0.6796875 0.19931271477663232
0 0.11015625 0.7714776632302407 0.1171875 0.7800687285223369 0.12421875 0.8213058419243987 0.13125 0.8316151202749141 0.13125 0.8487972508591065 0.1453125 0.8573883161512029 0.146875 0.8745704467353953 0.16171875 0.8711340206185568 0.1640625 0.8762886597938145 0.165625 0.8676975945017184 0.16875 0.8762886597938145 0.17265625 0.8694158075601376 0.17578125 0.8745704467353953 0.18515625 0.8676975945017184 0.1890625 0.8728522336769761 0.1859375 0.879725085910653 0.190625 0.88659793814433 0.2 0.8883161512027492 0.2 0.8969072164948454 0.19453125 0.9003436426116839 0.19453125 0.9106529209621994 0.20234375 0.9106529209621994 0.21484375 0.9003436426116839 0.21328125 0.88659793814433 0.21015625 0.8831615120274915 0.21015625 0.852233676975945 0.20546875 0.8436426116838488 0.20625 0.8281786941580757 0.1984375 0.8144329896907218 0.19765625 0.7972508591065293 0.19140625 0.7920962199312716 0.18203125 0.7680412371134021 0.17734375 0.7663230240549829 0.16953125 0.7731958762886599 0.16796875 0.7663230240549829 0.1703125 0.7611683848797252 0.1671875 0.7577319587628867 0.12890625 0.7542955326460482 0.11171875 0.7439862542955327 0.10859375 0.7474226804123713 0.11015625 0.7714776632302407
0 0.10546875 0.745704467353952 0.10859375 0.7371134020618557 0.103125 0.7371134020618557 0.10234375 0.7422680412371134 0.10546875 0.745704467353952
0 0.1421875 0.7233676975945018 0.11875 0.7199312714776632 0.11953125 0.7268041237113403 0.1421875 0.7233676975945018
0 0.13984375 0.852233676975945 0.14375 0.8659793814432991 0.14375 0.9020618556701031 0.21796875 0.9175257731958764 0.21640625 0.8848797250859107 0.20390625 0.852233676975945 0.190625 0.8402061855670103 0.16328125 0.8402061855670103 0.1609375 0.852233676975945 0.13984375 0.852233676975945
0 0.5921875 0.16151202749140894 0.58984375 0.15463917525773196 0.578125 0.1512027491408935 0.575 0.15292096219931273 0.5765625 0.16151202749140894 0.56796875 0.1597938144329897 0.5671875 0.1632302405498282 0.5921875 0.16151202749140894
0 0.06328125 0.013745704467353953 0.0671875 0.005154639175257733 0.06015625 0.0034364261168384883 0.05859375 0.005154639175257733 0.06328125 0.013745704467353953
0 0.10234375 0.05670103092783506 0.12734375 0.05670103092783506 0.1359375 0.03780068728522337 0.1359375 0.025773195876288662 0.1296875 0.005154639175257733 0.1171875 0 0.08828125 0 0.08828125 0.027491408934707907 0.10234375 0.05670103092783506
0 0.596875 0.1597938144329897 0.61953125 0.16151202749140894 0.61953125 0.10824742268041239 0.61640625 0.10996563573883163 0.61484375 0.11855670103092783 0.6109375 0.11168384879725086 0.608984375 0.12371134020618557 0.59765625 0.12542955326460484 0.5953125 0.140893470790378 0.59453125 0.15292096219931273 0.596875 0.1597938144329897
0 0.290625 0.7972508591065293 0.296875 0.7989690721649485 0.303125 0.7920962199312716 0.30390625 0.7852233676975946 0.28828125 0.7903780068728523 0.2875 0.7938144329896908 0.290625 0.7972508591065293
0 0.30625 0.78203125 0.00078125 0.003125
0 0.31015625 0.5567010309278351 0.30703125 0.5618556701030928 0.31171875 0.5601374570446735 0.31015625 0.5567010309278351
0 0.26484375 0.6305841924398626 0.26171875 0.6323024054982819 0.26171875 0.6408934707903781 0.275 0.6494845360824744 0.27265625 0.6563573883161513 0.27734375 0.6632302405498283 0.27578125 0.668384879725086 0.28125 0.6855670103092784 0.28359375 0.7079037800687286 0.28828125 0.7130584192439863 0.2890625 0.7353951890034365 0.2984375 0.7474226804123713 0.2890625 0.7577319587628867 0.28984375 0.7663230240549829 0.2859375 0.7749140893470792 0.28984375 0.7697594501718215 0.2904296875 0.7749140893470792 0.31328125 0.7766323024054984 0.32109375 0.7697594501718215 0.3203125 0.7749140893470792 0.3234375 0.7783505154639176 0.33515625 0.7800687285223369 0.3421875 0.7749140893470792 0.34375 0.7611683848797252 0.3484375 0.7680412371134021 0.3546875 0.7646048109965636 0.359375 0.7749140893470792 0.3515625 0.7852233676975946 0.35390625 0.7869415807560138 0.35703125 0.7817869415807561 0.3578125 0.7869415807560138 0.371875 0.7869415807560138 0.37578125 0.7749140893470792 0.3796875 0.7869415807560138 0.3859375 0.7852233676975946 0.38359375 0.7749140893470792 0.3796875 0.7749140893470792 0.3765625 0.7680412371134021 0.36953125 0.7697594501718215 0.3671875 0.7560137457044674 0.38125 0.7439862542955327 0.38671875 0.7302405498281788 0.38671875 0.6512027491408936 0.38125 0.6323024054982819 0.3515625 0.6185567010309279 0.35390625 0.5807560137457045 0.35703125 0.570446735395189 0.35546875 0.5584192439862543 0.3546875 0.5618556701030928 0.3421875 0.5549828178694158 0.33125 0.5687285223367697 0.32890625 0.5652920962199313 0.33125 0.5567010309278351 0.32734375 0.5567010309278351 0.3265625 0.5618556701030928 0.3234375 0.5567010309278351 0.3234375 0.5618556701030928 0.328125 0.5652920962199313 0.325 0.570446735395189 0.3203125 0.5687285223367697 0.31171875 0.577319587628866 0.30625 0.5687285223367697 0.2984375 0.5738831615120275 0.29609375 0.5807560137457045 0.29296875 0.570446735395189 0.29296875 0.5756013745704468 0.28828125 0.570446735395189 0.2828125 0.5859106529209622 0.27578125 0.5910652920962199 0.2703125 0.6099656357388317 0.2625 0.6151202749140894 0.26171875 0.6254295532646049 0.26484375 0.6305841924398626
0 0.30625 0.5453125 0.00234375 0.0015625
0 0.321875 0.5463917525773196 0.31953125 0.5395189003436427 0.31640625 0.5429553264604812 0.321875 0.5463917525773196
0 0.3703125 0.5326460481099657 0.36484375 0.527491408934708 0.365625 0.5378006872852235 0.3703125 0.5326460481099657
0 0.359375 0.5223367697594502 0.35234375 0.5240549828178694 0.3515625 0.5326460481099657 0.359375 0.5223367697594502
0 0.4078125 0.359106529209622 0.440625 0.3505154639175258 0.503125 0.35738831615120276 0.50859375 0.35223367697594504 0.51015625 0.3384879725085911 0.51484375 0.33161512027491413 0.5109375 0.3230240549828179 0.51875 0.31271477663230246 0.51953125 0.281786941580756 0.5296875 0.2628865979381444 0.52578125 0.21993127147766325 0.51875 0.23367697594501718 0.51328125 0.23711340206185566 0.51328125 0.2508591065292097 0.5078125 0.25429553264604815 0.50703125 0.26460481099656363 0.49921875 0.2766323024054983 0.46953125 0.27835051546391754 0.43046875 0.2714776632302406 0.409375 0.2800687285223368 0.4015625 0.32817869415807566 0.40078125 0.35223367697594504 0.4078125 0.359106529209622
0 0.3375 0.9501718213058419 0.33984375 0.9432989690721649 0.34140625 0.9501718213058419 0.34609375 0.9467353951890034 0.34609375 0.9518900343642611 0.3640625 0.9501718213058419 0.334375 0.9381443298969072 0.32734375 0.9432989690721649 0.3234375 0.9484536082474226 0.3375 0.9501718213058419
0 0.32578125 0.9347079037800687 0.3203125 0.9329896907216495 0.315625 0.9347079037800687 0.32578125 0.9347079037800687
0 0.31015625 0.9209621993127148 0.3484375 0.9175257731958764 0.36953125 0.9261168384879725 0.37109375 0.9054982817869417 0.3765625 0.9020618556701031 0.39296875 0.9415807560137457 0.38671875 0.9553264604810998 0.3890625 0.9587628865979383 0.39140625 0.9501718213058419 0.39375 0.9518900343642611 0.39375 0.9587628865979383 0.39765625 0.9553264604810998 0.4046875 0.9106529209621994 0.4015625 0.8762886597938145 0.403125 0.8556701030927837 0.40078125 0.845360824742268 0.39609375 0.8419243986254296 0.396875 0.8367697594501718 0.40078125 0.8367697594501718 0.396875 0.8333333333333334 0.39375 0.8333333333333334 0.3953125 0.845360824742268 0.38828125 0.8505154639175257 0.3515625 0.8487972508591065 0.3484375 0.8436426116838488 0.33671875 0.8419243986254296 0.323828125 0.8436426116838488 0.321875 0.8487972508591065 0.31953125 0.8436426116838488 0.3171875 0.8625429553264606 0.303125 0.8642611683848799 0.29921875 0.8694158075601376 0.2984375 0.9089347079037802 0.31015625 0.9209621993127148
0 0.390625 0.82734375 0.003125 0.0015625
0 0.61953125 0.24742268041237114 0.62265625 0.21993127147766325 0.62265625 0.18728522336769762 0.60859375 0.1941580756013746 0.5953125 0.1907216494845361 0.59453125 0.24398625429553267 0.61953125 0.24742268041237114
0 0.2078125 0.030927835051546393 0.21171875 0.0429553264604811 0.21796875 0.04982817869415808 0.22890625 0.08934707903780069 0.24296875 0.09278350515463918 0.24609375 0.08762886597938145 0.24765625 0.06013745704467355 0.24375 0.058419243986254296 0.2375 0.03951890034364262 0.2390625 0.03436426116838488 0.23515625 0.005154639175257733 0.2296875 0 0.203125 0 0.2015625 0.006872852233676977 0.2078125 0.030927835051546393
0 0.59140625 0.20446735395189006 0.59453125 0.17353951890034364 0.5921875 0.1597938144329897 0.571875 0.15807560137457047 0.5671875 0.1597938144329897 0.5640625 0.17010309278350516 0.5640625 0.20274914089347082 0.59140625 0.20446735395189006
0 0.11796875 0.7989690721649485 0.125 0.8109965635738833 0.12578125 0.8230240549828179 0.1328125 0.8230240549828179 0.1328125 0.8487972508591065 0.14375 0.8573883161512029 0.14375 0.9003436426116839 0.2171875 0.9175257731958764 0.2171875 0.8900343642611684 0.21015625 0.8642611683848799 0.19921875 0.8419243986254296 0.18828125 0.8350515463917526 0.1875 0.8298969072164949 0.19609375 0.8230240549828179 0.19609375 0.8075601374570448 0.1921875 0.7938144329896908 0.1828125 0.7852233676975946 0.128125 0.7731958762886599 0.115625 0.7749140893470792 0.11796875 0.7989690721649485
0 0.596875 0.04982817869415808 0.5984375 0.058419243986254296 0.6015625 0.058419243986254296 0.60546875 0.07216494845360825 0.62265625 0.07388316151202749 0.62421875 0.03780068728522337 0.59375 0.04123711340206186 0.59296875 0.04639175257731959 0.596875 0.04982817869415808
0 0.40546875 0.39003436426116844 0.40703125 0.4261168384879725 0.4125 0.43814432989690727 0.41015625 0.46219931271477666 0.41796875 0.47938144329896915 0.42578125 0.4725085910652921 0.43359375 0.47938144329896915 0.4953125 0.48797250859106533 0.5 0.4828178694158076 0.49609375 0.47594501718213056 0.5046875 0.46735395189003437 0.50859375 0.4518900343642612 0.52265625 0.42783505154639184 0.5203125 0.4209621993127148 0.525 0.40034364261168387 0.5234375 0.39003436426116844 0.52890625 0.3762886597938145 0.53046875 0.3556701030927835 0.528125 0.34192439862542956 0.52890625 0.28350515463917525 0.525 0.27491408934707906 0.5203125 0.2852233676975945 0.51640625 0.30927835051546393 0.51796875 0.31615120274914094 0.509375 0.3350515463917526 0.509375 0.35223367697594504 0.503125 0.359106529209622 0.4265625 0.3539518900343643 0.409375 0.3625429553264605 0.4109375 0.37457044673539525 0.40546875 0.39003436426116844
0 0.53515625 0.2731958762886598 0.55703125 0.2714776632302406 0.56171875 0.2560137457044674 0.5625 0.23195876288659795 0.56015625 0.20962199312714777 0.55703125 0.2216494845360825 0.5375 0.22336769759450173 0.53359375 0.2457044673539519 0.5328125 0.2628865979381444 0.53515625 0.2731958762886598
0 0.4125 0.9759450171821307 0.50546875 0.9793814432989691 0.5078125 0.9604810996563575 0.5078125 0.9467353951890034 0.43671875 0.9450171821305842 0.41015625 0.9501718213058419 0.409375 0.970790378006873 0.4125 0.9759450171821307
0 0.4515625 0.4450171821305842 0.4484375 0.4398625429553265 0.44765625 0.4450171821305842 0.4515625 0.4450171821305842
0 0.47109375 0.4484536082474227 0.475 0.4450171821305842 0.47734375 0.4347079037800688 0.48046875 0.4398625429553265 0.48359375 0.4312714776632303 0.46484375 0.4312714776632303 0.45546875 0.4398625429553265 0.4546875 0.4450171821305842 0.47109375 0.4484536082474227
0 0.45 0.43203125 0.00234375 0.0015625
0 0.4140625 0.48453608247422686 0.45625 0.4862542955326461 0.47421875 0.49312714776632305 0.4859375 0.5068728522336771 0.51875 0.520618556701031 0.521875 0.5171821305841925 0.5234375 0.49828178694158076 0.52890625 0.49312714776632305 0.53046875 0.38487972508591073 0.525 0.38316151202749144 0.521875 0.3969072164948454 0.51875 0.3969072164948454 0.5171875 0.40549828178694164 0.51171875 0.41065292096219935 0.51015625 0.42439862542955326 0.5046875 0.4312714776632303 0.50390625 0.4450171821305842 0.5015625 0.45017182130584193 0.49765625 0.4484536082474227 0.496875 0.4587628865979382 0.49296875 0.46563573883161513 0.46953125 0.46563573883161513 0.44765625 0.4587628865979382 0.41171875 0.4604810996563574 0.4109375 0.47938144329896915 0.4140625 0.48453608247422686
0 0.59453125 0.302405498281787 0.615625 0.302405498281787 0.61953125 0.288659793814433 0.61953125 0.26460481099656363 0.59921875 0.26632302405498287 0.5953125 0.2611683848797251 0.5921875 0.2714776632302406 0.59140625 0.2869415807560137 0.59453125 0.302405498281787
0 0.59375 0.3041237113402062 0.61484375 0.30584192439862545 0.61953125 0.29896907216494845 0.61875 0.2714776632302406 0.59453125 0.2714776632302406 0.5921875 0.27835051546391754 0.59140625 0.30068728522336774 0.59375 0.3041237113402062
0 0.50546875 0.3195876288659794 0.50390625 0.3625429553264605 0.50859375 0.36426116838487976 0.51171875 0.35738831615120276 0.515625 0.3608247422680413 0.51875 0.34879725085910657 0.5296875 0.3505154639175258 0.5296875 0.281786941580756 0.5328125 0.2611683848797251 0.52890625 0.24398625429553267 0.515625 0.2766323024054983 0.5125 0.27835051546391754 0.5125 0.2852233676975945 0.50859375 0.288659793814433 0.51328125 0.2920962199312715 0.51328125 0.302405498281787 0.50703125 0.3041237113402062 0.50546875 0.30927835051546393 0.5078125 0.31615120274914094 0.50546875 0.3195876288659794
0 0.2125 0.029209621993127148 0.21796875 0.03436426116838488 0.2171875 0.04123711340206186 0.2296875 0.08934707903780069 0.246875 0.09106529209621994 0.253125 0.08075601374570447 0.25234375 0.070446735395189 0.24921875 0.06013745704467355 0.24375 0.05498281786941581 0.24609375 0.04982817869415808 0.2359375 0.04639175257731959 0.234375 0.029209621993127148 0.22734375 0.03951890034364262 0.2125 0.029209621993127148
0 0.228125 0.0034364261168384883 0.21640625 0.0034364261168384883 0.23125 0.00859106529209622 0.228125 0.0034364261168384883
0 0.4765625 0.85859375 0.003125 0.0015625
0 0.453125 0.85859375 0.00234375 0.0015625
0 0.440625 0.8591065292096222 0.4390625 0.852233676975945 0.43671875 0.8591065292096222 0.440625 0.8591065292096222
0 0.484375 0.84453125 0.00234375 0.0015625
0 0.478125 0.84453125 0.00234375 0.0015625
0 0.40703125 0.8728522336769761 0.40703125 0.88659793814433 0.409375 0.8917525773195877 0.40859375 0.9278350515463918 0.4109375 0.9518900343642611 0.4140625 0.9467353951890034 0.44140625 0.9415807560137457 0.50234375 0.9450171821305842 0.50859375 0.9312714776632303 0.509375 0.8556701030927837 0.49609375 0.8505154639175257 0.496875 0.845360824742268 0.49453125 0.8419243986254296 0.4921875 0.852233676975945 0.484375 0.8573883161512029 0.48828125 0.8608247422680414 0.4828125 0.8676975945017184 0.46875 0.8659793814432991 0.46640625 0.8539518900343642 0.46171875 0.8642611683848799 0.41953125 0.8642611683848799 0.4125 0.8694158075601376 0.4078125 0.8642611683848799 0.409375 0.8676975945017184 0.40703125 0.8728522336769761
0 0.41015625 0.8281786941580757 0.40546875 0.8333333333333334 0.4078125 0.8608247422680414 0.4109375 0.8556701030927837 0.42265625 0.8573883161512029 0.4265625 0.8487972508591065 0.428125 0.8573883161512029 0.43203125 0.8556701030927837 0.4379738729508197 0.8409667061010648 0.43515625 0.8384879725085911 0.43984375 0.8298969072164949 0.4453125 0.8316151202749141 0.4484375 0.845360824742268 0.45546875 0.8384879725085911 0.459375 0.8470790378006873 0.4609375 0.845360824742268 0.45703125 0.8384879725085911 0.4625 0.8384879725085911 0.4625 0.8298969072164949 0.4671875 0.845360824742268 0.471875 0.8350515463917526 0.50078125 0.8367697594501718 0.50859375 0.8298969072164949 0.50859375 0.7680412371134021 0.43125 0.7628865979381444 0.425 0.7680412371134021 0.4109375 0.7680412371134021 0.403125 0.7835051546391754 0.4015625 0.7938144329896908 0.40390625 0.8109965635738833 0.4109375 0.8178694158075602 0.41015625 0.8281786941580757
0 0.36953125 0.07731958762886598 0.3828125 0.08762886597938145 0.41015625 0.08419243986254296 0.42109375 0.09106529209621994 0.428125 0.08075601374570447 0.44921875 0.06872852233676977 0.47578125 0.06701030927835053 0.484375 0.05670103092783506 0.4921875 0.05670103092783506 0.484375 0.051546391752577324 0.48203125 0.058419243986254296 0.47734375 0.04982817869415808 0.45859375 0.04639175257731959 0.4453125 0.051546391752577324 0.4390625 0.044673539518900345 0.4375 0.051546391752577324 0.41796875 0.05670103092783506 0.38515625 0.058419243986254296 0.3765625 0.07388316151202749 0.36953125 0.07731958762886598
0 0.20234375 0.8384879725085911 0.2203125 0.9037800687285223 0.2625 0.9054982817869417 0.2796875 0.9140893470790379 0.29609375 0.9106529209621994 0.2984375 0.8694158075601376 0.29296875 0.8487972508591065 0.2890625 0.809278350515464 0.27890625 0.7972508591065293 0.26796875 0.7989690721649485 0.25546875 0.7886597938144331 0.234375 0.7938144329896908 0.2203125 0.7886597938144331 0.215625 0.7938144329896908 0.203125 0.7938144329896908 0.1984375 0.79553264604811 0.20234375 0.8384879725085911
0 0.469921875 0.06701030927835053 0.47109375 0.058419243986254296 0.47734375 0.058419243986254296 0.475 0.06872852233676977 0.4765625 0.06357388316151204 0.47890625 0.06872852233676977 0.5078125 0.06013745704467355 0.5234375 0.06872852233676977 0.528125 0.06013745704467355 0.53046875 0.04639175257731959 0.52734375 0.03608247422680413 0.51875 0.03264604810996564 0.48671875 0.04639175257731959 0.4734375 0.04639175257731959 0.46796875 0.05326460481099656 0.465625 0.06701030927835053 0.469921875 0.06701030927835053
0 0.31328125 0.38659793814432997 0.32890625 0.39003436426116844 0.3296875 0.3814432989690722 0.33203125 0.3814432989690722 0.333984375 0.39003436426116844 0.340625 0.38659793814432997 0.3390625 0.3780068728522337 0.3265625 0.372852233676976 0.321875 0.38659793814432997 0.31875 0.38487972508591073 0.31953125 0.372852233676976 0.31640625 0.3711340206185567 0.3171875 0.38316151202749144 0.31328125 0.38659793814432997
0 0.34453125 0.38659793814432997 0.355859375 0.39003436426116844 0.35859375 0.3814432989690722 0.3609375 0.39003436426116844 0.37421875 0.3917525773195877 0.38046875 0.3780068728522337 0.3828125 0.3917525773195877 0.39140625 0.3917525773195877 0.3921875 0.38316151202749144 0.39609375 0.3883161512027492 0.38359375 0.3694158075601375 0.37890625 0.3762886597938145 0.365625 0.37457044673539525 0.3609375 0.3814432989690722 0.35546875 0.3780068728522337 0.35546875 0.372852233676976 0.35078125 0.372852233676976 0.34765625 0.38487972508591073 0.34453125 0.38659793814432997
0 0.3671875 0.3703125 0.00234375 0.0015625
0 0.3140625 0.29381443298969073 0.3171875 0.302405498281787 0.31328125 0.30927835051546393 0.31458359375 0.31615120274914094 0.30625 0.3178694158075602 0.303125 0.3247422680412372 0.30703125 0.3556701030927835 0.3140625 0.36426116838487976 0.31875 0.359106529209622 0.34453125 0.3556701030927835 0.36640625 0.359106529209622 0.3703125 0.36426116838487976 0.37890625 0.359106529209622 0.3921875 0.3625429553264605 0.3984375 0.3556701030927835 0.39921875 0.32130584192439865 0.39765625 0.31615120274914094 0.38671875 0.3178694158075602 0.38125 0.31099656357388317 0.38359375 0.2852233676975945 0.38203125 0.288659793814433 0.37734375 0.281786941580756 0.3484375 0.2766323024054983 0.32109375 0.2766323024054983 0.309375 0.27835051546391754 0.30625 0.281786941580756 0.30546875 0.29037800687285226 0.31015625 0.2972508591065292 0.3140625 0.29381443298969073
0 0.4328125 0.9415807560137457 0.42421875 0.9398625429553265 0.42734375 0.9450171821305842 0.4328125 0.9415807560137457
0 0.4125 0.93984375 0.003125 0.003125
0 0.48203125 0.9415807560137457 0.4734375 0.9329896907216495 0.46875 0.9415807560137457 0.48203125 0.9415807560137457
0 0.42578125 0.9140893470790379 0.425 0.9072164948453609 0.421875 0.9106529209621994 0.4171875 0.9037800687285223 0.41640625 0.9175257731958764 0.42578125 0.9140893470790379
0 0.4875 0.68125 0.00234375 0.0015625
0 0.39765625 0.6649484536082475 0.4 0.6529209621993128 0.3953125 0.6512027491408936 0.39375 0.6580756013745706 0.39765625 0.6649484536082475
0 0.41328125 0.6701030927835052 0.409375 0.6718213058419245 0.4125 0.6855670103092784 0.39921875 0.6993127147766324 0.39609375 0.7164948453608248 0.396875 0.7577319587628867 0.40390625 0.7731958762886599 0.40078125 0.7938144329896908 0.40390625 0.8041237113402062 0.40390625 0.8264604810996564 0.4078125 0.8419243986254296 0.40859375 0.88659793814433 0.4125 0.8969072164948454 0.41015625 0.9106529209621994 0.41328125 0.9106529209621994 0.4140625 0.9158075601374571 0.4125 0.9209621993127148 0.41015625 0.9192439862542956 0.4109375 0.9329896907216495 0.41953125 0.8883161512027492 0.44609375 0.8848797250859107 0.5078125 0.8917525773195877 0.50859375 0.861683848797251 0.50546875 0.8539518900343642 0.50859375 0.852233676975945 0.503125 0.8333333333333334 0.50859375 0.8298969072164949 0.5109375 0.7903780068728523 0.50859375 0.7216494845360826 0.5125 0.6941580756013745 0.50859375 0.6958762886597938 0.5078125 0.6907216494845361 0.51328125 0.6786941580756014 0.50859375 0.6649484536082475 0.50859375 0.6597938144329898 0.51328125 0.6597938144329898 0.51484375 0.6426116838487973 0.5109375 0.6305841924398626 0.51171875 0.6151202749140894 0.5078125 0.6134020618556701 0.50390625 0.6219931271477663 0.4953125 0.6219931271477663 0.49375 0.6323024054982819 0.49765625 0.6426116838487973 0.49140625 0.6477663230240551 0.48984375 0.6563573883161513 0.4859375 0.6546391752577321 0.48203125 0.6649484536082475 0.47890625 0.6632302405498283 0.48046875 0.6546391752577321 0.47890625 0.6597938144329898 0.47421875 0.6597938144329898 0.4734375 0.6529209621993128 0.4671875 0.6529209621993128 0.44375 0.6357388316151203 0.434375 0.6374570446735396 0.42890625 0.6494845360824744 0.42890625 0.6563573883161513 0.425 0.6494845360824744 0.409375 0.6494845360824744 0.4078125 0.6563573883161513 0.40234375 0.6529209621993128 0.41328125 0.6632302405498283 0.41328125 0.6701030927835052
0 0.49765625 0.60703125 0.0015625 0.0015625
0 0.509375 0.60546875 0.00234375 0.0015625
0 0.4875 0.5532646048109966 0.4828125 0.5601374570446735 0.48828125 0.5618556701030928 0.48984375 0.570446735395189 0.48046875 0.5687285223367697 0.4796875 0.577319587628866 0.490625 0.577319587628866 0.496875 0.5824742268041238 0.49765625 0.5893470790378007 0.5109375 0.5790378006872853 0.51171875 0.5532646048109966 0.50859375 0.5498281786941581 0.51171875 0.5446735395189004 0.51171875 0.534364261168385 0.5046875 0.527491408934708 0.49609375 0.5360824742268042 0.48359375 0.5326460481099657 0.48359375 0.5481099656357389 0.4875 0.5532646048109966
0 0.40703125 0.372852233676976 0.4046875 0.40034364261168387 0.40703125 0.42439862542955326 0.4140625 0.43298969072164956 0.41171875 0.4587628865979382 0.459375 0.4604810996563574 0.46640625 0.46735395189003437 0.4953125 0.46563573883161513 0.5015625 0.45704467353951894 0.50078125 0.43814432989690727 0.50703125 0.42783505154639184 0.50703125 0.41408934707903783 0.5203125 0.38659793814432997 0.51484375 0.37972508591065296 0.525 0.3625429553264605 0.52890625 0.365979381443299 0.52890625 0.34536082474226804 0.52578125 0.3402061855670103 0.52890625 0.32817869415807566 0.5296875 0.26460481099656363 0.52578125 0.25429553264604815 0.5234375 0.2560137457044674 0.51796875 0.27835051546391754 0.5078125 0.2852233676975945 0.503125 0.31271477663230246 0.4953125 0.3195876288659794 0.4609375 0.3144329896907217 0.41796875 0.3144329896907217 0.40390625 0.3195876288659794 0.40234375 0.3539518900343643 0.40703125 0.372852233676976
0 0.1515625 0.14948453608247422 0.17578125 0.1443298969072165 0.2546875 0.1443298969072165 0.275 0.13745704467353953 0.27734375 0.10824742268041239 0.265625 0.09278350515463918 0.20390625 0.09793814432989692 0.14296875 0.12199312714776633 0.14140625 0.13745704467353953 0.1515625 0.14948453608247422
0 0.2921875 0.7405498281786942 0.28515625 0.7628865979381444 0.28203125 0.7869415807560138 0.284375 0.7920962199312716 0.28359375 0.7989690721649485 0.29140625 0.8178694158075602 0.2921875 0.8487972508591065 0.3015625 0.8659793814432991 0.30234375 0.8780068728522338 0.29921875 0.88659793814433 0.30078125 0.9106529209621994 0.3078125 0.9175257731958764 0.32890625 0.9192439862542956 0.34609375 0.9054982817869417 0.346875 0.9140893470790379 0.359375 0.9192439862542956 0.36640625 0.9158075601374571 0.371875 0.9003436426116839 0.3765625 0.9003436426116839 0.390625 0.9347079037800687 0.3984375 0.9347079037800687 0.40234375 0.9106529209621994 0.4015625 0.8436426116838488 0.3953125 0.8127147766323025 0.396875 0.7766323024054984 0.38515625 0.7216494845360826 0.38828125 0.7010309278350516 0.38515625 0.6838487972508591 0.36796875 0.6821305841924399 0.36640625 0.6872852233676976 0.3609375 0.6821305841924399 0.359375 0.6872852233676976 0.35625 0.6821305841924399 0.35546875 0.6890034364261168 0.3515625 0.6821305841924399 0.34453125 0.7010309278350516 0.34296875 0.6890034364261168 0.34609375 0.6804123711340206 0.340625 0.6872852233676976 0.33828125 0.6804123711340206 0.33515625 0.6855670103092784 0.33125 0.6786941580756014 0.33046875 0.6855670103092784 0.32578125 0.6786941580756014 0.3296875 0.7130584192439863 0.29296875 0.711340206185567 0.28984375 0.7164948453608248 0.28984375 0.7371134020618557 0.2921875 0.7405498281786942
0 0.30078125 0.6821305841924399 0.30625 0.6752577319587629 0.2953125 0.6769759450171822 0.29296875 0.6786941580756014 0.30078125 0.6821305841924399
0 0.53828125 0.06013745704467355 0.546875 0.05670103092783506 0.5640625 0.061855670103092786 0.56953125 0.04982817869415808 0.5875 0.03264604810996564 0.58515625 0.029209621993127148 0.58125 0.03780068728522337 0.57890625 0.029209621993127148 0.5328125 0.0429553264604811 0.53203125 0.04810996563573884 0.53828125 0.06013745704467355
0 0.3578125 0.6202749140893471 0.46640625 0.6323024054982819 0.4703125 0.6254295532646049 0.4734375 0.5721649484536082 0.48046875 0.5120274914089348 0.46640625 0.4948453608247423 0.4578125 0.4914089347079038 0.3953125 0.48797250859106533 0.3859375 0.5017182130584193 0.3578125 0.5910652920962199 0.3546875 0.6116838487972509 0.3578125 0.6202749140893471
0 0.1015625 0.22508591065292097 0.10234375 0.2525773195876289 0.1125 0.26460481099656363 0.1125 0.288659793814433 0.1421875 0.2852233676975945 0.14296875 0.2800687285223368 0.18125 0.28350515463917525 0.1921875 0.27491408934707906 0.1921875 0.26460481099656363 0.18828125 0.25429553264604815 0.1921875 0.24742268041237114 0.1921875 0.2405498281786942 0.18671875 0.21821305841924402 0.19296875 0.18556701030927836 0.1921875 0.17697594501718214 0.1953125 0.1718213058419244 0.19296875 0.1752577319587629 0.19140625 0.16838487972508592 0.1921875 0.15635738831615123 0.146875 0.15292096219931273 0.1234375 0.16151202749140894 0.115625 0.17010309278350516 0.10703125 0.16838487972508592 0.0953125 0.18556701030927836 0.0953125 0.21477663230240554 0.1015625 0.22508591065292097
0 0.440625 0.07388316151202749 0.4390625 0.06872852233676977 0.42890625 0.07731958762886598 0.47421875 0.07216494845360825 0.4796875 0.08419243986254296 0.48203125 0.08075601374570447 0.4890625 0.08934707903780069 0.4953125 0.08419243986254296 0.49453125 0.07216494845360825 0.49765625 0.06701030927835053 0.5125 0.06357388316151204 0.52421875 0.070446735395189 0.53046875 0.04810996563573884 0.52578125 0.03608247422680413 0.5203125 0.03264604810996564 0.490625 0.044673539518900345 0.453125 0.04982817869415808 0.44609375 0.05670103092783506 0.44505234375 0.07388316151202749 0.440625 0.07388316151202749
0 0.4125 0.4347079037800688 0.41015625 0.46219931271477666 0.4140625 0.47938144329896915 0.4703125 0.4862542955326461 0.475 0.48797250859106533 0.48046875 0.5 0.496875 0.5 0.51015625 0.4828178694158076 0.509375 0.4776632302405499 0.51484375 0.47079037800687284 0.5109375 0.46219931271477666 0.525 0.43298969072164956 0.52890625 0.40549828178694164 0.53046875 0.36426116838487976 0.52890625 0.288659793814433 0.52734375 0.281786941580756 0.5234375 0.281786941580756 0.5171875 0.33161512027491413 0.5109375 0.33676975945017185 0.5109375 0.3505154639175258 0.50625 0.359106529209622 0.48828125 0.3625429553264605 0.4578125 0.3556701030927835 0.41875 0.35738831615120276 0.4125 0.3608247422680413 0.41171875 0.3762886597938145 0.40625 0.39003436426116844 0.4078125 0.4261168384879725 0.4125 0.4347079037800688
0 0.48125 0.11484375 0.0015625 0.00703125
0 0.465625 0.1109375 0.00078125 0.0015625
0 0.5109375 0.14261168384879724 0.5109375 0.16666666666666669 0.5265625 0.16666666666666669 0.52890625 0.1718213058419244 0.5328125 0.16151202749140894 0.53359375 0.10652920962199312 0.5229643485915493 0.08148201926334642 0.521875 0.09106529209621994 0.5171875 0.09965635738831616 0.5015625 0.10652920962199312 0.49453125 0.10309278350515465 0.49140625 0.10824742268041239 0.490625 0.11340206185567012 0.49609375 0.13230240549828182 0.5015625 0.13230240549828182 0.5109375 0.14261168384879724
0 0.50859375 0.879725085910653 0.50078125 0.8745704467353953 0.5015625 0.879725085910653 0.50859375 0.879725085910653
0 0.40703125 0.8419243986254296 0.40703125 0.8591065292096222 0.409375 0.8659793814432991 0.4078125 0.8694158075601376 0.41171875 0.8917525773195877 0.4078125 0.9072164948453609 0.4078125 0.9432989690721649 0.4109375 0.9725085910652922 0.49296875 0.9793814432989691 0.503125 0.9793814432989691 0.50625 0.9742268041237114 0.50859375 0.8969072164948454 0.4984375 0.8917525773195877 0.4984375 0.8711340206185568 0.50859375 0.8694158075601376 0.50859375 0.8058419243986255 0.40390625 0.802405498281787 0.403125 0.8109965635738833 0.40234375 0.8247422680412372 0.40703125 0.8419243986254296
0 0.48828125 0.2625 0.0046875 0.003125
0 0.4078125 0.20962199312714777 0.4046875 0.21993127147766325 0.41015625 0.22852233676975947 0.48828125 0.22852233676975947 0.50859375 0.20962199312714777 0.51484375 0.20962199312714777 0.52890625 0.18556701030927836 0.53046875 0.1357388316151203 0.52734375 0.1202749140893471 0.5296875 0.11168384879725086 0.52890625 0.10652920962199312 0.5234375 0.11683848797250859 0.51796875 0.10481099656357389 0.5140625 0.11340206185567012 0.5078125 0.11512027491408935 0.5015625 0.10824742268041239 0.4875 0.10481099656357389 0.4265625 0.11512027491408935 0.39375 0.15807560137457047 0.39296875 0.18556701030927836 0.4078125 0.20962199312714777
0 0.41484375 0.7199312714776632 0.4171875 0.7164948453608248 0.415625 0.7147766323024055 0.41171875 0.7164948453608248 0.41484375 0.7199312714776632
0 0.50703125 0.6958762886597938 0.5125 0.6838487972508591 0.5109375 0.6718213058419245 0.5171875 0.6219931271477663 0.51484375 0.5876288659793815 0.521875 0.5859106529209622 0.521875 0.5790378006872853 0.51640625 0.5721649484536082 0.515625 0.5395189003436427 0.50859375 0.5223367697594502 0.48515625 0.5189003436426117 0.48125 0.5240549828178694 0.478125 0.5395189003436427 0.471875 0.6151202749140894 0.46796875 0.6340206185567011 0.4296875 0.6357388316151203 0.4046875 0.6288659793814434 0.39375 0.6323024054982819 0.39375 0.6958762886597938 0.50703125 0.6958762886597938
0 0.4109375 0.17353951890034364 0.475 0.17353951890034364 0.5015625 0.18213058419243988 0.5140625 0.15807560137457047 0.5125 0.1443298969072165 0.5046875 0.13230240549828182 0.5078125 0.12542955326460484 0.5140625 0.12542955326460484 0.51171875 0.1202749140893471 0.496875 0.1202749140893471 0.4890625 0.10652920962199312 0.42734375 0.11340206185567012 0.42109375 0.11683848797250859 0.39296875 0.15807560137457047 0.39375 0.18384879725085912 0.4109375 0.17353951890034364
0 0.10078125 0.7233676975945018 0.1015625 0.7439862542955327 0.10859375 0.752577319587629 0.11015625 0.7714776632302407 0.11640625 0.7783505154639176 0.125 0.8230240549828179 0.13046875 0.8316151202749141 0.13046875 0.8505154639175257 0.14453125 0.8591065292096222 0.146875 0.879725085910653 0.14453125 0.8951890034364262 0.18671875 0.9106529209621994 0.2109375 0.9140893470790379 0.21328125 0.9089347079037802 0.215625 0.8951890034364262 0.209375 0.8556701030927837 0.2015625 0.8367697594501718 0.2 0.8178694158075602 0.19609375 0.809278350515464 0.19609375 0.79553264604811 0.1921875 0.7938144329896908 0.18984375 0.7852233676975946 0.18984375 0.7714776632302407 0.184375 0.745704467353952 0.18515625 0.7371134020618557 0.17890625 0.7302405498281788 0.175 0.7010309278350516 0.13359375 0.6993127147766324 0.13359375 0.7130584192439863 0.13046875 0.7164948453608248 0.1109375 0.7164948453608248 0.10859375 0.7130584192439863 0.1109375 0.6993127147766324 0.10703125 0.6941580756013745 0.0984375 0.7027491408934708 0.0953125 0.7164948453608248 0.10078125 0.7233676975945018
0 0.40703125 0.2800687285223368 0.4046875 0.30927835051546393 0.43203125 0.31271477663230246 0.43515625 0.3075601374570447 0.44453125 0.31271477663230246 0.4953125 0.31615120274914094 0.4984375 0.30068728522336774 0.5015625 0.2972508591065292 0.496875 0.29381443298969073 0.496875 0.2852233676975945 0.50390625 0.2731958762886598 0.51484375 0.2680412371134021 0.515625 0.25945017182130586 0.52109375 0.2508591065292097 0.52734375 0.22336769759450173 0.528125 0.18384879725085912 0.51875 0.18041237113402064 0.50859375 0.18900343642611686 0.5 0.18728522336769762 0.490625 0.20103092783505155 0.48046875 0.1907216494845361 0.4765625 0.1941580756013746 0.4265625 0.18556701030927836 0.41953125 0.19587628865979384 0.41015625 0.1941580756013746 0.40390625 0.20274914089347082 0.40390625 0.22336769759450173 0.3984375 0.2405498281786942 0.39765625 0.2680412371134021 0.40703125 0.2800687285223368
0 0.61953125 0.16151202749140894 0.6203125 0.12542955326460484 0.60078125 0.12714776632302408 0.5953125 0.14261168384879724 0.59609375 0.1597938144329897 0.61953125 0.16151202749140894
0 0.5671875 0.24914089347079038 0.56921875 0.24467353951890036 0.56640625 0.2405498281786942 0.5671875 0.24914089347079038
0 0.57109375 0.24742268041237114 0.56953125 0.24398625429553267 0.56921875 0.24467353951890036 0.57109375 0.24742268041237114
0 0.58125 0.23195876288659795 0.58671875 0.23539518900343642 0.5875 0.2405498281786942 0.59140625 0.23539518900343642 0.59296875 0.20790378006872853 0.58984375 0.18384879725085912 0.5671875 0.18384879725085912 0.56484375 0.19587628865979384 0.5640625 0.23539518900343642 0.58125 0.23195876288659795
0 0.51796875 0.525 0.0015625 0.0015625
0 0.484375 0.5085910652920963 0.490625 0.5068728522336771 0.49453125 0.5154639175257733 0.4984375 0.5154639175257733 0.4984375 0.5085910652920963 0.50703125 0.5120274914089348 0.496875 0.5068728522336771 0.4953125 0.4965635738831615 0.48359375 0.4914089347079038 0.48046875 0.5 0.484375 0.5085910652920963
0 0.496875 0.48453608247422686 0.48125 0.4776632302405499 0.4765625 0.4810996563573884 0.496875 0.48453608247422686
0 0.50859375 0.4398625429553265 0.50234375 0.45704467353951894 0.49765625 0.45360824742268047 0.49296875 0.46563573883161513 0.503125 0.46735395189003437 0.50390625 0.4604810996563574 0.50703125 0.46735395189003437 0.5078125 0.4587628865979382 0.51328125 0.45360824742268047 0.512890625 0.4484536082474227 0.52265625 0.443298969072165 0.52890625 0.45017182130584193 0.5328125 0.39003436426116844 0.53046875 0.34536082474226804 0.5328125 0.3144329896907217 0.52890625 0.29037800687285226 0.525 0.29553264604810997 0.52578125 0.3041237113402062 0.52109375 0.33333333333333337 0.52265625 0.34536082474226804 0.5078125 0.365979381443299 0.51171875 0.372852233676976 0.5078125 0.37972508591065296 0.5046875 0.3969072164948454 0.50859375 0.4072164948453609 0.5046875 0.41408934707903783 0.50078125 0.41065292096219935 0.5 0.42439862542955326 0.50859375 0.4398625429553265
0 0.5921875 0.15635738831615123 0.59453125 0.14948453608247422 0.596875 0.10996563573883163 0.59453125 0.08419243986254296 0.59609375 0.05326460481099656 0.58984375 0.04810996563573884 0.5703125 0.05326460481099656 0.5671875 0.06701030927835053 0.56640625 0.09278350515463918 0.565625 0.15463917525773196 0.5921875 0.15635738831615123
0 0.603125 0.20962199312714777 0.6 0.21649484536082478 0.60234375 0.21305841924398625 0.61953125 0.22336769759450173 0.62109375 0.21993127147766325 0.62421875 0.18556701030927836 0.62265625 0.1718213058419244 0.59765625 0.16838487972508592 0.59453125 0.17353951890034364 0.5953125 0.2061855670103093 0.603125 0.20962199312714777
0 0.20390625 0.7010309278350516 0.18828125 0.7044673539518901 0.18984375 0.7096219931271478 0.1875 0.718213058419244 0.184375 0.7130584192439863 0.19140625 0.731958762886598 0.1921875 0.7405498281786942 0.18828125 0.7439862542955327 0.18828125 0.7577319587628867 0.19296875 0.7680412371134021 0.1921875 0.7766323024054984 0.1953125 0.7886597938144331 0.20703125 0.7920962199312716 0.23046875 0.7835051546391754 0.246875 0.7886597938144331 0.25859375 0.7783505154639176 0.2703125 0.7869415807560138 0.2796875 0.7697594501718215 0.27890625 0.7508591065292097 0.28203125 0.7353951890034365 0.28046875 0.7199312714776632 0.26953125 0.7079037800687286 0.2640625 0.7096219931271478 0.25546875 0.7027491408934708 0.259375 0.6872852233676976 0.26640625 0.6855670103092784 0.2625 0.6752577319587629 0.2515625 0.6701030927835052 0.23984375 0.6735395189003437 0.2390625 0.6632302405498283 0.2390625 0.6701030927835052 0.23359375 0.6735395189003437 0.23203125 0.6632302405498283 0.22734375 0.6701030927835052 0.215625 0.668384879725086 0.21015625 0.6752577319587629 0.2015625 0.6718213058419245 0.19921875 0.6804123711340206 0.19765625 0.6786941580756014 0.20625 0.6890034364261168 0.20390625 0.7010309278350516
0 0.2453125 0.6578125 0.00234375 0.003125
0 0.2484375 0.6443298969072165 0.24765625 0.6408934707903781 0.24296875 0.6443298969072165 0.2484375 0.6443298969072165
0 0.1984375 0.20790378006872853 0.19453125 0.21649484536082478 0.19921875 0.23367697594501718 0.203125 0.27835051546391754 0.21171875 0.288659793814433 0.209375 0.29553264604810997 0.2109375 0.3195876288659794 0.21796875 0.33676975945017185 0.2171875 0.38316151202749144 0.22421875 0.4037800687285224 0.225 0.42783505154639184 0.23125 0.45017182130584193 0.2328125 0.4862542955326461 0.24296875 0.4965635738831615 0.309375 0.49828178694158076 0.31171875 0.48453608247422686 0.31171875 0.4398625429553265 0.30546875 0.40549828178694164 0.30703125 0.35738831615120276 0.29609375 0.288659793814433 0.29765625 0.2560137457044674 0.29140625 0.2302405498281787 0.2921875 0.20790378006872853 0.28671875 0.17697594501718214 0.28984375 0.16494845360824745 0.2890625 0.15807560137457047 0.2765625 0.14776632302405499 0.25625 0.1512027491408935 0.25234375 0.15635738831615123 0.2234375 0.15463917525773196 0.20234375 0.16666666666666669 0.1984375 0.17697594501718214 0.2 0.19243986254295536 0.1984375 0.20790378006872853
0 0.425 0.10481099656357389 0.48046875 0.10481099656357389 0.5140625 0.09965635738831616 0.5203125 0.09450171821305843 0.52109375 0.07731958762886598 0.51640625 0.06529209621993128 0.50859375 0.061855670103092786 0.471875 0.07216494845360825 0.4515625 0.07216494845360825 0.4234375 0.08762886597938145 0.42109375 0.09793814432989692 0.425 0.10481099656357389
0 0.22734375 0.9347079037800687 0.3 0.9467353951890034 0.30390625 0.9432989690721649 0.30703125 0.9312714776632303 0.30703125 0.9243986254295533 0.29296875 0.9089347079037802 0.284375 0.9123711340206186 0.26640625 0.9054982817869417 0.225 0.9020618556701031 0.21875 0.9072164948453609 0.2203125 0.9312714776632303 0.22734375 0.9347079037800687
0 0.5953125 0.27491408934707906 0.61953125 0.26975945017182135 0.61953125 0.2457044673539519 0.5953125 0.24226804123711343 0.59375 0.24914089347079038 0.59296875 0.26975945017182135 0.5953125 0.27491408934707906
0 0.5984375 0.23984375 0.00703125 0.0015625
0 0.5953125 0.23539518900343642 0.61953125 0.2405498281786942 0.62265625 0.2216494845360825 0.6234375 0.1752577319587629 0.596875 0.17353951890034364 0.59453125 0.17869415807560138 0.5953125 0.23539518900343642
0 0.41328125 0.738831615120275 0.416015625 0.7628865979381444 0.40546875 0.7646048109965636 0.40390625 0.7697594501718215 0.40703125 0.7766323024054984 0.40234375 0.7920962199312716 0.4078125 0.8900343642611684 0.509375 0.8900343642611684 0.51015625 0.8556701030927837 0.5078125 0.8436426116838488 0.503125 0.845360824742268 0.50234375 0.8367697594501718 0.50859375 0.8316151202749141 0.5078125 0.7920962199312716 0.51015625 0.7852233676975946 0.50625 0.7577319587628867 0.51015625 0.752577319587629 0.50859375 0.7199312714776632 0.51171875 0.7027491408934708 0.4265625 0.6958762886597938 0.4078125 0.6993127147766324 0.40078125 0.7044673539518901 0.3984375 0.7147766323024055 0.39765625 0.7371134020618557 0.41328125 0.738831615120275
0 0.2890625 0.1512027491408935 0.31640625 0.14604810996563575 0.32421875 0.15463917525773196 0.33125 0.140893470790378 0.353125 0.13917525773195877 0.36953125 0.14948453608247422 0.38359375 0.14604810996563575 0.39140625 0.15292096219931273 0.41171875 0.12714776632302408 0.41875 0.11168384879725086 0.41875 0.10137457044673541 0.4078125 0.08419243986254296 0.37890625 0.09278350515463918 0.3734375 0.0859106529209622 0.36484375 0.08762886597938145 0.3625 0.08075601374570447 0.32999999999999996 0.08075601374570447 0.32890625 0.08762886597938145 0.32578125 0.08075601374570447 0.32421875 0.09450171821305843 0.28828125 0.09793814432989692 0.27890625 0.11683848797250859 0.27890625 0.13230240549828182 0.2890625 0.1512027491408935