0 0.21666666666666665 0.9806250000000001 0.22999999999999998 0.9850000000000001 0.2525 0.999375 0.325 0.999375 0.3258333333333333 0.9975000000000002 0.3358333333333333 0.999375 0.33666666666666667 0.9975000000000002 0.35083333333333333 0.9962500000000001 0.3591666666666667 0.9925 0.39416666666666667 0.9881250000000001 0.41583333333333333 0.9875 0.45499999999999996 0.9787500000000001 0.4658333333333333 0.978125 0.4716666666666667 0.974375 0.48250000000000004 0.953125 0.4741666666666666 0.9525 0.47000000000000003 0.9606250000000001 0.4491666666666666 0.9568749999999999 0.44749999999999995 0.959375 0.43916666666666665 0.961875 0.43499999999999994 0.959375 0.43166666666666664 0.9525 0.42750000000000005 0.95625 0.42833333333333334 0.96125 0.4258333333333333 0.9631250000000001 0.41833333333333333 0.9600000000000002 0.4041666666666667 0.9631250000000001 0.385 0.9581250000000001 0.36333333333333334 0.9600000000000002 0.355 0.9581250000000001 0.3441666666666666 0.95875 0.32416666666666666 0.9625 0.3175 0.96875 0.3075 0.9693750000000001 0.30166666666666664 0.9731250000000001 0.29583333333333334 0.9706250000000001 0.29333333333333333 0.9637500000000001 0.2816666666666666 0.9662500000000002 0.2791666666666667 0.971875 0.26416666666666666 0.9693750000000001 0.25166666666666665 0.9756250000000002 0.24416666666666664 0.974375 0.2375 0.9762500000000001 0.22333333333333333 0.9706250000000001 0.2125 0.971875 0.2125 0.9775 0.21666666666666665 0.9806250000000001
0 0.31416666666666665 0.9887500000000001 0.315 0.98375 0.3125 0.9793750000000001 0.3158333333333333 0.9737500000000001 0.31333333333333335 0.9737500000000001 0.31 0.978125 0.3091666666666667 0.9862500000000001 0.31416666666666665 0.9887500000000001
0 0.21333333333333332 0.978125 0.2225 0.9818750000000002 0.22749999999999998 0.9800000000000001 0.22916666666666666 0.983125 0.22666666666666666 0.984375 0.23166666666666663 0.984375 0.23333333333333334 0.9875 0.25166666666666665 0.999375 0.27166666666666667 0.999375 0.2725 0.9975000000000002 0.2791666666666667 0.999375 0.28250000000000003 0.9962500000000001 0.28583333333333333 0.9962500000000001 0.2875 0.999375 0.31 0.999375 0.31333333333333335 0.9943750000000001 0.29416666666666663 0.9887500000000001 0.2925 0.978125 0.28833333333333333 0.98125 0.2833333333333333 0.9775 0.27749999999999997 0.976875 0.2725 0.9825000000000002 0.27083333333333337 0.9775 0.26749999999999996 0.9762500000000001 0.265 0.978125 0.26166666666666666 0.976875 0.25916666666666666 0.98125 0.2475 0.98375 0.24166666666666664 0.9818750000000002 0.23166666666666663 0.98375 0.22583333333333333 0.976875 0.2125 0.9731250000000001 0.21583333333333332 0.9756250000000002 0.21333333333333332 0.978125
0 0.32083333333333336 0.9775 0.32666666666666666 0.975 0.3308333333333333 0.9762500000000001 0.32999999999999996 0.98375 0.3258333333333333 0.9875 0.3258333333333333 0.990625 0.32666666666666666 0.9943750000000001 0.33166666666666667 0.9975000000000002 0.3383333333333333 0.9975000000000002 0.3591666666666667 0.9912500000000002 0.36916666666666664 0.9912500000000002 0.37666666666666665 0.9881250000000001 0.38916666666666666 0.9875 0.3808333333333333 0.9850000000000001 0.37916666666666665 0.9787500000000001 0.36583333333333334 0.98125 0.35666666666666663 0.9737500000000001 0.34833333333333333 0.9756250000000002 0.3441666666666666 0.9731250000000001 0.3416666666666667 0.9762500000000001 0.3383333333333333 0.9731250000000001 0.3225 0.9731250000000001 0.31916666666666665 0.9737500000000001 0.32083333333333336 0.9775
0 0.8283333333333334 0.303125 0.8308333333333333 0.30062500000000003 0.8291666666666666 0.29500000000000004 0.8275 0.29375 0.8233333333333333 0.296875 0.8241666666666667 0.303125 0.8283333333333334 0.303125
0 0.9991666666666668 0.24937500000000004 0.9991666666666668 0.244375 0.9941666666666666 0.24312500000000004 0.9941666666666666 0.24937500000000004 0.9991666666666668 0.24937500000000004
0 0.9416666666666667 0.24312500000000004 0.9425000000000001 0.248125 0.95 0.24625000000000002 0.9491666666666667 0.248125 0.9516666666666665 0.24937500000000004 0.9583333333333334 0.24625000000000002 0.9641666666666666 0.248125 0.9741666666666667 0.244375 0.9741666666666667 0.236875 0.9708333333333334 0.23500000000000001 0.9666666666666666 0.236875 0.9666666666666666 0.24125000000000002 0.9633333333333333 0.24375 0.9558333333333333 0.24000000000000005 0.9475 0.24125000000000002 0.9458333333333334 0.23875000000000002 0.9391666666666666 0.238125 0.9349999999999999 0.24000000000000005 0.9341666666666667 0.24375 0.9416666666666667 0.24312500000000004
0 0.9984375 0.2328125 0.00078125 0.00390625
0 0.8258333333333333 0.28125 0.8324999999999999 0.28687500000000005 0.8366666666666667 0.2975 0.8483333333333333 0.303125 0.8533333333333333 0.30875 0.8699999999999999 0.30812500000000004 0.8758333333333332 0.31062500000000004 0.885 0.30875 0.9025000000000001 0.309375 0.9191666666666667 0.31375000000000003 0.9316666666666666 0.313125 0.9349999999999999 0.31062500000000004 0.9458333333333334 0.3125 0.9566666666666667 0.30812500000000004 0.9666666666666666 0.3075 0.9775 0.31 0.9808333333333333 0.313125 0.9875 0.3125 0.9949999999999999 0.3075 0.9949999999999999 0.29250000000000004 0.99 0.28937500000000005 0.9916666666666666 0.275625 0.9883333333333333 0.270625 0.975 0.275 0.9691666666666666 0.275 0.9666666666666666 0.2725 0.9625 0.273125 0.9574999999999999 0.270625 0.9383333333333332 0.273125 0.9333333333333333 0.275625 0.9083333333333334 0.27375000000000005 0.9025000000000001 0.26875 0.8975 0.25625 0.8933333333333333 0.26125000000000004 0.8825 0.246875 0.8716666666666667 0.244375 0.8691666666666666 0.24125000000000002 0.865 0.24125000000000002 0.86 0.238125 0.8533333333333333 0.23875000000000002 0.8483333333333333 0.22687500000000002 0.8408333333333333 0.22937500000000002 0.8383333333333333 0.23875000000000002 0.8308333333333333 0.244375 0.8291666666666666 0.25625 0.8216666666666667 0.261875 0.8183333333333334 0.26937500000000003 0.8175000000000001 0.28625 0.8258333333333333 0.28125
0 0.5233333333333333 0.80375 0.52 0.806875 0.5208333333333333 0.8137500000000001 0.5225 0.815625 0.5325 0.815625 0.5433333333333333 0.8125 0.5641666666666667 0.81125 0.6075 0.803125 0.6258333333333332 0.77875 0.6125 0.778125 0.5983333333333334 0.78125 0.585 0.778125 0.5741666666666666 0.784375 0.5650000000000001 0.7862500000000001 0.5491666666666666 0.785 0.5391666666666667 0.7887500000000001 0.5233333333333333 0.7887500000000001 0.52 0.79125 0.5183333333333333 0.8006249999999999 0.5233333333333333 0.80375
0 0.5716666666666667 0.779375 0.5741666666666666 0.775625 0.5675 0.77625 0.5666666666666667 0.779375 0.5716666666666667 0.779375
0 0.5016666666666667 0.728125 0.5058333333333334 0.7262500000000001 0.5066666666666666 0.721875 0.49749999999999994 0.7193750000000001 0.4966666666666667 0.724375 0.5016666666666667 0.728125
0 0.5475 0.7193750000000001 0.5504687500000001 0.7183854166666668 0.5483333333333333 0.71625 0.5475 0.7193750000000001
0 0.5508333333333333 0.71875 0.5549999999999999 0.716875 0.5504687500000001 0.7183854166666668 0.5508333333333333 0.71875
0 0.5708333333333333 0.7193750000000001 0.58 0.716875 0.5841666666666667 0.713125 0.5783333333333334 0.7106250000000001 0.5666666666666667 0.7125 0.5641666666666667 0.716875 0.5708333333333333 0.7193750000000001
0 0.5058333333333334 0.7725000000000001 0.5116666666666666 0.7862500000000001 0.5258333333333333 0.775625 0.55 0.7731250000000001 0.5683333333333334 0.766875 0.5808333333333333 0.7681250000000001 0.5841666666666667 0.7725000000000001 0.5883333333333333 0.7731250000000001 0.5908333333333333 0.77875 0.5966666666666667 0.780625 0.6075 0.775625 0.6091666666666666 0.76875 0.6208333333333333 0.759375 0.6341666666666667 0.760625 0.64 0.758125 0.6441666666666667 0.749375 0.6475 0.748125 0.6575 0.733125 0.6733333333333333 0.7175 0.6683333333333333 0.7100000000000001 0.6716666666666666 0.7075 0.6783333333333333 0.706875 0.6783333333333333 0.7050000000000001 0.675 0.7037500000000001 0.6641666666666667 0.7056250000000001 0.6675 0.7100000000000001 0.6575 0.7143750000000001 0.6541666666666667 0.7150000000000001 0.6483333333333333 0.71125 0.6441666666666667 0.711875 0.6383333333333333 0.716875 0.6316666666666666 0.718125 0.6275000000000001 0.7237500000000001 0.6191666666666666 0.72875 0.6075 0.729375 0.6041666666666667 0.7275 0.6041666666666667 0.72 0.6083333333333333 0.716875 0.605 0.71375 0.6016666666666667 0.713125 0.6 0.716875 0.595 0.71875 0.5925 0.713125 0.5866666666666667 0.7125 0.5891666666666666 0.72 0.5875 0.723125 0.5783333333333334 0.728125 0.5625 0.728125 0.5566666666666666 0.7300000000000001 0.5508333333333333 0.726875 0.5483333333333333 0.7212500000000001 0.5441666666666667 0.7206250000000001 0.5358333333333334 0.721875 0.5258333333333333 0.72875 0.5225 0.7275 0.5216666666666667 0.7237500000000001 0.5175 0.7306250000000001 0.505 0.7325 0.5016666666666667 0.7362500000000001 0.5008333333333332 0.7462500000000001 0.5058333333333334 0.7725000000000001
0 0.4875 0.665625 0.5233333333333333 0.6612500000000001 0.5233333333333333 0.650625 0.5291666666666667 0.646875 0.5325 0.649375 0.5325 0.653125 0.5366666666666666 0.6525000000000001 0.5458333333333333 0.6575 0.5566666666666666 0.6575 0.5599999999999999 0.655 0.5825 0.655 0.5916666666666667 0.649375 0.5983333333333334 0.6481250000000001 0.6041666666666667 0.650625 0.6216666666666667 0.650625 0.6366666666666666 0.6475000000000001 0.6766666666666666 0.6475000000000001 0.6875 0.64375 0.7216666666666667 0.641875 0.7308333333333333 0.6431250000000001 0.7383333333333333 0.64 0.7408333333333333 0.63375 0.7391666666666666 0.6300000000000001 0.75 0.6225 0.7525 0.619375 0.7516666666666667 0.615625 0.7575000000000001 0.6125 0.77 0.584375 0.7641666666666667 0.5806250000000001 0.7583333333333333 0.58125 0.7575000000000001 0.584375 0.7483333333333333 0.58875 0.7158333333333333 0.588125 0.6950000000000001 0.591875 0.6883333333333332 0.59125 0.6883333333333332 0.588125 0.6858333333333333 0.5875 0.6849999999999999 0.5943750000000001 0.6825 0.5962500000000001 0.6758333333333333 0.5956250000000001 0.6675 0.60625 0.6608333333333334 0.601875 0.6575 0.60375 0.6533333333333333 0.6025 0.65 0.606875 0.6408333333333334 0.606875 0.6333333333333333 0.615625 0.6241666666666666 0.60625 0.6133333333333333 0.60625 0.61 0.6125 0.6191666666666666 0.6143750000000001 0.6191666666666666 0.6175 0.6133333333333333 0.619375 0.5966666666666667 0.62 0.5966666666666667 0.6162500000000001 0.5925 0.6125 0.5925 0.606875 0.585 0.6025 0.5591666666666667 0.60875 0.5491666666666666 0.6143750000000001 0.5441666666666667 0.6212500000000001 0.5383333333333333 0.61875 0.5325 0.6056250000000001 0.5183333333333333 0.6143750000000001 0.4791666666666667 0.618125 0.4766666666666667 0.62625 0.4875 0.665625
0 0.45999999999999996 0.57625 0.45916666666666667 0.5800000000000001 0.46226190476190465 0.5811607142857144 0.46416666666666667 0.576875 0.45999999999999996 0.57625
0 0.4608333333333333 0.584375 0.4621296296296296 0.5814583333333334 0.45916666666666667 0.5831250000000001 0.4608333333333333 0.584375
0 0.7541666666666667 0.544375 0.75 0.544375 0.755 0.5575 0.7583333333333333 0.56 0.7608333333333334 0.556875 0.7541666666666667 0.55125 0.7583333333333333 0.55 0.7508333333333332 0.539375 0.75 0.54125 0.7541666666666667 0.544375
0 0.5225 0.8143750000000001 0.5341666666666667 0.815625 0.5525 0.81125 0.5641666666666667 0.81125 0.605 0.8043750000000001 0.6116666666666666 0.8 0.62 0.7837500000000001 0.6058333333333333 0.790625 0.5933333333333334 0.7881250000000001 0.5783333333333334 0.794375 0.5599999999999999 0.795 0.5566666666666666 0.7925000000000001 0.545 0.791875 0.5358333333333334 0.7975000000000001 0.5291666666666667 0.791875 0.5233333333333333 0.7931250000000001 0.5258333333333333 0.806875 0.5225 0.8143750000000001
0 0.4616666666666666 0.358125 0.46333333333333326 0.36 0.4666666666666667 0.35875 0.45916666666666667 0.35750000000000004 0.45916666666666667 0.36 0.4616666666666666 0.358125
0 0.43499999999999994 0.3625 0.4408333333333333 0.36312500000000003 0.4491666666666666 0.358125 0.4491666666666666 0.35500000000000004 0.4375 0.35375 0.43166666666666664 0.35750000000000004 0.43083333333333335 0.359375 0.43499999999999994 0.3625
0 0.6558333333333334 0.34875 0.6541666666666667 0.345625 0.65 0.346875 0.65 0.34875 0.6558333333333334 0.34875
0 0.4691666666666666 0.334375 0.465 0.333125 0.46416666666666667 0.335 0.4691666666666666 0.334375
0 0.4875 0.335625 0.49083333333333334 0.33875 0.49416666666666664 0.33625000000000005 0.4958333333333333 0.33875 0.5 0.338125 0.49333333333333335 0.335 0.4916666666666667 0.33125 0.48166666666666663 0.333125 0.48083333333333333 0.335 0.4875 0.335625
0 0.5048888888888888 0.3320833333333334 0.5 0.32875 0.5 0.324375 0.49749999999999994 0.3225 0.49416666666666664 0.323125 0.49749999999999994 0.33062500000000006 0.5033333333333333 0.335 0.5048888888888888 0.3320833333333334
0 0.40499999999999997 0.296875 0.40499999999999997 0.3 0.41500000000000004 0.33125 0.41833333333333333 0.33375000000000005 0.42833333333333334 0.33187500000000003 0.43083333333333335 0.33375000000000005 0.43083333333333335 0.34187500000000004 0.4333333333333333 0.343125 0.4383333333333333 0.343125 0.4425 0.340625 0.45583333333333337 0.340625 0.4608333333333333 0.338125 0.4608333333333333 0.33125 0.45666666666666667 0.3275 0.4525 0.328125 0.44666666666666666 0.325 0.4525 0.31875 0.4666666666666667 0.31375000000000003 0.4791666666666667 0.314375 0.4875 0.324375 0.49833333333333335 0.316875 0.505 0.31625000000000003 0.5108333333333334 0.313125 0.5183333333333333 0.314375 0.5258333333333333 0.323125 0.5333333333333333 0.32375000000000004 0.5316666666666666 0.32875 0.5225 0.33125 0.5291666666666667 0.335625 0.5325 0.335625 0.55 0.32625000000000004 0.5625 0.32937500000000003 0.5708333333333333 0.33625000000000005 0.5883333333333333 0.328125 0.6016666666666667 0.32937500000000003 0.6058333333333333 0.333125 0.6283333333333333 0.32625000000000004 0.6366666666666666 0.32625000000000004 0.645 0.33125 0.6475 0.33125 0.6491666666666667 0.328125 0.6475 0.316875 0.6291666666666667 0.285625 0.6216666666666667 0.280625 0.62 0.27625 0.6066666666666667 0.26875 0.6016666666666667 0.26875 0.5883333333333333 0.27437500000000004 0.5808333333333333 0.27437500000000004 0.5758333333333333 0.27125000000000005 0.5641666666666667 0.26875 0.5483333333333333 0.27437500000000004 0.5325 0.27125000000000005 0.5066666666666666 0.27687500000000004 0.4875 0.275 0.4683333333333334 0.27875 0.45166666666666666 0.275625 0.44333333333333336 0.278125 0.43 0.27875 0.4208333333333333 0.28250000000000003 0.4133333333333333 0.291875 0.40499999999999997 0.296875
0 0.6958333333333333 0.603125 0.6950000000000001 0.6012500000000001 0.6925 0.6025 0.6958333333333333 0.603125
0 0.4875 0.666875 0.49083333333333334 0.669375 0.49416666666666664 0.666875 0.5008333333333332 0.666875 0.5075000000000001 0.6637500000000001 0.5158333333333334 0.665 0.5225 0.6625 0.5291666666666667 0.65625 0.5325 0.6568750000000001 0.5358333333333334 0.654375 0.5466666666666666 0.6568750000000001 0.55 0.65375 0.5533333333333333 0.6587500000000001 0.5633333333333332 0.655625 0.5816666666666667 0.655625 0.595 0.64875 0.6025 0.65125 0.6183333333333334 0.65125 0.6383333333333333 0.6475000000000001 0.6741666666666666 0.6481250000000001 0.6891666666666667 0.64375 0.7008333333333333 0.645 0.7291666666666667 0.640625 0.7325 0.6368750000000001 0.7316666666666667 0.6300000000000001 0.7424999999999999 0.623125 0.7433333333333334 0.615 0.7525 0.6100000000000001 0.7558333333333334 0.6006250000000001 0.7516666666666667 0.5943750000000001 0.73 0.595 0.7266666666666667 0.601875 0.7175 0.601875 0.7108333333333333 0.5956250000000001 0.7083333333333333 0.5956250000000001 0.7008333333333333 0.5987500000000001 0.7008333333333333 0.601875 0.705 0.6056250000000001 0.7033333333333334 0.6100000000000001 0.6908333333333333 0.609375 0.6775 0.610625 0.6683333333333333 0.615 0.6575 0.613125 0.6216666666666667 0.61875 0.5775 0.6212500000000001 0.5575 0.625 0.5491666666666666 0.624375 0.5375 0.62875 0.5283333333333333 0.62625 0.5233333333333333 0.630625 0.5116666666666666 0.630625 0.5075000000000001 0.623125 0.5016666666666667 0.62 0.49333333333333335 0.6225 0.48083333333333333 0.621875 0.48 0.638125 0.4875 0.666875
0 0.9383333333333332 0.291875 0.9425000000000001 0.29000000000000004 0.9383333333333332 0.29000000000000004 0.9383333333333332 0.291875
0 0.9383333333333332 0.294375 0.9416666666666667 0.294375 0.9383333333333332 0.291875 0.9383333333333332 0.294375
0 0.9175000000000001 0.27937500000000004 0.9133333333333333 0.275 0.9183333333333333 0.27437500000000004 0.9183333333333333 0.270625 0.9099999999999999 0.27125000000000005 0.9083333333333334 0.2725 0.9175000000000001 0.27937500000000004
0 0.90078125 0.2625 0.0015625 0.00078125
0 0.88671875 0.2546875 0.0015625 0.0015625
0 0.8483333333333333 0.2125 0.8483333333333333 0.22375000000000003 0.8625 0.24625000000000002 0.8691666666666666 0.24937500000000004 0.8800000000000001 0.24875000000000003 0.8833333333333334 0.251875 0.8866666666666667 0.24875000000000003 0.8958333333333334 0.253125 0.9008333333333333 0.250625 0.9041666666666666 0.260625 0.9075 0.260625 0.915 0.26812500000000006 0.9183333333333333 0.26812500000000006 0.9216666666666666 0.265 0.9316666666666666 0.26687500000000003 0.9408333333333333 0.259375 0.9475 0.259375 0.9516666666666665 0.26625 0.9458333333333334 0.26687500000000003 0.9425000000000001 0.271875 0.9383333333333332 0.27125000000000005 0.9366666666666668 0.27625 0.9391666666666666 0.278125 0.9341666666666667 0.28250000000000003 0.9391666666666666 0.28375000000000006 0.9391666666666666 0.28125 0.9416666666666667 0.280625 0.9441666666666666 0.28375000000000006 0.9491666666666667 0.28375000000000006 0.9558333333333333 0.290625 0.9608333333333332 0.290625 0.9633333333333333 0.293125 0.9574999999999999 0.29625 0.9591666666666667 0.3 0.9775 0.30062500000000003 0.9833333333333334 0.30375 0.9875 0.30375 0.9941666666666666 0.3 0.9949999999999999 0.29250000000000004 0.9891666666666665 0.293125 0.985 0.29000000000000004 0.9875 0.28687500000000005 0.9875 0.27437500000000004 0.9833333333333334 0.271875 0.9941666666666666 0.26375000000000004 0.9958333333333333 0.253125 0.9991666666666668 0.25 0.9991666666666668 0.22062500000000002 0.9958333333333333 0.21375000000000002 0.9841666666666666 0.20375000000000001 0.9733333333333333 0.1975 0.9558333333333333 0.19937500000000002 0.9525 0.20249999999999999 0.9491666666666667 0.19875 0.9441666666666666 0.20125 0.9425000000000001 0.19812500000000002 0.9416666666666667 0.2 0.945 0.20249999999999999 0.9358333333333333 0.20437500000000003 0.9141666666666666 0.20125 0.9099999999999999 0.19812500000000002 0.905 0.184375 0.9 0.180625 0.8933333333333333 0.164375 0.89 0.16187500000000002 0.8833333333333334 0.165625 0.8775000000000001 0.175625 0.8724999999999999 0.17875000000000002 0.8699999999999999 0.19 0.8616666666666667 0.19187500000000002 0.8591666666666666 0.195 0.8591666666666666 0.20249999999999999 0.8483333333333333 0.2125
0 0.6858333333333333 0.655 0.6841666666666667 0.65375 0.6833333333333333 0.655625 0.6858333333333333 0.655
0 0.6183333333333334 0.613125 0.625 0.609375 0.6216666666666667 0.606875 0.6125 0.608125 0.6125 0.6118750000000001 0.6183333333333334 0.613125
0 0.48666666666666664 0.664375 0.49083333333333334 0.669375 0.5008333333333332 0.66875 0.5083333333333333 0.664375 0.515 0.66625 0.5233333333333333 0.6631250000000001 0.5316666666666666 0.65625 0.5475 0.6612500000000001 0.5558333333333334 0.66 0.5633333333333332 0.65625 0.5816666666666667 0.65625 0.5891666666666666 0.6518750000000001 0.5974999999999999 0.65 0.6016666666666667 0.6518750000000001 0.615 0.6525000000000001 0.64 0.6481250000000001 0.6541666666666667 0.65 0.6933333333333334 0.65 0.7008333333333333 0.646875 0.7308333333333333 0.6431250000000001 0.7383333333333333 0.64 0.7408333333333333 0.62875 0.7491666666666666 0.623125 0.7516666666666667 0.62 0.7508333333333332 0.615625 0.7583333333333333 0.610625 0.7675 0.5856250000000001 0.76 0.5856250000000001 0.7525 0.5893750000000001 0.7366666666666666 0.5900000000000001 0.7316666666666667 0.591875 0.71 0.5893750000000001 0.6933333333333334 0.593125 0.6866666666666666 0.596875 0.6716666666666666 0.6 0.6691666666666667 0.606875 0.6716666666666666 0.6125 0.6683333333333333 0.615 0.6566666666666666 0.613125 0.6541666666666667 0.6056250000000001 0.65 0.610625 0.645 0.608125 0.6391666666666667 0.60875 0.6333333333333333 0.6168750000000001 0.6008333333333333 0.621875 0.5925 0.619375 0.5933333333333334 0.615 0.5900000000000001 0.6125 0.5916666666666667 0.609375 0.5866666666666667 0.608125 0.5841666666666667 0.604375 0.58 0.6056250000000001 0.58 0.613125 0.5675 0.609375 0.5608333333333333 0.6100000000000001 0.55 0.6162500000000001 0.5516666666666666 0.62 0.5466666666666666 0.623125 0.5425 0.623125 0.5375 0.619375 0.5325 0.608125 0.5191666666666667 0.615625 0.48 0.619375 0.47750000000000004 0.62625 0.48666666666666664 0.664375
0 0.7546875 0.546875 0.00078125 0.0015625
0 0.7515625 0.54296875 0.0015625 0.0015625
0 0.85234375 0.33828125 0.0015625 0.00078125
0 0.9641666666666666 0.325625 0.9658333333333333 0.324375 0.9625 0.323125 0.9608333333333332 0.324375 0.9641666666666666 0.325625
0 0.8828125 0.32109375 0.00078125 0.0015625
0 0.8474999999999999 0.34500000000000003 0.8525 0.34875 0.8658333333333333 0.35250000000000004 0.8775000000000001 0.36500000000000005 0.8841666666666667 0.364375 0.8933333333333333 0.36875 0.9041666666666666 0.37062500000000004 0.9208333333333334 0.390625 0.9308333333333334 0.39375 0.9400000000000001 0.3825 0.9408333333333333 0.3725 0.9525 0.37 0.9591666666666667 0.365625 0.9616666666666667 0.356875 0.9666666666666666 0.355625 0.9666666666666666 0.34500000000000003 0.975 0.33875 0.9800000000000001 0.328125 0.9800000000000001 0.32062500000000005 0.9758333333333333 0.319375 0.9724999999999999 0.325625 0.9708333333333334 0.324375 0.9724999999999999 0.33 0.9666666666666666 0.334375 0.9666666666666666 0.338125 0.9574999999999999 0.34187500000000004 0.9358333333333333 0.340625 0.9316666666666666 0.338125 0.9316666666666666 0.334375 0.9116666666666667 0.338125 0.8975 0.334375 0.8833333333333334 0.33625000000000005 0.8800000000000001 0.3375 0.8766666666666666 0.344375 0.8691666666666666 0.340625 0.865 0.3425 0.8625 0.335 0.8574999999999999 0.33625000000000005 0.8591666666666666 0.3425 0.8550000000000001 0.344375 0.845 0.33875 0.8433333333333334 0.34125 0.8474999999999999 0.34500000000000003
0 0.6466666666666667 0.384375 0.6508333333333333 0.38375000000000004 0.6491666666666667 0.38 0.6458333333333333 0.38 0.6466666666666667 0.384375
0 0.51640625 0.38046875 0.00234375 0.0015625
0 0.6658333333333333 0.376875 0.67 0.388125 0.6608333333333334 0.401875 0.655 0.40437500000000004 0.6675 0.40875000000000006 0.6783333333333333 0.4175 0.6883333333333332 0.41187500000000005 0.6875 0.39875000000000005 0.6716666666666666 0.369375 0.6608333333333334 0.369375 0.6508333333333333 0.37312500000000004 0.6658333333333333 0.376875
0 0.43083333333333335 0.3890625 0.43 0.39375 0.4325 0.40687500000000004 0.4425 0.42750000000000005 0.4416666666666667 0.43187500000000006 0.44666666666666666 0.43375 0.4541666666666667 0.426875 0.465 0.425 0.48 0.41875 0.5091666666666667 0.42000000000000004 0.5216666666666667 0.41500000000000004 0.53 0.41500000000000004 0.54 0.418125 0.55 0.4175 0.5633333333333332 0.41187500000000005 0.5958333333333333 0.4125 0.6083333333333333 0.40812499999999996 0.6208333333333333 0.40812499999999996 0.6341666666666667 0.4125 0.6516666666666666 0.40437500000000004 0.6458333333333333 0.40125 0.6458333333333333 0.39875000000000005 0.6591666666666667 0.39375 0.6591666666666667 0.390625 0.6666666666666667 0.381875 0.6575 0.37875000000000003 0.655 0.39 0.645 0.39625000000000005 0.6258333333333332 0.39125 0.6224999999999999 0.395625 0.6158333333333333 0.37875000000000003 0.6158333333333333 0.38062500000000005 0.6125 0.38125 0.6091666666666666 0.378125 0.6041666666666667 0.379375 0.5983333333333334 0.37625000000000003 0.6008333333333333 0.38 0.5941666666666666 0.390625 0.5958333333333333 0.3925 0.5841666666666667 0.396875 0.5816666666666667 0.386875 0.575 0.38312500000000005 0.5841666666666667 0.38125 0.5875 0.3825 0.5883333333333333 0.38 0.58 0.38 0.5708333333333333 0.37625000000000003 0.5641666666666667 0.378125 0.5616666666666666 0.38 0.5625 0.38375000000000004 0.5558333333333334 0.3875 0.5483333333333333 0.384375 0.5475 0.38 0.5425 0.378125 0.5358333333333334 0.37875000000000003 0.5316666666666666 0.37625000000000003 0.5225 0.376875 0.5166666666666667 0.384375 0.5083333333333333 0.385 0.5016666666666667 0.37875000000000003 0.49749999999999994 0.38312500000000005 0.49416666666666664 0.3825 0.4875 0.386875 0.4833333333333333 0.385 0.48250000000000004 0.38 0.47750000000000004 0.38 0.4741666666666666 0.38312500000000005 0.4666666666666667 0.385 0.4533333333333333 0.38 0.4525 0.369375 0.45583333333333337 0.365625 0.4508333333333333 0.3625 0.44416666666666665 0.37750000000000006 0.4508333333333333 0.386875 0.4383333333333333 0.389375 0.43166666666666664 0.38312500000000005 0.43083333333333335 0.385 0.43499999999999994 0.386875 0.43083333333333335 0.3890625
0 0.7284722222222222 0.48557291666666663 0.7316666666666667 0.484375 0.7291666666666667 0.48375 0.7284722222222222 0.48557291666666663
0 0.7308333333333333 0.48937500000000006 0.7284090909090909 0.48573863636363634 0.7274999999999999 0.48812500000000003 0.7308333333333333 0.48937500000000006
0 0.7383333333333333 0.5006250000000001 0.7341666666666666 0.5006250000000001 0.7366666666666666 0.50125 0.7341666666666666 0.50375 0.7441666666666666 0.521875 0.7533333333333333 0.5325 0.7691666666666667 0.566875 0.7708333333333333 0.5587500000000001 0.7858333333333334 0.548125 0.7941666666666667 0.546875 0.8008333333333333 0.5487500000000001 0.8175000000000001 0.5425000000000001 0.8433333333333334 0.5125 0.8566666666666667 0.49437500000000006 0.8591666666666666 0.4875 0.8550000000000001 0.48812500000000003 0.8483333333333333 0.49375 0.8416666666666666 0.49437500000000006 0.8366666666666667 0.5 0.8225 0.5025000000000001 0.8183333333333334 0.49437500000000006 0.8225 0.490625 0.8208333333333334 0.48375 0.8183333333333334 0.49000000000000005 0.8108333333333333 0.496875 0.805 0.49375 0.8 0.49812500000000004 0.7958333333333333 0.49812500000000004 0.7941666666666667 0.50375 0.7891666666666667 0.505625 0.7875 0.5125 0.7825 0.515 0.7791666666666667 0.50625 0.7725 0.50625 0.7566666666666666 0.49812500000000004 0.7525 0.4912500000000001 0.7516666666666667 0.48375 0.7474999999999999 0.48375 0.7441666666666666 0.495 0.7383333333333333 0.5006250000000001
0 0.8658333333333333 0.476875 0.8616666666666667 0.48125 0.8625 0.48500000000000004 0.8658333333333333 0.476875
0 0.22416666666666668 0.20625 0.21916666666666665 0.20500000000000002 0.21916666666666665 0.206875 0.22416666666666668 0.20625
0 0.2866666666666667 0.203125 0.28500000000000003 0.20187500000000003 0.28250000000000003 0.20249999999999999 0.2866666666666667 0.203125
0 0.2658333333333333 0.20249999999999999 0.26666666666666666 0.19937500000000002 0.2633333333333333 0.19937500000000002 0.26166666666666666 0.203125 0.2658333333333333 0.20249999999999999
0 0.16083333333333333 0.195625 0.16166666666666668 0.210625 0.16833333333333333 0.210625 0.175 0.206875 0.1825 0.206875 0.18916666666666665 0.20375000000000001 0.21666666666666665 0.20375000000000001 0.21666666666666665 0.195625 0.22083333333333335 0.19125 0.2375 0.18812500000000001 0.24833333333333335 0.19125 0.25166666666666665 0.1975 0.26416666666666666 0.18937500000000002 0.27666666666666667 0.18937500000000002 0.29 0.19437500000000002 0.2966666666666667 0.19 0.31166666666666665 0.1875 0.32333333333333336 0.19312500000000002 0.32416666666666666 0.20125 0.32666666666666666 0.19937500000000002 0.32999999999999996 0.20125 0.3275 0.203125 0.3308333333333333 0.203125 0.33166666666666667 0.20125 0.3258333333333333 0.19812500000000002 0.32416666666666666 0.19437500000000002 0.33249999999999996 0.19 0.3491666666666667 0.18812500000000001 0.36083333333333334 0.195625 0.36083333333333334 0.19937500000000002 0.36416666666666664 0.20249999999999999 0.37 0.203125 0.37583333333333335 0.209375 0.38 0.20750000000000002 0.37666666666666665 0.19312500000000002 0.36583333333333334 0.18375000000000002 0.36333333333333334 0.176875 0.345 0.170625 0.33333333333333337 0.17125 0.32666666666666666 0.17375000000000002 0.3 0.17 0.28583333333333333 0.174375 0.26916666666666667 0.171875 0.24666666666666667 0.174375 0.23666666666666666 0.170625 0.2308333333333333 0.170625 0.20916666666666667 0.175 0.2033333333333333 0.17125 0.1925 0.16875 0.16999999999999998 0.18 0.1675 0.18812500000000001 0.16083333333333333 0.195625
0 0.5116666666666666 0.779375 0.5116666666666666 0.7862500000000001 0.515 0.7881250000000001 0.5191666666666667 0.796875 0.5291666666666667 0.790625 0.54 0.786875 0.55 0.7862500000000001 0.5599999999999999 0.78125 0.5875 0.780625 0.595 0.7831250000000001 0.6025 0.7818750000000001 0.6091666666666666 0.778125 0.6266666666666667 0.775625 0.64 0.763125 0.6508333333333333 0.743125 0.6475 0.7418750000000001 0.6433333333333333 0.7462500000000001 0.6408333333333334 0.74375 0.625 0.74375 0.6091666666666666 0.7475 0.605 0.7506250000000001 0.595 0.7506250000000001 0.5883333333333333 0.754375 0.5700000000000001 0.75 0.5633333333333332 0.75375 0.5383333333333333 0.7550000000000001 0.5325 0.75875 0.5283333333333333 0.765 0.5175 0.769375 0.5158333333333334 0.7775000000000001 0.5116666666666666 0.779375
0 0.1625 0.29375 0.16583333333333333 0.293125 0.16999999999999998 0.288125 0.1775 0.28625 0.20750000000000002 0.28687500000000005 0.22749999999999998 0.28125 0.2575 0.28500000000000003 0.2683333333333333 0.27937500000000004 0.2808333333333333 0.27937500000000004 0.2891666666666667 0.28250000000000003 0.30083333333333334 0.283125 0.3091666666666667 0.28 0.32916666666666666 0.280625 0.3375 0.275 0.33999999999999997 0.27937500000000004 0.37083333333333335 0.28 0.3775 0.27625 0.38 0.27937500000000004 0.3908333333333333 0.283125 0.39499999999999996 0.275 0.38666666666666666 0.250625 0.38 0.20625 0.3725 0.19437500000000002 0.3716666666666667 0.2 0.3591666666666667 0.2 0.36 0.195625 0.35666666666666663 0.19187500000000002 0.345 0.18812500000000001 0.33666666666666667 0.18875000000000003 0.3275 0.19437500000000002 0.32416666666666666 0.19437500000000002 0.32166666666666666 0.19125 0.3058333333333333 0.1875 0.2925 0.19187500000000002 0.2891666666666667 0.195625 0.275 0.18875000000000003 0.2658333333333333 0.18875000000000003 0.255 0.19375 0.23833333333333334 0.18812500000000001 0.22999999999999998 0.18875000000000003 0.215 0.19375 0.19583333333333333 0.18937500000000002 0.18916666666666665 0.19125 0.18583333333333335 0.1925 0.18666666666666668 0.19875 0.18333333333333332 0.2 0.18083333333333335 0.19625 0.18083333333333335 0.2 0.18666666666666668 0.20437500000000003 0.1725 0.21000000000000002 0.17416666666666666 0.213125 0.16999999999999998 0.21625 0.17083333333333334 0.22000000000000003 0.1625 0.22937500000000002 0.15833333333333333 0.27 0.1575 0.29250000000000004 0.1625 0.29375
0 0.30083333333333334 0.9943750000000001 0.2966666666666667 0.990625 0.29583333333333334 0.9918750000000001 0.29583333333333334 0.9950000000000001 0.30083333333333334 0.9943750000000001
0 0.26171875 0.96953125 0.00078125 0.0015625
0 0.18583333333333335 0.9631250000000001 0.19916666666666666 0.9693750000000001 0.21000000000000002 0.96875 0.21416666666666667 0.9725000000000001 0.22166666666666668 0.9737500000000001 0.22916666666666666 0.9706250000000001 0.24083333333333332 0.9693750000000001 0.24916666666666668 0.9650000000000001 0.25833333333333336 0.9675 0.26666666666666666 0.9650000000000001 0.26916666666666667 0.9693750000000001 0.2783333333333333 0.9706250000000001 0.2808333333333333 0.968125 0.2791666666666667 0.9625 0.2925 0.961875 0.29833333333333334 0.9643750000000001 0.30333333333333334 0.9637500000000001 0.3058333333333333 0.96125 0.3275 0.9606250000000001 0.3308333333333333 0.9581250000000001 0.35583333333333333 0.9575000000000001 0.36083333333333334 0.95875 0.3625 0.9625 0.36666666666666664 0.9575000000000001 0.3725 0.9631250000000001 0.37583333333333335 0.9631250000000001 0.3808333333333333 0.9556250000000001 0.3883333333333333 0.9550000000000001 0.40499999999999997 0.9581250000000001 0.41 0.951875 0.4175 0.9493750000000001 0.4216666666666667 0.9575000000000001 0.4291666666666667 0.9575000000000001 0.43166666666666664 0.959375 0.4291666666666667 0.9631250000000001 0.43166666666666664 0.9668750000000002 0.43499999999999994 0.9631250000000001 0.4325 0.9606250000000001 0.4341666666666667 0.95375 0.4425 0.95375 0.45166666666666666 0.9493750000000001 0.4583333333333333 0.95 0.45999999999999996 0.9550000000000001 0.47333333333333333 0.95875 0.4758333333333333 0.94625 0.4791666666666667 0.94375 0.4875 0.945625 0.5008333333333332 0.931875 0.5083333333333333 0.9181250000000001 0.5083333333333333 0.909375 0.49416666666666664 0.91625 0.48 0.9168750000000001 0.47000000000000003 0.9200000000000002 0.45916666666666667 0.9193749999999999 0.4425 0.921875 0.43916666666666665 0.91875 0.43166666666666664 0.9175000000000001 0.4141666666666667 0.92125 0.40750000000000003 0.9262500000000001 0.39 0.9243750000000001 0.38666666666666666 0.9268750000000001 0.375 0.9262500000000001 0.325 0.9325000000000001 0.3225 0.930625 0.32166666666666666 0.92125 0.3175 0.9225 0.31416666666666665 0.920625 0.3091666666666667 0.921875 0.31166666666666665 0.9256249999999999 0.3058333333333333 0.931875 0.3 0.9331250000000001 0.2966666666666667 0.936875 0.28583333333333333 0.93625 0.28250000000000003 0.938125 0.2791666666666667 0.931875 0.2725 0.9331250000000001 0.2683333333333333 0.93125 0.265 0.9400000000000001 0.25833333333333336 0.9356250000000002 0.25 0.944375 0.24 0.9425000000000001 0.23500000000000001 0.9481250000000001 0.22916666666666666 0.945625 0.22666666666666666 0.9412499999999999 0.22000000000000003 0.9418750000000001 0.21000000000000002 0.9393750000000001 0.185 0.9525 0.17833333333333332 0.95375 0.175 0.9506249999999999 0.17166666666666666 0.9525 0.18583333333333335 0.9631250000000001
0 0.2308333333333333 0.9850000000000001 0.2533333333333333 0.999375 0.325 0.999375 0.3258333333333333 0.9975000000000002 0.335 0.999375 0.3358333333333333 0.9975000000000002 0.35 0.9962500000000001 0.3591666666666667 0.9925 0.39249999999999996 0.9881250000000001 0.41500000000000004 0.9875 0.4658333333333333 0.978125 0.4708333333333333 0.975 0.48666666666666664 0.9493750000000001 0.4741666666666666 0.9512500000000002 0.4691666666666666 0.9600000000000002 0.4491666666666666 0.9556250000000001 0.4383333333333333 0.96125 0.43166666666666664 0.951875 0.42750000000000005 0.9556250000000001 0.4258333333333333 0.961875 0.41583333333333333 0.9575000000000001 0.40750000000000003 0.9625 0.38583333333333336 0.9575000000000001 0.3625 0.9600000000000002 0.3458333333333333 0.95875 0.32416666666666666 0.9631250000000001 0.32 0.968125 0.3091666666666667 0.9700000000000001 0.30416666666666664 0.9731250000000001 0.3 0.9731250000000001 0.2925 0.965625 0.2841666666666667 0.9668750000000002 0.2791666666666667 0.974375 0.2758333333333333 0.971875 0.2683333333333333 0.971875 0.265 0.9700000000000001 0.2575 0.975 0.23833333333333334 0.976875 0.2308333333333333 0.9762500000000001 0.2225 0.971875 0.21333333333333332 0.9725000000000001 0.21416666666666667 0.978125 0.2308333333333333 0.9850000000000001
0 0.49833333333333335 0.7300000000000001 0.5033333333333333 0.7300000000000001 0.505 0.7350000000000001 0.5083333333333333 0.734375 0.505 0.7275 0.5108333333333334 0.7225 0.5366666666666666 0.7225 0.54 0.7275 0.5458333333333333 0.7275 0.5491666666666666 0.7237500000000001 0.5483333333333333 0.7206250000000001 0.5566666666666666 0.7150000000000001 0.5633333333333332 0.7150000000000001 0.5675 0.71875 0.5741666666666666 0.7206250000000001 0.5766666666666667 0.716875 0.5883333333333333 0.7100000000000001 0.6125 0.711875 0.6308333333333334 0.70625 0.6433333333333333 0.7056250000000001 0.6408333333333334 0.713125 0.6458333333333333 0.71375 0.6483333333333333 0.713125 0.6483333333333333 0.7106250000000001 0.6433333333333333 0.7106250000000001 0.6441666666666667 0.70625 0.6625 0.704375 0.6649999999999999 0.7025 0.6658333333333333 0.709375 0.6766666666666666 0.7100000000000001 0.6799999999999999 0.70625 0.6783333333333333 0.703125 0.6891666666666667 0.6975 0.6916666666666667 0.6893750000000001 0.6975 0.685 0.6983333333333334 0.67125 0.7033333333333334 0.67125 0.7033333333333334 0.664375 0.6958333333333333 0.6637500000000001 0.6933333333333334 0.67 0.6883333333333332 0.67 0.6841666666666667 0.673125 0.6783333333333333 0.6725000000000001 0.6675 0.66625 0.6608333333333334 0.67125 0.6625 0.675 0.6583333333333333 0.67625 0.645 0.678125 0.6366666666666666 0.67625 0.6333333333333333 0.6787500000000001 0.6091666666666666 0.680625 0.5966666666666667 0.6837500000000001 0.585 0.6825 0.585 0.678125 0.5808333333333333 0.6775 0.58 0.681875 0.5708333333333333 0.68625 0.5616666666666666 0.68625 0.5591666666666667 0.681875 0.5591666666666667 0.6837500000000001 0.5533333333333333 0.685 0.5525 0.681875 0.5525 0.685625 0.54 0.6925000000000001 0.5316666666666666 0.69125 0.5258333333333333 0.69375 0.5141666666666667 0.693125 0.5116666666666666 0.68875 0.5083333333333333 0.68875 0.5075000000000001 0.693125 0.5008333333333332 0.69625 0.49416666666666664 0.695625 0.49416666666666664 0.7212500000000001 0.49833333333333335 0.7300000000000001
0 0.1775 0.284375 0.20666666666666664 0.28625 0.21916666666666665 0.27937500000000004 0.2475 0.283125 0.255 0.28 0.25833333333333336 0.280625 0.26083333333333336 0.278125 0.2808333333333333 0.27937500000000004 0.2891666666666667 0.281875 0.30333333333333334 0.27937500000000004 0.32916666666666666 0.280625 0.3383333333333333 0.275 0.34249999999999997 0.27937500000000004 0.36666666666666664 0.28 0.37083333333333335 0.27937500000000004 0.37666666666666665 0.273125 0.39166666666666666 0.27875 0.3933333333333333 0.26937500000000003 0.38416666666666666 0.240625 0.38333333333333336 0.22312500000000002 0.37666666666666665 0.195625 0.37333333333333335 0.19187500000000002 0.365 0.18875000000000003 0.3616666666666667 0.18 0.345 0.171875 0.32916666666666666 0.175 0.325 0.18 0.31916666666666665 0.175 0.305 0.17125 0.2975 0.171875 0.28583333333333333 0.17750000000000002 0.275 0.17375000000000002 0.2658333333333333 0.17375000000000002 0.25166666666666665 0.17875000000000002 0.2375 0.171875 0.2325 0.171875 0.2225 0.175 0.21333333333333332 0.181875 0.20166666666666666 0.171875 0.18916666666666665 0.170625 0.1775 0.18 0.1775 0.18937500000000002 0.1675 0.195625 0.16833333333333333 0.205625 0.16416666666666666 0.205625 0.16166666666666668 0.21000000000000002 0.16333333333333333 0.216875 0.16083333333333333 0.259375 0.1575 0.27375000000000005 0.1575 0.29250000000000004 0.1775 0.284375
0 0.5116666666666666 0.77 0.514090909090909 0.7681818181818182 0.5116666666666666 0.765 0.5116666666666666 0.77
0 0.4916666666666667 0.706875 0.49416666666666664 0.7212500000000001 0.49833333333333335 0.72875 0.5033333333333333 0.729375 0.5066666666666666 0.724375 0.5116666666666666 0.721875 0.5349999999999999 0.721875 0.5391666666666667 0.7193750000000001 0.5416666666666667 0.72 0.54 0.7237500000000001 0.5441666666666667 0.7275 0.5466666666666666 0.72 0.5566666666666666 0.7143750000000001 0.5633333333333332 0.7150000000000001 0.5666666666666667 0.718125 0.5741666666666666 0.718125 0.5866666666666667 0.7106250000000001 0.6158333333333333 0.7106250000000001 0.6224999999999999 0.7075 0.6475 0.7056250000000001 0.6508333333333333 0.7037500000000001 0.6608333333333334 0.70625 0.6558333333333334 0.7100000000000001 0.6575 0.7106250000000001 0.6608333333333334 0.706875 0.6641666666666667 0.7100000000000001 0.6783333333333333 0.709375 0.6791666666666667 0.703125 0.6891666666666667 0.6975 0.6925 0.68875 0.7 0.6825 0.7 0.6768750000000001 0.71 0.664375 0.7083333333333333 0.6581250000000001 0.7133333333333333 0.65 0.71 0.646875 0.7 0.650625 0.6808333333333334 0.65 0.6783333333333333 0.650625 0.675 0.6587500000000001 0.6683333333333333 0.654375 0.6616666666666666 0.6568750000000001 0.6566666666666666 0.6525000000000001 0.6333333333333333 0.650625 0.6358333333333334 0.65375 0.6333333333333333 0.65625 0.6291666666666667 0.65625 0.6224999999999999 0.6518750000000001 0.6058333333333333 0.654375 0.6025 0.6575 0.5983333333333334 0.65625 0.5916666666666667 0.659375 0.5725 0.6581250000000001 0.5566666666666666 0.6612500000000001 0.5516666666666666 0.664375 0.53 0.6637500000000001 0.5166666666666667 0.6681250000000001 0.49000000000000005 0.670625 0.49333333333333335 0.6925000000000001 0.4916666666666667 0.706875
0 0.5116666666666666 0.77375 0.5166666666666667 0.7681250000000001 0.5108333333333334 0.765 0.5091666666666667 0.7731250000000001 0.5116666666666666 0.77375
0 0.49333333333333335 0.716875 0.49749999999999994 0.7262500000000001 0.5016666666666667 0.726875 0.5108333333333334 0.7212500000000001 0.5358333333333334 0.72 0.54 0.7143750000000001 0.5466666666666666 0.7150000000000001 0.5516666666666666 0.711875 0.5716666666666667 0.716875 0.5875 0.709375 0.6158333333333333 0.709375 0.6325000000000001 0.7050000000000001 0.6458333333333333 0.7050000000000001 0.6508333333333333 0.701875 0.6616666666666666 0.70125 0.6658333333333333 0.6987500000000001 0.6716666666666666 0.6987500000000001 0.6758333333333333 0.7025 0.6708333333333333 0.70625 0.6716666666666666 0.709375 0.675 0.7100000000000001 0.6791666666666667 0.70625 0.6783333333333333 0.7025 0.6866666666666666 0.6993750000000001 0.6925 0.6881250000000001 0.6991666666666666 0.6825 0.6991666666666666 0.6775 0.7075 0.66875 0.7091666666666667 0.6581250000000001 0.7141666666666666 0.65375 0.7141666666666666 0.65 0.71 0.64625 0.6991666666666666 0.649375 0.6791666666666667 0.64875 0.6683333333333333 0.6525000000000001 0.635 0.65 0.63 0.653125 0.6208333333333333 0.6518750000000001 0.6141666666666666 0.65375 0.5916666666666667 0.654375 0.5866666666666667 0.6575 0.5633333333333332 0.6581250000000001 0.55 0.6637500000000001 0.5316666666666666 0.6631250000000001 0.5175 0.6675000000000001 0.5083333333333333 0.6675000000000001 0.49833333333333335 0.670625 0.49000000000000005 0.67 0.49333333333333335 0.69125 0.49333333333333335 0.716875
0 0.7058333333333333 0.23562500000000003 0.71 0.23125 0.71 0.22937500000000002 0.7066666666666667 0.23000000000000004 0.7091666666666667 0.231875 0.7058333333333333 0.23562500000000003
0 0.6649999999999999 0.18375000000000002 0.67 0.17875000000000002 0.6641666666666667 0.178125 0.6616666666666666 0.180625 0.6575 0.17875000000000002 0.6583333333333333 0.184375 0.6649999999999999 0.18375000000000002
0 0.6316666666666666 0.20187500000000003 0.63 0.20812500000000003 0.6224999999999999 0.20625 0.6258333333333332 0.21187499999999998 0.6316666666666666 0.21375000000000002 0.6316666666666666 0.22562500000000002 0.6425 0.23374999999999999 0.655 0.2375 0.6541666666666667 0.23937500000000003 0.6608333333333334 0.22625 0.6649999999999999 0.22687500000000002 0.6625 0.22375000000000003 0.6666666666666667 0.21937500000000001 0.675 0.22375000000000003 0.6816666666666666 0.22375000000000003 0.6925 0.21625 0.6991666666666666 0.215625 0.705 0.21750000000000003 0.7266666666666667 0.21437500000000004 0.7308333333333333 0.210625 0.7333333333333333 0.2 0.7408333333333333 0.19125 0.7416666666666667 0.180625 0.7408333333333333 0.17875000000000002 0.7333333333333333 0.176875 0.7316666666666667 0.185625 0.7241666666666666 0.190625 0.7175 0.18875000000000003 0.7183333333333334 0.178125 0.7036108333333333 0.17750000000000002 0.7024999999999999 0.180625 0.6991666666666666 0.180625 0.6991666666666666 0.17750000000000002 0.6858333333333333 0.18625 0.6816666666666666 0.18250000000000002 0.6783333333333333 0.18375000000000002 0.6733333333333333 0.19312500000000002 0.6616666666666666 0.2 0.6591666666666667 0.19625 0.6508333333333333 0.1925 0.65 0.196875 0.6433333333333333 0.20125 0.63 0.1925 0.6233333333333333 0.19187500000000002 0.625 0.1975 0.6316666666666666 0.20187500000000003
0 0.6849999999999999 0.17875000000000002 0.6925 0.17875000000000002 0.6825 0.176875 0.6783333333333333 0.17875000000000002 0.6733333333333333 0.178125 0.6816666666666666 0.18125 0.6849999999999999 0.17875000000000002
0 0.8158333333333333 0.453125 0.8099999999999999 0.4525 0.8091666666666667 0.45437500000000003 0.8158333333333333 0.453125
0 0.6958333333333333 0.41875 0.6950000000000001 0.42437500000000006 0.7058333333333333 0.436875 0.7091666666666667 0.43624999999999997 0.7108333333333333 0.43812500000000004 0.7133333333333333 0.46312500000000006 0.7191666666666666 0.480625 0.7233333333333334 0.48375 0.7266666666666667 0.49437500000000006 0.7408333333333333 0.51875 0.7525 0.5325 0.7683333333333333 0.565625 0.7741666666666667 0.5725 0.7791666666666667 0.570625 0.7825 0.571875 0.7899999999999999 0.5650000000000001 0.8 0.560625 0.8074999999999999 0.5493750000000001 0.835 0.52125 0.8625 0.48625000000000007 0.875 0.46312500000000006 0.885 0.45062500000000005 0.8966666666666667 0.44125000000000003 0.8991666666666667 0.43500000000000005 0.9191666666666667 0.41125 0.9191666666666667 0.40750000000000003 0.9108333333333333 0.403125 0.9058333333333334 0.40437500000000004 0.9008333333333333 0.409375 0.8925000000000001 0.41187500000000005 0.89 0.42000000000000004 0.8841666666666667 0.4175 0.8800000000000001 0.41875 0.875 0.425 0.8775000000000001 0.43375 0.8691666666666666 0.434375 0.8675 0.43875000000000003 0.8591666666666666 0.4425 0.8558333333333333 0.43937499999999996 0.8541666666666666 0.445 0.8483333333333333 0.449375 0.8425 0.45 0.8358333333333332 0.45562500000000006 0.8316666666666667 0.45625 0.8275 0.449375 0.8241666666666667 0.44875 0.8208333333333334 0.453125 0.8283333333333334 0.46312500000000006 0.8216666666666667 0.46687500000000004 0.8033333333333333 0.46125 0.8025 0.45625 0.7966666666666666 0.45125000000000004 0.7899999999999999 0.44875 0.7808333333333334 0.45062500000000005 0.78 0.445 0.7841666666666667 0.4425 0.7791666666666667 0.44000000000000006 0.7758333333333333 0.44125000000000003 0.7649999999999999 0.43062500000000004 0.7583333333333333 0.43187500000000006 0.755 0.42625 0.7508333333333332 0.42750000000000005 0.7441666666666666 0.42437500000000006 0.7408333333333333 0.42625 0.735 0.42562500000000003 0.7408333333333333 0.414375 0.7308333333333333 0.41375 0.7108333333333333 0.40750000000000003 0.7066666666666667 0.410625 0.7033333333333334 0.40875000000000006 0.6991666666666666 0.409375 0.7008333333333333 0.41875 0.6958333333333333 0.41875
0 0.71015625 0.40078125 0.00234375 0.00078125
0 0.8958333333333334 0.15375 0.8958333333333334 0.165 0.9008333333333333 0.170625 0.9099999999999999 0.1975 0.925 0.203125 0.9341666666666667 0.20375000000000001 0.9366666666666668 0.200625 0.9349999999999999 0.195625 0.9383333333333332 0.19437500000000002 0.9416666666666667 0.185625 0.9458333333333334 0.184375 0.9491666666666667 0.1975 0.9525 0.19937500000000002 0.9516666666666665 0.203125 0.9566666666666667 0.203125 0.9591666666666667 0.19812500000000002 0.9633333333333333 0.2 0.9691666666666666 0.19812500000000002 0.9766666666666666 0.19937500000000002 0.9666666666666666 0.18 0.9566666666666667 0.16812500000000002 0.9566666666666667 0.164375 0.9475 0.14875 0.9466666666666667 0.12937500000000002 0.9425000000000001 0.12000000000000002 0.9383333333333332 0.11937500000000001 0.9283333333333333 0.128125 0.925 0.128125 0.9133333333333333 0.12000000000000002 0.9158333333333333 0.11500000000000002 0.9125 0.11500000000000002 0.9025000000000001 0.12250000000000001 0.8983333333333332 0.13187500000000002 0.8925000000000001 0.13625 0.8916666666666666 0.148125 0.8958333333333334 0.15375
0 0.43083333333333335 0.293125 0.41833333333333333 0.304375 0.41 0.30250000000000005 0.41 0.3125 0.42750000000000005 0.36875 0.43083333333333335 0.401875 0.4425 0.42562500000000003 0.45499999999999996 0.4175 0.4625 0.40687500000000004 0.4666666666666667 0.40687500000000004 0.48 0.41625000000000006 0.49749999999999994 0.415625 0.5075000000000001 0.40625 0.5133333333333333 0.40687500000000004 0.5225 0.4131250000000001 0.5758333333333333 0.41000000000000003 0.585 0.40750000000000003 0.595 0.409375 0.6183333333333334 0.405625 0.6366666666666666 0.40750000000000003 0.6433333333333333 0.40437500000000004 0.6508333333333333 0.40375000000000005 0.6608333333333334 0.40375000000000005 0.6849999999999999 0.409375 0.6866666666666666 0.4025 0.6816666666666666 0.3875 0.6491666666666667 0.334375 0.6483333333333333 0.323125 0.6433333333333333 0.31125 0.63 0.28875 0.6275000000000001 0.28625 0.6233333333333333 0.288125 0.6183333333333334 0.28625 0.6166666666666667 0.275625 0.61 0.27125000000000005 0.6 0.270625 0.5825 0.27687500000000004 0.5716666666666667 0.27125000000000005 0.5616666666666666 0.270625 0.5466666666666666 0.2775 0.5366666666666666 0.271875 0.5258333333333333 0.27125000000000005 0.5133333333333333 0.275625 0.5083333333333333 0.280625 0.49916666666666665 0.275625 0.49083333333333334 0.275 0.47750000000000004 0.278125 0.47000000000000003 0.284375 0.46333333333333326 0.27875 0.4575 0.27687500000000004 0.43916666666666665 0.27937500000000004 0.43166666666666664 0.285625 0.42833333333333334 0.28250000000000003 0.42666666666666664 0.29000000000000004 0.43083333333333335 0.293125
0 0.896875 0.1203125 0.00078125 0.00234375
0 0.8341666666666667 0.10500000000000001 0.8341666666666667 0.09875 0.8308333333333333 0.100625 0.8300000000000001 0.10250000000000001 0.8341666666666667 0.10500000000000001
0 0.7916666666666667 0.14875 0.8033333333333333 0.154375 0.8133333333333332 0.17125 0.8175000000000001 0.17312500000000003 0.8208333333333334 0.17125 0.8324999999999999 0.171875 0.8383333333333333 0.17625000000000002 0.8441666666666666 0.17750000000000002 0.8508333333333333 0.17625000000000002 0.8566666666666667 0.185625 0.8625 0.1875 0.8683333333333334 0.171875 0.8658333333333333 0.1675 0.8716666666666667 0.16125 0.8758333333333332 0.16 0.8783333333333333 0.15 0.8833333333333334 0.14750000000000002 0.8808333333333334 0.14375 0.8866666666666667 0.14375 0.8875 0.13687500000000002 0.8833333333333334 0.1275 0.8733333333333333 0.12125000000000001 0.8758333333333332 0.11812500000000001 0.8716666666666667 0.11937500000000001 0.8558333333333333 0.103125 0.8550000000000001 0.12250000000000001 0.8516666666666666 0.12312500000000001 0.8491666666666667 0.12125000000000001 0.8483333333333333 0.1125 0.8333333333333334 0.12250000000000001 0.8225 0.11937500000000001 0.8233333333333333 0.114375 0.8166666666666667 0.11125 0.8141666666666666 0.10250000000000001 0.8066666666666666 0.0975 0.8099999999999999 0.10124999999999999 0.8041666666666666 0.10625 0.7958333333333333 0.10625 0.7899999999999999 0.109375 0.7816666666666666 0.12875 0.7816666666666666 0.13875 0.7916666666666667 0.14875
0 0.8525 0.10187500000000001 0.8566666666666667 0.1 0.8558333333333333 0.09125000000000001 0.8516666666666666 0.093125 0.8483333333333333 0.099375 0.8525 0.10187500000000001
0 0.48666666666666664 0.661875 0.48666666666666664 0.669375 0.49083333333333334 0.6881250000000001 0.49749999999999994 0.695625 0.5208333333333333 0.6925000000000001 0.5433333333333333 0.693125 0.5525 0.690625 0.5575 0.686875 0.585 0.685625 0.6216666666666667 0.6793750000000001 0.6566666666666666 0.6787500000000001 0.6683333333333333 0.675625 0.6866666666666666 0.67625 0.7024999999999999 0.673125 0.7091666666666667 0.6675000000000001 0.7108333333333333 0.661875 0.7183333333333334 0.653125 0.7191666666666666 0.64375 0.7158333333333333 0.64 0.7191666666666666 0.6368750000000001 0.7158333333333333 0.63375 0.7066666666666667 0.6318750000000001 0.6808333333333334 0.635 0.6741666666666666 0.63875 0.6741666666666666 0.64375 0.6683333333333333 0.64875 0.655 0.646875 0.64 0.6475000000000001 0.6366666666666666 0.645 0.63 0.6481250000000001 0.6066666666666667 0.65 0.5916666666666667 0.64625 0.5883333333333333 0.649375 0.5725 0.6481250000000001 0.5650000000000001 0.650625 0.5433333333333333 0.6475000000000001 0.53 0.6581250000000001 0.5216666666666667 0.65375 0.5191666666666667 0.66 0.5116666666666666 0.6581250000000001 0.5066666666666666 0.661875 0.4925 0.6631250000000001 0.4875 0.6575 0.48916666666666664 0.6612500000000001 0.48666666666666664 0.661875
0 0.24500000000000002 0.2325 0.2525 0.23000000000000004 0.2525 0.22687500000000002 0.24833333333333335 0.22312500000000002 0.22416666666666668 0.22625 0.22333333333333333 0.231875 0.24500000000000002 0.2325
0 0.16666666666666669 0.29375 0.17166666666666666 0.28875 0.18083333333333335 0.28625 0.20750000000000002 0.28687500000000005 0.23166666666666663 0.28125 0.25833333333333336 0.285625 0.265 0.28125 0.275 0.27937500000000004 0.28833333333333333 0.28250000000000003 0.3025 0.283125 0.31 0.28 0.3725 0.28 0.37666666666666665 0.278125 0.39 0.284375 0.39416666666666667 0.284375 0.39416666666666667 0.275 0.39 0.26875 0.39166666666666666 0.264375 0.385 0.25812500000000005 0.38583333333333336 0.25125000000000003 0.3783333333333333 0.241875 0.38 0.23374999999999999 0.36333333333333334 0.23374999999999999 0.3675 0.2325 0.3725 0.225 0.37 0.22062500000000002 0.3625 0.2225 0.3516666666666667 0.21750000000000003 0.3416666666666667 0.21812499999999999 0.3358333333333333 0.221875 0.3308333333333333 0.22000000000000003 0.32416666666666666 0.22125 0.32166666666666666 0.21812499999999999 0.30666666666666664 0.21437500000000004 0.3025 0.215625 0.30083333333333334 0.22000000000000003 0.2966666666666667 0.221875 0.2925 0.21812499999999999 0.2875 0.22312500000000002 0.26416666666666666 0.22312500000000002 0.2558333333333333 0.230625 0.26416666666666666 0.231875 0.2658333333333333 0.23562500000000003 0.2558333333333333 0.241875 0.24666666666666667 0.23562500000000003 0.22916666666666666 0.23562500000000003 0.21833333333333332 0.240625 0.21666666666666665 0.24562500000000004 0.20750000000000002 0.238125 0.20750000000000002 0.23374999999999999 0.21749999999999997 0.22749999999999998 0.21083333333333334 0.22312500000000002 0.19083333333333333 0.22312500000000002 0.17833333333333332 0.22625 0.17666666666666667 0.230625 0.18 0.234375 0.16666666666666669 0.24125000000000002 0.15833333333333333 0.27125000000000005 0.1575 0.296875 0.16666666666666669 0.29375
0 0.31953125 0.209375 0.00234375 0.00078125
0 0.209375 0.209375 0.0015625 0.00078125
0 0.1875 0.21000000000000002 0.18416666666666665 0.209375 0.1825 0.21000000000000002 0.1875 0.21000000000000002
0 0.3408333333333333 0.21437500000000004 0.35416666666666663 0.213125 0.33666666666666667 0.21187499999999998 0.3358333333333333 0.20625 0.3308333333333333 0.20750000000000002 0.3308333333333333 0.21187499999999998 0.3408333333333333 0.21437500000000004
0 0.2058333333333333 0.20812500000000003 0.20666666666666664 0.20625 0.19083333333333333 0.20625 0.2058333333333333 0.20812500000000003
0 0.35416666666666663 0.20375000000000001 0.34833333333333333 0.20249999999999999 0.35083333333333333 0.20437500000000003 0.35416666666666663 0.20375000000000001
0 0.7358333333333333 0.509375 0.7525 0.5318750000000001 0.7683333333333333 0.5675000000000001 0.7758333333333333 0.578125 0.7791666666666667 0.5643750000000001 0.7816666666666666 0.5631250000000001 0.7858333333333334 0.5650000000000001 0.7825 0.561875 0.7825 0.559375 0.7858333333333334 0.559375 0.7808333333333334 0.5581250000000001 0.7808333333333334 0.5537500000000001 0.7883333333333333 0.55 0.7933333333333333 0.55 0.8 0.5518750000000001 0.8033333333333333 0.556875 0.805 0.5525 0.8183333333333334 0.5425000000000001 0.8358333333333332 0.5225000000000001 0.8433333333333334 0.5118750000000001 0.845 0.5050000000000001 0.8291666666666666 0.504375 0.8241666666666667 0.505625 0.8191666666666666 0.51 0.8141666666666666 0.508125 0.8 0.509375 0.7816666666666666 0.51375 0.7683333333333333 0.5075000000000001 0.7608333333333334 0.510625 0.7575000000000001 0.508125 0.7583333333333333 0.5018750000000001 0.7508333333333332 0.49812500000000004 0.7508333333333332 0.49437500000000006 0.7441666666666666 0.49750000000000005 0.7358333333333333 0.50375 0.7358333333333333 0.509375
0 0.315 0.34500000000000003 0.31333333333333335 0.344375 0.31083333333333335 0.34500000000000003 0.315 0.34500000000000003
0 0.26015625 0.34453125 0.00390625 0.00078125
0 0.3484375 0.34140625 0.0015625 0.00078125
0 0.31666666666666665 0.343125 0.3225 0.34187500000000004 0.31916666666666665 0.33937500000000004 0.31666666666666665 0.33937500000000004 0.31666666666666665 0.343125
0 0.3408333333333333 0.343125 0.3416666666666667 0.340625 0.3458333333333333 0.34 0.3441666666666666 0.3375 0.33999999999999997 0.34125 0.3408333333333333 0.343125
0 0.36333333333333334 0.328125 0.3591666666666667 0.3275 0.3591666666666667 0.33187500000000003 0.36333333333333334 0.328125
0 0.175 0.34937500000000005 0.185 0.35250000000000004 0.19166666666666668 0.35 0.2125 0.34875 0.2125 0.34625000000000006 0.215 0.345625 0.225 0.34937500000000005 0.23833333333333334 0.34625000000000006 0.24083333333333332 0.34125 0.24666666666666667 0.345625 0.24833333333333335 0.34375 0.25083333333333335 0.34500000000000003 0.24416666666666664 0.33375000000000005 0.23500000000000001 0.33375000000000005 0.23500000000000001 0.32937500000000003 0.24083333333333332 0.33 0.24666666666666667 0.32625000000000004 0.255 0.32937500000000003 0.26166666666666666 0.33687500000000004 0.2625 0.33375000000000005 0.27166666666666667 0.328125 0.29 0.326875 0.30333333333333334 0.3325 0.31333333333333335 0.32375000000000004 0.33166666666666667 0.3225 0.3408333333333333 0.328125 0.3416666666666667 0.33125 0.35583333333333333 0.33687500000000004 0.3575 0.34187500000000004 0.36333333333333334 0.34125 0.36916666666666664 0.335625 0.3717380952380952 0.33803571428571433 0.37416666666666665 0.335 0.38249999999999995 0.3425 0.38666666666666666 0.33937500000000004 0.3975 0.340625 0.4033333333333333 0.338125 0.40499999999999997 0.31625000000000003 0.40083333333333326 0.301875 0.37916666666666665 0.2775 0.36916666666666664 0.28125 0.33666666666666667 0.28 0.33166666666666667 0.28250000000000003 0.2866666666666667 0.28250000000000003 0.27666666666666667 0.28 0.2575 0.28125 0.2533333333333333 0.283125 0.23333333333333334 0.280625 0.22000000000000003 0.28125 0.205 0.28875 0.19416666666666665 0.28625 0.17166666666666666 0.28875 0.16416666666666666 0.293125 0.15916666666666665 0.30125 0.15416666666666667 0.304375 0.15083333333333332 0.31 0.15 0.32062500000000005 0.15083333333333332 0.34875 0.15833333333333333 0.34750000000000003 0.16083333333333333 0.34937500000000005 0.175 0.34937500000000005
0 0.5525 0.805625 0.5541666666666667 0.8075000000000001 0.5591666666666667 0.806875 0.55 0.8043750000000001 0.55 0.8075000000000001 0.5525 0.805625
0 0.5366666666666666 0.734375 0.5366666666666666 0.73125 0.5258333333333333 0.73375 0.53 0.738125 0.5366666666666666 0.734375
0 0.5675 0.733125 0.5616666666666666 0.733125 0.55 0.73875 0.5458333333333333 0.7375 0.545 0.7412500000000001 0.55 0.7425 0.55 0.7462500000000001 0.5441666666666667 0.75 0.5283333333333333 0.74875 0.525 0.744375 0.5158333333333334 0.7425 0.5016666666666667 0.744375 0.5041666666666667 0.7568750000000001 0.5066666666666666 0.758125 0.505 0.76 0.5108333333333334 0.76 0.5075000000000001 0.7681250000000001 0.5083333333333333 0.77875 0.5116666666666666 0.786875 0.515 0.7881250000000001 0.5191666666666667 0.80625 0.5258333333333333 0.8 0.53 0.8018750000000001 0.5325 0.7993750000000001 0.5366666666666666 0.8012500000000001 0.54 0.7987500000000001 0.5466666666666666 0.8 0.55 0.803125 0.5608333333333333 0.79375 0.5991666666666666 0.79375 0.6183333333333334 0.7862500000000001 0.63 0.7706250000000001 0.64 0.7618750000000001 0.6508333333333333 0.7425 0.6716666666666666 0.716875 0.6666666666666667 0.7150000000000001 0.6583333333333333 0.7206250000000001 0.6541666666666667 0.7193750000000001 0.6508333333333333 0.721875 0.64 0.71875 0.6333333333333333 0.72 0.6291666666666667 0.728125 0.62 0.7306250000000001 0.6258333333333332 0.734375 0.6191666666666666 0.7393750000000001 0.6125 0.7362500000000001 0.6075 0.7306250000000001 0.5974999999999999 0.726875 0.6 0.723125 0.5941666666666666 0.723125 0.5883333333333333 0.726875 0.5675 0.733125
0 0.1925 0.348125 0.19166666666666668 0.345625 0.18833333333333332 0.34500000000000003 0.1875 0.34875 0.1925 0.348125
0 0.18916666666666665 0.34 0.19416666666666665 0.338125 0.18833333333333332 0.3375 0.18666666666666668 0.33875 0.18916666666666665 0.34
0 0.2171875 0.334375 0.00078125 0.00078125
0 0.16083333333333333 0.345625 0.16416666666666666 0.34875 0.1825 0.34937500000000005 0.18333333333333332 0.344375 0.1775 0.34187500000000004 0.17833333333333332 0.334375 0.185 0.328125 0.1925 0.325625 0.205 0.325625 0.22000000000000003 0.3325 0.225 0.32875 0.2425 0.325 0.24916666666666668 0.325 0.265 0.32937500000000003 0.2808333333333333 0.325625 0.30333333333333334 0.3275 0.31166666666666665 0.3225 0.31916666666666665 0.32125000000000004 0.3416666666666667 0.323125 0.345 0.3275 0.35083333333333333 0.3225 0.36583333333333334 0.319375 0.3808333333333333 0.32375000000000004 0.39166666666666666 0.338125 0.39916666666666667 0.33875 0.4041666666666667 0.33125 0.40499999999999997 0.314375 0.40083333333333326 0.3 0.37916666666666665 0.27687500000000004 0.36916666666666664 0.28125 0.3625 0.281875 0.3491666666666667 0.281875 0.3375 0.27937500000000004 0.33166666666666667 0.28250000000000003 0.29333333333333333 0.28125 0.27416666666666667 0.284375 0.27 0.284375 0.265 0.28 0.24333333333333332 0.28250000000000003 0.22000000000000003 0.27937500000000004 0.205 0.28875 0.19083333333333333 0.285625 0.16916666666666666 0.28937500000000005 0.15333333333333332 0.30500000000000005 0.15 0.31875 0.15083333333333332 0.348125 0.16083333333333333 0.345625
0 0.23666666666666666 0.9875 0.24333333333333332 0.9887500000000001 0.24500000000000002 0.9875 0.24083333333333332 0.984375 0.23666666666666666 0.984375 0.23666666666666666 0.9875
0 0.32083333333333336 0.999375 0.32666666666666666 0.9950000000000001 0.35083333333333333 0.9956250000000001 0.35833333333333334 0.9918750000000001 0.38916666666666666 0.9881250000000001 0.41500000000000004 0.9875 0.4208333333333333 0.9850000000000001 0.465 0.9787500000000001 0.4716666666666667 0.975 0.4766666666666667 0.9631250000000001 0.4875 0.95 0.4875 0.945625 0.4741666666666666 0.951875 0.47000000000000003 0.9600000000000002 0.4525 0.95625 0.4491666666666666 0.9600000000000002 0.4458333333333333 0.9581250000000001 0.4383333333333333 0.96125 0.4325 0.9525 0.42833333333333334 0.95375 0.425 0.961875 0.41500000000000004 0.95625 0.4083333333333333 0.9631250000000001 0.3875 0.959375 0.38 0.9600000000000002 0.3783333333333333 0.9675 0.38166666666666665 0.9700000000000001 0.3808333333333333 0.9731250000000001 0.375 0.9756250000000002 0.35583333333333333 0.974375 0.35 0.9806250000000001 0.35 0.9850000000000001 0.3433333333333333 0.9875 0.3441666666666666 0.9912500000000002 0.3416666666666667 0.993125 0.32333333333333336 0.9925 0.32083333333333336 0.98375 0.3258333333333333 0.9737500000000001 0.32416666666666666 0.971875 0.315 0.9731250000000001 0.31 0.98125 0.2975 0.9818750000000002 0.2966666666666667 0.974375 0.2925 0.9712500000000001 0.2875 0.9731250000000001 0.2866666666666667 0.983125 0.28250000000000003 0.9887500000000001 0.2783333333333333 0.9881250000000001 0.26749999999999996 0.9925 0.25416666666666665 0.993125 0.25666666666666665 0.999375 0.32083333333333336 0.999375
0 0.7849999999999999 0.47750000000000004 0.7833333333333333 0.47625 0.7825 0.47750000000000004 0.7849999999999999 0.47750000000000004
0 0.7608333333333334 0.4600000000000001 0.7558333333333334 0.459375 0.7575000000000001 0.46125 0.7608333333333334 0.4600000000000001
0 0.7241666666666666 0.48500000000000004 0.7266666666666667 0.49437500000000006 0.7316666666666667 0.49812500000000004 0.7424999999999999 0.51875 0.7541666666666667 0.530625 0.755 0.536875 0.7558333333333334 0.53 0.7616666666666666 0.5275000000000001 0.7649999999999999 0.5275000000000001 0.7691666666666667 0.5325 0.7725 0.5331250000000001 0.7766666666666666 0.530625 0.7825 0.5331250000000001 0.8025 0.52625 0.8300000000000001 0.5231250000000001 0.8558333333333333 0.49625 0.8733333333333333 0.47062499999999996 0.8741666666666668 0.4600000000000001 0.8775000000000001 0.459375 0.8758333333333332 0.45625 0.8741666666666668 0.45625 0.8733333333333333 0.460625 0.8691666666666666 0.460625 0.8658333333333333 0.45625 0.8666666666666666 0.45875000000000005 0.8625 0.4625 0.85 0.46749999999999997 0.8483333333333333 0.47437500000000005 0.835 0.478125 0.8175000000000001 0.478125 0.8125 0.48187500000000005 0.8033333333333333 0.48187500000000005 0.8 0.478125 0.795 0.48125 0.775 0.47375 0.7708333333333333 0.46749999999999997 0.7642708333333333 0.4650390625 0.7616666666666666 0.471875 0.7591666666666667 0.47000000000000003 0.7533333333333333 0.47062499999999996 0.7541666666666667 0.46749999999999997 0.7508333333333332 0.47250000000000003 0.7441666666666666 0.46312500000000006 0.745 0.45625 0.7341666666666666 0.46312500000000006 0.73 0.46312500000000006 0.7308333333333333 0.458125 0.7291666666666667 0.46125 0.7241666666666666 0.45687500000000003 0.7158333333333333 0.465 0.715 0.47062499999999996 0.7191666666666666 0.480625 0.7241666666666666 0.48500000000000004
0 0.7166666666666667 0.45 0.7233333333333334 0.448125 0.7258333333333333 0.445625 0.7233333333333334 0.445 0.7166666666666667 0.44750000000000006 0.7166666666666667 0.45
0 0.73 0.44625000000000004 0.7308333333333333 0.4425 0.7283333333333333 0.4425 0.73 0.44625000000000004
0 0.6266666666666667 0.25250000000000006 0.6375 0.25375000000000003 0.6725 0.25125000000000003 0.7066666666666667 0.253125 0.7191666666666666 0.25250000000000006 0.7241666666666666 0.24937500000000004 0.7258333333333333 0.23312500000000003 0.7291666666666667 0.22687500000000002 0.725 0.224375 0.7291666666666667 0.22312500000000002 0.7259210526315789 0.2200822368421053 0.7208333333333333 0.224375 0.7158333333333333 0.22312500000000002 0.7083333333333333 0.225 0.6891666666666667 0.22312500000000002 0.6766666666666666 0.224375 0.6725 0.2225 0.6575 0.224375 0.6466666666666667 0.2225 0.64 0.230625 0.635 0.231875 0.6291666666666667 0.228125 0.6333333333333333 0.22375000000000003 0.6224999999999999 0.216875 0.6166666666666667 0.20500000000000002 0.6125 0.20249999999999999 0.6091666666666666 0.20500000000000002 0.6091666666666666 0.213125 0.6191666666666666 0.2325 0.6224999999999999 0.2475 0.6266666666666667 0.25250000000000006
0 0.745 0.17875000000000002 0.7441666666666666 0.176875 0.7408333333333333 0.176875 0.7408333333333333 0.18375000000000002 0.745 0.17875000000000002
0 0.6716666666666666 0.183125 0.6725 0.17875000000000002 0.6675 0.17750000000000002 0.6641666666666667 0.181875 0.6716666666666666 0.183125
0 0.7233333333333334 0.16812500000000002 0.72 0.16687500000000002 0.7183333333333334 0.16812500000000002 0.7233333333333334 0.16812500000000002
0 0.6975 0.16812500000000002 0.6891666666666667 0.16687500000000002 0.6883333333333332 0.16875 0.6975 0.16812500000000002
0 0.7041666666666667 0.43875000000000003 0.7116666666666667 0.4425 0.7125 0.4625 0.7166666666666667 0.47750000000000004 0.7408333333333333 0.5162500000000001 0.7466666666666667 0.5206250000000001 0.7516666666666667 0.52875 0.7566666666666666 0.52375 0.7683333333333333 0.52 0.7716666666666667 0.52 0.7758333333333333 0.525625 0.7891666666666667 0.528125 0.7958333333333333 0.5231250000000001 0.8 0.52375 0.825 0.5125 0.8408333333333333 0.510625 0.8616666666666667 0.4875 0.8724999999999999 0.47000000000000003 0.8733333333333333 0.46375 0.8833333333333334 0.4525 0.885 0.446875 0.89 0.44625000000000004 0.8958333333333334 0.43937499999999996 0.8933333333333333 0.436875 0.8866666666666667 0.4425 0.8800000000000001 0.440625 0.8775000000000001 0.446875 0.8641666666666665 0.449375 0.8566666666666667 0.453125 0.8541666666666666 0.460625 0.8308333333333333 0.46687500000000004 0.8141666666666666 0.47750000000000004 0.8066666666666666 0.47750000000000004 0.8 0.46687500000000004 0.7966666666666666 0.46875 0.7925 0.46687500000000004 0.7941666666666667 0.45875000000000005 0.7975 0.45687500000000003 0.7966666666666666 0.45375000000000004 0.7891666666666667 0.46125 0.7716666666666667 0.464375 0.7508333333333332 0.449375 0.7533333333333333 0.445625 0.7516666666666667 0.44000000000000006 0.7458333333333333 0.441875 0.7441666666666666 0.4375 0.7424999999999999 0.44000000000000006 0.7375 0.44125000000000003 0.7175 0.43 0.71 0.43125 0.6958333333333333 0.4175 0.6933333333333334 0.41937500000000005 0.6983333333333334 0.43187500000000006 0.7041666666666667 0.43875000000000003
0 0.7424999999999999 0.4600000000000001 0.7383333333333333 0.459375 0.74 0.46187500000000004 0.7424999999999999 0.4600000000000001
0 0.7616666666666666 0.4600000000000001 0.7558333333333334 0.45875000000000005 0.755 0.460625 0.7616666666666666 0.4600000000000001
0 0.7308333333333333 0.46125 0.7291666666666667 0.4575 0.7283333333333333 0.4600000000000001 0.7308333333333333 0.46125
0 0.7183333333333334 0.4800000000000001 0.7258333333333333 0.48937500000000006 0.7266666666666667 0.495 0.7308333333333333 0.49812500000000004 0.7408333333333333 0.519375 0.7525 0.5331250000000001 0.7691666666666667 0.56625 0.77 0.561875 0.7675 0.56125 0.7758333333333333 0.54375 0.7825 0.545 0.7858333333333334 0.539375 0.8 0.540625 0.8058333333333334 0.5375 0.8158333333333333 0.5387500000000001 0.8316666666666667 0.525 0.8641666666666665 0.48500000000000004 0.8724999999999999 0.47125000000000006 0.8724999999999999 0.46187500000000004 0.8766666666666666 0.460625 0.8791666666666667 0.45625 0.8733333333333333 0.45625 0.8708333333333333 0.460625 0.8658333333333333 0.4575 0.8616666666666667 0.46375 0.8491666666666667 0.46937500000000004 0.8483333333333333 0.47437500000000005 0.845 0.47375 0.8416666666666666 0.47625 0.8283333333333334 0.479375 0.8208333333333334 0.478125 0.8091666666666667 0.4800000000000001 0.805 0.48250000000000004 0.8 0.479375 0.795 0.48125 0.7825 0.47375 0.775 0.473125 0.7683333333333333 0.46625000000000005 0.7658333333333334 0.46625000000000005 0.7616666666666666 0.47250000000000003 0.755 0.46875 0.7516666666666667 0.471875 0.7483333333333333 0.47125000000000006 0.745 0.464375 0.7274999999999999 0.465 0.7233333333333334 0.45375000000000004 0.7224999999999999 0.458125 0.7158333333333333 0.460625 0.715 0.47125000000000006 0.7183333333333334 0.4800000000000001
0 0.725 0.445625 0.7158333333333333 0.446875 0.7166666666666667 0.4525 0.725 0.445625
0 0.7296875 0.44375 0.0015625 0.003125
0 0.8 0.248125 0.7975 0.246875 0.7966666666666666 0.248125 0.8 0.248125
0 0.7716666666666667 0.17625000000000002 0.7725 0.174375 0.7683333333333333 0.175625 0.7716666666666667 0.17625000000000002
0 0.7733333333333333 0.16625 0.7808333333333334 0.17125 0.7791666666666667 0.181875 0.7833333333333333 0.18125 0.7908333333333333 0.184375 0.7933333333333333 0.19 0.8016666666666665 0.18875000000000003 0.8066666666666666 0.190625 0.8099999999999999 0.195625 0.8125 0.195625 0.8091666666666667 0.1925 0.8133333333333332 0.19187500000000002 0.8208333333333334 0.195625 0.8275 0.1925 0.835 0.1925 0.8441666666666666 0.18937500000000002 0.8550000000000001 0.19187500000000002 0.8625 0.186875 0.8658333333333333 0.17625000000000002 0.8641666666666665 0.1675 0.8691666666666666 0.16062500000000002 0.8291666666666666 0.16125 0.825 0.15750000000000003 0.8208333333333334 0.15875 0.8091666666666667 0.14875 0.8083333333333333 0.14 0.8033333333333333 0.14125000000000001 0.8 0.13562500000000002 0.7899999999999999 0.13375 0.7825 0.13375 0.7766666666666666 0.13687500000000002 0.7766666666666666 0.140625 0.77 0.150625 0.77 0.16062500000000002 0.7733333333333333 0.16625
0 0.5808333333333333 0.7375 0.5841666666666667 0.7375 0.5883333333333333 0.7412500000000001 0.5883333333333333 0.7375 0.5808333333333333 0.7350000000000001 0.5808333333333333 0.7375
0 0.495 0.726875 0.5016666666666667 0.7506250000000001 0.5091666666666667 0.743125 0.5183333333333333 0.743125 0.5416666666666667 0.7325 0.55 0.7350000000000001 0.5708333333333333 0.7350000000000001 0.5741666666666666 0.733125 0.5883333333333333 0.7325 0.5983333333333334 0.726875 0.6125 0.73125 0.6191666666666666 0.7275 0.6666666666666667 0.721875 0.6716666666666666 0.72 0.6733333333333333 0.713125 0.6808333333333334 0.70625 0.6808333333333334 0.701875 0.6675 0.69625 0.6708333333333333 0.6925000000000001 0.6666666666666667 0.691875 0.6666666666666667 0.696875 0.6575 0.700625 0.65 0.6993750000000001 0.6366666666666666 0.7037500000000001 0.6091666666666666 0.704375 0.5816666666666667 0.7106250000000001 0.5733333333333334 0.7100000000000001 0.5708333333333333 0.7075 0.5633333333333332 0.7075 0.5599999999999999 0.71125 0.5516666666666666 0.7125 0.5416666666666667 0.7100000000000001 0.5291666666666667 0.718125 0.5016666666666667 0.7206250000000001 0.49749999999999994 0.7193750000000001 0.495 0.72 0.495 0.726875
0 0.49416666666666664 0.7193750000000001 0.49749999999999994 0.724375 0.5016666666666667 0.724375 0.5183333333333333 0.7193750000000001 0.5325 0.7193750000000001 0.5375 0.716875 0.54 0.7125 0.5741666666666666 0.7125 0.5883333333333333 0.70875 0.6441666666666667 0.704375 0.6666666666666667 0.6987500000000001 0.6783333333333333 0.701875 0.6891666666666667 0.6975 0.69 0.68875 0.6983333333333334 0.681875 0.6958333333333333 0.675 0.6891666666666667 0.6737500000000001 0.6508333333333333 0.6787500000000001 0.625 0.6787500000000001 0.6016666666666667 0.6837500000000001 0.5808333333333333 0.6831250000000001 0.575 0.685625 0.5525 0.686875 0.5425 0.691875 0.49416666666666664 0.6943750000000001 0.4916666666666667 0.7050000000000001 0.49416666666666664 0.7193750000000001
0 0.1408333333333333 0.86625 0.13666666666666666 0.8724999999999999 0.13666666666666666 0.8887500000000002 0.1325 0.906875 0.13666666666666666 0.931875 0.13999999999999999 0.931875 0.14583333333333331 0.9268750000000001 0.15416666666666667 0.92875 0.1675 0.9168750000000001 0.17833333333333332 0.91875 0.18166666666666667 0.92125 0.185 0.9181250000000001 0.19833333333333333 0.9237500000000001 0.21000000000000002 0.9243750000000001 0.215 0.92125 0.2125 0.9137500000000001 0.22083333333333335 0.906875 0.22666666666666666 0.905625 0.2341666666666667 0.905625 0.24083333333333332 0.9099999999999999 0.2425 0.913125 0.24 0.914375 0.24 0.9181250000000001 0.24333333333333332 0.9193749999999999 0.25083333333333335 0.9193749999999999 0.255 0.915625 0.27749999999999997 0.91625 0.28500000000000003 0.913125 0.28833333333333333 0.90625 0.29583333333333334 0.9087500000000001 0.2966666666666667 0.9112500000000001 0.29833333333333334 0.9 0.30333333333333334 0.89875 0.3125 0.9043750000000002 0.31666666666666665 0.914375 0.3275 0.9099999999999999 0.33166666666666667 0.905625 0.3383333333333333 0.909375 0.3591666666666667 0.9081250000000001 0.36583333333333334 0.9043750000000002 0.3725 0.9081250000000001 0.37583333333333335 0.905625 0.37666666666666665 0.9081250000000001 0.38 0.9025000000000001 0.39 0.8975 0.3883333333333333 0.89125 0.40750000000000003 0.890625 0.41833333333333333 0.8956250000000001 0.41916666666666663 0.8868750000000001 0.42666666666666664 0.88375 0.4258333333333333 0.8800000000000001 0.42833333333333334 0.878125 0.4425 0.8868750000000001 0.4491666666666666 0.8825000000000001 0.4525 0.8862500000000001 0.45166666666666666 0.89 0.45583333333333337 0.89125 0.47333333333333333 0.8918750000000001 0.4875 0.8868750000000001 0.5083333333333333 0.8868750000000001 0.5116666666666666 0.884375 0.5216666666666667 0.883125 0.5258333333333333 0.8768750000000001 0.525 0.865 0.5166666666666667 0.8412499999999999 0.5158333333333334 0.8168750000000001 0.5116666666666666 0.798125 0.5033333333333333 0.7837500000000001 0.5016666666666667 0.76875 0.495 0.7506250000000001 0.48666666666666664 0.698125 0.4841666666666667 0.6950000000000001 0.47750000000000004 0.6943750000000001 0.4658333333333333 0.6881250000000001 0.45499999999999996 0.685625 0.46333333333333326 0.6743750000000001 0.47333333333333333 0.675 0.48 0.673125 0.48 0.6675000000000001 0.4766666666666667 0.66625 0.4741666666666666 0.6612500000000001 0.4758333333333333 0.64375 0.47333333333333333 0.633125 0.45583333333333337 0.6212500000000001 0.44833333333333336 0.6225 0.4333333333333333 0.618125 0.4208333333333333 0.618125 0.4141666666666667 0.61875 0.40166666666666667 0.625 0.38333333333333336 0.62625 0.38 0.628125 0.3625 0.6268750000000001 0.33249999999999996 0.63125 0.3075 0.629375 0.2925 0.634375 0.2816666666666666 0.63375 0.27666666666666667 0.6368750000000001 0.25416666666666665 0.635625 0.23166666666666663 0.6425000000000001 0.22416666666666668 0.640625 0.21416666666666667 0.6431250000000001 0.19416666666666665 0.641875 0.1575 0.6481250000000001 0.15416666666666667 0.6587500000000001 0.16083333333333333 0.666875 0.16416666666666666 0.66625 0.16916666666666666 0.6725000000000001 0.16416666666666666 0.6743750000000001 0.14250000000000002 0.691875 0.14416666666666667 0.701875 0.1408333333333333 0.7025 0.145 0.7037500000000001 0.13999999999999999 0.70875 0.14333333333333334 0.71125 0.14166666666666666 0.71375 0.13999999999999999 0.7125 0.14250000000000002 0.71875 0.13999999999999999 0.72 0.14583333333333331 0.725 0.1408333333333333 0.7300000000000001 0.14333333333333334 0.7368750000000001 0.14416666666666667 0.778125 0.13999999999999999 0.825 0.13333333333333333 0.8375 0.135 0.8625 0.1408333333333333 0.86625
0 0.22333333333333333 0.230625 0.24500000000000002 0.231875 0.25166666666666665 0.22937500000000002 0.2475 0.22312500000000002 0.2375 0.22562500000000002 0.2308333333333333 0.224375 0.22333333333333333 0.22687500000000002 0.22333333333333333 0.230625
0 0.185 0.23374999999999999 0.19166666666666668 0.23125 0.20166666666666666 0.23125 0.2058333333333333 0.23312500000000003 0.21583333333333332 0.22687500000000002 0.20833333333333334 0.2225 0.2033333333333333 0.2225 0.18916666666666665 0.22375000000000003 0.18083333333333335 0.22749999999999998 0.18 0.230625 0.185 0.23374999999999999
0 0.265 0.21375000000000002 0.27416666666666667 0.213125 0.26166666666666666 0.209375 0.26166666666666666 0.2125 0.265 0.21375000000000002
0 0.31416666666666665 0.20625 0.30833333333333335 0.20625 0.31666666666666665 0.21125000000000002 0.32333333333333336 0.21125000000000002 0.32 0.20625 0.3158333333333333 0.209375 0.31416666666666665 0.20625
0 0.16083333333333333 0.294375 0.17833333333333332 0.28625 0.20666666666666664 0.28687500000000005 0.22000000000000003 0.281875 0.23333333333333334 0.280625 0.25833333333333336 0.284375 0.2658333333333333 0.280625 0.2758333333333333 0.27937500000000004 0.28833333333333333 0.28250000000000003 0.30333333333333334 0.28250000000000003 0.31 0.28 0.3308333333333333 0.280625 0.335 0.27875 0.37083333333333335 0.28 0.37666666666666665 0.27687500000000004 0.3908333333333333 0.28375000000000006 0.39416666666666667 0.283125 0.39166666666666666 0.265 0.38583333333333336 0.26 0.38583333333333336 0.25125000000000003 0.37916666666666665 0.244375 0.38 0.23374999999999999 0.37583333333333335 0.2325 0.3725 0.23562500000000003 0.3675 0.23500000000000001 0.36583333333333334 0.23374999999999999 0.3716666666666667 0.225 0.37 0.22125 0.3625 0.221875 0.3525 0.216875 0.35583333333333333 0.2125 0.3516666666666667 0.21187499999999998 0.3491666666666667 0.20875 0.3408333333333333 0.20875 0.33666666666666667 0.205625 0.3308333333333333 0.20625 0.32916666666666666 0.216875 0.325 0.21937500000000001 0.31416666666666665 0.21437500000000004 0.305 0.21375000000000002 0.30083333333333334 0.20875 0.2966666666666667 0.20875 0.29583333333333334 0.21187499999999998 0.30166666666666664 0.216875 0.3 0.22062500000000002 0.29583333333333334 0.221875 0.2925 0.21812499999999999 0.29 0.22375000000000003 0.27749999999999997 0.221875 0.2633333333333333 0.22375000000000003 0.2558333333333333 0.230625 0.26416666666666666 0.23125 0.26749999999999996 0.23562500000000003 0.255 0.24312500000000004 0.24500000000000002 0.23562500000000003 0.22916666666666666 0.23562500000000003 0.22000000000000003 0.23937500000000003 0.21666666666666665 0.24500000000000002 0.2058333333333333 0.23625000000000002 0.19166666666666668 0.23625000000000002 0.18583333333333335 0.24250000000000002 0.17833333333333332 0.23875000000000002 0.18 0.24125000000000002 0.17583333333333334 0.24125000000000002 0.175 0.24312500000000004 0.16833333333333333 0.241875 0.16499999999999998 0.25812500000000005 0.16083333333333333 0.26125000000000004 0.15833333333333333 0.270625 0.1575 0.29375 0.16083333333333333 0.294375
0 0.3525 0.20812500000000003 0.3591666666666667 0.20812500000000003 0.355 0.203125 0.35 0.20187500000000003 0.3466666666666667 0.20375000000000001 0.3525 0.20812500000000003
0 0.65078125 0.2203125 0.0015625 0.00078125
0 0.6141666666666666 0.215625 0.6158333333333333 0.21437500000000004 0.6208333333333333 0.215625 0.6233333333333333 0.213125 0.6258333333333332 0.22000000000000003 0.6333333333333333 0.22375000000000003 0.6275000000000001 0.215 0.6266666666666667 0.20875 0.6216666666666667 0.210625 0.6116666666666666 0.203125 0.6091666666666666 0.20875 0.6141666666666666 0.215625
0 0.6158333333333333 0.16812500000000002 0.6233333333333333 0.169375 0.6325000000000001 0.175 0.6316666666666666 0.18250000000000002 0.6383333333333333 0.184375 0.64 0.18937500000000002 0.6433333333333333 0.18937500000000002 0.6416666666666667 0.19125 0.6366666666666666 0.19125 0.635 0.195625 0.6383333333333333 0.20812500000000003 0.6366666666666666 0.210625 0.6475 0.21000000000000002 0.6541666666666667 0.21187499999999998 0.6583333333333333 0.21000000000000002 0.6591666666666667 0.20500000000000002 0.6649999999999999 0.20625 0.6658333333333333 0.213125 0.6608333333333334 0.21875 0.6558333333333334 0.21875 0.6541666666666667 0.22375000000000003 0.6583333333333333 0.2225 0.6641666666666667 0.22749999999999998 0.6816666666666666 0.22875 0.6849999999999999 0.22562500000000002 0.6933333333333334 0.2375 0.6916666666666667 0.24125000000000002 0.7016666666666667 0.24125000000000002 0.7058333333333333 0.24312500000000004 0.7108333333333333 0.24125000000000002 0.7075 0.23000000000000004 0.7125 0.22687500000000002 0.7091666666666667 0.22312500000000002 0.7258333333333333 0.20500000000000002 0.7375 0.200625 0.745 0.17625000000000002 0.75 0.16875 0.7483333333333333 0.164375 0.7441666666666666 0.1625 0.7375 0.165625 0.73 0.15812500000000002 0.7266666666666667 0.16187500000000002 0.72 0.1625 0.7166666666666667 0.15875 0.7191666666666666 0.151875 0.7175 0.149375 0.7091666666666667 0.148125 0.6925 0.150625 0.6849999999999999 0.145625 0.6708333333333333 0.146875 0.6775 0.15125000000000002 0.6691666666666667 0.15750000000000003 0.6716666666666666 0.16187500000000002 0.6683333333333333 0.164375 0.6608333333333334 0.16375 0.6525 0.16687500000000002 0.6466666666666667 0.16375 0.63 0.16312500000000002 0.6258333333333332 0.16 0.6216666666666667 0.16187500000000002 0.62 0.1675 0.6158333333333333 0.16812500000000002
0 0.5966666666666667 0.13562500000000002 0.5983333333333334 0.133125 0.595 0.133125 0.595 0.13125 0.5941666666666666 0.13375 0.5966666666666667 0.13562500000000002
0 0.615 0.135 0.6158333333333333 0.140625 0.6224999999999999 0.143125 0.6266666666666667 0.13875 0.6291666666666667 0.140625 0.63 0.139375 0.625 0.1375 0.6241666666666666 0.133125 0.6158333333333333 0.12937500000000002 0.6208333333333333 0.13187500000000002 0.615 0.135
0 0.6058333333333333 0.12625000000000003 0.6025 0.121875 0.6066666666666667 0.12062500000000001 0.6058333333333333 0.11937500000000001 0.6016666666666667 0.121875 0.6016666666666667 0.125 0.6058333333333333 0.12625000000000003
0 0.77 0.295625 0.7991666666666666 0.293125 0.8083333333333333 0.28500000000000003 0.8133333333333332 0.264375 0.8091666666666667 0.261875 0.7991666666666666 0.2625 0.7925 0.26 0.7825 0.265 0.7808333333333334 0.273125 0.7758333333333333 0.275625 0.77 0.27125000000000005 0.7708333333333333 0.265 0.7658333333333334 0.251875 0.7791666666666667 0.255 0.7791666666666667 0.25125000000000003 0.7758333333333333 0.253125 0.7754166666666666 0.2484375 0.7716666666666667 0.24562500000000004 0.7683333333333333 0.24625000000000002 0.7666666666666667 0.25 0.7583333333333333 0.24937500000000004 0.7491666666666666 0.24312500000000004 0.75 0.238125 0.7587499999999999 0.2384895833333333 0.7558333333333334 0.238125 0.7541666666666667 0.236875 0.7583333333333333 0.23374999999999999 0.7508333333333332 0.2375 0.7441666666666666 0.23500000000000001 0.7391666666666666 0.2375 0.7391666666666666 0.24125000000000002 0.7341666666666666 0.24500000000000002 0.7341666666666666 0.255 0.7616666666666666 0.293125 0.77 0.295625
0 0.9716666666666667 0.261875 0.9741666666666667 0.26625 0.9816666666666667 0.26375000000000004 0.9883333333333333 0.265625 0.9933333333333334 0.261875 0.9883333333333333 0.25875000000000004 0.9741666666666667 0.25875000000000004 0.97 0.260625 0.97 0.25562500000000005 0.9633333333333333 0.254375 0.9558333333333333 0.259375 0.9508333333333333 0.25812500000000005 0.9583333333333334 0.263125 0.9716666666666667 0.261875
0 0.9391666666666666 0.26 0.9441666666666666 0.255 0.9308333333333334 0.254375 0.9324999999999999 0.261875 0.9391666666666666 0.26
0 0.9183333333333333 0.25812500000000005 0.9199999999999999 0.254375 0.9108333333333333 0.25 0.9108333333333333 0.256875 0.9183333333333333 0.25812500000000005
0 0.9875 0.25 0.9866666666666667 0.2475 0.9841666666666666 0.248125 0.9875 0.25
0 0.9283333333333333 0.24875000000000003 0.9233333333333332 0.2475 0.925 0.24937500000000004 0.9283333333333333 0.24875000000000003
0 0.8833333333333334 0.19375 0.89 0.190625 0.8933333333333333 0.19187500000000002 0.8941666666666667 0.19937500000000002 0.905 0.20812500000000003 0.9075 0.21437500000000004 0.9116666666666667 0.216875 0.9158333333333333 0.21625 0.9108333333333333 0.22312500000000002 0.9141666666666666 0.22687500000000002 0.9208333333333334 0.2225 0.9358333333333333 0.2225 0.9466666666666667 0.230625 0.9533333333333334 0.230625 0.9566666666666667 0.228125 0.9591666666666667 0.22875 0.9691666666666666 0.22062500000000002 0.9733333333333333 0.221875 0.9716666666666667 0.22687500000000002 0.975 0.228125 0.9883333333333333 0.22687500000000002 0.9933333333333334 0.22375000000000003 0.9908333333333333 0.21750000000000003 0.985 0.213125 0.9858333333333332 0.209375 0.9816666666666667 0.200625 0.9574999999999999 0.16875 0.9574999999999999 0.164375 0.95 0.155625 0.9433333333333334 0.153125 0.9400000000000001 0.14375 0.9458333333333334 0.14250000000000002 0.9466666666666667 0.13 0.9416666666666667 0.12125000000000001 0.9383333333333332 0.12062500000000001 0.9283333333333333 0.12875 0.9158333333333333 0.12312500000000001 0.9116666666666667 0.115625 0.9083333333333334 0.11687499999999999 0.8983333333333332 0.13125 0.8908333333333334 0.13687500000000002 0.8908333333333334 0.15375 0.8816666666666666 0.15750000000000003 0.8708333333333333 0.175 0.8716666666666667 0.186875 0.8833333333333334 0.19375
0 0.43499999999999994 0.273125 0.4341666666666667 0.26875 0.43083333333333335 0.26812500000000006 0.43083333333333335 0.271875 0.43499999999999994 0.273125
0 0.42421875 0.265625 0.0015625 0.0015625
0 0.521875 0.2625 0.0015625 0.00078125
0 0.41583333333333333 0.261875 0.41083333333333333 0.26125000000000004 0.41083333333333333 0.263125 0.41583333333333333 0.261875
0 0.47000000000000003 0.26875 0.4716666666666667 0.26687500000000003 0.4741666666666666 0.26875 0.475 0.26125000000000004 0.46333333333333326 0.26125000000000004 0.46333333333333326 0.2675 0.47000000000000003 0.26875
0 0.515 0.270625 0.5183333333333333 0.26875 0.515 0.259375 0.51 0.26375000000000004 0.5008333333333332 0.260625 0.5 0.265625 0.515 0.270625
0 0.39 0.2125 0.39 0.21812499999999999 0.40166666666666667 0.24375 0.4025 0.25625 0.4058333333333334 0.2575 0.4033333333333333 0.26 0.4041666666666667 0.263125 0.4091666666666667 0.255 0.4125 0.254375 0.42000000000000004 0.2575 0.41916666666666663 0.261875 0.4216666666666667 0.26375000000000004 0.425 0.25125000000000003 0.4416666666666667 0.236875 0.44666666666666666 0.24250000000000002 0.45916666666666667 0.248125 0.46333333333333326 0.254375 0.4666666666666667 0.24875000000000003 0.4766666666666667 0.244375 0.49416666666666664 0.246875 0.49833333333333335 0.254375 0.5116666666666666 0.24250000000000002 0.5291666666666667 0.24500000000000002 0.5341666666666667 0.24937500000000004 0.545 0.24562500000000004 0.5425 0.25625 0.5375 0.26125000000000004 0.5433333333333333 0.26625 0.55 0.265625 0.5516666666666666 0.263125 0.5583333333333333 0.26375000000000004 0.5641666666666667 0.25625 0.5675 0.26125000000000004 0.5683333333333334 0.25875000000000004 0.5725 0.25812500000000005 0.5708333333333333 0.248125 0.5825 0.23937500000000003 0.5958333333333333 0.238125 0.6058333333333333 0.241875 0.585 0.18937500000000002 0.5741666666666666 0.17875000000000002 0.5708333333333333 0.170625 0.5641666666666667 0.17 0.5549999999999999 0.164375 0.5458333333333333 0.164375 0.5366666666666666 0.170625 0.5233333333333333 0.16375 0.5141666666666667 0.16375 0.5058333333333334 0.16812500000000002 0.5008333333333332 0.16812500000000002 0.49333333333333335 0.164375 0.48166666666666663 0.16375 0.47000000000000003 0.170625 0.4683333333333334 0.16812500000000002 0.45583333333333337 0.16312500000000002 0.445 0.164375 0.43583333333333335 0.17 0.42333333333333334 0.164375 0.41833333333333333 0.164375 0.40499999999999997 0.17125 0.39666666666666667 0.170625 0.38916666666666666 0.18250000000000002 0.38333333333333336 0.186875 0.38333333333333336 0.19625 0.39 0.2125
0 0.13 0.6475000000000001 0.13583333333333333 0.649375 0.14750000000000002 0.64875 0.15666666666666668 0.6425000000000001 0.17166666666666666 0.640625 0.175 0.635625 0.19583333333333333 0.634375 0.19916666666666666 0.6375 0.20833333333333334 0.634375 0.23666666666666666 0.635 0.24416666666666664 0.63375 0.2475 0.6300000000000001 0.2625 0.6318750000000001 0.28250000000000003 0.629375 0.2891666666666667 0.625 0.30333333333333334 0.625 0.3058333333333333 0.623125 0.3283333333333333 0.6268750000000001 0.345 0.6212500000000001 0.37 0.623125 0.3983333333333333 0.619375 0.41083333333333333 0.6143750000000001 0.45583333333333337 0.6125 0.45666666666666667 0.596875 0.44749999999999995 0.560625 0.4425 0.5525 0.43666666666666665 0.5331250000000001 0.43 0.49250000000000005 0.4291666666666667 0.47000000000000003 0.42000000000000004 0.440625 0.41 0.4375 0.3975 0.4287500000000001 0.3908333333333333 0.43 0.38583333333333336 0.42750000000000005 0.3716666666666667 0.42562500000000003 0.35583333333333333 0.43062500000000004 0.3433333333333333 0.43062500000000004 0.3258333333333333 0.42750000000000005 0.3091666666666667 0.4325 0.30083333333333334 0.43187500000000006 0.2975 0.43375 0.27749999999999997 0.43187500000000006 0.265 0.43624999999999997 0.23166666666666663 0.43375 0.21333333333333332 0.43875000000000003 0.2033333333333333 0.43937499999999996 0.18833333333333332 0.43500000000000005 0.17583333333333334 0.434375 0.15416666666666667 0.4425 0.15 0.44625000000000004 0.14333333333333334 0.4600000000000001 0.13666666666666666 0.46312500000000006 0.1375 0.5725 0.13166666666666665 0.5831250000000001 0.13166666666666665 0.601875 0.12916666666666668 0.608125 0.12833333333333333 0.6412500000000001 0.13 0.6475000000000001
0 0.5233333333333333 0.803125 0.5216666666666667 0.8137500000000001 0.525 0.815625 0.5325 0.815625 0.6066666666666667 0.80375 0.6116666666666666 0.8 0.6258333333333332 0.77875 0.6108333333333333 0.77875 0.5991666666666666 0.7825 0.585 0.779375 0.575 0.7831250000000001 0.5575 0.784375 0.5358333333333334 0.789375 0.525 0.789375 0.5208333333333333 0.7931250000000001 0.5191666666666667 0.8 0.5233333333333333 0.803125
0 0.22666666666666666 0.98375 0.23166666666666663 0.984375 0.23333333333333334 0.9875 0.2533333333333333 0.999375 0.32166666666666666 0.999375 0.32416666666666666 0.996875 0.32916666666666666 0.996875 0.33249999999999996 0.999375 0.33333333333333337 0.9975000000000002 0.3516666666666667 0.9956250000000001 0.35833333333333334 0.9925 0.3908333333333333 0.9881250000000001 0.41500000000000004 0.9875 0.4533333333333333 0.9787500000000001 0.465 0.978125 0.4716666666666667 0.9737500000000001 0.47333333333333333 0.9643750000000001 0.4683333333333334 0.965625 0.4583333333333333 0.9631250000000001 0.4533333333333333 0.9650000000000001 0.4383333333333333 0.9650000000000001 0.4325 0.9625 0.43166666666666664 0.9600000000000002 0.42833333333333334 0.9668750000000002 0.42333333333333334 0.9662500000000002 0.4216666666666667 0.9693750000000001 0.41833333333333333 0.968125 0.41083333333333333 0.9725000000000001 0.40083333333333326 0.9725000000000001 0.3908333333333333 0.9631250000000001 0.38166666666666665 0.961875 0.3783333333333333 0.9631250000000001 0.3783333333333333 0.9706250000000001 0.37583333333333335 0.9725000000000001 0.36583333333333334 0.9725000000000001 0.3625 0.975 0.3591666666666667 0.971875 0.3516666666666667 0.9706250000000001 0.35083333333333333 0.965625 0.34833333333333333 0.9668750000000002 0.35083333333333333 0.9693750000000001 0.345 0.9725000000000001 0.3441666666666666 0.9775 0.3375 0.976875 0.3383333333333333 0.975 0.335 0.9787500000000001 0.33166666666666667 0.9787500000000001 0.32916666666666666 0.9775 0.3308333333333333 0.9731250000000001 0.3258333333333333 0.9706250000000001 0.3125 0.9731250000000001 0.305 0.9806250000000001 0.30833333333333335 0.9868750000000001 0.3075 0.9912500000000002 0.30333333333333334 0.9912500000000002 0.2966666666666667 0.9875 0.29833333333333334 0.9775 0.29333333333333333 0.971875 0.2866666666666667 0.9712500000000001 0.28500000000000003 0.976875 0.27749999999999997 0.9800000000000001 0.27749999999999997 0.98375 0.2733333333333333 0.9862500000000001 0.2683333333333333 0.983125 0.26916666666666667 0.976875 0.26166666666666666 0.984375 0.25666666666666665 0.9825000000000002 0.24666666666666667 0.98375 0.24166666666666664 0.98125 0.2308333333333333 0.98375 0.22583333333333333 0.9787500000000001 0.21916666666666665 0.9762500000000001 0.21583333333333332 0.9775 0.22666666666666666 0.98375
0 0.5058333333333334 0.7662500000000001 0.5116666666666666 0.7681250000000001 0.5225 0.765 0.525 0.76875 0.53 0.769375 0.5333333333333333 0.7681250000000001 0.5375 0.758125 0.5425 0.7550000000000001 0.5608333333333333 0.7525000000000001 0.5816666666666667 0.753125 0.5916666666666667 0.748125 0.6025 0.7518750000000001 0.6125 0.746875 0.6333333333333333 0.7456250000000001 0.6375 0.7425 0.65 0.743125 0.6641666666666667 0.7300000000000001 0.6708333333333333 0.72 0.64 0.71875 0.6116666666666666 0.7275 0.6066666666666667 0.7275 0.5983333333333334 0.7237500000000001 0.5891666666666666 0.728125 0.585 0.7275 0.5666666666666667 0.733125 0.5491666666666666 0.7325 0.5425 0.729375 0.5366666666666666 0.7325 0.525 0.73375 0.5191666666666667 0.7375 0.5083333333333333 0.73875 0.505 0.7412500000000001 0.5016666666666667 0.7475 0.5058333333333334 0.7662500000000001
0 0.8741666666666668 0.453125 0.8724999999999999 0.45 0.8716666666666667 0.453125 0.8741666666666668 0.453125
0 0.6916666666666667 0.39187500000000003 0.6991666666666666 0.40812499999999996 0.6991666666666666 0.4175 0.7066666666666667 0.42562500000000003 0.7133333333333333 0.43125 0.72 0.43 0.7408333333333333 0.44312500000000005 0.7441666666666666 0.43937499999999996 0.7508333333333332 0.44000000000000006 0.7533333333333333 0.4425 0.7516666666666667 0.449375 0.7583333333333333 0.45187499999999997 0.7641666666666667 0.459375 0.7741666666666667 0.46312500000000006 0.7816666666666666 0.47000000000000003 0.7841666666666667 0.468125 0.7849999999999999 0.47000000000000003 0.7899999999999999 0.460625 0.7933333333333333 0.465 0.8 0.46749999999999997 0.8066666666666666 0.46625000000000005 0.8133333333333332 0.46937500000000004 0.8208333333333334 0.46625000000000005 0.8258333333333333 0.46687500000000004 0.8541666666666666 0.46125 0.865 0.44875 0.8758333333333332 0.44750000000000006 0.8800000000000001 0.44000000000000006 0.89 0.441875 0.8966666666666667 0.43875000000000003 0.9008333333333333 0.43 0.9116666666666667 0.421875 0.9233333333333332 0.40750000000000003 0.9133333333333333 0.38312500000000005 0.8983333333333332 0.379375 0.8916666666666666 0.37 0.8866666666666667 0.366875 0.8766666666666666 0.36625 0.8658333333333333 0.35500000000000004 0.8550000000000001 0.35375 0.8491666666666667 0.34750000000000003 0.8425 0.34500000000000003 0.8275 0.34500000000000003 0.8225 0.33875 0.8141666666666666 0.334375 0.7858333333333334 0.34187500000000004 0.7758333333333333 0.34625000000000006 0.7649999999999999 0.354375 0.7508333333333332 0.35875 0.7433333333333334 0.36500000000000005 0.7175 0.37312500000000004 0.6958333333333333 0.38375000000000004 0.6916666666666667 0.386875 0.6916666666666667 0.39187500000000003
0 0.18833333333333332 0.34375 0.19416666666666665 0.33875 0.19083333333333333 0.340625 0.18916666666666665 0.338125 0.18083333333333335 0.3375 0.18166666666666667 0.3425 0.18833333333333332 0.34375
0 0.18833333333333332 0.33125 0.18583333333333335 0.33 0.185 0.33187500000000003 0.18833333333333332 0.33125
0 0.14750000000000002 0.41500000000000004 0.15333333333333332 0.4325 0.16499999999999998 0.42312500000000003 0.17083333333333334 0.42125 0.18166666666666667 0.42562500000000003 0.185 0.429375 0.195 0.4325 0.20750000000000002 0.43125 0.21166666666666667 0.42312500000000003 0.21833333333333332 0.42000000000000004 0.2308333333333333 0.42437500000000006 0.2325 0.428125 0.24333333333333332 0.43062500000000004 0.2558333333333333 0.4287500000000001 0.26 0.42062499999999997 0.265 0.41875 0.27 0.41937500000000005 0.2808333333333333 0.428125 0.29333333333333333 0.43 0.3025 0.426875 0.31083333333333335 0.428125 0.32166666666666666 0.425 0.34249999999999997 0.42562500000000003 0.34833333333333333 0.425 0.3491666666666667 0.42062499999999997 0.35833333333333334 0.41375 0.38 0.421875 0.38583333333333336 0.418125 0.38583333333333336 0.414375 0.39166666666666666 0.41375 0.3983333333333333 0.40812499999999996 0.4025 0.40812499999999996 0.39916666666666667 0.4131250000000001 0.4 0.42250000000000004 0.4083333333333333 0.42250000000000004 0.4141666666666667 0.42625 0.41833333333333333 0.42437500000000006 0.4225 0.43187500000000006 0.42666666666666664 0.43187500000000006 0.42333333333333334 0.43062500000000004 0.42750000000000005 0.42562500000000003 0.42833333333333334 0.418125 0.42333333333333334 0.3925 0.4125 0.36750000000000005 0.40750000000000003 0.34750000000000003 0.4033333333333333 0.3425 0.38583333333333336 0.333125 0.38416666666666666 0.32875 0.37666666666666665 0.323125 0.36583333333333334 0.32062500000000005 0.34833333333333333 0.32375000000000004 0.3466666666666667 0.32875 0.3416666666666667 0.32937500000000003 0.3383333333333333 0.333125 0.33333333333333337 0.33 0.3358333333333333 0.32875 0.33166666666666667 0.325625 0.33333333333333337 0.324375 0.3258333333333333 0.3225 0.3075 0.325 0.3 0.32375000000000004 0.29416666666666663 0.3275 0.28250000000000003 0.325625 0.2683333333333333 0.32875 0.2633333333333333 0.328125 0.26166666666666666 0.324375 0.25833333333333336 0.324375 0.2558333333333333 0.32937500000000003 0.24833333333333335 0.32625000000000004 0.2341666666666667 0.328125 0.22999999999999998 0.326875 0.22333333333333333 0.33 0.22000000000000003 0.32875 0.21833333333333332 0.33937500000000004 0.21083333333333334 0.34125 0.20416666666666666 0.335 0.2033333333333333 0.32875 0.19916666666666666 0.328125 0.19416666666666665 0.33125 0.19666666666666666 0.34125 0.20916666666666667 0.348125 0.20666666666666664 0.350625 0.20249999999999999 0.35125 0.19583333333333333 0.34875 0.19 0.350625 0.18583333333333335 0.35625 0.1775 0.350625 0.16416666666666666 0.35 0.15416666666666667 0.346875 0.1525 0.35625 0.15416666666666667 0.379375 0.14750000000000002 0.41500000000000004
0 0.5191666666666667 0.7987500000000001 0.5391666666666667 0.7887500000000001 0.5491666666666666 0.7881250000000001 0.5641666666666667 0.7818750000000001 0.6025 0.7837500000000001 0.6091666666666666 0.779375 0.6266666666666667 0.7768750000000001 0.64 0.763125 0.6516666666666666 0.7412500000000001 0.6408333333333334 0.7412500000000001 0.6366666666666666 0.74375 0.6258333333333332 0.7425 0.6058333333333333 0.74875 0.6008333333333333 0.7475 0.5983333333333334 0.744375 0.5991666666666666 0.7475 0.5908333333333333 0.7518750000000001 0.5875 0.7518750000000001 0.5841666666666667 0.7475 0.5783333333333334 0.75 0.5700000000000001 0.74875 0.5608333333333333 0.753125 0.5383333333333333 0.754375 0.5308333333333334 0.75875 0.5291666666666667 0.7625 0.525 0.7625 0.5216666666666667 0.7662500000000001 0.5158333333333334 0.7681250000000001 0.515 0.7731250000000001 0.5116666666666666 0.7725000000000001 0.5116666666666666 0.7862500000000001 0.5191666666666667 0.7987500000000001
0 0.22999999999999998 0.9850000000000001 0.2525 0.996875 0.2533333333333333 0.999375 0.325 0.999375 0.3258333333333333 0.9975000000000002 0.335 0.999375 0.3375 0.996875 0.3491666666666667 0.9962500000000001 0.3591666666666667 0.9918750000000001 0.4125 0.9875 0.4666666666666667 0.9775 0.4716666666666667 0.9737500000000001 0.47750000000000004 0.9625 0.49416666666666664 0.9425000000000001 0.4966666666666667 0.9337500000000001 0.48916666666666664 0.931875 0.47750000000000004 0.9325000000000001 0.45583333333333337 0.9375 0.4291666666666667 0.9356250000000002 0.4225 0.940625 0.41500000000000004 0.9393750000000001 0.41083333333333333 0.9418750000000001 0.40083333333333326 0.943125 0.38666666666666666 0.95375 0.38583333333333336 0.95 0.38 0.9487500000000001 0.37666666666666665 0.9450000000000001 0.3683333333333333 0.944375 0.3591666666666667 0.945625 0.3491666666666667 0.9506249999999999 0.3416666666666667 0.9487500000000001 0.31916666666666665 0.9493750000000001 0.30833333333333335 0.95375 0.2816666666666666 0.9556250000000001 0.255 0.9631250000000001 0.22166666666666668 0.9650000000000001 0.21166666666666667 0.968125 0.20916666666666667 0.9712500000000001 0.20750000000000002 0.968125 0.205 0.96875 0.215 0.9793750000000001 0.22999999999999998 0.9850000000000001
0 0.7658333333333334 0.5537500000000001 0.7683333333333333 0.565625 0.7775 0.579375 0.8 0.5650000000000001 0.8058333333333334 0.555625 0.82 0.5425000000000001 0.825 0.53125 0.8175000000000001 0.5318750000000001 0.805 0.529375 0.8 0.535625 0.7941666666666667 0.5325 0.7891666666666667 0.5325 0.7816666666666666 0.536875 0.7783333333333333 0.5337500000000001 0.7691666666666667 0.535 0.7649999999999999 0.5325 0.7658333333333334 0.52875 0.7616666666666666 0.529375 0.7616666666666666 0.55 0.7658333333333334 0.5537500000000001
0 0.8491666666666667 0.34500000000000003 0.8483333333333333 0.340625 0.845 0.34187500000000004 0.8491666666666667 0.34500000000000003
0 0.8666666666666666 0.33125 0.8708333333333333 0.3375 0.8691666666666666 0.35187500000000005 0.8733333333333333 0.35750000000000004 0.8758333333333332 0.355625 0.8733333333333333 0.35250000000000004 0.8758333333333332 0.34937500000000005 0.9041666666666666 0.34937500000000005 0.9066666666666666 0.344375 0.9108333333333333 0.34375 0.9108333333333333 0.34875 0.9183333333333333 0.35375 0.9125 0.35875 0.9141666666666666 0.36125 0.925 0.3625 0.9358333333333333 0.36 0.9366666666666668 0.353125 0.9525 0.35 0.9558333333333333 0.34625000000000006 0.9633333333333333 0.345625 0.9816666666666667 0.325625 0.9808333333333333 0.31125 0.9741666666666667 0.30812500000000004 0.9583333333333334 0.306875 0.9466666666666667 0.31 0.9408333333333333 0.30875 0.9283333333333333 0.3125 0.915 0.313125 0.9108333333333333 0.31 0.8866666666666667 0.30375 0.8766666666666666 0.311875 0.8591666666666666 0.31062500000000004 0.8566666666666667 0.3125 0.8583333333333334 0.32625000000000004 0.8666666666666666 0.33125
0 0.8225 0.3175 0.8283333333333334 0.3275 0.8416666666666666 0.33 0.8474999999999999 0.335625 0.8516666666666666 0.3325 0.8550000000000001 0.335 0.8608333333333332 0.334375 0.8508333333333333 0.326875 0.8508333333333333 0.31625000000000003 0.8483333333333333 0.31500000000000006 0.845 0.3175 0.845 0.32125000000000004 0.8383333333333333 0.32062500000000005 0.8375 0.303125 0.8241666666666667 0.30062500000000003 0.8216666666666667 0.3075 0.8175000000000001 0.30625 0.8141666666666666 0.31125 0.8225 0.3175
0 0.825 0.28984375 0.0015625 0.00078125
0 0.8175000000000001 0.296875 0.8191666666666666 0.28250000000000003 0.8158333333333333 0.28125 0.8191666666666666 0.27906250000000005 0.8191666666666666 0.275625 0.8166666666666667 0.275625 0.8125 0.290625 0.8175000000000001 0.296875
0 0.15583333333333332 0.9425000000000001 0.16166666666666668 0.9493750000000001 0.17916666666666667 0.9575000000000001 0.18583333333333335 0.9631250000000001 0.19916666666666666 0.9675 0.215 0.9675 0.225 0.9643750000000001 0.24500000000000002 0.9643750000000001 0.2816666666666666 0.95625 0.29500000000000004 0.9575000000000001 0.31916666666666665 0.9487500000000001 0.33416666666666667 0.9493750000000001 0.345 0.95625 0.3491666666666667 0.9550000000000001 0.3525 0.95 0.3625 0.9481250000000001 0.37583333333333335 0.9525 0.38 0.9506249999999999 0.40083333333333326 0.9543750000000001 0.40166666666666667 0.9493750000000001 0.41083333333333333 0.945625 0.4258333333333333 0.946875 0.43 0.945625 0.43083333333333335 0.9418750000000001 0.4425 0.9425000000000001 0.44833333333333336 0.9387500000000001 0.45666666666666667 0.9412499999999999 0.4708333333333333 0.9400000000000001 0.4766666666666667 0.936875 0.48083333333333333 0.9387500000000001 0.4875 0.934375 0.495 0.9349999999999999 0.505 0.9243750000000001 0.5166666666666667 0.900625 0.515 0.8981250000000001 0.51 0.8975 0.5083333333333333 0.8943749999999999 0.505 0.899375 0.5016666666666667 0.896875 0.495 0.899375 0.49416666666666664 0.9043750000000002 0.49083333333333334 0.90625 0.47333333333333333 0.90625 0.4658333333333333 0.9087500000000001 0.46333333333333326 0.911875 0.45666666666666667 0.9125 0.4541666666666667 0.9112500000000001 0.4525 0.9018750000000001 0.4458333333333333 0.9112500000000001 0.43916666666666665 0.905625 0.42750000000000005 0.911875 0.41833333333333333 0.90625 0.4141666666666667 0.9087500000000001 0.41083333333333333 0.905 0.40750000000000003 0.9075000000000001 0.4041666666666667 0.905625 0.3933333333333333 0.9125 0.39166666666666666 0.9087500000000001 0.385 0.905625 0.37666666666666665 0.921875 0.3575 0.9200000000000002 0.3516666666666667 0.9231250000000001 0.3416666666666667 0.9181250000000001 0.3383333333333333 0.920625 0.335 0.91625 0.3308333333333333 0.91875 0.31333333333333335 0.9175000000000001 0.31083333333333335 0.9193749999999999 0.29583333333333334 0.92125 0.28583333333333333 0.91625 0.2808333333333333 0.920625 0.27083333333333337 0.9225 0.26166666666666666 0.9275 0.24416666666666664 0.9275 0.23333333333333334 0.93 0.22083333333333335 0.9393750000000001 0.215 0.934375 0.2058333333333333 0.9349999999999999 0.20249999999999999 0.9387500000000001 0.1925 0.9356250000000002 0.18916666666666665 0.93125 0.17833333333333332 0.9387500000000001 0.17166666666666666 0.9375 0.16416666666666666 0.9400000000000001 0.16166666666666668 0.9349999999999999 0.14750000000000002 0.9356250000000002 0.14666666666666667 0.9387500000000001 0.15583333333333332 0.9425000000000001
0 0.185 0.9631250000000001 0.19166666666666668 0.9643750000000001 0.2058333333333333 0.9737500000000001 0.23333333333333334 0.9850000000000001 0.24916666666666668 0.9943750000000001 0.25916666666666666 0.9962500000000001 0.26166666666666666 0.999375 0.27083333333333337 0.9962500000000001 0.27416666666666667 0.996875 0.275 0.999375 0.29500000000000004 0.999375 0.29583333333333334 0.9975000000000002 0.30166666666666664 0.9975000000000002 0.30416666666666664 0.999375 0.305 0.9975000000000002 0.31083333333333335 0.9962500000000001 0.315 0.9962500000000001 0.32 0.999375 0.32416666666666666 0.9962500000000001 0.3516666666666667 0.9943750000000001 0.35666666666666663 0.9912500000000002 0.36666666666666664 0.990625 0.3725 0.9881250000000001 0.38666666666666666 0.9881250000000001 0.44333333333333336 0.9806250000000001 0.45583333333333337 0.9737500000000001 0.45499999999999996 0.976875 0.4666666666666667 0.9756250000000002 0.5016666666666667 0.93125 0.5083333333333333 0.9181250000000001 0.5083333333333333 0.911875 0.4875 0.9200000000000002 0.4525 0.920625 0.44416666666666665 0.9237500000000001 0.4333333333333333 0.920625 0.42416666666666664 0.920625 0.40499999999999997 0.930625 0.4 0.928125 0.39416666666666667 0.93125 0.38333333333333336 0.93 0.37666666666666665 0.9256249999999999 0.37083333333333335 0.9256249999999999 0.36666666666666664 0.9293750000000001 0.32416666666666666 0.9337500000000001 0.31666666666666665 0.931875 0.3158333333333333 0.9243750000000001 0.33166666666666667 0.92125 0.31916666666666665 0.9193749999999999 0.31 0.921875 0.315 0.925 0.31166666666666665 0.9331250000000001 0.29416666666666663 0.9393750000000001 0.27083333333333337 0.943125 0.2658333333333333 0.938125 0.2683333333333333 0.9375 0.2683333333333333 0.9331250000000001 0.2658333333333333 0.9331250000000001 0.265 0.93 0.26416666666666666 0.9337500000000001 0.26083333333333336 0.9325000000000001 0.25833333333333336 0.934375 0.2633333333333333 0.9349999999999999 0.26416666666666666 0.9375 0.2575 0.940625 0.2525 0.9475 0.24416666666666664 0.95 0.2375 0.9493750000000001 0.2341666666666667 0.951875 0.22916666666666666 0.951875 0.22416666666666668 0.9493750000000001 0.22416666666666668 0.9412499999999999 0.21916666666666665 0.9418750000000001 0.21333333333333332 0.938125 0.20916666666666667 0.938125 0.205 0.94375 0.19916666666666666 0.94625 0.1925 0.95625 0.175 0.9506249999999999 0.17083333333333334 0.9525 0.185 0.9631250000000001
0 0.8796875 0.3625 0.0015625 0.00078125
0 0.8949999999999999 0.35875 0.9041666666666666 0.355625 0.8966666666666667 0.355625 0.8975 0.35750000000000004 0.8949999999999999 0.35875
0 0.8933333333333333 0.35875 0.8891666666666665 0.35625 0.89 0.36062500000000003 0.8933333333333333 0.35875
0 0.796875 0.31484375 0.00078125 0.0015625
0 0.8099999999999999 0.30812500000000004 0.7991666666666666 0.3175 0.8016666666666665 0.32875 0.8083333333333333 0.3325 0.8016666666666665 0.334375 0.8133333333333332 0.33187500000000003 0.8166666666666667 0.32875 0.8241666666666667 0.328125 0.8266666666666665 0.334375 0.8375 0.34187500000000004 0.8425 0.34187500000000004 0.8466666666666667 0.34500000000000003 0.865 0.350625 0.8733333333333333 0.35875 0.8775000000000001 0.35625 0.875 0.35187500000000005 0.8783333333333333 0.35 0.9041666666666666 0.350625 0.9083333333333334 0.34875 0.9175000000000001 0.35250000000000004 0.9116666666666667 0.358125 0.9116666666666667 0.36125 0.925 0.36312500000000003 0.9283333333333333 0.359375 0.9349999999999999 0.356875 0.9383333333333332 0.35125 0.9525 0.34875 0.9550000000000001 0.344375 0.96 0.34500000000000003 0.9666666666666666 0.34187500000000004 0.9808333333333333 0.326875 0.9808333333333333 0.313125 0.9783333333333333 0.31062500000000004 0.97 0.30875 0.9550000000000001 0.3075 0.9458333333333334 0.31062500000000004 0.9358333333333333 0.3075 0.9316666666666666 0.309375 0.9141666666666666 0.309375 0.9008333333333333 0.306875 0.8958333333333334 0.303125 0.8866666666666667 0.30062500000000003 0.8766666666666666 0.303125 0.8766666666666666 0.306875 0.8733333333333333 0.30812500000000004 0.8691666666666666 0.30812500000000004 0.8666666666666666 0.303125 0.8525 0.30375 0.8416666666666666 0.3 0.8341666666666667 0.29375 0.8316666666666667 0.28687500000000005 0.8208333333333334 0.273125 0.8166666666666667 0.273125 0.8133333333333332 0.275625 0.8116666666666668 0.285625 0.8058333333333334 0.29125 0.8116666666666668 0.30125 0.8099999999999999 0.30812500000000004
0 0.3796875 0.9875 0.00234375 0.00078125
0 0.31333333333333335 0.9881250000000001 0.31416666666666665 0.9850000000000001 0.31 0.9800000000000001 0.31 0.9868750000000001 0.31333333333333335 0.9881250000000001
0 0.3140625 0.97421875 0.00078125 0.0015625
0 0.32666666666666666 0.9912500000000002 0.33249999999999996 0.9975000000000002 0.34750000000000003 0.9950000000000001 0.35083333333333333 0.9918750000000001 0.36666666666666664 0.9912500000000002 0.375 0.9875 0.36916666666666664 0.9850000000000001 0.3616666666666667 0.9856250000000001 0.35583333333333333 0.9737500000000001 0.34750000000000003 0.9756250000000002 0.345 0.9731250000000001 0.3416666666666667 0.9756250000000002 0.3383333333333333 0.9731250000000001 0.33416666666666667 0.9775 0.33166666666666667 0.9731250000000001 0.32999999999999996 0.9756250000000002 0.3275 0.9731250000000001 0.3308333333333333 0.9775 0.32666666666666666 0.9912500000000002
0 0.2058333333333333 0.974375 0.21000000000000002 0.975 0.21666666666666665 0.9806250000000001 0.22833333333333333 0.9818750000000002 0.22666666666666666 0.984375 0.22999999999999998 0.98375 0.25 0.999375 0.27083333333333337 0.999375 0.2758333333333333 0.9950000000000001 0.2866666666666667 0.9962500000000001 0.28833333333333333 0.999375 0.30833333333333335 0.999375 0.3075 0.9925 0.29333333333333333 0.99 0.28583333333333333 0.98375 0.2833333333333333 0.976875 0.27749999999999997 0.9762500000000001 0.2725 0.9731250000000001 0.26916666666666667 0.9756250000000002 0.2658333333333333 0.9731250000000001 0.2625 0.9737500000000001 0.25666666666666665 0.9800000000000001 0.24833333333333335 0.983125 0.2325 0.983125 0.22583333333333333 0.9756250000000002 0.21666666666666665 0.975 0.2125 0.9706250000000001 0.20750000000000002 0.9700000000000001 0.205 0.9700000000000001 0.2058333333333333 0.974375
0 0.9984375 0.234375 0.0015625 0.00078125
0 0.9908333333333333 0.215 0.9941666666666666 0.224375 0.9949999999999999 0.22000000000000003 0.9925 0.21750000000000003 0.9949999999999999 0.21625 0.99 0.21437500000000004 0.9916666666666666 0.213125 0.9883333333333333 0.21375000000000002 0.9833333333333334 0.21125000000000002 0.9833333333333334 0.21375000000000002 0.9908333333333333 0.215
0 0.975 0.213125 0.97 0.20812500000000003 0.9591666666666667 0.209375 0.96 0.21187499999999998 0.975 0.213125
0 0.9066666666666666 0.20875 0.9108333333333333 0.2125 0.9108333333333333 0.20812500000000003 0.9041666666666666 0.20812500000000003 0.9041666666666666 0.210625 0.9066666666666666 0.20875
0 0.8416666666666666 0.25250000000000006 0.8491666666666667 0.246875 0.8516666666666666 0.24937500000000004 0.86 0.25125000000000003 0.8608333333333332 0.260625 0.8658333333333333 0.25875000000000004 0.875 0.265 0.8658333333333333 0.273125 0.8558333333333333 0.27375000000000005 0.8525 0.27875 0.8483333333333333 0.27625 0.8483333333333333 0.28687500000000005 0.8558333333333333 0.28250000000000003 0.8591666666666666 0.285625 0.8658333333333333 0.283125 0.8716666666666667 0.28625 0.8724999999999999 0.28937500000000005 0.8766666666666666 0.2875 0.8891666666666665 0.2975 0.9141666666666666 0.296875 0.9283333333333333 0.28937500000000005 0.9333333333333333 0.29937500000000006 0.9458333333333334 0.3075 0.9650000000000001 0.30500000000000005 0.9766666666666666 0.30812500000000004 0.9875 0.30562500000000004 0.9949999999999999 0.30062500000000003 0.9949999999999999 0.29250000000000004 0.9891666666666665 0.28937500000000005 0.9925 0.28 0.9908333333333333 0.26875 0.9949999999999999 0.26375000000000004 0.9966666666666667 0.25250000000000006 0.9991666666666668 0.250625 0.9991666666666668 0.23937500000000003 0.9958333333333333 0.23562500000000003 0.9908333333333333 0.23875000000000002 0.9841666666666666 0.23500000000000001 0.9783333333333333 0.230625 0.9775 0.22687500000000002 0.9724999999999999 0.22749999999999998 0.97 0.23125 0.9625 0.2325 0.9508333333333333 0.23000000000000004 0.9324999999999999 0.230625 0.925 0.23374999999999999 0.9183333333333333 0.23125 0.9066666666666666 0.2325 0.905 0.22375000000000003 0.9008333333333333 0.22375000000000003 0.8975 0.215625 0.8941666666666667 0.215625 0.8891666666666665 0.22062500000000002 0.8841666666666667 0.215 0.8866666666666667 0.213125 0.8825 0.215 0.8808333333333334 0.21375000000000002 0.8808333333333334 0.20375000000000001 0.8758333333333332 0.19625 0.8724999999999999 0.19812500000000002 0.8691666666666666 0.195 0.8625 0.19437500000000002 0.8591666666666666 0.195625 0.8591666666666666 0.20375000000000001 0.8516666666666666 0.209375 0.8483333333333333 0.215 0.8491666666666667 0.228125 0.8466666666666667 0.23125 0.8408333333333333 0.23125 0.8341666666666667 0.24125000000000002 0.8316666666666667 0.25125000000000003 0.8416666666666666 0.25250000000000006
0 0.89 0.19812500000000002 0.8908333333333334 0.18875000000000003 0.8866666666666667 0.18375000000000002 0.8825 0.186875 0.8816666666666666 0.19437500000000002 0.89 0.19812500000000002
0 0.7725 0.5675000000000001 0.7758333333333333 0.579375 0.7791666666666667 0.579375 0.8 0.565625 0.805 0.556875 0.8183333333333334 0.5431250000000001 0.8191666666666666 0.539375 0.8066666666666666 0.5381250000000001 0.7925 0.541875 0.7666666666666667 0.54 0.7683333333333333 0.5643750000000001 0.7725 0.5675000000000001
0 0.2375 0.9887500000000001 0.2533333333333333 0.999375 0.32333333333333336 0.999375 0.3275 0.996875 0.33416666666666667 0.999375 0.335 0.9975000000000002 0.35 0.9962500000000001 0.35833333333333334 0.9925 0.39249999999999996 0.9881250000000001 0.41500000000000004 0.9875 0.45499999999999996 0.9787500000000001 0.4658333333333333 0.978125 0.4716666666666667 0.9737500000000001 0.475 0.965625 0.4875 0.9493750000000001 0.4875 0.945625 0.4791666666666667 0.95 0.47000000000000003 0.9481250000000001 0.4691666666666666 0.9512500000000002 0.4658333333333333 0.9525 0.46333333333333326 0.95 0.45583333333333337 0.9543750000000001 0.4525 0.9525 0.4525 0.9493750000000001 0.45166666666666666 0.951875 0.4458333333333333 0.9506249999999999 0.4408333333333333 0.9543750000000001 0.4375 0.9543750000000001 0.43083333333333335 0.95 0.425 0.96125 0.41583333333333333 0.9568749999999999 0.4083333333333333 0.96125 0.38333333333333336 0.9568749999999999 0.3625 0.959375 0.34833333333333333 0.9581250000000001 0.32083333333333336 0.9631250000000001 0.3175 0.9675 0.3075 0.968125 0.30083333333333334 0.971875 0.2966666666666667 0.9693750000000001 0.29416666666666663 0.9631250000000001 0.2791666666666667 0.9662500000000002 0.2783333333333333 0.9712500000000001 0.27 0.9712500000000001 0.265 0.96875 0.25416666666666665 0.974375 0.2308333333333333 0.9756250000000002 0.2225 0.9706250000000001 0.21416666666666667 0.971875 0.21416666666666667 0.978125 0.2375 0.9887500000000001
0 0.71 0.44125000000000003 0.7166666666666667 0.47750000000000004 0.7366666666666666 0.508125 0.7408333333333333 0.510625 0.7441666666666666 0.50125 0.7483333333333333 0.49750000000000005 0.7649999999999999 0.5050000000000001 0.7575000000000001 0.508125 0.7616666666666666 0.5112500000000001 0.7649999999999999 0.5075000000000001 0.775 0.5075000000000001 0.7758333333333333 0.513125 0.7783333333333333 0.51 0.7808333333333334 0.510625 0.7833333333333333 0.5125 0.78 0.515625 0.7858333333333334 0.5162500000000001 0.7899999999999999 0.5206250000000001 0.7933333333333333 0.5206250000000001 0.8 0.515 0.8074999999999999 0.51375 0.8175000000000001 0.5068750000000001 0.8416666666666666 0.5075000000000001 0.8558333333333333 0.49437500000000006 0.8699999999999999 0.47125000000000006 0.8699999999999999 0.46187500000000004 0.8766666666666666 0.4575 0.8783333333333333 0.4525 0.8691666666666666 0.45687500000000003 0.8658333333333333 0.45125000000000004 0.8616666666666667 0.460625 0.8483333333333333 0.464375 0.8416666666666666 0.46875 0.8324999999999999 0.47000000000000003 0.8175000000000001 0.480625 0.8099999999999999 0.479375 0.8033333333333333 0.48250000000000004 0.8 0.47875000000000006 0.7933333333333333 0.47875000000000006 0.7858333333333334 0.47125000000000006 0.7733333333333333 0.46625000000000005 0.745 0.4443750000000001 0.7341666666666666 0.440625 0.7191666666666666 0.43062500000000004 0.7091666666666667 0.43125 0.7024999999999999 0.42250000000000004 0.6958333333333333 0.4175 0.6933333333333334 0.41937500000000005 0.6958333333333333 0.4287500000000001 0.71 0.44125000000000003
0 0.8458333333333334 0.08125 0.8474999999999999 0.074375 0.8433333333333334 0.069375 0.8400000000000001 0.06875 0.8400000000000001 0.07312500000000001 0.8458333333333334 0.08125
0 0.8233333333333333 0.00875 0.8175000000000001 0.009375 0.8158333333333333 0.0125 0.8275 0.01875 0.8324999999999999 0.036875000000000005 0.8391666666666666 0.038125000000000006 0.8425 0.041875 0.8491666666666667 0.044375000000000005 0.8491666666666667 0.046875 0.8425 0.05 0.85 0.05500000000000001 0.845 0.060625000000000005 0.8491666666666667 0.058750000000000004 0.8591666666666666 0.0675 0.85 0.076875 0.8525 0.085 0.8658333333333333 0.095 0.8724999999999999 0.0925 0.8800000000000001 0.09437500000000001 0.8866666666666667 0.09125000000000001 0.89 0.093125 0.8941666666666667 0.09125000000000001 0.9041666666666666 0.09437500000000001 0.9099999999999999 0.09125000000000001 0.9125 0.09875 0.9091666666666667 0.098125 0.9083333333333334 0.103125 0.9108333333333333 0.10500000000000001 0.9166666666666666 0.10250000000000001 0.9133333333333333 0.1 0.9083333333333334 0.07625000000000001 0.9183333333333333 0.075 0.9183333333333333 0.07125000000000001 0.93 0.058125 0.9333333333333333 0.021875 0.95 0.010625 0.9675 0.009375 0.9783333333333333 0.005 0.9608333333333332 0.004375 0.9541666666666666 0 0.945 0 0.9441666666666666 0.0018750000000000004 0.9283333333333333 0.0037500000000000007 0.8958333333333334 0.0037500000000000007 0.8908333333333334 0 0.8800000000000001 0 0.8791666666666667 0.0018750000000000004 0.8516666666666666 0.005 0.8491666666666667 0.006875000000000001 0.8441666666666666 0.004375 0.8300000000000001 0.005 0.8275 0.006875000000000001 0.8241666666666667 0.003125 0.8175000000000001 0.0037500000000000007 0.8158333333333333 0.005625 0.8233333333333333 0.00875
0 0.6516666666666666 0.6881250000000001 0.6491666666666667 0.6881250000000001 0.6508333333333333 0.6900000000000001 0.6516666666666666 0.6881250000000001
0 0.5075000000000001 0.664375 0.5016666666666667 0.666875 0.4875 0.666875 0.495 0.6987500000000001 0.49416666666666664 0.7150000000000001 0.49749999999999994 0.7193750000000001 0.505 0.7150000000000001 0.5083333333333333 0.70875 0.5191666666666667 0.7081250000000001 0.5333333333333333 0.7025 0.5383333333333333 0.7037500000000001 0.5391666666666667 0.70125 0.5425 0.7037500000000001 0.5458333333333333 0.6987500000000001 0.5508333333333333 0.7025 0.5583333333333333 0.6993750000000001 0.5725 0.7 0.5775 0.7025 0.5775 0.706875 0.5841666666666667 0.706875 0.585 0.704375 0.5891666666666666 0.70625 0.5941666666666666 0.7037500000000001 0.5983333333333334 0.70625 0.6008333333333333 0.7037500000000001 0.6075 0.703125 0.61 0.6993750000000001 0.6191666666666666 0.695625 0.6341666666666667 0.6925000000000001 0.6366666666666666 0.68875 0.6333333333333333 0.685 0.6366666666666666 0.6825 0.6433333333333333 0.6831250000000001 0.6483333333333333 0.68125 0.6541666666666667 0.6831250000000001 0.6616666666666666 0.6825 0.6758333333333333 0.686875 0.6925 0.68625 0.6975 0.6825 0.6958333333333333 0.678125 0.7058333333333333 0.67125 0.7091666666666667 0.6612500000000001 0.7166666666666667 0.6525000000000001 0.715 0.646875 0.71 0.644375 0.6783333333333333 0.646875 0.6708333333333333 0.65 0.65 0.650625 0.6366666666666666 0.64875 0.6066666666666667 0.6525000000000001 0.5941666666666666 0.6518750000000001 0.5866666666666667 0.655625 0.5775 0.655 0.5608333333333333 0.6575 0.5558333333333334 0.65625 0.5541666666666667 0.65125 0.5408333333333333 0.65 0.5358333333333334 0.660625 0.5075000000000001 0.664375
0 0.525 0.8025 0.5216666666666667 0.8137500000000001 0.525 0.815625 0.5333333333333333 0.815625 0.6083333333333333 0.803125 0.6233333333333333 0.7825 0.6233333333333333 0.779375 0.6008333333333333 0.7825 0.5983333333333334 0.784375 0.5866666666666667 0.7818750000000001 0.5808333333333333 0.785625 0.5575 0.785625 0.5416666666666667 0.789375 0.5258333333333333 0.789375 0.5216666666666667 0.7931250000000001 0.5208333333333333 0.7987500000000001 0.525 0.8025
0 0.64 0.755625 0.64 0.7525000000000001 0.6383333333333333 0.753125 0.6366666666666666 0.758125 0.64 0.755625
0 0.53515625 0.69609375 0.00078125 0.00078125
0 0.6359375 0.6921875 0.00078125 0.0015625
0 0.6375 0.6825 0.6425 0.681875 0.6333333333333333 0.68125 0.6333333333333333 0.6881250000000001 0.6375 0.6825
0 0.6808333333333334 0.6681250000000001 0.6783333333333333 0.66625 0.6783333333333333 0.669375 0.6808333333333334 0.6681250000000001
0 0.49749999999999994 0.700625 0.49333333333333335 0.7025 0.49416666666666664 0.7225 0.5008333333333332 0.7393750000000001 0.5075000000000001 0.7775000000000001 0.5116666666666666 0.784375 0.525 0.774375 0.5491666666666666 0.771875 0.5633333333333332 0.7662500000000001 0.5700000000000001 0.765625 0.5875 0.7681250000000001 0.595 0.779375 0.6041666666666667 0.775 0.6075 0.765625 0.6166666666666667 0.7612500000000001 0.6174999999999999 0.7518750000000001 0.6224999999999999 0.7462500000000001 0.6333333333333333 0.74375 0.64 0.75 0.6466666666666667 0.748125 0.6916666666666667 0.693125 0.6925 0.6881250000000001 0.6983333333333334 0.6825 0.6991666666666666 0.6768750000000001 0.7075 0.664375 0.7033333333333334 0.661875 0.6883333333333332 0.664375 0.6841666666666667 0.6737500000000001 0.675 0.673125 0.6625 0.678125 0.6616666666666666 0.6900000000000001 0.6583333333333333 0.6925000000000001 0.6516666666666666 0.695625 0.6466666666666667 0.6943750000000001 0.6433333333333333 0.696875 0.6291666666666667 0.698125 0.6266666666666667 0.69375 0.6158333333333333 0.696875 0.6083333333333333 0.695625 0.6041666666666667 0.696875 0.5983333333333334 0.703125 0.5891666666666666 0.696875 0.5891666666666666 0.6943750000000001 0.6008333333333333 0.685625 0.5925 0.685 0.5808333333333333 0.685 0.5808333333333333 0.693125 0.5783333333333334 0.695625 0.58 0.6993750000000001 0.5741666666666666 0.703125 0.5683333333333334 0.7 0.5549999999999999 0.7025 0.55 0.698125 0.5425 0.6975 0.5408333333333333 0.6993750000000001 0.5308333333333334 0.695625 0.5033333333333333 0.69625 0.49416666666666664 0.6943750000000001 0.49416666666666664 0.698125 0.49749999999999994 0.700625
0 0.8625 0.33937500000000004 0.8616666666666667 0.33625000000000005 0.8574999999999999 0.33625000000000005 0.8583333333333334 0.34 0.8625 0.33937500000000004
0 0.8550000000000001 0.34875 0.8658333333333333 0.35187500000000005 0.8766666666666666 0.36375 0.8858333333333333 0.364375 0.9041666666666666 0.37062500000000004 0.9183333333333333 0.385 0.9208333333333334 0.390625 0.9275 0.395 0.9324999999999999 0.39437500000000003 0.9349999999999999 0.39187500000000003 0.9408333333333333 0.38125 0.9458333333333334 0.38 0.9458333333333334 0.37312500000000004 0.96 0.365625 0.9616666666666667 0.35750000000000004 0.9666666666666666 0.35625 0.9683333333333334 0.35250000000000004 0.9658333333333333 0.345625 0.9349999999999999 0.343125 0.9283333333333333 0.33687500000000004 0.9091666666666667 0.340625 0.8958333333333334 0.335 0.8833333333333334 0.338125 0.8766666666666666 0.345625 0.8691666666666666 0.34187500000000004 0.85 0.344375 0.8541666666666666 0.34500000000000003 0.8550000000000001 0.34875
0 0.9724999999999999 0.343125 0.9758333333333333 0.338125 0.975 0.33375000000000005 0.9724999999999999 0.33375000000000005 0.9658333333333333 0.340625 0.9658333333333333 0.344375 0.9724999999999999 0.343125
0 0.7525 0.5318750000000001 0.7725 0.571875 0.7733333333333333 0.555 0.7899999999999999 0.546875 0.8016666666666665 0.5493750000000001 0.8175000000000001 0.5425000000000001 0.8358333333333332 0.521875 0.8574999999999999 0.490625 0.8550000000000001 0.49000000000000005 0.8458333333333334 0.4956250000000001 0.8416666666666666 0.49437500000000006 0.8391666666666666 0.5006250000000001 0.8358333333333332 0.5018750000000001 0.8233333333333333 0.5018750000000001 0.8166666666666667 0.4987500000000001 0.8133333333333332 0.499375 0.8108333333333333 0.503125 0.8066666666666666 0.50125 0.8016666666666665 0.5018750000000001 0.7875 0.5075000000000001 0.7741666666666667 0.508125 0.7608333333333334 0.5006250000000001 0.7508333333333332 0.48625000000000007 0.7508333333333332 0.48937500000000006 0.7441666666666666 0.490625 0.7416666666666667 0.496875 0.7341666666666666 0.5 0.735 0.508125 0.7525 0.5318750000000001
0 0.7333333333333333 0.49437500000000006 0.7341666666666666 0.4912500000000001 0.73 0.4912500000000001 0.7316666666666667 0.484375 0.7274999999999999 0.484375 0.73 0.49437500000000006 0.7333333333333333 0.49437500000000006
0 0.86171875 0.4828125 0.00078125 0.0015625
0 0.4458333333333333 0.4831250000000001 0.4616666666666666 0.5381250000000001 0.4608333333333333 0.5537500000000001 0.4725 0.5987500000000001 0.47750000000000004 0.6118750000000001 0.48166666666666663 0.6162500000000001 0.515 0.6143750000000001 0.5291666666666667 0.6100000000000001 0.5491666666666666 0.6118750000000001 0.5858333333333333 0.60875 0.5983333333333334 0.6025 0.6016666666666667 0.6056250000000001 0.615 0.603125 0.6258333333333332 0.60375 0.6333333333333333 0.609375 0.6308333333333334 0.6118750000000001 0.6333333333333333 0.613125 0.64 0.6100000000000001 0.6416666666666667 0.60375 0.6458333333333333 0.6012500000000001 0.6558333333333334 0.6012500000000001 0.6575 0.603125 0.6641666666666667 0.599375 0.6766666666666666 0.6 0.6883333333333332 0.595 0.7091666666666667 0.590625 0.7208333333333333 0.591875 0.73 0.5893750000000001 0.7525 0.5893750000000001 0.7649999999999999 0.586875 0.7683333333333333 0.584375 0.7658333333333334 0.571875 0.7591666666666667 0.5631250000000001 0.7516666666666667 0.5431250000000001 0.7441666666666666 0.535625 0.7408333333333333 0.525625 0.7341666666666666 0.519375 0.7166666666666667 0.4831250000000001 0.7108333333333333 0.476875 0.71 0.46687500000000004 0.7008333333333333 0.453125 0.7 0.44625000000000004 0.6933333333333334 0.4375 0.6891666666666667 0.42625 0.6825 0.418125 0.6783333333333333 0.42062499999999997 0.67 0.410625 0.6641666666666667 0.40750000000000003 0.6475 0.40625 0.6333333333333333 0.41375 0.6266666666666667 0.41000000000000003 0.6116666666666666 0.40812499999999996 0.595 0.415625 0.5666666666666667 0.41187500000000005 0.5508333333333333 0.4175 0.5391666666666667 0.418125 0.5241666666666667 0.41500000000000004 0.5083333333333333 0.42062499999999997 0.4833333333333333 0.41875 0.4666666666666667 0.425 0.45499999999999996 0.425 0.4408333333333333 0.4375 0.4341666666666667 0.43875000000000003 0.4333333333333333 0.440625 0.43499999999999994 0.4575 0.4458333333333333 0.4831250000000001
0 0.515 0.7925000000000001 0.5183333333333333 0.795 0.53 0.795 0.5291666666666667 0.796875 0.5358333333333334 0.79125 0.5483333333333333 0.7931250000000001 0.5533333333333333 0.7875 0.5641666666666667 0.79 0.5675 0.785 0.575 0.7862500000000001 0.5808333333333333 0.7837500000000001 0.5891666666666666 0.785 0.5983333333333334 0.7831250000000001 0.605 0.785 0.6108333333333333 0.780625 0.6224999999999999 0.780625 0.6383333333333333 0.765 0.64 0.7575000000000001 0.6075 0.759375 0.595 0.7662500000000001 0.5875 0.7625 0.5675 0.764375 0.5558333333333334 0.7675000000000001 0.55 0.766875 0.545 0.77 0.5191666666666667 0.7725000000000001 0.5116666666666666 0.7775000000000001 0.5108333333333334 0.7837500000000001 0.515 0.7925000000000001
0 0.4916666666666667 0.70625 0.49416666666666664 0.72 0.49916666666666665 0.723125 0.515 0.718125 0.5358333333333334 0.715625 0.54 0.70875 0.5758333333333333 0.7106250000000001 0.5875 0.7075 0.6433333333333333 0.7025 0.6483333333333333 0.700625 0.6491666666666667 0.6943750000000001 0.6583333333333333 0.69375 0.6616666666666666 0.69125 0.67 0.6900000000000001 0.6775 0.6900000000000001 0.6799999999999999 0.691875 0.6775 0.69625 0.6833333333333333 0.698125 0.6875 0.695625 0.6825 0.6925000000000001 0.6833333333333333 0.6893750000000001 0.6975 0.685 0.6983333333333334 0.678125 0.7058333333333333 0.671875 0.7166666666666667 0.65125 0.7108333333333333 0.6456250000000001 0.6991666666666666 0.6481250000000001 0.6791666666666667 0.6481250000000001 0.6741666666666666 0.650625 0.6508333333333333 0.65125 0.6358333333333334 0.649375 0.6266666666666667 0.6518750000000001 0.595 0.653125 0.5875 0.6568750000000001 0.5625 0.6575 0.5525 0.660625 0.5491666666666666 0.6581250000000001 0.5508333333333333 0.653125 0.5425 0.650625 0.5383333333333333 0.661875 0.5083333333333333 0.66625 0.49749999999999994 0.67 0.4883333333333333 0.669375 0.49333333333333335 0.6943750000000001 0.4916666666666667 0.70625
0 0.9366666666666668 0.06375 0.9491666666666667 0.065 0.9616666666666667 0.051250000000000004 0.9666666666666666 0.051875000000000004 0.9741666666666667 0.058125 0.9833333333333334 0.0775 0.9833333333333334 0.09 0.9791666666666666 0.095625 0.9824999999999999 0.09875 0.9824999999999999 0.10375000000000001 0.9883333333333333 0.10875000000000001 0.9875 0.113125 0.9908333333333333 0.11875 0.9941666666666666 0.12000000000000002 0.9958333333333333 0.11125 0.9933333333333334 0.09625 0.9991666666666668 0.083125 0.9991666666666668 0.04625 0.9966666666666667 0.04375 0.9991666666666668 0.041875 0.9991666666666668 0.016875 0.9966666666666667 0.015625 0.9949999999999999 0.006875000000000001 0.9908333333333333 0.005 0.9816666666666667 0.01 0.9733333333333333 0.008125 0.97 0.010625 0.9658333333333333 0.008125 0.9533333333333334 0.011875 0.9416666666666667 0.011875 0.9416666666666667 0.01625 0.9341666666666667 0.025625000000000002 0.9324999999999999 0.036250000000000004 0.9366666666666668 0.06375
0 0.97734375 0.00546875 0.00078125 0.00078125
0 0.22000000000000003 0.24125000000000002 0.21833333333333332 0.23875000000000002 0.21333333333333332 0.23937500000000003 0.2125 0.24125000000000002 0.22000000000000003 0.24125000000000002
0 0.33999999999999997 0.23374999999999999 0.33416666666666667 0.23562500000000003 0.335 0.238125 0.33999999999999997 0.23374999999999999
0 0.2875 0.2375 0.29333333333333333 0.2375 0.2925 0.23312500000000003 0.29166666666666663 0.236875 0.2875 0.2375
0 0.3575 0.21625 0.35666666666666663 0.21937500000000001 0.36083333333333334 0.22000000000000003 0.35583333333333333 0.2125 0.3516666666666667 0.215 0.35 0.2125 0.35 0.215 0.3575 0.21625
0 0.16166666666666668 0.231875 0.16666666666666669 0.234375 0.16833333333333333 0.238125 0.175 0.23562500000000003 0.17833333333333332 0.22687500000000002 0.20666666666666664 0.22125 0.21583333333333332 0.22625 0.21833333333333332 0.23562500000000003 0.22083333333333335 0.23562500000000003 0.22083333333333335 0.23000000000000004 0.22416666666666668 0.22625 0.23166666666666663 0.224375 0.2308333333333333 0.23374999999999999 0.24416666666666664 0.234375 0.25166666666666665 0.24000000000000005 0.25833333333333336 0.24125000000000002 0.2733333333333333 0.23374999999999999 0.27 0.230625 0.265 0.230625 0.26083333333333336 0.23500000000000001 0.25666666666666665 0.23125 0.25416666666666665 0.2325 0.2533333333333333 0.22749999999999998 0.27666666666666667 0.22125 0.29333333333333333 0.22875 0.29166666666666663 0.22749999999999998 0.30333333333333334 0.21812499999999999 0.31 0.216875 0.32416666666666666 0.216875 0.3283333333333333 0.22125 0.33416666666666667 0.22312500000000002 0.33916666666666667 0.21937500000000001 0.32916666666666666 0.21750000000000003 0.3283333333333333 0.209375 0.33416666666666667 0.20500000000000002 0.3466666666666667 0.20249999999999999 0.35833333333333334 0.20375000000000001 0.3616666666666667 0.20625 0.36583333333333334 0.22000000000000003 0.37666666666666665 0.22125 0.38249999999999995 0.216875 0.38166666666666665 0.20625 0.37666666666666665 0.1925 0.36666666666666664 0.18625 0.3625 0.176875 0.3466666666666667 0.171875 0.32166666666666666 0.175 0.31083333333333335 0.174375 0.30166666666666664 0.17125 0.28833333333333333 0.175 0.28250000000000003 0.17875000000000002 0.27749999999999997 0.175 0.2683333333333333 0.17375000000000002 0.26 0.175 0.25833333333333336 0.18125 0.255 0.17750000000000002 0.25083333333333335 0.178125 0.2375 0.171875 0.2325 0.171875 0.2225 0.175 0.21333333333333332 0.181875 0.215 0.185625 0.21166666666666667 0.1875 0.1925 0.186875 0.185 0.19125 0.17916666666666667 0.18875000000000003 0.18 0.17875000000000002 0.17416666666666666 0.178125 0.17083333333333334 0.181875 0.16916666666666666 0.19 0.16083333333333333 0.195625 0.15916666666666665 0.206875 0.15916666666666665 0.22562500000000002 0.16166666666666668 0.231875
0 0.27999999999999997 0.999375 0.2808333333333333 0.9943750000000001 0.2783333333333333 0.99375 0.27666666666666667 0.9950000000000001 0.27999999999999997 0.999375
0 0.2841666666666667 0.9950000000000001 0.2891666666666667 0.9943750000000001 0.29333333333333333 0.9962500000000001 0.30666666666666664 0.9943750000000001 0.3025 0.99375 0.2966666666666667 0.9881250000000001 0.2925 0.9925 0.2841666666666667 0.9950000000000001
0 0.43916666666666665 0.9806250000000001 0.4383333333333333 0.9787500000000001 0.43666666666666665 0.9806250000000001 0.43916666666666665 0.9806250000000001
0 0.20750000000000002 0.9712500000000001 0.21416666666666667 0.976875 0.2225 0.978125 0.22416666666666668 0.9806250000000001 0.22666666666666666 0.978125 0.22916666666666666 0.9806250000000001 0.2325 0.9800000000000001 0.2325 0.98375 0.23500000000000001 0.9818750000000002 0.2341666666666667 0.9762500000000001 0.24666666666666667 0.9806250000000001 0.25833333333333336 0.9756250000000002 0.2658333333333333 0.975 0.27166666666666667 0.9800000000000001 0.27083333333333337 0.9818750000000002 0.2633333333333333 0.98375 0.2683333333333333 0.9868750000000001 0.2791666666666667 0.9850000000000001 0.2816666666666666 0.9793750000000001 0.28583333333333333 0.976875 0.29500000000000004 0.9825000000000002 0.2966666666666667 0.9862500000000001 0.29833333333333334 0.98375 0.30416666666666664 0.9850000000000001 0.30666666666666664 0.98375 0.3058333333333333 0.976875 0.32333333333333336 0.9706250000000001 0.32999999999999996 0.9737500000000001 0.3308333333333333 0.9775 0.3275 0.9806250000000001 0.33249999999999996 0.98375 0.3358333333333333 0.9825000000000002 0.3416666666666667 0.9731250000000001 0.3591666666666667 0.9725000000000001 0.3625 0.974375 0.37666666666666665 0.9725000000000001 0.38333333333333336 0.9700000000000001 0.38333333333333336 0.9650000000000001 0.39 0.9706250000000001 0.40750000000000003 0.975 0.41083333333333333 0.9725000000000001 0.41833333333333333 0.9731250000000001 0.4208333333333333 0.9706250000000001 0.4291666666666667 0.9737500000000001 0.4375 0.9575000000000001 0.44749999999999995 0.9625 0.4608333333333333 0.961875 0.4691666666666666 0.965625 0.4766666666666667 0.9625 0.49416666666666664 0.9425000000000001 0.5075000000000001 0.9168750000000001 0.49749999999999994 0.9168750000000001 0.4875 0.92125 0.4791666666666667 0.921875 0.47750000000000004 0.9256249999999999 0.46416666666666667 0.9268750000000001 0.45999999999999996 0.9243750000000001 0.45499999999999996 0.9275 0.4458333333333333 0.925 0.43499999999999994 0.9262500000000001 0.42833333333333334 0.9231250000000001 0.4225 0.9268750000000001 0.4141666666666667 0.9268750000000001 0.40750000000000003 0.9337500000000001 0.3983333333333333 0.9349999999999999 0.39583333333333337 0.9393750000000001 0.38 0.9349999999999999 0.37333333333333335 0.9275 0.36583333333333334 0.9349999999999999 0.3625 0.931875 0.35583333333333333 0.9325000000000001 0.3525 0.9356250000000002 0.36 0.9387500000000001 0.35416666666666663 0.9418750000000001 0.3416666666666667 0.9418750000000001 0.3375 0.9393750000000001 0.3383333333333333 0.9356250000000002 0.32666666666666666 0.93625 0.31416666666666665 0.9331250000000001 0.31 0.936875 0.27999999999999997 0.94375 0.26166666666666666 0.94375 0.2475 0.953125 0.24 0.9525 0.22666666666666666 0.9556250000000001 0.22083333333333335 0.9506249999999999 0.20833333333333334 0.9525 0.20249999999999999 0.9581250000000001 0.19916666666666666 0.9568749999999999 0.19 0.961875 0.18916666666666665 0.9631250000000001 0.20750000000000002 0.9712500000000001
0 0.505 0.760625 0.5091666666666667 0.759375 0.5066666666666666 0.765 0.5091666666666667 0.774375 0.5191666666666667 0.7768750000000001 0.55 0.771875 0.5625 0.7662500000000001 0.5883333333333333 0.7662500000000001 0.5908333333333333 0.7706250000000001 0.5900000000000001 0.778125 0.595 0.7825 0.6058333333333333 0.778125 0.6058333333333333 0.7681250000000001 0.6183333333333334 0.759375 0.64 0.759375 0.6591666666666667 0.733125 0.6633333333333333 0.7306250000000001 0.6691666666666667 0.72 0.6658333333333333 0.71875 0.6491666666666667 0.7212500000000001 0.64 0.7193750000000001 0.6275000000000001 0.7275 0.6125 0.73125 0.6008333333333333 0.728125 0.5983333333333334 0.7237500000000001 0.5883333333333333 0.72875 0.585 0.728125 0.5575 0.735625 0.55 0.7362500000000001 0.5408333333333333 0.7350000000000001 0.5391666666666667 0.733125 0.5283333333333333 0.73375 0.5233333333333333 0.7418750000000001 0.515 0.7412500000000001 0.5033333333333333 0.7456250000000001 0.5041666666666667 0.75875 0.505 0.760625
0 0.5825 0.71375 0.575 0.713125 0.5741666666666666 0.71625 0.5825 0.71375
0 0.5083333333333333 0.77625 0.5433333333333333 0.7725000000000001 0.5566666666666666 0.7681250000000001 0.5658333333333333 0.7625 0.5708333333333333 0.765625 0.585 0.765 0.5883333333333333 0.7625 0.5925 0.7681250000000001 0.5933333333333334 0.7775000000000001 0.5974999999999999 0.779375 0.6066666666666667 0.765 0.6141666666666666 0.7618750000000001 0.615 0.75125 0.63 0.7456250000000001 0.635 0.7462500000000001 0.6366666666666666 0.749375 0.6466666666666667 0.7475 0.6458333333333333 0.744375 0.6508333333333333 0.74375 0.6541666666666667 0.740625 0.6716666666666666 0.7206250000000001 0.6725 0.71625 0.6675 0.713125 0.6541666666666667 0.71625 0.6466666666666667 0.7125 0.6441666666666667 0.7150000000000001 0.64 0.7143750000000001 0.6283333333333333 0.7193750000000001 0.62 0.7193750000000001 0.6166666666666667 0.723125 0.6091666666666666 0.7237500000000001 0.6041666666666667 0.72 0.6091666666666666 0.71875 0.61 0.71625 0.6016666666666667 0.7143750000000001 0.6008333333333333 0.716875 0.595 0.7193750000000001 0.5891666666666666 0.7175 0.5916666666666667 0.71375 0.5875 0.7150000000000001 0.5866666666666667 0.713125 0.585 0.724375 0.575 0.72875 0.5566666666666666 0.729375 0.5425 0.723125 0.5325 0.729375 0.5291666666666667 0.728125 0.5258333333333333 0.7306250000000001 0.5025000000000001 0.735625 0.5008333333333332 0.7475 0.5083333333333333 0.77625
0 0.8109375 0.21640625 0.00234375 0.00078125
0 0.7641666666666667 0.181875 0.7775 0.19187500000000002 0.7791666666666667 0.19625 0.7858333333333334 0.20125 0.7908333333333333 0.20187500000000003 0.7966666666666666 0.20875 0.8025 0.206875 0.8074999999999999 0.20125 0.8166666666666667 0.19812500000000002 0.8266666666666665 0.20375000000000001 0.8316666666666667 0.20125 0.8400000000000001 0.20375000000000001 0.8441666666666666 0.20625 0.845 0.210625 0.8466666666666667 0.20500000000000002 0.8516666666666666 0.203125 0.8508333333333333 0.195625 0.8633333333333333 0.185 0.8641666666666665 0.175 0.8608333333333332 0.16875 0.8625 0.16812500000000002 0.8583333333333334 0.1675 0.8566666666666667 0.1625 0.8425 0.16062500000000002 0.8308333333333333 0.16187500000000002 0.8275 0.15687500000000001 0.82 0.15750000000000003 0.8108333333333333 0.155 0.8066666666666666 0.14375 0.7991666666666666 0.140625 0.7975 0.13625 0.7825 0.135 0.78 0.13687500000000002 0.7683333333333333 0.15125000000000002 0.7675 0.15875 0.7625 0.164375 0.7616666666666666 0.175625 0.7641666666666667 0.181875
0 0.62578125 0.27734375 0.00078125 0.003125
0 0.38333333333333336 0.18812500000000001 0.38333333333333336 0.19437500000000002 0.39916666666666667 0.24375 0.3983333333333333 0.25875000000000004 0.4058333333333334 0.28625 0.41083333333333333 0.2875 0.425 0.278125 0.44666666666666666 0.275 0.45666666666666667 0.27437500000000004 0.47000000000000003 0.27937500000000004 0.48583333333333334 0.27375000000000005 0.5016666666666667 0.273125 0.5083333333333333 0.275625 0.5358333333333334 0.26812500000000006 0.55 0.2725 0.5741666666666666 0.265 0.5833333333333333 0.2725 0.5883333333333333 0.2725 0.6091666666666666 0.265625 0.6224999999999999 0.273125 0.6191666666666666 0.25812500000000005 0.6033333333333333 0.23562500000000003 0.5925 0.21125000000000002 0.5916666666666667 0.203125 0.5816666666666667 0.185 0.5566666666666666 0.164375 0.545 0.164375 0.5358333333333334 0.170625 0.5275000000000001 0.165 0.52 0.16312500000000002 0.5116666666666666 0.164375 0.505 0.16812500000000002 0.4916666666666667 0.16375 0.48 0.16375 0.47000000000000003 0.170625 0.4616666666666666 0.164375 0.45666666666666667 0.16312500000000002 0.44666666666666666 0.16375 0.43666666666666665 0.16875 0.42416666666666664 0.164375 0.4175 0.164375 0.40499999999999997 0.17125 0.39666666666666667 0.17125 0.3933333333333333 0.175 0.38916666666666666 0.18375000000000002 0.38333333333333336 0.18812500000000001
0 0.49765625 0.70625 0.00078125 0.0015625
0 0.6833333333333333 0.685625 0.6849999999999999 0.6793750000000001 0.6783333333333333 0.6825 0.6783333333333333 0.685625 0.6833333333333333 0.685625
0 0.5325 0.6575 0.5283333333333333 0.661875 0.5 0.66625 0.4875 0.665625 0.49083333333333334 0.6875 0.49749999999999994 0.6987500000000001 0.5116666666666666 0.6943750000000001 0.5375 0.693125 0.5441666666666667 0.6950000000000001 0.55 0.6925000000000001 0.5533333333333333 0.6943750000000001 0.5566666666666666 0.6881250000000001 0.5675 0.68625 0.5766666666666667 0.6875 0.5791666666666667 0.6893750000000001 0.5783333333333334 0.6925000000000001 0.585 0.69375 0.5933333333333334 0.68875 0.595 0.685 0.6158333333333333 0.6831250000000001 0.6216666666666667 0.680625 0.6591666666666667 0.68 0.67 0.67625 0.6875 0.678125 0.7066666666666667 0.67 0.7083333333333333 0.6612500000000001 0.7166666666666667 0.654375 0.7166666666666667 0.6481250000000001 0.71 0.6431250000000001 0.6783333333333333 0.6456250000000001 0.6691666666666667 0.649375 0.6333333333333333 0.64875 0.6266666666666667 0.650625 0.5908333333333333 0.6518750000000001 0.585 0.655 0.5708333333333333 0.65625 0.5566666666666666 0.65625 0.5533333333333333 0.6518750000000001 0.5408333333333333 0.649375 0.5375 0.6575 0.5325 0.6575
0 0.26 0.9950000000000001 0.2625 0.9918750000000001 0.26749999999999996 0.9943750000000001 0.26166666666666666 0.990625 0.2575 0.9943750000000001 0.26 0.9950000000000001
0 0.24500000000000002 0.9875 0.24083333333333332 0.9862500000000001 0.24 0.9875 0.24500000000000002 0.9875
0 0.390625 0.984375 0.00078125 0.00078125
0 0.35083333333333333 0.98375 0.35 0.9806250000000001 0.34833333333333333 0.98375 0.35083333333333333 0.98375
0 0.42000000000000004 0.9806250000000001 0.4175 0.9800000000000001 0.41833333333333333 0.9818750000000002 0.42000000000000004 0.9806250000000001
0 0.42833333333333334 0.9818750000000002 0.4333333333333333 0.978125 0.4341666666666667 0.98125 0.43916666666666665 0.9806250000000001 0.44000000000000006 0.9775 0.4375 0.9756250000000002 0.42750000000000005 0.9787500000000001 0.42416666666666664 0.9806250000000001 0.42833333333333334 0.9818750000000002
0 0.39583333333333337 0.984375 0.4025 0.9818750000000002 0.4041666666666667 0.984375 0.4066666666666666 0.98375 0.40750000000000003 0.9731250000000001 0.4066666666666666 0.9800000000000001 0.39583333333333337 0.984375
0 0.205 0.9425000000000001 0.1925 0.9493750000000001 0.16833333333333333 0.9493750000000001 0.17333333333333334 0.95625 0.19833333333333333 0.9700000000000001 0.2325 0.984375 0.23583333333333334 0.984375 0.23833333333333334 0.9800000000000001 0.24583333333333335 0.9818750000000002 0.25833333333333336 0.9775 0.26166666666666666 0.9850000000000001 0.26666666666666666 0.9881250000000001 0.2791666666666667 0.9868750000000001 0.2816666666666666 0.9925 0.27749999999999997 0.9943750000000001 0.2791666666666667 0.999375 0.28250000000000003 0.996875 0.2966666666666667 0.996875 0.3091666666666667 0.9943750000000001 0.3258333333333333 0.9956250000000001 0.3275 0.9912500000000002 0.33166666666666667 0.9925 0.33166666666666667 0.9956250000000001 0.33249999999999996 0.993125 0.3375 0.9943750000000001 0.32999999999999996 0.9887500000000001 0.34249999999999997 0.984375 0.3433333333333333 0.974375 0.3775 0.9737500000000001 0.38166666666666665 0.9712500000000001 0.3808333333333333 0.9668750000000002 0.385 0.9625 0.3933333333333333 0.971875 0.40499999999999997 0.971875 0.4041666666666667 0.9668750000000002 0.4116666666666666 0.9625 0.4166666666666667 0.9668750000000002 0.4133333333333333 0.9700000000000001 0.4141666666666667 0.9737500000000001 0.42333333333333334 0.9712500000000001 0.4291666666666667 0.975 0.4325 0.9737500000000001 0.4291666666666667 0.9700000000000001 0.43666666666666665 0.9675 0.4383333333333333 0.9575000000000001 0.4491666666666666 0.961875 0.45916666666666667 0.9600000000000002 0.4683333333333334 0.9650000000000001 0.4666666666666667 0.974375 0.4708333333333333 0.9706250000000001 0.47000000000000003 0.9662500000000002 0.48 0.959375 0.4841666666666667 0.951875 0.49416666666666664 0.9425000000000001 0.5083333333333333 0.9181250000000001 0.5083333333333333 0.913125 0.49083333333333334 0.91875 0.47333333333333333 0.92125 0.45166666666666666 0.920625 0.445 0.9225 0.43916666666666665 0.9193749999999999 0.43166666666666664 0.91875 0.4041666666666667 0.92875 0.3975 0.9262500000000001 0.39249999999999996 0.9268750000000001 0.3908333333333333 0.925 0.3883333333333333 0.9275 0.38333333333333336 0.928125 0.375 0.925 0.36916666666666664 0.9256249999999999 0.365 0.9293750000000001 0.3466666666666667 0.93125 0.33333333333333337 0.93125 0.33249999999999996 0.92125 0.32333333333333336 0.9225 0.32166666666666666 0.9200000000000002 0.3225 0.9231250000000001 0.3183333333333333 0.9237500000000001 0.31416666666666665 0.9193749999999999 0.3091666666666667 0.921875 0.31166666666666665 0.925 0.31 0.9275 0.2966666666666667 0.936875 0.2833333333333333 0.9400000000000001 0.2725 0.9400000000000001 0.2683333333333333 0.9293750000000001 0.26416666666666666 0.928125 0.25833333333333336 0.931875 0.25666666666666665 0.9393750000000001 0.25166666666666665 0.94625 0.2375 0.94625 0.2341666666666667 0.9493750000000001 0.22833333333333333 0.9475 0.22666666666666666 0.9412499999999999 0.22000000000000003 0.940625 0.21333333333333332 0.93625 0.20916666666666667 0.936875 0.2058333333333333 0.9387500000000001 0.205 0.9425000000000001
0 0.7441666666666666 0.23875000000000002 0.7483333333333333 0.24125000000000002 0.7474999999999999 0.244375 0.7575000000000001 0.25 0.7675 0.261875 0.7691666666666667 0.256875 0.7733333333333333 0.2575 0.7758333333333333 0.261875 0.7825 0.25562500000000005 0.7875 0.255 0.7908333333333333 0.265 0.7891666666666667 0.2725 0.7858333333333334 0.27375000000000005 0.7825 0.270625 0.7766666666666666 0.273125 0.7725 0.270625 0.7675 0.271875 0.7683333333333333 0.278125 0.7825 0.28375000000000006 0.7891666666666667 0.27687500000000004 0.7925 0.27687500000000004 0.8033333333333333 0.26875 0.8016666666666665 0.261875 0.795 0.259375 0.7925 0.253125 0.7891666666666667 0.25125000000000003 0.7958333333333333 0.24875000000000003 0.8033333333333333 0.25125000000000003 0.8125 0.244375 0.82 0.24375 0.8241666666666667 0.238125 0.8275 0.24125000000000002 0.8341666666666667 0.2375 0.8358333333333332 0.22375000000000003 0.8400000000000001 0.22062500000000002 0.8400000000000001 0.21437500000000004 0.8525 0.20375000000000001 0.8558333333333333 0.195625 0.85 0.19125 0.8241666666666667 0.1925 0.8125 0.195625 0.8074999999999999 0.200625 0.8033333333333333 0.19375 0.7958333333333333 0.1925 0.7933333333333333 0.18937500000000002 0.7899999999999999 0.19125 0.7849999999999999 0.19 0.7849999999999999 0.185 0.7883333333333333 0.184375 0.7891666666666667 0.181875 0.7791666666666667 0.1675 0.7758333333333333 0.1675 0.7741666666666667 0.17312500000000003 0.7691666666666667 0.175625 0.7658333333333334 0.175 0.7616666666666666 0.17875000000000002 0.7533333333333333 0.19625 0.7491666666666666 0.216875 0.7433333333333334 0.2225 0.7424999999999999 0.234375 0.7441666666666666 0.23875000000000002
0 0.5175 0.796875 0.52 0.7975000000000001 0.5191666666666667 0.8006249999999999 0.5216666666666667 0.795625 0.5349999999999999 0.79125 0.5433333333333333 0.790625 0.55 0.795 0.5508333333333333 0.7931250000000001 0.5466666666666666 0.79 0.5625 0.7837500000000001 0.5916666666666667 0.7837500000000001 0.595 0.7862500000000001 0.6 0.7862500000000001 0.6058333333333333 0.785625 0.6083333333333333 0.7818750000000001 0.6158333333333333 0.77875 0.6233333333333333 0.779375 0.6408333333333334 0.7625 0.6425 0.754375 0.64 0.753125 0.6191666666666666 0.7575000000000001 0.6125 0.753125 0.6083333333333333 0.753125 0.6 0.755625 0.595 0.754375 0.5916666666666667 0.7575000000000001 0.5816666666666667 0.759375 0.5566666666666666 0.75875 0.5533333333333333 0.760625 0.5433333333333333 0.758125 0.5358333333333334 0.76 0.5291666666666667 0.765 0.5125 0.7681250000000001 0.5091666666666667 0.771875 0.5108333333333334 0.7862500000000001 0.5175 0.796875
0 0.6183333333333334 0.61375 0.6241666666666666 0.609375 0.6125 0.60875 0.6116666666666666 0.6125 0.6183333333333334 0.61375
0 0.48 0.639375 0.48916666666666664 0.6681250000000001 0.5075000000000001 0.6637500000000001 0.5216666666666667 0.6631250000000001 0.5333333333333333 0.655625 0.5475 0.659375 0.5558333333333334 0.6587500000000001 0.5633333333333332 0.655625 0.5825 0.655625 0.5974999999999999 0.65 0.6208333333333333 0.65125 0.64 0.6475000000000001 0.6766666666666666 0.6481250000000001 0.71 0.6431250000000001 0.7308333333333333 0.6425000000000001 0.7375 0.64 0.74 0.62875 0.7491666666666666 0.6225 0.75 0.6162500000000001 0.7566666666666666 0.6125 0.7625 0.6012500000000001 0.7649999999999999 0.588125 0.7308333333333333 0.5925 0.7091666666666667 0.590625 0.7041666666666667 0.593125 0.6916666666666667 0.5943750000000001 0.6808333333333334 0.6006250000000001 0.6725 0.6012500000000001 0.6675 0.608125 0.6541666666666667 0.6075 0.6458333333333333 0.609375 0.6333333333333333 0.6162500000000001 0.6141666666666666 0.61875 0.595 0.62 0.5916666666666667 0.61375 0.5599999999999999 0.6118750000000001 0.5566666666666666 0.615 0.55 0.6162500000000001 0.55 0.62 0.5416666666666667 0.621875 0.5325 0.610625 0.5166666666666667 0.6162500000000001 0.48 0.61875 0.47833333333333333 0.6206250000000001 0.4766666666666667 0.62375 0.48 0.639375
0 0.6433333333333333 0.22749999999999998 0.6541666666666667 0.22625 0.6591666666666667 0.230625 0.6566666666666666 0.23500000000000001 0.6608333333333334 0.23625000000000002 0.6716666666666666 0.23374999999999999 0.6783333333333333 0.238125 0.6783333333333333 0.240625 0.6816666666666666 0.24000000000000005 0.6925 0.2475 0.6991666666666666 0.24500000000000002 0.7066666666666667 0.24625000000000002 0.7133333333333333 0.24312500000000004 0.7175 0.244375 0.7233333333333334 0.23875000000000002 0.7283333333333333 0.22562500000000002 0.7291666666666667 0.21125000000000002 0.7233333333333334 0.21437500000000004 0.6816666666666666 0.21437500000000004 0.6783333333333333 0.216875 0.6658333333333333 0.21375000000000002 0.655 0.22062500000000002 0.6475 0.21812499999999999 0.6466666666666667 0.224375 0.6433333333333333 0.22749999999999998
0 0.6075 0.1325 0.6041666666666667 0.13875 0.605 0.14250000000000002 0.6133333333333333 0.140625 0.6258333333333332 0.15 0.625 0.155 0.62 0.15750000000000003 0.6158333333333333 0.178125 0.6191666666666666 0.17312500000000003 0.63 0.17750000000000002 0.6266666666666667 0.183125 0.6308333333333334 0.18937500000000002 0.625 0.19187500000000002 0.6241666666666666 0.20625 0.62 0.20750000000000002 0.6133333333333333 0.20249999999999999 0.6091666666666666 0.20625 0.6125 0.21750000000000003 0.62 0.21812499999999999 0.6266666666666667 0.224375 0.6333333333333333 0.224375 0.6358333333333334 0.215625 0.6383333333333333 0.215625 0.64 0.21875 0.64 0.213125 0.6483333333333333 0.206875 0.6491666666666667 0.20249999999999999 0.6575 0.20125 0.6608333333333334 0.19812500000000002 0.6641666666666667 0.19937500000000002 0.6708333333333333 0.1925 0.6825 0.19375 0.705 0.190625 0.7166666666666667 0.19937500000000002 0.7224999999999999 0.1975 0.73 0.19812500000000002 0.7341666666666666 0.20812500000000003 0.7383333333333333 0.20125 0.7383333333333333 0.19187500000000002 0.7516666666666667 0.16875 0.7616666666666666 0.13875 0.7641666666666667 0.12250000000000001 0.7583333333333333 0.11625 0.755 0.115625 0.7516666666666667 0.11875 0.7441666666666666 0.11875 0.7408333333333333 0.12250000000000001 0.7375 0.11937500000000001 0.7325 0.11875 0.6825 0.11875 0.6783333333333333 0.12312500000000001 0.6791666666666667 0.12687500000000002 0.6708333333333333 0.12250000000000001 0.6599999999999999 0.13 0.6575 0.134375 0.6533333333333333 0.133125 0.6541666666666667 0.13 0.6441666666666667 0.12625000000000003 0.6216666666666667 0.12687500000000002 0.6116666666666666 0.121875 0.6091666666666666 0.115625 0.6025 0.11937500000000001 0.6016666666666667 0.12312500000000001 0.6075 0.1325
0 0.6174999999999999 0.11374999999999999 0.6191666666666666 0.11625 0.6233333333333333 0.11125 0.6266666666666667 0.113125 0.6275000000000001 0.10875000000000001 0.6191666666666666 0.10625 0.6174999999999999 0.108125 0.6216666666666667 0.1125 0.6174999999999999 0.11374999999999999
0 0.6091666666666666 0.11000000000000001 0.6125 0.11187500000000002 0.6125 0.10687500000000001 0.6091666666666666 0.10500000000000001 0.6091666666666666 0.11000000000000001
0 0.9800000000000001 0.29812500000000003 0.9858333333333332 0.29812500000000003 0.9933333333333334 0.293125 0.9883333333333333 0.29125 0.9816666666666667 0.29250000000000004 0.9783333333333333 0.29625 0.9800000000000001 0.29812500000000003
0 0.9675 0.29000000000000004 0.9666666666666666 0.28875 0.9650000000000001 0.29000000000000004 0.9675 0.29000000000000004
0 0.9866666666666667 0.2875 0.9891666666666665 0.28625 0.9875 0.284375 0.985 0.28625 0.9866666666666667 0.2875
0 0.8666666666666666 0.25375000000000003 0.8658333333333333 0.25875000000000004 0.8683333333333334 0.25125000000000003 0.8641666666666665 0.25125000000000003 0.8666666666666666 0.25375000000000003
0 0.8766666666666666 0.25125000000000003 0.8716666666666667 0.250625 0.8716666666666667 0.253125 0.8766666666666666 0.25125000000000003
0 0.8175000000000001 0.28875 0.8216666666666667 0.28937500000000005 0.8208333333333334 0.29937500000000006 0.8241666666666667 0.306875 0.8316666666666667 0.30500000000000005 0.8375 0.30062500000000003 0.8416666666666666 0.30562500000000004 0.8550000000000001 0.31375000000000003 0.8608333333333332 0.31062500000000004 0.8699999999999999 0.31062500000000004 0.8758333333333332 0.31375000000000003 0.8866666666666667 0.31062500000000004 0.9075 0.31062500000000004 0.9183333333333333 0.314375 0.9316666666666666 0.313125 0.9358333333333333 0.31 0.9458333333333334 0.31375000000000003 0.9558333333333333 0.30875 0.9633333333333333 0.309375 0.97 0.306875 0.9824999999999999 0.315625 0.9875 0.31500000000000006 0.9949999999999999 0.3075 0.9941666666666666 0.30062500000000003 0.9916666666666666 0.29937500000000006 0.9891666666666665 0.304375 0.9833333333333334 0.304375 0.9741666666666667 0.29812500000000003 0.9625 0.2975 0.9583333333333334 0.29250000000000004 0.9425000000000001 0.283125 0.945 0.27937500000000004 0.9391666666666666 0.28 0.9383333333333332 0.28250000000000003 0.9341666666666667 0.28375000000000006 0.925 0.27875 0.9216666666666666 0.28125 0.9183333333333333 0.27875 0.9075 0.27875 0.9 0.27687500000000004 0.9008333333333333 0.275625 0.8949999999999999 0.28 0.89 0.27937500000000004 0.8891666666666665 0.275625 0.885 0.27875 0.8816666666666666 0.275 0.875 0.2775 0.8691666666666666 0.2775 0.8625 0.27375000000000005 0.8591666666666666 0.275625 0.8566666666666667 0.27375000000000005 0.8583333333333334 0.26875 0.8558333333333333 0.26375000000000004 0.8525 0.26375000000000004 0.8483333333333333 0.256875 0.8366666666666667 0.25125000000000003 0.835 0.246875 0.8316666666666667 0.24875000000000003 0.8300000000000001 0.25562500000000005 0.8216666666666667 0.261875 0.8150000000000001 0.275625 0.8133333333333332 0.283125 0.8175000000000001 0.28875
0 0.5183333333333333 0.8006249999999999 0.5233333333333333 0.803125 0.5216666666666667 0.8143750000000001 0.5316666666666666 0.815625 0.5458333333333333 0.811875 0.5641666666666667 0.81125 0.6058333333333333 0.80375 0.6108333333333333 0.8006249999999999 0.6283333333333333 0.775625 0.6158333333333333 0.7768750000000001 0.6125 0.775 0.5983333333333334 0.779375 0.5883333333333333 0.775625 0.5766666666666667 0.7775000000000001 0.5733333333333334 0.78125 0.5575 0.7837500000000001 0.5491666666666666 0.7831250000000001 0.54 0.7875 0.5216666666666667 0.7881250000000001 0.5175 0.7931250000000001 0.5183333333333333 0.8006249999999999
0 0.15333333333333332 0.381875 0.14833333333333334 0.414375 0.15083333333333332 0.43187500000000006 0.155 0.43187500000000006 0.1675 0.42374999999999996 0.17333333333333334 0.42374999999999996 0.19083333333333333 0.4325 0.21416666666666667 0.433125 0.22583333333333333 0.429375 0.2533333333333333 0.43062500000000004 0.265 0.42562500000000003 0.2875 0.429375 0.2966666666666667 0.429375 0.3025 0.426875 0.31083333333333335 0.428125 0.32083333333333336 0.425 0.3458333333333333 0.426875 0.355 0.425 0.3591666666666667 0.42062499999999997 0.37333333333333335 0.421875 0.38166666666666665 0.425 0.4 0.42312500000000003 0.41583333333333333 0.43187500000000006 0.42666666666666664 0.43125 0.42833333333333334 0.41375 0.4225 0.390625 0.4125 0.36812500000000004 0.40750000000000003 0.34625000000000006 0.4041666666666667 0.338125 0.4 0.335 0.40083333333333326 0.313125 0.3975 0.30125 0.3908333333333333 0.29812500000000003 0.38583333333333336 0.29875 0.38333333333333336 0.28625 0.3783333333333333 0.28250000000000003 0.36916666666666664 0.283125 0.3516666666666667 0.280625 0.33333333333333337 0.28500000000000003 0.315 0.281875 0.2991666666666667 0.28687500000000005 0.28250000000000003 0.28125 0.27416666666666667 0.280625 0.2683333333333333 0.28125 0.2558333333333333 0.28875 0.23833333333333334 0.28250000000000003 0.22749999999999998 0.28375000000000006 0.21000000000000002 0.29000000000000004 0.19416666666666665 0.2875 0.18 0.28875 0.17166666666666666 0.293125 0.1725 0.304375 0.16583333333333333 0.30812500000000004 0.15416666666666667 0.30875 0.1575 0.31 0.15416666666666667 0.3125 0.15583333333333332 0.3175 0.15166666666666667 0.324375 0.15416666666666667 0.335 0.15083333333333332 0.338125 0.15333333333333332 0.34125 0.15333333333333332 0.381875
0 0.22749999999999998 0.98125 0.23916666666666667 0.9881250000000001 0.24333333333333332 0.9881250000000001 0.24666666666666667 0.9856250000000001 0.24833333333333335 0.9875 0.24916666666666668 0.9825000000000002 0.25833333333333336 0.9806250000000001 0.26416666666666666 0.9875 0.2575 0.99375 0.26166666666666666 0.999375 0.2833333333333333 0.999375 0.28500000000000003 0.996875 0.28833333333333333 0.996875 0.29 0.999375 0.2991666666666667 0.9962500000000001 0.31416666666666665 0.9962500000000001 0.31916666666666665 0.999375 0.32666666666666666 0.993125 0.33166666666666667 0.993125 0.3308333333333333 0.9956250000000001 0.35 0.9950000000000001 0.3575 0.990625 0.36666666666666664 0.9912500000000002 0.3775 0.9881250000000001 0.3983333333333333 0.9875 0.4383333333333333 0.9825000000000002 0.4541666666666667 0.978125 0.4658333333333333 0.9775 0.4716666666666667 0.9731250000000001 0.5016666666666667 0.930625 0.5025000000000001 0.928125 0.49333333333333335 0.9256249999999999 0.5033333333333333 0.921875 0.49749999999999994 0.92125 0.4916666666666667 0.9262500000000001 0.45999999999999996 0.9325000000000001 0.4491666666666666 0.93 0.43666666666666665 0.9325000000000001 0.43166666666666664 0.93125 0.42333333333333334 0.9337500000000001 0.4141666666666667 0.9325000000000001 0.40750000000000003 0.9393750000000001 0.4 0.9400000000000001 0.3875 0.9450000000000001 0.37416666666666665 0.9425000000000001 0.3525 0.9475 0.34833333333333333 0.94625 0.3466666666666667 0.9481250000000001 0.3258333333333333 0.9493750000000001 0.31416666666666665 0.953125 0.31083333333333335 0.9568749999999999 0.3058333333333333 0.9543750000000001 0.2925 0.9543750000000001 0.2816666666666666 0.95625 0.2758333333333333 0.9606250000000001 0.2683333333333333 0.9600000000000002 0.26083333333333336 0.9637500000000001 0.25833333333333336 0.9675 0.25166666666666665 0.9693750000000001 0.24416666666666664 0.9650000000000001 0.2375 0.9650000000000001 0.2308333333333333 0.9700000000000001 0.22333333333333333 0.9668750000000002 0.21333333333333332 0.971875 0.21416666666666667 0.976875 0.22749999999999998 0.98125
0 0.5733333333333334 0.22000000000000003 0.5700000000000001 0.21875 0.5683333333333334 0.22062500000000002 0.5733333333333334 0.22000000000000003
0 0.5758333333333333 0.20625 0.5708333333333333 0.20437500000000003 0.5666666666666667 0.20625 0.5758333333333333 0.20625
0 0.4616666666666666 0.206875 0.45916666666666667 0.21000000000000002 0.4625 0.20625 0.45999999999999996 0.20375000000000001 0.4583333333333333 0.20625 0.4616666666666666 0.206875
0 0.38583333333333336 0.20625 0.3908333333333333 0.21187499999999998 0.4025 0.21625 0.40750000000000003 0.21375000000000002 0.4175 0.216875 0.4175 0.21187499999999998 0.42416666666666664 0.213125 0.4116666666666666 0.20437500000000003 0.42000000000000004 0.196875 0.425 0.195625 0.43583333333333335 0.196875 0.44333333333333336 0.20125 0.44666666666666666 0.20625 0.4583333333333333 0.19625 0.4725 0.19437500000000002 0.4766666666666667 0.196875 0.48083333333333333 0.20437500000000003 0.4916666666666667 0.20625 0.4916666666666667 0.213125 0.4958333333333333 0.213125 0.5008333333333332 0.209375 0.51 0.209375 0.5166666666666667 0.21125000000000002 0.5216666666666667 0.21625 0.53 0.21000000000000002 0.5358333333333334 0.20875 0.5483333333333333 0.19812500000000002 0.5508333333333333 0.20125 0.55 0.205625 0.5549999999999999 0.19812500000000002 0.5666666666666667 0.19437500000000002 0.5741666666666666 0.19375 0.58 0.19812500000000002 0.5833333333333333 0.20437500000000003 0.5875 0.206875 0.5916666666666667 0.20625 0.5891666666666666 0.195 0.5833333333333333 0.185625 0.5758333333333333 0.179375 0.5708333333333333 0.16812500000000002 0.5533333333333333 0.16312500000000002 0.5433333333333333 0.164375 0.5375 0.1675 0.5325 0.1675 0.52 0.1625 0.5108333333333334 0.16375 0.5058333333333334 0.16687500000000002 0.49000000000000005 0.16312500000000002 0.48083333333333333 0.16312500000000002 0.4708333333333333 0.1675 0.45666666666666667 0.1625 0.4491666666666666 0.1625 0.43916666666666665 0.1675 0.425 0.16375 0.4175 0.16375 0.4041666666666667 0.169375 0.39666666666666667 0.16875 0.3883333333333333 0.181875 0.38249999999999995 0.185625 0.38166666666666665 0.19312500000000002 0.38583333333333336 0.20625
0 0.9316666666666666 0.418125 0.9366666666666668 0.421875 0.9441666666666666 0.418125 0.9566666666666667 0.403125 0.9633333333333333 0.39937500000000004 0.9675 0.3925 0.9883333333333333 0.379375 0.9916666666666666 0.369375 0.9841666666666666 0.36625 0.9841666666666666 0.36187500000000006 0.9925 0.35187500000000005 0.9991666666666668 0.348125 0.9991666666666668 0.325 0.9949999999999999 0.32 0.9775 0.335625 0.97 0.33937500000000004 0.9625 0.350625 0.9625 0.355625 0.9491666666666667 0.36625 0.945 0.37625000000000003 0.9425000000000001 0.378125 0.9383333333333332 0.376875 0.9266666666666665 0.386875 0.9283333333333333 0.40875000000000006 0.9316666666666666 0.418125
0 0.9991666666666668 0.24875000000000003 0.9991666666666668 0.246875 0.9958333333333333 0.246875 0.9958333333333333 0.24875000000000003 0.9991666666666668 0.24875000000000003
0 0.8699999999999999 0.253125 0.8733333333333333 0.246875 0.8691666666666666 0.241875 0.8625 0.24375 0.8625 0.24937500000000004 0.8699999999999999 0.253125
0 0.8416666666666666 0.244375 0.8383333333333333 0.241875 0.8383333333333333 0.24625000000000002 0.8416666666666666 0.244375
0 0.8724999999999999 0.278125 0.8733333333333333 0.280625 0.89 0.280625 0.8949999999999999 0.27875 0.905 0.281875 0.9075 0.28500000000000003 0.9099999999999999 0.283125 0.93 0.284375 0.9341666666666667 0.288125 0.9349999999999999 0.2975 0.9383333333333332 0.3 0.9433333333333334 0.29937500000000006 0.9416666666666667 0.30375 0.9491666666666667 0.3075 0.9491666666666667 0.31 0.9566666666666667 0.30562500000000004 0.9591666666666667 0.30562500000000004 0.9591666666666667 0.3075 0.9608333333333332 0.30250000000000005 0.9766666666666666 0.309375 0.985 0.3 0.9883333333333333 0.30375 0.9875 0.29937500000000006 0.9766666666666666 0.3 0.9724999999999999 0.28875 0.9858333333333332 0.285625 0.9908333333333333 0.28 0.9916666666666666 0.271875 0.9891666666666665 0.26875 0.9958333333333333 0.261875 0.9966666666666667 0.253125 0.99 0.25250000000000006 0.9841666666666666 0.24937500000000004 0.9733333333333333 0.24875000000000003 0.9716666666666667 0.2475 0.9741666666666667 0.24375 0.97 0.24000000000000005 0.9666666666666666 0.24000000000000005 0.9650000000000001 0.24375 0.9591666666666667 0.246875 0.9491666666666667 0.2475 0.9458333333333334 0.24500000000000002 0.9324999999999999 0.24375 0.925 0.246875 0.9075 0.246875 0.905 0.248125 0.9008333333333333 0.26 0.89 0.25812500000000005 0.8766666666666666 0.25875000000000004 0.8783333333333333 0.27437500000000004 0.8724999999999999 0.278125
0 0.5083333333333333 0.7618750000000001 0.5083333333333333 0.76875 0.5158333333333334 0.769375 0.5208333333333333 0.7725000000000001 0.5433333333333333 0.77125 0.5616666666666666 0.764375 0.575 0.765625 0.5891666666666666 0.760625 0.5983333333333334 0.7662500000000001 0.6025 0.7618750000000001 0.6125 0.7618750000000001 0.6158333333333333 0.758125 0.6275000000000001 0.759375 0.6391666666666667 0.7575000000000001 0.65 0.746875 0.6633333333333333 0.7262500000000001 0.6541666666666667 0.725 0.635 0.726875 0.6308333333333334 0.7306250000000001 0.6191666666666666 0.7325 0.6133333333333333 0.735625 0.6091666666666666 0.735625 0.5983333333333334 0.7306250000000001 0.5925 0.73375 0.585 0.73375 0.5825 0.73875 0.5791666666666667 0.7375 0.5783333333333334 0.734375 0.5675 0.73875 0.5566666666666666 0.7375 0.5533333333333333 0.740625 0.5433333333333333 0.7375 0.5358333333333334 0.7425 0.5283333333333333 0.740625 0.52 0.745 0.5125 0.745 0.505 0.749375 0.5041666666666667 0.75875 0.5083333333333333 0.7618750000000001
0 0.31166666666666665 0.9081250000000001 0.31 0.906875 0.3091666666666667 0.9087500000000001 0.31166666666666665 0.9081250000000001
0 0.14583333333333331 0.9275 0.14333333333333334 0.934375 0.14583333333333331 0.9400000000000001 0.155 0.943125 0.16166666666666668 0.95 0.18583333333333335 0.961875 0.18916666666666665 0.961875 0.19833333333333333 0.9550000000000001 0.2058333333333333 0.953125 0.21749999999999997 0.95375 0.22583333333333333 0.9600000000000002 0.2375 0.9600000000000002 0.24 0.9550000000000001 0.25416666666666665 0.946875 0.26166666666666666 0.9450000000000001 0.2791666666666667 0.94625 0.2841666666666667 0.943125 0.29583333333333334 0.9450000000000001 0.2991666666666667 0.9418750000000001 0.31083333333333335 0.938125 0.3175 0.9375 0.32333333333333336 0.9425000000000001 0.3283333333333333 0.9418750000000001 0.3308333333333333 0.94375 0.35 0.94375 0.365 0.9400000000000001 0.39166666666666666 0.9412499999999999 0.40750000000000003 0.936875 0.41083333333333333 0.9337500000000001 0.43166666666666664 0.930625 0.4608333333333333 0.9325000000000001 0.48 0.928125 0.49416666666666664 0.9275 0.49749999999999994 0.925 0.5016666666666667 0.9256249999999999 0.5116666666666666 0.913125 0.5183333333333333 0.89875 0.5241666666666667 0.8943749999999999 0.525 0.883125 0.5216666666666667 0.881875 0.5241666666666667 0.8800000000000001 0.5216666666666667 0.8793750000000001 0.52 0.8875 0.515 0.885 0.505 0.889375 0.49916666666666665 0.8887500000000002 0.4875 0.89625 0.48 0.89625 0.47333333333333333 0.9 0.4666666666666667 0.89625 0.4541666666666667 0.8981250000000001 0.4491666666666666 0.89375 0.4375 0.8956250000000001 0.43166666666666664 0.89875 0.42750000000000005 0.89625 0.4091666666666667 0.899375 0.3933333333333333 0.899375 0.39 0.903125 0.38666666666666666 0.9 0.38333333333333336 0.9 0.37916666666666665 0.90625 0.3783333333333333 0.9168750000000001 0.37583333333333335 0.9200000000000002 0.36583333333333334 0.91625 0.3625 0.91875 0.3525 0.9193749999999999 0.345 0.9243750000000001 0.3416666666666667 0.9168750000000001 0.335 0.9125 0.32333333333333336 0.915625 0.31 0.9137500000000001 0.30666666666666664 0.9106250000000001 0.3 0.915625 0.29333333333333333 0.9125 0.2866666666666667 0.913125 0.27666666666666667 0.9193749999999999 0.25416666666666665 0.9200000000000002 0.2475 0.9225 0.2425 0.9200000000000002 0.24166666666666664 0.914375 0.2341666666666667 0.909375 0.2308333333333333 0.9037499999999999 0.21666666666666665 0.911875 0.21749999999999997 0.91625 0.2225 0.91875 0.22000000000000003 0.920625 0.22000000000000003 0.9262500000000001 0.2125 0.9275 0.20249999999999999 0.934375 0.19583333333333333 0.9256249999999999 0.17416666666666666 0.9268750000000001 0.16999999999999998 0.925 0.16833333333333333 0.92125 0.16333333333333333 0.92125 0.16083333333333333 0.9256249999999999 0.15583333333333332 0.9275 0.15083333333333332 0.9256249999999999 0.15083333333333332 0.921875 0.14750000000000002 0.921875 0.14666666666666667 0.9237500000000001 0.15 0.925 0.14583333333333331 0.9275