0 0.2703125 0.6563573883161513 0.2734375 0.6890034364261168 0.278125 0.7044673539518901 0.27734375 0.7233676975945018 0.28125 0.731958762886598 0.27890625 0.7560137457044674 0.284375 0.7697594501718215 0.2828125 0.7817869415807561 0.28671875 0.8006872852233677 0.2859375 0.8213058419243987 0.28984375 0.845360824742268 0.33359375 0.8539518900343642 0.3625 0.852233676975945 0.36953125 0.8247422680412372 0.3640625 0.7697594501718215 0.3609375 0.6786941580756014 0.35 0.6237113402061857 0.32734375 0.6219931271477663 0.32265625 0.6151202749140894 0.2828125 0.6134020618556701 0.2734375 0.6271477663230242 0.275 0.6357388316151203 0.2703125 0.6563573883161513
0 0.30625 0.55546875 0.00390625 0.0015625
0 0.265625 0.4859375 0.00078125 0.003125
0 0.7397103658536586 0.3198809823149778 0.753125 0.3178694158075602 0.75234375 0.30927835051546393 0.74453125 0.30927835051546393 0.7397103658536586 0.3198809823149778
0 0.7234375 0.3144329896907217 0.7171875 0.31615120274914094 0.71875 0.3230240549828179 0.7372596153846154 0.3202484800422945 0.72734375 0.3144329896907217 0.7265625 0.32130584192439865 0.7234375 0.3144329896907217
0 0.70234375 0.13230240549828182 0.70234375 0.140893470790378 0.69921875 0.14948453608247422 0.7015625 0.20103092783505155 0.696875 0.21477663230240554 0.696875 0.22508591065292097 0.69921875 0.2405498281786942 0.7046875 0.2525773195876289 0.70390625 0.2714776632302406 0.70078125 0.2800687285223368 0.70234375 0.2852233676975945 0.715625 0.29037800687285226 0.80546875 0.29037800687285226 0.8125 0.29553264604810997 0.8203125 0.2852233676975945 0.81796875 0.24914089347079038 0.8265625 0.2302405498281787 0.825 0.19587628865979384 0.83203125 0.17869415807560138 0.828125 0.13917525773195877 0.8359375 0.11855670103092783 0.834375 0.09450171821305843 0.82421875 0.10824742268041239 0.81875 0.09106529209621994 0.78671875 0.08934707903780069 0.78203125 0.07388316151202749 0.77578125 0.070446735395189 0.765625 0.08934707903780069 0.7578125 0.07731958762886598 0.7515625 0.07731958762886598 0.7453125 0.08934707903780069 0.73203125 0.07731958762886598 0.7234375 0.08934707903780069 0.71640625 0.08075601374570447 0.709375 0.08075601374570447 0.69765625 0.09965635738831616 0.696875 0.11512027491408935 0.70234375 0.13230240549828182
0 0.46484375 0.6512027491408936 0.46171875 0.6718213058419245 0.46171875 0.7164948453608248 0.4671875 0.8075601374570448 0.48515625 0.8075601374570448 0.4890625 0.8127147766323025 0.53359375 0.8127147766323025 0.54140625 0.8075601374570448 0.54375 0.8109965635738833 0.5421875 0.816151202749141 0.54765625 0.816151202749141 0.54765625 0.809278350515464 0.55546875 0.809278350515464 0.55703125 0.816151202749141 0.55625 0.7920962199312716 0.5609375 0.7611683848797252 0.5609375 0.7079037800687286 0.56015625 0.6804123711340206 0.55625 0.6597938144329898 0.55703125 0.6494845360824744 0.56015625 0.6443298969072165 0.56015625 0.5996563573883162 0.55625 0.5670103092783505 0.52578125 0.5601374570446735 0.46953125 0.5618556701030928 0.46328125 0.5670103092783505 0.4640625 0.5876288659793815 0.46015625 0.5962199312714777 0.459375 0.6357388316151203 0.46484375 0.6512027491408936
0 0.51171875 0.48359375 0.0015625 0.0015625
0 0.51171875 0.803125 0.0078125 0.0015625
0 0.5328125 0.8041237113402062 0.52578125 0.802405498281787 0.52890625 0.8075601374570448 0.5328125 0.8041237113402062
0 0.5421875 0.8075601374570448 0.540625 0.802405498281787 0.54375 0.8006872852233677 0.54609375 0.8075601374570448 0.54296875 0.7972508591065293 0.53828125 0.802405498281787 0.5421875 0.8075601374570448
0 0.48671875 0.802405498281787 0.48203125 0.7938144329896908 0.47578125 0.7972508591065293 0.4765625 0.8041237113402062 0.48671875 0.802405498281787
0 0.465625 0.7268041237113403 0.46328125 0.7474226804123713 0.4671875 0.7646048109965636 0.52734375 0.7663230240549829 0.53515625 0.7714776632302407 0.55 0.7714776632302407 0.55859375 0.7646048109965636 0.56015625 0.6735395189003437 0.55703125 0.6597938144329898 0.55703125 0.6426116838487973 0.52578125 0.6357388316151203 0.4765625 0.6374570446735396 0.4640625 0.6426116838487973 0.4609375 0.6958762886597938 0.465625 0.7268041237113403
0 0.24921875 0.422680412371134 0.246875 0.4347079037800688 0.25234375 0.4450171821305842 0.25546875 0.4742268041237113 0.3421875 0.4742268041237113 0.346875 0.46563573883161513 0.346875 0.443298969072165 0.3375 0.4123711340206186 0.33828125 0.3934707903780069 0.259375 0.3883161512027492 0.24453125 0.3934707903780069 0.24921875 0.422680412371134
0 0.3734375 0.27835051546391754 0.37265625 0.27491408934707906 0.3640625 0.27491408934707906 0.3734375 0.27835051546391754
0 0.2328125 0.2714776632302406 0.234375 0.3075601374570447 0.2375 0.31271477663230246 0.26171875 0.31615120274914094 0.26796875 0.3075601374570447 0.328125 0.3075601374570447 0.3359375 0.2972508591065292 0.3359375 0.27491408934707906 0.33125 0.2577319587628866 0.31953125 0.26460481099656363 0.2859375 0.2611683848797251 0.2546875 0.2680412371134021 0.23125 0.2628865979381444 0.2296875 0.2680412371134021 0.2328125 0.2714776632302406
0 0.35078125 0.7886597938144331 0.3484375 0.7869415807560138 0.3375 0.7886597938144331 0.35078125 0.7886597938144331
0 0.27265625 0.6597938144329898 0.27578125 0.6735395189003437 0.2734375 0.6907216494845361 0.27890625 0.7027491408934708 0.278125 0.725085910652921 0.28203125 0.7302405498281788 0.28203125 0.7508591065292097 0.284375 0.7577319587628867 0.31640625 0.7508591065292097 0.34140625 0.7611683848797252 0.3640625 0.7611683848797252 0.36328125 0.718213058419244 0.36015625 0.7061855670103093 0.36171875 0.6855670103092784 0.35703125 0.6512027491408936 0.35 0.6391752577319588 0.34921875 0.6219931271477663 0.2890625 0.6185567010309279 0.2734375 0.6288659793814434 0.27578125 0.6357388316151203 0.27265625 0.6597938144329898
0 0.46171875 0.6701030927835052 0.46171875 0.7130584192439863 0.4671875 0.8694158075601376 0.4953125 0.8762886597938145 0.559375 0.8762886597938145 0.5609375 0.8127147766323025 0.55859375 0.7920962199312716 0.5609375 0.7474226804123713 0.55859375 0.7371134020618557 0.56015625 0.6786941580756014 0.55625 0.6597938144329898 0.55703125 0.6426116838487973 0.52578125 0.6357388316151203 0.4765625 0.6374570446735396 0.46328125 0.6426116838487973 0.46484375 0.6580756013745706 0.46171875 0.6701030927835052
0 0.68203125 0.07560137457044674 0.68203125 0.05498281786941581 0.678125 0.051546391752577324 0.678125 0.06529209621993128 0.68203125 0.07560137457044674
0 0.56328125 0.7972508591065293 0.565625 0.816151202749141 0.5640625 0.8333333333333334 0.56640625 0.8419243986254296 0.5640625 0.8556701030927837 0.5671875 0.8694158075601376 0.6578125 0.8745704467353953 0.65859375 0.8230240549828179 0.6609375 0.8144329896907218 0.659375 0.7920962199312716 0.66171875 0.7817869415807561 0.66015625 0.7560137457044674 0.66328125 0.7439862542955327 0.6609375 0.7268041237113403 0.665625 0.7044673539518901 0.66484375 0.6649484536082475 0.6609375 0.6408934707903781 0.6578125 0.6357388316151203 0.65859375 0.6288659793814434 0.65234375 0.6219931271477663 0.66171875 0.6185567010309279 0.66484375 0.6116838487972509 0.6640625 0.5962199312714777 0.66953125 0.5945017182130584 0.66640625 0.5738831615120275 0.67265625 0.5601374570446735 0.6703125 0.5326460481099657 0.675 0.5154639175257733 0.67109375 0.48797250859106533 0.67734375 0.4742268041237113 0.675 0.443298969072165 0.6796875 0.42783505154639184 0.6765625 0.41580756013745707 0.6765625 0.39862542955326463 0.6828125 0.38487972508591073 0.6796875 0.36426116838487976 0.6859375 0.34192439862542956 0.68046875 0.3075601374570447 0.6875 0.2714776632302406 0.68671875 0.2577319587628866 0.69140625 0.2405498281786942 0.6859375 0.21649484536082478 0.68671875 0.2061855670103093 0.69296875 0.18900343642611686 0.69375 0.1357388316151203 0.68984375 0.11855670103092783 0.68828125 0.09106529209621994 0.69921875 0.07903780068728523 0.69921875 0.07216494845360825 0.68515625 0.08419243986254296 0.67734375 0.0859106529209622 0.67421875 0.08075601374570447 0.66484375 0.08934707903780069 0.66171875 0.0859106529209622 0.6625 0.06701030927835053 0.66796875 0.070446735395189 0.6671875 0.05670103092783506 0.67109375 0.058419243986254296 0.6734375 0.04810996563573884 0.67109375 0.03951890034364262 0.66328125 0.03951890034364262 0.6640625 0.04982817869415808 0.6609375 0.05326460481099656 0.64921875 0.03608247422680413 0.64296875 0.03608247422680413 0.640625 0.04639175257731959 0.63359375 0.04810996563573884 0.63046875 0.03951890034364262 0.6234375 0.03436426116838488 0.61875 0.03951890034364262 0.61953125 0.051546391752577324 0.6125 0.051546391752577324 0.60546875 0.04123711340206186 0.59921875 0.04639175257731959 0.596875 0.05498281786941581 0.59140625 0.05498281786941581 0.58828125 0.0429553264604811 0.58125 0.0429553264604811 0.58125 0.061855670103092786 0.58984375 0.08419243986254296 0.58125 0.09450171821305843 0.58125 0.11855670103092783 0.5734375 0.14776632302405499 0.5734375 0.19587628865979384 0.57734375 0.20446735395189006 0.571875 0.26632302405498287 0.57578125 0.3195876288659794 0.56796875 0.34536082474226804 0.56796875 0.365979381443299 0.5703125 0.3917525773195877 0.57578125 0.4037800687285224 0.56796875 0.4398625429553265 0.56796875 0.46735395189003437 0.575 0.48797250859106533 0.5671875 0.5189003436426117 0.56640625 0.5498281786941581 0.57109375 0.570446735395189 0.5671875 0.5945017182130584 0.56640625 0.6271477663230242 0.5703125 0.6529209621993128 0.5640625 0.6890034364261168 0.565625 0.7491408934707905 0.56328125 0.7972508591065293
0 0.66953125 0.8917525773195877 0.7640625 0.8917525773195877 0.7625 0.8608247422680414 0.675 0.8539518900343642 0.6640625 0.8573883161512029 0.66328125 0.8814432989690723 0.66953125 0.8917525773195877
0 0.7140625 0.82734375 0.00078125 0.0015625
0 0.6921875 0.5446735395189004 0.69296875 0.5549828178694158 0.71171875 0.5549828178694158 0.71328125 0.5463917525773196 0.71640625 0.5446735395189004 0.71640625 0.5532646048109966 0.72109375 0.5549828178694158 0.72734375 0.5446735395189004 0.72630234375 0.5532646048109966 0.74296875 0.5567010309278351 0.7671875 0.5532646048109966 0.76875 0.5481099656357389 0.77578125 0.5515463917525774 0.775 0.5446735395189004 0.7796875 0.5515463917525774 0.78359375 0.5463917525773196 0.7828125 0.5412371134020619 0.7703125 0.5446735395189004 0.76875 0.534364261168385 0.759375 0.5395189003436427 0.7375 0.534364261168385 0.71171875 0.5446735395189004 0.71015625 0.5378006872852235 0.70390625 0.5378006872852235 0.70234375 0.5326460481099657 0.69921875 0.5412371134020619 0.6921875 0.5378006872852235 0.69296875 0.5429553264604812 0.68515625 0.5463917525773196 0.68671875 0.5532646048109966 0.6921875 0.5446735395189004
0 0.6859375 0.4209621993127148 0.6890625 0.44158075601374575 0.6828125 0.46219931271477666 0.68828125 0.48453608247422686 0.68515625 0.4965635738831615 0.68515625 0.5120274914089348 0.6890625 0.520618556701031 0.71484375 0.5154639175257733 0.7859375 0.5189003436426117 0.79609375 0.5085910652920963 0.7953125 0.48453608247422686 0.80234375 0.47594501718213056 0.8 0.44158075601374575 0.8078125 0.42783505154639184 0.8046875 0.4072164948453609 0.80625 0.3917525773195877 0.8109375 0.3780068728522337 0.80703125 0.3694158075601375 0.80703125 0.3539518900343643 0.80390625 0.3505154639175258 0.80390625 0.3384879725085911 0.8015625 0.33676975945017185 0.77109375 0.3350515463917526 0.7625 0.34192439862542956 0.7078125 0.3384879725085911 0.69296875 0.34192439862542956 0.6921875 0.34879725085910657 0.7015625 0.3625429553264605 0.703125 0.37457044673539525 0.6890625 0.38316151202749144 0.6875 0.39003436426116844 0.68828125 0.4072164948453609 0.6859375 0.4209621993127148
0 0.66796875 0.42783505154639184 0.675 0.42439862542955326 0.6640625 0.41924398625429554 0.66328125 0.42439862542955326 0.66796875 0.42783505154639184
0 0.64375 0.41924398625429554 0.646875 0.41408934707903783 0.64375 0.41065292096219935 0.6359375 0.41408934707903783 0.64375 0.41924398625429554
0 0.6296875 0.41171875 0.00078125 0.0015625
0 0.57109375 0.3883161512027492 0.5765625 0.3917525773195877 0.61796875 0.38487972508591073 0.67265625 0.38659793814432997 0.68359375 0.3814432989690722 0.6828125 0.34879725085910657 0.6859375 0.34536082474226804 0.68671875 0.3350515463917526 0.68125 0.3178694158075602 0.68203125 0.29896907216494845 0.66171875 0.2920962199312715 0.60859375 0.29381443298969073 0.5765625 0.302405498281787 0.57734375 0.31271477663230246 0.56953125 0.34879725085910657 0.56796875 0.37972508591065296 0.57109375 0.3883161512027492
0 0.2453125 0.075 0.00078125 0.0015625
0 0.2234375 0.13230240549828182 0.221875 0.17010309278350516 0.22890625 0.18213058419243988 0.22578125 0.20962199312714777 0.22734375 0.22336769759450173 0.2328125 0.23539518900343642 0.23046875 0.2680412371134021 0.2328125 0.2714776632302406 0.23671875 0.31271477663230246 0.240625 0.3264604810996564 0.2390625 0.35223367697594504 0.24609375 0.36769759450171824 0.24609375 0.39518900343642616 0.25078125 0.42439862542955326 0.25859375 0.43814432989690727 0.25625 0.44673539518900346 0.25703125 0.4639175257731959 0.2609375 0.46735395189003437 0.28203125 0.4587628865979382 0.290625 0.4639175257731959 0.28515625 0.4587628865979382 0.28984375 0.443298969072165 0.29296875 0.443298969072165 0.29609375 0.4639175257731959 0.303125 0.4553264604810997 0.30546875 0.46219931271477666 0.31171875 0.4604810996563574 0.31171875 0.4450171821305842 0.315625 0.44158075601374575 0.315625 0.43298969072164956 0.3234375 0.4312714776632303 0.32265625 0.42439862542955326 0.328125 0.4209621993127148 0.3296875 0.41408934707903783 0.3265625 0.3934707903780069 0.33671875 0.3883161512027492 0.33984375 0.3780068728522337 0.33828125 0.35738831615120276 0.33359375 0.3402061855670103 0.33359375 0.3247422680412372 0.32890625 0.30927835051546393 0.33359375 0.288659793814433 0.3328125 0.27491408934707906 0.325 0.24742268041237114 0.325 0.21821305841924402 0.328125 0.21305841924398625 0.328125 0.19243986254295536 0.31796875 0.1512027491408935 0.31796875 0.1288659793814433 0.32109375 0.11683848797250859 0.31953125 0.10996563573883163 0.32890625 0.09278350515463918 0.328125 0.07903780068728523 0.31953125 0.07216494845360825 0.3125 0.08075601374570447 0.31484375 0.0859106529209622 0.3109375 0.09106529209621994 0.30859375 0.08419243986254296 0.29921875 0.08247422680412372 0.296875 0.07560137457044674 0.2921875 0.08247422680412372 0.2890625 0.07731958762886598 0.28046875 0.08419243986254296 0.278125 0.08075601374570447 0.278125 0.08762886597938145 0.27421875 0.09106529209621994 0.2734375 0.08419243986254296 0.2640625 0.07388316151202749 0.25625 0.08075601374570447 0.24296875 0.07903780068728523 0.23828125 0.0859106529209622 0.22734375 0.08762886597938145 0.22734375 0.10137457044673541 0.2203125 0.09450171821305843 0.2171875 0.09793814432989692 0.21640625 0.11855670103092783 0.2234375 0.13230240549828182
0 0.4890625 0.4690721649484536 0.48203125 0.46563573883161513 0.4796875 0.4690721649484536 0.4890625 0.4690721649484536
0 0.559375 0.46328125 0.00078125 0.0015625
0 0.53515625 0.4725085910652921 0.54375 0.4725085910652921 0.54609375 0.46735395189003437 0.55390625 0.4725085910652921 0.55546875 0.46735395189003437 0.553125 0.46219931271477666 0.55 0.46735395189003437 0.54921875 0.46219931271477666 0.54375 0.46735395189003437 0.54140625 0.46219931271477666 0.53125 0.46563573883161513 0.53046875 0.4690721649484536 0.53515625 0.4725085910652921
0 0.47265625 0.46563573883161513 0.46484375 0.46219931271477666 0.4609375 0.4690721649484536 0.4671875 0.47079037800687284 0.47265625 0.46563573883161513
0 0.4515625 0.3470790378006873 0.45390625 0.372852233676976 0.45234375 0.3934707903780069 0.459375 0.4037800687285224 0.46015625 0.4347079037800688 0.47421875 0.4398625429553265 0.55859375 0.4312714776632303 0.55703125 0.4123711340206186 0.55234375 0.40549828178694164 0.5640625 0.3934707903780069 0.5640625 0.34879725085910657 0.56015625 0.3247422680412372 0.56015625 0.302405498281787 0.5296875 0.29553264604810997 0.51875 0.30068728522336774 0.471875 0.29553264604810997 0.45703125 0.3041237113402062 0.45703125 0.3264604810996564 0.4515625 0.3470790378006873
0 0.45859375 0.3075601374570447 0.46640625 0.29896907216494845 0.56015625 0.30068728522336774 0.56484375 0.2920962199312715 0.56640625 0.26460481099656363 0.56640625 0.2508591065292097 0.56015625 0.22508591065292097 0.55546875 0.22508591065292097 0.55234375 0.20962199312714777 0.5453125 0.20446735395189006 0.532421875 0.20962199312714777 0.53046875 0.21649484536082478 0.528125 0.20962199312714777 0.52421875 0.211340206185567 0.51875 0.22336769759450173 0.515625 0.2216494845360825 0.51640625 0.20962199312714777 0.509375 0.20446735395189006 0.46640625 0.20790378006872853 0.45625 0.21993127147766325 0.45546875 0.23711340206185566 0.4515625 0.24914089347079038 0.45078125 0.29896907216494845 0.45859375 0.3075601374570447
0 0.671875 0.6168384879725086 0.67578125 0.6735395189003437 0.678125 0.6786941580756014 0.671875 0.6907216494845361 0.67578125 0.7164948453608248 0.7390625 0.7164948453608248 0.76875 0.7216494845360826 0.77734375 0.718213058419244 0.77578125 0.7027491408934708 0.771875 0.6958762886597938 0.77265625 0.6855670103092784 0.765625 0.6786941580756014 0.76484375 0.6649484536082475 0.77890625 0.6563573883161513 0.78046875 0.6477663230240551 0.7875 0.6391752577319588 0.78359375 0.6134020618556701 0.790625 0.6013745704467355 0.790625 0.5962199312714777 0.7859375 0.577319587628866 0.78828125 0.5670103092783505 0.79453125 0.5601374570446735 0.78984375 0.5446735395189004 0.78984375 0.5223367697594502 0.721875 0.5171821305841925 0.69140625 0.5223367697594502 0.6875 0.5257731958762888 0.69296875 0.5360824742268042 0.690625 0.5429553264604812 0.69140625 0.5549828178694158 0.6890625 0.5498281786941581 0.67890625 0.5567010309278351 0.678125 0.6030927835051547 0.671875 0.6168384879725086
0 0.7390625 0.48797250859106533 0.74453125 0.4828178694158076 0.73671875 0.4828178694158076 0.734375 0.48453608247422686 0.7390625 0.48797250859106533
0 0.47421875 0.23539518900343642 0.4703125 0.23367697594501718 0.465625 0.2405498281786942 0.47421875 0.23539518900343642
0 0.50234375 0.23203125 0.0046875 0.003125
0 0.5109375 0.2296875 0.00078125 0.00546875
0 0.54296875 0.22852233676975947 0.546875 0.22336769759450173 0.54609375 0.21993127147766325 0.5390625 0.21993127147766325 0.54296875 0.22852233676975947
0 0.534375 0.2216494845360825 0.53125 0.21993127147766325 0.5328125 0.23195876288659795 0.534375 0.2216494845360825
0 0.5078125 0.22336769759450173 0.5078125 0.21649484536082478 0.50546875 0.21649484536082478 0.5046875 0.22336769759450173 0.5078125 0.22336769759450173
0 0.45703125 0.21649484536082478 0.46484375 0.20790378006872853 0.48671875 0.20103092783505155 0.49765625 0.2061855670103093 0.51171875 0.20274914089347082 0.515625 0.20790378006872853 0.5296875 0.20103092783505155 0.53515625 0.2061855670103093 0.55078125 0.2061855670103093 0.553125 0.21993127147766325 0.55859375 0.22336769759450173 0.55546875 0.20962199312714777 0.5640625 0.20446735395189006 0.56875 0.18213058419243988 0.56640625 0.15635738831615123 0.56171875 0.14776632302405499 0.509375 0.1512027491408935 0.4984375 0.14604810996563575 0.48828125 0.15292096219931273 0.45234375 0.14776632302405499 0.44921875 0.15635738831615123 0.4484375 0.19587628865979384 0.45703125 0.21649484536082478
0 0.3171875 0.38046875 0.0015625 0.0015625
0 0.2546875 0.38046875 0.00234375 0.0015625
0 0.30546875 0.3762886597938145 0.30390625 0.3711340206185567 0.3 0.37457044673539525 0.3 0.37972508591065296 0.30546875 0.3762886597938145
0 0.2859375 0.37457044673539525 0.28984375 0.3780068728522337 0.2828125 0.3711340206185567 0.284375 0.37972508591065296 0.2859375 0.37457044673539525
0 0.32734375 0.37457044673539525 0.33046875 0.38487972508591073 0.33671875 0.38659793814432997 0.33984375 0.3814432989690722 0.33515625 0.35738831615120276 0.33046875 0.35738831615120276 0.32890625 0.3711340206185567 0.32421875 0.37457044673539525 0.3234375 0.38316151202749144 0.32734375 0.37457044673539525
0 0.240625 0.32817869415807566 0.23828125 0.34879725085910657 0.2421875 0.35738831615120276 0.33515625 0.35223367697594504 0.33515625 0.3264604810996564 0.33046875 0.3041237113402062 0.3171875 0.2869415807560137 0.315625 0.2920962199312715 0.3140625 0.288659793814433 0.3140625 0.29896907216494845 0.3109375 0.302405498281787 0.2375 0.30584192439862545 0.2359375 0.31271477663230246 0.240625 0.32817869415807566
0 0.5671875 0.34879725085910657 0.56796875 0.38316151202749144 0.575 0.4020618556701031 0.56875 0.42783505154639184 0.5703125 0.43814432989690727 0.5671875 0.46735395189003437 0.5703125 0.47594501718213056 0.67578125 0.46563573883161513 0.675 0.44158075601374575 0.68125 0.42783505154639184 0.678125 0.4020618556701031 0.684375 0.38487972508591073 0.6828125 0.3608247422680413 0.68671875 0.3436426116838488 0.68125 0.31615120274914094 0.68125 0.29896907216494845 0.6609375 0.2920962199312715 0.621875 0.29381443298969073 0.5796875 0.29896907216494845 0.575 0.302405498281787 0.5734375 0.31099656357388317 0.5703125 0.30927835051546393 0.57578125 0.31271477663230246 0.5671875 0.34879725085910657
0 0.6953125 0.11683848797250859 0.70234375 0.1357388316151203 0.69921875 0.14948453608247422 0.69921875 0.16838487972508592 0.703125 0.18900343642611686 0.753125 0.18728522336769762 0.76171875 0.18213058419243988 0.784375 0.18728522336769762 0.815625 0.18384879725085912 0.81796875 0.19243986254295536 0.821875 0.1941580756013746 0.83125 0.18041237113402064 0.828125 0.140893470790378 0.8375 0.1202749140893471 0.8375 0.09965635738831616 0.83515625 0.09106529209621994 0.82421875 0.10481099656357389 0.8171875 0.08762886597938145 0.78984375 0.0859106529209622 0.78046875 0.070446735395189 0.77421875 0.070446735395189 0.765625 0.08419243986254296 0.7546875 0.07388316151202749 0.74453125 0.08419243986254296 0.73671875 0.07731958762886598 0.72421875 0.08247422680412372 0.71015625 0.07903780068728523 0.69921875 0.08934707903780069 0.6953125 0.09793814432989692 0.6953125 0.11683848797250859
0 0.8125 0.32578125 0.00078125 0.00546875
0 0.6640625 0.8264604810996564 0.6640625 0.8814432989690723 0.66640625 0.88659793814433 0.7625 0.8900343642611684 0.7625 0.8625429553264606 0.765625 0.8539518900343642 0.76171875 0.8333333333333334 0.76796875 0.8230240549828179 0.765625 0.7972508591065293 0.771875 0.7903780068728523 0.76953125 0.7594501718213059 0.7765625 0.7508591065292097 0.775 0.7233676975945018 0.778125 0.7164948453608248 0.77421875 0.6890034364261168 0.78125 0.6752577319587629 0.78046875 0.6460481099656358 0.7859375 0.6408934707903781 0.78125 0.6185567010309279 0.78515625 0.604810996563574 0.78984375 0.6013745704467355 0.78515625 0.5824742268041238 0.78671875 0.5687285223367697 0.79375 0.5601374570446735 0.7890625 0.5326460481099657 0.796875 0.5171821305841925 0.79609375 0.4828178694158076 0.8 0.47594501718213056 0.79765625 0.44158075601374575 0.8046875 0.42783505154639184 0.80390625 0.3934707903780069 0.81015625 0.38316151202749144 0.80703125 0.365979381443299 0.80703125 0.3470790378006873 0.81015625 0.3402061855670103 0.8078125 0.33333333333333337 0.80859375 0.3195876288659794 0.81328125 0.31615120274914094 0.81328125 0.29553264604810997 0.81875 0.28350515463917525 0.8171875 0.2611683848797251 0.809375 0.23539518900343642 0.79921875 0.23711340206185566 0.79609375 0.24398625429553267 0.79453125 0.23711340206185566 0.78046875 0.2302405498281787 0.76953125 0.24226804123711343 0.76015625 0.23367697594501718 0.753125 0.23367697594501718 0.75390625 0.23883161512027495 0.74921875 0.2405498281786942 0.74375 0.23367697594501718 0.70546875 0.2405498281786942 0.70546875 0.2714776632302406 0.69609375 0.2920962199312715 0.69140625 0.31099656357388317 0.6921875 0.34536082474226804 0.6875 0.3556701030927835 0.6859375 0.42783505154639184 0.690625 0.44158075601374575 0.68359375 0.46219931271477666 0.68515625 0.4810996563573884 0.68359375 0.5068728522336771 0.68125 0.5120274914089348 0.6859375 0.5292096219931273 0.678125 0.5412371134020619 0.6796875 0.604810996563574 0.67421875 0.6219931271477663 0.67578125 0.6512027491408936 0.67421875 0.6769759450171822 0.6703125 0.6907216494845361 0.67265625 0.7233676975945018 0.66484375 0.7663230240549829 0.66796875 0.7886597938144331 0.6640625 0.8264604810996564
0 0.765625 0.22109375 0.00078125 0.0015625
0 0.78359375 0.31015625 0.0015625 0.0015625
0 0.80625 0.30927835051546393 0.8 0.3075601374570447 0.803125 0.3144329896907217 0.80625 0.30927835051546393
0 0.71328125 0.3195876288659794 0.71015625 0.3178694158075602 0.71875 0.3264604810996564 0.7515625 0.3264604810996564 0.7546875 0.32130584192439865 0.765625 0.32130584192439865 0.75859375 0.31615120274914094 0.75703125 0.31271477663230246 0.759375 0.30927835051546393 0.7515625 0.30068728522336774 0.73828125 0.3144329896907217 0.7328125 0.31271477663230246 0.73203125 0.302405498281787 0.73046875 0.30927835051546393 0.72578125 0.30927835051546393 0.72421875 0.30068728522336774 0.715625 0.302405498281787 0.71796875 0.31271477663230246 0.71328125 0.3195876288659794
0 0.809375 0.15292096219931273 0.8015625 0.15292096219931273 0.803125 0.1597938144329897 0.809375 0.15292096219931273
0 0.82734375 0.14604810996563575 0.82421875 0.140893470790378 0.8234375 0.14604810996563575 0.82734375 0.14604810996563575
0 0.7515625 0.13917525773195877 0.75 0.1357388316151203 0.74609375 0.13745704467353953 0.7515625 0.13917525773195877
0 0.79140625 0.1443298969072165 0.796875 0.140893470790378 0.79375 0.13230240549828182 0.78828125 0.13058419243986255 0.7828125 0.13917525773195877 0.79140625 0.1443298969072165
0 0.70234375 0.16838487972508592 0.70625 0.16666666666666669 0.70859375 0.1718213058419244 0.7015625 0.18384879725085912 0.70078125 0.19931271477663232 0.6953125 0.21305841924398625 0.69609375 0.23367697594501718 0.703125 0.24742268041237114 0.7046875 0.2577319587628866 0.7015625 0.2714776632302406 0.69765625 0.27491408934707906 0.7 0.27491408934707906 0.70234375 0.2852233676975945 0.71796875 0.29037800687285226 0.8078125 0.29037800687285226 0.81328125 0.29553264604810997 0.8203125 0.2852233676975945 0.8171875 0.2560137457044674 0.81953125 0.24398625429553267 0.82734375 0.2302405498281787 0.825 0.19759450171821308 0.83125 0.18213058419243988 0.82734375 0.17010309278350516 0.81953125 0.16494845360824745 0.8109375 0.17353951890034364 0.7921875 0.18041237113402064 0.77890625 0.17353951890034364 0.75859375 0.1718213058419244 0.71484375 0.17697594501718214 0.7125 0.17353951890034364 0.715625 0.16666666666666669 0.71484375 0.16151202749140894 0.72890625 0.13745704467353953 0.71796875 0.13917525773195877 0.71328125 0.13058419243986255 0.70390625 0.13917525773195877 0.7 0.15463917525773196 0.70234375 0.15807560137457047 0.70234375 0.16838487972508592
0 0.7484375 0.10078125 0.00078125 0.00546875
0 0.453125 0.3470790378006873 0.453125 0.3934707903780069 0.4578125 0.4020618556701031 0.45546875 0.43814432989690727 0.45546875 0.47938144329896915 0.46015625 0.49312714776632305 0.45625 0.5240549828178694 0.45859375 0.5326460481099657 0.4578125 0.5515463917525774 0.46015625 0.5618556701030928 0.46640625 0.5652920962199313 0.46328125 0.5945017182130584 0.46796875 0.604810996563574 0.46796875 0.6116838487972509 0.46328125 0.6116838487972509 0.46328125 0.6185567010309279 0.46796875 0.6254295532646049 0.49453125 0.6219931271477663 0.5015625 0.6271477663230242 0.52734375 0.6254295532646049 0.53984375 0.6357388316151203 0.5484375 0.6323024054982819 0.55703125 0.6168384879725086 0.55859375 0.5962199312714777 0.5546875 0.5738831615120275 0.56171875 0.5618556701030928 0.5609375 0.5189003436426117 0.55703125 0.4914089347079038 0.5625 0.4810996563573884 0.56328125 0.4347079037800688 0.55859375 0.40549828178694164 0.56328125 0.3883161512027492 0.5609375 0.3762886597938145 0.5625 0.3470790378006873 0.55703125 0.30927835051546393 0.54609375 0.30068728522336774 0.46796875 0.302405498281787 0.459375 0.3144329896907217 0.45859375 0.32817869415807566 0.453125 0.3470790378006873
0 0.43125 0.78984375 0.00390625 0.0015625
0 0.44609375 0.79553264604811 0.44609375 0.7869415807560138 0.4421875 0.7920962199312716 0.44609375 0.79553264604811
0 0.38984375 0.7886597938144331 0.3828125 0.7800687285223369 0.38203125 0.7886597938144331 0.38984375 0.7886597938144331
0 0.37109375 0.7147766323024055 0.36953125 0.7216494845360826 0.3734375 0.7422680412371134 0.36875 0.7474226804123713 0.37265625 0.7646048109965636 0.39765625 0.752577319587629 0.45078125 0.7680412371134021 0.459375 0.7611683848797252 0.453125 0.725085910652921 0.453125 0.7147766323024055 0.45859375 0.6993127147766324 0.4578125 0.6563573883161513 0.453125 0.6323024054982819 0.378125 0.6271477663230242 0.36640625 0.6374570446735396 0.3625 0.6666666666666667 0.37109375 0.7147766323024055
0 0.66328125 0.8436426116838488 0.6640625 0.8780068728522338 0.6671875 0.88659793814433 0.76171875 0.8900343642611684 0.76171875 0.8659793814432991 0.76640625 0.8573883161512029 0.7625 0.8316151202749141 0.76875 0.8230240549828179 0.765625 0.8006872852233677 0.77265625 0.7920962199312716 0.76953125 0.7646048109965636 0.7765625 0.7542955326460482 0.7765625 0.7439862542955327 0.775 0.7268041237113403 0.7703125 0.7233676975945018 0.67890625 0.7199312714776632 0.6703125 0.7336769759450172 0.66484375 0.7680412371134021 0.6671875 0.7989690721649485 0.66328125 0.8436426116838488
0 0.2265625 0.13402061855670105 0.2296875 0.12542955326460484 0.24453125 0.13230240549828182 0.25078125 0.12199312714776633 0.26328125 0.12371134020618557 0.271875 0.11855670103092783 0.3234375 0.11855670103092783 0.33359375 0.09965635738831616 0.33359375 0.08762886597938145 0.33046875 0.07731958762886598 0.321875 0.06872852233676977 0.3109375 0.07560137457044674 0.3 0.06872852233676977 0.290625 0.07388316151202749 0.28125 0.06872852233676977 0.27265625 0.07731958762886598 0.2671875 0.07216494845360825 0.2546875 0.07731958762886598 0.25 0.070446735395189 0.2421875 0.070446735395189 0.22578125 0.08075601374570447 0.215625 0.09450171821305843 0.21328125 0.12199312714776633 0.2265625 0.13402061855670105
0 0.7640625 0.3762886597938145 0.76953125 0.3711340206185567 0.77578125 0.372852233676976 0.77265625 0.36769759450171824 0.76015625 0.3694158075601375 0.759375 0.372852233676976 0.7640625 0.3762886597938145
0 0.75625 0.3711340206185567 0.75546875 0.36769759450171824 0.7484375 0.372852233676976 0.75625 0.3711340206185567
0 0.7 0.2714776632302406 0.6953125 0.27491408934707906 0.6953125 0.2800687285223368 0.69765625 0.288659793814433 0.70234375 0.2920962199312715 0.7 0.31271477663230246 0.696875 0.3178694158075602 0.69921875 0.3264604810996564 0.70390625 0.3247422680412372 0.70078125 0.3144329896907217 0.70859375 0.31271477663230246 0.71015625 0.3247422680412372 0.715625 0.32817869415807566 0.75390625 0.3298969072164949 0.78515625 0.3247422680412372 0.79609375 0.31271477663230246 0.8 0.3178694158075602 0.80625 0.3144329896907217 0.821875 0.2852233676975945 0.81796875 0.2560137457044674 0.82109375 0.2302405498281787 0.75625 0.2302405498281787 0.6984375 0.23883161512027495 0.70078125 0.2508591065292097 0.7 0.2714776632302406
0 0.7234375 0.20703125 0.00078125 0.0015625
0 0.765625 0.2015625 0.00078125 0.0015625
0 0.76484375 0.1953125 0.003125 0.0015625
0 0.7463566706730769 0.1911842453079567 0.75 0.19759450171821308 0.75234375 0.1907216494845361 0.75625 0.19587628865979384 0.7515625 0.18900343642611686 0.7463566706730769 0.1911842453079567
0 0.734375 0.1907216494845361 0.7328125 0.19587628865979384 0.72109375 0.1941580756013746 0.71953125 0.19587628865979384 0.7234375 0.19931271477663232 0.73984375 0.19759450171821308 0.7411221590909091 0.19337706966572948 0.73515625 0.19587628865979384 0.734375 0.1907216494845361
0 0.74171875 0.19312714776632306 0.74453125 0.19931271477663232 0.7459809922680412 0.1913416232685018 0.74171875 0.19312714776632306
0 0.68359375 0.4587628865979382 0.684375 0.4896907216494846 0.68046875 0.5120274914089348 0.68515625 0.5292096219931273 0.67890625 0.5326460481099657 0.67734375 0.5446735395189004 0.68125 0.5721649484536082 0.68046875 0.5996563573883162 0.6875 0.6082474226804124 0.678125 0.6219931271477663 0.67890625 0.6443298969072165 0.68203125 0.6494845360824744 0.70625 0.6391752577319588 0.78359375 0.6408934707903781 0.784375 0.6340206185567011 0.78046875 0.6202749140893471 0.78515625 0.604810996563574 0.78984375 0.6013745704467355 0.78515625 0.577319587628866 0.7875 0.5670103092783505 0.7953125 0.5601374570446735 0.790625 0.5429553264604812 0.790625 0.5309278350515465 0.7984375 0.5189003436426117 0.796875 0.4828178694158076 0.80234375 0.47594501718213056 0.79921875 0.443298969072165 0.8015625 0.4347079037800688 0.80703125 0.4295532646048111 0.80390625 0.4037800687285224 0.81015625 0.3762886597938145 0.803125 0.365979381443299 0.80703125 0.3556701030927835 0.80234375 0.34536082474226804 0.80625 0.3384879725085911 0.80234375 0.3436426116838488 0.7953125 0.33333333333333337 0.77265625 0.33161512027491413 0.7671875 0.33161512027491413 0.76640625 0.3384879725085911 0.76171875 0.34192439862542956 0.75546875 0.33676975945017185 0.69609375 0.3350515463917526 0.6921875 0.3384879725085911 0.69140625 0.34879725085910657 0.69921875 0.365979381443299 0.6953125 0.3814432989690722 0.68828125 0.38487972508591073 0.6875 0.39518900343642616 0.6890625 0.443298969072165 0.68359375 0.4587628865979382
0 0.3765625 0.8591065292096222 0.46328125 0.8676975945017184 0.46015625 0.802405498281787 0.44921875 0.8041237113402062 0.44921875 0.7869415807560138 0.45234375 0.7783505154639176 0.44921875 0.7749140893470792 0.39921875 0.7663230240549829 0.39348984374999996 0.7680412371134021 0.3921875 0.7766323024054984 0.38854140625 0.7680412371134021 0.3859375 0.7731958762886599 0.38359375 0.7680412371134021 0.38125 0.7731958762886599 0.3765625 0.7714776632302407 0.378125 0.7938144329896908 0.371875 0.7989690721649485 0.371875 0.8539518900343642 0.3765625 0.8591065292096222
0 0.4671875 0.8728522336769761 0.5328125 0.879725085910653 0.56015625 0.8762886597938145 0.5609375 0.809278350515464 0.559375 0.7714776632302407 0.55703125 0.7663230240549829 0.54375 0.7646048109965636 0.54375 0.7542955326460482 0.528125 0.7491408934707905 0.48671875 0.7474226804123713 0.48046875 0.7491408934707905 0.47578125 0.7577319587628867 0.475 0.7491408934707905 0.4734375 0.7542955326460482 0.46640625 0.752577319587629 0.46484375 0.8419243986254296 0.4671875 0.8728522336769761
0 0.5015625 0.7285223367697595 0.5203125 0.7199312714776632 0.5078125 0.7130584192439863 0.50625 0.7233676975945018 0.50234375 0.7268041237113403 0.5 0.7164948453608248 0.4921875 0.7233676975945018 0.5015625 0.7285223367697595
0 0.596875 0.27491408934707906 0.5953125 0.2731958762886598 0.59453125 0.281786941580756 0.596875 0.27491408934707906
0 0.62265625 0.27491408934707906 0.62265625 0.26975945017182135 0.6203125 0.2731958762886598 0.62265625 0.27491408934707906
0 0.5828125 0.27491408934707906 0.575 0.2680412371134021 0.57421875 0.2766323024054983 0.5828125 0.27491408934707906
0 0.61875 0.27491408934707906 0.6125 0.2611683848797251 0.61171875 0.27491408934707906 0.61875 0.27491408934707906
0 0.5734375 0.2405498281786942 0.57421875 0.25945017182130586 0.58359375 0.2525773195876289 0.58828125 0.26460481099656363 0.59140625 0.26460481099656363 0.5984375 0.24742268041237114 0.6921875 0.24398625429553267 0.68671875 0.20962199312714777 0.6921875 0.1941580756013746 0.6890625 0.1907216494845361 0.67734375 0.19243986254295536 0.66328125 0.18556701030927836 0.65546875 0.19243986254295536 0.57890625 0.19931271477663232 0.57734375 0.2302405498281787 0.5734375 0.2405498281786942
0 0.62890625 0.15292096219931273 0.61953125 0.14776632302405499 0.61875 0.15292096219931273 0.62890625 0.15292096219931273
0 0.30703125 0.577319587628866 0.3109375 0.570446735395189 0.3109375 0.577319587628866 0.31484375 0.5687285223367697 0.3203125 0.5807560137457045 0.3234375 0.5721649484536082 0.33046875 0.5670103092783505 0.325 0.5670103092783505 0.32109375 0.5756013745704468 0.31875 0.5652920962199313 0.30625 0.5670103092783505 0.3015625 0.5756013745704468 0.30703125 0.577319587628866
0 0.23828125 0.3539518900343643 0.24609375 0.372852233676976 0.24609375 0.38659793814432997 0.24296875 0.3934707903780069 0.24921875 0.422680412371134 0.24765625 0.4347079037800688 0.253125 0.4450171821305842 0.25390625 0.47594501718213056 0.2578125 0.4862542955326461 0.2546875 0.5171821305841925 0.2609375 0.5223367697594502 0.26171875 0.5395189003436427 0.26484375 0.5463917525773196 0.31171875 0.5412371134020619 0.321875 0.5429553264604812 0.32734375 0.5515463917525774 0.34375 0.5463917525773196 0.3453125 0.5498281786941581 0.346875 0.5395189003436427 0.3390625 0.520618556701031 0.3453125 0.5154639175257733 0.34296875 0.5120274914089348 0.34453125 0.5068728522336771 0.340625 0.4810996563573884 0.3453125 0.46563573883161513 0.3453125 0.45017182130584193 0.3390625 0.43814432989690727 0.3375 0.42783505154639184 0.3359375 0.4072164948453609 0.33984375 0.35738831615120276 0.33125 0.3384879725085911 0.33203125 0.3195876288659794 0.325 0.30927835051546393 0.275 0.30927835051546393 0.26484375 0.31099656357388317 0.25859375 0.3178694158075602 0.23984375 0.31615120274914094 0.24453125 0.33676975945017185 0.23828125 0.3539518900343643
0 0.353125 0.3625429553264605 0.36171875 0.3556701030927835 0.3546875 0.35223367697594504 0.35 0.35738831615120276 0.35 0.3625429553264605 0.353125 0.3625429553264605
0 0.35078125 0.40034364261168387 0.35078125 0.41580756013745707 0.346875 0.43814432989690727 0.35078125 0.4518900343642612 0.35234375 0.47594501718213056 0.446875 0.4776632302405499 0.45078125 0.4725085910652921 0.4515625 0.4261168384879725 0.4453125 0.4037800687285224 0.44765625 0.3883161512027492 0.446875 0.35738831615120276 0.44296875 0.3505154639175258 0.36953125 0.3505154639175258 0.36484375 0.3556701030927835 0.3765625 0.36769759450171824 0.37578125 0.3814432989690722 0.36015625 0.3883161512027492 0.3484375 0.38659793814432997 0.34609375 0.3934707903780069 0.35078125 0.40034364261168387
0 0.2859375 0.577319587628866 0.28515625 0.5721649484536082 0.28359375 0.5738831615120275 0.2859375 0.577319587628866
0 0.27890625 0.5721649484536082 0.28046875 0.5670103092783505 0.275 0.5670103092783505 0.27890625 0.5721649484536082
0 0.25234375 0.5154639175257733 0.259375 0.5240549828178694 0.26171875 0.5446735395189004 0.26015625 0.5532646048109966 0.26484375 0.5601374570446735 0.26875 0.5618556701030928 0.27109375 0.5549828178694158 0.2796875 0.5567010309278351 0.2828125 0.5498281786941581 0.29921875 0.5481099656357389 0.296875 0.5670103092783505 0.29921875 0.5738831615120275 0.321875 0.5790378006872853 0.3265625 0.5738831615120275 0.328125 0.5601374570446735 0.3328125 0.5532646048109966 0.35 0.5498281786941581 0.35078125 0.5240549828178694 0.34453125 0.5017182130584193 0.34375 0.4828178694158076 0.34140625 0.4776632302405499 0.31953125 0.4690721649484536 0.30703125 0.4742268041237113 0.265625 0.47079037800687284 0.2546875 0.47594501718213056 0.25859375 0.49828178694158076 0.25234375 0.5154639175257733
0 0.35 0.4347079037800688 0.353125 0.45017182130584193 0.35234375 0.47594501718213056 0.35546875 0.4810996563573884 0.35390625 0.5120274914089348 0.3578125 0.5309278350515465 0.35703125 0.5532646048109966 0.3609375 0.5721649484536082 0.35859375 0.5910652920962199 0.3609375 0.6116838487972509 0.36796875 0.6357388316151203 0.36328125 0.6632302405498283 0.3671875 0.6786941580756014 0.36875 0.7628865979381444 0.3734375 0.7817869415807561 0.3734375 0.8487972508591065 0.3859375 0.8591065292096222 0.46015625 0.8659793814432991 0.46015625 0.7611683848797252 0.45546875 0.711340206185567 0.45703125 0.6941580756013745 0.4546875 0.6529209621993128 0.45234375 0.6460481099656358 0.45546875 0.5859106529209622 0.45078125 0.5584192439862543 0.45234375 0.534364261168385 0.44765625 0.49828178694158076 0.45 0.44158075601374575 0.4484375 0.4295532646048111 0.43671875 0.4072164948453609 0.4390625 0.40034364261168387 0.4421875 0.4037800687285224 0.4421875 0.3934707903780069 0.36171875 0.3917525773195877 0.3546875 0.39862542955326463 0.353125 0.4072164948453609 0.3546875 0.4209621993127148 0.35 0.4347079037800688
0 0.2375 0.35223367697594504 0.24609375 0.372852233676976 0.24375 0.39862542955326463 0.24921875 0.422680412371134 0.24765625 0.43642611683848803 0.253125 0.4484536082474227 0.25390625 0.4690721649484536 0.2515625 0.47594501718213056 0.25703125 0.49312714776632305 0.25390625 0.5171821305841925 0.26015625 0.5257731958762888 0.26015625 0.5549828178694158 0.26484375 0.5687285223367697 0.265625 0.5876288659793815 0.26953125 0.5945017182130584 0.26875 0.6065292096219932 0.271875 0.6116838487972509 0.3078125 0.6099656357388317 0.3140625 0.6030927835051547 0.3171875 0.6082474226804124 0.31875 0.6030927835051547 0.3265625 0.6013745704467355 0.3265625 0.5945017182130584 0.3390625 0.6013745704467355 0.34140625 0.584192439862543 0.346875 0.5738831615120275 0.34375 0.5584192439862543 0.35 0.5498281786941581 0.35 0.5309278350515465 0.34296875 0.49312714776632305 0.346875 0.45360824742268047 0.3390625 0.4295532646048111 0.33671875 0.4123711340206186 0.340625 0.359106529209622 0.3328125 0.3402061855670103 0.33203125 0.31615120274914094 0.32421875 0.3075601374570447 0.23828125 0.31271477663230246 0.24296875 0.33333333333333337 0.2375 0.35223367697594504
0 0.24921875 0.42439862542955326 0.24765625 0.43642611683848803 0.253125 0.443298969072165 0.2546875 0.46735395189003437 0.25859375 0.4725085910652921 0.328125 0.4690721649484536 0.33984375 0.4742268041237113 0.34609375 0.46563573883161513 0.34609375 0.44673539518900346 0.3421875 0.43814432989690727 0.3375 0.41065292096219935 0.3390625 0.3917525773195877 0.33671875 0.38659793814432997 0.28515625 0.38659793814432997 0.26484375 0.3814432989690722 0.24453125 0.3917525773195877 0.24296875 0.3969072164948454 0.24921875 0.42439862542955326
0 0.2640625 0.36171875 0.00234375 0.0015625
0 0.3078125 0.36171875 0.0015625 0.00546875
0 0.296875 0.3625429553264605 0.29609375 0.359106529209622 0.29453125 0.3608247422680413 0.296875 0.3625429553264605
0 0.27421875 0.365979381443299 0.27890625 0.3711340206185567 0.28203125 0.3625429553264605 0.2921875 0.3608247422680413 0.2890625 0.3556701030927835 0.28359375 0.3556701030927835 0.28203125 0.3608247422680413 0.278125 0.3556701030927835 0.2734375 0.359106529209622 0.27265625 0.3711340206185567 0.27421875 0.365979381443299
0 0.496875 0.79140625 0.00390625 0.0015625
0 0.47578125 0.5017182130584193 0.4734375 0.5 0.47265625 0.5034364261168386 0.47578125 0.5017182130584193
0 0.4765625 0.5223367697594502 0.47265625 0.5292096219931273 0.46640625 0.520618556701031 0.4640625 0.5292096219931273 0.46171875 0.520618556701031 0.459375 0.5240549828178694 0.459375 0.5446735395189004 0.4625 0.5481099656357389 0.459375 0.5532646048109966 0.459375 0.5618556701030928 0.46328125 0.577319587628866 0.459375 0.5962199312714777 0.459375 0.6340206185567011 0.46484375 0.6494845360824744 0.46171875 0.6735395189003437 0.46171875 0.711340206185567 0.46640625 0.7835051546391754 0.47109375 0.7886597938144331 0.46953125 0.8006872852233677 0.47890625 0.8058419243986255 0.48203125 0.7989690721649485 0.48671875 0.802405498281787 0.4859375 0.8058419243986255 0.4953125 0.802405498281787 0.5015625 0.809278350515464 0.5046875 0.7989690721649485 0.50859375 0.809278350515464 0.51015625 0.7989690721649485 0.515625 0.809278350515464 0.53046875 0.809278350515464 0.53828125 0.8006872852233677 0.54375 0.8058419243986255 0.54375 0.7938144329896908 0.546875 0.7972508591065293 0.55078125 0.7886597938144331 0.55703125 0.7852233676975946 0.56015625 0.7611683848797252 0.559375 0.6752577319587629 0.55546875 0.6580756013745706 0.56015625 0.6426116838487973 0.5609375 0.5996563573883162 0.55703125 0.5756013745704468 0.56015625 0.5463917525773196 0.5578125 0.5378006872852235 0.55859375 0.5189003436426117 0.55703125 0.5120274914089348 0.55234375 0.5103092783505155 0.55390625 0.4948453608247423 0.54453125 0.4828178694158076 0.53671875 0.4862542955326461 0.5359375 0.4948453608247423 0.52578125 0.4810996563573884 0.4921875 0.4810996563573884 0.48125 0.4862542955326461 0.47828125000000005 0.4828178694158076 0.47578125 0.4948453608247423 0.4703125 0.4896907216494846 0.47390625000000003 0.4828178694158076 0.46796875 0.4862542955326461 0.471875 0.49312714776632305 0.4765625 0.5223367697594502
0 0.68125 0.384375 0.0015625 0.0015625
0 0.578125 0.32734375 0.00078125 0.0015625
0 0.64921875 0.3015625 0.003125 0.0015625
0 0.5703125 0.5652920962199313 0.565625 0.6202749140893471 0.5703125 0.6529209621993128 0.56640625 0.668384879725086 0.56640625 0.7010309278350516 0.5640625 0.7061855670103093 0.565625 0.8625429553264606 0.56796875 0.8694158075601376 0.5796875 0.8711340206185568 0.65703125 0.8745704467353953 0.659375 0.8676975945017184 0.65859375 0.8195876288659795 0.6609375 0.8127147766323025 0.65859375 0.7903780068728523 0.66171875 0.7749140893470792 0.659375 0.7577319587628867 0.66328125 0.7439862542955327 0.6609375 0.7233676975945018 0.665625 0.7079037800687286 0.66484375 0.6649484536082475 0.65859375 0.6323024054982819 0.6671875 0.6030927835051547 0.67109375 0.5996563573883162 0.66796875 0.5738831615120275 0.67265625 0.5652920962199313 0.67109375 0.5309278350515465 0.67578125 0.5189003436426117 0.67265625 0.5068728522336771 0.671875 0.4862542955326461 0.67734375 0.47594501718213056 0.675 0.443298969072165 0.67890625 0.43298969072164956 0.678125 0.42439862542955326 0.6734375 0.4175257731958763 0.67578125 0.3917525773195877 0.66875 0.3934707903780069 0.66484375 0.38659793814432997 0.66875 0.38316151202749144 0.67421875 0.3625429553264605 0.678125 0.3625429553264605 0.6765625 0.3505154639175258 0.6828125 0.3436426116838488 0.68203125 0.3384879725085911 0.67421875 0.33676975945017185 0.67265625 0.33161512027491413 0.67421875 0.3264604810996564 0.67109375 0.30068728522336774 0.66796875 0.30584192439862545 0.66640625 0.30068728522336774 0.659375 0.31271477663230246 0.6484375 0.30927835051546393 0.6453125 0.3178694158075602 0.6484375 0.3264604810996564 0.64453125 0.3298969072164949 0.64453125 0.3247422680412372 0.63984375 0.3195876288659794 0.63828125 0.33333333333333337 0.63359375 0.32817869415807566 0.6328125 0.302405498281787 0.6265625 0.2972508591065292 0.62578125 0.30927835051546393 0.6296875 0.31271477663230246 0.625 0.3178694158075602 0.628125 0.3264604810996564 0.6234375 0.33333333333333337 0.61953125 0.3178694158075602 0.60703125 0.30927835051546393 0.60546875 0.31615120274914094 0.6 0.3195876288659794 0.5953125 0.31615120274914094 0.58828125 0.3350515463917526 0.5703125 0.3436426116838488 0.56953125 0.3539518900343643 0.5734375 0.3608247422680413 0.5703125 0.36426116838487976 0.57265625 0.36426116838487976 0.5703125 0.3814432989690722 0.57421875 0.39003436426116844 0.5765625 0.4089347079037801 0.56875 0.4398625429553265 0.56953125 0.4742268041237113 0.57421875 0.4896907216494846 0.5671875 0.5171821305841925 0.56484375 0.5412371134020619 0.5671875 0.5601374570446735 0.5703125 0.5652920962199313
0 0.584375 0.2061855670103093 0.58046875 0.20962199312714777 0.58125 0.22336769759450173 0.57578125 0.2302405498281787 0.58359375 0.23711340206185566 0.603125 0.23195876288659795 0.62734375 0.23367697594501718 0.63125 0.2216494845360825 0.63203125 0.23367697594501718 0.6375 0.23195876288659795 0.63984375 0.22508591065292097 0.6453125 0.2302405498281787 0.68203125 0.23367697594501718 0.68828125 0.22680412371134023 0.68046875 0.21477663230240554 0.68046875 0.20790378006872853 0.68828125 0.20274914089347082 0.68984375 0.1941580756013746 0.6953125 0.18900343642611686 0.6953125 0.1443298969072165 0.69296875 0.140893470790378 0.65078125 0.13745704467353953 0.62109375 0.14261168384879724 0.60859375 0.13745704467353953 0.6015625 0.1443298969072165 0.57421875 0.1443298969072165 0.571875 0.16666666666666669 0.57109375 0.19587628865979384 0.584375 0.2061855670103093
0 0.6640625 0.7663230240549829 0.6671875 0.7852233676975946 0.6640625 0.8264604810996564 0.66484375 0.8831615120274915 0.66875 0.8883161512027492 0.76171875 0.8900343642611684 0.76171875 0.8642611683848799 0.765625 0.8591065292096222 0.76171875 0.8333333333333334 0.76796875 0.8230240549828179 0.765625 0.7989690721649485 0.77265625 0.7903780068728523 0.76953125 0.7628865979381444 0.7765625 0.7542955326460482 0.77578125 0.7233676975945018 0.77890625 0.7164948453608248 0.7765625 0.711340206185567 0.77578125 0.6872852233676976 0.78203125 0.6769759450171822 0.7796875 0.6460481099656358 0.7359375 0.6426116838487973 0.73125 0.6408934707903781 0.73046875 0.6357388316151203 0.72734375 0.6426116838487973 0.68984375 0.6460481099656358 0.678125 0.6391752577319588 0.67265625 0.6701030927835052 0.6734375 0.6786941580756014 0.66953125 0.6924398625429553 0.6734375 0.7061855670103093 0.6640625 0.7663230240549829
0 0.715625 0.6219931271477663 0.7125 0.6202749140893471 0.71015625 0.6219931271477663 0.715625 0.6219931271477663
0 0.734375 0.615625 0.00234375 0.0015625
0 0.76171875 0.6134020618556701 0.7734375 0.6099656357388317 0.759375 0.6082474226804124 0.75859375 0.6116838487972509 0.76171875 0.6134020618556701
0 0.71609375 0.604810996563574 0.70390625 0.604810996563574 0.7015625 0.6116838487972509 0.6998046875 0.604810996563574 0.6859375 0.6065292096219932 0.6875 0.6134020618556701 0.70625 0.6116838487972509 0.709375 0.6168384879725086 0.71609375 0.604810996563574
0 0.72890625 0.6134020618556701 0.7328125 0.6099656357388317 0.7421875 0.6134020618556701 0.753125 0.6065292096219932 0.75703125 0.6116838487972509 0.75625 0.604810996563574 0.75234375 0.6013745704467355 0.734375 0.6030927835051547 0.73046875 0.6099656357388317 0.73046875 0.6030927835051547 0.728125 0.6134020618556701 0.7251562500000001 0.604810996563574 0.71609375 0.604810996563574 0.7171875 0.6219931271477663 0.71953125 0.6254295532646049 0.73203125 0.6219931271477663 0.72890625 0.6134020618556701
0 0.67421875 0.6701030927835052 0.67578125 0.6821305841924399 0.671875 0.6924398625429553 0.67421875 0.7164948453608248 0.67734375 0.7233676975945018 0.7375 0.718213058419244 0.76875 0.725085910652921 0.77890625 0.7199312714776632 0.77578125 0.6907216494845361 0.7828125 0.6804123711340206 0.78125 0.6494845360824744 0.7859375 0.6426116838487973 0.7828125 0.6134020618556701 0.790625 0.6013745704467355 0.78671875 0.5859106529209622 0.78671875 0.5721649484536082 0.79375 0.5601374570446735 0.7890625 0.5515463917525774 0.78671875 0.5378006872852235 0.78984375 0.5257731958762888 0.796875 0.5154639175257733 0.79609375 0.5120274914089348 0.7859375 0.520618556701031 0.7796875 0.5154639175257733 0.74765625 0.520618556701031 0.7359375 0.5120274914089348 0.73125 0.5189003436426117 0.72265625 0.5154639175257733 0.69765625 0.5223367697594502 0.69453125 0.527491408934708 0.69609375 0.5326460481099657 0.70078125 0.5378006872852235 0.70625 0.534364261168385 0.7140625 0.5498281786941581 0.70625 0.5567010309278351 0.68203125 0.5584192439862543 0.67890625 0.5876288659793815 0.68046875 0.6065292096219932 0.675 0.6219931271477663 0.67734375 0.6340206185567011 0.67421875 0.6701030927835052
0 0.72734375 0.4948453608247423 0.73046875 0.5034364261168386 0.7390625 0.49312714776632305 0.7484375 0.4948453608247423 0.753125 0.5051546391752578 0.75859375 0.5017182130584193 0.759375 0.4828178694158076 0.725 0.4828178694158076 0.7234375 0.4914089347079038 0.7203125 0.48453608247422686 0.7203125 0.4914089347079038 0.72734375 0.4948453608247423
0 0.50859375 0.4553264604810997 0.50625 0.45017182130584193 0.50390625 0.45360824742268047 0.50859375 0.4553264604810997
0 0.4515625 0.34879725085910657 0.45390625 0.3694158075601375 0.45234375 0.39003436426116844 0.45859375 0.4020618556701031 0.45703125 0.43814432989690727 0.46484375 0.4398625429553265 0.46640625 0.45704467353951894 0.459375 0.46219931271477666 0.45703125 0.47079037800687284 0.459375 0.4776632302405499 0.4875 0.47594501718213056 0.49140625 0.4725085910652921 0.49140625 0.46219931271477666 0.49765625 0.4639175257731959 0.496484375 0.4725085910652921 0.50703125 0.4725085910652921 0.51015625 0.46563573883161513 0.5125 0.4725085910652921 0.51640625 0.46563573883161513 0.51953125 0.4725085910652921 0.52578125 0.46219931271477666 0.525 0.4725085910652921 0.5359375 0.4776632302405499 0.5609375 0.4776632302405499 0.5625 0.4347079037800688 0.5578125 0.4037800687285224 0.56484375 0.39003436426116844 0.5625 0.3780068728522337 0.5640625 0.34879725085910657 0.56015625 0.3247422680412372 0.56015625 0.302405498281787 0.52890625 0.29553264604810997 0.5046875 0.30068728522336774 0.4625 0.2972508591065292 0.4578125 0.302405498281787 0.4578125 0.3264604810996564 0.4515625 0.34879725085910657
0 0.5078125 0.23984375 0.00234375 0.0015625
0 0.528125 0.2405498281786942 0.52265625 0.23539518900343642 0.521875 0.2405498281786942 0.528125 0.2405498281786942
0 0.47265625 0.24226804123711343 0.47265625 0.23367697594501718 0.4671875 0.23367697594501718 0.465625 0.24398625429553267 0.47265625 0.24226804123711343
0 0.48984375 0.23367697594501718 0.4859375 0.23195876288659795 0.47890625 0.23367697594501718 0.48984375 0.23367697594501718
0 0.55859375 0.22508591065292097 0.559375 0.21993127147766325 0.55703125 0.21821305841924402 0.55625 0.22508591065292097 0.55859375 0.22508591065292097
0 0.44921875 0.10309278350515465 0.45390625 0.11855670103092783 0.45390625 0.13230240549828182 0.44921875 0.15292096219931273 0.4515625 0.1718213058419244 0.44921875 0.19931271477663232 0.45625 0.21477663230240554 0.4625 0.2061855670103093 0.475 0.20274914089347082 0.5578125 0.20274914089347082 0.56640625 0.19243986254295536 0.56484375 0.15635738831615123 0.5671875 0.1512027491408935 0.56796875 0.1202749140893471 0.5640625 0.10652920962199312 0.56796875 0.09106529209621994 0.56484375 0.07731958762886598 0.56640625 0.05326460481099656 0.5640625 0.044673539518900345 0.55859375 0.0429553264604811 0.55 0.058419243986254296 0.54375 0.04639175257731959 0.5390625 0.044673539518900345 0.5265625 0.06013745704467355 0.5234375 0.05670103092783506 0.525 0.05326460481099656 0.521875 0.044673539518900345 0.51640625 0.044673539518900345 0.50859375 0.058419243986254296 0.49453125 0.04639175257731959 0.4875 0.05670103092783506 0.47421875 0.04810996563573884 0.46640625 0.06013745704467355 0.4625 0.051546391752577324 0.45625 0.051546391752577324 0.45234375 0.06013745704467355 0.44921875 0.07903780068728523 0.44921875 0.10309278350515465
0 0.69453125 0.4347079037800688 0.7 0.43298969072164956 0.7015625 0.443298969072165 0.69921875 0.45360824742268047 0.6953125 0.4553264604810997 0.69609375 0.46219931271477666 0.70625 0.46735395189003437 0.709375 0.4604810996563574 0.71328125 0.4604810996563574 0.7171875 0.46563573883161513 0.72890625 0.4484536082474227 0.73359375 0.4484536082474227 0.73359375 0.4587628865979382 0.7375 0.4690721649484536 0.7828125 0.46563573883161513 0.79375 0.45704467353951894 0.796875 0.443298969072165 0.80703125 0.4261168384879725 0.80546875 0.3934707903780069 0.81171875 0.38316151202749144 0.80859375 0.35223367697594504 0.8171875 0.3350515463917526 0.815625 0.29553264604810997 0.81953125 0.2852233676975945 0.815625 0.24914089347079038 0.8171875 0.23883161512027495 0.79453125 0.23367697594501718 0.75 0.2405498281786942 0.73984375 0.23711340206185566 0.71640625 0.2405498281786942 0.70859375 0.24742268041237114 0.70703125 0.2714776632302406 0.69375 0.3041237113402062 0.69453125 0.33161512027491413 0.6921875 0.33676975945017185 0.69296875 0.35223367697594504 0.68984375 0.359106529209622 0.69140625 0.36769759450171824 0.6890625 0.3711340206185567 0.6890625 0.42783505154639184 0.69453125 0.4347079037800688
0 0.6125 0.58046875 0.00078125 0.003125
0 0.59375 0.5807560137457045 0.59921875 0.5807560137457045 0.60234375 0.5876288659793815 0.60625 0.5756013745704468 0.6015625 0.570446735395189 0.6015625 0.5756013745704468 0.59375 0.5807560137457045
0 0.61171875 0.570446735395189 0.6078125 0.5670103092783505 0.60703125 0.5721649484536082 0.61171875 0.570446735395189
0 0.56953125 0.5618556701030928 0.59921875 0.5515463917525774 0.6078125 0.5567010309278351 0.65546875 0.5532646048109966 0.671875 0.563573883161512 0.6734375 0.5326460481099657 0.6765625 0.520618556701031 0.671875 0.48453608247422686 0.65859375 0.47079037800687284 0.5953125 0.4725085910652921 0.58046875 0.4776632302405499 0.575 0.4810996563573884 0.565625 0.5154639175257733 0.5625 0.5429553264604812 0.56953125 0.5618556701030928
0 0.4625 0.49312714776632305 0.46328125 0.5068728522336771 0.47265625 0.5154639175257733 0.5046875 0.5085910652920963 0.51640625 0.5103092783505155 0.52578125 0.5223367697594502 0.546875 0.520618556701031 0.5546875 0.5 0.5515625 0.4896907216494846 0.5609375 0.4828178694158076 0.56328125 0.47594501718213056 0.56328125 0.4347079037800688 0.5578125 0.41580756013745707 0.55703125 0.40034364261168387 0.54453125 0.39518900343642616 0.53515625 0.39862542955326463 0.5234375 0.3917525773195877 0.484375 0.3917525773195877 0.48046875 0.3969072164948454 0.46875 0.3969072164948454 0.459375 0.4072164948453609 0.45546875 0.43814432989690727 0.45546875 0.47938144329896915 0.4625 0.49312714776632305
0 0.23203125 0.23711340206185566 0.23046875 0.2680412371134021 0.234375 0.2731958762886598 0.2546875 0.2714776632302406 0.2546875 0.2766323024054983 0.25859375 0.26632302405498287 0.2828125 0.26632302405498287 0.2828125 0.2714776632302406 0.2890625 0.2731958762886598 0.296875 0.2680412371134021 0.3 0.2731958762886598 0.30390625 0.26632302405498287 0.32734375 0.2628865979381444 0.334375 0.24742268041237114 0.3265625 0.23195876288659795 0.32890625 0.1907216494845361 0.32421875 0.16838487972508592 0.3203125 0.16494845360824745 0.309375 0.16838487972508592 0.2953125 0.1632302405498282 0.271875 0.17353951890034364 0.2375 0.17010309278350516 0.22734375 0.1752577319587629 0.22578125 0.21993127147766325 0.23203125 0.23711340206185566
0 0.31328125 0.12714776632302408 0.30625 0.12371134020618557 0.30234375 0.12542955326460484 0.31328125 0.12714776632302408
0 0.29140625 0.12542955326460484 0.2859375 0.12371134020618557 0.28515625 0.12714776632302408 0.29140625 0.12542955326460484
0 0.6828125 0.6134020618556701 0.675 0.6219931271477663 0.67890625 0.6529209621993128 0.68515625 0.6546391752577321 0.69140625 0.6443298969072165 0.7046875 0.6408934707903781 0.7796875 0.6426116838487973 0.78515625 0.6374570446735396 0.78203125 0.6237113402061857 0.7828125 0.6116838487972509 0.790625 0.6013745704467355 0.78671875 0.5738831615120275 0.79609375 0.5601374570446735 0.79140625 0.5446735395189004 0.79140625 0.5326460481099657 0.79453125 0.5223367697594502 0.8 0.5171821305841925 0.796875 0.5051546391752578 0.796875 0.4828178694158076 0.79375 0.4776632302405499 0.68828125 0.47938144329896915 0.684375 0.48453608247422686 0.68046875 0.5120274914089348 0.68359375 0.527491408934708 0.678125 0.5309278350515465 0.67734375 0.5429553264604812 0.678125 0.5962199312714777 0.6828125 0.6134020618556701
0 0.3421875 0.08247422680412372 0.3453125 0.09793814432989692 0.33671875 0.11168384879725086 0.340625 0.12542955326460484 0.3390625 0.140893470790378 0.33359375 0.15635738831615123 0.33359375 0.17010309278350516 0.3375 0.18900343642611686 0.3375 0.211340206185567 0.34296875 0.22508591065292097 0.33984375 0.2628865979381444 0.346875 0.31271477663230246 0.3453125 0.365979381443299 0.34765625 0.3917525773195877 0.3515625 0.40034364261168387 0.3515625 0.422680412371134 0.3484375 0.43642611683848803 0.3515625 0.4518900343642612 0.3515625 0.47594501718213056 0.35546875 0.48453608247422686 0.35390625 0.513745704467354 0.35703125 0.5532646048109966 0.36171875 0.5670103092783505 0.36171875 0.6082474226804124 0.36875 0.6219931271477663 0.36640625 0.6254295532646049 0.36796875 0.6391752577319588 0.36328125 0.6632302405498283 0.36796875 0.6821305841924399 0.36953125 0.7268041237113403 0.3671875 0.7371134020618557 0.36875 0.7628865979381444 0.37265625 0.7766323024054984 0.37265625 0.8487972508591065 0.37578125 0.8556701030927837 0.38359375 0.8591065292096222 0.46015625 0.8676975945017184 0.4625 0.8642611683848799 0.46015625 0.7594501718213059 0.45546875 0.7164948453608248 0.45625 0.6769759450171822 0.4515625 0.6460481099656358 0.45390625 0.6288659793814434 0.45390625 0.5859106529209622 0.45 0.570446735395189 0.45234375 0.5240549828178694 0.446875 0.49312714776632305 0.45 0.47938144329896915 0.45 0.4295532646048111 0.44375 0.41065292096219935 0.44453125 0.3969072164948454 0.44921875 0.38659793814432997 0.44921875 0.37457044673539525 0.4421875 0.3247422680412372 0.43671875 0.3041237113402062 0.446875 0.29037800687285226 0.446875 0.2611683848797251 0.4390625 0.211340206185567 0.44375 0.19931271477663232 0.4453125 0.17010309278350516 0.43671875 0.13402061855670105 0.4359375 0.11168384879725086 0.44296875 0.08247422680412372 0.4421875 0.061855670103092786 0.434375 0.05498281786941581 0.428125 0.06357388316151204 0.4125 0.06013745704467355 0.4078125 0.06529209621993128 0.3921875 0.06013745704467355 0.3828125 0.06529209621993128 0.38125 0.06013745704467355 0.37421875 0.06013745704467355 0.37109375 0.06529209621993128 0.34140625 0.06529209621993128 0.3375 0.070446735395189 0.3375 0.07731958762886598 0.3421875 0.08247422680412372
0 0.346875 0.372852233676976 0.346875 0.3917525773195877 0.3515625 0.40034364261168387 0.3484375 0.43642611683848803 0.35078125 0.47594501718213056 0.35546875 0.48453608247422686 0.353125 0.5154639175257733 0.3578125 0.5532646048109966 0.41171875 0.5532646048109966 0.41796875 0.5463917525773196 0.42890625 0.5567010309278351 0.45 0.5567010309278351 0.453125 0.5429553264604812 0.45234375 0.513745704467354 0.4484375 0.4965635738831615 0.4515625 0.44158075601374575 0.45078125 0.42783505154639184 0.44453125 0.40549828178694164 0.45 0.3780068728522337 0.4390625 0.3075601374570447 0.43046875 0.30068728522336774 0.3578125 0.30068728522336774 0.34609375 0.30927835051546393 0.34453125 0.365979381443299 0.346875 0.372852233676976
0 0.6765625 0.7079037800687286 0.671875 0.7130584192439863 0.6640625 0.7680412371134021 0.6671875 0.7852233676975946 0.6640625 0.8264604810996564 0.66484375 0.8814432989690723 0.67109375 0.8883161512027492 0.71328125 0.8848797250859107 0.76171875 0.8900343642611684 0.76171875 0.8642611683848799 0.765625 0.8591065292096222 0.76171875 0.8333333333333334 0.76875 0.8230240549828179 0.76640625 0.7972508591065293 0.77265625 0.7920962199312716 0.76953125 0.7646048109965636 0.77734375 0.7508591065292097 0.77578125 0.6872852233676976 0.78203125 0.6769759450171822 0.77890625 0.6477663230240551 0.69296875 0.6477663230240551 0.690625 0.6580756013745706 0.675 0.6649484536082475 0.675 0.6786941580756014 0.67109375 0.6855670103092784 0.67109375 0.6958762886597938 0.6765625 0.7079037800687286
0 0.33984375 0.2508591065292097 0.34140625 0.26460481099656363 0.34609375 0.25945017182130586 0.40078125 0.2560137457044674 0.43359375 0.25945017182130586 0.4453125 0.2525773195876289 0.43984375 0.21305841924398625 0.4375 0.20962199312714777 0.4140625 0.20446735395189006 0.39765625 0.20962199312714777 0.35234375 0.20790378006872853 0.3421875 0.21305841924398625 0.34375 0.22508591065292097 0.33984375 0.2508591065292097
0 0.3515625 0.5171821305841925 0.35546875 0.5515463917525774 0.35859375 0.5567010309278351 0.41875 0.5498281786941581 0.42421875 0.5567010309278351 0.45 0.5601374570446735 0.45390625 0.5481099656357389 0.4546875 0.527491408934708 0.4484375 0.4948453608247423 0.44765625 0.47594501718213056 0.3671875 0.4725085910652921 0.35546875 0.47938144329896915 0.3546875 0.5034364261168386 0.3515625 0.5171821305841925
0 0.4046875 0.44609375 0.00078125 0.0015625
0 0.225 0.21821305841924402 0.23203125 0.23711340206185566 0.23125 0.2560137457044674 0.234375 0.26632302405498287 0.23984375 0.2714776632302406 0.2609375 0.26460481099656363 0.3265625 0.2611683848797251 0.334375 0.24742268041237114 0.3296875 0.2457044673539519 0.32578125 0.23195876288659795 0.3296875 0.19243986254295536 0.325 0.1718213058419244 0.23515625 0.17353951890034364 0.22890625 0.18041237113402064 0.225 0.19759450171821308 0.225 0.21821305841924402
0 0.6640625 0.8264604810996564 0.66640625 0.8608247422680414 0.66484375 0.8831615120274915 0.6671875 0.88659793814433 0.76171875 0.8900343642611684 0.76171875 0.8642611683848799 0.76640625 0.8573883161512029 0.76328125 0.8316151202749141 0.76953125 0.8230240549828179 0.76640625 0.7989690721649485 0.7734375 0.7886597938144331 0.76953125 0.7663230240549829 0.771875 0.7577319587628867 0.7765625 0.7542955326460482 0.77578125 0.7233676975945018 0.77890625 0.718213058419244 0.77578125 0.7027491408934708 0.7765625 0.6890034364261168 0.78359375 0.6769759450171822 0.78125 0.6529209621993128 0.77890625 0.6477663230240551 0.746875 0.6477663230240551 0.73359375 0.6597938144329898 0.73203125 0.6546391752577321 0.73515625 0.6494845360824744 0.73203125 0.6460481099656358 0.7234375 0.6512027491408936 0.70390625 0.6460481099656358 0.69453125 0.6580756013745706 0.6765625 0.6632302405498283 0.67578125 0.6821305841924399 0.67265625 0.6872852233676976 0.6765625 0.7079037800687286 0.67265625 0.7130584192439863 0.67421875 0.7302405498281788 0.67109375 0.7336769759450172 0.67109375 0.7439862542955327 0.66484375 0.7680412371134021 0.66796875 0.7869415807560138 0.6640625 0.8264604810996564
0 0.4609375 0.4896907216494846 0.4609375 0.5068728522336771 0.45703125 0.527491408934708 0.45859375 0.5584192439862543 0.46328125 0.577319587628866 0.459375 0.6082474226804124 0.46015625 0.6340206185567011 0.46484375 0.6494845360824744 0.4625 0.6701030927835052 0.4625 0.7216494845360826 0.46640625 0.7680412371134021 0.46484375 0.7800687285223369 0.4671875 0.8694158075601376 0.49765625 0.8762886597938145 0.559375 0.8762886597938145 0.56015625 0.8109965635738833 0.5578125 0.7903780068728523 0.56015625 0.745704467353952 0.5578125 0.7336769759450172 0.56015625 0.7096219931271478 0.5578125 0.6975945017182131 0.55859375 0.6752577319587629 0.5546875 0.6563573883161513 0.559375 0.6408934707903781 0.56015625 0.6116838487972509 0.55703125 0.5790378006872853 0.5609375 0.5618556701030928 0.5609375 0.5189003436426117 0.55703125 0.5051546391752578 0.55703125 0.4896907216494846 0.5609375 0.47938144329896915 0.56171875 0.4347079037800688 0.55703125 0.41924398625429554 0.56015625 0.3917525773195877 0.5578125 0.3969072164948454 0.5546875 0.3917525773195877 0.54296875 0.39003436426116844 0.48828125 0.39518900343642616 0.48828125 0.38659793814432997 0.48671875 0.3917525773195877 0.48359375 0.38659793814432997 0.48203125 0.3934707903780069 0.46953125 0.3934707903780069 0.46015625 0.40034364261168387 0.459375 0.40549828178694164 0.45703125 0.4725085910652921 0.4609375 0.4896907216494846
0 0.5015625 0.38316151202749144 0.50546875 0.38487972508591073 0.50546875 0.3694158075601375 0.503125 0.372852233676976 0.5046875 0.37457044673539525 0.5015625 0.38316151202749144
0 0.50859375 0.3625429553264605 0.51640625 0.3625429553264605 0.51484375 0.3539518900343643 0.5109375 0.35223367697594504 0.5015625 0.3556701030927835 0.50859375 0.3625429553264605
0 0.5265625 0.34140625 0.00546875 0.0015625
0 0.56015625 0.34192439862542956 0.54765625 0.33676975945017185 0.54140625 0.34192439862542956 0.56015625 0.34192439862542956
0 0.51875 0.3264604810996564 0.52265625 0.3264604810996564 0.51796875 0.3195876288659794 0.51640625 0.32130584192439865 0.51875 0.3264604810996564
0 0.5375 0.31615120274914094 0.5328125 0.31271477663230246 0.5328125 0.3195876288659794 0.5375 0.31615120274914094
0 0.4875 0.30703125 0.00234375 0.0015625
0 0.54921875 0.30584192439862545 0.54140625 0.3041237113402062 0.540625 0.3075601374570447 0.54921875 0.30584192439862545
0 0.5125 0.3041237113402062 0.507421875 0.302405498281787 0.50625 0.3075601374570447 0.5125 0.3041237113402062
0 0.503125 0.30927835051546393 0.50625 0.3075601374570447 0.503125 0.302405498281787 0.49765625 0.31099656357388317 0.49609375 0.32130584192439865 0.50234375 0.3247422680412372 0.5046875 0.3230240549828179 0.503125 0.30927835051546393
0 0.365625 0.6769759450171822 0.36875 0.7130584192439863 0.36640625 0.738831615120275 0.371875 0.7817869415807561 0.37109375 0.8127147766323025 0.37421875 0.852233676975945 0.38515625 0.8591065292096222 0.4609375 0.8676975945017184 0.46171875 0.7611683848797252 0.45625 0.7233676975945018 0.45859375 0.6958762886597938 0.4578125 0.6512027491408936 0.453125 0.6357388316151203 0.3890625 0.6271477663230242 0.37265625 0.6288659793814434 0.36640625 0.6374570446735396 0.3625 0.6666666666666667 0.365625 0.6769759450171822
0 0.5703125 0.29037800687285226 0.5734375 0.29553264604810997 0.68203125 0.29037800687285226 0.6875 0.2852233676975945 0.6875 0.2577319587628866 0.6921875 0.2405498281786942 0.6875 0.20790378006872853 0.69375 0.1907216494845361 0.69375 0.1512027491408935 0.6921875 0.1443298969072165 0.6625 0.13917525773195877 0.64609375 0.1443298969072165 0.57421875 0.14604810996563575 0.57265625 0.16666666666666669 0.575 0.18384879725085912 0.57265625 0.19759450171821308 0.575 0.2061855670103093 0.57421875 0.21993127147766325 0.57109375 0.22336769759450173 0.57421875 0.23711340206185566 0.5703125 0.29037800687285226
0 0.678125 0.5309278350515465 0.6765625 0.5463917525773196 0.68125 0.5652920962199313 0.6859375 0.5652920962199313 0.68515625 0.5721649484536082 0.68046875 0.577319587628866 0.68203125 0.5927835051546392 0.690625 0.5979381443298969 0.71171875 0.5962199312714777 0.715625 0.5910652920962199 0.7375 0.5945017182130584 0.74609375 0.5910652920962199 0.74765625 0.5859106529209622 0.76171875 0.5945017182130584 0.7734375 0.5927835051546392 0.78515625 0.5807560137457045 0.78359375 0.5670103092783505 0.79609375 0.5601374570446735 0.78984375 0.534364261168385 0.79453125 0.5223367697594502 0.8 0.5189003436426117 0.796875 0.4828178694158076 0.803125 0.4742268041237113 0.796875 0.4639175257731959 0.77578125 0.4725085910652921 0.74375 0.47594501718213056 0.69921875 0.4725085910652921 0.6859375 0.4776632302405499 0.67890625 0.5103092783505155 0.68359375 0.527491408934708 0.678125 0.5309278350515465
0 0.69609375 0.44453125 0.0015625 0.0015625
0 0.784375 0.443298969072165 0.78203125 0.4484536082474227 0.78984375 0.4450171821305842 0.7890625 0.43814432989690727 0.784375 0.44158075601374575 0.7828125 0.43642611683848803 0.78125 0.4398625429553265 0.784375 0.443298969072165
0 0.71328125 0.43814432989690727 0.70703125 0.4347079037800688 0.70390625 0.44158075601374575 0.70234375 0.4347079037800688 0.70078125 0.43642611683848803 0.7015625 0.443298969072165 0.71328125 0.43814432989690727
0 0.7234375 0.45017182130584193 0.73046875 0.4450171821305842 0.74921875 0.44673539518900346 0.74296875 0.4398625429553265 0.7421875 0.43298969072164956 0.721875 0.4347079037800688 0.7203125 0.4398625429553265 0.7234375 0.45017182130584193
0 0.68515625 0.42783505154639184 0.6953125 0.443298969072165 0.68828125 0.46563573883161513 0.6921875 0.47079037800687284 0.69921875 0.47594501718213056 0.79453125 0.47594501718213056 0.7984375 0.4450171821305842 0.8078125 0.4295532646048111 0.80625 0.39518900343642616 0.81328125 0.38316151202749144 0.809375 0.35223367697594504 0.81796875 0.3350515463917526 0.815625 0.32130584192439865 0.815625 0.29553264604810997 0.81796875 0.288659793814433 0.79296875 0.2852233676975945 0.75390625 0.29037800687285226 0.7484375 0.28350515463917525 0.7453125 0.288659793814433 0.74453125 0.28350515463917525 0.740625 0.29037800687285226 0.71875 0.288659793814433 0.70703125 0.2800687285223368 0.6984375 0.288659793814433 0.69375 0.30068728522336774 0.69140625 0.3436426116838488 0.6859375 0.359106529209622 0.6875 0.39003436426116844 0.68515625 0.42783505154639184
0 0.66875 0.6958762886597938 0.675 0.7199312714776632 0.77734375 0.7199312714776632 0.77578125 0.6924398625429553 0.78359375 0.6821305841924399 0.7828125 0.6477663230240551 0.7796875 0.6443298969072165 0.67890625 0.6426116838487973 0.66953125 0.6632302405498283 0.671875 0.6786941580756014 0.66875 0.6958762886597938
0 0.7265625 0.62265625 0.00078125 0.0015625
0 0.71015625 0.6234375 0.0015625 0.003125
0 0.7765625 0.6116838487972509 0.77265625 0.6099656357388317 0.77109375 0.6116838487972509 0.7765625 0.6116838487972509
0 0.740625 0.6109375 0.00078125 0.0015625
0 0.734375 0.6125 0.00078125 0.00546875
0 0.76796875 0.6116838487972509 0.75859375 0.604810996563574 0.7578125 0.6116838487972509 0.76796875 0.6116838487972509
0 0.684375 0.60546875 0.00234375 0.0015625
0 0.70078125 0.6065292096219932 0.7015625 0.6134020618556701 0.7171875 0.6185567010309279 0.7203125 0.6271477663230242 0.72265625 0.6254295532646049 0.721875 0.6185567010309279 0.7265625 0.6134020618556701 0.725 0.604810996563574 0.71953125 0.6116838487972509 0.71640625 0.6065292096219932 0.7171875 0.6013745704467355 0.71171875 0.6082474226804124 0.71015625 0.6030927835051547 0.70859375 0.6134020618556701 0.7046875 0.6116838487972509 0.70390625 0.6013745704467355 0.69140625 0.6013745704467355 0.6921875 0.6065292096219932 0.70078125 0.6065292096219932
0 0.78671875 0.5927835051546392 0.7859375 0.5876288659793815 0.7828125 0.5876288659793815 0.78671875 0.5927835051546392
0 0.6796875 0.5893470790378007 0.68125 0.5979381443298969 0.684375 0.5910652920962199 0.68671875 0.5979381443298969 0.68515625 0.5807560137457045 0.70703125 0.5893470790378007 0.74140625 0.577319587628866 0.74453125 0.584192439862543 0.746875 0.5807560137457045 0.75078125 0.5859106529209622 0.76328125 0.5876288659793815 0.77265625 0.5807560137457045 0.775 0.5859106529209622 0.77578125 0.577319587628866 0.7859375 0.5738831615120275 0.784375 0.5670103092783505 0.74296875 0.563573883161512 0.68046875 0.5670103092783505 0.6828125 0.5824742268041238 0.6796875 0.5893470790378007
0 0.475 0.8058419243986255 0.48385390624999997 0.8058419243986255 0.484375 0.7989690721649485 0.4890625 0.8041237113402062 0.48046875 0.7903780068728523 0.471875 0.79553264604811 0.47109375 0.802405498281787 0.475 0.8058419243986255
0 0.49635390625 0.802405498281787 0.49921875 0.8075601374570448 0.50052109375 0.802405498281787 0.5037109375 0.8075601374570448 0.50546875 0.8006872852233677 0.50859375 0.8006872852233677 0.508203125 0.8075601374570448 0.5126953125 0.8075601374570448 0.51796875 0.7989690721649485 0.5171875 0.8075601374570448 0.52265625 0.8075601374570448 0.52578125 0.8006872852233677 0.528125 0.809278350515464 0.53984375 0.802405498281787 0.5421875 0.8075601374570448 0.54609375 0.8058419243986255 0.54296875 0.8006872852233677 0.534375 0.802405498281787 0.51328125 0.7920962199312716 0.51171875 0.7835051546391754 0.4921875 0.8041237113402062 0.49635390625 0.802405498281787
0 0.4609375 0.6769759450171822 0.4609375 0.6941580756013745 0.46328125 0.7199312714776632 0.4625 0.7474226804123713 0.46640625 0.7817869415807561 0.4828125 0.7835051546391754 0.4984375 0.7714776632302407 0.50703125 0.7731958762886599 0.509375 0.7800687285223369 0.5140625 0.7817869415807561 0.52265625 0.7783505154639176 0.55234375 0.7852233676975946 0.55703125 0.7800687285223369 0.5609375 0.752577319587629 0.56015625 0.6786941580756014 0.55546875 0.661512027491409 0.55703125 0.6426116838487973 0.52734375 0.6374570446735396 0.4640625 0.6426116838487973 0.46484375 0.6580756013745706 0.4609375 0.6769759450171822
0 0.775 0.31615120274914094 0.78046875 0.30927835051546393 0.77578125 0.30068728522336774 0.771875 0.30068728522336774 0.7671875 0.3075601374570447 0.775 0.31615120274914094
0 0.68984375 0.4484536082474227 0.684375 0.46219931271477666 0.68515625 0.4810996563573884 0.68125 0.5103092783505155 0.6859375 0.5292096219931273 0.678125 0.5429553264604812 0.68046875 0.5584192439862543 0.6796875 0.5962199312714777 0.6859375 0.6099656357388317 0.678125 0.6219931271477663 0.67890625 0.6512027491408936 0.68515625 0.6529209621993128 0.6921875 0.6443298969072165 0.71953125 0.6391752577319588 0.7390625 0.6443298969072165 0.78359375 0.6408934707903781 0.78125 0.6168384879725086 0.78515625 0.604810996563574 0.78984375 0.6013745704467355 0.7859375 0.5738831615120275 0.7890625 0.5652920962199313 0.79453125 0.5618556701030928 0.790625 0.5326460481099657 0.79921875 0.5171821305841925 0.796875 0.4828178694158076 0.80234375 0.4742268041237113 0.79921875 0.44158075601374575 0.80703125 0.4312714776632303 0.80546875 0.3934707903780069 0.8109375 0.3814432989690722 0.80703125 0.365979381443299 0.80703125 0.34879725085910657 0.815625 0.33333333333333337 0.81484375 0.3247422680412372 0.8078125 0.31271477663230246 0.80859375 0.3075601374570447 0.8140625 0.3075601374570447 0.81328125 0.3041237113402062 0.81015625 0.3041237113402062 0.8 0.32130584192439865 0.79609375 0.31615120274914094 0.796875 0.3075601374570447 0.79296875 0.30584192439862545 0.79296875 0.3178694158075602 0.7875 0.3247422680412372 0.77578125 0.32130584192439865 0.76953125 0.32817869415807566 0.765625 0.3230240549828179 0.7609375 0.32817869415807566 0.7546875 0.3230240549828179 0.75078125 0.3298969072164949 0.72734375 0.32817869415807566 0.71953125 0.33333333333333337 0.71328125 0.32130584192439865 0.71484375 0.31099656357388317 0.7125 0.29896907216494845 0.7171875 0.2972508591065292 0.6984375 0.2972508591065292 0.69453125 0.30584192439862545 0.69765625 0.3230240549828179 0.6953125 0.3247422680412372 0.69140625 0.3470790378006873 0.69140625 0.3556701030927835 0.69453125 0.3608247422680413 0.69375 0.37972508591065296 0.68984375 0.3814432989690722 0.6875 0.3934707903780069 0.68671875 0.42783505154639184 0.68984375 0.4484536082474227
0 0.7953125 0.29896907216494845 0.79375 0.29381443298969073 0.78828125 0.2972508591065292 0.784375 0.2920962199312715 0.7796875 0.2972508591065292 0.77734375 0.2920962199312715 0.7609375 0.29381443298969073 0.75703125 0.29896907216494845 0.75078125 0.29381443298969073 0.7484375 0.30068728522336774 0.740234375 0.29381443298969073 0.73984375 0.302405498281787 0.7390625 0.30068728522336774 0.7390625 0.3075601374570447 0.771875 0.29553264604810997 0.79296875 0.302405498281787 0.7953125 0.29896907216494845
0 0.73046875 0.2972508591065292 0.73515625 0.29553264604810997 0.7390625 0.30068728522336774 0.7359375 0.29381443298969073 0.73125 0.29553264604810997 0.72890625 0.2972508591065292 0.7296875 0.30584192439862545 0.7328125 0.3075601374570447 0.73046875 0.2972508591065292
0 0.36484375 0.5945017182130584 0.3625 0.5996563573883162 0.36796875 0.5945017182130584 0.36875 0.5996563573883162 0.3734375 0.6013745704467355 0.3703125 0.6134020618556701 0.36484375 0.6168384879725086 0.36640625 0.6426116838487973 0.3625 0.6649484536082475 0.365625 0.6752577319587629 0.365625 0.7027491408934708 0.36875 0.7216494845360826 0.36640625 0.7336769759450172 0.36796875 0.7628865979381444 0.37265625 0.7886597938144331 0.37265625 0.8470790378006873 0.3765625 0.8556701030927837 0.3859375 0.8591065292096222 0.46015625 0.8659793814432991 0.4609375 0.7611683848797252 0.45625 0.7096219931271478 0.45625 0.6529209621993128 0.453125 0.6426116838487973 0.453125 0.5859106529209622 0.4484375 0.5756013745704468 0.45 0.563573883161512 0.409375 0.5549828178694158 0.36875 0.5549828178694158 0.3625 0.5601374570446735 0.36484375 0.5945017182130584
0 0.3515625 0.45017182130584193 0.35078125 0.4742268041237113 0.35546875 0.4862542955326461 0.35390625 0.5154639175257733 0.35859375 0.5292096219931273 0.35546875 0.5532646048109966 0.359375 0.563573883161512 0.35703125 0.5927835051546392 0.36015625 0.6116838487972509 0.371875 0.6254295532646049 0.45234375 0.6305841924398626 0.45625 0.6151202749140894 0.45625 0.584192439862543 0.45078125 0.5567010309278351 0.4515625 0.534364261168385 0.4484375 0.5240549828178694 0.45 0.4312714776632303 0.4421875 0.41065292096219935 0.4421875 0.3934707903780069 0.41484375 0.3883161512027492 0.3640625 0.3917525773195877 0.3546875 0.39862542955326463 0.35234375 0.4072164948453609 0.34765625 0.44158075601374575 0.3515625 0.45017182130584193
0 0.4625 0.7474226804123713 0.46484375 0.7577319587628867 0.4671875 0.8711340206185568 0.5140625 0.8780068728522338 0.56015625 0.8762886597938145 0.56015625 0.6804123711340206 0.55546875 0.6580756013745706 0.55703125 0.6443298969072165 0.5265625 0.6374570446735396 0.4640625 0.6426116838487973 0.46171875 0.7130584192439863 0.4625 0.7474226804123713
0 0.6703125 0.6958762886597938 0.67421875 0.7199312714776632 0.678125 0.725085910652921 0.71484375 0.718213058419244 0.7734375 0.7233676975945018 0.7796875 0.7164948453608248 0.7765625 0.6907216494845361 0.7828125 0.6821305841924399 0.78203125 0.6494845360824744 0.78671875 0.6426116838487973 0.7828125 0.6151202749140894 0.790625 0.6013745704467355 0.7859375 0.5824742268041238 0.78828125 0.5652920962199313 0.78671875 0.5601374570446735 0.7546875 0.563573883161512 0.7375 0.5567010309278351 0.70078125 0.563573883161512 0.68203125 0.5601374570446735 0.67890625 0.584192439862543 0.68046875 0.6013745704467355 0.67421875 0.6219931271477663 0.67578125 0.6546391752577321 0.6703125 0.6958762886597938
0 0.765625 0.527491408934708 0.7625 0.5257731958762888 0.7609375 0.5292096219931273 0.765625 0.527491408934708
0 0.77890625 0.5257731958762888 0.778125 0.5223367697594502 0.7765625 0.527491408934708 0.775 0.5223367697594502 0.77578125 0.5292096219931273 0.77890625 0.5257731958762888
0 0.75703125 0.527491408934708 0.75 0.527491408934708 0.74375 0.520618556701031 0.73046875 0.5223367697594502 0.7296875 0.5292096219931273 0.75703125 0.527491408934708
0 0.7265625 0.5223367697594502 0.72109375 0.527491408934708 0.71875 0.520618556701031 0.71484375 0.5240549828178694 0.72109375 0.5309278350515465 0.7265625 0.5223367697594502
0 0.5640625 0.8333333333333334 0.56640625 0.8419243986254296 0.56484375 0.8591065292096222 0.5671875 0.8694158075601376 0.6453125 0.8762886597938145 0.65859375 0.8728522336769761 0.6609375 0.7542955326460482 0.6640625 0.7439862542955327 0.66171875 0.7199312714776632 0.665625 0.7079037800687286 0.66640625 0.6804123711340206 0.665625 0.6649484536082475 0.65859375 0.6357388316151203 0.57734375 0.6357388316151203 0.5671875 0.6443298969072165 0.5640625 0.6752577319587629 0.56328125 0.8041237113402062 0.5640625 0.8333333333333334
0 0.27109375 0.6546391752577321 0.27421875 0.6735395189003437 0.2734375 0.6890034364261168 0.278125 0.7044673539518901 0.27734375 0.725085910652921 0.28125 0.7336769759450172 0.27890625 0.7560137457044674 0.284375 0.7697594501718215 0.2859375 0.8178694158075602 0.28984375 0.8419243986254296 0.296875 0.8487972508591065 0.33828125 0.8539518900343642 0.3625 0.8505154639175257 0.36875 0.8264604810996564 0.3640625 0.7697594501718215 0.36328125 0.7079037800687286 0.3609375 0.6786941580756014 0.35625 0.6512027491408936 0.3515625 0.6408934707903781 0.35078125 0.6271477663230242 0.34453125 0.6219931271477663 0.3265625 0.6237113402061857 0.3171875 0.6151202749140894 0.28828125 0.6151202749140894 0.27265625 0.6288659793814434 0.275 0.6357388316151203 0.27109375 0.6546391752577321
0 0.440625 0.08419243986254296 0.4375 0.08075601374570447 0.43671875 0.0859106529209622 0.440625 0.08419243986254296
0 0.34765625 0.08419243986254296 0.35625 0.08075601374570447 0.35078125 0.07560137457044674 0.34765625 0.07731958762886598 0.34765625 0.08419243986254296
0 0.33203125 0.16838487972508592 0.33671875 0.18728522336769762 0.3359375 0.20962199312714777 0.34140625 0.2216494845360825 0.33984375 0.24914089347079038 0.3421875 0.25945017182130586 0.43203125 0.25945017182130586 0.4453125 0.2508591065292097 0.43984375 0.211340206185567 0.4453125 0.19931271477663232 0.44609375 0.16151202749140894 0.4375 0.13058419243986255 0.4375 0.10137457044673541 0.428125 0.08934707903780069 0.428125 0.070446735395189 0.4203125 0.070446735395189 0.4234375 0.07731958762886598 0.41796875 0.08419243986254296 0.421875 0.09450171821305843 0.41875 0.10137457044673541 0.40078125 0.10652920962199312 0.38203125 0.09965635738831616 0.36640625 0.10652920962199312 0.35546875 0.10137457044673541 0.33515625 0.11168384879725086 0.3390625 0.12714776632302408 0.33203125 0.16838487972508592
0 0.3859375 0.08934707903780069 0.38984375 0.0859106529209622 0.3875 0.070446735395189 0.384375 0.070446735395189 0.3859375 0.08934707903780069
0 0.36953125 0.09793814432989692 0.375 0.08419243986254296 0.37109375 0.07903780068728523 0.37109375 0.070446735395189 0.3640625 0.070446735395189 0.36171875 0.08762886597938145 0.36953125 0.09793814432989692
0 0.43203125 0.852233676975945 0.4328125 0.845360824742268 0.4296875 0.845360824742268 0.42890625 0.8487972508591065 0.43203125 0.852233676975945
0 0.35546875 0.84453125 0.0015625 0.0015625
0 0.35859375 0.8333333333333334 0.35078125 0.8298969072164949 0.35078125 0.8402061855670103 0.35859375 0.8333333333333334
0 0.2984375 0.8333333333333334 0.30234375 0.8419243986254296 0.30703125 0.8350515463917526 0.3125 0.8350515463917526 0.3140625 0.8419243986254296 0.3234375 0.8350515463917526 0.325 0.845360824742268 0.346875 0.8419243986254296 0.34296875 0.8419243986254296 0.34609375 0.8316151202749141 0.3421875 0.8230240549828179 0.32734375 0.8213058419243987 0.31640625 0.8264604810996564 0.3140625 0.8213058419243987 0.31015625 0.8298969072164949 0.309375 0.8230240549828179 0.29921875 0.8247422680412372 0.296875 0.8298969072164949 0.29296875 0.8247422680412372 0.29296875 0.8384879725085911 0.2984375 0.8333333333333334
0 0.3265625 0.8171875 0.00234375 0.0015625
0 0.4390625 0.09278350515463918 0.4421875 0.07731958762886598 0.4359375 0.07903780068728523 0.43359375 0.08419243986254296 0.4390625 0.09278350515463918
0 0.3765625 0.06796875 0.0015625 0.0015625
0 0.33203125 0.16838487972508592 0.33671875 0.18728522336769762 0.33671875 0.211340206185567 0.34140625 0.22336769759450173 0.33828125 0.2577319587628866 0.340625 0.28350515463917525 0.3421875 0.29553264604810997 0.34765625 0.302405498281787 0.3484375 0.31099656357388317 0.3515625 0.30068728522336774 0.43671875 0.29896907216494845 0.44765625 0.2920962199312715 0.4484375 0.2611683848797251 0.44140625 0.21649484536082478 0.4453125 0.19931271477663232 0.44609375 0.16151202749140894 0.4375 0.13058419243986255 0.4375 0.09793814432989692 0.4296875 0.09278350515463918 0.42890625 0.06872852233676977 0.40390625 0.06872852233676977 0.40703125 0.08762886597938145 0.39375 0.08762886597938145 0.38828125 0.07731958762886598 0.38828125 0.070446735395189 0.38515625 0.06872852233676977 0.3828125 0.070446735395189 0.384375 0.07731958762886598 0.38203125 0.08419243986254296 0.375 0.08762886597938145 0.36953125 0.06701030927835053 0.36328125 0.07216494845360825 0.36171875 0.06701030927835053 0.36171875 0.07903780068728523 0.35546875 0.06701030927835053 0.34765625 0.07731958762886598 0.35078125 0.10309278350515465 0.3421875 0.10824742268041239 0.33984375 0.11512027491408935 0.33828125 0.10824742268041239 0.33671875 0.11168384879725086 0.340625 0.11855670103092783 0.33203125 0.16838487972508592
0 0.346875 0.3195876288659794 0.34453125 0.365979381443299 0.34609375 0.3917525773195877 0.3515625 0.40034364261168387 0.3484375 0.43642611683848803 0.3515625 0.4484536082474227 0.353125 0.4742268041237113 0.44921875 0.47594501718213056 0.4515625 0.42783505154639184 0.44453125 0.4037800687285224 0.45 0.38659793814432997 0.45 0.3711340206185567 0.4375 0.2972508591065292 0.425 0.2920962199312715 0.4109375 0.2972508591065292 0.40234375 0.2920962199312715 0.38046875 0.30068728522336774 0.3765625 0.29037800687285226 0.35703125 0.29553264604810997 0.34375 0.302405498281787 0.346875 0.3195876288659794
0 0.375 0.2515625 0.00390625 0.0015625
0 0.4078125 0.23711340206185566 0.40390625 0.23539518900343642 0.40078125 0.23711340206185566 0.4078125 0.23711340206185566
0 0.34140625 0.26632302405498287 0.35078125 0.26632302405498287 0.351171875 0.25945017182130586 0.35625 0.25945017182130586 0.35546875 0.26632302405498287 0.3703125 0.26632302405498287 0.371875 0.2577319587628866 0.376953125 0.2577319587628866 0.38046875 0.2680412371134021 0.38671875 0.2628865979381444 0.396875 0.2680412371134021 0.39869765625000003 0.2560137457044674 0.40703125 0.2560137457044674 0.40390625 0.2680412371134021 0.41328125 0.2628865979381444 0.425 0.2714776632302406 0.43828125 0.2680412371134021 0.44140625 0.27491408934707906 0.4421875 0.29037800687285226 0.4453125 0.29037800687285226 0.44609375 0.28350515463917525 0.44609375 0.25429553264604815 0.4390625 0.23367697594501718 0.43515625 0.23539518900343642 0.43203125 0.2457044673539519 0.41640625 0.2560137457044674 0.415625 0.2508591065292097 0.39296875 0.2577319587628866 0.3859375 0.2508591065292097 0.3859375 0.2560137457044674 0.38203125 0.2577319587628866 0.3671875 0.2525773195876289 0.34375 0.2577319587628866 0.340625 0.25945017182130586 0.34140625 0.26632302405498287
0 0.43671875 0.22508591065292097 0.4328125 0.2216494845360825 0.43203125 0.22680412371134023 0.43671875 0.22508591065292097
0 0.39296875 0.22265625 0.0046875 0.0015625
0 0.43125 0.21649484536082478 0.42734375 0.211340206185567 0.42421875 0.21649484536082478 0.43125 0.21649484536082478
0 0.41171875 0.21477663230240554 0.409375 0.20962199312714777 0.403125 0.20962199312714777 0.40390625 0.21649484536082478 0.41171875 0.21477663230240554
0 0.3671875 0.21305841924398625 0.36953125 0.22508591065292097 0.3796875 0.22508591065292097 0.387890625 0.21305841924398625 0.3671875 0.21305841924398625
0 0.3484375 0.36171875 0.00078125 0.0015625
0 0.43203125 0.34140625 0.0015625 0.0015625
0 0.36328125 0.3230240549828179 0.36171875 0.33333333333333337 0.36875 0.33333333333333337 0.36953125 0.34879725085910657 0.3609375 0.35223367697594504 0.36015625 0.35738831615120276 0.3484375 0.35223367697594504 0.3578125 0.35738831615120276 0.36328125 0.38316151202749144 0.3625 0.39003436426116844 0.35703125 0.39003436426116844 0.35546875 0.39518900343642616 0.35234375 0.39003436426116844 0.35234375 0.42783505154639184 0.34921875 0.43642611683848803 0.35234375 0.4553264604810997 0.3515625 0.47594501718213056 0.35546875 0.4862542955326461 0.353125 0.5120274914089348 0.35625 0.5532646048109966 0.3609375 0.5670103092783505 0.359375 0.5910652920962199 0.36796875 0.6374570446735396 0.36328125 0.6632302405498283 0.36640625 0.6735395189003437 0.36875 0.7079037800687286 0.36875 0.7628865979381444 0.37265625 0.7749140893470792 0.3734375 0.7886597938144331 0.37265625 0.8487972508591065 0.38515625 0.8591065292096222 0.459375 0.8676975945017184 0.46171875 0.8642611683848799 0.46015625 0.7594501718213059 0.45625 0.7268041237113403 0.4546875 0.6529209621993128 0.45234375 0.6460481099656358 0.4546875 0.584192439862543 0.4515625 0.5670103092783505 0.45234375 0.5223367697594502 0.44765625 0.4948453608247423 0.45 0.4810996563573884 0.45 0.43642611683848803 0.4421875 0.41580756013745707 0.44296875 0.3917525773195877 0.42395859375 0.3883161512027492 0.42265625 0.37972508591065296 0.41640625 0.372852233676976 0.41640625 0.36426116838487976 0.42265625 0.3505154639175258 0.42578125 0.3505154639175258 0.42734375 0.35738831615120276 0.44609375 0.3608247422680413 0.44609375 0.3556701030927835 0.43984375 0.3470790378006873 0.43671875 0.35738831615120276 0.43125 0.35223367697594504 0.434375 0.3470790378006873 0.4328125 0.3350515463917526 0.4390625 0.3264604810996564 0.43984375 0.3178694158075602 0.42890625 0.3041237113402062 0.4203125 0.3075601374570447 0.4125 0.302405498281787 0.38671875 0.3075601374570447 0.375 0.3041237113402062 0.3640625 0.31271477663230246 0.36796875 0.32130584192439865 0.36328125 0.3230240549828179
0 0.5328125 0.28515625 0.0015625 0.003125
0 0.4578125 0.26460481099656363 0.45625 0.27835051546391754 0.46015625 0.2611683848797251 0.46484375 0.2628865979381444 0.46796875 0.2680412371134021 0.46796875 0.2766323024054983 0.4734375 0.2800687285223368 0.478125 0.2714776632302406 0.47421875 0.26460481099656363 0.4765625 0.25945017182130586 0.50859375 0.2560137457044674 0.51171875 0.2611683848797251 0.5328125 0.2611683848797251 0.5359375 0.2560137457044674 0.54296875 0.2714776632302406 0.54375 0.2628865979381444 0.54921875 0.2560137457044674 0.565625 0.2508591065292097 0.5625 0.23883161512027495 0.565625 0.211340206185567 0.5640625 0.20274914089347082 0.528125 0.19931271477663232 0.51875 0.20446735395189006 0.4734375 0.20446735395189006 0.45546875 0.21305841924398625 0.45234375 0.2577319587628866 0.4578125 0.26460481099656363
0 0.22109375 0.10996563573883163 0.22734375 0.11168384879725086 0.23046875 0.11855670103092783 0.22578125 0.12542955326460484 0.22734375 0.13058419243986255 0.2234375 0.13058419243986255 0.221875 0.17010309278350516 0.22890625 0.18384879725085912 0.22578125 0.21477663230240554 0.2328125 0.23539518900343642 0.2328125 0.25945017182130586 0.23046875 0.2680412371134021 0.23515625 0.2852233676975945 0.23671875 0.31099656357388317 0.24140625 0.33333333333333337 0.2390625 0.35223367697594504 0.24609375 0.3694158075601375 0.2453125 0.3934707903780069 0.25078125 0.42439862542955326 0.24921875 0.4347079037800688 0.2546875 0.45017182130584193 0.2546875 0.4776632302405499 0.25859375 0.4914089347079038 0.2546875 0.5154639175257733 0.2609375 0.5257731958762888 0.26015625 0.5549828178694158 0.26484375 0.570446735395189 0.26484375 0.5876288659793815 0.26875 0.5945017182130584 0.26875 0.6082474226804124 0.27421875 0.6357388316151203 0.27109375 0.6563573883161513 0.27265625 0.6821305841924399 0.278125 0.7061855670103093 0.27734375 0.7216494845360826 0.28203125 0.7336769759450172 0.2796875 0.7508591065292097 0.28515625 0.7714776632302407 0.28984375 0.8419243986254296 0.29921875 0.8487972508591065 0.36015625 0.852233676975945 0.36796875 0.8247422680412372 0.36328125 0.7783505154639176 0.3625 0.7233676975945018 0.36015625 0.7164948453608248 0.36171875 0.7079037800687286 0.35703125 0.6580756013745706 0.35 0.6408934707903781 0.3515625 0.6134020618556701 0.346875 0.604810996563574 0.353125 0.5979381443298969 0.3484375 0.5910652920962199 0.35078125 0.5876288659793815 0.34609375 0.570446735395189 0.3453125 0.5567010309278351 0.34921875 0.5498281786941581 0.34921875 0.5223367697594502 0.34296875 0.5 0.34140625 0.47938144329896915 0.34453125 0.45360824742268047 0.34140625 0.443298969072165 0.3375 0.44158075601374575 0.3390625 0.43298969072164956 0.3359375 0.42783505154639184 0.33515625 0.40549828178694164 0.33984375 0.3694158075601375 0.334375 0.3436426116838488 0.33359375 0.3230240549828179 0.32890625 0.30927835051546393 0.33359375 0.2920962199312715 0.3328125 0.27491408934707906 0.32734375 0.2611683848797251 0.325 0.23367697594501718 0.32890625 0.19243986254295536 0.31796875 0.15463917525773196 0.31796875 0.1288659793814433 0.31953125 0.11855670103092783 0.32421875 0.11168384879725086 0.321875 0.10481099656357389 0.32890625 0.09106529209621994 0.328125 0.08075601374570447 0.322265625 0.07903780068728523 0.31953125 0.08762886597938145 0.3171875 0.0859106529209622 0.3171875 0.07903780068728523 0.31484375 0.09450171821305843 0.3125 0.09450171821305843 0.30703125 0.0859106529209622 0.303125 0.09106529209621994 0.2921875 0.08762886597938145 0.2890625 0.08075601374570447 0.28125 0.08075601374570447 0.278125 0.0859106529209622 0.27734375 0.08075601374570447 0.275 0.09106529209621994 0.2640625 0.07560137457044674 0.25078125 0.08247422680412372 0.253125 0.08762886597938145 0.2515625 0.09106529209621994 0.240625 0.09450171821305843 0.23515625 0.08762886597938145 0.228125 0.08762886597938145 0.2296875 0.09793814432989692 0.22734375 0.10309278350515465 0.2171875 0.10137457044673541 0.21640625 0.11512027491408935 0.22109375 0.10996563573883163
0 0.34765625 0.4398625429553265 0.35234375 0.4587628865979382 0.35078125 0.47594501718213056 0.35546875 0.4862542955326461 0.35546875 0.5532646048109966 0.36015625 0.5652920962199313 0.3578125 0.5910652920962199 0.3609375 0.6116838487972509 0.36640625 0.6185567010309279 0.3859375 0.6237113402061857 0.4078125 0.6202749140893471 0.428125 0.6271477663230242 0.453125 0.6254295532646049 0.45546875 0.6151202749140894 0.45546875 0.5807560137457045 0.4515625 0.563573883161512 0.453125 0.5360824742268042 0.45 0.5223367697594502 0.45078125 0.5068728522336771 0.4484375 0.49312714776632305 0.45078125 0.4398625429553265 0.45 0.4295532646048111 0.44296875 0.4123711340206186 0.44296875 0.3934707903780069 0.41953125 0.3883161512027492 0.3625 0.3917525773195877 0.35703125 0.39518900343642616 0.35234375 0.4072164948453609 0.35234375 0.4209621993127148 0.34765625 0.4398625429553265
0 0.31328125 0.29453125 0.003125 0.0015625
0 0.228125 0.18556701030927836 0.225 0.20274914089347082 0.2265625 0.21993127147766325 0.23203125 0.23539518900343642 0.2296875 0.2680412371134021 0.23671875 0.2852233676975945 0.2390625 0.30068728522336774 0.26796875 0.302405498281787 0.28828125 0.29553264604810997 0.3015625 0.29896907216494845 0.30859375 0.29037800687285226 0.309375 0.29553264604810997 0.31171875 0.28350515463917525 0.32265625 0.288659793814433 0.3265625 0.281786941580756 0.32421875 0.26975945017182135 0.32890625 0.2628865979381444 0.3328125 0.2457044673539519 0.33125 0.22852233676975947 0.3265625 0.2216494845360825 0.33046875 0.19243986254295536 0.32421875 0.15635738831615123 0.3203125 0.14776632302405499 0.3203125 0.13058419243986255 0.32265625 0.12542955326460484 0.32109375 0.11855670103092783 0.2421875 0.12199312714776633 0.228125 0.12542955326460484 0.22265625 0.1357388316151203 0.2203125 0.1718213058419244 0.228125 0.18556701030927836
0 0.7203125 0.5549828178694158 0.72421875 0.5446735395189004 0.7125 0.5446735395189004 0.71171875 0.5378006872852235 0.70234375 0.534364261168385 0.7 0.5395189003436427 0.69140625 0.5378006872852235 0.68984375 0.5446735395189004 0.68125 0.5446735395189004 0.67890625 0.5463917525773196 0.68125 0.5532646048109966 0.68984375 0.5549828178694158 0.7203125 0.5549828178694158
0 0.771875 0.5446735395189004 0.77265625 0.5515463917525774 0.7765625 0.5515463917525774 0.778125 0.5446735395189004 0.78046875 0.5515463917525774 0.78359375 0.5463917525773196 0.7828125 0.5395189003436427 0.7734375 0.5429553264604812 0.76875 0.534364261168385 0.759375 0.5395189003436427 0.734375 0.5360824742268042 0.73125 0.5395189003436427 0.73203125 0.5446735395189004 0.72421875 0.5446735395189004 0.725390625 0.5532646048109966 0.7421875 0.5567010309278351 0.76484375 0.5549828178694158 0.771875 0.5446735395189004
0 0.8 0.403125 0.0015625 0.0015625
0 0.6953125 0.39862542955326463 0.69609375 0.40549828178694164 0.7140625 0.4089347079037801 0.71484375 0.4175257731958763 0.7109375 0.4261168384879725 0.690625 0.43298969072164956 0.68203125 0.45704467353951894 0.68515625 0.4776632302405499 0.68984375 0.4862542955326461 0.6828125 0.5120274914089348 0.68828125 0.5223367697594502 0.7265625 0.513745704467354 0.75 0.5189003436426117 0.78515625 0.5154639175257733 0.79140625 0.5103092783505155 0.7953125 0.4828178694158076 0.803125 0.47594501718213056 0.8 0.4639175257731959 0.8 0.4398625429553265 0.80625 0.4312714776632303 0.80625 0.4261168384879725 0.77421875 0.4261168384879725 0.7671875 0.4209621993127148 0.765234375 0.4089347079037801 0.7703125 0.4089347079037801 0.771875 0.4037800687285224 0.778125 0.4123711340206186 0.7875 0.41065292096219935 0.7921875 0.40034364261168387 0.803125 0.39862542955326463 0.80390625 0.39003436426116844 0.79921875 0.3969072164948454 0.79765625 0.3883161512027492 0.79375 0.39518900343642616 0.7921875 0.3883161512027492 0.7890625 0.39518900343642616 0.78671875 0.3883161512027492 0.7234375 0.38316151202749144 0.70286484375 0.38659793814432997 0.69921875 0.39518900343642616 0.69869765625 0.38659793814432997 0.6890625 0.39003436426116844 0.68984375 0.39518900343642616 0.6953125 0.39862542955326463
0 0.3640625 0.43642611683848803 0.359375 0.43642611683848803 0.359375 0.44158075601374575 0.35625 0.443298969072165 0.3515625 0.43298969072164956 0.3515625 0.44158075601374575 0.35546875 0.4450171821305842 0.35546875 0.4639175257731959 0.35234375 0.47594501718213056 0.35546875 0.4810996563573884 0.35390625 0.5154639175257733 0.35859375 0.5292096219931273 0.35546875 0.5532646048109966 0.359375 0.563573883161512 0.35703125 0.5910652920962199 0.36015625 0.6116838487972509 0.37265625 0.6237113402061857 0.45234375 0.6288659793814434 0.45625 0.6099656357388317 0.45546875 0.5824742268041238 0.45078125 0.5584192439862543 0.45078125 0.534364261168385 0.446875 0.5257731958762888 0.44921875 0.5154639175257733 0.446875 0.4965635738831615 0.4484375 0.46563573883161513 0.434375 0.47079037800687284 0.43046875 0.46219931271477666 0.4390625 0.4450171821305842 0.4484375 0.44158075601374575 0.446875 0.4295532646048111 0.44375 0.42783505154639184 0.4390625 0.43642611683848803 0.43359375 0.43814432989690727 0.4140625 0.4347079037800688 0.4015625 0.4209621993127148 0.384765625 0.422680412371134 0.38125 0.4295532646048111 0.38046875 0.422680412371134 0.36484375 0.44158075601374575 0.3640625 0.43642611683848803
0 0.36796875 0.39862542955326463 0.3625 0.39518900343642616 0.359375 0.40034364261168387 0.36796875 0.39862542955326463
0 0.38359375 0.4123711340206186 0.390625 0.41065292096219935 0.39296875 0.39862542955326463 0.4078125 0.41408934707903783 0.4109375 0.39518900343642616 0.41484375 0.4089347079037801 0.425 0.40034364261168387 0.41484375 0.3917525773195877 0.403125 0.3917525773195877 0.40546875 0.40549828178694164 0.403125 0.40549828178694164 0.396875 0.39862542955326463 0.396875 0.3917525773195877 0.3921875 0.3969072164948454 0.3859375 0.3917525773195877 0.38125 0.4072164948453609 0.378125 0.3934707903780069 0.3765625 0.39518900343642616 0.375 0.40549828178694164 0.38359375 0.4123711340206186
0 0.6984375 0.2405498281786942 0.703125 0.2611683848797251 0.69453125 0.2972508591065292 0.69375 0.32817869415807566 0.7015625 0.3402061855670103 0.73255234375 0.33676975945017185 0.73125 0.34879725085910657 0.7234375 0.35738831615120276 0.715625 0.3608247422680413 0.703125 0.3556701030927835 0.70078125 0.36769759450171824 0.69609375 0.37457044673539525 0.74921875 0.3762886597938145 0.76875 0.38316151202749144 0.7953125 0.372852233676976 0.8 0.3608247422680413 0.80234375 0.36769759450171824 0.80703125 0.3694158075601375 0.80625 0.35738831615120276 0.80859375 0.3470790378006873 0.8171875 0.33333333333333337 0.81484375 0.3041237113402062 0.82109375 0.2852233676975945 0.81796875 0.24914089347079038 0.8265625 0.22336769759450173 0.82421875 0.19759450171821308 0.81640625 0.1941580756013746 0.8140625 0.18556701030927836 0.78671875 0.1907216494845361 0.746875 0.18728522336769762 0.70390625 0.19243986254295536 0.7 0.2061855670103093 0.703125 0.22852233676975947 0.6984375 0.2405498281786942
0 0.7203125 0.5532646048109966 0.72578125 0.5498281786941581 0.71640625 0.5446735395189004 0.71484375 0.5498281786941581 0.7203125 0.5532646048109966
0 0.71171875 0.5498281786941581 0.71015625 0.5446735395189004 0.70390625 0.5463917525773196 0.703125 0.5498281786941581 0.71171875 0.5498281786941581
0 0.73359375 0.5532646048109966 0.74765625 0.5515463917525774 0.75234375 0.5584192439862543 0.77109375 0.5498281786941581 0.771875 0.5412371134020619 0.77578125 0.5498281786941581 0.78046875 0.5498281786941581 0.78203125 0.5429553264604812 0.77421875 0.5395189003436427 0.76953125 0.527491408934708 0.77109375 0.5378006872852235 0.76171875 0.5378006872852235 0.7578125 0.527491408934708 0.7453125 0.5412371134020619 0.7421875 0.5326460481099657 0.7359375 0.5326460481099657 0.728125 0.5463917525773196 0.72734375 0.5498281786941581 0.73359375 0.5532646048109966
0 0.6890625 0.3711340206185567 0.6859375 0.42783505154639184 0.69296875 0.4484536082474227 0.6890625 0.4639175257731959 0.6921875 0.48797250859106533 0.6875 0.4965635738831615 0.68671875 0.5051546391752578 0.69140625 0.5171821305841925 0.72734375 0.513745704467354 0.73046875 0.5189003436426117 0.734375 0.5154639175257733 0.7515625 0.5223367697594502 0.784375 0.5189003436426117 0.7890625 0.5257731958762888 0.796875 0.5189003436426117 0.79609375 0.4828178694158076 0.80234375 0.4742268041237113 0.79921875 0.44673539518900346 0.8015625 0.43642611683848803 0.8078125 0.4312714776632303 0.80625 0.39518900343642616 0.8125 0.38316151202749144 0.80859375 0.35223367697594504 0.81796875 0.33333333333333337 0.8140625 0.29037800687285226 0.69921875 0.29381443298969073 0.69453125 0.302405498281787 0.69375 0.3230240549828179 0.69609375 0.32817869415807566 0.6890625 0.3539518900343643 0.69140625 0.365979381443299 0.6890625 0.3711340206185567
0 0.553125 0.12734375 0.00078125 0.003125
0 0.4984375 0.12265625 0.00078125 0.0015625
0 0.459375 0.12714776632302408 0.459375 0.13402061855670105 0.4640625 0.13230240549828182 0.4625 0.14261168384879724 0.46796875 0.1443298969072165 0.47890625 0.13402061855670105 0.4875 0.13917525773195877 0.49270859375000003 0.13745704467353953 0.49296875 0.13230240549828182 0.49713515625 0.13745704467353953 0.50078125 0.13058419243986255 0.50234375 0.13917525773195877 0.50703125 0.140893470790378 0.50859375 0.13058419243986255 0.5125 0.13917525773195877 0.515625 0.13058419243986255 0.5171875 0.13917525773195877 0.5265625 0.13917525773195877 0.534375 0.13058419243986255 0.53359375 0.11855670103092783 0.5203125 0.12371134020618557 0.51796875 0.1288659793814433 0.51484375 0.1288659793814433 0.5109375 0.11855670103092783 0.509375 0.1288659793814433 0.4859375 0.13230240549828182 0.475 0.13230240549828182 0.4734375 0.12371134020618557 0.4703125 0.12371134020618557 0.465625 0.13058419243986255 0.459375 0.12714776632302408
0 0.4515625 0.10481099656357389 0.48125 0.10652920962199312 0.50234375 0.09965635738831616 0.51015625 0.10309278350515465 0.515625 0.11340206185567012 0.51796875 0.10996563573883163 0.515625 0.10137457044673541 0.5203125 0.09793814432989692 0.5484375 0.09793814432989692 0.5546875 0.10309278350515465 0.55625 0.11168384879725086 0.56015625 0.10996563573883163 0.56875 0.09450171821305843 0.56953125 0.061855670103092786 0.5640625 0.0429553264604811 0.5578125 0.04123711340206186 0.55 0.05326460481099656 0.5421875 0.0429553264604811 0.5359375 0.044673539518900345 0.52890625 0.05498281786941581 0.521875 0.0429553264604811 0.5140625 0.044673539518900345 0.50703125 0.05498281786941581 0.49765625 0.04639175257731959 0.4921875 0.04639175257731959 0.4875 0.05326460481099656 0.478125 0.04639175257731959 0.46640625 0.05498281786941581 0.4578125 0.04982817869415808 0.45 0.06529209621993128 0.4484375 0.09965635738831616 0.4515625 0.10481099656357389
0 0.271875 0.10481099656357389 0.26640625 0.09965635738831616 0.2640625 0.10309278350515465 0.271875 0.10481099656357389
0 0.22265625 0.13230240549828182 0.2203125 0.1718213058419244 0.22734375 0.18556701030927836 0.22421875 0.19931271477663232 0.225 0.21649484536082478 0.23125 0.23539518900343642 0.22890625 0.2680412371134021 0.2328125 0.2800687285223368 0.23515625 0.30584192439862545 0.24140625 0.3195876288659794 0.25390625 0.3144329896907217 0.259375 0.32130584192439865 0.265625 0.3075601374570447 0.328125 0.30584192439862545 0.334375 0.29896907216494845 0.334375 0.2766323024054983 0.33125 0.26460481099656363 0.334375 0.2405498281786942 0.33046875 0.23367697594501718 0.33203125 0.22852233676975947 0.32890625 0.2216494845360825 0.33125 0.1907216494845361 0.31953125 0.14604810996563575 0.321875 0.11512027491408935 0.31015625 0.11168384879725086 0.2859375 0.1202749140893471 0.2640625 0.11855670103092783 0.25390625 0.09793814432989692 0.2546875 0.10824742268041239 0.25 0.11855670103092783 0.2234375 0.12199312714776633 0.2203125 0.1202749140893471 0.2203125 0.09793814432989692 0.2171875 0.09793814432989692 0.21640625 0.1202749140893471 0.22265625 0.13230240549828182
0 0.3265625 0.09106529209621994 0.3234375 0.09106529209621994 0.32421875 0.10309278350515465 0.3265625 0.09106529209621994
0 0.23828125 0.09965635738831616 0.23515625 0.08934707903780069 0.23203125 0.08934707903780069 0.23046875 0.09106529209621994 0.23828125 0.09965635738831616
0 0.24765625 0.4347079037800688 0.25390625 0.4484536082474227 0.2546875 0.4690721649484536 0.25234375 0.4776632302405499 0.2578125 0.4896907216494846 0.2546875 0.5171821305841925 0.26015625 0.5223367697594502 0.26171875 0.5360824742268042 0.25859375 0.5549828178694158 0.2640625 0.5721649484536082 0.26328125 0.5876288659793815 0.2671875 0.5945017182130584 0.271875 0.6219931271477663 0.3328125 0.6237113402061857 0.35234375 0.6185567010309279 0.3546875 0.6082474226804124 0.35390625 0.5807560137457045 0.3484375 0.5618556701030928 0.35078125 0.5463917525773196 0.35 0.5240549828178694 0.34453125 0.5017182130584193 0.34296875 0.47594501718213056 0.34609375 0.45360824742268047 0.3453125 0.4450171821305842 0.3375 0.42783505154639184 0.33515625 0.3969072164948454 0.328125 0.3917525773195877 0.26015625 0.3917525773195877 0.24921875 0.40034364261168387 0.25078125 0.42783505154639184 0.24765625 0.4347079037800688
0 0.66328125 0.879725085910653 0.66796875 0.8900343642611684 0.76171875 0.8934707903780069 0.7640625 0.88659793814433 0.76328125 0.8659793814432991 0.7671875 0.8573883161512029 0.7640625 0.8350515463917526 0.7703125 0.8230240549828179 0.76640625 0.7938144329896908 0.74921875 0.7869415807560138 0.6734375 0.7869415807560138 0.66796875 0.7920962199312716 0.665625 0.8075601374570448 0.66328125 0.8264604810996564 0.66328125 0.879725085910653
0 0.75859375 0.7577319587628867 0.7536221590909091 0.7599187753826929 0.75859375 0.7646048109965636 0.75859375 0.7577319587628867
0 0.7529513888888889 0.7602138220694923 0.75078125 0.7611683848797252 0.7515625 0.7663230240549829 0.7529513888888889 0.7602138220694923
0 0.70078125 0.7646048109965636 0.703125 0.7577319587628867 0.6984375 0.7611683848797252 0.696875 0.7646048109965636 0.70078125 0.7646048109965636
0 0.71953125 0.7594501718213059 0.721875 0.7542955326460482 0.71484375 0.7542955326460482 0.71953125 0.7594501718213059
0 0.72890625 0.7611683848797252 0.72734375 0.7646048109965636 0.7453125 0.7646048109965636 0.74453125 0.7577319587628867 0.73515625 0.752577319587629 0.72578125 0.7542955326460482 0.72890625 0.7611683848797252
0 0.66328125 0.8264604810996564 0.66484375 0.8848797250859107 0.671875 0.8900343642611684 0.71328125 0.88659793814433 0.7609375 0.8917525773195877 0.7625 0.8625429553264606 0.76640625 0.8556701030927837 0.7625 0.8333333333333334 0.76875 0.8247422680412372 0.76640625 0.7989690721649485 0.77265625 0.7920962199312716 0.76953125 0.7646048109965636 0.7765625 0.7542955326460482 0.77734375 0.7164948453608248 0.775 0.6924398625429553 0.7828125 0.6786941580756014 0.78046875 0.6512027491408936 0.77578125 0.6460481099656358 0.703125 0.6443298969072165 0.690625 0.6477663230240551 0.6890625 0.6546391752577321 0.68203125 0.6597938144329898 0.678125 0.6563573883161513 0.671875 0.668384879725086 0.6734375 0.6804123711340206 0.6703125 0.6855670103092784 0.66953125 0.6958762886597938 0.67421875 0.7061855670103093 0.67109375 0.711340206185567 0.671875 0.725085910652921 0.66875 0.731958762886598 0.6640625 0.7663230240549829 0.66640625 0.7835051546391754 0.66328125 0.8264604810996564
0 0.36171875 0.5481099656357389 0.36953125 0.5360824742268042 0.36875 0.527491408934708 0.36484375 0.527491408934708 0.35859375 0.5378006872852235 0.36171875 0.5481099656357389
0 0.34453125 0.34879725085910657 0.34609375 0.3934707903780069 0.35078125 0.40034364261168387 0.35078125 0.41924398625429554 0.34765625 0.43642611683848803 0.3515625 0.47594501718213056 0.365625 0.4914089347079038 0.3609375 0.5068728522336771 0.37265625 0.5103092783505155 0.3796875 0.5034364261168386 0.384375 0.5103092783505155 0.390625 0.5068728522336771 0.39609375 0.5120274914089348 0.41015625 0.5068728522336771 0.41484375 0.5154639175257733 0.4203125 0.5171821305841925 0.421875 0.5292096219931273 0.42421875 0.5223367697594502 0.43046875 0.5292096219931273 0.428125 0.5395189003436427 0.434375 0.5395189003436427 0.43984375 0.5189003436426117 0.446875 0.5120274914089348 0.44609375 0.4965635738831615 0.44140625 0.4965635738831615 0.440625 0.4896907216494846 0.4484375 0.4810996563573884 0.4515625 0.46563573883161513 0.4515625 0.4261168384879725 0.4453125 0.40549828178694164 0.45 0.37457044673539525 0.43984375 0.31099656357388317 0.43515625 0.302405498281787 0.42265625 0.29896907216494845 0.35625 0.29896907216494845 0.3453125 0.3041237113402062 0.34765625 0.3230240549828179 0.34453125 0.34879725085910657
0 0.68984375 0.5292096219931273 0.6796875 0.5463917525773196 0.68203125 0.5584192439862543 0.7921875 0.563573883161512 0.79375 0.5601374570446735 0.7890625 0.5326460481099657 0.7921875 0.5223367697594502 0.796875 0.5189003436426117 0.79609375 0.48453608247422686 0.80234375 0.47594501718213056 0.8 0.4398625429553265 0.80703125 0.4312714776632303 0.80546875 0.40034364261168387 0.80703125 0.39003436426116844 0.81171875 0.38316151202749144 0.8078125 0.3505154639175258 0.81640625 0.33333333333333337 0.8140625 0.302405498281787 0.80859375 0.2920962199312715 0.8 0.288659793814433 0.7546875 0.29381443298969073 0.69921875 0.2920962199312715 0.69140625 0.31615120274914094 0.6921875 0.3350515463917526 0.68828125 0.3539518900343643 0.68515625 0.42439862542955326 0.6890625 0.443298969072165 0.68359375 0.45704467353951894 0.68359375 0.5120274914089348 0.68984375 0.5292096219931273
0 0.6234375 0.58125 0.00234375 0.0015625
0 0.65234375 0.5824742268041238 0.65625 0.5910652920962199 0.6640625 0.5824742268041238 0.6640625 0.5738831615120275 0.6578125 0.5721649484536082 0.65625 0.577319587628866 0.65390625 0.5721649484536082 0.64609375 0.5807560137457045 0.65234375 0.5824742268041238
0 0.63359375 0.570446735395189 0.62578125 0.5670103092783505 0.6265625 0.5738831615120275 0.63359375 0.570446735395189
0 0.57421875 0.4089347079037801 0.5671875 0.4450171821305842 0.5671875 0.4742268041237113 0.5734375 0.48453608247422686 0.5734375 0.4914089347079038 0.5671875 0.5103092783505155 0.56484375 0.5446735395189004 0.5671875 0.5567010309278351 0.5796875 0.563573883161512 0.57421875 0.5738831615120275 0.57421875 0.5859106529209622 0.58046875 0.5979381443298969 0.5953125 0.5962199312714777 0.6046875 0.5876288659793815 0.609375 0.5945017182130584 0.61328125 0.5876288659793815 0.615625 0.5721649484536082 0.6203125 0.5738831615120275 0.62239609375 0.5584192439862543 0.653125 0.5567010309278351 0.66015625 0.5670103092783505 0.671875 0.5618556701030928 0.67265625 0.5360824742268042 0.67578125 0.520618556701031 0.671875 0.48797250859106533 0.678125 0.47594501718213056 0.6765625 0.45017182130584193 0.67890625 0.42439862542955326 0.67578125 0.41065292096219935 0.678125 0.39518900343642616 0.68203125 0.3883161512027492 0.68203125 0.3814432989690722 0.6765625 0.3762886597938145 0.68046875 0.35223367697594504 0.68515625 0.34192439862542956 0.68125 0.3264604810996564 0.6796875 0.3298969072164949 0.6765625 0.3247422680412372 0.678125 0.31615120274914094 0.671875 0.30068728522336774 0.66328125 0.29896907216494845 0.65703125 0.3075601374570447 0.65234375 0.2972508591065292 0.646875 0.29553264604810997 0.640625 0.29896907216494845 0.63671875 0.30927835051546393 0.6296875 0.2972508591065292 0.6203125 0.302405498281787 0.6125 0.29896907216494845 0.6046875 0.302405498281787 0.59921875 0.3144329896907217 0.59453125 0.30584192439862545 0.5859375 0.302405498281787 0.58359375 0.3144329896907217 0.57734375 0.32130584192439865 0.5765625 0.33333333333333337 0.56796875 0.34879725085910657 0.56953125 0.38316151202749144 0.57421875 0.4089347079037801
0 0.26875 0.6546391752577321 0.275 0.6838487972508591 0.32734375 0.6821305841924399 0.3546875 0.6890034364261168 0.36015625 0.6804123711340206 0.36015625 0.6701030927835052 0.34921875 0.6254295532646049 0.2828125 0.6237113402061857 0.275 0.6288659793814434 0.27265625 0.6460481099656358 0.26875 0.6546391752577321
0 0.23671875 0.35223367697594504 0.24453125 0.365979381443299 0.2453125 0.3883161512027492 0.2484375 0.3934707903780069 0.33671875 0.39003436426116844 0.340625 0.38316151202749144 0.34140625 0.3608247422680413 0.33515625 0.3402061855670103 0.33203125 0.31099656357388317 0.32890625 0.3075601374570447 0.2375 0.31099656357388317 0.240625 0.3350515463917526 0.23671875 0.35223367697594504
0 0.490625 0.27578125 0.00234375 0.0015625
0 0.46328125 0.27491408934707906 0.47421875 0.26975945017182135 0.4734375 0.27491408934707906 0.475 0.2731958762886598 0.47734375 0.281786941580756 0.47890625 0.2731958762886598 0.48359375 0.2714776632302406 0.46484375 0.2628865979381444 0.4625 0.26460481099656363 0.46328125 0.27491408934707906
0 0.53828125 0.2766323024054983 0.54296875 0.2611683848797251 0.5390625 0.25945017182130586 0.53359375 0.2714776632302406 0.53203125 0.26460481099656363 0.5296875 0.2680412371134021 0.52890625 0.27491408934707906 0.53828125 0.2766323024054983
0 0.5609375 0.1328125 0.00234375 0.0015625
0 0.44921875 0.15463917525773196 0.44921875 0.20274914089347082 0.45546875 0.21821305841924402 0.45390625 0.23711340206185566 0.45703125 0.25429553264604815 0.48828125 0.2560137457044674 0.5 0.24914089347079038 0.52265625 0.2560137457044674 0.52578125 0.2457044673539519 0.5328125 0.24398625429553267 0.54296875 0.2560137457044674 0.56171875 0.24398625429553267 0.56796875 0.17869415807560138 0.5671875 0.14776632302405499 0.56015625 0.12714776632302408 0.5609375 0.1202749140893471 0.5640625 0.12714776632302408 0.5640625 0.12199312714776633 0.56015625 0.11855670103092783 0.56015625 0.09793814432989692 0.5421875 0.09965635738831616 0.53828125 0.1202749140893471 0.53515625 0.11855670103092783 0.534375 0.10309278350515465 0.51484375 0.10137457044673541 0.51328125 0.09793814432989692 0.51640625 0.09106529209621994 0.50859375 0.09450171821305843 0.509375 0.09793814432989692 0.50546875 0.10309278350515465 0.4984375 0.09621993127147768 0.48046875 0.10481099656357389 0.47265625 0.10137457044673541 0.4578125 0.11168384879725086 0.4578125 0.1357388316151203 0.44921875 0.15463917525773196
0 0.3625 0.575 0.00078125 0.0015625
0 0.36484375 0.36426116838487976 0.36484375 0.3711340206185567 0.3609375 0.3780068728522337 0.3625 0.3883161512027492 0.3515625 0.38487972508591073 0.34765625 0.3917525773195877 0.3515625 0.40034364261168387 0.3515625 0.4209621993127148 0.34765625 0.43298969072164956 0.34765625 0.443298969072165 0.35078125 0.4518900343642612 0.35 0.4742268041237113 0.3546875 0.48453608247422686 0.35234375 0.513745704467354 0.35546875 0.527491408934708 0.35546875 0.5532646048109966 0.3625 0.5652920962199313 0.3703125 0.570446735395189 0.36796875 0.5790378006872853 0.3625 0.5790378006872853 0.365625 0.604810996563574 0.37109375 0.6013745704467355 0.3734375 0.6099656357388317 0.3765625 0.5979381443298969 0.38203125 0.5945017182130584 0.41640625 0.5893470790378007 0.44375 0.5945017182130584 0.45 0.584192439862543 0.4484375 0.5687285223367697 0.453125 0.5532646048109966 0.45390625 0.534364261168385 0.44921875 0.49312714776632305 0.45234375 0.443298969072165 0.45 0.42439862542955326 0.44453125 0.41065292096219935 0.44765625 0.38659793814432997 0.44609375 0.35223367697594504 0.4390625 0.3470790378006873 0.41484375 0.34879725085910657 0.4046875 0.34192439862542956 0.36953125 0.3436426116838488 0.365625 0.3505154639175258 0.34765625 0.35223367697594504 0.3484375 0.36426116838487976 0.36484375 0.36426116838487976
0 0.43359375 0.3195876288659794 0.43828125 0.32130584192439865 0.4359375 0.3144329896907217 0.43359375 0.3144329896907217 0.43359375 0.3195876288659794
0 0.428125 0.30703125 0.00234375 0.0015625
0 0.3921875 0.30703125 0.00625 0.0015625
0 0.35625 0.5927835051546392 0.359375 0.6116838487972509 0.36640625 0.6254295532646049 0.4515625 0.6288659793814434 0.45703125 0.6134020618556701 0.4546875 0.5945017182130584 0.45703125 0.5876288659793815 0.45390625 0.570446735395189 0.4484375 0.5584192439862543 0.4265625 0.5567010309278351 0.41875 0.5498281786941581 0.41015625 0.5498281786941581 0.40703125 0.5549828178694158 0.35859375 0.5549828178694158 0.359375 0.577319587628866 0.35625 0.5927835051546392
0 0.56875 0.2920962199312715 0.57265625 0.2972508591065292 0.59921875 0.302405498281787 0.61015625 0.29381443298969073 0.63515625 0.29553264604810997 0.64921875 0.29037800687285226 0.67109375 0.29037800687285226 0.68046875 0.2972508591065292 0.68671875 0.2920962199312715 0.68984375 0.27835051546391754 0.68984375 0.2525773195876289 0.6875 0.24742268041237114 0.62265625 0.2457044673539519 0.61953125 0.2405498281786942 0.60859375 0.2405498281786942 0.6078125 0.2457044673539519 0.5984375 0.24742268041237114 0.57421875 0.2457044673539519 0.56875 0.26460481099656363 0.56875 0.2920962199312715
0 0.6109375 0.2015625 0.00390625 0.0015625
0 0.61328125 0.196875 0.003125 0.0015625
0 0.56640625 0.8728522336769761 0.659375 0.8745704467353953 0.6609375 0.845360824742268 0.6578125 0.8058419243986255 0.64375 0.8144329896907218 0.5671875 0.809278350515464 0.5640625 0.816151202749141 0.56328125 0.8625429553264606 0.56640625 0.8728522336769761
0 0.640625 0.3203125 0.00078125 0.0015625
0 0.57421875 0.48453608247422686 0.57421875 0.4965635738831615 0.5671875 0.520618556701031 0.56640625 0.5549828178694158 0.57109375 0.5687285223367697 0.565625 0.604810996563574 0.5671875 0.6254295532646049 0.6578125 0.6271477663230242 0.6625 0.6219931271477663 0.66796875 0.6013745704467355 0.67109375 0.6013745704467355 0.66875 0.570446735395189 0.67265625 0.563573883161512 0.67265625 0.5171821305841925 0.671875 0.5051546391752578 0.66796875 0.5034364261168386 0.66640625 0.4948453608247423 0.67109375 0.49312714776632305 0.67265625 0.4828178694158076 0.67890625 0.4742268041237113 0.6765625 0.4484536082474227 0.6796875 0.42439862542955326 0.6765625 0.41065292096219935 0.67734375 0.39862542955326463 0.6828125 0.3883161512027492 0.68203125 0.37972508591065296 0.67890625 0.3762886597938145 0.68125 0.34192439862542956 0.678125 0.3384879725085911 0.671875 0.3436426116838488 0.6671875 0.3384879725085911 0.64140625 0.33333333333333337 0.63203125 0.3384879725085911 0.6296875 0.33161512027491413 0.6203125 0.3350515463917526 0.61875 0.3247422680412372 0.6125 0.3230240549828179 0.6125 0.31271477663230246 0.609375 0.30927835051546393 0.6046875 0.31615120274914094 0.6046875 0.30927835051546393 0.5984375 0.33333333333333337 0.5953125 0.32817869415807566 0.5703125 0.3436426116838488 0.5703125 0.38316151202749144 0.57421875 0.40549828178694164 0.5671875 0.4450171821305842 0.56796875 0.46735395189003437 0.57421875 0.48453608247422686
0 0.67109375 0.30546875 0.0015625 0.003125
0 0.615625 0.303125 0.00078125 0.0015625
0 0.62578125 0.29896907216494845 0.63046875 0.3075601374570447 0.63046875 0.3178694158075602 0.63359375 0.3247422680412372 0.6359375 0.3144329896907217 0.63125 0.29896907216494845 0.63046875 0.30584192439862545 0.62578125 0.29896907216494845
0 0.65 0.30927835051546393 0.652734375 0.30927835051546393 0.65 0.2972508591065292 0.65 0.30927835051546393
0 0.65390625 0.3144329896907217 0.65390625 0.30927835051546393 0.652734375 0.30927835051546393 0.65390625 0.3144329896907217
0 0.3765625 0.8591065292096222 0.45859375 0.8711340206185568 0.46328125 0.8676975945017184 0.4609375 0.8367697594501718 0.44765625 0.8230240549828179 0.43203125 0.8213058419243987 0.428125 0.8298969072164949 0.42734375 0.8213058419243987 0.42265625 0.8281786941580757 0.4171875 0.8230240549828179 0.409375 0.8281786941580757 0.40625 0.8195876288659795 0.3921875 0.8281786941580757 0.3890625 0.8230240549828179 0.3875 0.8264604810996564 0.37265625 0.8213058419243987 0.371875 0.8539518900343642 0.3765625 0.8591065292096222
0 0.44453125 0.77734375 0.0046875 0.0015625
0 0.671875 0.7147766323024055 0.675 0.7216494845360826 0.68515625 0.7233676975945018 0.71328125 0.718213058419244 0.775 0.7233676975945018 0.7796875 0.7199312714776632 0.77734375 0.6890034364261168 0.78359375 0.6804123711340206 0.78046875 0.6460481099656358 0.77734375 0.6443298969072165 0.69609375 0.6443298969072165 0.6890625 0.6477663230240551 0.6828125 0.6597938144329898 0.678125 0.6580756013745706 0.67265625 0.6701030927835052 0.66953125 0.6855670103092784 0.671875 0.7147766323024055
0 0.76015625 0.6116838487972509 0.7578125 0.6065292096219932 0.75390625 0.6116838487972509 0.76015625 0.6116838487972509
0 0.6890625 0.6151202749140894 0.703125 0.6185567010309279 0.70703125 0.6134020618556701 0.7203125 0.6185567010309279 0.72578125 0.6134020618556701 0.7453125 0.6134020618556701 0.74453125 0.6030927835051547 0.753125 0.6030927835051547 0.73671875 0.6013745704467355 0.734375 0.6116838487972509 0.7296875 0.6082474226804124 0.7296875 0.6013745704467355 0.6875 0.6065292096219932 0.6859375 0.6082474226804124 0.6890625 0.6151202749140894
0 0.5734375 0.14261168384879724 0.57421875 0.1512027491408935 0.584375 0.14604810996563575 0.60859375 0.14604810996563575 0.6140625 0.1512027491408935 0.66171875 0.13917525773195877 0.6890625 0.14261168384879724 0.69609375 0.1357388316151203 0.68984375 0.09965635738831616 0.6984375 0.08075601374570447 0.69375 0.0859106529209622 0.690625 0.07731958762886598 0.646875 0.08075601374570447 0.63046875 0.08934707903780069 0.58515625 0.08934707903780069 0.58046875 0.09621993127147768 0.58046875 0.11512027491408935 0.5734375 0.14261168384879724
0 0.34375 0.36426116838487976 0.3484375 0.3917525773195877 0.40859375 0.38659793814432997 0.44609375 0.3917525773195877 0.45078125 0.38487972508591073 0.446875 0.3556701030927835 0.44765625 0.34536082474226804 0.43984375 0.30584192439862545 0.4359375 0.30068728522336774 0.35546875 0.30068728522336774 0.34453125 0.3075601374570447 0.34609375 0.3298969072164949 0.34375 0.36426116838487976
0 0.34765625 0.31099656357388317 0.359375 0.30068728522336774 0.44609375 0.29896907216494845 0.45 0.2852233676975945 0.44921875 0.2611683848797251 0.446875 0.25429553264604815 0.4421875 0.2525773195876289 0.33828125 0.25945017182130586 0.33984375 0.30068728522336774 0.34765625 0.31099656357388317
0 0.446875 0.7938144329896908 0.446875 0.7886597938144331 0.4421875 0.7920962199312716 0.446875 0.7938144329896908
0 0.43125 0.78984375 0.00390625 0.0015625
0 0.38203125 0.7886597938144331 0.38359375 0.7903780068728523 0.38515625 0.7835051546391754 0.38984375 0.7886597938144331 0.384375 0.7817869415807561 0.38125 0.7817869415807561 0.38203125 0.7886597938144331
0 0.37109375 0.7079037800687286 0.371875 0.7302405498281788 0.38828125 0.7353951890034365 0.38828125 0.7405498281786942 0.38359375 0.745704467353952 0.36953125 0.745704467353952 0.37265625 0.7542955326460482 0.37265625 0.7646048109965636 0.396875 0.752577319587629 0.428125 0.7628865979381444 0.4578125 0.7611683848797252 0.4515625 0.7164948453608248 0.4578125 0.7027491408934708 0.45625 0.6563573883161513 0.45234375 0.6340206185567011 0.4078125 0.6271477663230242 0.375 0.6288659793814434 0.36796875 0.6357388316151203 0.36484375 0.6494845360824744 0.3625 0.6632302405498283 0.37109375 0.7079037800687286
0 0.46171875 0.5103092783505155 0.45703125 0.5257731958762888 0.459375 0.5360824742268042 0.45859375 0.5567010309278351 0.4640625 0.577319587628866 0.4640625 0.5876288659793815 0.46015625 0.5979381443298969 0.46015625 0.6340206185567011 0.4640625 0.6494845360824744 0.46171875 0.6701030927835052 0.46171875 0.7147766323024055 0.465625 0.7680412371134021 0.4640625 0.7783505154639176 0.4671875 0.8694158075601376 0.4875 0.8762886597938145 0.56015625 0.8762886597938145 0.56015625 0.6769759450171822 0.55625 0.6597938144329898 0.56015625 0.6391752577319588 0.5578125 0.6305841924398626 0.559375 0.5996563573883162 0.55625 0.5756013745704468 0.5609375 0.5601374570446735 0.5609375 0.5189003436426117 0.55625 0.4965635738831615 0.56015625 0.47938144329896915 0.56015625 0.44158075601374575 0.55390625 0.43642611683848803 0.54296875 0.443298969072165 0.525 0.44158075601374575 0.51953125 0.4347079037800688 0.47057265625 0.4398625429553265 0.46875 0.4450171821305842 0.46640625 0.4398625429553265 0.4640625 0.44158075601374575 0.46796875 0.4484536082474227 0.46796875 0.45704467353951894 0.459375 0.47938144329896915 0.4625 0.4965635738831615 0.46171875 0.5103092783505155
0 0.5265625 0.4109375 0.00078125 0.00703125
0 0.49296875 0.41065292096219935 0.49375 0.4072164948453609 0.490625 0.4037800687285224 0.490625 0.41065292096219935 0.49296875 0.41065292096219935
0 0.55625 0.40034364261168387 0.5421875 0.39518900343642616 0.53984375 0.3969072164948454 0.55625 0.40034364261168387
0 0.4953125 0.39862542955326463 0.4953125 0.4089347079037801 0.4984375 0.41065292096219935 0.50078125 0.39862542955326463 0.50703125 0.3969072164948454 0.5046875 0.39518900343642616 0.48671875 0.3969072164948454 0.4953125 0.39862542955326463
0 0.47421875 0.3969072164948454 0.4703125 0.3934707903780069 0.4671875 0.39862542955326463 0.47421875 0.3969072164948454
0 0.5078125 0.3608247422680413 0.51171875 0.3556701030927835 0.50859375 0.3539518900343643 0.50625 0.3556701030927835 0.5078125 0.3608247422680413
0 0.54140625 0.3436426116838488 0.55078125 0.34536082474226804 0.553125 0.3384879725085911 0.55703125 0.3402061855670103 0.54609375 0.3350515463917526 0.54140625 0.3384879725085911 0.54140625 0.3436426116838488
0 0.5359375 0.334375 0.00078125 0.0015625
0 0.5453125 0.3247422680412372 0.55078125 0.3178694158075602 0.5453125 0.31615120274914094 0.5421875 0.3195876288659794 0.5453125 0.3247422680412372
0 0.5171875 0.3247422680412372 0.51875 0.3402061855670103 0.53125 0.3402061855670103 0.53046875 0.33161512027491413 0.52578125 0.3247422680412372 0.52265625 0.33161512027491413 0.5203125 0.3230240549828179 0.51171875 0.31615120274914094 0.5078125 0.3350515463917526 0.5171875 0.3247422680412372
0 0.4984375 0.3350515463917526 0.496875 0.3264604810996564 0.503125 0.32130584192439865 0.4984375 0.31615120274914094 0.4879001524390244 0.32111725756432824 0.48984375 0.3264604810996564 0.4859375 0.33676975945017185 0.4875 0.34192439862542956 0.4984375 0.3350515463917526
0 0.48046875 0.33333333333333337 0.4828125 0.33161512027491413 0.48046875 0.3264604810996564 0.48125 0.31271477663230246 0.47734375 0.31615120274914094 0.4765625 0.3247422680412372 0.48046875 0.33333333333333337
0 0.5359375 0.32817869415807566 0.5390625 0.3178694158075602 0.53828125 0.3075601374570447 0.53515625 0.30584192439862545 0.53203125 0.3144329896907217 0.53125 0.3195876288659794 0.5359375 0.32817869415807566
0 0.49453125 0.31099656357388317 0.490625 0.30584192439862545 0.4875 0.3075601374570447 0.49453125 0.31099656357388317
0 0.54921875 0.30584192439862545 0.5421875 0.3041237113402062 0.540625 0.3075601374570447 0.54921875 0.30584192439862545
0 0.25 0.3247422680412372 0.2484375 0.31615120274914094 0.246875 0.3178694158075602 0.25 0.3247422680412372
0 0.25 0.3247422680412372 0.25078125 0.3264604810996564 0.25625 0.32130584192439865 0.25390625 0.31615120274914094 0.25 0.3247422680412372
0 0.24453125 0.3608247422680413 0.246875 0.372852233676976 0.24453125 0.39862542955326463 0.25 0.422680412371134 0.24765625 0.4347079037800688 0.25390625 0.45017182130584193 0.2546875 0.46735395189003437 0.2515625 0.47594501718213056 0.25625 0.5 0.253125 0.5154639175257733 0.259375 0.5257731958762888 0.25859375 0.5532646048109966 0.2640625 0.5687285223367697 0.26875 0.6065292096219932 0.27265625 0.6134020618556701 0.30625 0.6134020618556701 0.3140625 0.6082474226804124 0.325 0.6116838487972509 0.34375 0.5996563573883162 0.34375 0.5910652920962199 0.34921875 0.584192439862543 0.3453125 0.5601374570446735 0.35 0.5515463917525774 0.35 0.5240549828178694 0.34375 0.4948453608247423 0.3453125 0.45017182130584193 0.33671875 0.42783505154639184 0.33671875 0.37972508591065296 0.3390625 0.359106529209622 0.33125 0.3436426116838488 0.32291640625 0.3436426116838488 0.33046875 0.32817869415807566 0.3265625 0.3230240549828179 0.3265625 0.3144329896907217 0.3140625 0.31271477663230246 0.31328125 0.32130584192439865 0.3078125 0.3230240549828179 0.30546875 0.3144329896907217 0.29921875 0.31271477663230246 0.296875 0.32130584192439865 0.29296875 0.3195876288659794 0.28984375 0.3247422680412372 0.28828125 0.33676975945017185 0.29296875 0.3436426116838488 0.2875 0.3539518900343643 0.265625 0.34536082474226804 0.240625 0.34879725085910657 0.23984375 0.3539518900343643 0.24453125 0.3608247422680413
0 0.26484375 0.3298969072164949 0.26328125 0.3350515463917526 0.2828125 0.33676975945017185 0.28515625 0.31615120274914094 0.2953125 0.3144329896907217 0.283203125 0.31099656357388317 0.284375 0.31615120274914094 0.28203125 0.3195876288659794 0.2791015625 0.31099656357388317 0.275 0.31099656357388317 0.26171875 0.3178694158075602 0.2609375 0.3264604810996564 0.26484375 0.3298969072164949
0 0.36484375 0.513745704467354 0.35859375 0.5257731958762888 0.365625 0.5189003436426117 0.37421875 0.5292096219931273 0.37265625 0.5360824742268042 0.3671875 0.5395189003436427 0.365625 0.5549828178694158 0.359375 0.5463917525773196 0.36484375 0.570446735395189 0.3625 0.5738831615120275 0.36640625 0.570446735395189 0.3671875 0.584192439862543 0.36953125 0.5876288659793815 0.3625 0.5979381443298969 0.36953125 0.6116838487972509 0.36796875 0.6185567010309279 0.3703125 0.6219931271477663 0.36640625 0.6288659793814434 0.36328125 0.6649484536082475 0.36875 0.7079037800687286 0.36953125 0.7268041237113403 0.3671875 0.7422680412371134 0.37265625 0.7817869415807561 0.3734375 0.8505154639175257 0.38515625 0.8591065292096222 0.46015625 0.8676975945017184 0.46015625 0.7577319587628867 0.45625 0.7164948453608248 0.45625 0.6512027491408936 0.453125 0.6426116838487973 0.45390625 0.5859106529209622 0.45 0.5532646048109966 0.44609375 0.5446735395189004 0.45 0.5378006872852235 0.44609375 0.4776632302405499 0.425 0.4810996563573884 0.42109375 0.47594501718213056 0.40625 0.4742268041237113 0.375 0.47594501718213056 0.3640625 0.4776632302405499 0.35859375 0.48453608247422686 0.35703125 0.49828178694158076 0.36484375 0.513745704467354
0 0.2484375 0.4347079037800688 0.2546875 0.44673539518900346 0.2625 0.4484536082474227 0.26171875 0.4553264604810997 0.2578125 0.4553264604810997 0.259375 0.46219931271477666 0.25390625 0.47594501718213056 0.259375 0.48453608247422686 0.2609375 0.4965635738831615 0.25703125 0.5085910652920963 0.2625 0.527491408934708 0.25859375 0.5532646048109966 0.26328125 0.563573883161512 0.26328125 0.5893470790378007 0.26796875 0.5962199312714777 0.27109375 0.6134020618556701 0.2796875 0.6168384879725086 0.3140625 0.6116838487972509 0.33125 0.6185567010309279 0.35234375 0.6151202749140894 0.35546875 0.5807560137457045 0.34765625 0.5584192439862543 0.35 0.5498281786941581 0.346875 0.5292096219931273 0.3484375 0.520618556701031 0.34375 0.5051546391752578 0.34140625 0.4639175257731959 0.33125 0.4604810996563574 0.328125 0.45360824742268047 0.33046875 0.44673539518900346 0.3421875 0.4484536082474227 0.334375 0.4175257731958763 0.334375 0.39862542955326463 0.29296875 0.3934707903780069 0.25625 0.39862542955326463 0.253125 0.4037800687285224 0.2515625 0.42783505154639184 0.2484375 0.4347079037800688
0 0.28984375 0.8487972508591065 0.36015625 0.8556701030927837 0.36484375 0.8487972508591065 0.36875 0.8281786941580757 0.36640625 0.8058419243986255 0.35859375 0.8006872852233677 0.33125 0.8109965635738833 0.2859375 0.8075601374570448 0.28515625 0.8213058419243987 0.28984375 0.8487972508591065
0 0.69453125 0.21649484536082478 0.69453125 0.22680412371134023 0.6984375 0.23539518900343642 0.771875 0.23711340206185566 0.79296875 0.23195876288659795 0.80703125 0.23367697594501718 0.81796875 0.2457044673539519 0.828125 0.2302405498281787 0.82578125 0.19759450171821308 0.8296875 0.17869415807560138 0.8203125 0.18384879725085912 0.796875 0.18384879725085912 0.765625 0.1752577319587629 0.75703125 0.18384879725085912 0.7390625 0.18728522336769762 0.728125 0.18556701030927836 0.721875 0.17869415807560138 0.70078125 0.19243986254295536 0.6984375 0.211340206185567 0.69453125 0.21649484536082478
0 0.671875 0.7233676975945018 0.6640625 0.7663230240549829 0.6671875 0.7852233676975946 0.6640625 0.8264604810996564 0.6640625 0.8814432989690723 0.66640625 0.88659793814433 0.71328125 0.88659793814433 0.7546875 0.8934707903780069 0.7625 0.8900343642611684 0.76171875 0.8659793814432991 0.765625 0.8591065292096222 0.7625 0.8316151202749141 0.76875 0.8247422680412372 0.76640625 0.7972508591065293 0.77265625 0.7903780068728523 0.76953125 0.7628865979381444 0.7765625 0.7542955326460482 0.77578125 0.7233676975945018 0.77890625 0.7164948453608248 0.77578125 0.6924398625429553 0.7828125 0.6804123711340206 0.78046875 0.6460481099656358 0.75234375 0.6408934707903781 0.70234375 0.6408934707903781 0.68828125 0.6460481099656358 0.678125 0.6408934707903781 0.67109375 0.6666666666666667 0.671875 0.6786941580756014 0.66875 0.6941580756013745 0.671875 0.7027491408934708 0.671875 0.7233676975945018
0 0.7171875 0.6219931271477663 0.71953125 0.6271477663230242 0.73359375 0.6219931271477663 0.7390625 0.6134020618556701 0.76796875 0.6134020618556701 0.7695126488095239 0.6066110292914417 0.75625 0.6116838487972509 0.75703125 0.6082474226804124 0.7515625 0.6013745704467355 0.7453125 0.6099656357388317 0.7390625 0.6030927835051547 0.73671875 0.6151202749140894 0.7328125 0.6116838487972509 0.73359375 0.6013745704467355 0.71171875 0.6030927835051547 0.70703125 0.6134020618556701 0.706640625 0.604810996563574 0.7015625 0.6030927835051547 0.6859375 0.6065292096219932 0.68828125 0.6134020618556701 0.703125 0.6134020618556701 0.70859375 0.6202749140893471 0.70859375 0.6254295532646049 0.7171875 0.6219931271477663
0 0.684375 0.5979381443298969 0.68203125 0.5876288659793815 0.68125 0.5945017182130584 0.684375 0.5979381443298969
0 0.7609375 0.5828125 0.003125 0.003125
0 0.7453125 0.5765625 0.00078125 0.0015625
0 0.78359375 0.570446735395189 0.77578125 0.5670103092783505 0.77265625 0.570446735395189 0.78359375 0.570446735395189
0 0.7578125 0.5738831615120275 0.76484375 0.5670103092783505 0.75625 0.5670103092783505 0.7578125 0.5738831615120275
0 0.6890625 0.5807560137457045 0.696875 0.5721649484536082 0.703125 0.5876288659793815 0.7171875 0.5859106529209622 0.71953125 0.5756013745704468 0.7443379510309278 0.5718815318666526 0.73984375 0.5652920962199313 0.7296875 0.5652920962199313 0.7265625 0.5721649484536082 0.72544609375 0.5652920962199313 0.721875 0.5738831615120275 0.72120546875 0.5652920962199313 0.6828125 0.563573883161512 0.68203125 0.5721649484536082 0.68671875 0.5652920962199313 0.68828125 0.5721649484536082 0.6921875 0.5738831615120275 0.6890625 0.5807560137457045
0 0.4703125 0.8762886597938145 0.5609375 0.8762886597938145 0.56171875 0.8470790378006873 0.55703125 0.8316151202749141 0.55703125 0.8195876288659795 0.4734375 0.816151202749141 0.46796875 0.8213058419243987 0.46953125 0.8298969072164949 0.46640625 0.8350515463917526 0.46640625 0.8728522336769761 0.4703125 0.8762886597938145
0 0.54765625 0.7903780068728523 0.54140625 0.7869415807560138 0.53828125 0.7903780068728523 0.54765625 0.7903780068728523
0 0.490625 0.7869415807560138 0.49765625 0.7920962199312716 0.4997847576530612 0.7842941300231433 0.49296875 0.7835051546391754 0.490625 0.7869415807560138
0 0.5078125 0.7852233676975946 0.500309065934066 0.7843548204372948 0.503125 0.7920962199312716 0.5078125 0.7852233676975946
0 0.728125 0.46563573883161513 0.7265625 0.4639175257731959 0.725 0.46563573883161513 0.728125 0.46563573883161513
0 0.77890625 0.45625 0.0015625 0.0015625
0 0.7375 0.46735395189003437 0.771875 0.46563573883161513 0.77421875 0.45704467353951894 0.771875 0.4484536082474227 0.765625 0.44673539518900346 0.753125 0.4553264604810997 0.73984375 0.45360824742268047 0.7359375 0.4553264604810997 0.7375 0.46735395189003437
0 0.700390625 0.4553264604810997 0.7046875 0.4553264604810997 0.7015625 0.46735395189003437 0.71015625 0.46735395189003437 0.7140625 0.46219931271477666 0.71875 0.46563573883161513 0.71328125 0.4604810996563574 0.71328125 0.44673539518900346 0.709375 0.4553264604810997 0.70625 0.4518900343642612 0.6953125 0.45704467353951894 0.6953125 0.46563573883161513 0.700390625 0.4553264604810997
0 0.684375 0.4261168384879725 0.69140625 0.4347079037800688 0.76796875 0.4295532646048111 0.796875 0.43642611683848803 0.80703125 0.4261168384879725 0.80546875 0.39518900343642616 0.8125 0.38316151202749144 0.809375 0.3505154639175258 0.81796875 0.3350515463917526 0.81796875 0.3298969072164949 0.8140625 0.29553264604810997 0.81015625 0.29037800687285226 0.715625 0.2920962199312715 0.709375 0.2852233676975945 0.69921875 0.288659793814433 0.69375 0.29896907216494845 0.690625 0.3178694158075602 0.69140625 0.3470790378006873 0.68515625 0.36426116838487976 0.68828125 0.39003436426116844 0.684375 0.4261168384879725
0 0.35859375 0.12371134020618557 0.35546875 0.1202749140893471 0.3546875 0.12371134020618557 0.35859375 0.12371134020618557
0 0.3328125 0.10996563573883163 0.3390625 0.1202749140893471 0.346875 0.11340206185567012 0.35859375 0.11683848797250859 0.365625 0.10824742268041239 0.43515625 0.10824742268041239 0.4453125 0.09450171821305843 0.446875 0.07731958762886598 0.44609375 0.06529209621993128 0.4375 0.051546391752577324 0.428125 0.058419243986254296 0.39296875 0.05670103092783506 0.38671875 0.061855670103092786 0.375 0.05670103092783506 0.353125 0.06529209621993128 0.340625 0.06013745704467355 0.33515625 0.070446735395189 0.33828125 0.09793814432989692 0.3328125 0.10996563573883163
0 0.5703125 0.2628865979381444 0.5703125 0.29381443298969073 0.5796875 0.29896907216494845 0.58046875 0.3075601374570447 0.58515625 0.29896907216494845 0.6 0.30584192439862545 0.603125 0.29896907216494845 0.6140625 0.29381443298969073 0.63359375 0.2972508591065292 0.64375 0.2920962199312715 0.67265625 0.2920962199312715 0.6796875 0.2972508591065292 0.6859375 0.29037800687285226 0.6890625 0.2800687285223368 0.6890625 0.2560137457044674 0.6921875 0.2405498281786942 0.68671875 0.21993127147766325 0.6859375 0.20274914089347082 0.690625 0.19587628865979384 0.68984375 0.19243986254295536 0.68671875 0.20103092783505155 0.68567734375 0.19243986254295536 0.65859375 0.18728522336769762 0.65234375 0.1941580756013746 0.63359375 0.19243986254295536 0.62265625 0.19759450171821308 0.61328125 0.19243986254295536 0.59765625 0.1941580756013746 0.57734375 0.20446735395189006 0.57734375 0.23195876288659795 0.5703125 0.2628865979381444
0 0.63984375 0.1752577319587629 0.64375 0.17353951890034364 0.640625 0.16666666666666669 0.6359375 0.16838487972508592 0.63984375 0.1752577319587629
0 0.578125 0.16328125 0.00078125 0.00703125
0 0.66484375 0.15292096219931273 0.66171875 0.15463917525773196 0.66640625 0.15807560137457047 0.66484375 0.15292096219931273
0 0.64375 0.1597938144329897 0.64453125 0.15463917525773196 0.63984375 0.14948453608247422 0.62890625 0.15463917525773196 0.64375 0.1597938144329897
0 0.33671875 0.8505154639175257 0.33828125 0.8436426116838488 0.340625 0.8505154639175257 0.34921875 0.852233676975945 0.346875 0.8436426116838488 0.3515625 0.8402061855670103 0.35859375 0.8419243986254296 0.35625 0.852233676975945 0.36328125 0.845360824742268 0.3625 0.8402061855670103 0.35234375 0.8350515463917526 0.34609375 0.8419243986254296 0.33984375 0.8384879725085911 0.32734375 0.8436426116838488 0.32578125 0.845360824742268 0.33671875 0.8505154639175257
0 0.2828125 0.7869415807560138 0.28984375 0.816151202749141 0.309375 0.8144329896907218 0.36328125 0.8316151202749141 0.3671875 0.8264604810996564 0.36796875 0.7920962199312716 0.36484375 0.7852233676975946 0.36484375 0.7697594501718215 0.3625 0.7628865979381444 0.3234375 0.7491408934707905 0.2859375 0.7508591065292097 0.2828125 0.7577319587628867 0.2828125 0.7869415807560138
0 0.565625 0.5876288659793815 0.5640625 0.6185567010309279 0.56796875 0.6323024054982819 0.6328125 0.6271477663230242 0.6578125 0.6305841924398626 0.6640625 0.6254295532646049 0.6671875 0.6082474226804124 0.67265625 0.6013745704467355 0.6703125 0.5859106529209622 0.67265625 0.5584192439862543 0.6703125 0.5532646048109966 0.60859375 0.5532646048109966 0.6078125 0.5463917525773196 0.5984375 0.5429553264604812 0.5671875 0.5601374570446735 0.56953125 0.570446735395189 0.565625 0.5876288659793815
0 0.4578125 0.5395189003436427 0.45625 0.5498281786941581 0.459375 0.5652920962199313 0.46875 0.5721649484536082 0.46796875 0.584192439862543 0.4625 0.5910652920962199 0.4625 0.5979381443298969 0.4703125 0.6082474226804124 0.46796875 0.6151202749140894 0.46328125 0.6151202749140894 0.46328125 0.6202749140893471 0.4734375 0.6288659793814434 0.49140625 0.6219931271477663 0.50546875 0.6271477663230242 0.50859375 0.6202749140893471 0.5140625 0.6271477663230242 0.5234375 0.6237113402061857 0.5359375 0.6340206185567011 0.546875 0.6340206185567011 0.55 0.6219931271477663 0.5546875 0.6168384879725086 0.54296875 0.6116838487972509 0.5390625 0.5927835051546392 0.55078125 0.5910652920962199 0.5515625 0.577319587628866 0.5625 0.563573883161512 0.56171875 0.5189003436426117 0.5578125 0.5051546391752578 0.55625 0.48453608247422686 0.54296875 0.47938144329896915 0.51796875 0.4810996563573884 0.51640625 0.47594501718213056 0.48359375 0.4810996563573884 0.47265625 0.4776632302405499 0.46171875 0.4896907216494846 0.45546875 0.5240549828178694 0.4578125 0.5395189003436427
0 0.76875 0.5328125 0.0015625 0.003125
0 0.7375 0.5125 0.0015625 0.0015625
0 0.70390625 0.513745704467354 0.69921875 0.5103092783505155 0.69921875 0.5154639175257733 0.70390625 0.513745704467354
0 0.69140625 0.5034364261168386 0.69375 0.49828178694158076 0.69765625 0.5051546391752578 0.71171875 0.5017182130584193 0.70390625 0.4948453608247423 0.69453125 0.4965635738831615 0.6890625 0.49828178694158076 0.69140625 0.5034364261168386
0 0.70234375 0.490625 0.0015625 0.0015625
0 0.69453125 0.44158075601374575 0.6921875 0.46563573883161513 0.69765625 0.47079037800687284 0.6953125 0.47594501718213056 0.75 0.4742268041237113 0.7609375 0.47938144329896915 0.76171875 0.4862542955326461 0.75546875 0.49828178694158076 0.75703125 0.4965635738831615 0.7578125 0.5034364261168386 0.7703125 0.5017182130584193 0.77109375 0.4948453608247423 0.775 0.4914089347079038 0.7796875 0.5017182130584193 0.78046875 0.4948453608247423 0.784375 0.5034364261168386 0.78984375 0.49828178694158076 0.7890625 0.49312714776632305 0.79375 0.4896907216494846 0.79296875 0.4828178694158076 0.8 0.4742268041237113 0.796875 0.4587628865979382 0.79765625 0.44158075601374575 0.80625 0.4295532646048111 0.8046875 0.39518900343642616 0.8109375 0.38316151202749144 0.8078125 0.35223367697594504 0.8171875 0.33333333333333337 0.81484375 0.2972508591065292 0.8203125 0.2852233676975945 0.8171875 0.2508591065292097 0.825 0.2302405498281787 0.82421875 0.1941580756013746 0.83046875 0.17869415807560138 0.825 0.15807560137457047 0.82734375 0.15463917525773196 0.825 0.14776632302405499 0.83515625 0.11855670103092783 0.83515625 0.09965635738831616 0.83203125 0.09793814432989692 0.8234375 0.10824742268041239 0.81640625 0.09106529209621994 0.7875 0.09106529209621994 0.78359375 0.07731958762886598 0.77578125 0.07216494845360825 0.7671875 0.08762886597938145 0.7546875 0.07731958762886598 0.74375 0.08934707903780069 0.73203125 0.07903780068728523 0.72421875 0.08762886597938145 0.70625 0.08419243986254296 0.69921875 0.09450171821305843 0.69765625 0.11512027491408935 0.70625 0.13402061855670105 0.70234375 0.14948453608247422 0.7046875 0.15807560137457047 0.70234375 0.16494845360824745 0.70703125 0.1718213058419244 0.70546875 0.18900343642611686 0.7 0.2061855670103093 0.7015625 0.23539518900343642 0.69921875 0.2405498281786942 0.7046875 0.24742268041237114 0.70546875 0.2577319587628866 0.70078125 0.2852233676975945 0.69375 0.302405498281787 0.6921875 0.3625429553264605 0.68828125 0.372852233676976 0.6875 0.42783505154639184 0.69453125 0.44158075601374575
0 0.67578125 0.6580756013745706 0.66875 0.6958762886597938 0.6765625 0.7302405498281788 0.69453125 0.7285223367697595 0.70234375 0.7216494845360826 0.7375 0.7199312714776632 0.759375 0.7233676975945018 0.76328125 0.7268041237113403 0.7625 0.7336769759450172 0.76328125 0.7285223367697595 0.7671875 0.7336769759450172 0.7703125 0.725085910652921 0.7796875 0.7199312714776632 0.7765625 0.6924398625429553 0.7828125 0.6821305841924399 0.78125 0.6494845360824744 0.7859375 0.6426116838487973 0.78125 0.6151202749140894 0.78984375 0.5979381443298969 0.7859375 0.5876288659793815 0.765625 0.5962199312714777 0.75390625 0.5927835051546392 0.75078125 0.584192439862543 0.740625 0.5945017182130584 0.7171875 0.5927835051546392 0.7140625 0.5996563573883162 0.6953125 0.5996563573883162 0.68515625 0.5945017182130584 0.68203125 0.5876288659793815 0.68125 0.5979381443298969 0.684375 0.5996563573883162 0.67421875 0.6254295532646049 0.67734375 0.6323024054982819 0.67578125 0.6580756013745706
0 0.74765625 0.5756013745704468 0.75078125 0.5756013745704468 0.75234375 0.5670103092783505 0.7328125 0.5670103092783505 0.74765625 0.5756013745704468
0 0.7294719827586207 0.5719872022751511 0.72890625 0.5670103092783505 0.7246828589108911 0.5705828314790243 0.7294719827586207 0.5719872022751511
0 0.7359375 0.5738831615120275 0.7294719827586207 0.5719872022751511 0.7296875 0.5738831615120275 0.7359375 0.5738831615120275
0 0.69453125 0.5670103092783505 0.7125 0.5687285223367697 0.71171875 0.584192439862543 0.715625 0.577319587628866 0.71484375 0.584192439862543 0.71953125 0.5893470790378007 0.71796875 0.577319587628866 0.7221354166666667 0.572737686139748 0.71875 0.5756013745704468 0.71640625 0.5670103092783505 0.7171875 0.577319587628866 0.71203125 0.5670103092783505 0.69453125 0.5670103092783505
0 0.6859375 0.56796875 0.00390625 0.0015625
0 0.45390625 0.359106529209622 0.45546875 0.3762886597938145 0.45859375 0.37972508591065296 0.45625 0.38487972508591073 0.459375 0.3917525773195877 0.45625 0.47594501718213056 0.46171875 0.4965635738831615 0.45703125 0.5257731958762888 0.459375 0.5378006872852235 0.45859375 0.5584192439862543 0.46328125 0.5756013745704468 0.46328125 0.5876288659793815 0.46015625 0.5979381443298969 0.46015625 0.6340206185567011 0.46484375 0.6494845360824744 0.46171875 0.6752577319587629 0.46328125 0.7508591065292097 0.465625 0.7577319587628867 0.4640625 0.7766323024054984 0.46640625 0.8676975945017184 0.471875 0.8745704467353953 0.48515625 0.8762886597938145 0.56015625 0.8762886597938145 0.5609375 0.745704467353952 0.55859375 0.7336769759450172 0.5609375 0.711340206185567 0.55625 0.6529209621993128 0.56015625 0.6426116838487973 0.56015625 0.5962199312714777 0.55703125 0.5738831615120275 0.56171875 0.5567010309278351 0.5609375 0.5189003436426117 0.55703125 0.5034364261168386 0.55703125 0.4896907216494846 0.56171875 0.4810996563573884 0.5625 0.4347079037800688 0.5578125 0.4175257731958763 0.5578125 0.40549828178694164 0.5625 0.3934707903780069 0.56015625 0.3762886597938145 0.5625 0.3539518900343643 0.5578125 0.302405498281787 0.4875 0.30068728522336774 0.459375 0.30584192439862545 0.459375 0.32817869415807566 0.45390625 0.359106529209622
0 0.6703125 0.8917525773195877 0.7640625 0.8917525773195877 0.7625 0.8608247422680414 0.67578125 0.8539518900343642 0.6640625 0.8573883161512029 0.66328125 0.8814432989690723 0.6703125 0.8917525773195877
0 0.7609375 0.83828125 0.00078125 0.003125
0 0.7515625 0.8333333333333334 0.74921875 0.8316151202749141 0.74765625 0.8350515463917526 0.7515625 0.8333333333333334
0 0.7171875 0.8264604810996564 0.71171875 0.8247422680412372 0.7125 0.8298969072164949 0.7171875 0.8264604810996564
0 0.70078125 0.8264604810996564 0.6984375 0.8247422680412372 0.69921875 0.8298969072164949 0.70078125 0.8264604810996564
0 0.31171875 0.802405498281787 0.3078125 0.8006872852233677 0.30625 0.802405498281787 0.31171875 0.802405498281787
0 0.26953125 0.6580756013745706 0.271875 0.6632302405498283 0.27265625 0.6924398625429553 0.278125 0.7010309278350516 0.27890625 0.725085910652921 0.2828125 0.7302405498281788 0.28046875 0.7542955326460482 0.2859375 0.7628865979381444 0.2859375 0.7766323024054984 0.31015625 0.7920962199312716 0.3625 0.7903780068728523 0.3625 0.7835051546391754 0.35703125 0.7766323024054984 0.3578125 0.7663230240549829 0.3625 0.7663230240549829 0.3640625 0.7611683848797252 0.3625 0.7199312714776632 0.359375 0.7044673539518901 0.36171875 0.6821305841924399 0.3578125 0.6512027491408936 0.34921875 0.6237113402061857 0.30625 0.6237113402061857 0.30625 0.6185567010309279 0.290625 0.6185567010309279 0.2734375 0.6288659793814434 0.27421875 0.6374570446735396 0.26953125 0.6580756013745706
0 0.45078125 0.34879725085910657 0.453125 0.3625429553264605 0.4515625 0.3934707903780069 0.459375 0.4037800687285224 0.46484375 0.3969072164948454 0.48515625 0.39003436426116844 0.55 0.3969072164948454 0.5640625 0.3934707903780069 0.56484375 0.34879725085910657 0.56015625 0.33161512027491413 0.559375 0.31271477663230246 0.5546875 0.3041237113402062 0.46640625 0.30068728522336774 0.459375 0.3075601374570447 0.45703125 0.3178694158075602 0.45703125 0.32817869415807566 0.45078125 0.34879725085910657
0 0.615625 0.7938144329896908 0.615625 0.7783505154639176 0.61171875 0.7749140893470792 0.61171875 0.7920962199312716 0.615625 0.7938144329896908
0 0.62734375 0.7371134020618557 0.625 0.731958762886598 0.625 0.7371134020618557 0.62734375 0.7371134020618557
0 0.65078125 0.7336769759450172 0.65 0.7302405498281788 0.646875 0.7336769759450172 0.65078125 0.7336769759450172
0 0.6578125 0.7353951890034365 0.65703125 0.725085910652921 0.6546875 0.7268041237113403 0.6578125 0.7353951890034365
0 0.57265625 0.7371134020618557 0.57421875 0.7302405498281788 0.57109375 0.725085910652921 0.571875 0.731958762886598 0.56875 0.7302405498281788 0.5671875 0.7371134020618557 0.57265625 0.7371134020618557
0 0.64921875 0.7268041237113403 0.65078125 0.7164948453608248 0.646875 0.718213058419244 0.6453125 0.725085910652921 0.64921875 0.7268041237113403
0 0.61171875 0.7216494845360826 0.621875 0.7164948453608248 0.61640625 0.7130584192439863 0.61875 0.7079037800687286 0.6125 0.7079037800687286 0.61015625 0.7164948453608248 0.61171875 0.7216494845360826
0 0.63671875 0.69296875 0.0015625 0.0015625
0 0.62578125 0.6975945017182131 0.63046875 0.6958762886597938 0.62734375 0.6924398625429553 0.6234375 0.6924398625429553 0.62578125 0.6975945017182131
0 0.64765625 0.6924398625429553 0.64609375 0.6890034364261168 0.64453125 0.6941580756013745 0.64765625 0.6924398625429553
0 0.57890625 0.7061855670103093 0.5765625 0.7130584192439863 0.578125 0.718213058419244 0.5734375 0.7199312714776632 0.584375 0.718213058419244 0.584375 0.725085910652921 0.57890625 0.7336769759450172 0.598828125 0.7353951890034365 0.60390625 0.7302405498281788 0.60390625 0.7371134020618557 0.6171875 0.7353951890034365 0.6078125 0.731958762886598 0.60390625 0.7216494845360826 0.60625 0.7164948453608248 0.59765625 0.7044673539518901 0.5984375 0.6838487972508591 0.59453125 0.6890034364261168 0.58515625 0.6821305841924399 0.58515625 0.6975945017182131 0.57890625 0.7061855670103093
0 0.5953125 0.6625 0.00078125 0.0015625
0 0.6234375 0.6391752577319588 0.61484375 0.6374570446735396 0.615625 0.6477663230240551 0.6234375 0.6391752577319588
0 0.57578125 0.4037800687285224 0.56796875 0.443298969072165 0.56796875 0.46735395189003437 0.57421875 0.4914089347079038 0.5671875 0.5171821305841925 0.565625 0.5395189003436427 0.5671875 0.5584192439862543 0.571875 0.5670103092783505 0.5671875 0.5979381443298969 0.56640625 0.6254295532646049 0.56953125 0.6305841924398626 0.578125 0.6305841924398626 0.57890625 0.6391752577319588 0.5828125 0.6426116838487973 0.58125 0.6477663230240551 0.5828125 0.6443298969072165 0.59140625 0.6494845360824744 0.5953125 0.6443298969072165 0.596875 0.6546391752577321 0.60078125 0.6546391752577321 0.6046875 0.6460481099656358 0.603125 0.6357388316151203 0.60859375 0.6254295532646049 0.62265625 0.6237113402061857 0.6296875 0.6340206185567011 0.64765625 0.6271477663230242 0.65546875 0.6305841924398626 0.65625 0.6219931271477663 0.6609375 0.6202749140893471 0.66875 0.5979381443298969 0.6671875 0.5721649484536082 0.67265625 0.5601374570446735 0.67109375 0.5309278350515465 0.675 0.513745704467354 0.671875 0.5017182130584193 0.671875 0.48453608247422686 0.67734375 0.47594501718213056 0.67578125 0.43814432989690727 0.67890625 0.4347079037800688 0.675 0.41065292096219935 0.6765625 0.39518900343642616 0.68203125 0.38659793814432997 0.68125 0.37972508591065296 0.67578125 0.3762886597938145 0.67890625 0.372852233676976 0.68046875 0.35223367697594504 0.68515625 0.34192439862542956 0.68203125 0.3264604810996564 0.67890625 0.3230240549828179 0.678125 0.30927835051546393 0.66953125 0.2972508591065292 0.65 0.29381443298969073 0.6375 0.30068728522336774 0.63125 0.29553264604810997 0.60859375 0.2972508591065292 0.60078125 0.30584192439862545 0.58984375 0.29896907216494845 0.5828125 0.302405498281787 0.58203125 0.31099656357388317 0.5765625 0.32130584192439865 0.57578125 0.33333333333333337 0.56875 0.3470790378006873 0.56953125 0.3814432989690722 0.57578125 0.4037800687285224
0 0.5125 0.52109375 0.00234375 0.0015625
0 0.465625 0.3109375 0.00078125 0.003125
0 0.46015625 0.3934707903780069 0.45546875 0.4347079037800688 0.45546875 0.47938144329896915 0.4625 0.4948453608247423 0.4625 0.5103092783505155 0.47421875 0.5171821305841925 0.503125 0.5120274914089348 0.521875 0.5154639175257733 0.52421875 0.5240549828178694 0.54296875 0.5240549828178694 0.5515625 0.5154639175257733 0.55546875 0.5 0.5546875 0.4896907216494846 0.5625 0.47938144329896915 0.5640625 0.43642611683848803 0.55859375 0.41065292096219935 0.5625 0.39003436426116844 0.54453125 0.37457044673539525 0.5484375 0.3694158075601375 0.553125 0.3505154639175258 0.5609375 0.3470790378006873 0.55703125 0.3230240549828179 0.55 0.32130584192439865 0.55546875 0.31271477663230246 0.553125 0.3041237113402062 0.48671875 0.3041237113402062 0.48046875 0.3144329896907217 0.48203125 0.3230240549828179 0.4734375 0.3298969072164949 0.4734375 0.3350515463917526 0.4765625 0.3350515463917526 0.4828125 0.3470790378006873 0.48125 0.35223367697594504 0.471875 0.359106529209622 0.46015625 0.34192439862542956 0.4546875 0.35223367697594504 0.45390625 0.36426116838487976 0.46015625 0.3934707903780069
0 0.36875 0.24140625 0.00234375 0.0015625
0 0.36171875 0.24398625429553267 0.365625 0.23367697594501718 0.3609375 0.23711340206185566 0.359375 0.23195876288659795 0.35703125 0.23367697594501718 0.359375 0.2405498281786942 0.3546875 0.2405498281786942 0.35625 0.24742268041237114 0.36171875 0.24398625429553267
0 0.3375 0.140893470790378 0.33203125 0.16151202749140894 0.33828125 0.211340206185567 0.43984375 0.2061855670103093 0.4453125 0.19759450171821308 0.4453125 0.1632302405498282 0.43828125 0.13058419243986255 0.43828125 0.11168384879725086 0.44375 0.09621993127147768 0.44609375 0.07560137457044674 0.44296875 0.061855670103092786 0.4375 0.05326460481099656 0.4328125 0.05326460481099656 0.42890625 0.06013745704467355 0.39296875 0.058419243986254296 0.38671875 0.06529209621993128 0.37734375 0.05670103092783506 0.37109375 0.06357388316151204 0.35390625 0.06701030927835053 0.34140625 0.061855670103092786 0.33671875 0.070446735395189 0.3375 0.08419243986254296 0.3421875 0.08762886597938145 0.34140625 0.09621993127147768 0.3328125 0.11168384879725086 0.3375 0.12371134020618557 0.3375 0.140893470790378
0 0.59609375 0.1288659793814433 0.59375 0.12714776632302408 0.59140625 0.13058419243986255 0.59609375 0.1288659793814433
0 0.68359375 0.10652920962199312 0.67734375 0.10652920962199312 0.67265625 0.10824742268041239 0.66875 0.11855670103092783 0.6640625 0.1202749140893471 0.66953125 0.12371134020618557 0.67421875 0.11855670103092783 0.6859375 0.11855670103092783 0.68359375 0.10652920962199312
0 0.6546875 0.12371134020618557 0.653125 0.12542955326460484 0.65859375 0.12714776632302408 0.6640625 0.1202749140893471 0.6546875 0.12371134020618557
0 0.57421875 0.09278350515463918 0.58125 0.09450171821305843 0.66484375 0.0859106529209622 0.6703125 0.09278350515463918 0.6796875 0.08762886597938145 0.6890625 0.09965635738831616 0.70078125 0.07731958762886598 0.69921875 0.05326460481099656 0.69375 0.03780068728522337 0.68515625 0.029209621993127148 0.6765625 0.03780068728522337 0.66875 0.03264604810996564 0.65703125 0.03780068728522337 0.64296875 0.03264604810996564 0.63359375 0.04123711340206186 0.6265625 0.030927835051546393 0.621875 0.030927835051546393 0.6140625 0.04123711340206186 0.60078125 0.03951890034364262 0.5953125 0.044673539518900345 0.58359375 0.03780068728522337 0.578125 0.0429553264604811 0.5703125 0.06701030927835053 0.5703125 0.0859106529209622 0.57421875 0.09278350515463918
0 0.45546875 0.19243986254295536 0.453125 0.18728522336769762 0.453125 0.19759450171821308 0.45546875 0.19243986254295536
0 0.5296875 0.17421875 0.00078125 0.0015625
0 0.45234375 0.15635738831615123 0.453125 0.17010309278350516 0.46328125 0.1718213058419244 0.4671875 0.16666666666666669 0.4734375 0.18041237113402064 0.478125 0.16838487972508592 0.48359375 0.17353951890034364 0.484375 0.1632302405498282 0.4890625 0.16151202749140894 0.4890625 0.15292096219931273 0.48515625 0.1512027491408935 0.48203125 0.16151202749140894 0.480078125 0.1512027491408935 0.4734375 0.14948453608247422 0.4671875 0.15635738831615123 0.46484375 0.16838487972508592 0.453125 0.14604810996563575 0.45546875 0.15463917525773196 0.45234375 0.15635738831615123
0 0.453125 0.29553264604810997 0.45546875 0.288659793814433 0.45546875 0.302405498281787 0.45859375 0.31099656357388317 0.45859375 0.3264604810996564 0.453125 0.34879725085910657 0.453125 0.365979381443299 0.4546875 0.3917525773195877 0.45859375 0.40034364261168387 0.45625 0.47938144329896915 0.4609375 0.4948453608247423 0.45703125 0.5223367697594502 0.4578125 0.5549828178694158 0.46328125 0.577319587628866 0.46328125 0.5876288659793815 0.459375 0.5996563573883162 0.459375 0.6323024054982819 0.46484375 0.6494845360824744 0.46171875 0.6752577319587629 0.46328125 0.7508591065292097 0.465625 0.7577319587628867 0.4640625 0.7766323024054984 0.46640625 0.8694158075601376 0.484375 0.8762886597938145 0.55859375 0.8780068728522338 0.5609375 0.8608247422680414 0.5609375 0.8127147766323025 0.55859375 0.7989690721649485 0.5609375 0.7474226804123713 0.55859375 0.7405498281786942 0.559375 0.6769759450171822 0.55546875 0.6529209621993128 0.56015625 0.6408934707903781 0.56015625 0.5962199312714777 0.55703125 0.5721649484536082 0.5609375 0.563573883161512 0.5609375 0.5189003436426117 0.55703125 0.5034364261168386 0.55703125 0.4896907216494846 0.56171875 0.4810996563573884 0.5625 0.4347079037800688 0.5578125 0.4072164948453609 0.56328125 0.3934707903780069 0.5609375 0.3762886597938145 0.56328125 0.3539518900343643 0.55859375 0.3230240549828179 0.5609375 0.302405498281787 0.55390625 0.29553264604810997 0.56015625 0.288659793814433 0.5640625 0.26460481099656363 0.5640625 0.2508591065292097 0.559375 0.24742268041237114 0.56328125 0.19759450171821308 0.5578125 0.19587628865979384 0.55859375 0.18041237113402064 0.5640625 0.17697594501718214 0.56640625 0.15292096219931273 0.5640625 0.14604810996563575 0.540625 0.1512027491408935 0.52109375 0.14604810996563575 0.50546875 0.15463917525773196 0.5015625 0.14261168384879724 0.49765625 0.14261168384879724 0.496875 0.15292096219931273 0.4921875 0.1597938144329897 0.490625 0.17010309278350516 0.5 0.1718213058419244 0.496875 0.18384879725085912 0.50390625 0.1907216494845361 0.50234375 0.19587628865979384 0.50625 0.19931271477663232 0.496875 0.2061855670103093 0.49453125 0.21477663230240554 0.4828125 0.21477663230240554 0.475 0.20790378006872853 0.4671875 0.19243986254295536 0.459375 0.18728522336769762 0.45703125 0.19243986254295536 0.459375 0.19587628865979384 0.45625 0.19931271477663232 0.45625 0.21907216494845363 0.46015625 0.22336769759450173 0.46015625 0.23195876288659795 0.45625 0.2302405498281787 0.46171875 0.23711340206185566 0.45625 0.23883161512027495 0.4671875 0.24398625429553267 0.46171875 0.2508591065292097 0.46328125 0.2560137457044674 0.45390625 0.26460481099656363 0.45625 0.28350515463917525 0.453125 0.29553264604810997
0 0.5015625 0.13671875 0.00078125 0.0015625
0 0.50078125 0.12714776632302408 0.50234375 0.12199312714776633 0.49765625 0.12199312714776633 0.50078125 0.12714776632302408
0 0.4671875 0.11796875 0.0015625 0.0015625
0 0.50859375 0.11855670103092783 0.5078125 0.11168384879725086 0.50546875 0.11683848797250859 0.50859375 0.11855670103092783
0 0.48828125 0.1125 0.0015625 0.00546875
0 0.503125 0.10824742268041239 0.50078125 0.10824742268041239 0.4984375 0.11168384879725086 0.503125 0.10824742268041239
0 0.51015625 0.10481099656357389 0.5078125 0.10309278350515465 0.5046875 0.10481099656357389 0.51015625 0.10481099656357389
0 0.4734375 0.05390625 0.00078125 0.0015625
0 0.22265625 0.13917525773195877 0.2203125 0.17010309278350516 0.228125 0.18213058419243988 0.22421875 0.20274914089347082 0.225 0.21993127147766325 0.23359375 0.23711340206185566 0.23359375 0.25429553264604815 0.259375 0.2577319587628866 0.26875 0.24742268041237114 0.27421875 0.2525773195876289 0.29765625 0.2508591065292097 0.29921875 0.2457044673539519 0.31796875 0.2508591065292097 0.32421875 0.24226804123711343 0.32265625 0.21993127147766325 0.33046875 0.2061855670103093 0.33125 0.19243986254295536 0.321875 0.16666666666666669 0.31953125 0.13230240549828182 0.32421875 0.12542955326460484 0.3265625 0.10996563573883163 0.33203125 0.09965635738831616 0.32890625 0.07731958762886598 0.31640625 0.070446735395189 0.30703125 0.08075601374570447 0.3 0.070446735395189 0.29296875 0.07731958762886598 0.28125 0.070446735395189 0.27109375 0.08075601374570447 0.265625 0.07216494845360825 0.2546875 0.07903780068728523 0.24765625 0.070446735395189 0.22890625 0.08075601374570447 0.22265625 0.09106529209621994 0.21640625 0.09278350515463918 0.215625 0.09793814432989692 0.21328125 0.11855670103092783 0.22265625 0.13917525773195877
0 0.4625 0.570446735395189 0.4625 0.5807560137457045 0.45859375 0.6116838487972509 0.4625 0.6323024054982819 0.51875 0.6323024054982819 0.5546875 0.6391752577319588 0.55859375 0.6340206185567011 0.56171875 0.6151202749140894 0.56171875 0.5979381443298969 0.5578125 0.5790378006872853 0.5609375 0.5463917525773196 0.55859375 0.5412371134020619 0.56015625 0.5240549828178694 0.553125 0.5068728522336771 0.55625 0.5 0.55390625 0.48797250859106533 0.54296875 0.4810996563573884 0.51796875 0.4828178694158076 0.51171875 0.4776632302405499 0.46875 0.4810996563573884 0.46328125 0.4896907216494846 0.46015625 0.5068728522336771 0.4578125 0.5584192439862543 0.4625 0.570446735395189
0 0.56796875 0.8694158075601376 0.64609375 0.8762886597938145 0.65703125 0.8745704467353953 0.659375 0.8694158075601376 0.6578125 0.8539518900343642 0.66171875 0.8144329896907218 0.6625 0.7714776632302407 0.6578125 0.7542955326460482 0.64921875 0.7628865979381444 0.64375 0.7577319587628867 0.6296875 0.7594501718213059 0.62890625 0.7474226804123713 0.62109375 0.745704467353952 0.60625 0.7508591065292097 0.6046875 0.7474226804123713 0.6046875 0.7560137457044674 0.6015625 0.7594501718213059 0.584375 0.7611683848797252 0.5765625 0.752577319587629 0.56640625 0.7594501718213059 0.5625 0.7731958762886599 0.56171875 0.79553264604811 0.56796875 0.8694158075601376
0 0.60546875 0.7096219931271478 0.59453125 0.7079037800687286 0.59140625 0.7096219931271478 0.60546875 0.7096219931271478
0 0.70390625 0.4639175257731959 0.70703125 0.4553264604810997 0.70234375 0.45704467353951894 0.70078125 0.46219931271477666 0.70390625 0.4639175257731959
0 0.6859375 0.42783505154639184 0.68984375 0.43298969072164956 0.69609375 0.43642611683848803 0.7015625 0.4312714776632303 0.74036484375 0.4312714776632303 0.740625 0.4518900343642612 0.7359375 0.4553264604810997 0.7390625 0.4639175257731959 0.746484375 0.46563573883161513 0.74765625 0.45704467353951894 0.7515625 0.4587628865979382 0.75078125 0.46563573883161513 0.76796875 0.46563573883161513 0.77578125 0.44673539518900346 0.77890625 0.46219931271477666 0.784375 0.46219931271477666 0.78671875 0.4553264604810997 0.78203125 0.4484536082474227 0.784375 0.4450171821305842 0.78203125 0.4450171821305842 0.78046875 0.43642611683848803 0.7890625 0.4347079037800688 0.79375 0.45017182130584193 0.80078125 0.4347079037800688 0.80703125 0.4312714776632303 0.80546875 0.3969072164948454 0.8125 0.38316151202749144 0.809375 0.35223367697594504 0.81875 0.33333333333333337 0.81640625 0.29553264604810997 0.81953125 0.2852233676975945 0.81015625 0.2766323024054983 0.78828125 0.2800687285223368 0.7859375 0.2869415807560137 0.75859375 0.288659793814433 0.74765625 0.281786941580756 0.71953125 0.2869415807560137 0.70546875 0.27491408934707906 0.69296875 0.302405498281787 0.690625 0.3230240549828179 0.6921875 0.3470790378006873 0.68828125 0.35738831615120276 0.6875 0.3711340206185567 0.6890625 0.40549828178694164 0.6859375 0.42783505154639184
0 0.715625 0.25429553264604815 0.7328125 0.2508591065292097 0.7375 0.26460481099656363 0.7421875 0.24914089347079038 0.75546875 0.2508591065292097 0.76015625 0.2577319587628866 0.7703125 0.2525773195876289 0.775 0.2577319587628866 0.77421875 0.26460481099656363 0.778125 0.2611683848797251 0.7796875 0.26632302405498287 0.78203125 0.25945017182130586 0.7828125 0.26460481099656363 0.78828125 0.24398625429553267 0.7953125 0.24398625429553267 0.796875 0.25429553264604815 0.80390625 0.26460481099656363 0.80625 0.2577319587628866 0.809375 0.25945017182130586 0.81015625 0.26632302405498287 0.8171875 0.26460481099656363 0.8171875 0.2577319587628866 0.8109375 0.2508591065292097 0.809375 0.23711340206185566 0.80703125 0.23539518900343642 0.77890625 0.23539518900343642 0.771875 0.23883161512027495 0.76640625 0.2525773195876289 0.7640625 0.23883161512027495 0.75234375 0.23883161512027495 0.746875 0.2457044673539519 0.74375 0.2405498281786942 0.74296875 0.2457044673539519 0.7359375 0.2405498281786942 0.72890625 0.2508591065292097 0.72109375 0.24398625429553267 0.721875 0.2525773195876289 0.71875 0.2525773195876289 0.715625 0.24398625429553267 0.7125 0.24742268041237114 0.71171875 0.2508591065292097 0.715625 0.25429553264604815
0 0.5359375 0.06013745704467355 0.54140625 0.05498281786941581 0.5375 0.04982817869415808 0.5328125 0.05670103092783506 0.5359375 0.06013745704467355
0 0.44921875 0.10137457044673541 0.45390625 0.1202749140893471 0.45390625 0.13402061855670105 0.44921875 0.16151202749140894 0.4515625 0.1718213058419244 0.45078125 0.20103092783505155 0.45546875 0.21477663230240554 0.4515625 0.25429553264604815 0.45234375 0.2972508591065292 0.4546875 0.302405498281787 0.46015625 0.3041237113402062 0.46484375 0.2972508591065292 0.475 0.29553264604810997 0.51484375 0.30068728522336774 0.52109375 0.29553264604810997 0.55234375 0.2972508591065292 0.56328125 0.2920962199312715 0.565625 0.2508591065292097 0.5625 0.22852233676975947 0.56640625 0.19931271477663232 0.56484375 0.17869415807560138 0.56796875 0.15463917525773196 0.56796875 0.1202749140893471 0.56328125 0.10824742268041239 0.5671875 0.09621993127147768 0.56484375 0.07731958762886598 0.56640625 0.058419243986254296 0.5640625 0.04639175257731959 0.55859375 0.04639175257731959 0.55625 0.058419243986254296 0.5453125 0.05498281786941581 0.53984375 0.06872852233676977 0.53125 0.06013745704467355 0.5171875 0.06529209621993128 0.521875 0.04639175257731959 0.51875 0.05670103092783506 0.515625 0.04639175257731959 0.5109375 0.058419243986254296 0.5046875 0.058419243986254296 0.4984375 0.04982817869415808 0.490625 0.04982817869415808 0.4875 0.058419243986254296 0.48046875 0.04982817869415808 0.47265625 0.04982817869415808 0.46640625 0.061855670103092786 0.46328125 0.05326460481099656 0.45625 0.05326460481099656 0.453125 0.06013745704467355 0.44921875 0.07903780068728523 0.44921875 0.10137457044673541
0 0.63203125 0.802405498281787 0.62265625 0.7989690721649485 0.62109375 0.802405498281787 0.63203125 0.802405498281787
0 0.61640625 0.802405498281787 0.61640625 0.7938144329896908 0.6125 0.7903780068728523 0.60625 0.802405498281787 0.61640625 0.802405498281787
0 0.56796875 0.67421875 0.0015625 0.0015625
0 0.5640625 0.6907216494845361 0.5671875 0.7646048109965636 0.640625 0.7663230240549829 0.65859375 0.7611683848797252 0.65859375 0.7542955326460482 0.6640625 0.745704467353952 0.66015625 0.7199312714776632 0.665625 0.7079037800687286 0.665625 0.668384879725086 0.65703125 0.6323024054982819 0.6109375 0.6305841924398626 0.575 0.6357388316151203 0.56796875 0.6408934707903781 0.57265625 0.6821305841924399 0.5640625 0.6907216494845361
0 0.44921875 0.15292096219931273 0.44921875 0.20103092783505155 0.45546875 0.21649484536082478 0.45546875 0.25429553264604815 0.4734375 0.2577319587628866 0.49609375 0.2508591065292097 0.5328125 0.24914089347079038 0.54609375 0.25429553264604815 0.56328125 0.24742268041237114 0.56171875 0.23367697594501718 0.5671875 0.19931271477663232 0.56796875 0.14776632302405499 0.5640625 0.13230240549828182 0.565625 0.11855670103092783 0.55703125 0.10481099656357389 0.53828125 0.10137457044673541 0.534375 0.10824742268041239 0.53046875 0.09965635738831616 0.52109375 0.09965635738831616 0.5015625 0.10137457044673541 0.4984375 0.10824742268041239 0.49375 0.10137457044673541 0.48125 0.10652920962199312 0.4734375 0.10309278350515465 0.45859375 0.10824742268041239 0.4578125 0.11512027491408935 0.4546875 0.10996563573883163 0.4578125 0.12199312714776633 0.44921875 0.15292096219931273
0 0.26953125 0.6563573883161513 0.2734375 0.6752577319587629 0.2734375 0.6890034364261168 0.2796875 0.7061855670103093 0.27890625 0.725085910652921 0.2828125 0.7302405498281788 0.27890625 0.7560137457044674 0.28359375 0.7680412371134021 0.2828125 0.7835051546391754 0.28671875 0.7972508591065293 0.28984375 0.8402061855670103 0.29375 0.8470790378006873 0.309375 0.8505154639175257 0.3625 0.8505154639175257 0.36796875 0.8281786941580757 0.3671875 0.7869415807560138 0.3640625 0.7680412371134021 0.36328125 0.731958762886598 0.36015625 0.718213058419244 0.3625 0.711340206185567 0.36171875 0.6786941580756014 0.3515625 0.6323024054982819 0.3421875 0.6254295532646049 0.31875 0.6237113402061857 0.278125 0.6254295532646049 0.27421875 0.6305841924398626 0.27421875 0.6408934707903781 0.26953125 0.6563573883161513
0 0.59921875 0.3041237113402062 0.61328125 0.29381443298969073 0.68203125 0.2920962199312715 0.6875 0.2852233676975945 0.68828125 0.2560137457044674 0.6921875 0.2405498281786942 0.684375 0.20274914089347082 0.6890625 0.19587628865979384 0.66484375 0.1907216494845361 0.62421875 0.19759450171821308 0.61015625 0.1941580756013746 0.58046875 0.20274914089347082 0.57734375 0.22336769759450173 0.5796875 0.23367697594501718 0.57421875 0.2405498281786942 0.571875 0.2560137457044674 0.57265625 0.29553264604810997 0.59921875 0.3041237113402062
0 0.6453125 0.54921875 0.00390625 0.0015625
0 0.66796875 0.5429553264604812 0.66796875 0.5378006872852235 0.6609375 0.5395189003436427 0.66796875 0.5429553264604812
0 0.61796875 0.5412371134020619 0.628125 0.5429553264604812 0.61015625 0.5378006872852235 0.61484375 0.5481099656357389 0.61796875 0.5412371134020619
0 0.571875 0.5498281786941581 0.58125 0.5532646048109966 0.584375 0.5515463917525774 0.58671875 0.5395189003436427 0.58984375 0.5395189003436427 0.58828125 0.534364261168385 0.58203125 0.5446735395189004 0.58125 0.5360824742268042 0.57109375 0.5378006872852235 0.56953125 0.5395189003436427 0.571875 0.5498281786941581
0 0.61484375 0.5292096219931273 0.6125 0.527491408934708 0.60625 0.5292096219931273 0.61484375 0.5292096219931273
0 0.59375 0.5292096219931273 0.58671875 0.5240549828178694 0.5859375 0.5292096219931273 0.59375 0.5292096219931273
0 0.5671875 0.34879725085910657 0.56796875 0.37972508591065296 0.57421875 0.4037800687285224 0.56875 0.4295532646048111 0.5671875 0.4725085910652921 0.57734375 0.4896907216494846 0.58359375 0.4810996563573884 0.59140625 0.48453608247422686 0.58671875 0.4965635738831615 0.58515625 0.5189003436426117 0.598046875 0.5189003436426117 0.6015625 0.513745704467354 0.603125 0.5189003436426117 0.6125 0.5154639175257733 0.6140625 0.520618556701031 0.61640625 0.513745704467354 0.61796875 0.520618556701031 0.621875 0.520618556701031 0.6265625 0.5120274914089348 0.634375 0.513745704467354 0.63671875 0.5223367697594502 0.671875 0.5189003436426117 0.66953125 0.49312714776632305 0.6703125 0.48453608247422686 0.67734375 0.4725085910652921 0.67734375 0.443298969072165 0.68046875 0.4312714776632303 0.678125 0.40549828178694164 0.68359375 0.38659793814432997 0.68203125 0.3608247422680413 0.6859375 0.34536082474226804 0.6859375 0.3350515463917526 0.6796875 0.3075601374570447 0.67109375 0.29553264604810997 0.65390625 0.29381443298969073 0.60625 0.2972508591065292 0.6 0.302405498281787 0.58828125 0.29896907216494845 0.58046875 0.3075601374570447 0.5765625 0.302405498281787 0.5796875 0.31099656357388317 0.5671875 0.34879725085910657
0 0.46796875 0.8745704467353953 0.5234375 0.879725085910653 0.5609375 0.8762886597938145 0.5609375 0.8127147766323025 0.5578125 0.7886597938144331 0.553125 0.7817869415807561 0.52421875 0.7800687285223369 0.51484375 0.7714776632302407 0.48359375 0.7714776632302407 0.47734375 0.7800687285223369 0.4671875 0.7783505154639176 0.465625 0.8075601374570448 0.46484375 0.8487972508591065 0.46796875 0.8745704467353953
0 0.58046875 0.10137457044673541 0.5796875 0.11855670103092783 0.5734375 0.140893470790378 0.57265625 0.19587628865979384 0.57734375 0.2061855670103093 0.575 0.21477663230240554 0.57265625 0.281786941580756 0.57578125 0.2920962199312715 0.68203125 0.2852233676975945 0.68515625 0.2680412371134021 0.67734375 0.2525773195876289 0.690625 0.24226804123711343 0.68671875 0.20962199312714777 0.69375 0.18900343642611686 0.69296875 0.15463917525773196 0.69609375 0.140893470790378 0.690625 0.09965635738831616 0.69375 0.08762886597938145 0.7 0.07903780068728523 0.69921875 0.06357388316151204 0.69453125 0.05326460481099656 0.6921875 0.03780068728522337 0.6859375 0.03436426116838488 0.68359375 0.044673539518900345 0.67421875 0.044673539518900345 0.6671875 0.03436426116838488 0.6609375 0.03608247422680413 0.65859375 0.0429553264604811 0.64375 0.03436426116838488 0.63828125 0.044673539518900345 0.63359375 0.044673539518900345 0.6296875 0.03608247422680413 0.62265625 0.03264604810996564 0.6140625 0.04639175257731959 0.60546875 0.03951890034364262 0.59921875 0.0429553264604811 0.59609375 0.051546391752577324 0.5921875 0.051546391752577324 0.58828125 0.04123711340206186 0.584375 0.03951890034364262 0.58125 0.04123711340206186 0.5734375 0.06357388316151204 0.57109375 0.07388316151202749 0.58046875 0.10137457044673541
0 0.70390625 0.25945017182130586 0.69765625 0.281786941580756 0.7046875 0.288659793814433 0.78515625 0.288659793814433 0.81484375 0.29381443298969073 0.821875 0.2852233676975945 0.8171875 0.24226804123711343 0.80859375 0.23195876288659795 0.778125 0.23195876288659795 0.7484375 0.23883161512027495 0.73515625 0.23367697594501718 0.69921875 0.2405498281786942 0.703125 0.24742268041237114 0.70390625 0.25945017182130586
0 0.76875 0.7920962199312716 0.7703125 0.7886597938144331 0.76796875 0.7869415807560138 0.7640625 0.7886597938144331 0.76875 0.7920962199312716
0 0.75625 0.7714776632302407 0.75390625 0.7783505154639176 0.75546875 0.7800687285223369 0.75703125 0.7731958762886599 0.759375 0.7783505154639176 0.759375 0.7680412371134021 0.76328125 0.7646048109965636 0.7578125 0.7646048109965636 0.7578125 0.7697594501718215 0.75234375 0.7646048109965636 0.75078125 0.7680412371134021 0.7484375 0.7766323024054984 0.75625 0.7714776632302407
0 0.715625 0.7783505154639176 0.725 0.7800687285223369 0.73125 0.7749140893470792 0.7390625 0.7800687285223369 0.74375 0.7749140893470792 0.740625 0.7646048109965636 0.7296875 0.7714776632302407 0.7234375 0.7594501718213059 0.71796875 0.7646048109965636 0.715625 0.7611683848797252 0.71328125 0.7714776632302407 0.715625 0.7783505154639176
0 0.6703125 0.7817869415807561 0.68671875 0.7835051546391754 0.690625 0.7800687285223369 0.6921875 0.7714776632302407 0.696875 0.7783505154639176 0.690625 0.7680412371134021 0.69375 0.7646048109965636 0.68984375 0.7594501718213059 0.66796875 0.7611683848797252 0.6671875 0.7766323024054984 0.6703125 0.7817869415807561
0 0.67265625 0.7027491408934708 0.67109375 0.7353951890034365 0.6734375 0.7474226804123713 0.68203125 0.745704467353952 0.684375 0.752577319587629 0.6875 0.7439862542955327 0.68984375 0.745704467353952 0.690625 0.752577319587629 0.69375 0.7508591065292097 0.69609375 0.7611683848797252 0.7015625 0.7680412371134021 0.70078125 0.7749140893470792 0.70625 0.7783505154639176 0.7078125 0.7646048109965636 0.703125 0.7542955326460482 0.7078125 0.7474226804123713 0.7046875 0.745704467353952 0.70703125 0.738831615120275 0.71796875 0.7353951890034365 0.71875 0.725085910652921 0.72421875 0.725085910652921 0.7296875 0.7336769759450172 0.73046875 0.7285223367697595 0.74140625 0.725085910652921 0.74765625 0.7474226804123713 0.74609375 0.7508591065292097 0.75 0.7542955326460482 0.77578125 0.7542955326460482 0.77421875 0.7302405498281788 0.7796875 0.7199312714776632 0.7765625 0.7010309278350516 0.77734375 0.6907216494845361 0.7828125 0.6821305841924399 0.78359375 0.6735395189003437 0.78125 0.6477663230240551 0.7765625 0.6443298969072165 0.7 0.6443298969072165 0.690625 0.6477663230240551 0.68203125 0.6597938144329898 0.678125 0.6563573883161513 0.67265625 0.6666666666666667 0.66953125 0.6838487972508591 0.66875 0.6975945017182131 0.67265625 0.7027491408934708
0 0.34453125 0.3625429553264605 0.346875 0.3711340206185567 0.34609375 0.3934707903780069 0.35078125 0.40034364261168387 0.34765625 0.4347079037800688 0.353125 0.47594501718213056 0.403125 0.4725085910652921 0.4484375 0.4776632302405499 0.45078125 0.4725085910652921 0.4515625 0.42783505154639184 0.4453125 0.4037800687285224 0.45 0.3780068728522337 0.44140625 0.3178694158075602 0.4375 0.3075601374570447 0.428125 0.30068728522336774 0.35546875 0.30068728522336774 0.34609375 0.3075601374570447 0.3484375 0.3298969072164949 0.34453125 0.3625429553264605
0 0.3921875 0.32421875 0.003125 0.0015625
0 0.3375 0.17869415807560138 0.33671875 0.20962199312714777 0.3421875 0.22336769759450173 0.3390625 0.26460481099656363 0.34296875 0.29553264604810997 0.34921875 0.302405498281787 0.346875 0.30584192439862545 0.3484375 0.31099656357388317 0.35 0.30068728522336774 0.40546875 0.302405498281787 0.446875 0.29381443298969073 0.4484375 0.26460481099656363 0.440625 0.21477663230240554 0.44453125 0.19587628865979384 0.44609375 0.16494845360824745 0.43671875 0.1357388316151203 0.43359375 0.10824742268041239 0.365625 0.10996563573883163 0.359375 0.12542955326460484 0.3578125 0.14261168384879724 0.35234375 0.14948453608247422 0.34296875 0.14604810996563575 0.3515625 0.12714776632302408 0.35078125 0.11340206185567012 0.34609375 0.11340206185567012 0.34140625 0.1357388316151203 0.34375 0.140893470790378 0.33359375 0.15807560137457047 0.334375 0.1752577319587629 0.3375 0.17869415807560138
0 0.4421875 0.846875 0.00078125 0.003125
0 0.434375 0.845360824742268 0.43125 0.852233676975945 0.428125 0.845360824742268 0.43046875 0.8539518900343642 0.42890625 0.8591065292096222 0.43385390625 0.8608247422680414 0.4359375 0.8539518900343642 0.43802109375000003 0.8608247422680414 0.44140625 0.8539518900343642 0.4421875 0.8608247422680414 0.4546875 0.8608247422680414 0.453125 0.8436426116838488 0.4453125 0.8539518900343642 0.434375 0.845360824742268
0 0.38984375 0.8556701030927837 0.3921875 0.8487972508591065 0.39375 0.8556701030927837 0.3984375 0.845360824742268 0.40390625 0.845360824742268 0.384375 0.8384879725085911 0.3765625 0.8436426116838488 0.3765625 0.852233676975945 0.38984375 0.8556701030927837
0 0.459375 0.82578125 0.00078125 0.0015625
0 0.359375 0.5234375 0.00078125 0.0015625
0 0.36484375 0.513745704467354 0.36875 0.5154639175257733 0.371875 0.5085910652920963 0.36484375 0.5085910652920963 0.36484375 0.513745704467354
0 0.35625 0.5109375 0.0015625 0.00546875
0 0.3734375 0.48797250859106533 0.36953125 0.47938144329896915 0.36015625 0.48453608247422686 0.35859375 0.49312714776632305 0.3734375 0.48797250859106533
0 0.37734375 0.49828178694158076 0.37734375 0.5120274914089348 0.37421875 0.5068728522336771 0.37265625 0.5171821305841925 0.36953125 0.520618556701031 0.37421875 0.534364261168385 0.36484375 0.5532646048109966 0.3625 0.5549828178694158 0.35859375 0.5463917525773196 0.3625 0.5756013745704468 0.36171875 0.5859106529209622 0.359375 0.5876288659793815 0.3671875 0.6357388316151203 0.3625 0.6632302405498283 0.365625 0.6718213058419245 0.36875 0.7079037800687286 0.36875 0.7628865979381444 0.375 0.7749140893470792 0.37578125 0.7938144329896908 0.38046875 0.79553264604811 0.378125 0.8075601374570448 0.37265625 0.8144329896907218 0.37890625 0.816151202749141 0.38046875 0.8230240549828179 0.378125 0.8281786941580757 0.38203125 0.8316151202749141 0.4078125 0.8281786941580757 0.43359375 0.8316151202749141 0.4390625 0.8367697594501718 0.45703125 0.8350515463917526 0.45546875 0.8178694158075602 0.4578125 0.8178694158075602 0.45390625 0.809278350515464 0.459375 0.8058419243986255 0.46015625 0.8006872852233677 0.46015625 0.7611683848797252 0.45625 0.725085910652921 0.45625 0.6563573883161513 0.453125 0.6477663230240551 0.4546875 0.5876288659793815 0.44921875 0.5549828178694158 0.4421875 0.5515463917525774 0.43828125 0.5360824742268042 0.44375 0.5189003436426117 0.44921875 0.5292096219931273 0.446875 0.5240549828178694 0.44921875 0.5120274914089348 0.44609375 0.513745704467354 0.43828125 0.4965635738831615 0.43671875 0.4914089347079038 0.440625 0.48453608247422686 0.4359375 0.47938144329896915 0.425 0.48453608247422686 0.421875 0.47938144329896915 0.40234375 0.47594501718213056 0.3828125 0.4776632302405499 0.37734375 0.4828178694158076 0.3796875 0.49312714776632305 0.37734375 0.49828178694158076
0 0.365625 0.2328125 0.00078125 0.0015625
0 0.3359375 0.1907216494845361 0.33515625 0.20790378006872853 0.3484375 0.2216494845360825 0.35546875 0.20962199312714777 0.42109375 0.20446735395189006 0.43984375 0.20790378006872853 0.44609375 0.19759450171821308 0.446875 0.1632302405498282 0.43515625 0.14776632302405499 0.4265625 0.14948453608247422 0.425 0.15807560137457047 0.4140625 0.15292096219931273 0.40546875 0.1597938144329897 0.36875 0.16151202749140894 0.334375 0.15635738831615123 0.33125 0.18041237113402064 0.3359375 0.1907216494845361
0 0.40703125 0.13058419243986255 0.40390625 0.12542955326460484 0.40390625 0.13058419243986255 0.40703125 0.13058419243986255
0 0.39765625 0.12714776632302408 0.396875 0.1202749140893471 0.39453125 0.12199312714776633 0.39765625 0.12714776632302408
0 0.6734375 0.6202749140893471 0.678125 0.6529209621993128 0.6875 0.6529209621993128 0.703125 0.6426116838487973 0.7421875 0.6460481099656358 0.78671875 0.6408934707903781 0.7828125 0.6151202749140894 0.790625 0.6013745704467355 0.7859375 0.584192439862543 0.78671875 0.570446735395189 0.7953125 0.5601374570446735 0.790625 0.5446735395189004 0.79296875 0.520618556701031 0.77890625 0.5154639175257733 0.715625 0.5154639175257733 0.70390625 0.520618556701031 0.68515625 0.5171821305841925 0.6859375 0.5292096219931273 0.678125 0.5326460481099657 0.67890625 0.6065292096219932 0.6734375 0.6202749140893471
0 0.70703125 0.48359375 0.003125 0.0015625
0 0.7609375 0.4828178694158076 0.75625 0.4810996563573884 0.753125 0.48453608247422686 0.7609375 0.4828178694158076
0 0.73125 0.48453608247422686 0.7390625 0.4896907216494846 0.7484375 0.4828178694158076 0.71484375 0.48453608247422686 0.7125 0.4862542955326461 0.73125 0.48453608247422686
0 0.5671875 0.7216494845360826 0.565625 0.7371134020618557 0.56953125 0.7577319587628867 0.5765625 0.7508591065292097 0.5828125 0.7594501718213059 0.58359375 0.7491408934707905 0.58984375 0.745704467353952 0.58776015625 0.7594501718213059 0.592578125 0.752577319587629 0.5927085937500001 0.7594501718213059 0.5970703125 0.752577319587629 0.5984375 0.7611683848797252 0.60703125 0.7542955326460482 0.60234375 0.7542955326460482 0.6 0.745704467353952 0.625 0.745704467353952 0.6265625 0.7542955326460482 0.6296875 0.7474226804123713 0.63125 0.7560137457044674 0.6375 0.7594501718213059 0.64921875 0.7491408934707905 0.6609375 0.7491408934707905 0.66328125 0.7439862542955327 0.65703125 0.7164948453608248 0.66484375 0.7044673539518901 0.6671875 0.668384879725086 0.65859375 0.6357388316151203 0.56953125 0.6374570446735396 0.56640625 0.6426116838487973 0.5640625 0.6666666666666667 0.56328125 0.6958762886597938 0.5671875 0.7216494845360826
0 0.35078125 0.4347079037800688 0.35078125 0.443298969072165 0.35234375 0.47594501718213056 0.35546875 0.48453608247422686 0.35390625 0.5154639175257733 0.35703125 0.5532646048109966 0.36171875 0.5670103092783505 0.36015625 0.5876288659793815 0.3625 0.6116838487972509 0.36796875 0.6219931271477663 0.36796875 0.6426116838487973 0.3640625 0.6649484536082475 0.36796875 0.6821305841924399 0.36953125 0.711340206185567 0.36875 0.7628865979381444 0.3734375 0.7749140893470792 0.37265625 0.8470790378006873 0.3765625 0.8556701030927837 0.3859375 0.8591065292096222 0.4609375 0.8659793814432991 0.46015625 0.7594501718213059 0.45546875 0.7164948453608248 0.45703125 0.6924398625429553 0.4546875 0.6529209621993128 0.45234375 0.6460481099656358 0.4546875 0.6237113402061857 0.4546875 0.5859106529209622 0.4515625 0.5670103092783505 0.453125 0.534364261168385 0.44765625 0.4948453608247423 0.45 0.4810996563573884 0.45 0.43642611683848803 0.4390625 0.4072164948453609 0.4421875 0.40549828178694164 0.44296875 0.3917525773195877 0.37109375 0.3883161512027492 0.35859375 0.3917525773195877 0.353125 0.40549828178694164 0.35390625 0.42783505154639184 0.35078125 0.4347079037800688
0 0.38515625 0.38316151202749144 0.3796875 0.3780068728522337 0.3734375 0.3814432989690722 0.37109375 0.38316151202749144 0.38515625 0.38316151202749144
0 0.41328125 0.38487972508591073 0.42109375 0.37972508591065296 0.4109375 0.37457044673539525 0.41015625 0.38316151202749144 0.41328125 0.38487972508591073
0 0.3578125 0.3546875 0.00703125 0.0015625
0 0.4171875 0.3625429553264605 0.42109375 0.3539518900343643 0.41796875 0.3505154639175258 0.415625 0.35223367697594504 0.4171875 0.3625429553264605
0 0.44453125 0.35223367697594504 0.43828125 0.3470790378006873 0.43203125 0.3539518900343643 0.4234375 0.35223367697594504 0.44609375 0.3608247422680413 0.44453125 0.35223367697594504
0 0.371875 0.3298969072164949 0.36796875 0.3264604810996564 0.36640625 0.3298969072164949 0.371875 0.3298969072164949
0 0.3734375 0.3298969072164949 0.3765625 0.33676975945017185 0.375 0.3470790378006873 0.36484375 0.3539518900343643 0.371875 0.35738831615120276 0.3734375 0.3505154639175258 0.38359375 0.365979381443299 0.38359375 0.3711340206185567 0.38984375 0.3556701030927835 0.39296875 0.3608247422680413 0.40625 0.3625429553264605 0.409375 0.34879725085910657 0.41328125 0.3556701030927835 0.41484375 0.33333333333333337 0.428125 0.32817869415807566 0.4328125 0.33333333333333337 0.43984375 0.32130584192439865 0.4390625 0.3144329896907217 0.42890625 0.30584192439862545 0.41953125 0.30927835051546393 0.41796875 0.3041237113402062 0.41484375 0.3075601374570447 0.41171875 0.302405498281787 0.38984375 0.3041237113402062 0.38671875 0.30927835051546393 0.375 0.3041237113402062 0.36640625 0.31271477663230246 0.375 0.3195876288659794 0.3734375 0.3298969072164949