0 0.26460481099656363 0.615625 0.3144329896907217 0.63125 0.3470790378006873 0.64609375 0.37972508591065296 0.63984375 0.4312714776632303 0.62265625 0.4553264604810997 0.61015625 0.4553264604810997 0.6078125 0.43642611683848803 0.60078125 0.43298969072164956 0.5953125 0.4209621993127148 0.59453125 0.3608247422680413 0.6109375 0.34879725085910657 0.61796875 0.3402061855670103 0.61796875 0.3247422680412372 0.61484375 0.30584192439862545 0.603125 0.29037800687285226 0.59921875 0.2560137457044674 0.59765625 0.25429553264604815 0.60390625 0.26460481099656363 0.615625
0 0.43203125 0.61953125 0.0015625 0.0015625
0 0.26460481099656363 0.6171875 0.33676975945017185 0.64453125 0.3505154639175258 0.646875 0.3762886597938145 0.640625 0.37972508591065296 0.6375 0.3711340206185567 0.6359375 0.37972508591065296 0.6328125 0.359106529209622 0.6390625 0.30927835051546393 0.61328125 0.27491408934707906 0.60546875 0.2611683848797251 0.60546875 0.2577319587628866 0.60234375 0.2560137457044674 0.60625 0.26460481099656363 0.6171875
0 0.8591065292096222 0.34765625 0.8608247422680414 0.3421875 0.852233676975945 0.33828125 0.8384879725085911 0.3453125 0.8591065292096222 0.34765625
0 0.7371134020618557 0.4625 0.7646048109965636 0.45390625 0.7680412371134021 0.44921875 0.7766323024054984 0.4515625 0.8109965635738833 0.44765625 0.8264604810996564 0.45234375 0.8316151202749141 0.44140625 0.8659793814432991 0.43671875 0.8780068728522338 0.44453125 0.9106529209621994 0.37734375 0.9089347079037802 0.36953125 0.9175257731958764 0.36171875 0.9175257731958764 0.35296875 0.9089347079037802 0.35078125 0.9175257731958764 0.34859375 0.9158075601374571 0.340625 0.9226804123711341 0.334375 0.9140893470790379 0.33828125 0.9037800687285223 0.35546875 0.8900343642611684 0.3609375 0.879725085910653 0.36015625 0.8659793814432991 0.3640625 0.852233676975945 0.35390625 0.8419243986254296 0.3515625 0.852233676975945 0.35546875 0.8470790378006873 0.35859375 0.8419243986254296 0.35703125 0.8470790378006873 0.36015625 0.8384879725085911 0.371875 0.8316151202749141 0.36875 0.8264604810996564 0.3734375 0.8127147766323025 0.371875 0.8041237113402062 0.3765625 0.7886597938144331 0.37890625 0.7852233676975946 0.3671875 0.7731958762886599 0.3734375 0.7663230240549829 0.3734375 0.7611683848797252 0.36953125 0.752577319587629 0.384375 0.7405498281786942 0.38203125 0.7371134020618557 0.378125 0.7216494845360826 0.39453125 0.7199312714776632 0.46015625 0.7371134020618557 0.4625
0 0.60234375 0.62578125 0.0015625 0.0015625
0 0.6219931271477663 0.53203125 0.6237113402061857 0.52890625 0.6219931271477663 0.52578125 0.6219931271477663 0.53203125
0 0.5154639175257733 0.61015625 0.5223367697594502 0.60234375 0.534364261168385 0.6015625 0.5309278350515465 0.609375 0.5395189003436427 0.609375 0.5549828178694158 0.615625 0.5559323566648581 0.6208059210526315 0.5601374570446735 0.61953125 0.570446735395189 0.62265625 0.5807560137457045 0.62109375 0.5876288659793815 0.6265625 0.5945017182130584 0.62578125 0.6030927835051547 0.61640625 0.6116838487972509 0.61484375 0.6168384879725086 0.621875 0.6116838487972509 0.6296875 0.6185567010309279 0.6265625 0.6237113402061857 0.62734375 0.6305841924398626 0.61875 0.6391752577319588 0.6171875 0.6443298969072165 0.61953125 0.6494845360824744 0.6125 0.6632302405498283 0.6125 0.661512027491409 0.6078125 0.6752577319587629 0.60546875 0.6804123711340206 0.59921875 0.6872852233676976 0.57734375 0.6872852233676976 0.5375 0.6752577319587629 0.5234375 0.6786941580756014 0.51171875 0.6701030927835052 0.5203125 0.6477663230240551 0.525 0.6563573883161513 0.52890625 0.6477663230240551 0.5484375 0.6426116838487973 0.55078125 0.6340206185567011 0.546875 0.6237113402061857 0.546875 0.6013745704467355 0.55546875 0.5962199312714777 0.55390625 0.5962199312714777 0.54140625 0.5859106529209622 0.54375 0.5859106529209622 0.53984375 0.5945017182130584 0.5359375 0.5893470790378007 0.5328125 0.584192439862543 0.5328125 0.584192439862543 0.5390625 0.570446735395189 0.53984375 0.563573883161512 0.53671875 0.5532646048109966 0.53984375 0.5498281786941581 0.53828125 0.5498281786941581 0.521875 0.5481099656357389 0.52421875 0.5395189003436427 0.52109375 0.5360824742268042 0.528125 0.527491408934708 0.53125 0.520618556701031 0.53125 0.5154639175257733 0.52421875 0.5085910652920963 0.52265625 0.49312714776632305 0.52421875 0.48453608247422686 0.52109375 0.47938144329896915 0.525 0.47594501718213056 0.57578125 0.48453608247422686 0.60859375 0.5051546391752578 0.60703125 0.5154639175257733 0.61015625
0 0.4828178694158076 0.5546875 0.5034364261168386 0.56171875 0.5103092783505155 0.56015625 0.5292096219931273 0.565625 0.563573883161512 0.56484375 0.570446735395189 0.57421875 0.577319587628866 0.57578125 0.5945017182130584 0.57421875 0.6013745704467355 0.57734375 0.6116838487972509 0.57734375 0.6254295532646049 0.57421875 0.6323024054982819 0.56484375 0.6563573883161513 0.559375 0.6666666666666667 0.5625 0.6855670103092784 0.55078125 0.6924398625429553 0.52265625 0.6890034364261168 0.509375 0.6786941580756014 0.50859375 0.668384879725086 0.51796875 0.6563573883161513 0.51875 0.6512027491408936 0.52265625 0.6391752577319588 0.5203125 0.6219931271477663 0.521875 0.6168384879725086 0.5296875 0.5979381443298969 0.53359375 0.5429553264604812 0.5171875 0.5068728522336771 0.5125 0.49312714776632305 0.51484375 0.48797250859106533 0.51171875 0.47938144329896915 0.51171875 0.4776632302405499 0.53984375 0.4828178694158076 0.5546875
0 0.1752577319587629 0.4515625 0.17697594501718214 0.46328125 0.18728522336769762 0.47109375 0.18900343642611686 0.48125 0.20274914089347082 0.48515625 0.22336769759450173 0.48359375 0.23539518900343642 0.49453125 0.24914089347079038 0.49765625 0.26460481099656363 0.496875 0.2731958762886598 0.50234375 0.2852233676975945 0.49609375 0.30584192439862545 0.49921875 0.3178694158075602 0.4890625 0.3350515463917526 0.4921875 0.33676975945017185 0.490625 0.3247422680412372 0.48671875 0.33161512027491413 0.4828125 0.3539518900343643 0.47578125 0.4072164948453609 0.46640625 0.4209621993127148 0.45390625 0.41580756013745707 0.43671875 0.4072164948453609 0.434375 0.3780068728522337 0.4390625 0.3608247422680413 0.4390625 0.3539518900343643 0.44296875 0.3350515463917526 0.44609375 0.32130584192439865 0.44609375 0.3230240549828179 0.4421875 0.31099656357388317 0.45234375 0.31271477663230246 0.4609375 0.2869415807560137 0.46484375 0.281786941580756 0.4625 0.2766323024054983 0.46640625 0.2714776632302406 0.46328125 0.2577319587628866 0.46328125 0.22852233676975947 0.453125 0.2216494845360825 0.45390625 0.18900343642611686 0.446875 0.18213058419243988 0.4515625 0.1752577319587629 0.4515625
0 0.2405498281786942 0.48125 0.23711340206185566 0.47578125 0.23367697594501718 0.48046875 0.2405498281786942 0.48125
0 0.2852233676975945 0.425 0.2852233676975945 0.41484375 0.281786941580756 0.42109375 0.2800687285223368 0.425 0.2852233676975945 0.425
0 0.17353951890034364 0.44375 0.17869415807560138 0.46328125 0.18213058419243988 0.46171875 0.18728522336769762 0.46640625 0.1907216494845361 0.45703125 0.21649484536082478 0.4671875 0.20790378006872853 0.4734375 0.22336769759450173 0.4671875 0.23711340206185566 0.46953125 0.2560137457044674 0.4765625 0.2560137457044674 0.48125 0.2508591065292097 0.48359375 0.2457044673539519 0.48125 0.24742268041237114 0.4859375 0.25429553264604815 0.484375 0.26632302405498287 0.490625 0.2766323024054983 0.4875 0.28350515463917525 0.48125 0.29037800687285226 0.4828125 0.2972508591065292 0.48046875 0.3144329896907217 0.4609375 0.34879725085910657 0.471875 0.3608247422680413 0.4640625 0.36769759450171824 0.46328125 0.372852233676976 0.465625 0.3780068728522337 0.46171875 0.3883161512027492 0.46171875 0.39518900343642616 0.45625 0.4020618556701031 0.4578125 0.41065292096219935 0.453125 0.4175257731958763 0.42734375 0.4037800687285224 0.41171875 0.372852233676976 0.41484375 0.3694158075601375 0.41953125 0.3608247422680413 0.41796875 0.3470790378006873 0.42578125 0.3264604810996564 0.42578125 0.31615120274914094 0.4171875 0.3144329896907217 0.425 0.3075601374570447 0.42734375 0.2920962199312715 0.42578125 0.281786941580756 0.4328125 0.23711340206185566 0.42578125 0.21821305841924402 0.428125 0.19759450171821308 0.4171875 0.18556701030927836 0.41953125 0.18213058419243988 0.4171875 0.16151202749140894 0.415625 0.16151202749140894 0.4328125 0.17353951890034364 0.44375
0 0.3883161512027492 0.5 0.3384879725085911 0.51171875 0.3195876288659794 0.52734375 0.3075601374570447 0.525 0.281786941580756 0.525 0.2628865979381444 0.51796875 0.2508591065292097 0.5171875 0.2405498281786942 0.51015625 0.23711340206185566 0.5125 0.22680412371134023 0.5125 0.2061855670103093 0.50859375 0.2061855670103093 0.51796875 0.22336769759450173 0.5359375 0.23711340206185566 0.534375 0.24742268041237114 0.53984375 0.2560137457044674 0.53984375 0.2611683848797251 0.54375 0.302405498281787 0.5546875 0.3178694158075602 0.5515625 0.34879725085910657 0.53359375 0.3762886597938145 0.53359375 0.40034364261168387 0.52265625 0.42439862542955326 0.5203125 0.4312714776632303 0.521875 0.42783505154639184 0.51953125 0.43298969072164956 0.51171875 0.42439862542955326 0.49765625 0.41408934707903783 0.49453125 0.40549828178694164 0.5 0.3883161512027492 0.5
0 0.9072164948453609 0.33359375 0.9106529209621994 0.33125 0.9020618556701031 0.33125 0.9072164948453609 0.33359375
0 0.7268041237113403 0.3828125 0.7268041237113403 0.40234375 0.7371134020618557 0.4125 0.7611683848797252 0.4140625 0.7886597938144331 0.40625 0.8058419243986255 0.40546875 0.8127147766323025 0.4078125 0.8127147766323025 0.4140625 0.8247422680412372 0.41640625 0.8350515463917526 0.41484375 0.845360824742268 0.40234375 0.8505154639175257 0.40390625 0.852233676975945 0.4109375 0.8608247422680414 0.41171875 0.8676975945017184 0.403125 0.879725085910653 0.39921875 0.8900343642611684 0.4 0.9037800687285223 0.39140625 0.9106529209621994 0.3796875 0.9089347079037802 0.371875 0.9175257731958764 0.365625 0.9209621993127148 0.340625 0.9261168384879725 0.33515625 0.9140893470790379 0.33671875 0.9140893470790379 0.33359375 0.9278350515463918 0.32734375 0.8642611683848799 0.3390625 0.8591065292096222 0.3359375 0.8487972508591065 0.33671875 0.8333333333333334 0.34140625 0.8298969072164949 0.3453125 0.8384879725085911 0.3484375 0.8384879725085911 0.35390625 0.8144329896907218 0.365625 0.8109965635738833 0.36328125 0.8041237113402062 0.37109375 0.7869415807560138 0.36484375 0.7714776632302407 0.36796875 0.752577319587629 0.35546875 0.7439862542955327 0.35859375 0.7422680412371134 0.35546875 0.7371134020618557 0.359375 0.7405498281786942 0.36171875 0.7336769759450172 0.36484375 0.7336769759450172 0.37578125 0.7268041237113403 0.3828125
0 0.5309278350515465 0.58984375 0.5378006872852235 0.58828125 0.5360824742268042 0.58203125 0.5292096219931273 0.58671875 0.5292096219931273 0.5953125 0.5309278350515465 0.58984375
0 0.7560137457044674 0.57109375 0.7508591065292097 0.57109375 0.7491408934707905 0.5671875 0.7474226804123713 0.58046875 0.7560137457044674 0.57109375
0 0.5257731958762888 0.49765625 0.5189003436426117 0.49296875 0.5223367697594502 0.49921875 0.5257731958762888 0.49765625
0 0.718213058419244 0.546875 0.718213058419244 0.559375 0.7268041237113403 0.559375 0.7371134020618557 0.56796875 0.7577319587628867 0.5671875 0.7542955326460482 0.56171875 0.7697594501718215 0.55859375 0.7697594501718215 0.5671875 0.7766323024054984 0.5671875 0.8195876288659795 0.55 0.8402061855670103 0.53671875 0.8591065292096222 0.4875 0.8470790378006873 0.48359375 0.8608247422680414 0.48125 0.8539518900343642 0.4796875 0.8608247422680414 0.4765625 0.8556701030927837 0.471875 0.8436426116838488 0.4859375 0.8333333333333334 0.48359375 0.8281786941580757 0.4859375 0.8247422680412372 0.5125 0.8178694158075602 0.51484375 0.8109965635738833 0.5125 0.8144329896907218 0.496875 0.809278350515464 0.49453125 0.7938144329896908 0.51015625 0.7800687285223369 0.51171875 0.7817869415807561 0.525 0.7714776632302407 0.52890625 0.7628865979381444 0.52890625 0.7491408934707905 0.53828125 0.7439862542955327 0.53671875 0.7199312714776632 0.53984375 0.725085910652921 0.54296875 0.718213058419244 0.546875
0 0.8127147766323025 0.45859375 0.8144329896907218 0.45625 0.8075601374570448 0.45546875 0.8058419243986255 0.45703125 0.8127147766323025 0.45859375
0 0.7474226804123713 0.46015625 0.7542955326460482 0.46015625 0.7577319587628867 0.46328125 0.7646048109965636 0.4609375 0.7646048109965636 0.453125 0.745704467353952 0.4546875 0.7422680412371134 0.45625 0.7474226804123713 0.46015625
0 0.4765625 0.4421875 0.0015625 0.00078125
0 0.8487972508591065 0.45703125 0.852233676975945 0.4515625 0.8625429553264606 0.45625 0.8642611683848799 0.4671875 0.8711340206185568 0.45390625 0.8608247422680414 0.45 0.8694158075601376 0.44765625 0.8694158075601376 0.4421875 0.8625429553264606 0.440625 0.8350515463917526 0.44765625 0.8350515463917526 0.45703125 0.8487972508591065 0.45703125
0 0.5068728522336771 0.36875 0.5120274914089348 0.378125 0.5223367697594502 0.3765625 0.520618556701031 0.365625 0.5120274914089348 0.37109375 0.5068728522336771 0.36875
0 0.5 0.365625 0.49312714776632305 0.3640625 0.4948453608247423 0.36953125 0.5 0.365625
0 0.51796875 0.359375 0.0015625 0.0015625
0 0.546875 0.36171875 0.00546875 0.0078125
0 0.584192439862543 0.3703125 0.584192439862543 0.36484375 0.5910652920962199 0.365625 0.5910652920962199 0.35859375 0.584192439862543 0.35703125 0.5790378006872853 0.3609375 0.577319587628866 0.365625 0.584192439862543 0.3703125
0 0.5085910652920963 0.359375 0.5051546391752578 0.3515625 0.5034364261168386 0.3578125 0.5085910652920963 0.359375
0 0.49609375 0.35234375 0.0015625 0.0015625
0 0.5109375 0.3515625 0.0015625 0.0015625
0 0.4725085910652921 0.3546875 0.47594501718213056 0.3515625 0.46563573883161513 0.35078125 0.46563573883161513 0.3546875 0.4725085910652921 0.3546875
0 0.5109375 0.3453125 0.0015625 0.00078125
0 0.7061855670103093 0.49140625 0.7061855670103093 0.50703125 0.7216494845360826 0.52578125 0.7079037800687286 0.5359375 0.7096219931271478 0.54375 0.7199312714776632 0.54296875 0.7302405498281788 0.53359375 0.7491408934707905 0.53671875 0.7560137457044674 0.52421875 0.7714776632302407 0.52109375 0.7835051546391754 0.52265625 0.7852233676975946 0.5375 0.7903780068728523 0.53671875 0.8041237113402062 0.52265625 0.8109965635738833 0.521875 0.8144329896907218 0.51796875 0.8195876288659795 0.51875 0.8195876288659795 0.521875 0.8247422680412372 0.5171875 0.8316151202749141 0.5203125 0.8539518900343642 0.5078125 0.8814432989690723 0.4359375 0.8470790378006873 0.4421875 0.8402061855670103 0.440625 0.816151202749141 0.45 0.7869415807560138 0.453125 0.7817869415807561 0.4609375 0.7663230240549829 0.46484375 0.7594501718213059 0.46015625 0.7508591065292097 0.46875 0.7336769759450172 0.46640625 0.731958762886598 0.47421875 0.7268041237113403 0.4765625 0.718213058419244 0.47578125 0.7130584192439863 0.48046875 0.7130584192439863 0.4875 0.7061855670103093 0.49140625
0 0.16838487972508592 0.43828125 0.1752577319587629 0.45234375 0.20103092783505155 0.45625 0.23367697594501718 0.4671875 0.2508591065292097 0.46953125 0.2611683848797251 0.47578125 0.2920962199312715 0.47109375 0.302405498281787 0.46640625 0.31271477663230246 0.45234375 0.3298969072164949 0.4515625 0.3470790378006873 0.44453125 0.359106529209622 0.4453125 0.365979381443299 0.440625 0.38659793814432997 0.44140625 0.40034364261168387 0.43671875 0.41065292096219935 0.4375 0.4209621993127148 0.4296875 0.4175257731958763 0.4109375 0.40549828178694164 0.4046875 0.4020618556701031 0.3953125 0.3917525773195877 0.39296875 0.38487972508591073 0.39375 0.37972508591065296 0.39921875 0.365979381443299 0.4 0.35223367697594504 0.40625 0.34879725085910657 0.40390625 0.34536082474226804 0.40625 0.34192439862542956 0.403125 0.3195876288659794 0.40078125 0.31099656357388317 0.40625 0.30584192439862545 0.40390625 0.27835051546391754 0.4140625 0.2611683848797251 0.41328125 0.25945017182130586 0.41484375 0.2680412371134021 0.4171875 0.2560137457044674 0.42109375 0.24742268041237114 0.41875 0.2405498281786942 0.42265625 0.22336769759450173 0.421875 0.1907216494845361 0.41328125 0.15635738831615123 0.41015625 0.1597938144329897 0.43359375 0.16838487972508592 0.43828125
0 0.4690721649484536 0.45 0.47594501718213056 0.44921875 0.4810996563573884 0.45234375 0.4948453608247423 0.45 0.5171821305841925 0.45703125 0.5326460481099657 0.4578125 0.5412371134020619 0.4609375 0.5567010309278351 0.45859375 0.5670103092783505 0.46328125 0.5876288659793815 0.46640625 0.5945017182130584 0.4640625 0.604810996563574 0.46484375 0.6116838487972509 0.46171875 0.6237113402061857 0.4625 0.6305841924398626 0.45546875 0.6391752577319588 0.4640625 0.6477663230240551 0.45625 0.6649484536082475 0.45625 0.6701030927835052 0.45234375 0.6786941580756014 0.4546875 0.6975945017182131 0.446875 0.7096219931271478 0.41953125 0.7079037800687286 0.40234375 0.6975945017182131 0.40234375 0.6993127147766324 0.3984375 0.7061855670103093 0.39765625 0.7027491408934708 0.396875 0.6769759450171822 0.4078125 0.6701030927835052 0.4078125 0.6649484536082475 0.40390625 0.6529209621993128 0.41328125 0.6443298969072165 0.4125 0.6443298969072165 0.41796875 0.6391752577319588 0.4203125 0.5945017182130584 0.42890625 0.5876288659793815 0.4328125 0.5807560137457045 0.4328125 0.5807560137457045 0.428125 0.5584192439862543 0.43046875 0.5189003436426117 0.42109375 0.4914089347079038 0.41953125 0.4862542955326461 0.41484375 0.46563573883161513 0.4171875 0.4604810996563574 0.428125 0.4690721649484536 0.45
0 0.5984375 0.3484375 0.0015625 0.0015625
0 0.4725085910652921 0.44921875 0.4862542955326461 0.44921875 0.4896907216494846 0.44140625 0.5 0.446875 0.5085910652920963 0.43984375 0.5171821305841925 0.4453125 0.520618556701031 0.45390625 0.527491408934708 0.44765625 0.534364261168385 0.44921875 0.5395189003436427 0.45625 0.5498281786941581 0.45625 0.5601374570446735 0.44921875 0.584192439862543 0.453125 0.604810996563574 0.45234375 0.6219931271477663 0.44765625 0.6254295532646049 0.44921875 0.6408934707903781 0.440625 0.6632302405498283 0.43984375 0.6838487972508591 0.43359375 0.6907216494845361 0.42421875 0.7027491408934708 0.41875 0.7079037800687286 0.40546875 0.7061855670103093 0.359375 0.6924398625429553 0.36328125 0.6804123711340206 0.359375 0.6718213058419245 0.36171875 0.661512027491409 0.35703125 0.6649484536082475 0.3609375 0.6563573883161513 0.3640625 0.6460481099656358 0.36328125 0.6288659793814434 0.3703125 0.6219931271477663 0.36796875 0.6185567010309279 0.36171875 0.6099656357388317 0.36328125 0.5979381443298969 0.37109375 0.5910652920962199 0.3671875 0.5652920962199313 0.36875 0.5601374570446735 0.36640625 0.5618556701030928 0.359375 0.5532646048109966 0.3609375 0.5446735395189004 0.3578125 0.5481099656357389 0.3484375 0.5395189003436427 0.34296875 0.5429553264604812 0.33828125 0.5378006872852235 0.340625 0.5326460481099657 0.3375 0.5240549828178694 0.3375 0.5171821305841925 0.34140625 0.5103092783505155 0.33828125 0.5154639175257733 0.3421875 0.513745704467354 0.34921875 0.5034364261168386 0.3546875 0.4948453608247423 0.353125 0.4828178694158076 0.35625 0.46735395189003437 0.35078125 0.4587628865979382 0.35625 0.45704467353951894 0.38828125 0.4725085910652921 0.44921875
0 0.6082474226804124 0.33984375 0.604810996563574 0.3453125 0.6168384879725086 0.35 0.6134020618556701 0.33984375 0.6065292096219932 0.3390625 0.6116838487972509 0.334375 0.6082474226804124 0.3328125 0.6030927835051547 0.33515625 0.5945017182130584 0.33125 0.5945017182130584 0.3390625 0.6082474226804124 0.33984375
0 0.7130584192439863 0.52578125 0.7044673539518901 0.53515625 0.7061855670103093 0.54635390625 0.711340206185567 0.546875 0.7061855670103093 0.55078125 0.7130584192439863 0.54609375 0.718213058419244 0.5484375 0.7199312714776632 0.55703125 0.7302405498281788 0.53984375 0.7336769759450172 0.53828125 0.7371134020618557 0.5421875 0.7508591065292097 0.5390625 0.7577319587628867 0.528125 0.7611683848797252 0.5296875 0.7749140893470792 0.52421875 0.7869415807560138 0.53671875 0.8144329896907218 0.51796875 0.8195876288659795 0.52109375 0.8247422680412372 0.5171875 0.8350515463917526 0.51953125 0.852233676975945 0.50859375 0.8676975945017184 0.46640625 0.8762886597938145 0.45625 0.8780068728522338 0.4390625 0.8384879725085911 0.4421875 0.8264604810996564 0.44921875 0.7852233676975946 0.45234375 0.7731958762886599 0.4578125 0.7577319587628867 0.45859375 0.7508591065292097 0.46328125 0.7233676975945018 0.46640625 0.7079037800687286 0.48125 0.7044673539518901 0.51015625 0.7130584192439863 0.52578125
0 0.48797250859106533 0.328125 0.4828178694158076 0.32734375 0.4828178694158076 0.33125 0.48797250859106533 0.328125
0 0.4587628865979382 0.35859375 0.4690721649484536 0.353125 0.49312714776632305 0.36640625 0.5103092783505155 0.36796875 0.513745704467354 0.3703125 0.5068728522336771 0.378125 0.5120274914089348 0.3828125 0.5171821305841925 0.38203125 0.527491408934708 0.38671875 0.5429553264604812 0.3796875 0.5360824742268042 0.37421875 0.5395189003436427 0.36875 0.5549828178694158 0.3734375 0.570446735395189 0.37109375 0.5790378006872853 0.36640625 0.5876288659793815 0.36640625 0.5910652920962199 0.36953125 0.6202749140893471 0.36796875 0.6271477663230242 0.3703125 0.6426116838487973 0.36328125 0.6563573883161513 0.36171875 0.6666666666666667 0.35546875 0.6804123711340206 0.359375 0.7027491408934708 0.35234375 0.7061855670103093 0.34140625 0.6924398625429553 0.334375 0.7199312714776632 0.3203125 0.7216494845360826 0.315625 0.711340206185567 0.3140625 0.6975945017182131 0.3171875 0.6237113402061857 0.321875 0.6099656357388317 0.3265625 0.5945017182130584 0.32578125 0.5807560137457045 0.3171875 0.5790378006872853 0.32421875 0.5670103092783505 0.32890625 0.5532646048109966 0.3296875 0.5463917525773196 0.32734375 0.5378006872852235 0.32890625 0.5360824742268042 0.3234375 0.513745704467354 0.3265625 0.5 0.325 0.49312714776632305 0.328125 0.5051546391752578 0.33125 0.5 0.3359375 0.4828178694158076 0.33828125 0.4776632302405499 0.3359375 0.46219931271477666 0.34296875 0.4553264604810997 0.34296875 0.4553264604810997 0.35703125 0.4587628865979382 0.35859375
0 0.140893470790378 0.4015625 0.15292096219931273 0.40703125 0.15463917525773196 0.4203125 0.1752577319587629 0.41875 0.18900343642611686 0.42109375 0.19243986254295536 0.425 0.20274914089347082 0.42421875 0.2061855670103093 0.4265625 0.211340206185567 0.42109375 0.21993127147766325 0.42421875 0.23883161512027495 0.425 0.23883161512027495 0.40703125 0.24398625429553267 0.40390625 0.22508591065292097 0.40234375 0.20446735395189006 0.39609375 0.14948453608247422 0.38828125 0.14604810996563575 0.3859375 0.13917525773195877 0.3859375 0.140893470790378 0.4015625
0 0.815625 0.46875 0.0015625 0.00390625
0 0.7199312714776632 0.484375 0.7371134020618557 0.484375 0.7508591065292097 0.48203125 0.7542955326460482 0.4765625 0.7646048109965636 0.47734375 0.7835051546391754 0.4703125 0.7886597938144331 0.471875 0.7938144329896908 0.46484375 0.8041237113402062 0.46484375 0.809278350515464 0.4609375 0.8213058419243987 0.4640625 0.8384879725085911 0.4640625 0.8642611683848799 0.4578125 0.8780068728522338 0.43671875 0.879725085910653 0.4265625 0.8745704467353953 0.4234375 0.879725085910653 0.4203125 0.8487972508591065 0.428125 0.8436426116838488 0.4328125 0.8384879725085911 0.43203125 0.8384879725085911 0.42421875 0.8316151202749141 0.42109375 0.809278350515464 0.42109375 0.7989690721649485 0.425 0.7920962199312716 0.41875 0.7938144329896908 0.421875 0.7714776632302407 0.42578125 0.7611683848797252 0.434375 0.7474226804123713 0.4328125 0.7439862542955327 0.43515625 0.738831615120275 0.42265625 0.7336769759450172 0.421875 0.7147766323024055 0.42890625 0.7130584192439863 0.47734375 0.7199312714776632 0.484375
0 0.8333333333333334 0.35078125 0.8333333333333334 0.365625 0.8402061855670103 0.3609375 0.8487972508591065 0.3625 0.8539518900343642 0.3546875 0.8728522336769761 0.36171875 0.9054982817869417 0.35390625 0.9175257731958764 0.3546875 0.936426116838488 0.3234375 0.9312714776632303 0.31171875 0.9123711340206186 0.31015625 0.9089347079037802 0.30703125 0.8814432989690723 0.30703125 0.8814432989690723 0.3140625 0.8711340206185568 0.31640625 0.8659793814432991 0.3234375 0.8591065292096222 0.32421875 0.8556701030927837 0.33828125 0.8487972508591065 0.3375 0.8419243986254296 0.34140625 0.8436426116838488 0.3453125 0.8333333333333334 0.35078125
0 0.88515625 0.36875 0.003125 0.00078125
0 0.7405498281786942 0.3859375 0.7611683848797252 0.38515625 0.7749140893470792 0.38046875 0.8041237113402062 0.3765625 0.8230240549828179 0.37578125 0.8333333333333334 0.38046875 0.852233676975945 0.3734375 0.8591065292096222 0.36484375 0.8711340206185568 0.36796875 0.8728522336769761 0.37265625 0.8728522336769761 0.36640625 0.879725085910653 0.36328125 0.9175257731958764 0.35546875 0.9261168384879725 0.33515625 0.9243986254295533 0.32734375 0.9072164948453609 0.32734375 0.8539518900343642 0.33515625 0.8402061855670103 0.33515625 0.8402061855670103 0.3296875 0.8350515463917526 0.33828125 0.816151202749141 0.3390625 0.7577319587628867 0.3515625 0.7439862542955327 0.3515625 0.731958762886598 0.36484375 0.7302405498281788 0.38046875 0.7405498281786942 0.3859375
0 0.7096219931271478 0.5953125 0.7474226804123713 0.58203125 0.7663230240549829 0.57109375 0.7920962199312716 0.56484375 0.8402061855670103 0.53984375 0.8591065292096222 0.49921875 0.8659793814432991 0.46875 0.8762886597938145 0.453125 0.8762886597938145 0.43828125 0.8402061855670103 0.44140625 0.8298969072164949 0.446875 0.8006872852233677 0.4484375 0.79553264604811 0.4515625 0.7835051546391754 0.45234375 0.7749140893470792 0.4578125 0.7577319587628867 0.4578125 0.7508591065292097 0.4625 0.7405498281786942 0.46484375 0.7353951890034365 0.46328125 0.7164948453608248 0.46953125 0.711340206185567 0.4875 0.7044673539518901 0.49375 0.7096219931271478 0.5265625 0.6993127147766324 0.53515625 0.6975945017182131 0.57734375 0.7096219931271478 0.5953125
0 0.48453608247422686 0.4984375 0.4914089347079038 0.496875 0.5017182130584193 0.49921875 0.5068728522336771 0.496875 0.5120274914089348 0.5015625 0.520618556701031 0.5 0.5326460481099657 0.50546875 0.5412371134020619 0.5046875 0.5532646048109966 0.5109375 0.5618556701030928 0.5109375 0.5687285223367697 0.5140625 0.5876288659793815 0.50703125 0.6013745704467355 0.5125 0.6237113402061857 0.5046875 0.6357388316151203 0.5046875 0.6460481099656358 0.496875 0.6718213058419245 0.49453125 0.6993127147766324 0.478125 0.7010309278350516 0.4609375 0.6958762886597938 0.45234375 0.6649484536082475 0.45546875 0.6580756013745706 0.46328125 0.6529209621993128 0.465625 0.6460481099656358 0.46484375 0.6391752577319588 0.46953125 0.6219931271477663 0.4625 0.604810996563574 0.465625 0.5979381443298969 0.46953125 0.584192439862543 0.4703125 0.5532646048109966 0.4609375 0.5429553264604812 0.4625 0.513745704467354 0.45859375 0.4948453608247423 0.4515625 0.4862542955326461 0.45390625 0.47079037800687284 0.45 0.4725085910652921 0.49453125 0.48453608247422686 0.4984375
0 0.23367697594501718 0.56171875 0.25429553264604815 0.565625 0.26460481099656363 0.56484375 0.27835051546391754 0.57265625 0.30584192439862545 0.58046875 0.3247422680412372 0.57578125 0.3384879725085911 0.57890625 0.3539518900343643 0.56953125 0.36426116838487976 0.5734375 0.3694158075601375 0.57109375 0.37972508591065296 0.5734375 0.3934707903780069 0.5640625 0.4089347079037801 0.5640625 0.41408934707903783 0.5578125 0.42439862542955326 0.55546875 0.43642611683848803 0.5578125 0.43642611683848803 0.5484375 0.4484536082474227 0.53984375 0.4312714776632303 0.5328125 0.42783505154639184 0.5203125 0.41408934707903783 0.5203125 0.4072164948453609 0.51640625 0.39862542955326463 0.51796875 0.3969072164948454 0.521875 0.38659793814432997 0.52421875 0.37457044673539525 0.53203125 0.34192439862542956 0.53515625 0.31099656357388317 0.5484375 0.302405498281787 0.5484375 0.2920962199312715 0.53984375 0.2920962199312715 0.54296875 0.2869415807560137 0.54375 0.2525773195876289 0.5359375 0.23711340206185566 0.528125 0.23367697594501718 0.53046875 0.2216494845360825 0.52890625 0.21993127147766325 0.54296875 0.23367697594501718 0.56171875
0 0.9020618556701031 0.62265625 0.9140893470790379 0.62734375 0.9948453608247423 0.62890625 0.9982817869415808 0.5953125 0.993127147766323 0.58515625 0.9845360824742269 0.58125 0.9742268041237114 0.58203125 0.9347079037800687 0.57578125 0.9312714776632303 0.5671875 0.9106529209621994 0.56015625 0.9003436426116839 0.56484375 0.8917525773195877 0.578125 0.8883161512027492 0.59296875 0.9020618556701031 0.62265625
0 0.7336769759450172 0.41640625 0.7422680412371134 0.4140625 0.7611683848797252 0.415625 0.8075601374570448 0.40703125 0.8075601374570448 0.41640625 0.8127147766323025 0.41875 0.8230240549828179 0.4171875 0.8350515463917526 0.4140625 0.8470790378006873 0.39921875 0.8591065292096222 0.4109375 0.8694158075601376 0.4015625 0.879725085910653 0.39921875 0.8900343642611684 0.40078125 0.8969072164948454 0.396875 0.9106529209621994 0.3796875 0.9089347079037802 0.371875 0.9175257731958764 0.36484375 0.9175257731958764 0.35390625 0.9140893470790379 0.35234375 0.8900343642611684 0.3609375 0.879725085910653 0.3609375 0.8711340206185568 0.3640625 0.8539518900343642 0.36015625 0.8384879725085911 0.37265625 0.8316151202749141 0.3703125 0.8264604810996564 0.3734375 0.8127147766323025 0.37265625 0.8075601374570448 0.37578125 0.7886597938144331 0.37734375 0.7852233676975946 0.36953125 0.7680412371134021 0.37421875 0.7611683848797252 0.3734375 0.7508591065292097 0.384375 0.7353951890034365 0.37890625 0.7285223367697595 0.3828125 0.7199312714776632 0.403125 0.7336769759450172 0.41640625
0 0.9484536082474226 0.471875 0.9243986254295533 0.52265625 0.9621993127147768 0.534375 0.9793814432989691 0.53359375 0.9828178694158076 0.54609375 0.9776632302405499 0.55 0.9982817869415808 0.55390625 0.9982817869415808 0.428125 0.9862542955326461 0.4140625 0.9776632302405499 0.4171875 0.9776632302405499 0.428125 0.9604810996563575 0.44765625 0.9587628865979383 0.46015625 0.9484536082474226 0.471875
0 0.2405498281786942 0.48046875 0.23711340206185566 0.47734375 0.23539518900343642 0.48125 0.2405498281786942 0.48046875
0 0.16151202749140894 0.43125 0.17353951890034364 0.44140625 0.1752577319587629 0.453125 0.20103092783505155 0.459375 0.21305841924398625 0.46796875 0.21993127147766325 0.465625 0.2508591065292097 0.47421875 0.2577319587628866 0.48046875 0.2560137457044674 0.48671875 0.26632302405498287 0.49140625 0.29553264604810997 0.48828125 0.3075601374570447 0.48359375 0.31271477663230246 0.4765625 0.3195876288659794 0.48203125 0.3298969072164949 0.478125 0.38659793814432997 0.46953125 0.4123711340206186 0.4625 0.422680412371134 0.42265625 0.4175257731958763 0.41328125 0.40034364261168387 0.4015625 0.3470790378006873 0.4109375 0.3470790378006873 0.41875 0.34192439862542956 0.42109375 0.3298969072164949 0.4203125 0.32817869415807566 0.4140625 0.3195876288659794 0.4109375 0.30584192439862545 0.4140625 0.28350515463917525 0.41328125 0.2800687285223368 0.4203125 0.26460481099656363 0.42265625 0.2611683848797251 0.4265625 0.23367697594501718 0.425 0.22336769759450173 0.428125 0.19587628865979384 0.4171875 0.18556701030927836 0.41953125 0.17010309278350516 0.4171875 0.16151202749140894 0.41796875 0.16151202749140894 0.43125
0 0.13917525773195877 0.36875 0.13745704467353953 0.38046875 0.14261168384879724 0.38359375 0.15292096219931273 0.38671875 0.16494845360824745 0.384375 0.16838487972508592 0.38671875 0.18728522336769762 0.3859375 0.19243986254295536 0.39140625 0.22336769759450173 0.39921875 0.23195876288659795 0.396875 0.23711340206185566 0.39140625 0.23195876288659795 0.38671875 0.24742268041237114 0.38203125 0.2611683848797251 0.3828125 0.2560137457044674 0.39140625 0.26460481099656363 0.39453125 0.2766323024054983 0.38984375 0.2800687285223368 0.3796875 0.30068728522336774 0.3734375 0.3195876288659794 0.3703125 0.33676975945017185 0.37109375 0.43642611683848803 0.35703125 0.45017182130584193 0.34296875 0.4690721649484536 0.33359375 0.46563573883161513 0.3265625 0.4484536082474227 0.3203125 0.43642611683848803 0.32421875 0.4209621993127148 0.3234375 0.3917525773195877 0.328125 0.37457044673539525 0.328125 0.365979381443299 0.33125 0.32817869415807566 0.33046875 0.31615120274914094 0.33359375 0.288659793814433 0.334375 0.27491408934707906 0.33828125 0.25945017182130586 0.33828125 0.24742268041237114 0.34296875 0.23367697594501718 0.34140625 0.22680412371134023 0.34375 0.140893470790378 0.346875 0.12371134020618557 0.35546875 0.12199312714776633 0.3625 0.13917525773195877 0.36875
0 0.7199312714776632 0.45078125 0.7371134020618557 0.44375 0.7474226804123713 0.4453125 0.7577319587628867 0.440625 0.7766323024054984 0.4390625 0.7886597938144331 0.43203125 0.7989690721649485 0.43203125 0.8075601374570448 0.428125 0.8230240549828179 0.42890625 0.8247422680412372 0.4265625 0.8195876288659795 0.4234375 0.8247422680412372 0.421875 0.8247422680412372 0.4125 0.809278350515464 0.4015625 0.7611683848797252 0.4125 0.7474226804123713 0.4125 0.7302405498281788 0.40625 0.718213058419244 0.41640625 0.7130584192439863 0.440625 0.7199312714776632 0.45078125
0 0.33125 0.490625 0.00703125 0.00078125
0 0.23883161512027495 0.48125 0.23883161512027495 0.4765625 0.2302405498281787 0.4765625 0.22680412371134023 0.4796875 0.23883161512027495 0.48125
0 0.17869415807560138 0.45703125 0.18556701030927836 0.45546875 0.21305841924398625 0.4671875 0.2061855670103093 0.47421875 0.21993127147766325 0.465625 0.2508591065292097 0.47578125 0.2577319587628866 0.48828125 0.26632302405498287 0.49140625 0.29553264604810997 0.490625 0.302405498281787 0.4875 0.3195876288659794 0.4890625 0.33333333333333337 0.48046875 0.3762886597938145 0.4703125 0.3934707903780069 0.4703125 0.41924398625429554 0.46015625 0.41924398625429554 0.4265625 0.4072164948453609 0.41796875 0.37457044673539525 0.42109375 0.3556701030927835 0.428125 0.35738831615120276 0.43203125 0.34536082474226804 0.43515625 0.3384879725085911 0.4328125 0.3195876288659794 0.43359375 0.3041237113402062 0.43515625 0.29037800687285226 0.440625 0.2800687285223368 0.43828125 0.2611683848797251 0.4390625 0.2611683848797251 0.4359375 0.25429553264604815 0.44375 0.23195876288659795 0.43828125 0.21993127147766325 0.440625 0.20103092783505155 0.43125 0.18384879725085912 0.43125 0.1718213058419244 0.43828125 0.17869415807560138 0.45703125
0 0.29896907216494845 0.54140625 0.2972508591065292 0.5390625 0.29381443298969073 0.5421875 0.29896907216494845 0.54140625
0 0.37890625 0.5328125 0.00859375 0.00078125
0 0.2302405498281787 0.52265625 0.23195876288659795 0.525 0.21821305841924402 0.53046875 0.21993127147766325 0.53984375 0.24398625429553267 0.58203125 0.2508591065292097 0.590625 0.2577319587628866 0.59140625 0.25429553264604815 0.59453125 0.26460481099656363 0.5859375 0.2714776632302406 0.58671875 0.2972508591065292 0.59765625 0.31615120274914094 0.60078125 0.3247422680412372 0.61015625 0.33676975945017185 0.60703125 0.34536082474226804 0.61015625 0.3470790378006873 0.6015625 0.372852233676976 0.58515625 0.37972508591065296 0.584375 0.3883161512027492 0.58828125 0.40034364261168387 0.58671875 0.4037800687285224 0.590625 0.41924398625429554 0.59140625 0.4312714776632303 0.58203125 0.44158075601374575 0.58359375 0.45360824742268047 0.58125 0.4484536082474227 0.5796875 0.4484536082474227 0.5609375 0.44158075601374575 0.55625 0.4312714776632303 0.53359375 0.41924398625429554 0.53359375 0.41065292096219935 0.5390625 0.4089347079037801 0.5453125 0.40034364261168387 0.5484375 0.39518900343642616 0.546875 0.3934707903780069 0.55078125 0.38659793814432997 0.546875 0.3762886597938145 0.54765625 0.35223367697594504 0.56171875 0.3384879725085911 0.5609375 0.32817869415807566 0.56328125 0.3195876288659794 0.56015625 0.31271477663230246 0.56171875 0.31099656357388317 0.559375 0.3195876288659794 0.55078125 0.3402061855670103 0.540625 0.3384879725085911 0.5375 0.3264604810996564 0.5359375 0.31271477663230246 0.53984375 0.3144329896907217 0.54296875 0.3041237113402062 0.54609375 0.2869415807560137 0.54296875 0.2869415807560137 0.53828125 0.2766323024054983 0.53203125 0.24914089347079038 0.5296875 0.24226804123711343 0.52265625 0.2216494845360825 0.5203125 0.21821305841924402 0.5234375 0.2302405498281787 0.52265625
0 0.13917525773195877 0.36953125 0.1357388316151203 0.38046875 0.140893470790378 0.38671875 0.18728522336769762 0.390625 0.19243986254295536 0.39375 0.20274914089347082 0.39296875 0.22852233676975947 0.40078125 0.23711340206185566 0.39609375 0.23883161512027495 0.38671875 0.24914089347079038 0.38203125 0.2577319587628866 0.3828125 0.2577319587628866 0.39375 0.2680412371134021 0.39453125 0.27491408934707906 0.390625 0.27491408934707906 0.3828125 0.3041237113402062 0.371875 0.33676975945017185 0.36953125 0.39003436426116844 0.3609375 0.40034364261168387 0.3625 0.4175257731958763 0.3578125 0.4209621993127148 0.35390625 0.45017182130584193 0.34296875 0.45360824742268047 0.32109375 0.443298969072165 0.32109375 0.4347079037800688 0.32421875 0.4072164948453609 0.32421875 0.3625429553264605 0.33125 0.32817869415807566 0.33046875 0.3144329896907217 0.33359375 0.288659793814433 0.334375 0.27835051546391754 0.3375 0.23367697594501718 0.33828125 0.22336769759450173 0.3421875 0.1443298969072165 0.3453125 0.12371134020618557 0.3546875 0.12199312714776633 0.36328125 0.13917525773195877 0.36953125
0 0.41065292096219935 0.5421875 0.4123711340206186 0.54609375 0.38316151202749144 0.5546875 0.3762886597938145 0.55078125 0.3780068728522337 0.553125 0.365979381443299 0.55390625 0.3556701030927835 0.5640625 0.33333333333333337 0.57109375 0.3195876288659794 0.56484375 0.3075601374570447 0.57421875 0.27491408934707906 0.57890625 0.26632302405498287 0.56796875 0.2680412371134021 0.56015625 0.26460481099656363 0.55859375 0.2560137457044674 0.5625 0.24398625429553267 0.5578125 0.23367697594501718 0.559375 0.2611683848797251 0.60859375 0.2852233676975945 0.6171875 0.288659793814433 0.6125 0.29896907216494845 0.61484375 0.3075601374570447 0.6125 0.3178694158075602 0.61953125 0.31271477663230246 0.62265625 0.3230240549828179 0.62265625 0.3298969072164949 0.63671875 0.3384879725085911 0.63671875 0.3436426116838488 0.640625 0.34879725085910657 0.63984375 0.35738831615120276 0.628125 0.3625429553264605 0.63125 0.3608247422680413 0.6375 0.36426116838487976 0.63515625 0.372852233676976 0.6359375 0.3934707903780069 0.62890625 0.3917525773195877 0.6203125 0.40549828178694164 0.61484375 0.41580756013745707 0.61640625 0.4123711340206186 0.61953125 0.4175257731958763 0.62109375 0.42783505154639184 0.61953125 0.4484536082474227 0.61015625 0.4553264604810997 0.58125 0.44673539518900346 0.571875 0.4484536082474227 0.56171875 0.4398625429553265 0.54609375 0.42439862542955326 0.54296875 0.43298969072164956 0.53671875 0.4312714776632303 0.5296875 0.42439862542955326 0.52734375 0.4209621993127148 0.53671875 0.41065292096219935 0.5421875
0 0.34536082474226804 0.45703125 0.34192439862542956 0.45390625 0.3402061855670103 0.45625 0.34536082474226804 0.45703125
0 0.34879725085910657 0.44921875 0.3539518900343643 0.45546875 0.35738831615120276 0.44609375 0.3505154639175258 0.44453125 0.34192439862542956 0.44765625 0.34879725085910657 0.44921875
0 0.2714776632302406 0.45703125 0.281786941580756 0.4546875 0.2766323024054983 0.46875 0.2714776632302406 0.46640625 0.2731958762886598 0.471875 0.25945017182130586 0.46796875 0.2577319587628866 0.4625 0.2508591065292097 0.46640625 0.2577319587628866 0.47109375 0.2628865979381444 0.4703125 0.29381443298969073 0.48125 0.29381443298969073 0.490625 0.27835051546391754 0.49140625 0.26975945017182135 0.496875 0.26460481099656363 0.49375 0.24742268041237114 0.4953125 0.24398625429553267 0.48828125 0.2302405498281787 0.4875 0.22336769759450173 0.48046875 0.21477663230240554 0.48359375 0.19243986254295536 0.48359375 0.19931271477663232 0.48515625 0.19243986254295536 0.490625 0.19931271477663232 0.49453125 0.2061855670103093 0.515625 0.21649484536082478 0.52890625 0.24398625429553267 0.5390625 0.26460481099656363 0.5390625 0.30068728522336774 0.5546875 0.31271477663230246 0.553125 0.32817869415807566 0.54609375 0.3264604810996564 0.54296875 0.34536082474226804 0.53515625 0.3814432989690722 0.53359375 0.38316151202749144 0.53203125 0.372852233676976 0.52890625 0.38316151202749144 0.52734375 0.3969072164948454 0.51640625 0.4020618556701031 0.515625 0.41065292096219935 0.5203125 0.41580756013745707 0.51640625 0.42277803811308967 0.5216885653409091 0.4312714776632303 0.50546875 0.41924398625429554 0.4953125 0.41408934707903783 0.46484375 0.40549828178694164 0.46328125 0.4175257731958763 0.45625 0.3969072164948454 0.45625 0.40034364261168387 0.46015625 0.39518900343642616 0.46640625 0.38659793814432997 0.46796875 0.3780068728522337 0.46328125 0.38487972508591073 0.46015625 0.3814432989690722 0.4421875 0.372852233676976 0.440625 0.36769759450171824 0.4421875 0.3694158075601375 0.44609375 0.3608247422680413 0.44765625 0.3694158075601375 0.453125 0.3694158075601375 0.46015625 0.3470790378006873 0.46015625 0.3298969072164949 0.4640625 0.3264604810996564 0.45234375 0.33161512027491413 0.44921875 0.32130584192439865 0.44609375 0.3230240549828179 0.44140625 0.30927835051546393 0.44140625 0.30927835051546393 0.44609375 0.31615120274914094 0.44921875 0.30927835051546393 0.45234375 0.30068728522336774 0.4515625 0.2972508591065292 0.45546875 0.28350515463917525 0.4546875 0.2800687285223368 0.45234375 0.2869415807560137 0.44296875 0.2800687285223368 0.44140625 0.2852233676975945 0.44375 0.27835051546391754 0.4453125 0.2714776632302406 0.4546875 0.2714776632302406 0.45703125
0 0.40549828178694164 0.44296875 0.4072164948453609 0.4390625 0.4020618556701031 0.4421875 0.40549828178694164 0.44296875
0 0.39862542955326463 0.43984375 0.39518900343642616 0.43828125 0.3934707903780069 0.440625 0.39862542955326463 0.43984375
0 0.2734375 0.4296875 0.003125 0.00234375
0 0.3539518900343643 0.45 0.3505154639175258 0.4453125 0.3470790378006873 0.44609375 0.3539518900343643 0.45
0 0.372852233676976 0.44453125 0.38316151202749144 0.44375 0.372852233676976 0.44140625 0.36426116838487976 0.4421875 0.372852233676976 0.44453125
0 0.17869415807560138 0.4625 0.18728522336769762 0.46953125 0.1907216494845361 0.490625 0.20274914089347082 0.50546875 0.2061855670103093 0.5078125 0.22680412371134023 0.50859375 0.23367697594501718 0.51171875 0.24226804123711343 0.5109375 0.25429553264604815 0.51875 0.2680412371134021 0.5203125 0.2766323024054983 0.52421875 0.31099656357388317 0.5234375 0.3178694158075602 0.5265625 0.3144329896907217 0.51875 0.3247422680412372 0.5140625 0.3298969072164949 0.51640625 0.34536082474226804 0.51484375 0.3556701030927835 0.50859375 0.39003436426116844 0.5 0.40549828178694164 0.5 0.4261168384879725 0.490625 0.4209621993127148 0.45625 0.4072164948453609 0.44609375 0.40549828178694164 0.43671875 0.3917525773195877 0.4390625 0.3934707903780069 0.44921875 0.3883161512027492 0.45078125 0.38316151202749144 0.4484375 0.3780068728522337 0.45625 0.36426116838487976 0.46171875 0.34536082474226804 0.45859375 0.34192439862542956 0.44609375 0.3402061855670103 0.44921875 0.3195876288659794 0.4484375 0.30927835051546393 0.45390625 0.2869415807560137 0.45625 0.27491408934707906 0.46484375 0.25429553264604815 0.4625 0.22680412371134023 0.4546875 0.2216494845360825 0.45546875 0.2061855670103093 0.45 0.18384879725085912 0.4484375 0.17697594501718214 0.4546875 0.17869415807560138 0.4625
0 0.18556701030927836 0.45859375 0.19243986254295536 0.49140625 0.20274914089347082 0.50546875 0.21477663230240554 0.51328125 0.2405498281786942 0.51640625 0.25429553264604815 0.5265625 0.2714776632302406 0.52734375 0.2869415807560137 0.5359375 0.3041237113402062 0.53828125 0.31271477663230246 0.534375 0.359106529209622 0.52890625 0.3762886597938145 0.52265625 0.3969072164948454 0.50859375 0.41065292096219935 0.5109375 0.41408934707903783 0.509375 0.422680412371134 0.49140625 0.4209621993127148 0.4546875 0.4123711340206186 0.446875 0.4175257731958763 0.43046875 0.39862542955326463 0.425 0.3934707903780069 0.41796875 0.3883161512027492 0.421875 0.37457044673539525 0.42109375 0.36426116838487976 0.425 0.3556701030927835 0.425 0.3608247422680413 0.4390625 0.35738831615120276 0.44296875 0.3402061855670103 0.44375 0.33333333333333337 0.446875 0.32817869415807566 0.4453125 0.3298969072164949 0.4421875 0.34192439862542956 0.4390625 0.3384879725085911 0.43203125 0.32817869415807566 0.434375 0.30584192439862545 0.43125 0.288659793814433 0.4390625 0.2680412371134021 0.43125 0.2508591065292097 0.44453125 0.2302405498281787 0.43828125 0.21993127147766325 0.4390625 0.20274914089347082 0.43125 0.18213058419243988 0.43125 0.1752577319587629 0.43515625 0.1752577319587629 0.45 0.18556701030927836 0.45859375
0 0.7044673539518901 0.56171875 0.7096219931271478 0.56484375 0.725085910652921 0.553125 0.7405498281786942 0.546875 0.7542955326460482 0.5453125 0.7714776632302407 0.5375 0.7886597938144331 0.54296875 0.802405498281787 0.5359375 0.8075601374570448 0.52578125 0.8367697594501718 0.52109375 0.8402061855670103 0.515625 0.8505154639175257 0.5125 0.8573883161512029 0.50234375 0.8625429553264606 0.4734375 0.8505154639175257 0.47578125 0.8367697594501718 0.4734375 0.8298969072164949 0.47578125 0.8281786941580757 0.484375 0.8195876288659795 0.490625 0.802405498281787 0.48671875 0.7972508591065293 0.4890625 0.7903780068728523 0.48828125 0.7817869415807561 0.49296875 0.7749140893470792 0.48984375 0.7680412371134021 0.4953125 0.7542955326460482 0.49375 0.752577319587629 0.4953125 0.7611683848797252 0.49765625 0.752577319587629 0.49921875 0.7508591065292097 0.50546875 0.7405498281786942 0.5046875 0.7336769759450172 0.496875 0.7233676975945018 0.5046875 0.711340206185567 0.50390625 0.7027491408934708 0.52109375 0.6993127147766324 0.54453125 0.7044673539518901 0.56171875
0 0.80859375 0.3828125 0.0015625 0.0015625
0 0.7336769759450172 0.38984375 0.7439862542955327 0.39296875 0.7577319587628867 0.3875 0.7646048109965636 0.3890625 0.7749140893470792 0.38359375 0.8264604810996564 0.3765625 0.8298969072164949 0.3484375 0.8367697594501718 0.34296875 0.8281786941580757 0.340625 0.7766323024054984 0.346875 0.7577319587628867 0.3515625 0.7439862542955327 0.35078125 0.7302405498281788 0.3625 0.7285223367697595 0.38359375 0.7336769759450172 0.38984375
0 0.9037800687285223 0.6234375 0.9158075601374571 0.62734375 0.993127147766323 0.62890625 0.9982817869415808 0.6265625 0.9982817869415808 0.434375 0.993127147766323 0.41953125 0.9845360824742269 0.41484375 0.9776632302405499 0.41875 0.9776632302405499 0.42890625 0.9621993127147768 0.44609375 0.9604810996563575 0.45859375 0.9484536082474226 0.47265625 0.8900343642611684 0.5796875 0.8883161512027492 0.590625 0.9037800687285223 0.6234375
0 0.7783505154639176 0.56796875 0.79553264604811 0.56484375 0.8384879725085911 0.54375 0.8556701030927837 0.51484375 0.8556701030927837 0.509375 0.8436426116838488 0.509375 0.8436426116838488 0.50703125 0.8539518900343642 0.503125 0.845360824742268 0.5046875 0.8350515463917526 0.51640625 0.8127147766323025 0.515625 0.8058419243986255 0.51875 0.7852233676975946 0.54609375 0.7852233676975946 0.56171875 0.7783505154639176 0.56796875
0 0.815625 0.4703125 0.0015625 0.00078125
0 0.7560137457044674 0.4734375 0.7663230240549829 0.475 0.7646048109965636 0.46953125 0.7714776632302407 0.46640625 0.7749140893470792 0.46796875 0.7800687285223369 0.46328125 0.7920962199312716 0.4640625 0.7972508591065293 0.46171875 0.8058419243986255 0.4640625 0.816151202749141 0.4609375 0.8213058419243987 0.46328125 0.8367697594501718 0.46328125 0.8591065292096222 0.45625 0.8676975945017184 0.44921875 0.8659793814432991 0.4453125 0.8814432989690723 0.434375 0.8848797250859107 0.4140625 0.8934707903780069 0.4125 0.8969072164948454 0.4046875 0.8969072164948454 0.4 0.887066541705717 0.3985085227272727 0.8831615120274915 0.4109375 0.8642611683848799 0.41015625 0.8608247422680414 0.4078125 0.8556701030927837 0.41484375 0.8470790378006873 0.41015625 0.8402061855670103 0.4109375 0.8487972508591065 0.40390625 0.8505154639175257 0.396875 0.845360824742268 0.3953125 0.8470790378006873 0.4 0.8384879725085911 0.4125 0.8281786941580757 0.41640625 0.802405498281787 0.40390625 0.7903780068728523 0.41015625 0.7714776632302407 0.4140625 0.7302405498281788 0.4125 0.7199312714776632 0.41875 0.7147766323024055 0.42890625 0.7147766323024055 0.47578125 0.7199312714776632 0.48203125 0.7353951890034365 0.484375 0.7474226804123713 0.47578125 0.7560137457044674 0.4734375
0 0.5481099656357389 0.5015625 0.5429553264604812 0.5 0.5412371134020619 0.5015625 0.5481099656357389 0.5015625
0 0.50078125 0.49140625 0.0015625 0.0015625
0 0.46563573883161513 0.4078125 0.46219931271477666 0.4234375 0.4742268041237113 0.48984375 0.47938144329896915 0.49140625 0.4914089347079038 0.48515625 0.5017182130584193 0.48515625 0.527491408934708 0.490625 0.5532646048109966 0.490625 0.5687285223367697 0.496875 0.5876288659793815 0.49375 0.5945017182130584 0.5015625 0.6013745704467355 0.50234375 0.6134020618556701 0.49609375 0.6219931271477663 0.49921875 0.6305841924398626 0.4921875 0.6391752577319588 0.4921875 0.6460481099656358 0.4890625 0.6666666666666667 0.4890625 0.6718213058419245 0.48046875 0.6958762886597938 0.4734375 0.6958762886597938 0.446875 0.7027491408934708 0.43671875 0.7079037800687286 0.40703125 0.7044673539518901 0.371875 0.6975945017182131 0.365625 0.6838487972508591 0.36015625 0.6666666666666667 0.36171875 0.6597938144329898 0.357421875 0.661512027491409 0.35234375 0.6546391752577321 0.36484375 0.6460481099656358 0.3640625 0.6288659793814434 0.3703125 0.6219931271477663 0.36796875 0.6151202749140894 0.3703125 0.604810996563574 0.365625 0.5996563573883162 0.37109375 0.5910652920962199 0.36640625 0.5876288659793815 0.36875 0.5670103092783505 0.36953125 0.5584192439862543 0.3671875 0.5601374570446735 0.359375 0.5532646048109966 0.36328125 0.5481099656357389 0.3625 0.5481099656357389 0.3578125 0.5429553264604812 0.3609375 0.5326460481099657 0.3609375 0.5223367697594502 0.35390625 0.5120274914089348 0.3609375 0.5034364261168386 0.36015625 0.5051546391752578 0.35703125 0.49312714776632305 0.3546875 0.4828178694158076 0.35703125 0.4725085910652921 0.3515625 0.46563573883161513 0.3515625 0.4587628865979382 0.3578125 0.4587628865979382 0.39140625 0.46563573883161513 0.4078125
0 0.5463917525773196 0.3484375 0.5412371134020619 0.346875 0.5429553264604812 0.3515625 0.5463917525773196 0.3484375
0 0.5292096219931273 0.34921875 0.5292096219931273 0.34140625 0.5189003436426117 0.34140625 0.5171821305841925 0.34921875 0.5292096219931273 0.34921875
0 0.5125 0.3828125 0.0015625 0.00078125
0 0.51484375 0.3765625 0.0015625 0.0015625
0 0.520618556701031 0.35859375 0.513745704467354 0.365625 0.520618556701031 0.37109375 0.5326460481099657 0.37421875 0.5309278350515465 0.37890625 0.520618556701031 0.378125 0.520618556701031 0.38359375 0.5292096219931273 0.3875 0.5309278350515465 0.3828125 0.5360824742268042 0.38203125 0.534364261168385 0.37890625 0.5412371134020619 0.3796875 0.5412371134020619 0.3765625 0.5292096219931273 0.36875 0.534364261168385 0.365625 0.520618556701031 0.35625 0.520618556701031 0.346875 0.513745704467354 0.3515625 0.520618556701031 0.35859375
0 0.6821305841924399 0.35546875 0.6855670103092784 0.346875 0.6752577319587629 0.34140625 0.6752577319587629 0.35234375 0.6821305841924399 0.35546875
0 0.47079037800687284 0.34921875 0.4810996563573884 0.3578125 0.49312714776632305 0.3578125 0.4914089347079038 0.3625 0.5017182130584193 0.3625 0.5034364261168386 0.36015625 0.49312714776632305 0.353125 0.4948453608247423 0.3453125 0.5103092783505155 0.3390625 0.5223367697594502 0.34375 0.5360824742268042 0.33671875 0.5463917525773196 0.34375 0.5687285223367697 0.3484375 0.5652920962199313 0.3515625 0.5567010309278351 0.3515625 0.5515463917525774 0.3703125 0.570446735395189 0.36953125 0.5807560137457045 0.36015625 0.584192439862543 0.36484375 0.5945017182130584 0.36015625 0.604810996563574 0.3671875 0.6185567010309279 0.35625 0.6254295532646049 0.35859375 0.6271477663230242 0.36484375 0.6323024054982819 0.3625 0.6288659793814434 0.35390625 0.604810996563574 0.34921875 0.6030927835051547 0.35859375 0.5945017182130584 0.35859375 0.5790378006872853 0.346875 0.5927835051546392 0.3328125 0.6013745704467355 0.33125 0.6082474226804124 0.33671875 0.6185567010309279 0.33671875 0.6271477663230242 0.33046875 0.6735395189003437 0.31875 0.6907216494845361 0.31953125 0.718213058419244 0.315625 0.7422680412371134 0.303125 0.7353951890034365 0.3 0.6701030927835052 0.29921875 0.6151202749140894 0.30546875 0.5962199312714777 0.30546875 0.5824742268041238 0.30859375 0.49828178694158076 0.31328125 0.4742268041237113 0.31796875 0.4725085910652921 0.32890625 0.46563573883161513 0.33125 0.46563573883161513 0.33515625 0.45360824742268047 0.3390625 0.4553264604810997 0.35625 0.47079037800687284 0.34921875
0 0.738831615120275 0.33828125 0.7268041237113403 0.3359375 0.7268041237113403 0.340625 0.738831615120275 0.33828125
0 0.7405498281786942 0.3203125 0.745704467353952 0.3296875 0.7439862542955327 0.3484375 0.7594501718213059 0.35546875 0.7611683848797252 0.36171875 0.7680412371134021 0.3640625 0.8058419243986255 0.3609375 0.816151202749141 0.35546875 0.8333333333333334 0.35703125 0.8384879725085911 0.35234375 0.8350515463917526 0.34296875 0.8556701030927837 0.3375 0.8642611683848799 0.340625 0.8642611683848799 0.35078125 0.8728522336769761 0.35703125 0.879725085910653 0.3546875 0.8883161512027492 0.35546875 0.8969072164948454 0.35234375 0.8986254295532646 0.34453125 0.9123711340206186 0.3390625 0.9175257731958764 0.3421875 0.9209621993127148 0.33984375 0.9054982817869417 0.33125 0.9158075601374571 0.32890625 0.9278350515463918 0.33125 0.9226804123711341 0.328125 0.9347079037800687 0.32109375 0.9312714776632303 0.31328125 0.9037800687285223 0.30546875 0.8659793814432991 0.30625 0.8402061855670103 0.303125 0.8006872852233677 0.303125 0.7920962199312716 0.30546875 0.745704467353952 0.3078125 0.7285223367697595 0.31328125 0.7268041237113403 0.31875 0.7405498281786942 0.3203125
0 0.718213058419244 0.5203125 0.7130584192439863 0.5296875 0.7216494845360826 0.53046875 0.7611683848797252 0.51015625 0.7663230240549829 0.5125 0.7852233676975946 0.5078125 0.809278350515464 0.48125 0.8264604810996564 0.484375 0.8350515463917526 0.4828125 0.8384879725085911 0.475390625 0.8316151202749141 0.47265625 0.8384879725085911 0.4703125 0.816151202749141 0.475 0.802405498281787 0.46640625 0.8058419243986255 0.4578125 0.7920962199312716 0.45625 0.7628865979381444 0.46875 0.7474226804123713 0.46953125 0.7405498281786942 0.465625 0.7285223367697595 0.4703125 0.7164948453608248 0.46953125 0.7199312714776632 0.4734375 0.711340206185567 0.47578125 0.7130584192439863 0.4875 0.7044673539518901 0.49375 0.7027491408934708 0.509375 0.718213058419244 0.5203125
0 0.6460481099656358 0.54453125 0.6529209621993128 0.54765625 0.6546391752577321 0.54453125 0.6477663230240551 0.5390625 0.6529209621993128 0.54375 0.6460481099656358 0.54453125
0 0.47079037800687284 0.45234375 0.4690721649484536 0.4609375 0.4690721649484536 0.515625 0.4725085910652921 0.52890625 0.4810996563573884 0.53515625 0.5171821305841925 0.53671875 0.5326460481099657 0.54296875 0.5463917525773196 0.5421875 0.5601374570446735 0.55234375 0.577319587628866 0.55 0.5876288659793815 0.5546875 0.5910652920962199 0.55078125 0.6013745704467355 0.5484375 0.6082474226804124 0.55703125 0.6134020618556701 0.55625 0.6202749140893471 0.546875 0.6185567010309279 0.53984375 0.6374570446735396 0.5359375 0.6512027491408936 0.52890625 0.661512027491409 0.53203125 0.6632302405498283 0.54375 0.6769759450171822 0.5328125 0.6855670103092784 0.53515625 0.6838487972508591 0.51875 0.6993127147766324 0.49453125 0.7010309278350516 0.46640625 0.6924398625429553 0.44765625 0.6993127147766324 0.44453125 0.6975945017182131 0.43203125 0.6632302405498283 0.44140625 0.6426116838487973 0.4421875 0.6340206185567011 0.44609375 0.6357388316151203 0.45390625 0.6271477663230242 0.45390625 0.6237113402061857 0.44921875 0.5945017182130584 0.4546875 0.5601374570446735 0.453125 0.5532646048109966 0.44921875 0.5481099656357389 0.45625 0.5515463917525774 0.459375 0.5429553264604812 0.46171875 0.5154639175257733 0.45703125 0.5068728522336771 0.453125 0.5120274914089348 0.45 0.5068728522336771 0.44140625 0.49312714776632305 0.44453125 0.4948453608247423 0.44921875 0.4896907216494846 0.45078125 0.47594501718213056 0.446875 0.47079037800687284 0.4484375 0.4776632302405499 0.45 0.47079037800687284 0.45234375
0 0.39518900343642616 0.37578125 0.39003436426116844 0.371875 0.38659793814432997 0.37734375 0.39518900343642616 0.37578125
0 0.4123711340206186 0.36328125 0.41065292096219935 0.35859375 0.3934707903780069 0.3609375 0.3934707903780069 0.36796875 0.4123711340206186 0.36328125
0 0.16666666666666669 0.40703125 0.1718213058419244 0.40390625 0.18384879725085912 0.4109375 0.18900343642611686 0.4046875 0.18556701030927836 0.4 0.20274914089347082 0.39921875 0.21477663230240554 0.40234375 0.211340206185567 0.40625 0.20274914089347082 0.4078125 0.2061855670103093 0.4140625 0.22336769759450173 0.41796875 0.21821305841924402 0.415625 0.22852233676975947 0.41015625 0.21821305841924402 0.40390625 0.2405498281786942 0.40546875 0.2731958762886598 0.4 0.2751985617077445 0.4059188741721854 0.2920962199312715 0.403125 0.2972508591065292 0.396875 0.31099656357388317 0.3921875 0.33161512027491413 0.38984375 0.34536082474226804 0.39453125 0.35738831615120276 0.39453125 0.3625429553264605 0.3859375 0.37457044673539525 0.38046875 0.3762886597938145 0.3703125 0.38659793814432997 0.36171875 0.3539518900343643 0.3609375 0.3350515463917526 0.36484375 0.3178694158075602 0.35859375 0.2972508591065292 0.35546875 0.302405498281787 0.3609375 0.29896907216494845 0.36640625 0.2800687285223368 0.3625 0.2680412371134021 0.36875 0.25945017182130586 0.36953125 0.2508591065292097 0.3640625 0.24226804123711343 0.36640625 0.24226804123711343 0.3765625 0.23195876288659795 0.3796875 0.19587628865979384 0.37734375 0.18213058419243988 0.36875 0.18213058419243988 0.37265625 0.1752577319587629 0.3734375 0.14261168384879724 0.36796875 0.1357388316151203 0.375 0.13402061855670105 0.38203125 0.14261168384879724 0.390625 0.14261168384879724 0.40078125 0.16666666666666669 0.40703125
0 0.718213058419244 0.5265625 0.7061855670103093 0.5296875 0.7027491408934708 0.534375 0.7044673539518901 0.553125 0.711340206185567 0.5578125 0.7061855670103093 0.56015625 0.7164948453608248 0.559375 0.7336769759450172 0.546875 0.7542955326460482 0.54296875 0.7714776632302407 0.5296875 0.7886597938144331 0.54140625 0.8006872852233677 0.53671875 0.809278350515464 0.525 0.8384879725085911 0.51953125 0.8402061855670103 0.51484375 0.8505154639175257 0.5125 0.8591065292096222 0.49921875 0.8625429553264606 0.4703125 0.845360824742268 0.4734375 0.8316151202749141 0.4703125 0.8195876288659795 0.4734375 0.8230240549828179 0.484375 0.816151202749141 0.4875 0.8058419243986255 0.48046875 0.7989690721649485 0.48125 0.79553264604811 0.48515625 0.7869415807560138 0.484375 0.7817869415807561 0.490625 0.7766323024054984 0.48984375 0.7749140893470792 0.484375 0.7680412371134021 0.49375 0.7560137457044674 0.49140625 0.7474226804123713 0.496875 0.7302405498281788 0.49453125 0.725085910652921 0.50078125 0.711340206185567 0.503125 0.7079037800687286 0.509375 0.7079037800687286 0.515625 0.718213058419244 0.5265625
0 0.32421875 0.58828125 0.0015625 0.0015625
0 0.3230240549828179 0.5109375 0.3041237113402062 0.52265625 0.288659793814433 0.52578125 0.2714776632302406 0.5171875 0.25429553264604815 0.5140625 0.2508591065292097 0.515625 0.24226804123711343 0.51015625 0.2061855670103093 0.50625 0.211340206185567 0.5078125 0.2061855670103093 0.5171875 0.24398625429553267 0.57734375 0.25429553264604815 0.5703125 0.2680412371134021 0.56875 0.27491408934707906 0.56484375 0.29037800687285226 0.56953125 0.29896907216494845 0.58125 0.30927835051546393 0.58515625 0.32817869415807566 0.5828125 0.3384879725085911 0.5890625 0.3505154639175258 0.578125 0.3556701030927835 0.57578125 0.365979381443299 0.578125 0.3711340206185567 0.5734375 0.4037800687285224 0.575 0.4175257731958763 0.56953125 0.42783505154639184 0.571875 0.44158075601374575 0.56640625 0.45017182130584193 0.57578125 0.4587628865979382 0.5765625 0.4553264604810997 0.5671875 0.46563573883161513 0.55703125 0.4639175257731959 0.55078125 0.46219931271477666 0.54765625 0.4484536082474227 0.54375 0.43642611683848803 0.50546875 0.41408934707903783 0.49375 0.34879725085910657 0.51015625 0.3230240549828179 0.5109375
0 0.17869415807560138 0.434375 0.17697594501718214 0.43828125 0.18384879725085912 0.4453125 0.17697594501718214 0.44921875 0.18728522336769762 0.45234375 0.21305841924398625 0.453125 0.22336769759450173 0.46328125 0.24742268041237114 0.46953125 0.2508591065292097 0.46796875 0.2611683848797251 0.475 0.2869415807560137 0.47421875 0.31271477663230246 0.46171875 0.3195876288659794 0.4640625 0.34879725085910657 0.46328125 0.35223367697594504 0.45859375 0.36426116838487976 0.45625 0.3711340206185567 0.44921875 0.38659793814432997 0.45390625 0.38487972508591073 0.4515625 0.41065292096219935 0.44765625 0.422680412371134 0.42734375 0.4175257731958763 0.41171875 0.4123711340206186 0.4109375 0.3969072164948454 0.396875 0.38659793814432997 0.396875 0.37972508591065296 0.40546875 0.365979381443299 0.4046875 0.34536082474226804 0.4109375 0.33161512027491413 0.41171875 0.3195876288659794 0.40859375 0.31099656357388317 0.41171875 0.2852233676975945 0.4125 0.27835051546391754 0.42109375 0.2611683848797251 0.4265625 0.2457044673539519 0.42578125 0.23195876288659795 0.428125 0.22508591065292097 0.434375 0.21821305841924402 0.434375 0.21649484536082478 0.43046875 0.20274914089347082 0.42734375 0.19587628865979384 0.4203125 0.18900343642611686 0.42421875 0.17869415807560138 0.4203125 0.16838487972508592 0.42109375 0.16666666666666669 0.43203125 0.17869415807560138 0.434375
0 0.7199312714776632 0.5140625 0.7096219931271478 0.51796875 0.7164948453608248 0.52265625 0.7216494845360826 0.51484375 0.7164948453608248 0.509375 0.711340206185567 0.51015625 0.7096219931271478 0.51171875 0.7199312714776632 0.5140625
0 0.7079037800687286 0.57421875 0.7233676975945018 0.56796875 0.731958762886598 0.5546875 0.7508591065292097 0.55 0.7611683848797252 0.5609375 0.7714776632302407 0.5625 0.7749140893470792 0.5671875 0.7886597938144331 0.5640625 0.79553264604811 0.56015625 0.7972508591065293 0.553125 0.809278350515464 0.55 0.8109965635738833 0.53828125 0.8247422680412372 0.534375 0.8281786941580757 0.52890625 0.8384879725085911 0.5296875 0.845360824742268 0.52734375 0.8591065292096222 0.5 0.8625429553264606 0.471875 0.8436426116838488 0.47421875 0.8367697594501718 0.4703125 0.8298969072164949 0.47265625 0.8230240549828179 0.4875 0.8144329896907218 0.4890625 0.802405498281787 0.48515625 0.7680412371134021 0.50078125 0.7508591065292097 0.50625 0.738831615120275 0.50703125 0.725085910652921 0.5171875 0.725085910652921 0.52421875 0.7010309278350516 0.5328125 0.6993127147766324 0.5640625 0.7079037800687286 0.57421875
0 0.20274914089347082 0.3875 0.19931271477663232 0.38515625 0.19587628865979384 0.38671875 0.20274914089347082 0.3875
0 0.2577319587628866 0.378125 0.2302405498281787 0.38359375 0.22508591065292097 0.39921875 0.20274914089347082 0.3921875 0.15292096219931273 0.3890625 0.1443298969072165 0.38984375 0.15292096219931273 0.396875 0.14776632302405499 0.40078125 0.16494845360824745 0.4140625 0.17697594501718214 0.4171875 0.21305841924398625 0.41953125 0.22336769759450173 0.42421875 0.2628865979381444 0.4265625 0.2714776632302406 0.42109375 0.2852233676975945 0.41796875 0.288659793814433 0.41328125 0.34879725085910657 0.40859375 0.36769759450171824 0.40390625 0.372852233676976 0.4 0.38316151202749144 0.39921875 0.38659793814432997 0.39609375 0.39862542955326463 0.3953125 0.4037800687285224 0.38671875 0.4261168384879725 0.36953125 0.422680412371134 0.365625 0.41065292096219935 0.3625 0.31099656357388317 0.3703125 0.2800687285223368 0.378125 0.2577319587628866 0.378125
0 0.27835051546391754 0.58671875 0.2714776632302406 0.57578125 0.26460481099656363 0.57890625 0.26632302405498287 0.584375 0.27835051546391754 0.58671875
0 0.23367697594501718 0.54375 0.22680412371134023 0.546875 0.24398625429553267 0.57734375 0.2508591065292097 0.56796875 0.24398625429553267 0.540625 0.22852233676975947 0.540625 0.22680412371134023 0.5421875 0.23367697594501718 0.54375
0 0.2766323024054983 0.53984375 0.2680412371134021 0.53828125 0.2714776632302406 0.5484375 0.2766323024054983 0.53984375
0 0.30927835051546393 0.546875 0.30584192439862545 0.55234375 0.29896907216494845 0.5484375 0.29037800687285226 0.553125 0.2852233676975945 0.54765625 0.2800687285223368 0.5484375 0.288659793814433 0.553125 0.2800687285223368 0.5640625 0.2869415807560137 0.56796875 0.2800687285223368 0.57109375 0.288659793814433 0.57421875 0.288659793814433 0.584375 0.29553264604810997 0.58359375 0.29553264604810997 0.5875 0.2972508591065292 0.5828125 0.3075601374570447 0.58046875 0.31271477663230246 0.58828125 0.33676975945017185 0.59921875 0.33161512027491413 0.60546875 0.3402061855670103 0.6109375 0.3539518900343643 0.60859375 0.3556701030927835 0.60390625 0.3505154639175258 0.60234375 0.3556701030927835 0.5984375 0.3625429553264605 0.59921875 0.365979381443299 0.5953125 0.372852233676976 0.596875 0.39003436426116844 0.59140625 0.40034364261168387 0.5953125 0.4037800687285224 0.590625 0.4312714776632303 0.590625 0.44158075601374575 0.60546875 0.4484536082474227 0.60703125 0.4604810996563574 0.6046875 0.46563573883161513 0.60078125 0.4639175257731959 0.546875 0.4587628865979382 0.54765625 0.4484536082474227 0.54375 0.43814432989690727 0.5234375 0.4295532646048111 0.52109375 0.42783505154639184 0.51640625 0.4072164948453609 0.525 0.39862542955326463 0.525 0.37457044673539525 0.53203125 0.3608247422680413 0.53984375 0.34536082474226804 0.53984375 0.3436426116838488 0.5359375 0.3195876288659794 0.53828125 0.32130584192439865 0.54609375 0.30927835051546393 0.546875
0 0.9381443298969072 0.5375 0.9467353951890034 0.5375 0.9536082474226806 0.55 0.9896907216494846 0.5546875 0.9982817869415808 0.55234375 0.9948453608247423 0.5109375 0.9828178694158076 0.5109375 0.9690721649484537 0.50390625 0.957044673539519 0.50234375 0.9518900343642611 0.49375 0.9432989690721649 0.490625 0.9347079037800687 0.49921875 0.9209621993127148 0.525 0.9381443298969072 0.5375
0 0.25429553264604815 0.59765625 0.26460481099656363 0.6015625 0.2920962199312715 0.6015625 0.30584192439862545 0.6046875 0.3247422680412372 0.6171875 0.3350515463917526 0.61796875 0.34192439862542956 0.621875 0.38316151202749144 0.60546875 0.41408934707903783 0.596875 0.4209621993127148 0.6 0.42783505154639184 0.59921875 0.44158075601374575 0.60625 0.44673539518900346 0.60546875 0.4518900343642612 0.58046875 0.4398625429553265 0.56640625 0.41924398625429554 0.56640625 0.41065292096219935 0.5734375 0.3934707903780069 0.5703125 0.3934707903780069 0.57421875 0.3780068728522337 0.57890625 0.36426116838487976 0.578125 0.35223367697594504 0.5734375 0.33676975945017185 0.5859375 0.3178694158075602 0.5859375 0.31615120274914094 0.58125 0.302405498281787 0.5828125 0.2869415807560137 0.57890625 0.27491408934707906 0.5796875 0.2714776632302406 0.575 0.25429553264604815 0.56953125 0.2457044673539519 0.571875 0.24398625429553267 0.5875 0.25429553264604815 0.59765625
0 0.802405498281787 0.34453125 0.8178694158075602 0.3421875 0.8247422680412372 0.3453125 0.8213058419243987 0.3546875 0.8264604810996564 0.36484375 0.8350515463917526 0.36875 0.8384879725085911 0.36171875 0.8487972508591065 0.3625 0.8539518900343642 0.35625 0.8745704467353953 0.3609375 0.9089347079037802 0.3515625 0.9175257731958764 0.3515625 0.9140893470790379 0.35 0.9312714776632303 0.334375 0.9329896907216495 0.3140625 0.9072164948453609 0.30625 0.8316151202749141 0.30546875 0.8264604810996564 0.3109375 0.8127147766323025 0.3140625 0.8178694158075602 0.315625 0.816151202749141 0.3296875 0.7989690721649485 0.3359375 0.7972508591065293 0.34140625 0.802405498281787 0.34453125
0 0.9278350515463918 0.49765625 0.9329896907216495 0.49609375 0.9450171821305842 0.46953125 0.9243986254295533 0.4640625 0.8986254295532646 0.4625 0.879725085910653 0.465625 0.8711340206185568 0.47421875 0.8728522336769761 0.4859375 0.9278350515463918 0.49765625
0 0.76875 0.325 0.0015625 0.00078125
0 0.7903780068728523 0.32421875 0.7817869415807561 0.3234375 0.7852233676975946 0.32734375 0.7903780068728523 0.32421875
0 0.775 0.32421875 0.003125 0.0015625
0 0.7405498281786942 0.38359375 0.7508591065292097 0.38359375 0.7542955326460482 0.38046875 0.7680412371134021 0.38125 0.7714776632302407 0.3734375 0.7817869415807561 0.3703125 0.8006872852233677 0.375 0.8487972508591065 0.37421875 0.8591065292096222 0.3625 0.8745704467353953 0.36484375 0.9037800687285223 0.35625 0.9175257731958764 0.35546875 0.929553264604811 0.33515625 0.929553264604811 0.3140625 0.9140893470790379 0.3125 0.9106529209621994 0.315625 0.8969072164948454 0.315625 0.88659793814433 0.31328125 0.8831615120274915 0.3203125 0.8573883161512029 0.321875 0.8539518900343642 0.32421875 0.8402061855670103 0.32109375 0.8298969072164949 0.33046875 0.8230240549828179 0.33046875 0.8195876288659795 0.3265625 0.809278350515464 0.33359375 0.7989690721649485 0.3328125 0.7886597938144331 0.34375 0.7783505154639176 0.340625 0.7697594501718215 0.34296875 0.7663230240549829 0.340625 0.7542955326460482 0.340625 0.7474226804123713 0.34375 0.7474226804123713 0.35 0.7336769759450172 0.36484375 0.731958762886598 0.3796875 0.7405498281786942 0.38359375
0 0.8505154639175257 0.3140625 0.8470790378006873 0.3109375 0.8419243986254296 0.31171875 0.8402061855670103 0.3140625 0.8505154639175257 0.3140625
0 0.7027491408934708 0.5875 0.711340206185567 0.59140625 0.718213058419244 0.5828125 0.7285223367697595 0.58046875 0.7302405498281788 0.57578125 0.7542955326460482 0.578125 0.7491408934707905 0.571875 0.7663230240549829 0.571875 0.7869415807560138 0.5671875 0.8213058419243987 0.54765625 0.8367697594501718 0.54296875 0.8539518900343642 0.51328125 0.8591065292096222 0.48515625 0.845360824742268 0.4859375 0.8316151202749141 0.49140625 0.8264604810996564 0.49765625 0.816151202749141 0.49765625 0.809278350515464 0.50078125 0.8006872852233677 0.4984375 0.7903780068728523 0.50234375 0.7835051546391754 0.5 0.7697594501718215 0.51015625 0.7577319587628867 0.50859375 0.7491408934707905 0.515625 0.7405498281786942 0.51328125 0.7336769759450172 0.51640625 0.7216494845360826 0.53125 0.7027491408934708 0.53125 0.6993127147766324 0.53359375 0.6958762886597938 0.575 0.7027491408934708 0.5875
0 0.5120274914089348 0.46875 0.513745704467354 0.46640625 0.5051546391752578 0.4671875 0.5120274914089348 0.46875
0 0.47594501718213056 0.47421875 0.4690721649484536 0.48046875 0.4742268041237113 0.521875 0.48453608247422686 0.51875 0.5017182130584193 0.52265625 0.5120274914089348 0.5171875 0.534364261168385 0.51875 0.5515463917525774 0.525 0.5463917525773196 0.52890625 0.5498281786941581 0.53359375 0.5807560137457045 0.53828125 0.5807560137457045 0.54140625 0.5824742268041238 0.53515625 0.5876288659793815 0.53359375 0.6082474226804124 0.53671875 0.6219931271477663 0.53125 0.6357388316151203 0.53046875 0.6460481099656358 0.52265625 0.6546391752577321 0.52265625 0.6735395189003437 0.51640625 0.6752577319587629 0.51171875 0.6855670103092784 0.51015625 0.6941580756013745 0.50234375 0.6993127147766324 0.4671875 0.6958762886597938 0.45859375 0.6907216494845361 0.45703125 0.6786941580756014 0.4640625 0.6718213058419245 0.45703125 0.6632302405498283 0.45859375 0.6563573883161513 0.465625 0.6477663230240551 0.4671875 0.6460481099656358 0.4734375 0.6374570446735396 0.47890625 0.6305841924398626 0.478125 0.6254295532646049 0.4640625 0.6082474226804124 0.465625 0.604810996563574 0.47109375 0.5945017182130584 0.471875 0.5790378006872853 0.4796875 0.5532646048109966 0.4734375 0.5549828178694158 0.46796875 0.5584192439862543 0.4703125 0.570446735395189 0.46953125 0.570446735395189 0.46640625 0.563573883161512 0.46484375 0.5601374570446735 0.4671875 0.5532646048109966 0.46484375 0.5498281786941581 0.46796875 0.5309278350515465 0.46328125 0.5360824742268042 0.4734375 0.5257731958762888 0.4734375 0.5223367697594502 0.48125 0.513745704467354 0.478125 0.5120274914089348 0.47109375 0.4948453608247423 0.47109375 0.4914089347079038 0.4609375 0.4810996563573884 0.4640625 0.4914089347079038 0.4625 0.48797250859106533 0.4671875 0.4725085910652921 0.46796875 0.47079037800687284 0.4703125 0.47079037800687284 0.4734375 0.47594501718213056 0.47421875
0 0.5 0.45625 0.4948453608247423 0.45390625 0.49312714776632305 0.4578125 0.5 0.45625
0 0.957044673539519 0.525 0.9793814432989691 0.52578125 0.9862542955326461 0.53125 0.9948453608247423 0.53203125 0.9982817869415808 0.5390625 0.9982817869415808 0.48203125 0.9879725085910653 0.48046875 0.9862542955326461 0.475 0.9810996563573884 0.47421875 0.9845360824742269 0.4703125 0.963917525773196 0.46640625 0.970790378006873 0.4640625 0.9656357388316152 0.45859375 0.9467353951890034 0.4765625 0.9347079037800687 0.49921875 0.9278350515463918 0.51875 0.957044673539519 0.525
0 0.19243986254295536 0.4921875 0.2061855670103093 0.50859375 0.24226804123711343 0.51484375 0.24914089347079038 0.5203125 0.28350515463917525 0.528125 0.288659793814433 0.53359375 0.302405498281787 0.53515625 0.31099656357388317 0.5296875 0.3195876288659794 0.53203125 0.3402061855670103 0.52890625 0.3539518900343643 0.5296875 0.39518900343642616 0.51015625 0.41408934707903783 0.5109375 0.43298969072164956 0.503125 0.43298969072164956 0.490625 0.422680412371134 0.4875 0.4261168384879725 0.4765625 0.4072164948453609 0.45546875 0.37972508591065296 0.4578125 0.365979381443299 0.465625 0.35738831615120276 0.46328125 0.33161512027491413 0.46484375 0.31271477663230246 0.46171875 0.288659793814433 0.4703125 0.2920962199312715 0.4734375 0.2869415807560137 0.4765625 0.2714776632302406 0.4765625 0.2680412371134021 0.4796875 0.23539518900343642 0.46875 0.21305841924398625 0.465625 0.20962199312714777 0.4625 0.18041237113402064 0.45546875 0.18900343642611686 0.46875 0.19243986254295536 0.4921875
0 0.4862542955326461 0.6078125 0.5051546391752578 0.60703125 0.513745704467354 0.61328125 0.5189003436426117 0.6125 0.5189003436426117 0.60859375 0.5292096219931273 0.60859375 0.527491408934708 0.61171875 0.5360824742268042 0.61328125 0.527491408934708 0.61640625 0.5532646048109966 0.61484375 0.5549828178694158 0.6203125 0.5498281786941581 0.6234375 0.5567010309278351 0.6265625 0.5670103092783505 0.62265625 0.5721649484536082 0.6234375 0.5756013745704468 0.6265625 0.5687285223367697 0.6265625 0.5738831615120275 0.63046875 0.5859106529209622 0.6265625 0.5979381443298969 0.63046875 0.6134020618556701 0.63046875 0.6254295532646049 0.62578125 0.6202749140893471 0.61640625 0.6237113402061857 0.61171875 0.6391752577319588 0.6046875 0.6443298969072165 0.60546875 0.6477663230240551 0.5984375 0.6701030927835052 0.60625 0.6752577319587629 0.603125 0.6890034364261168 0.5421875 0.6907216494845361 0.5125 0.6890034364261168 0.50390625 0.6838487972508591 0.5015625 0.6907216494845361 0.49921875 0.6924398625429553 0.496875 0.6855670103092784 0.4953125 0.6924398625429553 0.49296875 0.6769759450171822 0.49765625 0.6563573883161513 0.4984375 0.6374570446735396 0.50625 0.6219931271477663 0.50546875 0.6013745704467355 0.5171875 0.5910652920962199 0.50859375 0.584192439862543 0.5078125 0.5721649484536082 0.51484375 0.5601374570446735 0.51328125 0.5515463917525774 0.51015625 0.5498281786941581 0.5 0.534364261168385 0.5078125 0.520618556701031 0.50546875 0.520618556701031 0.49765625 0.5189003436426117 0.50078125 0.5051546391752578 0.5046875 0.48453608247422686 0.50546875 0.4742268041237113 0.5015625 0.4776632302405499 0.575 0.4862542955326461 0.6078125
0 0.9415807560137457 0.55390625 0.9725085910652922 0.5609375 0.9862542955326461 0.5609375 0.9982817869415808 0.55703125 0.9982817869415808 0.528125 0.9914089347079038 0.52265625 0.9948453608247423 0.51796875 0.9862542955326461 0.51484375 0.993127147766323 0.51171875 0.9828178694158076 0.515625 0.9810996563573884 0.51171875 0.9656357388316152 0.50703125 0.957044673539519 0.50859375 0.9518900343642611 0.5046875 0.9467353951890034 0.50703125 0.9381443298969072 0.50625 0.9381443298969072 0.4953125 0.9209621993127148 0.52109375 0.9158075601374571 0.53828125 0.9415807560137457 0.55390625
0 0.48797250859106533 0.596875 0.5017182130584193 0.58984375 0.5171821305841925 0.59296875 0.5257731958762888 0.58828125 0.5463917525773196 0.59453125 0.5498281786941581 0.603125 0.5601374570446735 0.6046875 0.5670103092783505 0.6015625 0.5807560137457045 0.61015625 0.5945017182130584 0.60703125 0.6237113402061857 0.60859375 0.6512027491408936 0.58671875 0.6752577319587629 0.59453125 0.6786941580756014 0.58984375 0.6855670103092784 0.58828125 0.6855670103092784 0.54453125 0.6752577319587629 0.53515625 0.6718213058419245 0.54609375 0.661512027491409 0.54375 0.6597938144329898 0.53984375 0.6494845360824744 0.54921875 0.6202749140893471 0.55 0.6116838487972509 0.55859375 0.5996563573883162 0.55859375 0.5807560137457045 0.54921875 0.5738831615120275 0.5515625 0.5549828178694158 0.54921875 0.5498281786941581 0.5453125 0.5360824742268042 0.54609375 0.5085910652920963 0.5359375 0.5 0.53671875 0.4862542955326461 0.5328125 0.4810996563573884 0.5359375 0.47938144329896915 0.58203125 0.48797250859106533 0.596875
0 0.23711340206185566 0.5671875 0.24398625429553267 0.584375 0.2611683848797251 0.609375 0.3041237113402062 0.61484375 0.34192439862542956 0.63359375 0.34536082474226804 0.63984375 0.35223367697594504 0.6359375 0.359106529209622 0.6375 0.36426116838487976 0.63359375 0.3883161512027492 0.6328125 0.38659793814432997 0.6296875 0.40034364261168387 0.62109375 0.4261168384879725 0.61328125 0.43814432989690727 0.615625 0.45704467353951894 0.60546875 0.4604810996563574 0.590625 0.45360824742268047 0.5859375 0.4450171821305842 0.5609375 0.4312714776632303 0.54921875 0.41924398625429554 0.5453125 0.41924398625429554 0.53984375 0.41065292096219935 0.54921875 0.35223367697594504 0.56484375 0.3402061855670103 0.56484375 0.33333333333333337 0.57109375 0.33676975945017185 0.57578125 0.32130584192439865 0.57109375 0.3195876288659794 0.56484375 0.3178694158075602 0.57109375 0.3041237113402062 0.5796875 0.288659793814433 0.5765625 0.2766323024054983 0.5796875 0.2680412371134021 0.5640625 0.2611683848797251 0.56484375 0.2405498281786942 0.56015625 0.24398625429553267 0.56171875 0.23711340206185566 0.5671875
0 0.2508591065292097 0.5359375 0.24398625429553267 0.5328125 0.24398625429553267 0.54296875 0.2508591065292097 0.5359375
0 0.41580756013745707 0.42109375 0.4209621993127148 0.44765625 0.42783505154639184 0.4578125 0.4347079037800688 0.45859375 0.4484536082474227 0.453125 0.45017182130584193 0.44921875 0.44673539518900346 0.4375 0.45360824742268047 0.40703125 0.4518900343642612 0.37265625 0.4484536082474227 0.365625 0.43814432989690727 0.36015625 0.42439862542955326 0.35859375 0.41580756013745707 0.3640625 0.39862542955326463 0.365625 0.4037800687285224 0.41484375 0.41580756013745707 0.42109375
0 0.41065292096219935 0.56875 0.41065292096219935 0.5640625 0.4072164948453609 0.56484375 0.40549828178694164 0.56796875 0.41065292096219935 0.56875
0 0.25859375 0.546875 0.0015625 0.00078125
0 0.37734375 0.5328125 0.0015625 0.00078125
0 0.3375 0.50390625 0.0015625 0.003125
0 0.3350515463917526 0.484375 0.3470790378006873 0.4859375 0.3539518900343643 0.4921875 0.3470790378006873 0.49375 0.3625429553264605 0.50234375 0.372852233676976 0.49765625 0.3625429553264605 0.49453125 0.3608247422680413 0.490625 0.372852233676976 0.48203125 0.38316151202749144 0.48203125 0.38487972508591073 0.471875 0.3814432989690722 0.4703125 0.365979381443299 0.47734375 0.3539518900343643 0.4765625 0.3505154639175258 0.48125 0.3350515463917526 0.484375
0 0.32817869415807566 0.47109375 0.3247422680412372 0.46640625 0.3230240549828179 0.47578125 0.32817869415807566 0.47109375
0 0.38316151202749144 0.428125 0.3762886597938145 0.42578125 0.37972508591065296 0.43046875 0.38316151202749144 0.428125
0 0.36426116838487976 0.40703125 0.3556701030927835 0.4078125 0.3608247422680413 0.4078125 0.3608247422680413 0.4109375 0.3539518900343643 0.41484375 0.36769759450171824 0.41640625 0.372852233676976 0.4140625 0.36426116838487976 0.4109375 0.3711340206185567 0.4078125 0.365979381443299 0.40390625 0.3762886597938145 0.4 0.365979381443299 0.3859375 0.35738831615120276 0.39296875 0.365979381443299 0.403125 0.36426116838487976 0.40703125
0 0.22265625 0.37265625 0.0015625 0.0015625
0 0.41171875 0.36953125 0.0015625 0.0015625
0 0.20859375 0.365625 0.0015625 0.00078125
0 0.3883161512027492 0.37265625 0.38487972508591073 0.365625 0.3780068728522337 0.365625 0.3762886597938145 0.378125 0.3883161512027492 0.37265625
0 0.38125 0.3578125 0.003125 0.00234375
0 0.22852233676975947 0.3640625 0.22336769759450173 0.35703125 0.22336769759450173 0.3671875 0.22852233676975947 0.3640625
0 0.16666666666666669 0.365625 0.17353951890034364 0.36953125 0.16494845360824745 0.3734375 0.1597938144329897 0.371875 0.1597938144329897 0.37734375 0.14604810996563575 0.38125 0.14776632302405499 0.4 0.1597938144329897 0.40625 0.15807560137457047 0.41484375 0.1632302405498282 0.421875 0.17353951890034364 0.4203125 0.1752577319587629 0.425 0.16838487972508592 0.42578125 0.16494845360824745 0.4296875 0.17697594501718214 0.440625 0.17697594501718214 0.44921875 0.18728522336769762 0.459375 0.18384879725085912 0.46328125 0.19243986254295536 0.47578125 0.19931271477663232 0.47890625 0.19587628865979384 0.490625 0.22336769759450173 0.54140625 0.2302405498281787 0.5453125 0.23711340206185566 0.54453125 0.24226804123711343 0.546875 0.2405498281786942 0.5515625 0.24742268041237114 0.55234375 0.23367697594501718 0.56015625 0.2577319587628866 0.60390625 0.2731958762886598 0.615625 0.3178694158075602 0.62734375 0.33161512027491413 0.63671875 0.3470790378006873 0.63984375 0.3505154639175258 0.634375 0.35738831615120276 0.63671875 0.35223367697594504 0.634375 0.35738831615120276 0.63046875 0.365979381443299 0.63359375 0.3694158075601375 0.63203125 0.3711340206185567 0.63515625 0.39003436426116844 0.6328125 0.3934707903780069 0.62421875 0.41065292096219935 0.62421875 0.42783505154639184 0.61953125 0.43642611683848803 0.61328125 0.4450171821305842 0.6125 0.45017182130584193 0.60234375 0.443298969072165 0.58125 0.4312714776632303 0.578125 0.443298969072165 0.5734375 0.4398625429553265 0.565625 0.4312714776632303 0.5640625 0.4209621993127148 0.56640625 0.422680412371134 0.57109375 0.41408934707903783 0.5734375 0.39862542955326463 0.571875 0.4020618556701031 0.5671875 0.39518900343642616 0.56328125 0.41580756013745707 0.55546875 0.41408934707903783 0.55 0.3969072164948454 0.553125 0.3934707903780069 0.5578125 0.39003436426116844 0.55625 0.3694158075601375 0.55859375 0.36426116838487976 0.56328125 0.3470790378006873 0.5671875 0.3402061855670103 0.57421875 0.34536082474226804 0.57734375 0.33333333333333337 0.58828125 0.3144329896907217 0.58515625 0.3195876288659794 0.57421875 0.31271477663230246 0.56875 0.3195876288659794 0.56875 0.3195876288659794 0.565625 0.31099656357388317 0.5671875 0.29896907216494845 0.5640625 0.2972508591065292 0.5609375 0.29896907216494845 0.55703125 0.3075601374570447 0.55859375 0.32817869415807566 0.54609375 0.3195876288659794 0.54296875 0.33676975945017185 0.53984375 0.34536082474226804 0.5265625 0.36426116838487976 0.53046875 0.38316151202749144 0.525 0.3762886597938145 0.52265625 0.38316151202749144 0.520703125 0.38316151202749144 0.51640625 0.39003436426116844 0.515625 0.3969072164948454 0.50703125 0.3969072164948454 0.503125 0.39003436426116844 0.50078125 0.33333333333333337 0.5125 0.3144329896907217 0.50859375 0.3144329896907217 0.50390625 0.30584192439862545 0.5015625 0.30927835051546393 0.496875 0.30068728522336774 0.4953125 0.30584192439862545 0.49140625 0.29896907216494845 0.47890625 0.30068728522336774 0.471875 0.31271477663230246 0.46796875 0.3230240549828179 0.46015625 0.3178694158075602 0.4578125 0.3230240549828179 0.45625 0.31271477663230246 0.45078125 0.31271477663230246 0.4453125 0.31615120274914094 0.44296875 0.3230240549828179 0.44453125 0.32817869415807566 0.43984375 0.3436426116838488 0.4375 0.3539518900343643 0.4390625 0.35223367697594504 0.4328125 0.359106529209622 0.42890625 0.3556701030927835 0.42109375 0.3470790378006873 0.41875 0.34879725085910657 0.41640625 0.34192439862542956 0.4171875 0.3384879725085911 0.41484375 0.3470790378006873 0.39921875 0.3230240549828179 0.3984375 0.33676975945017185 0.390625 0.3350515463917526 0.3828125 0.34536082474226804 0.37890625 0.3556701030927835 0.3828125 0.36769759450171824 0.3828125 0.36769759450171824 0.37265625 0.35738831615120276 0.37265625 0.3556701030927835 0.36796875 0.35223367697594504 0.36875 0.34192439862542956 0.36328125 0.3402061855670103 0.3546875 0.33676975945017185 0.3703125 0.33161512027491413 0.37265625 0.32130584192439865 0.3703125 0.32130584192439865 0.3578125 0.3144329896907217 0.35546875 0.3144329896907217 0.35078125 0.30927835051546393 0.34921875 0.302405498281787 0.3515625 0.2972508591065292 0.346875 0.288659793814433 0.34765625 0.281786941580756 0.3453125 0.27491408934707906 0.35078125 0.2714776632302406 0.36328125 0.2525773195876289 0.3578125 0.24914089347079038 0.3625 0.2405498281786942 0.36328125 0.24226804123711343 0.38046875 0.23367697594501718 0.38671875 0.22852233676975947 0.38515625 0.21993127147766325 0.38984375 0.21821305841924402 0.3796875 0.211340206185567 0.378125 0.21821305841924402 0.37421875 0.211340206185567 0.371875 0.21821305841924402 0.36875 0.20103092783505155 0.36640625 0.19587628865979384 0.3515625 0.19587628865979384 0.359375 0.18384879725085912 0.35625 0.15463917525773196 0.35859375 0.1597938144329897 0.365625 0.16666666666666669 0.365625
0 0.21328125 0.3453125 0.003125 0.00078125
0 0.3780068728522337 0.3515625 0.38659793814432997 0.353125 0.37972508591065296 0.34765625 0.38316151202749144 0.3453125 0.372852233676976 0.34375 0.3814432989690722 0.34921875 0.3780068728522337 0.3515625
0 0.15463917525773196 0.41796875 0.16151202749140894 0.425 0.1718213058419244 0.428125 0.16494845360824745 0.43046875 0.16666666666666669 0.43515625 0.16838487972508592 0.43125 0.17697594501718214 0.42890625 0.19243986254295536 0.4328125 0.21305841924398625 0.43359375 0.2216494845360825 0.4390625 0.21649484536082478 0.44921875 0.2405498281786942 0.45234375 0.24398625429553267 0.4484375 0.24742268041237114 0.45625 0.26632302405498287 0.44921875 0.2680412371134021 0.44296875 0.27491408934707906 0.43984375 0.2869415807560137 0.43828125 0.2920962199312715 0.44375 0.302405498281787 0.43828125 0.31615120274914094 0.4375 0.3195876288659794 0.440625 0.3298969072164949 0.44140625 0.34536082474226804 0.43984375 0.35738831615120276 0.4359375 0.372852233676976 0.4234375 0.41065292096219935 0.41796875 0.4037800687285224 0.40390625 0.4123711340206186 0.38984375 0.39862542955326463 0.3703125 0.40034364261168387 0.365625 0.38316151202749144 0.365625 0.3350515463917526 0.37265625 0.31271477663230246 0.37265625 0.30927835051546393 0.3765625 0.29381443298969073 0.3765625 0.27491408934707906 0.38359375 0.26975945017182135 0.38046875 0.24742268041237114 0.3828125 0.23711340206185566 0.39375 0.24398625429553267 0.39765625 0.22508591065292097 0.403125 0.18041237113402064 0.39375 0.1597938144329897 0.39453125 0.15292096219931273 0.40078125 0.15463917525773196 0.41796875
0 0.428125 0.61875 0.003125 0.00078125
0 0.38659793814432997 0.5328125 0.3762886597938145 0.53203125 0.3814432989690722 0.534375 0.38659793814432997 0.5328125
0 0.2611683848797251 0.609375 0.27491408934707906 0.61015625 0.281786941580756 0.6140625 0.29381443298969073 0.61171875 0.3041237113402062 0.61484375 0.3402061855670103 0.634375 0.3436426116838488 0.63984375 0.35223367697594504 0.63671875 0.3608247422680413 0.63828125 0.365979381443299 0.634375 0.372852233676976 0.63671875 0.38316151202749144 0.6328125 0.3883161512027492 0.63359375 0.40034364261168387 0.6203125 0.4175257731958763 0.61953125 0.4261168384879725 0.6140625 0.4398625429553265 0.615625 0.46219931271477666 0.60234375 0.46219931271477666 0.58046875 0.4398625429553265 0.55 0.4312714776632303 0.5296875 0.42439862542955326 0.53359375 0.4175257731958763 0.5328125 0.4072164948453609 0.546875 0.3762886597938145 0.546875 0.37457044673539525 0.55078125 0.359106529209622 0.55546875 0.35738831615120276 0.56015625 0.3505154639175258 0.5625 0.3384879725085911 0.5609375 0.32817869415807566 0.5640625 0.3178694158075602 0.5609375 0.30927835051546393 0.57109375 0.302405498281787 0.5734375 0.28350515463917525 0.571875 0.2731958762886598 0.5671875 0.2680412371134021 0.559375 0.2611683848797251 0.56015625 0.2508591065292097 0.55546875 0.24742268041237114 0.5578125 0.23711340206185566 0.55703125 0.23367697594501718 0.5640625 0.2611683848797251 0.609375
0 0.2302405498281787 0.534375 0.23883161512027495 0.5375 0.23883161512027495 0.54140625 0.23367697594501718 0.54375 0.2302405498281787 0.5421875 0.22680412371134023 0.5453125 0.2302405498281787 0.5515625 0.24398625429553267 0.5515625 0.2508591065292097 0.546875 0.2611683848797251 0.54765625 0.26460481099656363 0.55078125 0.2766323024054983 0.54765625 0.29037800687285226 0.55234375 0.2869415807560137 0.56015625 0.29896907216494845 0.56484375 0.302405498281787 0.55859375 0.31271477663230246 0.55703125 0.32130584192439865 0.54921875 0.34192439862542956 0.540625 0.34192439862542956 0.53515625 0.3230240549828179 0.5375 0.3144329896907217 0.5359375 0.30584192439862545 0.53984375 0.2869415807560137 0.5390625 0.26632302405498287 0.53125 0.24914089347079038 0.53203125 0.23711340206185566 0.528125 0.24398625429553267 0.52421875 0.23711340206185566 0.52734375 0.22852233676975947 0.52578125 0.23539518900343642 0.52890625 0.2302405498281787 0.534375
0 0.4261168384879725 0.52265625 0.42439862542955326 0.5203125 0.4175257731958763 0.52109375 0.41580756013745707 0.5234375 0.4261168384879725 0.52265625
0 0.46563573883161513 0.41328125 0.4914089347079038 0.4140625 0.5051546391752578 0.41953125 0.5223367697594502 0.41875 0.5326460481099657 0.425 0.5463917525773196 0.42578125 0.5567010309278351 0.4296875 0.5756013745704468 0.4265625 0.584192439862543 0.4296875 0.6202749140893471 0.42578125 0.6288659793814434 0.4140625 0.6632302405498283 0.403125 0.6718213058419245 0.403125 0.6769759450171822 0.41171875 0.6821305841924399 0.41171875 0.6890034364261168 0.4078125 0.6890034364261168 0.40078125 0.7027491408934708 0.3953125 0.7096219931271478 0.3734375 0.7096219931271478 0.36458359375 0.7027491408934708 0.36171875 0.6993127147766324 0.36328125 0.6769759450171822 0.3609375 0.6512027491408936 0.3640625 0.6288659793814434 0.37109375 0.6065292096219932 0.3703125 0.584192439862543 0.37421875 0.5738831615120275 0.371875 0.5240549828178694 0.37265625 0.5120274914089348 0.365625 0.5 0.3671875 0.48453608247422686 0.36484375 0.4725085910652921 0.3578125 0.4742268041237113 0.3609375 0.4587628865979382 0.3609375 0.45704467353951894 0.39140625 0.46563573883161513 0.41328125
0 0.41065292096219935 0.55703125 0.4123711340206186 0.55078125 0.4020618556701031 0.5515625 0.4037800687285224 0.55859375 0.41065292096219935 0.55703125
0 0.2302405498281787 0.525 0.2302405498281787 0.521875 0.22336769759450173 0.52109375 0.22336769759450173 0.52421875 0.2302405498281787 0.525
0 0.2302405498281787 0.5140625 0.23539518900343642 0.5125 0.23539518900343642 0.5046875 0.22852233676975947 0.50390625 0.22508591065292097 0.51171875 0.2302405498281787 0.5140625
0 0.24398625429553267 0.52109375 0.2525773195876289 0.5234375 0.2577319587628866 0.53046875 0.26460481099656363 0.5296875 0.2714776632302406 0.5328125 0.26975945017182135 0.5390625 0.27835051546391754 0.53984375 0.2852233676975945 0.54453125 0.29553264604810997 0.54453125 0.29896907216494845 0.55234375 0.3041237113402062 0.55 0.32130584192439865 0.55 0.32817869415807566 0.54296875 0.3436426116838488 0.53671875 0.359106529209622 0.53515625 0.3762886597938145 0.540625 0.38659793814432997 0.534375 0.39003436426116844 0.54140625 0.4209621993127148 0.54140625 0.41580756013745707 0.55 0.42783505154639184 0.553125 0.42783505154639184 0.56484375 0.43298969072164956 0.56015625 0.45017182130584193 0.56484375 0.4587628865979382 0.55625 0.4587628865979382 0.546875 0.4484536082474227 0.54765625 0.4450171821305842 0.54453125 0.4484536082474227 0.53515625 0.4587628865979382 0.53359375 0.45017182130584193 0.52890625 0.4518900343642612 0.51875 0.4450171821305842 0.515625 0.4518900343642612 0.49765625 0.4484536082474227 0.4953125 0.4398625429553265 0.49609375 0.43642611683848803 0.48671875 0.44158075601374575 0.48671875 0.44158075601374575 0.48359375 0.4175257731958763 0.47265625 0.41065292096219935 0.46484375 0.4020618556701031 0.46484375 0.39003436426116844 0.4703125 0.38316151202749144 0.4671875 0.365979381443299 0.47421875 0.3384879725085911 0.478125 0.3298969072164949 0.47578125 0.3264604810996564 0.478125 0.3195876288659794 0.47421875 0.30584192439862545 0.48515625 0.29896907216494845 0.4828125 0.2920962199312715 0.49375 0.2800687285223368 0.49453125 0.26460481099656363 0.503125 0.2525773195876289 0.50078125 0.2525773195876289 0.50625 0.24398625429553267 0.50546875 0.23883161512027495 0.5109375 0.24398625429553267 0.52109375
0 0.24742268041237114 0.4671875 0.24398625429553267 0.46484375 0.2405498281786942 0.46640625 0.24742268041237114 0.4671875
0 0.15463917525773196 0.40546875 0.15292096219931273 0.41796875 0.1597938144329897 0.42421875 0.16151202749140894 0.434375 0.17353951890034364 0.44296875 0.1752577319587629 0.4515625 0.2061855670103093 0.45703125 0.21305841924398625 0.45546875 0.22336769759450173 0.46328125 0.23539518900343642 0.4578125 0.24398625429553267 0.46171875 0.25429553264604815 0.46171875 0.25429553264604815 0.4671875 0.2628865979381444 0.47421875 0.27835051546391754 0.4640625 0.288659793814433 0.46796875 0.29381443298969073 0.4671875 0.29896907216494845 0.45234375 0.30584192439862545 0.453125 0.3230240549828179 0.44609375 0.3814432989690722 0.43828125 0.4123711340206186 0.43125 0.4123711340206186 0.4078125 0.4072164948453609 0.40390625 0.41924398625429554 0.38828125 0.4123711340206186 0.3765625 0.4209621993127148 0.36640625 0.4175257731958763 0.36328125 0.36769759450171824 0.365625 0.3350515463917526 0.37109375 0.31099656357388317 0.37109375 0.27835051546391754 0.378125 0.2577319587628866 0.378125 0.22852233676975947 0.384375 0.22336769759450173 0.39921875 0.211340206185567 0.39765625 0.20446735395189006 0.39375 0.1443298969072165 0.3890625 0.1443298969072165 0.40078125 0.15463917525773196 0.40546875
0 0.8659793814432991 0.4390625 0.879725085910653 0.446875 0.8900343642611684 0.42265625 0.8969072164948454 0.4171875 0.9020618556701031 0.39375 0.8917525773195877 0.390625 0.8917525773195877 0.39765625 0.88659793814433 0.4 0.8762886597938145 0.4 0.8711340206185568 0.3953125 0.845360824742268 0.396875 0.8402061855670103 0.41171875 0.8316151202749141 0.41484375 0.8298969072164949 0.44375 0.8659793814432991 0.4390625
0 0.3917525773195877 0.49921875 0.3470790378006873 0.5109375 0.3264604810996564 0.51015625 0.3075601374570447 0.521875 0.29037800687285226 0.525 0.26975945017182135 0.51640625 0.2508591065292097 0.51484375 0.24226804123711343 0.51015625 0.23195876288659795 0.51015625 0.21993127147766325 0.50546875 0.2061855670103093 0.50546875 0.2061855670103093 0.5171875 0.2405498281786942 0.5703125 0.24742268041237114 0.5703125 0.2560137457044674 0.56484375 0.26632302405498287 0.56640625 0.2766323024054983 0.55390625 0.29553264604810997 0.5640625 0.29553264604810997 0.57421875 0.302405498281787 0.578125 0.31099656357388317 0.58046875 0.3230240549828179 0.578125 0.3384879725085911 0.584375 0.35223367697594504 0.5703125 0.3625429553264605 0.57421875 0.3694158075601375 0.571875 0.3780068728522337 0.57421875 0.3969072164948454 0.56953125 0.4072164948453609 0.571875 0.41580756013745707 0.5671875 0.42783505154639184 0.56796875 0.43814432989690727 0.56484375 0.4518900343642612 0.56640625 0.4587628865979382 0.5609375 0.4604810996563574 0.55078125 0.4484536082474227 0.54453125 0.43814432989690727 0.51875 0.43298969072164956 0.5171875 0.4347079037800688 0.5078125 0.41580756013745707 0.49453125 0.41065292096219935 0.4984375 0.3917525773195877 0.49921875
0 0.718213058419244 0.4609375 0.7422680412371134 0.46328125 0.7646048109965636 0.4546875 0.7680412371134021 0.45 0.7749140893470792 0.45234375 0.8213058419243987 0.45 0.8350515463917526 0.44140625 0.8745704467353953 0.43671875 0.8934707903780069 0.41796875 0.9020618556701031 0.39375 0.8951890034364262 0.3890625 0.8745704467353953 0.390625 0.8694158075601376 0.39453125 0.8436426116838488 0.39296875 0.8350515463917526 0.4078125 0.8178694158075602 0.40546875 0.802405498281787 0.4 0.7852233676975946 0.40859375 0.7766323024054984 0.40859375 0.7680412371134021 0.4125 0.7542955326460482 0.409375 0.7491408934707905 0.4125 0.7302405498281788 0.41015625 0.7199312714776632 0.41484375 0.7130584192439863 0.4390625 0.718213058419244 0.4609375
0 0.9982817869415808 0.45390625 0.9982817869415808 0.4140625 0.9948453608247423 0.4109375 0.9845360824742269 0.4109375 0.9776632302405499 0.415625 0.9759450171821307 0.4375 0.9982817869415808 0.45390625
0 0.48797250859106533 0.33828125 0.47938144329896915 0.3359375 0.4742268041237113 0.33828125 0.48797250859106533 0.33828125
0 0.4776632302405499 0.3296875 0.4914089347079038 0.32734375 0.5017182130584193 0.3359375 0.5189003436426117 0.33203125 0.5687285223367697 0.33125 0.5807560137457045 0.32734375 0.6065292096219932 0.328125 0.6219931271477663 0.3234375 0.7233676975945018 0.3140625 0.7439862542955327 0.303125 0.7336769759450172 0.29921875 0.6735395189003437 0.29765625 0.5945017182130584 0.3046875 0.5824742268041238 0.3078125 0.49828178694158076 0.3125 0.4742268041237113 0.31640625 0.46219931271477666 0.32265625 0.4776632302405499 0.3296875
0 0.2484375 0.484375 0.0015625 0.00234375
0 0.38659793814432997 0.4703125 0.38316151202749144 0.46796875 0.3762886597938145 0.46875 0.372852233676976 0.4703125 0.38659793814432997 0.4703125
0 0.25 0.3890625 0.0015625 0.00234375
0 0.2577319587628866 0.38515625 0.2525773195876289 0.3828125 0.2508591065292097 0.38515625 0.2577319587628866 0.38515625
0 0.16151202749140894 0.4328125 0.1718213058419244 0.440625 0.1752577319587629 0.45234375 0.1907216494845361 0.459375 0.18213058419243988 0.46328125 0.19243986254295536 0.471875 0.20446735395189006 0.46953125 0.20790378006872853 0.465625 0.21477663230240554 0.46640625 0.2061855670103093 0.47734375 0.22680412371134023 0.46640625 0.25429553264604815 0.4765625 0.2525773195876289 0.4859375 0.25945017182130586 0.4890625 0.27835051546391754 0.4890625 0.2852233676975945 0.48203125 0.29381443298969073 0.48359375 0.2972508591065292 0.48828125 0.31099656357388317 0.484375 0.3195876288659794 0.48828125 0.33161512027491413 0.4765625 0.3505154639175258 0.47734375 0.3625429553264605 0.4734375 0.36426116838487976 0.46953125 0.3556701030927835 0.46640625 0.36769759450171824 0.45703125 0.3814432989690722 0.465625 0.3934707903780069 0.45625 0.40034364261168387 0.46171875 0.41065292096219935 0.4640625 0.4123711340206186 0.440625 0.4209621993127148 0.43046875 0.4209621993127148 0.42109375 0.4123711340206186 0.415625 0.4123711340206186 0.4078125 0.4072164948453609 0.4046875 0.4072164948453609 0.38671875 0.39518900343642616 0.37578125 0.3969072164948454 0.36640625 0.38487972508591073 0.365625 0.365979381443299 0.3703125 0.3195876288659794 0.37265625 0.3144329896907217 0.3796875 0.2852233676975945 0.3796875 0.2800687285223368 0.39296875 0.2611683848797251 0.3984375 0.2508591065292097 0.3984375 0.24742268041237114 0.4015625 0.21821305841924402 0.40390625 0.18728522336769762 0.39765625 0.16151202749140894 0.40234375 0.15635738831615123 0.41015625 0.16151202749140894 0.4328125
0 0.3247422680412372 0.59140625 0.3230240549828179 0.58671875 0.3195876288659794 0.58828125 0.3247422680412372 0.59140625
0 0.302405498281787 0.59453125 0.29553264604810997 0.58671875 0.2972508591065292 0.596875 0.302405498281787 0.59453125
0 0.23984375 0.4875 0.0015625 0.00078125
0 0.3814432989690722 0.46953125 0.365979381443299 0.47578125 0.3264604810996564 0.48125 0.3195876288659794 0.4859375 0.302405498281787 0.48515625 0.29896907216494845 0.4828125 0.29381443298969073 0.4921875 0.2766323024054983 0.49453125 0.26975945017182135 0.4984375 0.2508591065292097 0.49921875 0.24398625429553267 0.4953125 0.23711340206185566 0.49609375 0.22680412371134023 0.4921875 0.21649484536082478 0.48515625 0.19243986254295536 0.48359375 0.21993127147766325 0.5390625 0.22852233676975947 0.5421875 0.2302405498281787 0.5515625 0.24226804123711343 0.54869765625 0.24226804123711343 0.55703125 0.23367697594501718 0.55859375 0.23367697594501718 0.56171875 0.24398625429553267 0.57890625 0.2577319587628866 0.584375 0.25429553264604815 0.5890625 0.25945017182130586 0.5921875 0.25429553264604815 0.5953125 0.25945017182130586 0.5953125 0.27491408934707906 0.58203125 0.302405498281787 0.58203125 0.3075601374570447 0.58515625 0.3144329896907217 0.58359375 0.3144329896907217 0.5875 0.33333333333333337 0.5859375 0.3384879725085911 0.5953125 0.3505154639175258 0.6 0.3556701030927835 0.58671875 0.365979381443299 0.5875 0.3694158075601375 0.58515625 0.36426116838487976 0.58203125 0.38316151202749144 0.58359375 0.3814432989690722 0.59140625 0.38316151202749144 0.58828125 0.3917525773195877 0.5875 0.4020618556701031 0.58203125 0.4072164948453609 0.58671875 0.4175257731958763 0.5890625 0.41580756013745707 0.5875 0.4312714776632303 0.58125 0.4295532646048111 0.57734375 0.4398625429553265 0.5734375 0.4398625429553265 0.5671875 0.4484536082474227 0.56484375 0.43814432989690727 0.54375 0.43814432989690727 0.52421875 0.4312714776632303 0.521875 0.43642611683848803 0.50859375 0.4175257731958763 0.490625 0.41408934707903783 0.46875 0.4020618556701031 0.46640625 0.3917525773195877 0.471875 0.3814432989690722 0.46953125
0 0.6924398625429553 0.59140625 0.6975945017182131 0.59765625 0.7079037800687286 0.59921875 0.7697594501718215 0.571875 0.7903780068728523 0.5671875 0.8350515463917526 0.54609375 0.8419243986254296 0.540625 0.8470790378006873 0.5234375 0.8419243986254296 0.521875 0.8470790378006873 0.51796875 0.8384879725085911 0.5234375 0.816151202749141 0.5265625 0.7920962199312716 0.5484375 0.7869415807560138 0.5453125 0.7800687285223369 0.54765625 0.7714776632302407 0.5453125 0.7611683848797252 0.553125 0.7542955326460482 0.546875 0.7439862542955327 0.54609375 0.725085910652921 0.55234375 0.7130584192439863 0.56171875 0.7010309278350516 0.5640625 0.6924398625429553 0.57421875 0.6924398625429553 0.59140625
0 0.81796875 0.33125 0.003125 0.00078125
0 0.8487972508591065 0.3140625 0.8470790378006873 0.3109375 0.8436426116838488 0.31171875 0.8402061855670103 0.315625 0.8487972508591065 0.3140625
0 0.7164948453608248 0.396875 0.7233676975945018 0.415625 0.7164948453608248 0.43515625 0.718213058419244 0.46015625 0.7422680412371134 0.4640625 0.7577319587628867 0.4578125 0.7646048109965636 0.46015625 0.7680412371134021 0.45234375 0.7766323024054984 0.45546875 0.7886597938144331 0.45078125 0.8041237113402062 0.4546875 0.809278350515464 0.45 0.8264604810996564 0.4578125 0.8350515463917526 0.4515625 0.8316151202749141 0.44296875 0.8487972508591065 0.43984375 0.8745704467353953 0.44609375 0.8711340206185568 0.44375 0.879725085910653 0.44375 0.8831615120274915 0.4390625 0.8969072164948454 0.3984375 0.9072164948453609 0.38359375 0.9072164948453609 0.37109375 0.9175257731958764 0.359375 0.9209621993127148 0.340625 0.929553264604811 0.328125 0.9278350515463918 0.31484375 0.9003436426116839 0.3140625 0.9003436426116839 0.309375 0.8951890034364262 0.3109375 0.8986254295532646 0.31484375 0.8934707903780069 0.315625 0.88659793814433 0.3140625 0.88659793814433 0.31015625 0.8762886597938145 0.321875 0.8402061855670103 0.32421875 0.8384879725085911 0.33515625 0.8264604810996564 0.340625 0.7989690721649485 0.34375 0.7852233676975946 0.35 0.7714776632302407 0.3484375 0.7577319587628867 0.35390625 0.7439862542955327 0.353125 0.7336769759450172 0.35859375 0.731958762886598 0.378125 0.7164948453608248 0.396875
0 0.7199312714776632 0.4625 0.7336769759450172 0.4625 0.7405498281786942 0.465625 0.752577319587629 0.4578125 0.7680412371134021 0.453125 0.8075601374570448 0.4484375 0.8247422680412372 0.45078125 0.8178694158075602 0.4484375 0.8333333333333334 0.440625 0.8573883161512029 0.4359375 0.8728522336769761 0.4375 0.8831615120274915 0.43515625 0.8969072164948454 0.40546875 0.8969072164948454 0.39140625 0.879725085910653 0.38984375 0.845360824742268 0.39609375 0.8419243986254296 0.40390625 0.8316151202749141 0.4109375 0.8264604810996564 0.4109375 0.8144329896907218 0.40390625 0.802405498281787 0.40234375 0.7697594501718215 0.41328125 0.7302405498281788 0.4125 0.7199312714776632 0.41953125 0.7130584192439863 0.4328125 0.7130584192439863 0.45546875 0.7199312714776632 0.4625
0 0.802405498281787 0.32890625 0.8075601374570448 0.3203125 0.7989690721649485 0.31875 0.7938144329896908 0.321875 0.802405498281787 0.32890625
0 0.58515625 0.3109375 0.0015625 0.00078125
0 0.4690721649484536 0.3546875 0.4965635738831615 0.365625 0.5120274914089348 0.3640625 0.5257731958762888 0.37109375 0.534364261168385 0.3671875 0.5532646048109966 0.3734375 0.577319587628866 0.3671875 0.584192439862543 0.36953125 0.6065292096219932 0.36875 0.6168384879725086 0.36484375 0.6254295532646049 0.3671875 0.6340206185567011 0.365625 0.6460481099656358 0.3578125 0.6546391752577321 0.36015625 0.6649484536082475 0.35390625 0.6804123711340206 0.35703125 0.6872852233676976 0.353125 0.7010309278350516 0.3515625 0.7130584192439863 0.33984375 0.7199312714776632 0.34296875 0.7285223367697595 0.34296875 0.7577319587628867 0.3390625 0.7611683848797252 0.3421875 0.7663230240549829 0.33203125 0.7611683848797252 0.3234375 0.7542955326460482 0.3234375 0.745704467353952 0.3171875 0.745704467353952 0.31015625 0.7353951890034365 0.30703125 0.7233676975945018 0.31484375 0.7130584192439863 0.31328125 0.6701030927835052 0.31640625 0.6632302405498283 0.31953125 0.6237113402061857 0.32109375 0.6082474226804124 0.32578125 0.5945017182130584 0.31953125 0.5824742268041238 0.32578125 0.5670103092783505 0.3234375 0.563573883161512 0.328125 0.5532646048109966 0.3265625 0.5360824742268042 0.33203125 0.5120274914089348 0.33359375 0.49312714776632305 0.33984375 0.45704467353951894 0.3453125 0.4587628865979382 0.35859375 0.4690721649484536 0.3546875
0 0.7938144329896908 0.30859375 0.8041237113402062 0.315625 0.8109965635738833 0.30625 0.802405498281787 0.30546875 0.7869415807560138 0.3078125 0.7938144329896908 0.30859375
0 0.21993127147766325 0.44921875 0.23367697594501718 0.45078125 0.2457044673539519 0.45625 0.25429553264604815 0.45625 0.26632302405498287 0.45 0.26460481099656363 0.446875 0.25945017182130586 0.45234375 0.24742268041237114 0.44921875 0.2508591065292097 0.446875 0.2405498281786942 0.4484375 0.2216494845360825 0.44296875 0.2302405498281787 0.44921875 0.21993127147766325 0.44921875
0 0.16666666666666669 0.425 0.16666666666666669 0.428125 0.1718213058419244 0.42421875 0.18041237113402064 0.42890625 0.21477663230240554 0.43359375 0.2508591065292097 0.4453125 0.2766323024054983 0.43828125 0.29037800687285226 0.43828125 0.2920962199312715 0.4453125 0.302405498281787 0.4375 0.33161512027491413 0.440625 0.3556701030927835 0.43671875 0.3539518900343643 0.428125 0.36426116838487976 0.4265625 0.372852233676976 0.42109375 0.4089347079037801 0.41796875 0.4089347079037801 0.4140625 0.39862542955326463 0.4078125 0.40034364261168387 0.38671875 0.37457044673539525 0.39609375 0.35223367697594504 0.4 0.31099656357388317 0.396875 0.2920962199312715 0.40703125 0.281786941580756 0.40703125 0.27835051546391754 0.41015625 0.2577319587628866 0.4078125 0.25429553264604815 0.41328125 0.24742268041237114 0.4109375 0.24742268041237114 0.40703125 0.24226804123711343 0.4140625 0.21993127147766325 0.41484375 0.20962199312714777 0.4109375 0.211340206185567 0.4078125 0.19931271477663232 0.4046875 0.20103092783505155 0.40078125 0.18900343642611686 0.39921875 0.17869415807560138 0.40546875 0.16838487972508592 0.403125 0.15463917525773196 0.41015625 0.15292096219931273 0.41875 0.16666666666666669 0.425
0 0.4828178694158076 0.47890625 0.527491408934708 0.48828125 0.5532646048109966 0.4890625 0.563573883161512 0.49453125 0.577319587628866 0.49609375 0.5876288659793815 0.4890625 0.6099656357388317 0.48984375 0.6219931271477663 0.49296875 0.6443298969072165 0.48671875 0.6546391752577321 0.48828125 0.6563573883161513 0.4828125 0.6649484536082475 0.4859375 0.6752577319587629 0.4765625 0.6890034364261168 0.4734375 0.6958762886597938 0.4671875 0.7027491408934708 0.44609375 0.7027491408934708 0.4203125 0.6701030927835052 0.4203125 0.6563573883161513 0.42734375 0.6494845360824744 0.425 0.6408934707903781 0.425 0.6357388316151203 0.428125 0.6254295532646049 0.4265625 0.6116838487972509 0.43359375 0.604810996563574 0.43203125 0.6013745704467355 0.434375 0.5824742268041238 0.43515625 0.5584192439862543 0.434375 0.5446735395189004 0.428125 0.5 0.42109375 0.47938144329896915 0.42109375 0.4742268041237113 0.41875 0.46563573883161513 0.42109375 0.47079037800687284 0.47890625 0.4828178694158076 0.47890625
0 0.33125 0.490625 0.00703125 0.00078125
0 0.18041237113402064 0.46328125 0.18900343642611686 0.4671875 0.1941580756013746 0.4609375 0.20446735395189006 0.465625 0.20446735395189006 0.4734375 0.211340206185567 0.4765625 0.20446735395189006 0.478125 0.2061855670103093 0.4796875 0.21649484536082478 0.47578125 0.24742268041237114 0.4890625 0.25429553264604815 0.48828125 0.2680412371134021 0.49296875 0.29553264604810997 0.4921875 0.302405498281787 0.48828125 0.3230240549828179 0.48828125 0.33333333333333337 0.48046875 0.3780068728522337 0.4703125 0.3917525773195877 0.4703125 0.41065292096219935 0.4640625 0.41924398625429554 0.4578125 0.4175257731958763 0.42734375 0.4072164948453609 0.4234375 0.38487972508591073 0.428125 0.3780068728522337 0.43359375 0.36769759450171824 0.42734375 0.36769759450171824 0.43203125 0.34879725085910657 0.4359375 0.3470790378006873 0.44296875 0.33161512027491413 0.4390625 0.3384879725085911 0.43515625 0.3298969072164949 0.43984375 0.3075601374570447 0.440625 0.29553264604810997 0.44609375 0.29037800687285226 0.453125 0.281786941580756 0.44921875 0.27835051546391754 0.4421875 0.2680412371134021 0.4578125 0.23367697594501718 0.453125 0.23539518900343642 0.44921875 0.2302405498281787 0.44609375 0.21993127147766325 0.44921875 0.20962199312714777 0.44609375 0.20962199312714777 0.44140625 0.19931271477663232 0.4390625 0.19587628865979384 0.44453125 0.1907216494845361 0.4421875 0.18384879725085912 0.44375 0.1752577319587629 0.4484375 0.18041237113402064 0.46328125
0 0.20790378006872853 0.509375 0.24398625429553267 0.51484375 0.25945017182130586 0.521875 0.29896907216494845 0.5296875 0.3230240549828179 0.528125 0.3384879725085911 0.51328125 0.372852233676976 0.503125 0.4072164948453609 0.496875 0.4175257731958763 0.4890625 0.41580756013745707 0.46953125 0.41065292096219935 0.465625 0.35223367697594504 0.47578125 0.3264604810996564 0.48203125 0.32130584192439865 0.48671875 0.3075601374570447 0.48671875 0.29037800687285226 0.49453125 0.2731958762886598 0.49609375 0.23195876288659795 0.4890625 0.22336769759450173 0.48359375 0.2061855670103093 0.484375 0.19243986254295536 0.48203125 0.1907216494845361 0.49140625 0.20790378006872853 0.509375
0 0.55390625 0.52890625 0.0015625 0.003125
0 0.47594501718213056 0.521875 0.4828178694158076 0.51875 0.4965635738831615 0.51953125 0.5085910652920963 0.5125 0.5481099656357389 0.52109375 0.5670103092783505 0.5296875 0.577319587628866 0.52890625 0.604810996563574 0.5328125 0.6305841924398626 0.52265625 0.6391752577319588 0.5234375 0.6460481099656358 0.51953125 0.668384879725086 0.5171875 0.6735395189003437 0.5109375 0.6890034364261168 0.50546875 0.6975945017182131 0.4953125 0.7027491408934708 0.47421875 0.6958762886597938 0.45234375 0.6786941580756014 0.45546875 0.6666666666666667 0.453125 0.6580756013745706 0.45703125 0.6494845360824744 0.4546875 0.6494845360824744 0.459375 0.6374570446735396 0.4671875 0.6271477663230242 0.4625 0.6151202749140894 0.4625 0.5962199312714777 0.46953125 0.5859106529209622 0.46953125 0.5687285223367697 0.46328125 0.5738831615120275 0.4609375 0.5687285223367697 0.4546875 0.5567010309278351 0.45703125 0.5498281786941581 0.4625 0.5395189003436427 0.4625 0.5240549828178694 0.45859375 0.5120274914089348 0.45859375 0.4965635738831615 0.45078125 0.4862542955326461 0.45390625 0.4742268041237113 0.45 0.47079037800687284 0.45234375 0.47079037800687284 0.5140625 0.47594501718213056 0.521875
0 0.65625 0.4421875 0.003125 0.00078125
0 0.7147766323024055 0.4671875 0.718213058419244 0.4734375 0.7285223367697595 0.47734375 0.7371134020618557 0.47734375 0.7439862542955327 0.46640625 0.7646048109965636 0.46484375 0.79553264604811 0.45625 0.802405498281787 0.46015625 0.809278350515464 0.4546875 0.8213058419243987 0.4609375 0.8367697594501718 0.46015625 0.8659793814432991 0.45078125 0.8728522336769761 0.459375 0.8694158075601376 0.4546875 0.8762886597938145 0.45234375 0.8694158075601376 0.4515625 0.8831615120274915 0.44296875 0.8883161512027492 0.4234375 0.8951890034364262 0.41796875 0.8986254295532646 0.390625 0.88659793814433 0.3890625 0.8625429553264606 0.39375 0.845360824742268 0.39296875 0.8402061855670103 0.4046875 0.8264604810996564 0.4109375 0.802405498281787 0.40234375 0.7852233676975946 0.4109375 0.7766323024054984 0.4109375 0.7714776632302407 0.4140625 0.7302405498281788 0.41171875 0.7199312714776632 0.41953125 0.7130584192439863 0.4375 0.7147766323024055 0.4671875
0 0.6924398625429553 0.6015625 0.6993127147766324 0.6015625 0.7216494845360826 0.59609375 0.7577319587628867 0.5796875 0.7714776632302407 0.57109375 0.7714776632302407 0.56640625 0.7594501718213059 0.56171875 0.7508591065292097 0.5515625 0.731958762886598 0.55625 0.7216494845360826 0.5671875 0.7061855670103093 0.56875 0.6924398625429553 0.57421875 0.6907216494845361 0.59921875 0.6924398625429553 0.6015625
0 0.7130584192439863 0.4921875 0.7285223367697595 0.49296875 0.7130584192439863 0.50078125 0.7199312714776632 0.50234375 0.7302405498281788 0.4921875 0.738831615120275 0.49375 0.7646048109965636 0.4890625 0.7714776632302407 0.4828125 0.7817869415807561 0.484375 0.7869415807560138 0.47734375 0.7989690721649485 0.48125 0.8041237113402062 0.48671875 0.809278350515464 0.4828125 0.8195876288659795 0.484375 0.8178694158075602 0.48828125 0.8264604810996564 0.47265625 0.8625429553264606 0.47265625 0.8762886597938145 0.45625 0.8831615120274915 0.43359375 0.879725085910653 0.43125 0.8316151202749141 0.43671875 0.8178694158075602 0.434375 0.8109965635738833 0.4421875 0.7989690721649485 0.446875 0.7783505154639176 0.4484375 0.7714776632302407 0.45234375 0.7646048109965636 0.45078125 0.7611683848797252 0.453125 0.7542955326460482 0.44765625 0.7371134020618557 0.4515625 0.7302405498281788 0.44140625 0.7233676975945018 0.44140625 0.7096219931271478 0.4578125 0.7079037800687286 0.48046875 0.7130584192439863 0.4921875
0 0.26460481099656363 0.47421875 0.2680412371134021 0.4703125 0.25429553264604815 0.4671875 0.25429553264604815 0.47109375 0.26460481099656363 0.47421875
0 0.2920962199312715 0.46484375 0.29553264604810997 0.45625 0.288659793814433 0.4546875 0.28350515463917525 0.46171875 0.2920962199312715 0.46484375
0 0.378125 0.428125 0.003125 0.00078125
0 0.39609375 0.4140625 0.0015625 0.00078125
0 0.390625 0.4140625 0.0015625 0.0015625
0 0.39609375 0.4078125 0.0015625 0.00078125
0 0.390625 0.4046875 0.0015625 0.00234375
0 0.3969072164948454 0.38984375 0.3969072164948454 0.384375 0.3917525773195877 0.38671875 0.3969072164948454 0.38984375
0 0.42421875 0.36953125 0.003125 0.0015625
0 0.41065292096219935 0.37265625 0.4175257731958763 0.36953125 0.4072164948453609 0.36640625 0.4020618556701031 0.36953125 0.41065292096219935 0.37265625
0 0.36769759450171824 0.35546875 0.36426116838487976 0.35625 0.365979381443299 0.36015625 0.36769759450171824 0.35546875
0 0.14604810996563575 0.36796875 0.13917525773195877 0.3734375 0.13917525773195877 0.38046875 0.14604810996563575 0.38515625 0.14948453608247422 0.40078125 0.16151202749140894 0.40703125 0.15807560137457047 0.41484375 0.16494845360824745 0.42421875 0.1632302405498282 0.43203125 0.17869415807560138 0.440625 0.17697594501718214 0.44921875 0.20446735395189006 0.45703125 0.211340206185567 0.45390625 0.21477663230240554 0.45625 0.21305841924398625 0.4515625 0.23367697594501718 0.4515625 0.2508591065292097 0.459375 0.26460481099656363 0.446875 0.2714776632302406 0.45 0.2766323024054983 0.44296875 0.2920962199312715 0.44375 0.29553264604810997 0.43515625 0.302405498281787 0.43203125 0.3144329896907217 0.4328125 0.3247422680412372 0.4296875 0.3298969072164949 0.43359375 0.3384879725085911 0.43203125 0.34536082474226804 0.4359375 0.3556701030927835 0.43203125 0.3556701030927835 0.42109375 0.3711340206185567 0.41640625 0.3711340206185567 0.40078125 0.3608247422680413 0.39765625 0.372852233676976 0.39375 0.3780068728522337 0.3875 0.3694158075601375 0.3828125 0.3934707903780069 0.375 0.38659793814432997 0.37109375 0.3917525773195877 0.3671875 0.3780068728522337 0.36953125 0.38316151202749144 0.359375 0.3780068728522337 0.35625 0.38659793814432997 0.35390625 0.3883161512027492 0.34765625 0.4123711340206186 0.34921875 0.4123711340206186 0.3453125 0.4037800687285224 0.346875 0.4037800687285224 0.34453125 0.4209621993127148 0.3359375 0.4347079037800688 0.3359375 0.44158075601374575 0.3421875 0.4484536082474227 0.3359375 0.4450171821305842 0.33046875 0.4604810996563574 0.32421875 0.42439862542955326 0.32421875 0.4209621993127148 0.32890625 0.4175257731958763 0.325 0.38659793814432997 0.33125 0.3694158075601375 0.33125 0.35738831615120276 0.34375 0.34879725085910657 0.34140625 0.3470790378006873 0.334375 0.30068728522336774 0.33515625 0.2628865979381444 0.3421875 0.24398625429553267 0.340625 0.22680412371134023 0.34453125 0.17353951890034364 0.34453125 0.16494845360824745 0.34765625 0.13745704467353953 0.3484375 0.13402061855670105 0.35546875 0.12714776632302408 0.35625 0.12542955326460484 0.3625 0.14604810996563575 0.36796875
0 0.5481099656357389 0.3171875 0.5463917525773196 0.3140625 0.5429553264604812 0.3171875 0.5395189003436427 0.315625 0.5395189003436427 0.31953125 0.5481099656357389 0.3171875
0 0.62265625 0.31328125 0.00546875 0.0015625
0 0.6151202749140894 0.3171875 0.6116838487972509 0.31171875 0.6082474226804124 0.31875 0.6151202749140894 0.3171875
0 0.70390625 0.30625 0.0015625 0.0015625
0 0.26460481099656363 0.61640625 0.34536082474226804 0.646875 0.35738831615120276 0.646875 0.38316151202749144 0.63984375 0.4312714776632303 0.6234375 0.4587628865979382 0.609375 0.4347079037800688 0.6015625 0.4312714776632303 0.5953125 0.41924398625429554 0.5953125 0.359106529209622 0.6125 0.3470790378006873 0.61953125 0.31615120274914094 0.61328125 0.30584192439862545 0.6046875 0.29381443298969073 0.6015625 0.2560137457044674 0.5984375 0.25429553264604815 0.60390625 0.26460481099656363 0.61640625
0 0.9312714776632303 0.5515625 0.9518900343642611 0.56328125 0.9725085910652922 0.56640625 0.993127147766323 0.56484375 0.9982817869415808 0.55703125 0.9982817869415808 0.53515625 0.993127147766323 0.52578125 0.9828178694158076 0.525 0.9690721649484537 0.51875 0.9501718213058419 0.51953125 0.9450171821305842 0.51484375 0.9381443298969072 0.51640625 0.9312714776632303 0.5140625 0.9209621993127148 0.52265625 0.9140893470790379 0.5390625 0.9140893470790379 0.54921875 0.9312714776632303 0.5515625
0 0.6597938144329898 0.34921875 0.6597938144329898 0.3453125 0.6477663230240551 0.3484375 0.6597938144329898 0.34921875
0 0.13917525773195877 0.36875 0.13745704467353953 0.38125 0.1512027491408935 0.3875 0.18041237113402064 0.38984375 0.18556701030927836 0.3875 0.19587628865979384 0.39375 0.20446735395189006 0.39140625 0.22336769759450173 0.3984375 0.23195876288659795 0.384375 0.2457044673539519 0.3796875 0.2628865979381444 0.378125 0.25945017182130586 0.390625 0.26460481099656363 0.39140625 0.2680412371134021 0.37890625 0.27835051546391754 0.37890625 0.2852233676975945 0.375 0.2920962199312715 0.3765625 0.2972508591065292 0.371875 0.3195876288659794 0.36640625 0.3505154639175258 0.36640625 0.3883161512027492 0.36015625 0.3969072164948454 0.36171875 0.4175257731958763 0.35703125 0.422680412371134 0.353125 0.4347079037800688 0.35546875 0.44158075601374575 0.34765625 0.45360824742268047 0.34609375 0.45704467353951894 0.34921875 0.47594501718213056 0.3421875 0.48797250859106533 0.34296875 0.4896907216494846 0.35234375 0.4896907216494846 0.34375 0.5 0.3421875 0.5120274914089348 0.3359375 0.5395189003436427 0.33359375 0.563573883161512 0.33671875 0.5532646048109966 0.35546875 0.5652920962199313 0.36640625 0.5721649484536082 0.3671875 0.5807560137457045 0.3625 0.5979381443298969 0.36171875 0.5979381443298969 0.35625 0.604810996563574 0.35390625 0.6116838487972509 0.35859375 0.6340206185567011 0.35234375 0.6408934707903781 0.33125 0.6512027491408936 0.321875 0.661512027491409 0.325 0.6735395189003437 0.3234375 0.6769759450171822 0.33828125 0.6666666666666667 0.3453125 0.668384879725086 0.34765625 0.6786941580756014 0.34765625 0.6838487972508591 0.34453125 0.6890034364261168 0.3484375 0.711340206185567 0.3390625 0.7199312714776632 0.3421875 0.7508591065292097 0.3421875 0.7714776632302407 0.33984375 0.7766323024054984 0.33671875 0.7852233676975946 0.33984375 0.7989690721649485 0.33828125 0.8178694158075602 0.3296875 0.8213058419243987 0.33046875 0.8264604810996564 0.321875 0.8316151202749141 0.32421875 0.8694158075601376 0.32421875 0.8917525773195877 0.3203125 0.8969072164948454 0.31328125 0.8848797250859107 0.3109375 0.8883161512027492 0.30703125 0.8539518900343642 0.30703125 0.8470790378006873 0.31015625 0.8041237113402062 0.30390625 0.7749140893470792 0.31015625 0.7680412371134021 0.3171875 0.7697594501718215 0.321875 0.7611683848797252 0.32265625 0.7336769759450172 0.30234375 0.7079037800687286 0.30234375 0.6993127147766324 0.30546875 0.6821305841924399 0.30390625 0.6735395189003437 0.30859375 0.6580756013745706 0.309375 0.6477663230240551 0.30703125 0.6477663230240551 0.30390625 0.6357388316151203 0.303125 0.6323024054982819 0.30546875 0.6288659793814434 0.30390625 0.6288659793814434 0.30859375 0.6219931271477663 0.3078125 0.6151202749140894 0.31171875 0.6082474226804124 0.3078125 0.5910652920962199 0.30703125 0.5756013745704468 0.31015625 0.5378006872852235 0.3109375 0.534364261168385 0.31328125 0.4965635738831615 0.3140625 0.4862542955326461 0.31796875 0.48797250859106533 0.3203125 0.47938144329896915 0.321875 0.4450171821305842 0.32109375 0.4347079037800688 0.32421875 0.4123711340206186 0.32421875 0.365979381443299 0.33125 0.3264604810996564 0.33125 0.31271477663230246 0.334375 0.2920962199312715 0.334375 0.27835051546391754 0.33828125 0.23711340206185566 0.33828125 0.22336769759450173 0.34296875 0.1443298969072165 0.34609375 0.12542955326460484 0.3546875 0.12371134020618557 0.36328125 0.13917525773195877 0.36875
0 0.13984375 0.3796875 0.0015625 0.00078125
0 0.14776632302405499 0.37421875 0.14604810996563575 0.37109375 0.140893470790378 0.37421875 0.14776632302405499 0.37421875
0 0.13745704467353953 0.36328125 0.14776632302405499 0.36015625 0.14261168384879724 0.3578125 0.14776632302405499 0.35703125 0.14604810996563575 0.35078125 0.13402061855670105 0.359375 0.13745704467353953 0.36328125
0 0.140893470790378 0.35390625 0.13745704467353953 0.35078125 0.1357388316151203 0.353125 0.140893470790378 0.35390625
0 0.17697594501718214 0.36015625 0.16666666666666669 0.35546875 0.1632302405498282 0.3578125 0.15292096219931273 0.35703125 0.15292096219931273 0.36171875 0.17353951890034364 0.3671875 0.18384879725085912 0.36640625 0.19759450171821308 0.37265625 0.20274914089347082 0.36875 0.19243986254295536 0.36015625 0.19759450171821308 0.35546875 0.19243986254295536 0.353125 0.19587628865979384 0.34921875 0.18384879725085912 0.359375 0.17697594501718214 0.36015625
0 0.41065292096219935 0.35234375 0.41065292096219935 0.34609375 0.40549828178694164 0.34609375 0.4037800687285224 0.34921875 0.41065292096219935 0.35234375
0 0.21649484536082478 0.34765625 0.21821305841924402 0.3453125 0.21305841924398625 0.34453125 0.20790378006872853 0.3453125 0.21649484536082478 0.34765625
0 0.15807560137457047 0.40546875 0.16151202749140894 0.4328125 0.1718213058419244 0.440625 0.17869415807560138 0.4625 0.18728522336769762 0.46875 0.1941580756013746 0.490625 0.20962199312714777 0.509375 0.23367697594501718 0.5140625 0.2405498281786942 0.5109375 0.2525773195876289 0.51875 0.25429553264604815 0.52734375 0.2869415807560137 0.52578125 0.2852233676975945 0.5359375 0.288659793814433 0.5328125 0.302405498281787 0.5328125 0.29553264604810997 0.53203125 0.3041237113402062 0.52734375 0.3178694158075602 0.52890625 0.3298969072164949 0.52421875 0.33676975945017185 0.52890625 0.3556701030927835 0.52890625 0.3556701030927835 0.52109375 0.3762886597938145 0.51953125 0.372852233676976 0.51484375 0.38316151202749144 0.515625 0.3969072164948454 0.49765625 0.4072164948453609 0.4921875 0.4175257731958763 0.49296875 0.41924398625429554 0.490625 0.41580756013745707 0.4671875 0.422680412371134 0.4609375 0.4261168384879725 0.44765625 0.41408934707903783 0.44140625 0.422680412371134 0.4328125 0.42439862542955326 0.40703125 0.4072164948453609 0.40390625 0.41065292096219935 0.3984375 0.4261168384879725 0.39375 0.42439862542955326 0.365625 0.4020618556701031 0.3609375 0.40549828178694164 0.35859375 0.3934707903780069 0.3515625 0.3934707903780069 0.346875 0.3780068728522337 0.3421875 0.3762886597938145 0.33828125 0.3711340206185567 0.340625 0.37457044673539525 0.34921875 0.3608247422680413 0.35703125 0.3539518900343643 0.35546875 0.3539518900343643 0.3453125 0.3384879725085911 0.34453125 0.33333333333333337 0.346875 0.32130584192439865 0.3359375 0.2800687285223368 0.33828125 0.2731958762886598 0.340625 0.2680412371134021 0.36171875 0.2508591065292097 0.35390625 0.22852233676975947 0.359375 0.22336769759450173 0.35625 0.22336769759450173 0.3671875 0.211340206185567 0.36875 0.20962199312714777 0.37890625 0.19759450171821308 0.38125 0.18556701030927836 0.37578125 0.18041237113402064 0.38515625 0.17010309278350516 0.3828125 0.17697594501718214 0.3859375 0.16666666666666669 0.390625 0.14604810996563575 0.38828125 0.14604810996563575 0.39765625 0.15807560137457047 0.40546875
0 0.48797250859106533 0.33828125 0.4776632302405499 0.33515625 0.4742268041237113 0.33828125 0.48797250859106533 0.33828125
0 0.4690721649484536 0.325 0.47938144329896915 0.3328125 0.4914089347079038 0.328125 0.5017182130584193 0.3359375 0.5171821305841925 0.33203125 0.563573883161512 0.33203125 0.5807560137457045 0.32734375 0.6151202749140894 0.32734375 0.6219931271477663 0.3234375 0.7233676975945018 0.3140625 0.7439862542955327 0.303125 0.7336769759450172 0.29921875 0.6735395189003437 0.29765625 0.5927835051546392 0.3046875 0.5807560137457045 0.3078125 0.49828178694158076 0.3125 0.4604810996563574 0.32109375 0.4587628865979382 0.325 0.4690721649484536 0.325
0 0.23367697594501718 0.56484375 0.2457044673539519 0.5734375 0.2457044673539519 0.57734375 0.2508591065292097 0.5765625 0.2611683848797251 0.58359375 0.2852233676975945 0.5890625 0.31615120274914094 0.60078125 0.3298969072164949 0.59765625 0.3350515463917526 0.59921875 0.3539518900343643 0.590625 0.365979381443299 0.59140625 0.365979381443299 0.58828125 0.37972508591065296 0.58359375 0.3917525773195877 0.5875 0.40034364261168387 0.5859375 0.4037800687285224 0.5890625 0.4175257731958763 0.58828125 0.4209621993127148 0.58046875 0.44673539518900346 0.57890625 0.43814432989690727 0.54609375 0.42439862542955326 0.5421875 0.42439862542955326 0.53828125 0.4175257731958763 0.53828125 0.41065292096219935 0.54140625 0.41065292096219935 0.54609375 0.3934707903780069 0.55234375 0.38659793814432997 0.553125 0.38316151202749144 0.54921875 0.359106529209622 0.5609375 0.3195876288659794 0.56328125 0.3144329896907217 0.56640625 0.29037800687285226 0.55859375 0.27835051546391754 0.5625 0.2628865979381444 0.55859375 0.2577319587628866 0.55390625 0.2405498281786942 0.55390625 0.23367697594501718 0.5546875 0.23367697594501718 0.56484375
0 0.2869415807560137 0.42578125 0.288659793814433 0.421875 0.281786941580756 0.4203125 0.2800687285223368 0.425 0.2869415807560137 0.42578125
0 0.34140625 0.41171875 0.0015625 0.0015625
0 0.1718213058419244 0.44140625 0.17353951890034364 0.45078125 0.20274914089347082 0.45625 0.26460481099656363 0.4765625 0.3041237113402062 0.4703125 0.31615120274914094 0.4640625 0.33161512027491413 0.465625 0.33676975945017185 0.46328125 0.3384879725085911 0.44921875 0.34536082474226804 0.44609375 0.3608247422680413 0.446875 0.3694158075601375 0.44140625 0.37972508591065296 0.44140625 0.38659793814432997 0.4453125 0.3969072164948454 0.44609375 0.3934707903780069 0.4421875 0.40034364261168387 0.43984375 0.41065292096219935 0.440625 0.4209621993127148 0.428125 0.40034364261168387 0.403125 0.3883161512027492 0.403125 0.37972508591065296 0.41171875 0.372852233676976 0.40703125 0.36426116838487976 0.40703125 0.36426116838487976 0.41171875 0.34879725085910657 0.4140625 0.35223367697594504 0.41796875 0.3384879725085911 0.42421875 0.3264604810996564 0.4234375 0.3264604810996564 0.41484375 0.31615120274914094 0.4140625 0.30584192439862545 0.41796875 0.31615120274914094 0.4203125 0.3144329896907217 0.425 0.3041237113402062 0.42734375 0.29896907216494845 0.42421875 0.2920962199312715 0.425 0.2920962199312715 0.421875 0.288659793814433 0.4296875 0.281786941580756 0.43203125 0.23367697594501718 0.428125 0.23195876288659795 0.43203125 0.2216494845360825 0.434375 0.21477663230240554 0.43046875 0.1907216494845361 0.4265625 0.17353951890034364 0.41875 0.16151202749140894 0.42109375 0.16151202749140894 0.4328125 0.1718213058419244 0.44140625
0 0.9484536082474226 0.47109375 0.9484536082474226 0.48125 0.9587628865979383 0.4796875 0.9725085910652922 0.49453125 0.9914089347079038 0.4984375 0.9982817869415808 0.4828125 0.9982817869415808 0.44921875 0.9776632302405499 0.43125 0.9604810996563575 0.44765625 0.9587628865979383 0.46015625 0.9484536082474226 0.47109375
0 0.19243986254295536 0.484375 0.2061855670103093 0.48671875 0.1941580756013746 0.49140625 0.21305841924398625 0.52265625 0.2302405498281787 0.52421875 0.2405498281786942 0.5203125 0.25429553264604815 0.5296875 0.2714776632302406 0.53046875 0.2852233676975945 0.53828125 0.29553264604810997 0.53984375 0.29896907216494845 0.54453125 0.31271477663230246 0.54296875 0.3178694158075602 0.53828125 0.34536082474226804 0.53125 0.37457044673539525 0.53046875 0.38487972508591073 0.51953125 0.3934707903780069 0.51875 0.3969072164948454 0.515625 0.4209621993127148 0.51640625 0.42783505154639184 0.5140625 0.43298969072164956 0.5046875 0.41924398625429554 0.490625 0.41065292096219935 0.46796875 0.4072164948453609 0.46953125 0.4037800687285224 0.4671875 0.3969072164948454 0.47421875 0.3762886597938145 0.47265625 0.34879725085910657 0.48046875 0.3264604810996564 0.4828125 0.3178694158075602 0.48984375 0.31099656357388317 0.4859375 0.30584192439862545 0.48671875 0.2920962199312715 0.496875 0.2800687285223368 0.4953125 0.27835051546391754 0.5046875 0.27491408934707906 0.50234375 0.2508591065292097 0.5 0.22508591065292097 0.4890625 0.21993127147766325 0.48125 0.20962199312714777 0.48671875 0.19243986254295536 0.484375
0 0.75625 0.3171875 0.003125 0.00078125
0 0.7233676975945018 0.40078125 0.7353951890034365 0.4078125 0.7491408934707905 0.4109375 0.7646048109965636 0.41171875 0.7989690721649485 0.4 0.8178694158075602 0.40390625 0.8247422680412372 0.40234375 0.8333333333333334 0.40546875 0.8402061855670103 0.3890625 0.8470790378006873 0.384375 0.8573883161512029 0.38984375 0.88659793814433 0.38515625 0.9003436426116839 0.3890625 0.9054982817869417 0.37265625 0.9158075601374571 0.36484375 0.9209621993127148 0.34296875 0.929553264604811 0.33515625 0.9312714776632303 0.31484375 0.9192439862542956 0.31328125 0.9072164948453609 0.30703125 0.8951890034364262 0.309375 0.8831615120274915 0.30703125 0.879725085910653 0.315625 0.8642611683848799 0.31796875 0.8625429553264606 0.31328125 0.8487972508591065 0.309375 0.8316151202749141 0.30625 0.8144329896907218 0.3078125 0.809278350515464 0.3140625 0.816151202749141 0.3171875 0.8109965635738833 0.31953125 0.7886597938144331 0.31953125 0.7835051546391754 0.321875 0.7749140893470792 0.31953125 0.7766323024054984 0.32109375 0.7577319587628867 0.3265625 0.7577319587628867 0.3296875 0.7663230240549829 0.3296875 0.7714776632302407 0.3328125 0.7628865979381444 0.3375 0.7474226804123713 0.33984375 0.7439862542955327 0.34921875 0.7302405498281788 0.35859375 0.725085910652921 0.37265625 0.7285223367697595 0.39609375 0.7233676975945018 0.40078125
0 0.7439862542955327 0.39140625 0.7542955326460482 0.3875 0.7646048109965636 0.38828125 0.7731958762886599 0.384375 0.8041237113402062 0.37890625 0.8041237113402062 0.38671875 0.8127147766323025 0.3875 0.8178694158075602 0.3953125 0.8213058419243987 0.39140625 0.8505154639175257 0.38046875 0.8625429553264606 0.3859375 0.8951890034364262 0.3828125 0.9175257731958764 0.3609375 0.9209621993127148 0.34390624999999997 0.9158075601374571 0.340625 0.9209621993127148 0.33968750000000003 0.9209621993127148 0.33546875 0.9158075601374571 0.33359375 0.9209621993127148 0.33125 0.8659793814432991 0.34140625 0.8608247422680414 0.33671875 0.8470790378006873 0.33671875 0.8247422680412372 0.34375 0.7749140893470792 0.3515625 0.7731958762886599 0.35546875 0.7474226804123713 0.353125 0.731958762886598 0.36484375 0.7302405498281788 0.38359375 0.7439862542955327 0.39140625
0 0.9106529209621994 0.57890625 0.9243986254295533 0.5796875 0.9381443298969072 0.58828125 0.9415807560137457 0.5859375 0.9450171821305842 0.58828125 0.9518900343642611 0.58671875 0.9587628865979383 0.58984375 0.9690721649484537 0.5890625 0.9793814432989691 0.5921875 0.9982817869415808 0.59140625 0.9982817869415808 0.5515625 0.9948453608247423 0.54921875 0.9776632302405499 0.55078125 0.9725085910652922 0.54609375 0.957044673539519 0.54375 0.9501718213058419 0.5359375 0.936426116838488 0.53203125 0.9312714776632303 0.52578125 0.9243986254295533 0.5265625 0.9175257731958764 0.5328125 0.9003436426116839 0.55859375 0.8986254295532646 0.56875 0.9106529209621994 0.57890625
0 0.4725085910652921 0.47578125 0.5189003436426117 0.48515625 0.5326460481099657 0.484375 0.5584192439862543 0.4875 0.563573883161512 0.484375 0.577319587628866 0.4890625 0.6168384879725086 0.48828125 0.6202749140893471 0.490625 0.6408934707903781 0.478125 0.6666666666666667 0.48125 0.661512027491409 0.4765625 0.668384879725086 0.47421875 0.668384879725086 0.4703125 0.6786941580756014 0.46796875 0.6769759450171822 0.4625 0.6975945017182131 0.46015625 0.7044673539518901 0.446875 0.7044673539518901 0.43203125 0.6993127147766324 0.4296875 0.6872852233676976 0.4296875 0.6838487972508591 0.4328125 0.6391752577319588 0.44296875 0.6288659793814434 0.440625 0.6254295532646049 0.44609375 0.6116838487972509 0.44296875 0.6134020618556701 0.4453125 0.5996563573883162 0.45234375 0.577319587628866 0.4515625 0.5584192439862543 0.446875 0.5601374570446735 0.43515625 0.5498281786941581 0.43671875 0.5481099656357389 0.44296875 0.5395189003436427 0.44609375 0.5292096219931273 0.4375 0.5189003436426117 0.4375 0.513745704467354 0.434375 0.5 0.43828125 0.4862542955326461 0.434375 0.4690721649484536 0.43359375 0.46735395189003437 0.4671875 0.4725085910652921 0.47578125
0 0.4914089347079038 0.61640625 0.5945017182130584 0.646875 0.6082474226804124 0.64453125 0.6597938144329898 0.6203125 0.6786941580756014 0.60625 0.6735395189003437 0.5953125 0.6666666666666667 0.59296875 0.6477663230240551 0.59375 0.6254295532646049 0.61015625 0.5876288659793815 0.60859375 0.5807560137457045 0.6109375 0.5670103092783505 0.60390625 0.5584192439862543 0.60546875 0.5463917525773196 0.60234375 0.5257731958762888 0.5875 0.5189003436426117 0.59296875 0.5017182130584193 0.5921875 0.48453608247422686 0.5984375 0.4828178694158076 0.61171875 0.4914089347079038 0.61640625
0 0.8195876288659795 0.4203125 0.8178694158075602 0.42265625 0.8230240549828179 0.4234375 0.8298969072164949 0.4390625 0.8487972508591065 0.43828125 0.8659793814432991 0.43359375 0.8762886597938145 0.434375 0.8831615120274915 0.42890625 0.8848797250859107 0.41796875 0.8917525773195877 0.41875 0.8951890034364262 0.41484375 0.9020618556701031 0.3953125 0.8986254295532646 0.3875 0.8831615120274915 0.38671875 0.8591065292096222 0.39140625 0.8505154639175257 0.38984375 0.8402061855670103 0.39609375 0.8384879725085911 0.4046875 0.8195876288659795 0.409375 0.8127147766323025 0.41640625 0.8195876288659795 0.4203125
0 0.5601374570446735 0.59609375 0.563573883161512 0.59296875 0.5601374570446735 0.5921875 0.5601374570446735 0.59609375
0 0.4776632302405499 0.540625 0.4776632302405499 0.5578125 0.48797250859106533 0.56015625 0.48797250859106533 0.5625 0.4776632302405499 0.5640625 0.48797250859106533 0.56484375 0.4776632302405499 0.56953125 0.4828178694158076 0.57734375 0.5051546391752578 0.57734375 0.5068728522336771 0.58046875 0.5189003436426117 0.58359375 0.5292096219931273 0.58203125 0.5326460481099657 0.5875 0.5412371134020619 0.5890625 0.5463917525773196 0.58828125 0.5429553264604812 0.58125 0.570446735395189 0.57890625 0.577319587628866 0.58125 0.5738831615120275 0.59140625 0.5876288659793815 0.5890625 0.5945017182130584 0.5953125 0.6013745704467355 0.59453125 0.6082474226804124 0.59921875 0.6357388316151203 0.57890625 0.6563573883161513 0.578125 0.6735395189003437 0.58359375 0.6821305841924399 0.57734375 0.6821305841924399 0.56328125 0.6924398625429553 0.53671875 0.6890034364261168 0.50651015625 0.6821305841924399 0.50234375 0.6907216494845361 0.50078125 0.6924398625429553 0.49140625 0.6821305841924399 0.496875 0.6597938144329898 0.496875 0.6426116838487973 0.5046875 0.6134020618556701 0.5109375 0.6013745704467355 0.5203125 0.5910652920962199 0.50859375 0.584192439862543 0.50859375 0.577319587628866 0.51484375 0.5687285223367697 0.51640625 0.5498281786941581 0.50859375 0.5498281786941581 0.50546875 0.5395189003436427 0.50546875 0.5326460481099657 0.509375 0.5120274914089348 0.50390625 0.4896907216494846 0.50390625 0.4776632302405499 0.4984375 0.4742268041237113 0.50078125 0.4725085910652921 0.5328125 0.4776632302405499 0.540625
0 0.4828178694158076 0.48125 0.5 0.48125 0.520618556701031 0.4875 0.5309278350515465 0.4859375 0.5429553264604812 0.490625 0.5515463917525774 0.4890625 0.5584192439862543 0.4921875 0.563573883161512 0.48515625 0.570446735395189 0.4890625 0.5738831615120275 0.48671875 0.577319587628866 0.49140625 0.5807560137457045 0.48828125 0.5910652920962199 0.48671875 0.604810996563574 0.4890625 0.6185567010309279 0.48359375 0.6254295532646049 0.4890625 0.6271477663230242 0.484375 0.6426116838487973 0.478125 0.668384879725086 0.4859375 0.6752577319587629 0.48125 0.6580756013745706 0.4796875 0.6546391752577321 0.4734375 0.6752577319587629 0.47421875 0.6735395189003437 0.4703125 0.6821305841924399 0.4671875 0.6924398625429553 0.4703125 0.6907216494845361 0.4625 0.7010309278350516 0.459375 0.7061855670103093 0.434375 0.6993127147766324 0.42890625 0.6855670103092784 0.42734375 0.6752577319587629 0.43125 0.6735395189003437 0.428125 0.6649484536082475 0.43203125 0.668384879725086 0.43515625 0.6512027491408936 0.43984375 0.6357388316151203 0.440625 0.6271477663230242 0.4359375 0.6151202749140894 0.4359375 0.6013745704467355 0.44140625 0.5876288659793815 0.4390625 0.5876288659793815 0.44296875 0.5738831615120275 0.44453125 0.5687285223367697 0.44453125 0.5687285223367697 0.44140625 0.5756013745704468 0.43515625 0.5670103092783505 0.43828125 0.5652920962199313 0.43515625 0.5549828178694158 0.43515625 0.5429553264604812 0.42890625 0.527491408934708 0.428125 0.520618556701031 0.425 0.4862542955326461 0.421875 0.47938144329896915 0.4296875 0.47594501718213056 0.42734375 0.47079037800687284 0.43046875 0.46735395189003437 0.42890625 0.46735395189003437 0.478125 0.4828178694158076 0.48125
0 0.4862542955326461 0.54609375 0.49312714776632305 0.54765625 0.49828178694158076 0.54453125 0.5051546391752578 0.546875 0.520618556701031 0.54453125 0.5257731958762888 0.55234375 0.5378006872852235 0.55859375 0.5652920962199313 0.559375 0.5807560137457045 0.56640625 0.584192439862543 0.5640625 0.5910652920962199 0.565625 0.5945017182130584 0.5703125 0.6082474226804124 0.56875 0.6099656357388317 0.57109375 0.6134020618556701 0.56171875 0.6288659793814434 0.55859375 0.6323024054982819 0.54765625 0.6735395189003437 0.55078125 0.6872852233676976 0.54296875 0.6975945017182131 0.49765625 0.6907216494845361 0.4875 0.6494845360824744 0.49765625 0.6408934707903781 0.50234375 0.6202749140893471 0.5046875 0.6151202749140894 0.509375 0.6013745704467355 0.51171875 0.584192439862543 0.50625 0.5687285223367697 0.5125 0.5429553264604812 0.50234375 0.534364261168385 0.50546875 0.527491408934708 0.50390625 0.5189003436426117 0.49765625 0.5154639175257733 0.5 0.5017182130584193 0.49921875 0.49312714776632305 0.50234375 0.4862542955326461 0.49765625 0.47594501718213056 0.49765625 0.4725085910652921 0.5 0.4725085910652921 0.53203125 0.4862542955326461 0.54609375
0 0.22336769759450173 0.3921875 0.21993127147766325 0.3875 0.21821305841924402 0.390625 0.22336769759450173 0.3921875
0 0.175 0.3828125 0.003125 0.00078125
0 0.14261168384879724 0.36953125 0.14604810996563575 0.3734375 0.140893470790378 0.3796875 0.15292096219931273 0.38671875 0.16151202749140894 0.384375 0.1632302405498282 0.37578125 0.18041237113402064 0.37890625 0.1907216494845361 0.37734375 0.19587628865979384 0.38046875 0.22336769759450173 0.3828125 0.2525773195876289 0.378125 0.25945017182130586 0.37421875 0.27835051546391754 0.3765625 0.3178694158075602 0.36328125 0.35223367697594504 0.365625 0.3883161512027492 0.359375 0.3969072164948454 0.3609375 0.4209621993127148 0.35546875 0.43642611683848803 0.35625 0.4398625429553265 0.34921875 0.4690721649484536 0.3390625 0.49312714776632305 0.33828125 0.513745704467354 0.3328125 0.5429553264604812 0.32890625 0.5670103092783505 0.32890625 0.5945017182130584 0.3234375 0.6082474226804124 0.32578125 0.6185567010309279 0.321875 0.6391752577319588 0.32109375 0.6546391752577321 0.3171875 0.7164948453608248 0.31328125 0.7405498281786942 0.303125 0.7336769759450172 0.3 0.6752577319587629 0.2984375 0.5927835051546392 0.30625 0.584192439862543 0.309375 0.5 0.3125 0.4639175257731959 0.3203125 0.44158075601374575 0.3203125 0.39003436426116844 0.32734375 0.3780068728522337 0.3265625 0.36426116838487976 0.33046875 0.32817869415807566 0.33046875 0.3144329896907217 0.33359375 0.288659793814433 0.334375 0.2800687285223368 0.3375 0.23367697594501718 0.33828125 0.22336769759450173 0.3421875 0.19243986254295536 0.34453125 0.17353951890034364 0.34296875 0.16494845360824745 0.3453125 0.1443298969072165 0.3453125 0.12371134020618557 0.35546875 0.12199312714776633 0.3625 0.14261168384879724 0.36953125
0 0.99765625 0.4796875 0.0015625 0.00078125
0 0.9604810996563575 0.46484375 0.9742268041237114 0.46171875 0.9776632302405499 0.4671875 0.993127147766323 0.47109375 0.9982817869415808 0.46796875 0.9982817869415808 0.4140625 0.9914089347079038 0.4109375 0.9828178694158076 0.41171875 0.9759450171821307 0.4171875 0.9759450171821307 0.4296875 0.9604810996563575 0.4484375 0.9656357388316152 0.4578125 0.9604810996563575 0.46484375
0 0.58125 0.6265625 0.0015625 0.00234375
0 0.5807560137457045 0.6109375 0.5790378006872853 0.6078125 0.5756013745704468 0.609375 0.5807560137457045 0.6109375
0 0.5257731958762888 0.61484375 0.5292096219931273 0.61796875 0.5395189003436427 0.6140625 0.5463917525773196 0.61484375 0.5498281786941581 0.6078125 0.5429553264604812 0.609375 0.5360824742268042 0.60625 0.5154639175257733 0.6046875 0.5223367697594502 0.61640625 0.5257731958762888 0.61484375
0 0.51796875 0.584375 0.0015625 0.00078125
0 0.5 0.58125 0.003125 0.00078125
0 0.527491408934708 0.596875 0.5360824742268042 0.60234375 0.534364261168385 0.59375 0.5429553264604812 0.5921875 0.5360824742268042 0.58046875 0.527491408934708 0.58125 0.5240549828178694 0.5921875 0.5154639175257733 0.59140625 0.5154639175257733 0.5953125 0.5085910652920963 0.5984375 0.5068728522336771 0.603125 0.527491408934708 0.596875
0 0.5078125 0.5609375 0.0015625 0.00078125
0 0.7714776632302407 0.46796875 0.7680412371134021 0.46875 0.7697594501718215 0.47109375 0.7714776632302407 0.46796875
0 0.7577319587628867 0.465625 0.7663230240549829 0.459375 0.7646048109965636 0.4546875 0.745704467353952 0.45546875 0.745704467353952 0.459375 0.7577319587628867 0.465625
0 0.7989690721649485 0.47265625 0.8075601374570448 0.4734375 0.8058419243986255 0.48046875 0.8075601374570448 0.4765625 0.8127147766323025 0.4765625 0.8058419243986255 0.471875 0.8127147766323025 0.47109375 0.8058419243986255 0.46484375 0.8144329896907218 0.46484375 0.8178694158075602 0.45546875 0.8127147766323025 0.44921875 0.8109965635738833 0.453125 0.8006872852233677 0.45 0.8041237113402062 0.4640625 0.7989690721649485 0.47265625
0 0.7164948453608248 0.57734375 0.7061855670103093 0.58125 0.7164948453608248 0.5921875 0.7474226804123713 0.58125 0.7646048109965636 0.5671875 0.7749140893470792 0.56796875 0.7920962199312716 0.5640625 0.8384879725085911 0.540625 0.8556701030927837 0.5015625 0.8608247422680414 0.47109375 0.8728522336769761 0.45703125 0.8814432989690723 0.4328125 0.8762886597938145 0.4125 0.8659793814432991 0.4140625 0.8625429553264606 0.41953125 0.852233676975945 0.4234375 0.8419243986254296 0.4234375 0.8333333333333334 0.42734375 0.8402061855670103 0.43359375 0.852233676975945 0.43125 0.8591065292096222 0.4390625 0.8384879725085911 0.4421875 0.8281786941580757 0.44921875 0.8316151202749141 0.453125 0.8230240549828179 0.45546875 0.8264604810996564 0.459375 0.8298969072164949 0.45703125 0.8333333333333334 0.45859375 0.8350515463917526 0.46484375 0.8264604810996564 0.46640625 0.8316151202749141 0.46875 0.8316151202749141 0.48046875 0.8213058419243987 0.490625 0.809278350515464 0.490625 0.8058419243986255 0.48828125 0.8041237113402062 0.49453125 0.7972508591065293 0.49765625 0.7989690721649485 0.50703125 0.7800687285223369 0.51171875 0.7800687285223369 0.52265625 0.7731958762886599 0.528125 0.7646048109965636 0.52890625 0.7491408934707905 0.5390625 0.7353951890034365 0.53203125 0.725085910652921 0.53828125 0.7164948453608248 0.55078125 0.718213058419244 0.57265625 0.7164948453608248 0.57734375
0 0.8419243986254296 0.391796875 0.8350515463917526 0.3921875 0.8419243986254296 0.3875 0.8350515463917526 0.38671875 0.8298969072164949 0.39453125 0.8354046038695101 0.3991224315068493 0.8436426116838488 0.396875 0.8419243986254296 0.391796875
0 0.8969072164948454 0.39140625 0.8934707903780069 0.3984375 0.88659793814433 0.396484375 0.8917525773195877 0.40625 0.9003436426116839 0.3859375 0.8900343642611684 0.38515625 0.88659793814433 0.3921875 0.8969072164948454 0.39140625
0 0.7783505154639176 0.3765625 0.7852233676975946 0.36953125 0.7783505154639176 0.37265625 0.7783505154639176 0.3765625
0 0.8780068728522338 0.38359375 0.88659793814433 0.36640625 0.8745704467353953 0.3703125 0.8711340206185568 0.3828125 0.8780068728522338 0.38359375
0 0.852187238785177 0.37084037162162165 0.8556701030927837 0.3703125 0.8539518900343642 0.365625 0.852187238785177 0.37084037162162165
0 0.8556701030927837 0.375 0.8517778245318747 0.37205038265306123 0.8505154639175257 0.37578125 0.8556701030927837 0.375
0 0.60234375 0.3625 0.00546875 0.00390625
0 0.577319587628866 0.365625 0.584192439862543 0.36953125 0.5910652920962199 0.359375 0.584192439862543 0.35703125 0.5790378006872853 0.36015625 0.584192439862543 0.3640625 0.577319587628866 0.365625
0 0.5765625 0.35625 0.0015625 0.0015625
0 0.47265625 0.3515625 0.003125 0.00078125
0 0.46640625 0.3515625 0.0015625 0.00078125
0 0.9226804123711341 0.3359375 0.9140893470790379 0.3375 0.9175257731958764 0.3421875 0.9226804123711341 0.3359375
0 0.8171875 0.33125 0.0015625 0.00078125
0 0.8041237113402062 0.33125 0.7972508591065293 0.3296875 0.79553264604811 0.33203125 0.8041237113402062 0.33125
0 0.8470790378006873 0.328125 0.8419243986254296 0.3234375 0.8505154639175257 0.32109375 0.845360824742268 0.31796875 0.8402061855670103 0.325 0.8470790378006873 0.328125
0 0.7800687285223369 0.553125 0.7886597938144331 0.559375 0.7852233676975946 0.5640625 0.7920962199312716 0.56328125 0.7903780068728523 0.56015625 0.7972508591065293 0.56015625 0.8006872852233677 0.55390625 0.8109965635738833 0.55078125 0.8127147766323025 0.5390625 0.8298969072164949 0.53125 0.8402061855670103 0.53203125 0.845360824742268 0.52890625 0.8556701030927837 0.5109375 0.8591065292096222 0.48359375 0.845360824742268 0.48515625 0.8247422680412372 0.496875 0.816151202749141 0.496875 0.8109965635738833 0.50625 0.8006872852233677 0.5078125 0.7852233676975946 0.528125 0.7800687285223369 0.53828125 0.7800687285223369 0.553125
0 0.48797250859106533 0.60859375 0.49312714776632305 0.60546875 0.5034364261168386 0.60546875 0.5154639175257733 0.609375 0.5154639175257733 0.60546875 0.527491408934708 0.6 0.5326460481099657 0.60078125 0.5326460481099657 0.61171875 0.5395189003436427 0.61015625 0.5618556701030928 0.61953125 0.5549828178694158 0.62109375 0.5567010309278351 0.62421875 0.577319587628866 0.6203125 0.5910652920962199 0.6234375 0.5996563573883162 0.61640625 0.6116838487972509 0.6140625 0.6151202749140894 0.62734375 0.6185567010309279 0.625 0.6237113402061857 0.6265625 0.6168384879725086 0.6203125 0.6254295532646049 0.619921875 0.6151202749140894 0.615625 0.6254295532646049 0.61484375 0.6323024054982819 0.609375 0.6408934707903781 0.6078125 0.6443298969072165 0.61875 0.6477663230240551 0.6125 0.6426116838487973 0.60859375 0.6477663230240551 0.6083335937500001 0.6512027491408936 0.596875 0.6563573883161513 0.59765625 0.6632302405498283 0.60859375 0.6786941580756014 0.6015625 0.6907216494845361 0.5359375 0.6872852233676976 0.51015625 0.6735395189003437 0.50859375 0.6563573883161513 0.50078125 0.6460481099656358 0.50859375 0.6323024054982819 0.509375 0.6219931271477663 0.51640625 0.6151202749140894 0.51484375 0.6151202749140894 0.51953125 0.6082474226804124 0.5234375 0.5945017182130584 0.525 0.5824742268041238 0.51875 0.5738831615120275 0.521875 0.5601374570446735 0.52109375 0.5429553264604812 0.51015625 0.5326460481099657 0.5171875 0.520618556701031 0.5125 0.47594501718213056 0.5078125 0.4776632302405499 0.575 0.48797250859106533 0.60859375
0 0.8969072164948454 0.61796875 0.9140893470790379 0.6296875 0.9982817869415808 0.6296875 0.9982817869415808 0.609375 0.993127147766323 0.60625 0.9845360824742269 0.6078125 0.9759450171821307 0.60390625 0.9587628865979383 0.6046875 0.9432989690721649 0.5953125 0.9450171821305842 0.58984375 0.9209621993127148 0.5921875 0.9037800687285223 0.59140625 0.8969072164948454 0.58828125 0.8900343642611684 0.59140625 0.8969072164948454 0.61796875
0 0.6993127147766324 0.6015625 0.7199312714776632 0.596875 0.7749140893470792 0.57109375 0.7938144329896908 0.56640625 0.7835051546391754 0.5609375 0.7903780068728523 0.55703125 0.7989690721649485 0.55546875 0.809278350515464 0.5578125 0.8058419243986255 0.5609375 0.8281786941580757 0.55 0.8419243986254296 0.54140625 0.8419243986254296 0.5296875 0.8298969072164949 0.5296875 0.816151202749141 0.53671875 0.8109965635738833 0.54609375 0.8041237113402062 0.54765625 0.7989690721649485 0.5546875 0.7646048109965636 0.5609375 0.7560137457044674 0.55234375 0.745704467353952 0.55078125 0.7285223367697595 0.5578125 0.718213058419244 0.5703125 0.711340206185567 0.5734375 0.7061855670103093 0.571875 0.6941580756013745 0.575 0.6924398625429553 0.5921875 0.6993127147766324 0.6015625
0 0.4604810996563574 0.34296875 0.45017182130584193 0.3453125 0.45704467353951894 0.34921875 0.4518900343642612 0.35078125 0.4553264604810997 0.35234375 0.46563573883161513 0.34296875 0.4862542955326461 0.3421875 0.4914089347079038 0.3453125 0.48797250859106533 0.35234375 0.49312714776632305 0.34375 0.5103092783505155 0.33671875 0.5532646048109966 0.33515625 0.5618556701030928 0.33984375 0.570446735395189 0.3390625 0.577319587628866 0.3328125 0.5876288659793815 0.3328125 0.5945017182130584 0.32890625 0.6185567010309279 0.3328125 0.6323024054982819 0.32890625 0.6391752577319588 0.3234375 0.6804123711340206 0.3171875 0.7199312714776632 0.31484375 0.7422680412371134 0.303125 0.7302405498281788 0.29921875 0.6718213058419245 0.2984375 0.584192439862543 0.3078125 0.5 0.3125 0.4604810996563574 0.32109375 0.4518900343642612 0.33046875 0.4518900343642612 0.33984375 0.4604810996563574 0.34296875
0 0.4690721649484536 0.45234375 0.4776632302405499 0.4515625 0.4742268041237113 0.459375 0.4810996563573884 0.46015625 0.4948453608247423 0.453125 0.5171821305841925 0.459375 0.5532646048109966 0.4625 0.5790378006872853 0.46953125 0.5790378006872853 0.4734375 0.5721649484536082 0.4734375 0.577319587628866 0.47421875 0.5721649484536082 0.4765625 0.577319587628866 0.478125 0.5893470790378007 0.47265625 0.5962199312714777 0.4734375 0.6168384879725086 0.46640625 0.6357388316151203 0.46875 0.6529209621993128 0.4671875 0.6718213058419245 0.4578125 0.6958762886597938 0.45234375 0.7044673539518901 0.44453125 0.7044673539518901 0.42734375 0.711340206185567 0.42578125 0.7061855670103093 0.4125 0.6941580756013745 0.41171875 0.7027491408934708 0.40625 0.661512027491409 0.41328125 0.6649484536082475 0.41875 0.6494845360824744 0.4234375 0.6426116838487973 0.421875 0.6357388316151203 0.42734375 0.6082474226804124 0.42734375 0.5893470790378007 0.43359375 0.5549828178694158 0.43046875 0.5 0.41953125 0.4776632302405499 0.4171875 0.4639175257731959 0.41875 0.46219931271477666 0.44609375 0.4690721649484536 0.45234375
0 0.7474226804123713 0.38203125 0.7560137457044674 0.3765625 0.7680412371134021 0.37734375 0.7680412371134021 0.371875 0.7817869415807561 0.36875 0.79553264604811 0.36953125 0.8041237113402062 0.3734375 0.8213058419243987 0.37265625 0.8333333333333334 0.37734375 0.8402061855670103 0.3765625 0.8505154639175257 0.37265625 0.8505154639175257 0.3671875 0.8573883161512029 0.36328125 0.8728522336769761 0.365625 0.9175257731958764 0.35390625 0.9278350515463918 0.33515625 0.9278350515463918 0.32421875 0.9209621993127148 0.32265625 0.8883161512027492 0.3296875 0.8694158075601376 0.32734375 0.8659793814432991 0.3296875 0.8573883161512029 0.32734375 0.8350515463917526 0.328125 0.8281786941580757 0.3359375 0.8213058419243987 0.334375 0.8109965635738833 0.340625 0.7835051546391754 0.34921875 0.7474226804123713 0.35234375 0.7353951890034365 0.365625 0.7336769759450172 0.378125 0.7474226804123713 0.38203125
0 0.9192439862542956 0.3171875 0.9106529209621994 0.3171875 0.9072164948453609 0.32109375 0.9192439862542956 0.3171875
0 0.7061855670103093 0.57578125 0.7147766323024055 0.5765625 0.7233676975945018 0.571875 0.7285223367697595 0.56171875 0.7439862542955327 0.55390625 0.7508591065292097 0.553125 0.7577319587628867 0.5578125 0.7611683848797252 0.56796875 0.7817869415807561 0.5671875 0.7920962199312716 0.5625 0.7972508591065293 0.55390625 0.809278350515464 0.55 0.8127147766323025 0.5375 0.845360824742268 0.5265625 0.852233676975945 0.51484375 0.8539518900343642 0.4953125 0.8487972508591065 0.49375 0.8333333333333334 0.4984375 0.8298969072164949 0.50703125 0.8195876288659795 0.51171875 0.8127147766323025 0.509375 0.809278350515464 0.5125 0.8058419243986255 0.50859375 0.7989690721649485 0.5078125 0.7852233676975946 0.51015625 0.7714776632302407 0.5171875 0.7594501718213059 0.51484375 0.7405498281786942 0.525 0.7422680412371134 0.53046875 0.7130584192439863 0.53515625 0.6993127147766324 0.54765625 0.6975945017182131 0.56328125 0.7061855670103093 0.57578125
0 0.5292096219931273 0.4171875 0.5223367697594502 0.41640625 0.527491408934708 0.4203125 0.5292096219931273 0.4171875
0 0.4742268041237113 0.49609375 0.4828178694158076 0.5015625 0.49312714776632305 0.5046875 0.5120274914089348 0.50390625 0.5154639175257733 0.50625 0.5446735395189004 0.50859375 0.5532646048109966 0.51328125 0.5738831615120275 0.51640625 0.584192439862543 0.515625 0.5910652920962199 0.509375 0.6013745704467355 0.51796875 0.6030927835051547 0.51171875 0.6340206185567011 0.50546875 0.6460481099656358 0.49609375 0.6580756013745706 0.496875 0.6821305841924399 0.49140625 0.6855670103092784 0.48359375 0.7010309278350516 0.4734375 0.7061855670103093 0.396875 0.6907216494845361 0.4015625 0.6821305841924399 0.4 0.6460481099656358 0.40703125 0.6082474226804124 0.41796875 0.6013745704467355 0.42734375 0.577319587628866 0.42578125 0.5670103092783505 0.4328125 0.5378006872852235 0.425 0.5429553264604812 0.4234375 0.5412371134020619 0.41953125 0.527491408934708 0.42265625 0.5120274914089348 0.421875 0.4914089347079038 0.41953125 0.48797250859106533 0.4140625 0.48797250859106533 0.41796875 0.47079037800687284 0.41640625 0.46563573883161513 0.41875 0.4690721649484536 0.484375 0.4742268041237113 0.49609375
0 0.4896907216494846 0.5953125 0.5017182130584193 0.58984375 0.5189003436426117 0.59296875 0.5257731958762888 0.5890625 0.534364261168385 0.59375 0.5446735395189004 0.59453125 0.5498281786941581 0.6046875 0.5601374570446735 0.60546875 0.5670103092783505 0.603125 0.5807560137457045 0.61015625 0.6013745704467355 0.6078125 0.6254295532646049 0.60859375 0.6494845360824744 0.5875 0.6632302405498283 0.5921875 0.6769759450171822 0.59296875 0.6838487972508591 0.58203125 0.6838487972508591 0.56328125 0.6752577319587629 0.55625 0.6597938144329898 0.5515625 0.6529209621993128 0.55546875 0.6357388316151203 0.553125 0.6271477663230242 0.56171875 0.6134020618556701 0.56328125 0.6134020618556701 0.5734375 0.6013745704467355 0.57578125 0.5910652920962199 0.56875 0.5790378006872853 0.5671875 0.563573883161512 0.559375 0.5189003436426117 0.56171875 0.5085910652920963 0.55234375 0.4896907216494846 0.5515625 0.4828178694158076 0.55703125 0.4810996563573884 0.58515625 0.4896907216494846 0.5953125
0 0.7371134020618557 0.31796875 0.7439862542955327 0.32421875 0.7560137457044674 0.328125 0.7508591065292097 0.3375 0.7560137457044674 0.3390625 0.7611683848797252 0.33515625 0.7680412371134021 0.3453125 0.8075601374570448 0.34140625 0.816151202749141 0.3328125 0.8213058419243987 0.3375 0.8213058419243987 0.33046875 0.8316151202749141 0.3265625 0.845360824742268 0.328125 0.8402061855670103 0.33125 0.8470790378006873 0.334375 0.8591065292096222 0.33203125 0.8659793814432991 0.33515625 0.8728522336769761 0.33125 0.9243986254295533 0.32265625 0.929553264604811 0.315625 0.9089347079037802 0.30546875 0.8711340206185568 0.30546875 0.8384879725085911 0.30234375 0.752577319587629 0.30546875 0.7302405498281788 0.31015625 0.7268041237113403 0.3171875 0.7371134020618557 0.31796875
0 0.4725085910652921 0.50703125 0.47938144329896915 0.571875 0.4948453608247423 0.58515625 0.5068728522336771 0.5828125 0.5171821305841925 0.58515625 0.5292096219931273 0.584375 0.5326460481099657 0.58828125 0.5515463917525774 0.58984375 0.5601374570446735 0.5984375 0.570446735395189 0.5953125 0.584192439862543 0.60234375 0.5893470790378007 0.59921875 0.6151202749140894 0.6 0.6254295532646049 0.590625 0.6288659793814434 0.6 0.6323024054982819 0.58671875 0.6408934707903781 0.58125 0.6546391752577321 0.5796875 0.6649484536082475 0.58515625 0.6752577319587629 0.584375 0.6821305841924399 0.57734375 0.6924398625429553 0.53671875 0.6907216494845361 0.5078125 0.6855670103092784 0.50390625 0.6924398625429553 0.49375 0.6855670103092784 0.49765625 0.6580756013745706 0.49765625 0.6408934707903781 0.50546875 0.6151202749140894 0.51015625 0.6013745704467355 0.52109375 0.5910652920962199 0.50859375 0.5790378006872853 0.51171875 0.5756013745704468 0.51640625 0.5670103092783505 0.51640625 0.5515463917525774 0.5109375 0.5498281786941581 0.5046875 0.5463917525773196 0.50703125 0.5395189003436427 0.50546875 0.5326460481099657 0.51015625 0.5171821305841925 0.50859375 0.5103092783505155 0.5046875 0.5034364261168386 0.50859375 0.4742268041237113 0.50234375 0.4810996563573884 0.50390625 0.4725085910652921 0.50703125
0 0.4828178694158076 0.52109375 0.4896907216494846 0.52265625 0.49828178694158076 0.51484375 0.5085910652920963 0.5125 0.5927835051546392 0.534375 0.6151202749140894 0.53125 0.6323024054982819 0.52421875 0.6529209621993128 0.52265625 0.6597938144329898 0.51875 0.668384879725086 0.51953125 0.6752577319587629 0.51171875 0.6890034364261168 0.50625 0.6975945017182131 0.4953125 0.6958762886597938 0.48125 0.6786941580756014 0.48203125 0.6666666666666667 0.4890625 0.6563573883161513 0.4890625 0.6391752577319588 0.4953125 0.604810996563574 0.5 0.6013745704467355 0.49765625 0.5945017182130584 0.5 0.584192439862543 0.49453125 0.577319587628866 0.49765625 0.563573883161512 0.496875 0.5412371134020619 0.4890625 0.527491408934708 0.4890625 0.5 0.4828125 0.4725085910652921 0.48046875 0.4742268041237113 0.52421875 0.4828178694158076 0.52109375
0 0.570446735395189 0.41015625 0.570446735395189 0.40703125 0.5652920962199313 0.40703125 0.570446735395189 0.41015625
0 0.6082474226804124 0.38515625 0.5996563573883162 0.38828125 0.604810996563574 0.3890625 0.6116838487972509 0.3984375 0.6082474226804124 0.390625 0.6134020618556701 0.38671875 0.6013745704467355 0.38046875 0.5996563573883162 0.3828125 0.6082474226804124 0.38515625
0 0.6453125 0.37734375 0.0015625 0.0015625
0 0.4604810996563574 0.38203125 0.4725085910652921 0.38515625 0.48453608247422686 0.3828125 0.5395189003436427 0.38984375 0.5721649484536082 0.39609375 0.5824742268041238 0.40234375 0.5927835051546392 0.39453125 0.5945017182130584 0.3859375 0.6185567010309279 0.384375 0.6219931271477663 0.3875 0.6391752577319588 0.390625 0.6408934707903781 0.36875 0.7061855670103093 0.35390625 0.711340206185567 0.3328125 0.7233676975945018 0.32265625 0.7233676975945018 0.3171875 0.7061855670103093 0.31640625 0.6993127147766324 0.31953125 0.6477663230240551 0.32109375 0.6357388316151203 0.32421875 0.6168384879725086 0.32421875 0.6082474226804124 0.328125 0.5893470790378007 0.3265625 0.570446735395189 0.33046875 0.5395189003436427 0.33125 0.4587628865979382 0.34375 0.4553264604810997 0.3578125 0.4604810996563574 0.38203125
0 0.4896907216494846 0.6140625 0.5962199312714777 0.64609375 0.6082474226804124 0.64375 0.6597938144329898 0.61953125 0.6804123711340206 0.603125 0.6752577319587629 0.58984375 0.668384879725086 0.58515625 0.6597938144329898 0.5890625 0.6460481099656358 0.58984375 0.6254295532646049 0.6078125 0.5979381443298969 0.60546875 0.5790378006872853 0.6078125 0.5738831615120275 0.60546875 0.577319587628866 0.60234375 0.570446735395189 0.6015625 0.5601374570446735 0.60390625 0.5360824742268042 0.5953125 0.527491408934708 0.58671875 0.5154639175257733 0.59140625 0.5 0.5890625 0.48453608247422686 0.5953125 0.4828178694158076 0.609375 0.4896907216494846 0.6140625
0 0.8367697594501718 0.371875 0.8419243986254296 0.38203125 0.8505154639175257 0.38203125 0.8591065292096222 0.38671875 0.8883161512027492 0.384375 0.9037800687285223 0.3875 0.9106529209621994 0.38046875 0.9089347079037802 0.37265625 0.9175257731958764 0.36640625 0.9226804123711341 0.35078125 0.9158075601374571 0.3484375 0.9209621993127148 0.3453125 0.8900343642611684 0.35859375 0.8728522336769761 0.3609375 0.8591065292096222 0.35703125 0.8539518900343642 0.36015625 0.8470790378006873 0.359375 0.8436426116838488 0.36875 0.8367697594501718 0.371875
0 0.4965635738831615 0.459375 0.5034364261168386 0.46640625 0.4965635738831615 0.4703125 0.5051546391752578 0.47578125 0.5120274914089348 0.4734375 0.5189003436426117 0.47890625 0.5326460481099657 0.4703125 0.5441653356565511 0.4762984154929577 0.5463917525773196 0.4671875 0.5549828178694158 0.4625 0.5687285223367697 0.46484375 0.5721649484536082 0.47109375 0.5652920962199313 0.47734375 0.570446735395189 0.4796875 0.5738831615120275 0.478125 0.577319587628866 0.48125 0.5945017182130584 0.478125 0.6134020618556701 0.46328125 0.6391752577319588 0.4640625 0.6512027491408936 0.45078125 0.6597938144329898 0.453125 0.6649484536082475 0.459375 0.6701030927835052 0.45390625 0.6786941580756014 0.45625 0.6821305841924399 0.45 0.6890034364261168 0.44921875 0.6941580756013745 0.4375 0.6907216494845361 0.4265625 0.6975945017182131 0.42734375 0.7061855670103093 0.409375 0.7061855670103093 0.39609375 0.6958762886597938 0.38671875 0.6769759450171822 0.38515625 0.6701030927835052 0.39140625 0.6580756013745706 0.38984375 0.6494845360824744 0.3921875 0.6443298969072165 0.3984375 0.6323024054982819 0.40078125 0.6288659793814434 0.4078125 0.6219931271477663 0.40078125 0.6013745704467355 0.39921875 0.5945017182130584 0.3953125 0.5807560137457045 0.396875 0.570446735395189 0.39296875 0.5481099656357389 0.39296875 0.5429553264604812 0.390625 0.534364261168385 0.39140625 0.4862542955326461 0.38515625 0.4776632302405499 0.38984375 0.47079037800687284 0.38671875 0.4639175257731959 0.390625 0.46219931271477666 0.40078125 0.47079037800687284 0.45859375 0.4742268041237113 0.4625 0.4965635738831615 0.459375
0 0.7061855670103093 0.50078125 0.7061855670103093 0.50625 0.7147766323024055 0.51484375 0.711340206185567 0.5234375 0.7044673539518901 0.52578125 0.7044673539518901 0.54609375 0.7096219931271478 0.54921875 0.7336769759450172 0.54296875 0.7439862542955327 0.54296875 0.7714776632302407 0.52890625 0.7886597938144331 0.5359375 0.8127147766323025 0.51796875 0.8333333333333334 0.51875 0.8556701030927837 0.50234375 0.8642611683848799 0.4734375 0.8573883161512029 0.47109375 0.845360824742268 0.47421875 0.8384879725085911 0.46953125 0.8213058419243987 0.47109375 0.8127147766323025 0.47890625 0.802405498281787 0.4796875 0.79553264604811 0.47734375 0.745704467353952 0.49375 0.7336769759450172 0.49140625 0.7164948453608248 0.5 0.7096219931271478 0.49453125 0.7061855670103093 0.4953125 0.7130584192439863 0.49921875 0.7061855670103093 0.50078125
0 0.6237113402061857 0.40078125 0.6202749140893471 0.39921875 0.6185567010309279 0.4015625 0.6237113402061857 0.40078125
0 0.6109375 0.396875 0.0015625 0.0015625
0 0.71875 0.3484375 0.0015625 0.0015625
0 0.7296875 0.3234375 0.0015625 0.00078125
0 0.4587628865979382 0.37109375 0.46735395189003437 0.3734375 0.46563573883161513 0.3796875 0.527491408934708 0.3890625 0.5481099656357389 0.3890625 0.584192439862543 0.39765625 0.5962199312714777 0.3890625 0.6082474226804124 0.39296875 0.6151202749140894 0.38828125 0.6202749140893471 0.390625 0.6391752577319588 0.390625 0.6477663230240551 0.37890625 0.6477663230240551 0.37578125 0.6391752577319588 0.3734375 0.6408934707903781 0.3703125 0.6512027491408936 0.365625 0.6786941580756014 0.3625 0.7061855670103093 0.35390625 0.7096219931271478 0.33046875 0.725085910652921 0.3203125 0.7199312714776632 0.31640625 0.7061855670103093 0.31640625 0.6975945017182131 0.31953125 0.6786941580756014 0.31875 0.6477663230240551 0.32109375 0.6374570446735396 0.32421875 0.6168384879725086 0.32421875 0.6099656357388317 0.328125 0.5807560137457045 0.32734375 0.5670103092783505 0.33125 0.5429553264604812 0.33046875 0.5120274914089348 0.334375 0.5017182130584193 0.33828125 0.46735395189003437 0.34140625 0.4553264604810997 0.3453125 0.45360824742268047 0.35390625 0.4587628865979382 0.37109375
0 0.3917525773195877 0.5 0.3264604810996564 0.515625 0.3195876288659794 0.51875 0.3264604810996564 0.521875 0.3230240549828179 0.5234375 0.2920962199312715 0.5265625 0.27835051546391754 0.525 0.2680412371134021 0.51953125 0.2525773195876289 0.51953125 0.2405498281786942 0.51171875 0.23367697594501718 0.51328125 0.2061855670103093 0.50859375 0.21993127147766325 0.5421875 0.24398625429553267 0.57578125 0.24742268041237114 0.57109375 0.2611683848797251 0.57109375 0.26632302405498287 0.57265625 0.26460481099656363 0.57578125 0.2714776632302406 0.56953125 0.288659793814433 0.5765625 0.288659793814433 0.5796875 0.31615120274914094 0.58671875 0.3264604810996564 0.59296875 0.34192439862542956 0.5890625 0.35223367697594504 0.58125 0.3711340206185567 0.58125 0.40549828178694164 0.575 0.4175257731958763 0.5703125 0.42783505154639184 0.57109375 0.43814432989690727 0.56796875 0.4518900343642612 0.57421875 0.44673539518900346 0.5703125 0.4587628865979382 0.56328125 0.46219931271477666 0.5515625 0.4484536082474227 0.54296875 0.43814432989690727 0.51875 0.43298969072164956 0.51640625 0.4347079037800688 0.509375 0.422680412371134 0.49765625 0.41408934707903783 0.49765625 0.4175257731958763 0.49453125 0.40034364261168387 0.5015625 0.3917525773195877 0.5
0 0.3969072164948454 0.38984375 0.3969072164948454 0.38359375 0.39003436426116844 0.38671875 0.3969072164948454 0.38984375
0 0.41065292096219935 0.3765625 0.4175257731958763 0.36875 0.4072164948453609 0.365625 0.41065292096219935 0.3765625
0 0.49296875 0.33125 0.003125 0.00078125
0 0.4875 0.33125 0.0015625 0.00078125
0 0.48046875 0.325 0.0015625 0.0015625
0 0.4690721649484536 0.32890625 0.47594501718213056 0.32734375 0.47594501718213056 0.3296875 0.4690721649484536 0.3328125 0.4810996563573884 0.33125 0.4725085910652921 0.32421875 0.47079037800687284 0.32578125 0.4742268041237113 0.3265625 0.4690721649484536 0.32890625
0 0.5051546391752578 0.32734375 0.5 0.33125 0.5085910652920963 0.33125 0.5120274914089348 0.325 0.5 0.32265625 0.4965635738831615 0.32578125 0.5051546391752578 0.32734375
0 0.140893470790378 0.36953125 0.13745704467353953 0.38125 0.1443298969072165 0.3875 0.14776632302405499 0.40078125 0.15807560137457047 0.4046875 0.1632302405498282 0.43203125 0.1718213058419244 0.43828125 0.17697594501718214 0.43828125 0.17869415807560138 0.44921875 0.1907216494845361 0.446875 0.2061855670103093 0.44765625 0.22336769759450173 0.45234375 0.2405498281786942 0.45 0.24226804123711343 0.45625 0.24742268041237114 0.45703125 0.2405498281786942 0.4453125 0.2457044673539519 0.44296875 0.2577319587628866 0.4453125 0.2577319587628866 0.440625 0.2508591065292097 0.43984375 0.2508591065292097 0.43046875 0.2611683848797251 0.4234375 0.27491408934707906 0.4296875 0.2920962199312715 0.42265625 0.2972508591065292 0.43125 0.31099656357388317 0.428125 0.31615120274914094 0.421875 0.33676975945017185 0.42265625 0.34536082474226804 0.43203125 0.3539518900343643 0.42890625 0.35223367697594504 0.421875 0.3694158075601375 0.41796875 0.3711340206185567 0.40703125 0.359106529209622 0.40625 0.372852233676976 0.40078125 0.3711340206185567 0.396875 0.3814432989690722 0.38671875 0.3711340206185567 0.3828125 0.38316151202749144 0.3796875 0.38659793814432997 0.375 0.3934707903780069 0.375 0.38659793814432997 0.37265625 0.3934707903780069 0.370703125 0.3934707903780069 0.36640625 0.3780068728522337 0.36484375 0.3762886597938145 0.36171875 0.3883161512027492 0.35703125 0.3934707903780069 0.35859375 0.3969072164948454 0.3546875 0.4072164948453609 0.35625 0.4072164948453609 0.35234375 0.4175257731958763 0.353125 0.4175257731958763 0.34609375 0.4261168384879725 0.3421875 0.4347079037800688 0.3453125 0.4484536082474227 0.34296875 0.4518900343642612 0.33828125 0.4587628865979382 0.3375 0.45704467353951894 0.334375 0.4639175257731959 0.334375 0.4518900343642612 0.33203125 0.4604810996563574 0.32421875 0.4484536082474227 0.321875 0.4209621993127148 0.32578125 0.4175257731958763 0.32421875 0.38487972508591073 0.33046875 0.359106529209622 0.33125 0.3539518900343643 0.3359375 0.3505154639175258 0.33125 0.34192439862542956 0.334375 0.3298969072164949 0.33203125 0.26460481099656363 0.33828125 0.2611683848797251 0.340625 0.2508591065292097 0.340625 0.24742268041237114 0.33828125 0.22508591065292097 0.34375 0.17010309278350516 0.34453125 0.1357388316151203 0.3484375 0.13230240549828182 0.35390625 0.12542955326460484 0.35546875 0.12371134020618557 0.36171875 0.140893470790378 0.36953125
0 0.5109375 0.3171875 0.0015625 0.00234375
0 0.5498281786941581 0.3203125 0.5567010309278351 0.325 0.5807560137457045 0.32109375 0.577319587628866 0.31796875 0.5670103092783505 0.31796875 0.5670103092783505 0.31328125 0.563573883161512 0.31875 0.5567010309278351 0.31953125 0.5498281786941581 0.31875 0.5481099656357389 0.3140625 0.5395189003436427 0.31484375 0.5395189003436427 0.321875 0.5498281786941581 0.3203125
0 0.5824742268041238 0.3109375 0.577319587628866 0.31015625 0.5824742268041238 0.315625 0.5824742268041238 0.3109375
0 0.6649484536082475 0.3109375 0.661512027491409 0.30859375 0.6597938144329898 0.3125 0.6649484536082475 0.3109375
0 0.5927835051546392 0.31796875 0.5859106529209622 0.32109375 0.5962199312714777 0.31875 0.6082474226804124 0.3203125 0.6271477663230242 0.31171875 0.6288659793814434 0.315625 0.6374570446735396 0.31796875 0.6546391752577321 0.3125 0.6546391752577321 0.31015625 0.6426116838487973 0.3125 0.6323024054982819 0.30859375 0.6305841924398626 0.31171875 0.6219931271477663 0.31015625 0.6168384879725086 0.31328125 0.6082474226804124 0.31015625 0.6134020618556701 0.3125 0.6013745704467355 0.31484375 0.5910652920962199 0.3109375 0.5859106529209622 0.3171875 0.5927835051546392 0.31796875
0 0.711340206185567 0.30390625 0.7027491408934708 0.30546875 0.7027491408934708 0.30859375 0.711340206185567 0.30390625
0 0.7233676975945018 0.4109375 0.7336769759450172 0.4140625 0.7628865979381444 0.41484375 0.8006872852233677 0.40546875 0.8109965635738833 0.40546875 0.816151202749141 0.4078125 0.8144329896907218 0.4109375 0.8247422680412372 0.41484375 0.8333333333333334 0.41171875 0.845360824742268 0.396875 0.8591065292096222 0.39609375 0.8642611683848799 0.3921875 0.879725085910653 0.39296875 0.8883161512027492 0.3984375 0.9003436426116839 0.39453125 0.9175257731958764 0.359375 0.9054982817869417 0.3578125 0.8900343642611684 0.3625 0.8900343642611684 0.3703125 0.8711340206185568 0.37109375 0.8573883161512029 0.365625 0.8367697594501718 0.378125 0.8230240549828179 0.375 0.7886597938144331 0.37890625 0.7766323024054984 0.375 0.7749140893470792 0.3796875 0.752577319587629 0.38671875 0.7336769759450172 0.38359375 0.725085910652921 0.39296875 0.7216494845360826 0.40703125 0.7233676975945018 0.4109375
0 0.7199312714776632 0.465625 0.7336769759450172 0.4640625 0.7405498281786942 0.46796875 0.7542955326460482 0.46015625 0.7714776632302407 0.4609375 0.7869415807560138 0.4515625 0.8127147766323025 0.44765625 0.8247422680412372 0.43125 0.8195876288659795 0.425 0.802405498281787 0.42578125 0.7886597938144331 0.421875 0.7783505154639176 0.428125 0.7714776632302407 0.42734375 0.7663230240549829 0.4328125 0.7560137457044674 0.4328125 0.7474226804123713 0.4375 0.7302405498281788 0.428125 0.7164948453608248 0.43515625 0.7147766323024055 0.4609375 0.7199312714776632 0.465625
0 0.48797250859106533 0.609375 0.4948453608247423 0.60546875 0.513745704467354 0.6078125 0.5240549828178694 0.60390625 0.5309278350515465 0.6109375 0.5378006872852235 0.61015625 0.5687285223367697 0.621875 0.5945017182130584 0.6234375 0.6082474226804124 0.6203125 0.6151202749140894 0.628125 0.6426116838487973 0.62265625 0.6512027491408936 0.6109375 0.6632302405498283 0.6140625 0.6804123711340206 0.60390625 0.6838487972508591 0.58828125 0.6769759450171822 0.5734375 0.6494845360824744 0.571875 0.6357388316151203 0.57578125 0.6305841924398626 0.58359375 0.6185567010309279 0.5890625 0.5979381443298969 0.5890625 0.5876288659793815 0.584375 0.577319587628866 0.59296875 0.563573883161512 0.578125 0.5601374570446735 0.5828125 0.5549828178694158 0.5828125 0.5498281786941581 0.5796875 0.5326460481099657 0.57890625 0.5120274914089348 0.57109375 0.5051546391752578 0.57265625 0.4965635738831615 0.5671875 0.4862542955326461 0.56640625 0.4828178694158076 0.5703125 0.47938144329896915 0.5921875 0.48797250859106533 0.609375
0 0.7233676975945018 0.46640625 0.7199312714776632 0.4703125 0.725085910652921 0.4734375 0.7371134020618557 0.47265625 0.7302405498281788 0.4703125 0.7405498281786942 0.46484375 0.7491408934707905 0.46640625 0.7577319587628867 0.4578125 0.7646048109965636 0.46328125 0.7663230240549829 0.4578125 0.7731958762886599 0.45625 0.7731958762886599 0.459375 0.7835051546391754 0.459375 0.7920962199312716 0.4546875 0.802405498281787 0.45546875 0.8109965635738833 0.45234375 0.8195876288659795 0.45234375 0.8316151202749141 0.459375 0.845360824742268 0.4578125 0.8556701030927837 0.45078125 0.8539518900343642 0.44609375 0.8659793814432991 0.44140625 0.8814432989690723 0.44140625 0.8848797250859107 0.42109375 0.8934707903780069 0.41796875 0.8986254295532646 0.4 0.8848797250859107 0.396875 0.8986254295532646 0.39296875 0.88659793814433 0.38984375 0.879725085910653 0.39921875 0.8659793814432991 0.40078125 0.8573883161512029 0.3953125 0.845360824742268 0.39375 0.8384879725085911 0.4109375 0.8264604810996564 0.415625 0.809278350515464 0.41328125 0.8075601374570448 0.40703125 0.802405498281787 0.40546875 0.79553264604811 0.4078125 0.7835051546391754 0.421875 0.7714776632302407 0.42421875 0.7611683848797252 0.4328125 0.7560137457044674 0.43203125 0.7542955326460482 0.42734375 0.745704467353952 0.4265625 0.7594501718213059 0.41484375 0.7302405498281788 0.41640625 0.725085910652921 0.4296875 0.718213058419244 0.43125 0.7164948453608248 0.45078125 0.7233676975945018 0.46640625
0 0.47938144329896915 0.359375 0.5 0.36796875 0.5103092783505155 0.365625 0.5189003436426117 0.36796875 0.5412371134020619 0.38515625 0.5463917525773196 0.3828125 0.5463917525773196 0.371875 0.5567010309278351 0.375 0.5756013745704468 0.36875 0.5859106529209622 0.37109375 0.6099656357388317 0.36953125 0.6185567010309279 0.36640625 0.6254295532646049 0.36796875 0.6563573883161513 0.3609375 0.6649484536082475 0.35546875 0.6769759450171822 0.35859375 0.6975945017182131 0.35546875 0.7061855670103093 0.34921875 0.7233676975945018 0.35234375 0.7285223367697595 0.35 0.7611683848797252 0.35078125 0.7663230240549829 0.34765625 0.7731958762886599 0.35 0.7800687285223369 0.3453125 0.7886597938144331 0.346875 0.8127147766323025 0.33984375 0.8505154639175257 0.33671875 0.8694158075601376 0.33046875 0.8728522336769761 0.3328125 0.8780068728522338 0.33203125 0.8934707903780069 0.32421875 0.9175257731958764 0.32421875 0.9226804123711341 0.31640625 0.9037800687285223 0.30625 0.8470790378006873 0.3078125 0.8384879725085911 0.3046875 0.8041237113402062 0.303125 0.7594501718213059 0.31015625 0.7371134020618557 0.3078125 0.7233676975945018 0.31484375 0.6219931271477663 0.32265625 0.6082474226804124 0.32734375 0.5945017182130584 0.32578125 0.563573883161512 0.33046875 0.5120274914089348 0.33359375 0.4896907216494846 0.33984375 0.47594501718213056 0.33984375 0.4587628865979382 0.34375 0.4587628865979382 0.3609375 0.47938144329896915 0.359375
0 0.7302405498281788 0.44765625 0.7508591065292097 0.446875 0.7577319587628867 0.44296875 0.7903780068728523 0.4359375 0.8006872852233677 0.43828125 0.8041237113402062 0.44375 0.8127147766323025 0.43984375 0.816151202749141 0.4421875 0.8213058419243987 0.4375 0.8333333333333334 0.43828125 0.8762886597938145 0.4328125 0.8848797250859107 0.42109375 0.8934707903780069 0.41796875 0.9089347079037802 0.3796875 0.9020618556701031 0.3796875 0.9072164948453609 0.3734375 0.879725085910653 0.38515625 0.8659793814432991 0.3875 0.8556701030927837 0.3828125 0.845360824742268 0.38203125 0.8281786941580757 0.3859375 0.8195876288659795 0.39375 0.8058419243986255 0.38984375 0.7783505154639176 0.40078125 0.7697594501718215 0.3984375 0.7646048109965636 0.38984375 0.7611683848797252 0.39375 0.7663230240549829 0.396875 0.7611683848797252 0.39921875 0.738831615120275 0.39765625 0.7336769759450172 0.39375 0.7268041237113403 0.403125 0.718213058419244 0.40703125 0.7199312714776632 0.4328125 0.7302405498281788 0.44765625
0 0.16494845360824745 0.4125 0.15807560137457047 0.41171875 0.16151202749140894 0.43203125 0.18556701030927836 0.459375 0.18213058419243988 0.46328125 0.1941580756013746 0.4796875 0.1941580756013746 0.490625 0.20274914089347082 0.5 0.21477663230240554 0.5046875 0.22336769759450173 0.50234375 0.22336769759450173 0.4984375 0.23367697594501718 0.49765625 0.23367697594501718 0.50546875 0.24398625429553267 0.5078125 0.2560137457044674 0.5171875 0.2680412371134021 0.5171875 0.281786941580756 0.5234375 0.29037800687285226 0.52109375 0.2972508591065292 0.52265625 0.3178694158075602 0.515625 0.3230240549828179 0.50625 0.33161512027491413 0.5125 0.3505154639175258 0.50703125 0.36769759450171824 0.50546875 0.41065292096219935 0.4921875 0.41924398625429554 0.46015625 0.41408934707903783 0.440625 0.422680412371134 0.42578125 0.4123711340206186 0.41796875 0.41065292096219935 0.40703125 0.40549828178694164 0.40546875 0.40549828178694164 0.36640625 0.38487972508591073 0.36484375 0.29553264604810997 0.37578125 0.2800687285223368 0.38046875 0.2766323024054983 0.390625 0.2611683848797251 0.396875 0.2560137457044674 0.3921875 0.25945017182130586 0.3828125 0.25429553264604815 0.38125 0.24398625429553267 0.38515625 0.24226804123711343 0.390625 0.24914089347079038 0.396875 0.24226804123711343 0.40078125 0.21993127147766325 0.40390625 0.19759450171821308 0.3984375 0.18728522336769762 0.39921875 0.1907216494845361 0.40390625 0.18213058419243988 0.409375 0.1752577319587629 0.40625 0.17010309278350516 0.41015625 0.16494845360824745 0.4125
0 0.4776632302405499 0.3234375 0.4948453608247423 0.321875 0.5017182130584193 0.31875 0.5171821305841925 0.32109375 0.5309278350515465 0.31640625 0.5429553264604812 0.31953125 0.5446735395189004 0.32421875 0.5532646048109966 0.3265625 0.5567010309278351 0.32109375 0.5738831615120275 0.32109375 0.584192439862543 0.31640625 0.5927835051546392 0.32421875 0.6082474226804124 0.325 0.6237113402061857 0.3203125 0.7233676975945018 0.31328125 0.7422680412371134 0.30625 0.7439862542955327 0.30234375 0.731958762886598 0.2984375 0.6735395189003437 0.296875 0.6666666666666667 0.29921875 0.5910652920962199 0.3046875 0.5824742268041238 0.3078125 0.5601374570446735 0.30703125 0.5 0.31171875 0.47079037800687284 0.3171875 0.4639175257731959 0.32109375 0.4776632302405499 0.3234375
0 0.2680412371134021 0.61796875 0.3470790378006873 0.64609375 0.3625429553264605 0.6453125 0.3917525773195877 0.63671875 0.43814432989690727 0.6203125 0.4587628865979382 0.60859375 0.4450171821305842 0.59921875 0.43814432989690727 0.60078125 0.4295532646048111 0.59453125 0.41924398625429554 0.59453125 0.359106529209622 0.6125 0.34879725085910657 0.61875 0.34192439862542956 0.61875 0.3230240549828179 0.61484375 0.30584192439862545 0.60234375 0.2560137457044674 0.59921875 0.2560137457044674 0.60546875 0.2680412371134021 0.61796875
0 0.9450171821305842 0.490625 0.9553264604810998 0.5015625 0.993127147766323 0.5171875 0.9982817869415808 0.5140625 0.9982817869415808 0.462646875 0.9914089347079038 0.4609375 0.9948453608247423 0.4578125 0.9982817869415808 0.45869140625 0.9982817869415808 0.45078125 0.9896907216494846 0.4546875 0.9828178694158076 0.45078125 0.9759450171821307 0.453125 0.9690721649484537 0.4453125 0.9742268041237114 0.44375 0.9776632302405499 0.44609375 0.9725085910652922 0.440625 0.9621993127147768 0.44765625 0.970790378006873 0.45078125 0.9621993127147768 0.451953125 0.9604810996563575 0.459375 0.9467353951890034 0.47109375 0.9381443298969072 0.4921875 0.9450171821305842 0.490625
0 0.8453125 0.421875 0.003125 0.00078125
0 0.7061855670103093 0.46875 0.7164948453608248 0.49921875 0.7216494845360826 0.50078125 0.7302405498281788 0.48984375 0.7508591065292097 0.48828125 0.7577319587628867 0.48359375 0.7646048109965636 0.484375 0.7680412371134021 0.4796875 0.7766323024054984 0.48125 0.7852233676975946 0.475 0.7989690721649485 0.478125 0.8041237113402062 0.48515625 0.816151202749141 0.48203125 0.8264604810996564 0.47109375 0.8384879725085911 0.4703125 0.8436426116838488 0.47421875 0.8659793814432991 0.471875 0.8848797250859107 0.43984375 0.8951890034364262 0.4125 0.8934707903780069 0.40390625 0.8814432989690723 0.4140625 0.8694158075601376 0.41484375 0.8642611683848799 0.41796875 0.8642611683848799 0.425 0.8591065292096222 0.42734375 0.8505154639175257 0.4265625 0.8436426116838488 0.43125 0.8402061855670103 0.4234375 0.8316151202749141 0.42265625 0.8230240549828179 0.42578125 0.816151202749141 0.42265625 0.802405498281787 0.4265625 0.7869415807560138 0.4265625 0.7646048109965636 0.4375 0.7542955326460482 0.4359375 0.7474226804123713 0.4390625 0.7302405498281788 0.43125 0.7199312714776632 0.43203125 0.7147766323024055 0.43984375 0.7061855670103093 0.45703125 0.7061855670103093 0.46875
0 0.6975945017182131 0.60234375 0.7216494845360826 0.59609375 0.7835051546391754 0.5671875 0.7646048109965636 0.5625 0.7560137457044674 0.553125 0.7474226804123713 0.5515625 0.7336769759450172 0.5546875 0.7147766323024055 0.57265625 0.7044673539518901 0.57109375 0.6924398625429553 0.57578125 0.6924398625429553 0.6015625 0.6975945017182131 0.60234375
0 0.8367697594501718 0.5421875 0.8298969072164949 0.54375 0.8281786941580757 0.54609375 0.8367697594501718 0.5421875
0 0.21993127147766325 0.52890625 0.21993127147766325 0.540625 0.24742268041237114 0.5875 0.2611683848797251 0.5984375 0.27491408934707906 0.5984375 0.281786941580756 0.59375 0.2972508591065292 0.60078125 0.31099656357388317 0.60234375 0.31615120274914094 0.6125 0.3264604810996564 0.61484375 0.3350515463917526 0.61328125 0.3402061855670103 0.61640625 0.3470790378006873 0.615625 0.365979381443299 0.603125 0.3762886597938145 0.6015625 0.38316151202749144 0.596875 0.38659793814432997 0.60234375 0.3917525773195877 0.60234375 0.4123711340206186 0.59375 0.4312714776632303 0.59296875 0.43642611683848803 0.59453125 0.443298969072165 0.60625 0.4484536082474227 0.60703125 0.46219931271477666 0.60234375 0.46219931271477666 0.553125 0.44673539518900346 0.54765625 0.44673539518900346 0.53984375 0.4312714776632303 0.53046875 0.42783505154639184 0.5203125 0.39862542955326463 0.52421875 0.365979381443299 0.53515625 0.32817869415807566 0.53828125 0.3195876288659794 0.546875 0.31099656357388317 0.5453125 0.3041237113402062 0.54765625 0.288659793814433 0.54453125 0.27835051546391754 0.5375 0.24914089347079038 0.5328125 0.23883161512027495 0.52578125 0.23367697594501718 0.5296875 0.21993127147766325 0.52890625
0 0.4639175257731959 0.33984375 0.48453608247422686 0.340625 0.5395189003436427 0.33203125 0.563573883161512 0.3328125 0.5807560137457045 0.328125 0.6185567010309279 0.328125 0.6288659793814434 0.3234375 0.6323024054982819 0.325 0.6494845360824744 0.3203125 0.718213058419244 0.31484375 0.7439862542955327 0.30390625 0.731958762886598 0.29921875 0.6735395189003437 0.29765625 0.5824742268041238 0.3078125 0.5017182130584193 0.31171875 0.45360824742268047 0.321875 0.45017182130584193 0.33515625 0.4518900343642612 0.34140625 0.4586254295532647 0.3429375 0.4639175257731959 0.33984375