0 0.11750000000000001 0.9243750000000001 0.19583333333333333 0.95625 0.21000000000000002 0.959375 0.2125 0.934375 0.20916666666666667 0.9125 0.20916666666666667 0.8637500000000001 0.20666666666666664 0.86 0.19833333333333333 0.859375 0.19166666666666668 0.8612500000000001 0.18166666666666667 0.85875 0.1625 0.8450000000000001 0.15166666666666667 0.8425 0.14333333333333334 0.843125 0.13666666666666666 0.8400000000000001 0.13333333333333333 0.8400000000000001 0.13 0.8450000000000001 0.11916666666666667 0.844375 0.11416666666666667 0.85625 0.11333333333333333 0.88375 0.11750000000000001 0.9243750000000001
0 0.16333333333333333 0.798125 0.16416666666666666 0.796875 0.16083333333333333 0.795625 0.16 0.7975000000000001 0.16333333333333333 0.798125
0 0.6849999999999999 0.535 0.705 0.54 0.7391666666666666 0.541875 0.7891666666666667 0.55125 0.7941666666666667 0.55125 0.8133333333333332 0.5425000000000001 0.8166666666666667 0.5331250000000001 0.8125 0.5231250000000001 0.7966666666666666 0.52625 0.7908333333333333 0.52375 0.7708333333333333 0.52375 0.725 0.5175000000000001 0.7066666666666667 0.519375 0.7041666666666667 0.5225000000000001 0.6833333333333333 0.53 0.6816666666666666 0.5331250000000001 0.6849999999999999 0.535
0 0.3433333333333333 0.79375 0.35583333333333333 0.7925000000000001 0.37 0.7987500000000001 0.38249999999999995 0.7987500000000001 0.41083333333333333 0.805 0.45916666666666667 0.8262500000000002 0.4708333333333333 0.8262500000000002 0.47833333333333333 0.8231250000000001 0.48166666666666663 0.8175000000000001 0.4883333333333333 0.8143750000000001 0.4925 0.80625 0.5066666666666666 0.7931250000000001 0.5241666666666667 0.780625 0.5325 0.77875 0.5349999999999999 0.775625 0.5383333333333333 0.7412500000000001 0.5358333333333334 0.7368750000000001 0.5225 0.735625 0.5158333333333334 0.7412500000000001 0.5091666666666667 0.7550000000000001 0.5016666666666667 0.75875 0.495 0.7681250000000001 0.4875 0.7725000000000001 0.48666666666666664 0.779375 0.48083333333333333 0.785625 0.46333333333333326 0.7818750000000001 0.43499999999999994 0.77125 0.4141666666666667 0.7675000000000001 0.39666666666666667 0.760625 0.38666666666666666 0.7612500000000001 0.3775 0.758125 0.3675 0.7575000000000001 0.345 0.749375 0.3408333333333333 0.764375 0.3375 0.7887500000000001 0.3433333333333333 0.79375
0 0.5158333333333334 0.726875 0.5133333333333333 0.7262500000000001 0.5116666666666666 0.7275 0.5158333333333334 0.726875
0 0.33416666666666667 0.9412499999999999 0.33333333333333337 0.95 0.3375 0.959375 0.3358333333333333 0.975 0.3283333333333333 0.9800000000000001 0.3283333333333333 0.984375 0.33416666666666667 0.99 0.33249999999999996 0.9943750000000001 0.3441666666666666 0.993125 0.3458333333333333 0.9950000000000001 0.35333333333333333 0.9956250000000001 0.36416666666666664 0.993125 0.3729166666666667 0.9950000000000001 0.37416666666666665 0.9918750000000001 0.37666666666666665 0.9918750000000001 0.3775 0.9950000000000001 0.37916666666666665 0.9943750000000001 0.37666666666666665 0.99 0.37916666666666665 0.9881250000000001 0.38666666666666666 0.9881250000000001 0.3933333333333333 0.9943750000000001 0.3983333333333333 0.9943750000000001 0.40166666666666667 0.99 0.4066666666666666 0.9943750000000001 0.41916666666666663 0.9950000000000001 0.4216666666666667 0.9943750000000001 0.4216666666666667 0.99 0.42833333333333334 0.9881250000000001 0.4341666666666667 0.9925 0.4331666666666666 0.9930625000000001 0.43666666666666665 0.9943750000000001 0.43499999999999994 0.9912500000000002 0.4491666666666666 0.9956250000000001 0.4575 0.9943750000000001 0.46416666666666667 0.974375 0.46333333333333326 0.938125 0.4683333333333334 0.9043750000000002 0.4666666666666667 0.9025000000000001 0.46333333333333326 0.903125 0.45999999999999996 0.9075000000000001 0.45499999999999996 0.9081250000000001 0.42833333333333334 0.89375 0.4208333333333333 0.8931250000000001 0.41083333333333333 0.8881249999999999 0.3675 0.8762500000000001 0.3616666666666667 0.8787499999999999 0.36083333333333334 0.8887500000000002 0.3375 0.9081250000000001 0.3383333333333333 0.9125 0.34249999999999997 0.914375 0.3441666666666666 0.9231250000000001 0.33416666666666667 0.9412499999999999
0 0.40083333333333326 0.9425000000000001 0.4175 0.9487500000000001 0.4216666666666667 0.944375 0.42416666666666664 0.94625 0.42750000000000005 0.944375 0.4325 0.9475 0.4333333333333333 0.945625 0.43 0.9450000000000001 0.43166666666666664 0.9418750000000001 0.42833333333333334 0.943125 0.4125 0.9387500000000001 0.40750000000000003 0.934375 0.4058333333333334 0.9356250000000002 0.4058333333333334 0.9393750000000001 0.40083333333333326 0.9425000000000001
0 0.33666666666666667 0.851875 0.33416666666666667 0.85875 0.3383333333333333 0.86625 0.33249999999999996 0.8775000000000001 0.33416666666666667 0.8943749999999999 0.3383333333333333 0.9012500000000001 0.345 0.90625 0.355 0.906875 0.36416666666666664 0.914375 0.36083333333333334 0.91625 0.35583333333333333 0.9137500000000001 0.345 0.913125 0.3433333333333333 0.9168750000000001 0.34750000000000003 0.9243750000000001 0.3616666666666667 0.930625 0.39 0.9356250000000002 0.39499999999999996 0.931875 0.39416666666666667 0.9293750000000001 0.39 0.9268750000000001 0.3808333333333333 0.9262500000000001 0.37916666666666665 0.921875 0.38333333333333336 0.9193749999999999 0.40083333333333326 0.9200000000000002 0.4083333333333333 0.9262500000000001 0.4216666666666667 0.9325000000000001 0.4533333333333333 0.9412499999999999 0.4583333333333333 0.936875 0.4666666666666667 0.9018750000000001 0.4691666666666666 0.874375 0.46749999999999997 0.853125 0.47000000000000003 0.846875 0.4766666666666667 0.8393750000000001 0.49083333333333334 0.8293750000000001 0.5016666666666667 0.8275 0.5158333333333334 0.8075000000000001 0.5291666666666667 0.7975000000000001 0.5325 0.789375 0.5291666666666667 0.785625 0.5241666666666667 0.785 0.5083333333333333 0.7931250000000001 0.495 0.80375 0.4883333333333333 0.8137500000000001 0.48083333333333333 0.8175000000000001 0.4716666666666667 0.826875 0.4425 0.81875 0.4291666666666667 0.8106250000000002 0.4208333333333333 0.8099999999999999 0.38666666666666666 0.8 0.36583333333333334 0.8 0.3625 0.796875 0.3516666666666667 0.7931250000000001 0.34833333333333333 0.795625 0.33916666666666667 0.79625 0.33999999999999997 0.806875 0.33416666666666667 0.8150000000000001 0.3358333333333333 0.828125 0.33166666666666667 0.834375 0.3308333333333333 0.8418750000000002 0.33666666666666667 0.851875
0 0.14666666666666667 0.716875 0.145 0.715625 0.14333333333333334 0.716875 0.14666666666666667 0.716875
0 0.10500000000000001 0.6581250000000001 0.10583333333333333 0.669375 0.1125 0.68125 0.11333333333333333 0.69125 0.12583333333333332 0.6943750000000001 0.13333333333333333 0.6900000000000001 0.13999999999999999 0.696875 0.14333333333333334 0.696875 0.14916666666666667 0.6893750000000001 0.155 0.6875 0.16083333333333333 0.69125 0.16999999999999998 0.69125 0.17166666666666666 0.6987500000000001 0.175 0.6943750000000001 0.1775 0.69625 0.17833333333333332 0.703125 0.1875 0.696875 0.19583333333333333 0.6993750000000001 0.19416666666666665 0.703125 0.20249999999999999 0.703125 0.20666666666666664 0.6881250000000001 0.2058333333333333 0.666875 0.20166666666666666 0.65625 0.1375 0.644375 0.12 0.63875 0.11166666666666666 0.63875 0.10916666666666666 0.6412500000000001 0.10833333333333332 0.654375 0.10500000000000001 0.6581250000000001
0 0 0.5800000000000001 0.02 0.578125 0.035833333333333335 0.58375 0.04666666666666667 0.591875 0.06166666666666667 0.5962500000000001 0.07416666666666667 0.5987500000000001 0.08416666666666667 0.5962500000000001 0.09166666666666666 0.6012500000000001 0.09833333333333333 0.6006250000000001 0.09916666666666667 0.595 0.09166666666666666 0.5800000000000001 0.06999999999999999 0.5787500000000001 0.03 0.5700000000000001 0.016666666666666666 0.573125 0.006666666666666666 0.570625 0 0.57125 0 0.5800000000000001
0 0.11166666666666666 0.7143750000000001 0.11083333333333334 0.7418750000000001 0.11333333333333333 0.7550000000000001 0.11000000000000001 0.775625 0.11750000000000001 0.7862500000000001 0.11166666666666666 0.8075000000000001 0.11666666666666667 0.8150000000000001 0.12250000000000001 0.8150000000000001 0.12666666666666665 0.818125 0.12666666666666665 0.820625 0.12 0.8243750000000001 0.12083333333333332 0.83125 0.12833333333333333 0.835 0.15416666666666667 0.8356250000000001 0.16416666666666666 0.8418750000000002 0.175 0.8387500000000001 0.17833333333333332 0.8474999999999999 0.19583333333333333 0.85375 0.19916666666666666 0.8481250000000001 0.1925 0.8462500000000001 0.195 0.840625 0.20249999999999999 0.8400000000000001 0.205 0.83125 0.20166666666666666 0.8175000000000001 0.1925 0.8150000000000001 0.1875 0.806875 0.19333333333333333 0.805 0.20249999999999999 0.8081250000000001 0.21000000000000002 0.7931250000000001 0.21000000000000002 0.765 0.20083333333333334 0.74875 0.20416666666666666 0.738125 0.20249999999999999 0.70125 0.19 0.695625 0.17833333333333332 0.6943750000000001 0.1675 0.68875 0.13999999999999999 0.6825 0.13583333333333333 0.6837500000000001 0.11833333333333333 0.678125 0.1125 0.6787500000000001 0.1125 0.685625 0.10916666666666666 0.691875 0.10833333333333332 0.709375 0.11166666666666666 0.7143750000000001
0 0.5116666666666666 0.5225000000000001 0.5116666666666666 0.5181250000000001 0.5083333333333333 0.5181250000000001 0.5116666666666666 0.5225000000000001
0 0.5291666666666667 0.515 0.5291666666666667 0.513125 0.52 0.51375 0.5208333333333333 0.5162500000000001 0.5291666666666667 0.515
0 0.5366666666666666 0.49312500000000004 0.5391666666666667 0.49750000000000005 0.5508333333333333 0.49812500000000004 0.5633333333333332 0.48875 0.5708333333333333 0.48875 0.5816666666666667 0.5025000000000001 0.5925 0.495 0.5833333333333333 0.49375 0.5741666666666666 0.484375 0.5625 0.484375 0.5575 0.48875 0.5525 0.4875 0.5525 0.48375 0.5433333333333333 0.48375 0.5416666666666667 0.48562500000000003 0.54 0.484375 0.5425 0.48812500000000003 0.5366666666666666 0.49312500000000004
0 0.42666666666666664 0.50375 0.4383333333333333 0.505625 0.4425 0.508125 0.4508333333333333 0.5068750000000001 0.4533333333333333 0.5118750000000001 0.4583333333333333 0.51375 0.47333333333333333 0.515 0.4766666666666667 0.5112500000000001 0.48 0.513125 0.5083333333333333 0.514375 0.5141666666666667 0.5118750000000001 0.5108333333333334 0.508125 0.5208333333333333 0.505625 0.5266666666666666 0.50125 0.5283333333333333 0.49625 0.5349999999999999 0.49437500000000006 0.5333333333333333 0.490625 0.5383333333333333 0.484375 0.53 0.4831250000000001 0.5275000000000001 0.480625 0.5083333333333333 0.4800000000000001 0.5033333333333333 0.478125 0.49000000000000005 0.47875000000000006 0.43583333333333335 0.49000000000000005 0.4208333333333333 0.490625 0.4175 0.49312500000000004 0.4208333333333333 0.499375 0.42666666666666664 0.50375
0 0.2758333333333333 0.9631250000000001 0.2791666666666667 0.9637500000000001 0.28250000000000003 0.95625 0.27666666666666667 0.95625 0.2783333333333333 0.96125 0.2758333333333333 0.9631250000000001
0 0.29296875 0.9375 0.00078125 0.003125
0 0.28500000000000003 0.9356250000000002 0.28250000000000003 0.931875 0.28250000000000003 0.93625 0.28500000000000003 0.9356250000000002
0 0.24416666666666664 0.9225 0.24333333333333332 0.9193749999999999 0.24166666666666664 0.92125 0.24416666666666664 0.9225
0 0.2658333333333333 0.903125 0.27666666666666667 0.900625 0.2783333333333333 0.896875 0.2758333333333333 0.896875 0.26916666666666667 0.89 0.25833333333333336 0.8925000000000001 0.2575 0.8975 0.2658333333333333 0.903125
0 0.2308333333333333 0.9043750000000002 0.22916666666666666 0.9181250000000001 0.23833333333333334 0.9225 0.23833333333333334 0.9 0.23333333333333334 0.89375 0.2375 0.8925000000000001 0.23833333333333334 0.89 0.2341666666666667 0.890625 0.2308333333333333 0.8862500000000001 0.225 0.889375 0.225 0.896875 0.2308333333333333 0.9043750000000002
0 0.2633333333333333 0.8700000000000001 0.25833333333333336 0.8668750000000001 0.255 0.8712500000000001 0.2633333333333333 0.8700000000000001
0 0.2475 0.865 0.25083333333333335 0.859375 0.24666666666666667 0.8575000000000002 0.24416666666666664 0.8625 0.2475 0.865
0 0.265 0.8631249999999999 0.27083333333333337 0.880625 0.2733333333333333 0.88125 0.27166666666666667 0.883125 0.28250000000000003 0.884375 0.28583333333333333 0.8887500000000002 0.2816666666666666 0.9037499999999999 0.2833333333333333 0.9081250000000001 0.27666666666666667 0.9137500000000001 0.27 0.914375 0.27166666666666667 0.9200000000000002 0.2791666666666667 0.9181250000000001 0.28250000000000003 0.9225 0.2925 0.928125 0.2966666666666667 0.9200000000000002 0.31 0.930625 0.3175 0.9349999999999999 0.32166666666666666 0.9349999999999999 0.3183333333333333 0.9425000000000001 0.32166666666666666 0.94625 0.3175 0.9475 0.3125 0.945625 0.31916666666666665 0.951875 0.3275 0.9662500000000002 0.3308333333333333 0.9631250000000001 0.3283333333333333 0.9606250000000001 0.3275 0.9387500000000001 0.32999999999999996 0.9337500000000001 0.33916666666666667 0.9268750000000001 0.3383333333333333 0.9075000000000001 0.3283333333333333 0.900625 0.32999999999999996 0.8881249999999999 0.3275 0.883125 0.3275 0.8668750000000001 0.32416666666666666 0.8625 0.32083333333333336 0.8637500000000001 0.3175 0.8618750000000001 0.30083333333333334 0.8612500000000001 0.2891666666666667 0.8675 0.2866666666666667 0.8606250000000001 0.2891666666666667 0.8550000000000001 0.28583333333333333 0.85375 0.27999999999999997 0.8575000000000002 0.275 0.8512500000000001 0.27083333333333337 0.851875 0.27 0.85875 0.265 0.8631249999999999
0 0.3275 0.8462500000000001 0.33249999999999996 0.83125 0.3275 0.8300000000000001 0.32416666666666666 0.8325000000000001 0.3225 0.8425 0.3275 0.8462500000000001
0 0.41484375 0.6890625 0.00078125 0.0015625
0 0.3516666666666667 0.6837500000000001 0.3516666666666667 0.681875 0.3491666666666667 0.6825 0.3516666666666667 0.6837500000000001
0 0.34249999999999997 0.725 0.3416666666666667 0.74875 0.345 0.753125 0.3525 0.75 0.37333333333333335 0.7575000000000001 0.38666666666666666 0.75625 0.4041666666666667 0.765 0.4116666666666666 0.765625 0.41833333333333333 0.76375 0.4216666666666667 0.766875 0.43166666666666664 0.76875 0.4425 0.774375 0.4608333333333333 0.778125 0.47000000000000003 0.7825 0.4766666666666667 0.7825 0.48166666666666663 0.779375 0.48166666666666663 0.775 0.5 0.765 0.5208333333333333 0.7375 0.5258333333333333 0.73875 0.5291666666666667 0.735625 0.5358333333333334 0.7350000000000001 0.5316666666666666 0.734375 0.5366666666666666 0.729375 0.5433333333333333 0.701875 0.5433333333333333 0.690625 0.5358333333333334 0.681875 0.53 0.681875 0.5316666666666666 0.68625 0.5291666666666667 0.695625 0.5266666666666666 0.6975 0.5208333333333333 0.69625 0.5166666666666667 0.6993750000000001 0.5116666666666666 0.6987500000000001 0.5108333333333334 0.70125 0.5141666666666667 0.703125 0.51 0.7050000000000001 0.5108333333333334 0.709375 0.49833333333333335 0.7237500000000001 0.4741666666666666 0.7362500000000001 0.43166666666666664 0.728125 0.42833333333333334 0.725 0.4208333333333333 0.724375 0.41833333333333333 0.721875 0.39916666666666667 0.72 0.3883333333333333 0.7125 0.37666666666666665 0.71375 0.36666666666666664 0.7106250000000001 0.35583333333333333 0.711875 0.3466666666666667 0.7 0.34249999999999997 0.703125 0.345 0.71875 0.34249999999999997 0.725
0 0.4216666666666667 0.685 0.42416666666666664 0.681875 0.4141666666666667 0.6787500000000001 0.41083333333333333 0.680625 0.40750000000000003 0.678125 0.41500000000000004 0.684375 0.4216666666666667 0.685
0 0.44609375 0.66875 0.00234375 0.00078125
0 0.3716666666666667 0.6787500000000001 0.3783333333333333 0.675 0.3625 0.664375 0.35833333333333334 0.666875 0.35833333333333334 0.68625 0.36666666666666664 0.685625 0.3745575221238938 0.6802986725663718 0.3716666666666667 0.6787500000000001
0 0.6941666666666666 0.60875 0.6925 0.606875 0.6708333333333333 0.60875 0.6866666666666666 0.6118750000000001 0.6941666666666666 0.60875
0 0.6599999999999999 0.610625 0.6641666666666667 0.609375 0.6608333333333334 0.606875 0.6583333333333333 0.60875 0.6599999999999999 0.610625
0 0.6516666666666666 0.6025 0.65 0.6006250000000001 0.6491666666666667 0.60375 0.6516666666666666 0.6025
0 0.6958333333333333 0.591875 0.6925 0.59125 0.6966666666666667 0.598125 0.6958333333333333 0.591875
0 0.6691666666666667 0.5962500000000001 0.675 0.5943750000000001 0.6758333333333333 0.591875 0.6733333333333333 0.59375 0.67 0.59125 0.6658333333333333 0.5925 0.6625 0.595 0.6691666666666667 0.5962500000000001
0 0.6675 0.5875 0.6683333333333333 0.584375 0.6633333333333333 0.58125 0.6599999999999999 0.581875 0.6675 0.5875
0 0.6391666666666667 0.5831250000000001 0.6358333333333334 0.5850000000000001 0.6366666666666666 0.588125 0.6408333333333334 0.581875 0.64 0.579375 0.6358333333333334 0.58125 0.6391666666666667 0.5831250000000001
0 0.7058333333333333 0.5875 0.7125 0.586875 0.71 0.57625 0.7008333333333333 0.579375 0.6991666666666666 0.5850000000000001 0.7058333333333333 0.5875
0 0.67109375 0.57109375 0.00078125 0.0015625
0 0.6849999999999999 0.566875 0.6816666666666666 0.5650000000000001 0.6766666666666666 0.56625 0.6816666666666666 0.5725 0.6849999999999999 0.566875
0 0.6541666666666667 0.575625 0.6608333333333334 0.573125 0.6641666666666667 0.56625 0.655 0.56375 0.6533333333333333 0.565625 0.6516666666666666 0.5743750000000001 0.6541666666666667 0.575625
0 0.5716666666666667 0.6118750000000001 0.5675 0.6175 0.5633333333333332 0.615625 0.5633333333333332 0.62625 0.5675 0.6268750000000001 0.5683333333333334 0.6300000000000001 0.5825 0.634375 0.5925 0.63125 0.595 0.63375 0.6083333333333333 0.6375 0.64 0.641875 0.6508333333333333 0.63875 0.6558333333333334 0.641875 0.6758333333333333 0.646875 0.6941666666666666 0.655 0.6958333333333333 0.6575 0.6991666666666666 0.64875 0.7058333333333333 0.64875 0.7166666666666667 0.64375 0.7158333333333333 0.633125 0.72 0.6300000000000001 0.73 0.6325000000000001 0.7341666666666666 0.6268750000000001 0.7408333333333333 0.62625 0.74 0.6225 0.7441666666666666 0.6206250000000001 0.7483333333333333 0.61375 0.7658333333333334 0.6143750000000001 0.7708333333333333 0.613125 0.7725 0.610625 0.7758333333333333 0.6125 0.7716666666666667 0.6056250000000001 0.7791666666666667 0.603125 0.7825 0.606875 0.7841666666666667 0.5987500000000001 0.7966666666666666 0.5925 0.8033333333333333 0.584375 0.8066666666666666 0.5856250000000001 0.8041666666666666 0.584375 0.8074999999999999 0.5806250000000001 0.8141666666666666 0.54625 0.8091666666666667 0.545 0.7925 0.5525 0.7883333333333333 0.5525 0.775 0.5493750000000001 0.7558333333333334 0.5487500000000001 0.7316666666666667 0.54375 0.7016666666666667 0.5425000000000001 0.6933333333333334 0.539375 0.6783333333333333 0.5381250000000001 0.6625 0.546875 0.6599999999999999 0.55 0.6625 0.553125 0.6475 0.56375 0.6366666666666666 0.56375 0.635 0.56625 0.6233333333333333 0.570625 0.6174999999999999 0.578125 0.6183333333333334 0.5806250000000001 0.6158333333333333 0.5806250000000001 0.6125 0.58625 0.6075 0.5850000000000001 0.6091666666666666 0.5800000000000001 0.6025 0.5800000000000001 0.5833333333333333 0.591875 0.5841666666666667 0.5987500000000001 0.5816666666666667 0.6006250000000001 0.5733333333333334 0.6012500000000001 0.5691666666666666 0.5987500000000001 0.5691666666666666 0.5956250000000001 0.5666666666666667 0.5956250000000001 0.5641666666666667 0.599375 0.5633333333333332 0.6056250000000001 0.5716666666666667 0.6118750000000001
0 0.43499999999999994 0.584375 0.4458333333333333 0.59125 0.47333333333333333 0.59375 0.5166666666666667 0.60375 0.5466666666666666 0.6075 0.55 0.606875 0.5633333333333332 0.593125 0.5866666666666667 0.5856250000000001 0.5941666666666666 0.58125 0.5966666666666667 0.575625 0.585 0.56625 0.5341666666666667 0.561875 0.5233333333333333 0.5575 0.5116666666666666 0.56 0.5025000000000001 0.555625 0.48916666666666664 0.555 0.4333333333333333 0.5775 0.4325 0.58125 0.43499999999999994 0.584375
0 0.175 0.5475000000000001 0.17666666666666667 0.54625 0.17333333333333334 0.5431250000000001 0.17083333333333334 0.5431250000000001 0.175 0.5475000000000001
0 0.016666666666666666 0.515 0.010833333333333334 0.51875 0.006666666666666666 0.51875 0.004166666666666667 0.5125 0 0.514375 0 0.5275000000000001 0.003333333333333333 0.52875 0.003333333333333333 0.541875 0 0.544375 0 0.5537500000000001 0.0025 0.555 0.0025 0.5675000000000001 0.017499999999999998 0.57125 0.04583333333333333 0.570625 0.04166666666666667 0.5631250000000001 0.04416666666666667 0.560625 0.05 0.5631250000000001 0.056666666666666664 0.5537500000000001 0.07083333333333333 0.555625 0.07916666666666666 0.55125 0.08166666666666667 0.553125 0.09 0.548125 0.0925 0.548125 0.095 0.5518750000000001 0.10166666666666666 0.5518750000000001 0.1075 0.54625 0.11333333333333333 0.545 0.12833333333333333 0.544375 0.13333333333333333 0.5475000000000001 0.13666666666666666 0.545 0.14666666666666667 0.544375 0.15333333333333332 0.539375 0.16666666666666669 0.539375 0.16333333333333333 0.53125 0.15583333333333332 0.525 0.155 0.52 0.1375 0.514375 0.1275 0.5075000000000001 0.07583333333333334 0.5068750000000001 0.03916666666666667 0.5006250000000001 0.02583333333333333 0.50125 0.0225 0.5050000000000001 0.010833333333333334 0.5050000000000001 0.016666666666666666 0.50875 0.016666666666666666 0.515
0 0.35416666666666663 0.5775 0.4291666666666667 0.58375 0.4333333333333333 0.5775 0.4491666666666666 0.568125 0.4791666666666667 0.55625 0.4875 0.5431250000000001 0.4875 0.5331250000000001 0.47750000000000004 0.5331250000000001 0.4666666666666667 0.541875 0.4608333333333333 0.5387500000000001 0.44833333333333336 0.54125 0.4425 0.54 0.43499999999999994 0.5431250000000001 0.43583333333333335 0.5475000000000001 0.43166666666666664 0.55125 0.4216666666666667 0.55 0.40166666666666667 0.5387500000000001 0.39166666666666666 0.540625 0.37916666666666665 0.539375 0.37583333333333335 0.5425000000000001 0.36583333333333334 0.5431250000000001 0.36083333333333334 0.546875 0.3416666666666667 0.5537500000000001 0.33166666666666667 0.5537500000000001 0.3275 0.556875 0.32666666666666666 0.5675000000000001 0.35416666666666663 0.5775
0 0.3383333333333333 0.571875 0.4058333333333334 0.58125 0.4258333333333333 0.58125 0.43583333333333335 0.5737500000000001 0.47000000000000003 0.56125 0.485 0.553125 0.48666666666666664 0.5475000000000001 0.495 0.5425000000000001 0.49416666666666664 0.5325 0.49749999999999994 0.5275000000000001 0.5075000000000001 0.52375 0.5116666666666666 0.519375 0.5166666666666667 0.51875 0.515 0.515625 0.5016666666666667 0.5118750000000001 0.4925 0.513125 0.45499999999999996 0.5112500000000001 0.4216666666666667 0.50375 0.3933333333333333 0.504375 0.3883333333333333 0.510625 0.38333333333333336 0.5075000000000001 0.375 0.5075000000000001 0.37 0.510625 0.3491666666666667 0.5118750000000001 0.3491666666666667 0.514375 0.33999999999999997 0.51875 0.34249999999999997 0.529375 0.3491666666666667 0.5362500000000001 0.3616666666666667 0.54 0.3441666666666666 0.5518750000000001 0.3308333333333333 0.553125 0.3275 0.560625 0.3275 0.5675000000000001 0.3383333333333333 0.571875
0 0.6725 0.721875 0.6775 0.724375 0.6799999999999999 0.723125 0.6808333333333334 0.7206250000000001 0.6783333333333333 0.71875 0.6675 0.7193750000000001 0.6683333333333333 0.7225 0.6725 0.721875
0 0.6783333333333333 0.7025 0.6783333333333333 0.704375 0.6908333333333333 0.703125 0.6891666666666667 0.700625 0.6858333333333333 0.7025 0.6783333333333333 0.7025
0 0.5566666666666666 0.66875 0.5741666666666666 0.67 0.5908333333333333 0.6768750000000001 0.5925 0.678125 0.5891666666666666 0.68 0.5891666666666666 0.68625 0.5933333333333334 0.68875 0.5908333333333333 0.6925000000000001 0.6091666666666666 0.69375 0.6091666666666666 0.69125 0.6058333333333333 0.69125 0.6033333333333333 0.686875 0.6133333333333333 0.68 0.6258333333333332 0.6837500000000001 0.6375 0.6831250000000001 0.6541666666666667 0.68875 0.67 0.690625 0.6883333333333332 0.6987500000000001 0.6958333333333333 0.698125 0.7058333333333333 0.690625 0.7175 0.68625 0.7191666666666666 0.680625 0.7233333333333334 0.68 0.7241666666666666 0.67625 0.7466666666666667 0.66 0.755 0.645 0.7691666666666667 0.6375 0.7733333333333333 0.638125 0.7791666666666667 0.635 0.78 0.6300000000000001 0.7908333333333333 0.62375 0.8 0.6256250000000001 0.8008333333333333 0.618125 0.8066666666666666 0.60875 0.8066666666666666 0.5952500000000001 0.8033333333333333 0.5943750000000001 0.8066666666666666 0.591875 0.7883333333333333 0.59375 0.7833333333333333 0.5925 0.7791666666666667 0.588125 0.76 0.588125 0.7408333333333333 0.601875 0.73 0.6056250000000001 0.7274999999999999 0.6125 0.72 0.615625 0.7175 0.6206250000000001 0.7058333333333333 0.628125 0.6991666666666666 0.628125 0.6891666666666667 0.623125 0.6475 0.62 0.5675 0.609375 0.5616666666666666 0.6125 0.5599999999999999 0.625 0.5558333333333334 0.6300000000000001 0.5541666666666667 0.665625 0.5566666666666666 0.66875
0 0.4341666666666667 0.50625 0.45666666666666667 0.5112500000000001 0.47750000000000004 0.51 0.48083333333333333 0.5118750000000001 0.4875 0.508125 0.4875 0.50125 0.49000000000000005 0.49812500000000004 0.4758333333333333 0.48875 0.47833333333333333 0.484375 0.4766666666666667 0.48250000000000004 0.4491666666666666 0.484375 0.42000000000000004 0.491875 0.4208333333333333 0.50125 0.4341666666666667 0.50625
0 0.49000000000000005 0.555625 0.5041666666666667 0.559375 0.5091666666666667 0.5650000000000001 0.5225 0.57125 0.5283333333333333 0.5693750000000001 0.5291666666666667 0.5631250000000001 0.5358333333333334 0.5631250000000001 0.5483333333333333 0.56625 0.5599999999999999 0.565625 0.5733333333333334 0.56875 0.5858333333333333 0.56875 0.595 0.5743750000000001 0.595 0.57625 0.5991666666666666 0.57625 0.6133333333333333 0.5743750000000001 0.6425 0.559375 0.6566666666666666 0.56 0.6633333333333333 0.5431250000000001 0.6425 0.5425000000000001 0.6275000000000001 0.5493750000000001 0.6 0.5543750000000001 0.5841666666666667 0.5543750000000001 0.5408333333333333 0.5431250000000001 0.515 0.5425000000000001 0.5 0.539375 0.49749999999999994 0.539375 0.4958333333333333 0.5431250000000001 0.4875 0.548125 0.48666666666666664 0.553125 0.49000000000000005 0.555625
0 0.7141666666666666 0.5162500000000001 0.7375 0.5175000000000001 0.7483333333333333 0.5206250000000001 0.7725 0.5231250000000001 0.8 0.525625 0.8099999999999999 0.5206250000000001 0.8175000000000001 0.519375 0.8191666666666666 0.5162500000000001 0.8166666666666667 0.5050000000000001 0.8041666666666666 0.4987500000000001 0.795 0.5 0.7883333333333333 0.496875 0.7633333333333333 0.495 0.7458333333333333 0.4912500000000001 0.7408333333333333 0.4912500000000001 0.7133333333333333 0.50375 0.7058333333333333 0.5050000000000001 0.7033333333333334 0.5118750000000001 0.7141666666666666 0.5162500000000001
0 0.615 0.49750000000000005 0.6208333333333333 0.5025000000000001 0.65 0.505625 0.6858333333333333 0.505625 0.6991666666666666 0.508125 0.7208333333333333 0.5006250000000001 0.7208333333333333 0.49250000000000005 0.7166666666666667 0.4875 0.6783333333333333 0.4875 0.6441666666666667 0.48187500000000005 0.6375 0.48187500000000005 0.6208333333333333 0.48687500000000006 0.615 0.4912500000000001 0.615 0.49750000000000005
0 0.5533333333333333 0.78125 0.5583333333333333 0.7862500000000001 0.575 0.7881250000000001 0.5883333333333333 0.79375 0.5966666666666667 0.79375 0.6183333333333334 0.8 0.6308333333333334 0.80625 0.6466666666666667 0.8081250000000001 0.6516666666666666 0.8106250000000002 0.6508333333333333 0.8137500000000001 0.6708333333333333 0.8137500000000001 0.6791666666666667 0.806875 0.6958333333333333 0.7862500000000001 0.6966666666666667 0.78125 0.7033333333333334 0.775625 0.7108333333333333 0.76375 0.7133333333333333 0.75375 0.7175 0.748125 0.7233333333333334 0.745 0.7316666666666667 0.728125 0.7375 0.7237500000000001 0.7408333333333333 0.716875 0.7408333333333333 0.70875 0.7458333333333333 0.6987500000000001 0.755 0.68875 0.7541666666666667 0.685625 0.7583333333333333 0.6825 0.7591666666666667 0.6775 0.7666666666666667 0.675 0.7666666666666667 0.67125 0.7725 0.66875 0.7875 0.65 0.7941666666666667 0.6475000000000001 0.8 0.641875 0.8033333333333333 0.6362500000000001 0.8033333333333333 0.613125 0.8066666666666666 0.6056250000000001 0.8066666666666666 0.60375 0.8016666666666665 0.6025 0.8 0.5962500000000001 0.7966666666666666 0.5975 0.7933333333333333 0.595 0.7866666666666666 0.5943750000000001 0.7825 0.5962500000000001 0.7783333333333333 0.588125 0.775 0.588125 0.7691666666666667 0.5925 0.7616666666666666 0.588125 0.755 0.59125 0.7433333333333334 0.6025 0.7408333333333333 0.60875 0.7383333333333333 0.6056250000000001 0.735 0.6056250000000001 0.7316666666666667 0.6125 0.7316666666666667 0.6225 0.7283333333333333 0.62625 0.7241666666666666 0.629375 0.72 0.629375 0.7166666666666667 0.62625 0.71 0.629375 0.7083333333333333 0.644375 0.7058333333333333 0.64625 0.7024999999999999 0.6456250000000001 0.6991666666666666 0.649375 0.6958333333333333 0.646875 0.6925 0.6525000000000001 0.6816666666666666 0.645 0.6741666666666666 0.645 0.6816666666666666 0.6368750000000001 0.6883333333333332 0.640625 0.6925 0.6368750000000001 0.6883333333333332 0.6300000000000001 0.6891666666666667 0.62625 0.6641666666666667 0.6212500000000001 0.6433333333333333 0.6212500000000001 0.635 0.618125 0.6224999999999999 0.619375 0.6133333333333333 0.615625 0.595 0.6162500000000001 0.585 0.6125 0.585 0.6175 0.58 0.6175 0.5775 0.6125 0.5641666666666667 0.6112500000000001 0.5625 0.618125 0.5650000000000001 0.624375 0.5566666666666666 0.6300000000000001 0.5533333333333333 0.664375 0.5549999999999999 0.6825 0.55 0.691875 0.5516666666666666 0.71125 0.5466666666666666 0.7256250000000001 0.5458333333333333 0.738125 0.5458333333333333 0.779375 0.5533333333333333 0.78125
0 0.4608333333333333 0.4831250000000001 0.4658333333333333 0.48812500000000003 0.48083333333333333 0.490625 0.495 0.4831250000000001 0.5091666666666667 0.48125 0.5108333333333334 0.47750000000000004 0.5025000000000001 0.46625000000000005 0.4925 0.46625000000000005 0.48583333333333334 0.46875 0.485 0.47375 0.47333333333333333 0.480625 0.4525 0.48375 0.45666666666666667 0.48625000000000007 0.4608333333333333 0.4831250000000001
0 0.20249999999999999 0.69625 0.20249999999999999 0.6893750000000001 0.195 0.693125 0.1925 0.6900000000000001 0.19 0.690625 0.19 0.6925000000000001 0.20249999999999999 0.69625
0 0.16796875 0.68515625 0.00078125 0.0015625
0 0.20083333333333334 0.58375 0.205 0.581875 0.20249999999999999 0.578125 0.19916666666666666 0.5806250000000001 0.20083333333333334 0.58375
0 0.10083333333333333 0.59125 0.1075 0.595 0.10833333333333332 0.6056250000000001 0.11166666666666666 0.609375 0.10500000000000001 0.621875 0.10500000000000001 0.628125 0.10833333333333332 0.633125 0.11083333333333334 0.665 0.12166666666666666 0.666875 0.12583333333333332 0.675 0.13333333333333333 0.675625 0.13583333333333333 0.6787500000000001 0.14333333333333334 0.6787500000000001 0.15166666666666667 0.681875 0.16499999999999998 0.6825 0.16666666666666669 0.6787500000000001 0.1725 0.67625 0.17666666666666667 0.68125 0.1775 0.6893750000000001 0.1825 0.69125 0.18666666666666668 0.69125 0.19 0.684375 0.19583333333333333 0.68125 0.20249999999999999 0.6881250000000001 0.205 0.6793750000000001 0.20416666666666666 0.615625 0.20833333333333334 0.6143750000000001 0.21166666666666667 0.6168750000000001 0.21666666666666665 0.6162500000000001 0.22583333333333333 0.609375 0.22999999999999998 0.60875 0.23166666666666663 0.604375 0.23666666666666666 0.6012500000000001 0.24083333333333332 0.604375 0.24833333333333335 0.6 0.265 0.5987500000000001 0.265 0.5962500000000001 0.26 0.593125 0.25666666666666665 0.58375 0.255 0.5825 0.24833333333333335 0.584375 0.24500000000000002 0.5806250000000001 0.24083333333333332 0.5825 0.23166666666666663 0.576875 0.23500000000000001 0.573125 0.23333333333333334 0.57125 0.2308333333333333 0.576875 0.22000000000000003 0.58625 0.21583333333333332 0.58625 0.2125 0.5925 0.19749999999999998 0.590625 0.1925 0.5943750000000001 0.18083333333333335 0.5875 0.17583333333333334 0.586875 0.17333333333333334 0.584375 0.17833333333333332 0.581875 0.17666666666666667 0.578125 0.17166666666666666 0.578125 0.15583333333333332 0.5675000000000001 0.15166666666666667 0.5700000000000001 0.15083333333333332 0.5675000000000001 0.15 0.5787500000000001 0.14666666666666667 0.578125 0.14333333333333334 0.5806250000000001 0.1375 0.5806250000000001 0.13083333333333333 0.5737500000000001 0.11916666666666667 0.5737500000000001 0.11416666666666667 0.576875 0.10166666666666666 0.5775 0.095 0.58125 0.09333333333333334 0.5850000000000001 0.09666666666666666 0.588125 0.09833333333333333 0.58625 0.10083333333333333 0.59125
0 0.6683333333333333 0.8881249999999999 0.6683333333333333 0.8918750000000001 0.6658333333333333 0.8956250000000001 0.6608333333333334 0.8975 0.6558333333333334 0.9125 0.6599999999999999 0.915625 0.6575 0.9175000000000001 0.6575 0.921875 0.6649999999999999 0.930625 0.6616666666666666 0.938125 0.6608333333333334 0.9512500000000002 0.6683333333333333 0.95875 0.6683333333333333 0.961875 0.6641666666666667 0.976875 0.6583333333333333 0.98375 0.6575 0.9943750000000001 0.6891666666666667 0.9493750000000001 0.6933333333333334 0.930625 0.7041666666666667 0.9087500000000001 0.72 0.8868750000000001 0.725 0.8706250000000001 0.7416666666666667 0.844375 0.755 0.8087500000000001 0.7691666666666667 0.7931250000000001 0.7891666666666667 0.765 0.8008333333333333 0.6793750000000001 0.8 0.6625 0.7966666666666666 0.660625 0.8 0.659375 0.8 0.65625 0.7916666666666667 0.664375 0.7833333333333333 0.68 0.7616666666666666 0.6975 0.7575000000000001 0.706875 0.75 0.711875 0.7391666666666666 0.7375 0.7333333333333333 0.7412500000000001 0.725 0.7568750000000001 0.72 0.759375 0.6958333333333333 0.795625 0.6816666666666666 0.811875 0.6708333333333333 0.8175000000000001 0.6708333333333333 0.8243750000000001 0.6808333333333334 0.8325000000000001 0.6816666666666666 0.8387500000000001 0.6625 0.865625 0.6641666666666667 0.883125 0.6683333333333333 0.8881249999999999
0 0.7516666666666667 0.5825 0.7516666666666667 0.5787500000000001 0.7474999999999999 0.5775 0.7483333333333333 0.58375 0.7516666666666667 0.5825
0 0.5641666666666667 0.606875 0.5916666666666667 0.6112500000000001 0.6066666666666667 0.6112500000000001 0.6475 0.61875 0.7066666666666667 0.62375 0.7183333333333334 0.6168750000000001 0.7258333333333333 0.6050000000000001 0.7341666666666666 0.603125 0.7424999999999999 0.5975 0.745 0.590625 0.735 0.5850000000000001 0.7308333333333333 0.5800000000000001 0.7241666666666666 0.5850000000000001 0.7166666666666667 0.5850000000000001 0.7083333333333333 0.5831250000000001 0.7058333333333333 0.58125 0.7066666666666667 0.5775 0.6975 0.581875 0.6883333333333332 0.581875 0.6858333333333333 0.5787500000000001 0.675 0.581875 0.6541666666666667 0.576875 0.6475 0.578125 0.6224999999999999 0.575 0.6025 0.576875 0.585 0.5875 0.5608333333333333 0.5962500000000001 0.5583333333333333 0.601875 0.5641666666666667 0.606875
0 0.6883333333333332 0.57625 0.69 0.5743750000000001 0.6866666666666666 0.5737500000000001 0.6849999999999999 0.575 0.6883333333333332 0.57625
0 0.6983333333333334 0.575 0.6983333333333334 0.57125 0.6958333333333333 0.570625 0.6958333333333333 0.5775 0.6983333333333334 0.575
0 0.47333333333333333 0.9393750000000001 0.47833333333333333 0.9356250000000002 0.4741666666666666 0.931875 0.4708333333333333 0.9337500000000001 0.47000000000000003 0.93625 0.47333333333333333 0.9393750000000001
0 0.48 0.951875 0.47750000000000004 0.95625 0.4875 0.95875 0.48 0.9650000000000001 0.4791666666666667 0.978125 0.4875 0.9787500000000001 0.495 0.9850000000000001 0.5016666666666667 0.983125 0.505 0.9856250000000001 0.5083333333333333 0.983125 0.5066666666666666 0.976875 0.5116666666666666 0.9731250000000001 0.515 0.975 0.5183333333333333 0.9737500000000001 0.5233333333333333 0.9800000000000001 0.5216666666666667 0.9881250000000001 0.5291666666666667 0.993125 0.5358333333333334 0.9893750000000001 0.5483333333333333 0.9881250000000001 0.5525 0.9893750000000001 0.5566666666666666 0.9943750000000001 0.5741666666666666 0.9975000000000002 0.5883333333333333 0.9962500000000001 0.5983333333333334 0.999375 0.6016666666666667 0.996875 0.6266666666666667 0.9975000000000002 0.6458333333333333 0.9956250000000001 0.6516666666666666 0.999375 0.6591666666666667 0.9950000000000001 0.6683333333333333 0.978125 0.6675 0.9662500000000002 0.6616666666666666 0.95625 0.6616666666666666 0.9525 0.6658333333333333 0.9493750000000001 0.6641666666666667 0.940625 0.6675 0.9356250000000002 0.6675 0.931875 0.6608333333333334 0.925 0.6641666666666667 0.9225 0.6616666666666666 0.91625 0.6558333333333334 0.920625 0.6466666666666667 0.9181250000000001 0.6408333333333334 0.9225 0.6391666666666667 0.92875 0.6266666666666667 0.945625 0.6191666666666666 0.945625 0.6125 0.9487500000000001 0.5983333333333334 0.9375 0.5916666666666667 0.9387500000000001 0.5908333333333333 0.946875 0.5866666666666667 0.9525 0.5908333333333333 0.9543750000000001 0.5900000000000001 0.9575000000000001 0.5791666666666667 0.9556250000000001 0.5641666666666667 0.96125 0.5616666666666666 0.9600000000000002 0.5641666666666667 0.9556250000000001 0.5716666666666667 0.953125 0.5708333333333333 0.944375 0.5741666666666666 0.9425000000000001 0.575 0.9387500000000001 0.5691666666666666 0.9349999999999999 0.5650000000000001 0.9349999999999999 0.5591666666666667 0.9387500000000001 0.5508333333333333 0.9393750000000001 0.5483333333333333 0.9487500000000001 0.5416666666666667 0.951875 0.5408333333333333 0.9493750000000001 0.5358333333333334 0.95 0.5291666666666667 0.9450000000000001 0.5258333333333333 0.946875 0.5183333333333333 0.9418750000000001 0.5141666666666667 0.9356250000000002 0.505 0.9349999999999999 0.5 0.9387500000000001 0.49083333333333334 0.93 0.48250000000000004 0.9325000000000001 0.48166666666666663 0.9337500000000001 0.4883333333333333 0.936875 0.48166666666666663 0.9393750000000001 0.4791666666666667 0.94375 0.4841666666666667 0.9525 0.48 0.951875
0 0.5658333333333333 0.9106250000000001 0.5608333333333333 0.9099999999999999 0.5641666666666667 0.9181250000000001 0.5658333333333333 0.9106250000000001
0 0.6675 0.911875 0.6675 0.9081250000000001 0.6666666666666667 0.9075000000000001 0.6633333333333333 0.909375 0.6675 0.911875
0 0.6649999999999999 0.9025000000000001 0.6675 0.89375 0.6633333333333333 0.8925000000000001 0.6625 0.9012500000000001 0.6649999999999999 0.9025000000000001
0 0.7491666666666666 0.608125 0.7616666666666666 0.60875 0.76 0.6125 0.7633333333333333 0.619375 0.7625 0.6268750000000001 0.7683333333333333 0.62625 0.7716666666666667 0.619375 0.7933333333333333 0.6118750000000001 0.8041666666666666 0.61375 0.8091666666666667 0.60625 0.8108333333333333 0.565625 0.8150000000000001 0.553125 0.8133333333333332 0.54375 0.7875 0.553125 0.7908333333333333 0.560625 0.7849999999999999 0.56875 0.7683333333333333 0.5831250000000001 0.7591666666666667 0.586875 0.75 0.595 0.7458333333333333 0.60625 0.7491666666666666 0.608125
0 0.2758333333333333 0.6837500000000001 0.2791666666666667 0.6825 0.2816666666666666 0.675 0.2791666666666667 0.673125 0.275 0.675 0.2725 0.6793750000000001 0.2758333333333333 0.6837500000000001
0 0.21083333333333334 0.76 0.2475 0.77125 0.2733333333333333 0.775 0.30333333333333334 0.7875 0.325 0.791875 0.32999999999999996 0.790625 0.335 0.7831250000000001 0.33999999999999997 0.759375 0.3375 0.744375 0.3416666666666667 0.7143750000000001 0.33666666666666667 0.7050000000000001 0.3416666666666667 0.670625 0.3375 0.6681250000000001 0.33333333333333337 0.671875 0.31666666666666665 0.6737500000000001 0.315 0.69125 0.31 0.691875 0.30666666666666664 0.6881250000000001 0.30333333333333334 0.690625 0.2966666666666667 0.690625 0.29083333333333333 0.685625 0.28583333333333333 0.685 0.28500000000000003 0.690625 0.275 0.69625 0.275 0.7 0.2683333333333333 0.701875 0.26416666666666666 0.685625 0.2558333333333333 0.6837500000000001 0.25166666666666665 0.67625 0.24583333333333335 0.6743750000000001 0.24083333333333332 0.67625 0.22916666666666666 0.671875 0.22416666666666668 0.6793750000000001 0.21916666666666665 0.68 0.21666666666666665 0.6768750000000001 0.21583333333333332 0.6625 0.21000000000000002 0.66875 0.20833333333333334 0.6875 0.2058333333333333 0.74875 0.21083333333333334 0.76
0 0.18203125 0.51171875 0.0015625 0.00078125
0 0.20625 0.5118750000000001 0.20666666666666664 0.51 0.21083333333333334 0.5118750000000001 0.21000000000000002 0.509375 0.19916666666666666 0.510625 0.19833333333333333 0.5125 0.20625 0.5118750000000001
0 0.20249999999999999 0.4987500000000001 0.2058333333333333 0.5025000000000001 0.21416666666666667 0.504375 0.21583333333333332 0.50875 0.22000000000000003 0.5075000000000001 0.23666666666666666 0.51 0.25416666666666665 0.50625 0.2891666666666667 0.50875 0.29083333333333333 0.5075000000000001 0.28833333333333333 0.5050000000000001 0.2925 0.503125 0.2975 0.4956250000000001 0.29583333333333334 0.49312500000000004 0.2833333333333333 0.48875 0.2625 0.48375 0.22916666666666666 0.4831250000000001 0.2225 0.48500000000000004 0.19833333333333333 0.48250000000000004 0.19416666666666665 0.48562500000000003 0.195 0.49625 0.20249999999999999 0.4987500000000001
0 0.21666666666666665 0.9087500000000001 0.21666666666666665 0.925 0.21333333333333332 0.9356250000000002 0.21583333333333332 0.9631250000000001 0.22999999999999998 0.9700000000000001 0.23833333333333334 0.9712500000000001 0.3 0.9943750000000001 0.3175 0.9943750000000001 0.32666666666666666 0.9700000000000001 0.33166666666666667 0.9643750000000001 0.33166666666666667 0.959375 0.32916666666666666 0.9450000000000001 0.32166666666666666 0.9337500000000001 0.315 0.93 0.325 0.9243750000000001 0.325 0.9193749999999999 0.32083333333333336 0.915 0.3158333333333333 0.9168750000000001 0.3058333333333333 0.9106250000000001 0.3091666666666667 0.9087500000000001 0.32083333333333336 0.9099999999999999 0.32333333333333336 0.9043750000000002 0.3025 0.896875 0.2966666666666667 0.9 0.2966666666666667 0.906875 0.28833333333333333 0.90625 0.2758333333333333 0.9037499999999999 0.265 0.8943749999999999 0.2575 0.8925000000000001 0.24333333333333332 0.8931250000000001 0.22999999999999998 0.8868750000000001 0.22333333333333333 0.889375 0.2225 0.8931250000000001 0.22333333333333333 0.896875 0.22833333333333333 0.900625 0.22749999999999998 0.905625 0.22333333333333333 0.9087500000000001 0.21666666666666665 0.905625 0.21916666666666665 0.906875 0.21666666666666665 0.9087500000000001
0 0.45916666666666667 0.9793750000000001 0.45999999999999996 0.974375 0.45583333333333337 0.9725000000000001 0.45583333333333337 0.978125 0.45916666666666667 0.9793750000000001
0 0.33166666666666667 0.996875 0.3441666666666666 0.9975000000000002 0.345 0.999375 0.3591666666666667 0.9962500000000001 0.36916666666666664 0.9962500000000001 0.3725 0.999375 0.38916666666666666 0.999375 0.39166666666666666 0.996875 0.4025 0.9956250000000001 0.425 0.9962500000000001 0.42750000000000005 0.999375 0.43666666666666665 0.999375 0.4375 0.9975000000000002 0.4533333333333333 0.9943750000000001 0.45666666666666667 0.9875 0.45583333333333337 0.984375 0.4533333333333333 0.984375 0.44666666666666666 0.978125 0.42833333333333334 0.9706250000000001 0.42416666666666664 0.9712500000000001 0.4125 0.9600000000000002 0.4116666666666666 0.95625 0.3983333333333333 0.9493750000000001 0.39583333333333337 0.951875 0.39416666666666667 0.9493750000000001 0.39416666666666667 0.95375 0.38583333333333336 0.9550000000000001 0.37333333333333335 0.94625 0.33916666666666667 0.940625 0.3358333333333333 0.9425000000000001 0.3441666666666666 0.953125 0.3383333333333333 0.95625 0.3358333333333333 0.9706250000000001 0.3283333333333333 0.9806250000000001 0.3275 0.9943750000000001 0.33166666666666667 0.996875
0 0.04416666666666667 0.64625 0.05 0.64625 0.05166666666666666 0.644375 0.05 0.63875 0.04666666666666667 0.6375 0.04166666666666667 0.641875 0.04083333333333333 0.64375 0.04416666666666667 0.64625
0 0 0.6625 0.006666666666666666 0.6581250000000001 0.019166666666666665 0.6575 0.013333333333333332 0.64875 0.015 0.64375 0.029166666666666667 0.64625 0.029166666666666667 0.64 0.0325 0.6368750000000001 0.0475 0.6362500000000001 0.05166666666666666 0.6325000000000001 0.056666666666666664 0.6325000000000001 0.0625 0.6375 0.0675 0.6375 0.06833333333333333 0.6318750000000001 0.07416666666666667 0.62625 0.07833333333333334 0.62625 0.08416666666666667 0.621875 0.09833333333333333 0.619375 0.10666666666666666 0.6125 0.10500000000000001 0.606875 0.08333333333333334 0.596875 0.0675 0.598125 0.04666666666666667 0.5925 0.03166666666666666 0.5825 0.019166666666666665 0.5787500000000001 0.010833333333333334 0.579375 0 0.58375 0 0.6625
0 0.21666666666666665 0.6456250000000001 0.22000000000000003 0.65 0.2225 0.6481250000000001 0.22833333333333333 0.654375 0.2341666666666667 0.654375 0.23833333333333334 0.6481250000000001 0.24500000000000002 0.64625 0.24833333333333335 0.653125 0.2525 0.655 0.25083333333333335 0.6581250000000001 0.2558333333333333 0.65375 0.2683333333333333 0.65125 0.2791666666666667 0.655625 0.3 0.65375 0.315 0.6581250000000001 0.33416666666666667 0.6587500000000001 0.3383333333333333 0.661875 0.3433333333333333 0.654375 0.3433333333333333 0.640625 0.3516666666666667 0.633125 0.3625 0.6275000000000001 0.3675 0.6212500000000001 0.38 0.618125 0.38666666666666666 0.6125 0.3908333333333333 0.613125 0.4083333333333333 0.60875 0.4091666666666667 0.6050000000000001 0.4041666666666667 0.5987500000000001 0.4058333333333334 0.59125 0.4041666666666667 0.58875 0.39916666666666667 0.588125 0.39666666666666667 0.59375 0.3908333333333333 0.5962500000000001 0.38666666666666666 0.59375 0.38166666666666665 0.5962500000000001 0.375 0.5962500000000001 0.37 0.593125 0.3591666666666667 0.593125 0.35083333333333333 0.5900000000000001 0.3383333333333333 0.5893750000000001 0.31916666666666665 0.5825 0.30666666666666664 0.58375 0.2816666666666666 0.59375 0.26416666666666666 0.604375 0.23333333333333334 0.6143750000000001 0.20916666666666667 0.6275000000000001 0.2125 0.6475000000000001 0.21666666666666665 0.6456250000000001
0 0.0984375 0.796875 0.0015625 0.00078125
0 0.04609375 0.7125 0.00078125 0.00078125
0 0.013333333333333332 0.7368750000000001 0.016666666666666666 0.7412500000000001 0.01 0.744375 0.005 0.7550000000000001 0.0025 0.77 0 0.77125 0 0.78 0.0025 0.78125 0.0025 0.785 0 0.7862500000000001 0 0.819375 0.0025 0.8225 0 0.8487500000000001 0.004166666666666667 0.850625 0.011666666666666667 0.85 0.02583333333333333 0.838125 0.029166666666666667 0.8393750000000001 0.035833333333333335 0.83375 0.04583333333333333 0.834375 0.05083333333333333 0.83125 0.05166666666666666 0.8275 0.056666666666666664 0.8275 0.06 0.8243750000000001 0.06916666666666667 0.8243750000000001 0.07333333333333333 0.819375 0.08499999999999999 0.818125 0.08916666666666666 0.8137500000000001 0.08916666666666666 0.80625 0.08583333333333333 0.8018750000000001 0.08166666666666667 0.8 0.07666666666666666 0.8018750000000001 0.07083333333333333 0.796875 0.09833333333333333 0.7837500000000001 0.10583333333333333 0.77625 0.10166666666666666 0.7193750000000001 0.09833333333333333 0.716875 0.09166666666666666 0.7206250000000001 0.06916666666666667 0.7256250000000001 0.04416666666666667 0.7362500000000001 0.03333333333333333 0.738125 0.03 0.73375 0.029166666666666667 0.7225 0.025 0.72 0.026666666666666665 0.71625 0.029166666666666667 0.716875 0.03 0.71375 0.03916666666666667 0.7081250000000001 0.04416666666666667 0.71125 0.05 0.7056250000000001 0.05333333333333333 0.70625 0.05416666666666666 0.7025 0.049166666666666664 0.701875 0.03916666666666667 0.7050000000000001 0.021666666666666667 0.713125 0.02583333333333333 0.715625 0.024166666666666666 0.71875 0.015 0.71875 0.019166666666666665 0.723125 0.013333333333333332 0.7368750000000001
0 0.08499999999999999 0.703125 0.08666666666666667 0.6993750000000001 0.08 0.7 0.08499999999999999 0.703125
0 0.08249999999999999 0.6925000000000001 0.08 0.691875 0.07833333333333334 0.6925000000000001 0.08249999999999999 0.6925000000000001
0 0.1925 0.48687500000000006 0.19583333333333333 0.48937500000000006 0.2058333333333333 0.48375 0.25083333333333335 0.4831250000000001 0.28500000000000003 0.475 0.31416666666666665 0.47375 0.3275 0.46687500000000004 0.29500000000000004 0.4600000000000001 0.2725 0.459375 0.23166666666666663 0.46312500000000006 0.19666666666666666 0.47062499999999996 0.18916666666666665 0.47375 0.1925 0.48687500000000006
0 0.2891666666666667 0.9875 0.2866666666666667 0.98375 0.28583333333333333 0.9875 0.2891666666666667 0.9875
0 0.2725 0.9806250000000001 0.27 0.978125 0.2683333333333333 0.9806250000000001 0.2725 0.9806250000000001
0 0.28250000000000003 0.9793750000000001 0.28833333333333333 0.9737500000000001 0.28500000000000003 0.9693750000000001 0.27999999999999997 0.971875 0.2783333333333333 0.976875 0.28250000000000003 0.9793750000000001
0 0.27166666666666667 0.96875 0.27166666666666667 0.9643750000000001 0.2683333333333333 0.9650000000000001 0.2683333333333333 0.968125 0.27166666666666667 0.96875
0 0.25083333333333335 0.971875 0.2558333333333333 0.9631250000000001 0.25083333333333335 0.9581250000000001 0.24666666666666667 0.95875 0.24583333333333335 0.9675 0.25083333333333335 0.971875
0 0.22999999999999998 0.959375 0.2325 0.9550000000000001 0.22749999999999998 0.953125 0.22666666666666666 0.9575000000000001 0.22999999999999998 0.959375
0 0.23833333333333334 0.9112500000000001 0.24500000000000002 0.911875 0.24833333333333335 0.9106250000000001 0.24833333333333335 0.903125 0.24583333333333335 0.9 0.2425 0.9012500000000001 0.23583333333333334 0.9087500000000001 0.23833333333333334 0.9112500000000001
0 0.13083333333333333 0.928125 0.1375 0.92875 0.1408333333333333 0.931875 0.14666666666666667 0.931875 0.15666666666666668 0.9387500000000001 0.16416666666666666 0.9393750000000001 0.1675 0.9425000000000001 0.18083333333333335 0.94625 0.18333333333333332 0.9493750000000001 0.19 0.95 0.20249999999999999 0.95625 0.2125 0.9525 0.21749999999999997 0.9237500000000001 0.21333333333333332 0.915625 0.20916666666666667 0.915625 0.21083333333333334 0.9137500000000001 0.205 0.911875 0.20249999999999999 0.906875 0.19166666666666668 0.905625 0.1825 0.89875 0.17916666666666667 0.89875 0.175 0.903125 0.16833333333333333 0.905625 0.16083333333333333 0.900625 0.15916666666666665 0.9081250000000001 0.15416666666666667 0.9112500000000001 0.14750000000000002 0.9112500000000001 0.14333333333333334 0.91625 0.13999999999999999 0.9125 0.13666666666666666 0.913125 0.13333333333333333 0.90625 0.13416666666666666 0.9112500000000001 0.13 0.9106250000000001 0.1275 0.915 0.12583333333333332 0.925 0.13083333333333333 0.928125
0 0.13083333333333333 0.900625 0.1375 0.905 0.13666666666666666 0.9012500000000001 0.13166666666666665 0.8975 0.13333333333333333 0.9 0.13083333333333333 0.900625
0 0.13166666666666665 0.8456250000000001 0.13916666666666666 0.8456250000000001 0.1408333333333333 0.8412499999999999 0.13666666666666666 0.84375 0.13333333333333333 0.8387500000000001 0.12916666666666668 0.8418750000000002 0.13166666666666665 0.8456250000000001
0 0.2308333333333333 0.8150000000000001 0.23666666666666666 0.80625 0.22916666666666666 0.8043750000000001 0.22583333333333333 0.8075000000000001 0.22583333333333333 0.8137500000000001 0.2308333333333333 0.8150000000000001
0 0.14750000000000002 0.76375 0.14833333333333334 0.760625 0.14250000000000002 0.758125 0.14583333333333331 0.7550000000000001 0.13833333333333334 0.755625 0.13916666666666666 0.76375 0.14750000000000002 0.76375
0 0.12083333333333332 0.7225 0.12833333333333333 0.723125 0.13333333333333333 0.7275 0.13 0.7306250000000001 0.13416666666666666 0.728125 0.13416666666666666 0.7306250000000001 0.13583333333333333 0.726875 0.13916666666666666 0.7256250000000001 0.14416666666666667 0.7275 0.145 0.7306250000000001 0.14166666666666666 0.734375 0.145 0.743125 0.14416666666666667 0.748125 0.14916666666666667 0.75125 0.14833333333333334 0.755625 0.155 0.7568750000000001 0.15666666666666668 0.759375 0.15333333333333332 0.76375 0.15416666666666667 0.7681250000000001 0.14916666666666667 0.769375 0.14750000000000002 0.766875 0.13999999999999999 0.7662500000000001 0.12916666666666668 0.76875 0.12666666666666665 0.775625 0.13333333333333333 0.7831250000000001 0.13083333333333333 0.785625 0.125 0.7862500000000001 0.13166666666666665 0.7875 0.13999999999999999 0.795 0.14750000000000002 0.795625 0.15083333333333332 0.7931250000000001 0.15416666666666667 0.79625 0.15416666666666667 0.8006249999999999 0.1575 0.8 0.16083333333333333 0.80375 0.16 0.8081250000000001 0.15583333333333332 0.8099999999999999 0.1575 0.8137500000000001 0.14833333333333334 0.8175000000000001 0.15416666666666667 0.820625 0.145 0.8231250000000001 0.13666666666666666 0.8306250000000001 0.13333333333333333 0.8293750000000001 0.12833333333333333 0.83125 0.13333333333333333 0.8375 0.14250000000000002 0.83375 0.145 0.835 0.14666666666666667 0.85 0.16666666666666669 0.849375 0.16999999999999998 0.8512500000000001 0.175 0.8606250000000001 0.185 0.86 0.19 0.865 0.19666666666666666 0.86625 0.20249999999999999 0.8625 0.20083333333333334 0.8487500000000001 0.2033333333333333 0.8412499999999999 0.19749999999999998 0.836875 0.19083333333333333 0.8356250000000001 0.19 0.8325000000000001 0.19749999999999998 0.8306250000000001 0.19749999999999998 0.826875 0.19083333333333333 0.8237500000000001 0.195 0.8200000000000001 0.19916666666666666 0.8200000000000001 0.20083333333333334 0.8168750000000001 0.19083333333333333 0.8137500000000001 0.19749999999999998 0.809375 0.20249999999999999 0.8106250000000002 0.2058333333333333 0.8075000000000001 0.21083333333333334 0.8006249999999999 0.2125 0.7825 0.21666666666666665 0.77875 0.215 0.7725000000000001 0.20666666666666664 0.764375 0.2058333333333333 0.760625 0.20083333333333334 0.7618750000000001 0.19916666666666666 0.746875 0.2033333333333333 0.7306250000000001 0.19749999999999998 0.7237500000000001 0.20249999999999999 0.7150000000000001 0.20249999999999999 0.7075 0.19833333333333333 0.7056250000000001 0.195 0.7 0.18583333333333335 0.6993750000000001 0.18333333333333332 0.704375 0.17416666666666666 0.7056250000000001 0.17083333333333334 0.7037500000000001 0.16833333333333333 0.70875 0.16583333333333333 0.70875 0.16416666666666666 0.7056250000000001 0.16166666666666668 0.70875 0.1575 0.7056250000000001 0.14166666666666666 0.70625 0.14916666666666667 0.7075 0.14166666666666666 0.7106250000000001 0.14583333333333331 0.71375 0.14333333333333334 0.71625 0.14166666666666666 0.7150000000000001 0.1408333333333333 0.7175 0.1325 0.718125 0.1275 0.715625 0.12166666666666666 0.715625 0.11916666666666667 0.716875 0.12083333333333332 0.7225
0 0.17083333333333334 0.7 0.17083333333333334 0.6943750000000001 0.175 0.6925000000000001 0.17166666666666666 0.6925000000000001 0.16916666666666666 0.69625 0.17083333333333334 0.7
0 0.14750000000000002 0.690625 0.14916666666666667 0.68875 0.14666666666666667 0.6881250000000001 0.14416666666666667 0.6893750000000001 0.14750000000000002 0.690625
0 0.16 0.66625 0.1575 0.6681250000000001 0.16333333333333333 0.665625 0.17916666666666667 0.666875 0.18166666666666667 0.6625 0.18833333333333332 0.66625 0.1925 0.661875 0.19583333333333333 0.661875 0.18916666666666665 0.6575 0.17916666666666667 0.661875 0.18 0.6581250000000001 0.1725 0.653125 0.16583333333333333 0.654375 0.16833333333333333 0.6575 0.16499999999999998 0.660625 0.16083333333333333 0.6587500000000001 0.1575 0.665 0.16 0.66625
0 0.15 0.6587500000000001 0.155 0.65625 0.1575 0.6518750000000001 0.1625 0.65125 0.14833333333333334 0.65 0.14583333333333331 0.65125 0.15 0.6587500000000001
0 0.13583333333333333 0.609375 0.13333333333333333 0.6050000000000001 0.13 0.606875 0.13083333333333333 0.6100000000000001 0.13583333333333333 0.609375
0 0.13666666666666666 0.5987500000000001 0.13916666666666666 0.603125 0.145 0.60375 0.1375 0.609375 0.14458333333333334 0.610625 0.14666666666666667 0.6075 0.15 0.6075 0.14916666666666667 0.610625 0.15166666666666667 0.6125 0.16499999999999998 0.613125 0.1675 0.619375 0.16499999999999998 0.6212500000000001 0.16083333333333333 0.619375 0.1575 0.621875 0.16083333333333333 0.625 0.17166666666666666 0.624375 0.17333333333333334 0.623125 0.16833333333333333 0.61875 0.175 0.615625 0.18166666666666667 0.619375 0.18583333333333335 0.633125 0.18416666666666665 0.6275000000000001 0.18833333333333332 0.62625 0.1925 0.6212500000000001 0.19749999999999998 0.623125 0.19833333333333333 0.6300000000000001 0.20166666666666666 0.630625 0.205 0.6212500000000001 0.20249999999999999 0.6162500000000001 0.2058333333333333 0.61375 0.21000000000000002 0.6168750000000001 0.21416666666666667 0.6168750000000001 0.22666666666666666 0.609375 0.23166666666666663 0.6100000000000001 0.23666666666666666 0.60625 0.24166666666666664 0.6056250000000001 0.2475 0.5987500000000001 0.25416666666666665 0.599375 0.2683333333333333 0.5956250000000001 0.2683333333333333 0.5875 0.27083333333333337 0.58875 0.2733333333333333 0.5856250000000001 0.27666666666666667 0.5893750000000001 0.2816666666666666 0.5893750000000001 0.28500000000000003 0.5856250000000001 0.28500000000000003 0.58125 0.2791666666666667 0.578125 0.275 0.578125 0.27416666666666667 0.5800000000000001 0.27083333333333337 0.578125 0.2658333333333333 0.5800000000000001 0.26166666666666666 0.578125 0.26083333333333336 0.5831250000000001 0.2575 0.584375 0.2525 0.5825 0.2533333333333333 0.579375 0.24833333333333335 0.584375 0.24 0.5806250000000001 0.2375 0.5737500000000001 0.22749999999999998 0.5725 0.22333333333333333 0.5700000000000001 0.21666666666666665 0.570625 0.2125 0.5675000000000001 0.19666666666666666 0.5675000000000001 0.1925 0.573125 0.18833333333333332 0.571875 0.185 0.5743750000000001 0.18416666666666665 0.58125 0.18166666666666667 0.58125 0.17833333333333332 0.576875 0.17333333333333334 0.5800000000000001 0.1675 0.5806250000000001 0.16083333333333333 0.57625 0.15416666666666667 0.58125 0.14583333333333331 0.5806250000000001 0.13999999999999999 0.5825 0.1375 0.5875 0.13166666666666665 0.5893750000000001 0.1325 0.598125 0.13666666666666666 0.5987500000000001
0 0.10416666666666667 0.5962500000000001 0.11166666666666666 0.608125 0.10833333333333332 0.6268750000000001 0.11583333333333332 0.64375 0.1125 0.65125 0.11833333333333333 0.65 0.11833333333333333 0.65375 0.12333333333333334 0.6581250000000001 0.12916666666666668 0.6612500000000001 0.13583333333333333 0.66 0.13999999999999999 0.665625 0.15 0.6587500000000001 0.1525 0.659375 0.15333333333333332 0.664375 0.1575 0.665 0.16166666666666668 0.66 0.16083333333333333 0.65125 0.16333333333333333 0.65 0.16833333333333333 0.65 0.18666666666666668 0.6568750000000001 0.20249999999999999 0.6581250000000001 0.2058333333333333 0.650625 0.2058333333333333 0.625 0.22666666666666666 0.6143750000000001 0.23666666666666666 0.6125 0.26083333333333336 0.6006250000000001 0.28250000000000003 0.593125 0.29166666666666663 0.584375 0.2841666666666667 0.576875 0.2758333333333333 0.5743750000000001 0.25 0.573125 0.22999999999999998 0.566875 0.21916666666666665 0.5675000000000001 0.21333333333333332 0.565625 0.17083333333333334 0.5625 0.15083333333333332 0.56625 0.145 0.5700000000000001 0.12166666666666666 0.571875 0.1125 0.57625 0.1 0.5775 0.09416666666666666 0.58125 0.0925 0.5850000000000001 0.09333333333333334 0.591875 0.10416666666666667 0.5962500000000001
0 0.390625 0.9 0.00078125 0.00078125
0 0.39416666666666667 0.89875 0.39249999999999996 0.89625 0.39499999999999996 0.8950000000000001 0.39249999999999996 0.8956250000000001 0.39166666666666666 0.8981250000000001 0.39416666666666667 0.89875
0 0.4091666666666667 0.883125 0.4058333333333334 0.8825000000000001 0.4041666666666667 0.88375 0.4091666666666667 0.883125
0 0.3458333333333333 0.8775000000000001 0.345 0.8868750000000001 0.35 0.8881249999999999 0.35666666666666663 0.88375 0.35666666666666663 0.8775000000000001 0.3525 0.869375 0.34833333333333333 0.869375 0.3433333333333333 0.8731250000000002 0.3458333333333333 0.8775000000000001
0 0.359375 0.8484375 0.0015625 0.00078125
0 0.3458333333333333 0.8237500000000001 0.35416666666666663 0.83125 0.36 0.8325000000000001 0.36583333333333334 0.8425 0.37333333333333335 0.83625 0.37666666666666665 0.8387500000000001 0.38666666666666666 0.8375 0.3933333333333333 0.8418750000000002 0.4 0.8412499999999999 0.40750000000000003 0.84375 0.4141666666666667 0.836875 0.4166666666666667 0.8393750000000001 0.4175 0.8487500000000001 0.43916666666666665 0.85375 0.4425 0.85 0.44000000000000006 0.844375 0.4491666666666666 0.84375 0.4575 0.8525 0.45583333333333337 0.8556250000000001 0.45999999999999996 0.8575000000000002 0.4616666666666666 0.8512500000000001 0.49000000000000005 0.8243750000000001 0.4966666666666667 0.820625 0.4966666666666667 0.818125 0.5075000000000001 0.8137500000000001 0.5108333333333334 0.80625 0.5291666666666667 0.79625 0.53 0.7862500000000001 0.5283333333333333 0.784375 0.52 0.784375 0.5033333333333333 0.79125 0.5008333333333332 0.794375 0.4916666666666667 0.795625 0.47333333333333333 0.813125 0.4666666666666667 0.813125 0.45999999999999996 0.8168750000000001 0.44416666666666665 0.8143750000000001 0.4325 0.7987500000000001 0.41916666666666663 0.80375 0.40750000000000003 0.803125 0.40166666666666667 0.8006249999999999 0.39166666666666666 0.791875 0.3875 0.7831250000000001 0.38333333333333336 0.786875 0.3783333333333333 0.785 0.36666666666666664 0.791875 0.3625 0.791875 0.355 0.789375 0.3466666666666667 0.789375 0.3416666666666667 0.78125 0.3358333333333333 0.7925000000000001 0.3383333333333333 0.8243750000000001 0.3458333333333333 0.8237500000000001
0 0.3433333333333333 0.7681250000000001 0.35 0.765 0.35 0.7550000000000001 0.345 0.7518750000000001 0.3416666666666667 0.765625 0.3433333333333333 0.7681250000000001
0 0.0475 0.813125 0.05 0.819375 0.043333333333333335 0.825 0.04 0.8231250000000001 0.034166666666666665 0.8237500000000001 0.034166666666666665 0.82875 0.023333333333333334 0.8300000000000001 0.018333333333333333 0.835 0.01583333333333333 0.8450000000000001 0.011666666666666667 0.8474999999999999 0.005 0.846875 0 0.85 0 0.8775000000000001 0.003333333333333333 0.883125 0.0025 0.9012500000000001 0 0.903125 0 0.909375 0.0025 0.911875 0.0025 0.9193749999999999 0 0.92125 0 0.95375 0.006666666666666666 0.9493750000000001 0.008333333333333333 0.9543750000000001 0.011666666666666667 0.945625 0.017499999999999998 0.9412499999999999 0.02583333333333333 0.943125 0.029166666666666667 0.9400000000000001 0.042499999999999996 0.9375 0.049166666666666664 0.92875 0.06833333333333333 0.92125 0.07333333333333333 0.9099999999999999 0.07833333333333334 0.911875 0.08166666666666667 0.90625 0.08499999999999999 0.909375 0.0975 0.905 0.10333333333333332 0.9075000000000001 0.10583333333333333 0.9043750000000002 0.10333333333333332 0.8956250000000001 0.10583333333333333 0.8950000000000001 0.10916666666666666 0.8875 0.10500000000000001 0.8775000000000001 0.10833333333333332 0.8668750000000001 0.10583333333333333 0.85 0.10833333333333332 0.8225 0.10333333333333332 0.81125 0.10166666666666666 0.7818750000000001 0.09833333333333333 0.779375 0.095 0.780625 0.09083333333333334 0.784375 0.07583333333333334 0.790625 0.0675 0.791875 0.059166666666666666 0.798125 0.052500000000000005 0.7993750000000001 0.043333333333333335 0.80625 0.03916666666666667 0.80625 0.035833333333333335 0.8087500000000001 0.035833333333333335 0.8125 0.0475 0.813125
0 0.2058333333333333 0.74875 0.21333333333333332 0.7618750000000001 0.2375 0.766875 0.24916666666666668 0.771875 0.27749999999999997 0.774375 0.28250000000000003 0.77875 0.2925 0.78125 0.30333333333333334 0.7875 0.31333333333333335 0.7875 0.32416666666666666 0.79125 0.33166666666666667 0.7881250000000001 0.3358333333333333 0.7818750000000001 0.3408333333333333 0.758125 0.3383333333333333 0.74875 0.3383333333333333 0.726875 0.3416666666666667 0.72 0.33916666666666667 0.7125 0.3358333333333333 0.7100000000000001 0.3283333333333333 0.71375 0.3175 0.713125 0.31666666666666665 0.7212500000000001 0.31083333333333335 0.72875 0.29333333333333333 0.72875 0.28250000000000003 0.7256250000000001 0.2791666666666667 0.721875 0.275 0.726875 0.275 0.734375 0.2783333333333333 0.7368750000000001 0.275 0.7375 0.275 0.7462500000000001 0.25416666666666665 0.740625 0.24083333333333332 0.7412500000000001 0.2308333333333333 0.738125 0.22666666666666666 0.731875 0.22000000000000003 0.731875 0.21333333333333332 0.7193750000000001 0.2125 0.70875 0.21000000000000002 0.70875 0.21166666666666667 0.7125 0.20916666666666667 0.713125 0.21166666666666667 0.71375 0.2125 0.7175 0.20833333333333334 0.718125 0.20833333333333334 0.7412500000000001 0.2058333333333333 0.74875
0 0.57421875 0.7203125 0.00078125 0.00078125
0 0.5616666666666666 0.723125 0.5650000000000001 0.7193750000000001 0.5599999999999999 0.7150000000000001 0.5591666666666667 0.7206250000000001 0.5616666666666666 0.723125
0 0.5441666666666667 0.779375 0.5466666666666666 0.7818750000000001 0.55 0.78125 0.5533333333333333 0.7862500000000001 0.5616666666666666 0.7881250000000001 0.5691666666666666 0.7931250000000001 0.5883333333333333 0.79625 0.595 0.795625 0.5974999999999999 0.8 0.6016666666666667 0.8012500000000001 0.6158333333333333 0.8018750000000001 0.6224999999999999 0.806875 0.64 0.8087500000000001 0.65 0.8150000000000001 0.675 0.815625 0.6775 0.8099999999999999 0.6816666666666666 0.81125 0.6849999999999999 0.80375 0.6916666666666667 0.8 0.6966666666666667 0.7925000000000001 0.7 0.78 0.7233333333333334 0.755625 0.7375 0.73375 0.7466666666666667 0.7125 0.7583333333333333 0.7025 0.7649999999999999 0.6925000000000001 0.78 0.681875 0.78 0.678125 0.7866666666666666 0.670625 0.7933333333333333 0.66875 0.7958333333333333 0.660625 0.8 0.6575 0.7966666666666666 0.655625 0.8 0.6525000000000001 0.7899999999999999 0.65625 0.7858333333333334 0.655 0.7825 0.659375 0.7758333333333333 0.655625 0.7474999999999999 0.6787500000000001 0.7408333333333333 0.68 0.7341666666666666 0.685625 0.7391666666666666 0.690625 0.7383333333333333 0.69625 0.7266666666666667 0.70625 0.7283333333333333 0.7100000000000001 0.7258333333333333 0.713125 0.72 0.71375 0.7133333333333333 0.726875 0.7116666666666667 0.738125 0.7016666666666667 0.746875 0.6966666666666667 0.748125 0.6975 0.75125 0.6916666666666667 0.760625 0.6866666666666666 0.76375 0.6791666666666667 0.7775000000000001 0.67 0.77625 0.6675 0.769375 0.6575 0.76 0.6475 0.760625 0.6391666666666667 0.758125 0.6408333333333334 0.754375 0.6516666666666666 0.7475 0.6458333333333333 0.74375 0.6416666666666667 0.7375 0.6483333333333333 0.7350000000000001 0.6475 0.7306250000000001 0.6425 0.7306250000000001 0.6375 0.726875 0.63 0.7256250000000001 0.6224999999999999 0.726875 0.6183333333333334 0.7300000000000001 0.6125 0.7237500000000001 0.605 0.723125 0.6025 0.7275 0.5974999999999999 0.7300000000000001 0.5958333333333333 0.7362500000000001 0.5866666666666667 0.733125 0.5833333333333333 0.728125 0.5808333333333333 0.728125 0.5783333333333334 0.731875 0.5741666666666666 0.731875 0.5666666666666667 0.7256250000000001 0.5608333333333333 0.729375 0.5533333333333333 0.729375 0.5533333333333333 0.7418750000000001 0.5475 0.7475 0.5491666666666666 0.7550000000000001 0.5441666666666667 0.779375
0 0.6575 0.9043750000000002 0.6591666666666667 0.9112500000000001 0.6649999999999999 0.91625 0.6558333333333334 0.928125 0.6583333333333333 0.93125 0.6575 0.95 0.6633333333333333 0.9631250000000001 0.6583333333333333 0.9731250000000001 0.6616666666666666 0.9775 0.6583333333333333 0.9818750000000002 0.6558333333333334 0.9943750000000001 0.6575 0.9950000000000001 0.6575 0.99 0.6616666666666666 0.9918750000000001 0.6891666666666667 0.9525 0.6925 0.945625 0.6941666666666666 0.93125 0.7058333333333333 0.9075000000000001 0.7166666666666667 0.8943749999999999 0.7316666666666667 0.858125 0.7408333333333333 0.8456250000000001 0.7408333333333333 0.8418750000000002 0.7283333333333333 0.834375 0.7233333333333334 0.820625 0.7341666666666666 0.8087500000000001 0.7316666666666667 0.8043750000000001 0.7258333333333333 0.8043750000000001 0.7233333333333334 0.7975000000000001 0.725 0.789375 0.73 0.785625 0.7274999999999999 0.786875 0.72 0.7837500000000001 0.7166666666666667 0.7862500000000001 0.7166666666666667 0.79125 0.7208333333333333 0.795 0.72 0.8075000000000001 0.7058333333333333 0.813125 0.7033333333333334 0.8168750000000001 0.7041666666666667 0.8243750000000001 0.6941666666666666 0.8325000000000001 0.6816666666666666 0.834375 0.6783333333333333 0.8456250000000001 0.6616666666666666 0.8637500000000001 0.6616666666666666 0.869375 0.6575 0.8724999999999999 0.6616666666666666 0.8856250000000001 0.6575 0.9043750000000002
0 0.3625 0.5359375 0.003125 0.00078125
0 0.39416666666666667 0.52 0.39416666666666667 0.516875 0.38916666666666666 0.51875 0.38666666666666666 0.525625 0.39416666666666667 0.52
0 0.45916666666666667 0.515 0.465 0.5118750000000001 0.4758333333333333 0.5118750000000001 0.47333333333333333 0.5075000000000001 0.45583333333333337 0.50875 0.4541666666666667 0.5118750000000001 0.45916666666666667 0.515
0 0.32416666666666666 0.48937500000000006 0.3225 0.4956250000000001 0.32083333333333336 0.49250000000000005 0.3183333333333333 0.49250000000000005 0.3158333333333333 0.49625 0.31166666666666665 0.49312500000000004 0.30833333333333335 0.49437500000000006 0.32083333333333336 0.49812500000000004 0.3283333333333333 0.49437500000000006 0.33416666666666667 0.4956250000000001 0.3416666666666667 0.49250000000000005 0.35416666666666663 0.49812500000000004 0.35416666666666663 0.5050000000000001 0.3516666666666667 0.5050000000000001 0.35333333333333333 0.508125 0.345 0.508125 0.3433333333333333 0.5118750000000001 0.3516666666666667 0.5162500000000001 0.3625 0.5175000000000001 0.3716666666666667 0.5118750000000001 0.37083333333333335 0.50625 0.37583333333333335 0.50125 0.38666666666666666 0.509375 0.39416666666666667 0.5075000000000001 0.4 0.5112500000000001 0.4133333333333333 0.5112500000000001 0.4258333333333333 0.50875 0.43166666666666664 0.514375 0.43583333333333335 0.514375 0.4408333333333333 0.5118750000000001 0.4458333333333333 0.504375 0.44749999999999995 0.5050000000000001 0.4416666666666667 0.5 0.445 0.49750000000000005 0.45916666666666667 0.49375 0.4683333333333334 0.4956250000000001 0.47750000000000004 0.49437500000000006 0.475 0.4912500000000001 0.4766666666666667 0.48375 0.47333333333333333 0.48250000000000004 0.4508333333333333 0.48375 0.43 0.4875 0.425 0.48562500000000003 0.40750000000000003 0.48500000000000004 0.3975 0.48125 0.32916666666666666 0.480625 0.32916666666666666 0.48500000000000004 0.32416666666666666 0.48937500000000006
0 0 0.58375 0.008333333333333333 0.581875 0.014166666666666666 0.578125 0.025 0.5775 0.009166666666666667 0.570625 0.003333333333333333 0.5700000000000001 0 0.570625 0 0.58375
0 0.345 0.64375 0.35416666666666663 0.649375 0.355 0.6575 0.3575 0.659375 0.36333333333333334 0.6581250000000001 0.365 0.654375 0.36916666666666664 0.653125 0.37333333333333335 0.65625 0.375 0.6612500000000001 0.38333333333333336 0.664375 0.39 0.65625 0.39499999999999996 0.6568750000000001 0.4033333333333333 0.6612500000000001 0.4 0.664375 0.4041666666666667 0.669375 0.41083333333333333 0.6587500000000001 0.43 0.6637500000000001 0.43916666666666665 0.6637500000000001 0.45166666666666666 0.6681250000000001 0.4533333333333333 0.6737500000000001 0.445 0.675 0.4458333333333333 0.680625 0.45499999999999996 0.6787500000000001 0.45999999999999996 0.6837500000000001 0.4616666666666666 0.680625 0.45583333333333337 0.675625 0.45583333333333337 0.671875 0.46333333333333326 0.67125 0.47333333333333333 0.6737500000000001 0.47333333333333333 0.681875 0.4741666666666666 0.6793750000000001 0.47750000000000004 0.681875 0.475 0.675625 0.47833333333333333 0.67625 0.48166666666666663 0.6681250000000001 0.4875 0.6631250000000001 0.5008333333333332 0.660625 0.5083333333333333 0.6568750000000001 0.5133333333333333 0.65 0.5425 0.638125 0.5508333333333333 0.623125 0.5508333333333333 0.61875 0.5475 0.6162500000000001 0.5325 0.6162500000000001 0.5225 0.6125 0.515 0.613125 0.5025000000000001 0.6050000000000001 0.49083333333333334 0.606875 0.4833333333333333 0.601875 0.47000000000000003 0.60375 0.4625 0.6 0.45166666666666666 0.6012500000000001 0.4458333333333333 0.5975 0.4375 0.596875 0.3875 0.6162500000000001 0.3616666666666667 0.62875 0.35666666666666663 0.6368750000000001 0.345 0.64375
0 0.39416666666666667 0.48125 0.4066666666666666 0.484375 0.43916666666666665 0.48687500000000006 0.45 0.48375 0.4725 0.48125 0.5016666666666667 0.47000000000000003 0.4966666666666667 0.46687500000000004 0.4716666666666667 0.46687500000000004 0.42750000000000005 0.460625 0.4083333333333333 0.4600000000000001 0.4066666666666666 0.465625 0.39249999999999996 0.47375 0.39166666666666666 0.478125 0.39416666666666667 0.48125
0 0.08499999999999999 0.48250000000000004 0.09083333333333334 0.478125 0.08833333333333333 0.47625 0.08499999999999999 0.479375 0.07677419354838709 0.4801008064516129 0.08 0.4831250000000001 0.08499999999999999 0.48250000000000004
0 0.075 0.4831250000000001 0.07660493827160494 0.4801157407407408 0.07083333333333333 0.480625 0.075 0.4831250000000001
0 0.10166666666666666 0.5018750000000001 0.10833333333333332 0.50625 0.12916666666666668 0.5068750000000001 0.13666666666666666 0.504375 0.18 0.5025000000000001 0.1875 0.5 0.1925 0.495 0.19083333333333333 0.48125 0.185 0.473125 0.1408333333333333 0.473125 0.145 0.4800000000000001 0.14250000000000002 0.48250000000000004 0.13999999999999999 0.4831250000000001 0.13666666666666666 0.479375 0.12583333333333332 0.479375 0.12166666666666666 0.48625000000000007 0.10916666666666666 0.4912500000000001 0.10083333333333333 0.5 0.08666666666666667 0.5006250000000001 0.09833333333333333 0.503125 0.10166666666666666 0.5018750000000001
0 0.12666666666666665 0.47125000000000006 0.12583333333333332 0.47000000000000003 0.12416666666666668 0.47062499999999996 0.12666666666666665 0.47125000000000006
0 0.62578125 0.71953125 0.0015625 0.00078125
0 0.6441666666666667 0.6993750000000001 0.6408333333333334 0.698125 0.6408333333333334 0.7 0.6441666666666667 0.6993750000000001
0 0.7441666666666666 0.655 0.7433333333333334 0.6525000000000001 0.7366666666666666 0.65125 0.7358333333333333 0.655 0.7441666666666666 0.655
0 0.5741666666666666 0.67125 0.5858333333333333 0.67625 0.5883333333333333 0.678125 0.5858333333333333 0.68875 0.5900000000000001 0.6925000000000001 0.6125 0.696875 0.6183333333333334 0.69625 0.6174999999999999 0.6925000000000001 0.6216666666666667 0.68875 0.6224999999999999 0.684375 0.6425 0.685 0.6525 0.6900000000000001 0.6658333333333333 0.691875 0.6666666666666667 0.69375 0.6608333333333334 0.6987500000000001 0.6533333333333333 0.6987500000000001 0.6508333333333333 0.700625 0.65 0.70625 0.6633333333333333 0.70875 0.6683333333333333 0.70875 0.6716666666666666 0.70625 0.6741666666666666 0.7075 0.6799999999999999 0.713125 0.6783333333333333 0.71625 0.6741666666666666 0.71875 0.6658333333333333 0.71875 0.6633333333333333 0.721875 0.6649999999999999 0.724375 0.6783333333333333 0.7300000000000001 0.6816666666666666 0.72875 0.6833333333333333 0.725 0.6849999999999999 0.709375 0.6958333333333333 0.703125 0.6983333333333334 0.69625 0.7166666666666667 0.6837500000000001 0.7283333333333333 0.64625 0.72 0.6431250000000001 0.71 0.650625 0.7058333333333333 0.649375 0.7008333333333333 0.654375 0.6958333333333333 0.655625 0.6816666666666666 0.6481250000000001 0.6508333333333333 0.6425000000000001 0.6441666666666667 0.638125 0.6383333333333333 0.640625 0.6283333333333333 0.640625 0.6091666666666666 0.638125 0.5991666666666666 0.634375 0.5816666666666667 0.635625 0.5575 0.629375 0.5533333333333333 0.64875 0.5533333333333333 0.66875 0.5741666666666666 0.67125
0 0.5666666666666667 0.6143750000000001 0.5683333333333334 0.6125 0.5633333333333332 0.613125 0.5666666666666667 0.6143750000000001
0 0.24166666666666664 0.608125 0.2375 0.606875 0.23500000000000001 0.6100000000000001 0.22916666666666666 0.6118750000000001 0.23500000000000001 0.6125 0.24166666666666664 0.608125
0 0.24765625 0.60546875 0.00234375 0.00078125
0 0.15416666666666667 0.568125 0.15416666666666667 0.565625 0.14750000000000002 0.5675000000000001 0.15416666666666667 0.568125
0 0.2125 0.56625 0.21666666666666665 0.56875 0.22416666666666668 0.568125 0.2325 0.573125 0.24083333333333332 0.5737500000000001 0.24083333333333332 0.578125 0.24333333333333332 0.575 0.2533333333333333 0.5775 0.26166666666666666 0.575625 0.2683333333333333 0.578125 0.28250000000000003 0.57625 0.28583333333333333 0.5806250000000001 0.28583333333333333 0.588125 0.30416666666666664 0.581875 0.31416666666666665 0.58125 0.3158333333333333 0.5787500000000001 0.3158333333333333 0.5737500000000001 0.3 0.56625 0.2791666666666667 0.5693750000000001 0.275 0.5675000000000001 0.275 0.56 0.24666666666666667 0.55625 0.2375 0.5575 0.20666666666666664 0.55 0.18916666666666665 0.5487500000000001 0.18666666666666668 0.55 0.1875 0.553125 0.18083333333333335 0.5587500000000001 0.17166666666666666 0.56 0.18333333333333332 0.56375 0.2125 0.56625
0 0.29083333333333333 0.556875 0.2991666666666667 0.5537500000000001 0.2925 0.553125 0.29 0.5537500000000001 0.29083333333333333 0.556875
0 0.30333333333333334 0.570625 0.3183333333333333 0.576875 0.34249999999999997 0.575625 0.35583333333333333 0.5831250000000001 0.37333333333333335 0.5831250000000001 0.3775 0.58125 0.385 0.584375 0.4 0.58375 0.4066666666666666 0.586875 0.42000000000000004 0.5856250000000001 0.42750000000000005 0.5900000000000001 0.4333333333333333 0.5900000000000001 0.43499999999999994 0.595 0.44000000000000006 0.59125 0.4291666666666667 0.58125 0.43083333333333335 0.576875 0.4508333333333333 0.56625 0.45916666666666667 0.5643750000000001 0.46333333333333326 0.56 0.47750000000000004 0.556875 0.4833333333333333 0.5525 0.4883333333333333 0.54 0.4875 0.5318750000000001 0.47750000000000004 0.5318750000000001 0.4666666666666667 0.54125 0.45916666666666667 0.5381250000000001 0.45666666666666667 0.540625 0.4416666666666667 0.541875 0.4325 0.55125 0.4216666666666667 0.555 0.40083333333333326 0.535625 0.3883333333333333 0.541875 0.38249999999999995 0.5387500000000001 0.38 0.5387500000000001 0.37666666666666665 0.5431250000000001 0.37333333333333335 0.54125 0.36583333333333334 0.54125 0.3591666666666667 0.546875 0.3441666666666666 0.55125 0.33416666666666667 0.5518750000000001 0.3275 0.5487500000000001 0.3175 0.559375 0.31 0.555625 0.31 0.5525 0.30833333333333335 0.5537500000000001 0.3091666666666667 0.560625 0.30333333333333334 0.570625
0 0.4296875 0.50859375 0.003125 0.00078125
0 0.09166666666666666 0.615 0.08916666666666666 0.6125 0.09166666666666666 0.6100000000000001 0.0875 0.609375 0.0875 0.60625 0.08249999999999999 0.6056250000000001 0.08499999999999999 0.604375 0.0775 0.6050000000000001 0.08249999999999999 0.60625 0.09166666666666666 0.615
0 0.011666666666666667 0.58625 0.015 0.58875 0.021666666666666667 0.5875 0.026666666666666665 0.59125 0.0225 0.5925 0.021666666666666667 0.5987500000000001 0.016666666666666666 0.604375 0.02 0.6125 0.02583333333333333 0.6162500000000001 0.021666666666666667 0.6212500000000001 0.015 0.621875 0.014166666666666666 0.625 0.021666666666666667 0.629375 0.028333333333333332 0.62625 0.03166666666666666 0.62875 0.029166666666666667 0.6375 0.025 0.6368750000000001 0.021666666666666667 0.640625 0.0075 0.641875 0 0.6475000000000001 0.0025 0.65 0 0.6525000000000001 0 0.6900000000000001 0.003333333333333333 0.69375 0.0025 0.7025 0 0.704375 0 0.7306250000000001 0.0025 0.7325 0.004166666666666667 0.744375 0.0075 0.7475 0.0075 0.75125 0 0.759375 0 0.8225 0.0025 0.8237500000000001 0.003333333333333333 0.8481250000000001 0.008333333333333333 0.849375 0.0125 0.8481250000000001 0.03166666666666666 0.8306250000000001 0.03666666666666667 0.83125 0.0625 0.815625 0.06 0.80625 0.05166666666666666 0.80375 0.06 0.8018750000000001 0.065 0.80375 0.0625 0.8 0.0675 0.795 0.10166666666666666 0.779375 0.10416666666666667 0.7625 0.10083333333333333 0.75375 0.10416666666666667 0.678125 0.1 0.6581250000000001 0.10166666666666666 0.6425000000000001 0.09666666666666666 0.62875 0.09083333333333334 0.6206250000000001 0.08666666666666667 0.61875 0.07583333333333334 0.621875 0.07083333333333333 0.6256250000000001 0.05500000000000001 0.6256250000000001 0.04833333333333333 0.630625 0.04083333333333333 0.63125 0.03833333333333333 0.629375 0.04083333333333333 0.6225 0.04666666666666667 0.61875 0.05 0.62 0.05333333333333333 0.615625 0.059166666666666666 0.615625 0.059166666666666666 0.6112500000000001 0.052500000000000005 0.6075 0.052500000000000005 0.60375 0.06083333333333333 0.603125 0.06916666666666667 0.6075 0.07166666666666667 0.60625 0.07083333333333333 0.6025 0.06333333333333332 0.598125 0.05333333333333333 0.596875 0.04 0.591875 0.03666666666666667 0.5925 0.03666666666666667 0.588125 0.0325 0.5850000000000001 0.03 0.584375 0.024166666666666666 0.588125 0.020833333333333336 0.58125 0.011666666666666667 0.58125 0.003333333333333333 0.5850000000000001 0.005 0.586875 0.011666666666666667 0.58625
0 0.1925 0.560625 0.20750000000000002 0.56375 0.2375 0.565625 0.24500000000000002 0.570625 0.255 0.573125 0.27666666666666667 0.573125 0.29 0.576875 0.31083333333333335 0.579375 0.325 0.570625 0.3308333333333333 0.555 0.34249999999999997 0.5487500000000001 0.3433333333333333 0.544375 0.3375 0.539375 0.32 0.54 0.31 0.541875 0.2975 0.548125 0.27416666666666667 0.555 0.25 0.5537500000000001 0.24500000000000002 0.5518750000000001 0.2375 0.553125 0.21000000000000002 0.5475000000000001 0.195 0.546875 0.18833333333333332 0.5487500000000001 0.18666666666666668 0.5575 0.1925 0.560625
0 0.47333333333333333 0.9387500000000001 0.4758333333333333 0.93625 0.47333333333333333 0.931875 0.4708333333333333 0.9356250000000002 0.47333333333333333 0.9387500000000001
0 0.49916666666666665 0.8950000000000001 0.5008333333333332 0.900625 0.4958333333333333 0.9081250000000001 0.5083333333333333 0.9075000000000001 0.5191666666666667 0.913125 0.5258333333333333 0.911875 0.53 0.915 0.5291666666666667 0.9200000000000002 0.5258333333333333 0.920625 0.5258333333333333 0.9225 0.53 0.920625 0.5325 0.92125 0.5304166666666666 0.9225 0.5416666666666667 0.92125 0.5408333333333333 0.9262500000000001 0.5433333333333333 0.928125 0.5425 0.9325000000000001 0.5475 0.946875 0.5416666666666667 0.9487500000000001 0.5325 0.9475 0.5308333333333334 0.945625 0.5349999999999999 0.9425000000000001 0.5333333333333333 0.943125 0.5308333333333334 0.9375 0.505 0.9337500000000001 0.4958333333333333 0.9393750000000001 0.49083333333333334 0.94625 0.48666666666666664 0.9400000000000001 0.495 0.93125 0.49083333333333334 0.9275 0.4841666666666667 0.93125 0.48166666666666663 0.9349999999999999 0.48916666666666664 0.93625 0.48083333333333333 0.9400000000000001 0.48166666666666663 0.9493750000000001 0.47750000000000004 0.95 0.4758333333333333 0.95625 0.4791666666666667 0.9600000000000002 0.4741666666666666 0.965625 0.47000000000000003 0.965625 0.4708333333333333 0.984375 0.4791666666666667 0.9875 0.4791666666666667 0.9943750000000001 0.49083333333333334 0.996875 0.5058333333333334 0.9950000000000001 0.53 0.9962500000000001 0.54 0.9918750000000001 0.5566666666666666 0.9975000000000002 0.5650000000000001 0.996875 0.5675 0.999375 0.5700000000000001 0.996875 0.5733333333333334 0.999375 0.5775 0.996875 0.5858333333333333 0.9975000000000002 0.5866666666666667 0.999375 0.6075 0.999375 0.6083333333333333 0.9975000000000002 0.6133333333333333 0.9975000000000002 0.6141666666666666 0.999375 0.6316666666666666 0.999375 0.6325000000000001 0.9975000000000002 0.635 0.999375 0.6383333333333333 0.9975000000000002 0.645 0.999375 0.6475 0.9975000000000002 0.6483333333333333 0.999375 0.6516666666666666 0.999375 0.6599999999999999 0.9943750000000001 0.6716666666666666 0.9712500000000001 0.6891666666666667 0.9475 0.6883333333333332 0.940625 0.6833333333333333 0.9400000000000001 0.6816666666666666 0.9331250000000001 0.6775 0.931875 0.6775 0.9243750000000001 0.6799999999999999 0.92125 0.6708333333333333 0.9087500000000001 0.675 0.89375 0.6708333333333333 0.89 0.6708333333333333 0.865625 0.6675 0.86 0.6591666666666667 0.8631249999999999 0.6566666666666666 0.869375 0.6475 0.8775000000000001 0.6425 0.8868750000000001 0.6408333333333334 0.8975 0.6333333333333333 0.900625 0.625 0.9081250000000001 0.6275000000000001 0.91625 0.625 0.92875 0.6224999999999999 0.93 0.6041666666666667 0.921875 0.6016666666666667 0.9181250000000001 0.61 0.9168750000000001 0.6091666666666666 0.913125 0.605 0.911875 0.5974999999999999 0.914375 0.5916666666666667 0.909375 0.5858333333333333 0.909375 0.5858333333333333 0.9037499999999999 0.5891666666666666 0.9018750000000001 0.5900000000000001 0.8975 0.5825 0.89375 0.5566666666666666 0.890625 0.5549999999999999 0.896875 0.5508333333333333 0.89875 0.5483333333333333 0.9043750000000002 0.5391666666666667 0.9075000000000001 0.5358333333333334 0.905 0.5358333333333334 0.89375 0.53 0.890625 0.5358333333333334 0.88375 0.5325 0.8787499999999999 0.5083333333333333 0.874375 0.505 0.8762500000000001 0.5058333333333334 0.89125 0.5 0.89 0.4966666666666667 0.8925000000000001 0.4925 0.8918750000000001 0.49333333333333335 0.8868750000000001 0.49083333333333334 0.8862500000000001 0.4841666666666667 0.89 0.4833333333333333 0.8931250000000001 0.49749999999999994 0.8931250000000001 0.49916666666666665 0.8950000000000001
0 0.45390625 0.928125 0.00234375 0.00078125
0 0.43930348258706464 0.9275746268656716 0.42833333333333334 0.9243750000000001 0.42416666666666664 0.92875 0.42833333333333334 0.928125 0.4341666666666667 0.931875 0.4341666666666667 0.928125 0.43930348258706464 0.9275746268656716
0 0.44333333333333336 0.92875 0.4400560224089635 0.927794117647059 0.4408333333333333 0.931875 0.44333333333333336 0.92875
0 0.3725 0.9256249999999999 0.3725 0.9237500000000001 0.37 0.9237500000000001 0.36916666666666664 0.925 0.3725 0.9256249999999999
0 0.36328125 0.90703125 0.0015625 0.0015625
0 0.4141666666666667 0.905 0.41583333333333333 0.9012500000000001 0.41083333333333333 0.900625 0.4083333333333333 0.9043750000000002 0.4141666666666667 0.905
0 0.39 0.9043750000000002 0.3933333333333333 0.9037499999999999 0.39416666666666667 0.900625 0.4041666666666667 0.90625 0.4066666666666666 0.9043750000000002 0.4041666666666667 0.89375 0.4 0.89625 0.39666666666666667 0.8931250000000001 0.3933333333333333 0.8931250000000001 0.3883333333333333 0.8981250000000001 0.3875 0.9025000000000001 0.39 0.9043750000000002
0 0.41583333333333333 0.8875 0.41500000000000004 0.8856250000000001 0.41 0.885 0.41083333333333333 0.8881249999999999 0.41583333333333333 0.8875
0 0.3383333333333333 0.851875 0.33416666666666667 0.8556250000000001 0.33416666666666667 0.859375 0.34249999999999997 0.8625 0.345 0.86625 0.35 0.8637500000000001 0.35 0.8668750000000001 0.35583333333333333 0.8712500000000001 0.345 0.871875 0.3466666666666667 0.8768750000000001 0.33999999999999997 0.8793750000000001 0.34833333333333333 0.89125 0.3616666666666667 0.883125 0.35666666666666663 0.8762500000000001 0.35833333333333334 0.8731250000000002 0.35083333333333333 0.8631249999999999 0.35416666666666663 0.8556250000000001 0.35833333333333334 0.85375 0.3775 0.85875 0.39 0.86625 0.3983333333333333 0.8631249999999999 0.40166666666666667 0.86625 0.40750000000000003 0.865 0.41583333333333333 0.868125 0.425 0.8668750000000001 0.42750000000000005 0.86875 0.42750000000000005 0.8731250000000002 0.4383333333333333 0.8775000000000001 0.45666666666666667 0.875625 0.45999999999999996 0.8800000000000001 0.45999999999999996 0.8868750000000001 0.4708333333333333 0.844375 0.49083333333333334 0.828125 0.5016666666666667 0.8262500000000002 0.5116666666666666 0.8143750000000001 0.5141666666666667 0.8043750000000001 0.5258333333333333 0.8 0.5283333333333333 0.795625 0.525 0.79 0.5191666666666667 0.789375 0.515 0.79375 0.5066666666666666 0.79625 0.505 0.8012500000000001 0.49416666666666664 0.8087500000000001 0.4883333333333333 0.820625 0.4833333333333333 0.8225 0.48 0.828125 0.4725 0.8325000000000001 0.45666666666666667 0.8262500000000002 0.4491666666666666 0.820625 0.43499999999999994 0.8175000000000001 0.43 0.8137500000000001 0.4216666666666667 0.8125 0.40083333333333326 0.8043750000000001 0.38583333333333336 0.8025 0.38333333333333336 0.8075000000000001 0.38 0.805 0.37583333333333335 0.8087500000000001 0.3716666666666667 0.8087500000000001 0.3683333333333333 0.806875 0.36916666666666664 0.80375 0.36 0.798125 0.35416666666666663 0.8 0.3516666666666667 0.79625 0.33999999999999997 0.795625 0.3375 0.796875 0.3375 0.8075000000000001 0.33333333333333337 0.8137500000000001 0.335 0.828125 0.3308333333333333 0.83125 0.3308333333333333 0.8462500000000001 0.3383333333333333 0.851875
0 0.14333333333333334 0.515625 0.16166666666666668 0.516875 0.175 0.52 0.17833333333333332 0.515625 0.19333333333333333 0.5162500000000001 0.2308333333333333 0.510625 0.23833333333333334 0.508125 0.23833333333333334 0.504375 0.24916666666666668 0.50625 0.25666666666666665 0.5050000000000001 0.25833333333333336 0.5018750000000001 0.25416666666666665 0.5025000000000001 0.24666666666666667 0.5 0.2425 0.503125 0.2341666666666667 0.5050000000000001 0.2225 0.5 0.19166666666666668 0.4956250000000001 0.18083333333333335 0.499375 0.13333333333333333 0.50375 0.12833333333333333 0.505625 0.12833333333333333 0.509375 0.14333333333333334 0.515625
0 0.2758333333333333 0.495 0.2791666666666667 0.4956250000000001 0.2783333333333333 0.49312500000000004 0.2758333333333333 0.49250000000000005 0.2758333333333333 0.495
0 0 0.555 0.003333333333333333 0.55625 0.008333333333333333 0.55625 0.017499999999999998 0.5518750000000001 0.026666666666666665 0.5518750000000001 0.043333333333333335 0.548125 0.06916666666666667 0.5381250000000001 0.0925 0.5331250000000001 0.10500000000000001 0.52875 0.1075 0.52 0.11166666666666666 0.52 0.1125 0.5231250000000001 0.11666666666666667 0.521875 0.11166666666666666 0.5181250000000001 0.11583333333333332 0.5165625 0.11666666666666667 0.5118750000000001 0.10916666666666666 0.5118750000000001 0.10166666666666666 0.5075000000000001 0.06666666666666667 0.5050000000000001 0.05583333333333333 0.50125 0.03833333333333333 0.5 0.028333333333333332 0.5 0.004166666666666667 0.504375 0 0.50875 0 0.555
0 0.755 0.65 0.7716666666666667 0.6481250000000001 0.7841666666666667 0.653125 0.7941666666666667 0.65125 0.8 0.654375 0.8016666666666665 0.6431250000000001 0.8066666666666666 0.633125 0.8066666666666666 0.613125 0.8091666666666667 0.6075 0.8066666666666666 0.58125 0.7883333333333333 0.5925 0.7825 0.59375 0.7733333333333333 0.60625 0.7725 0.613125 0.7616666666666666 0.619375 0.7583333333333333 0.61875 0.7474999999999999 0.635625 0.7474999999999999 0.6425000000000001 0.755 0.65
0 0.21083333333333334 0.883125 0.215 0.925 0.21333333333333332 0.946875 0.21666666666666665 0.9631250000000001 0.30166666666666664 0.9950000000000001 0.3158333333333333 0.9943750000000001 0.32083333333333336 0.9881250000000001 0.32999999999999996 0.9637500000000001 0.3275 0.93625 0.33166666666666667 0.9181250000000001 0.32666666666666666 0.889375 0.32999999999999996 0.8575000000000002 0.32916666666666666 0.8 0.32666666666666666 0.796875 0.2991666666666667 0.7887500000000001 0.28583333333333333 0.7825 0.275 0.779375 0.265 0.779375 0.23166666666666663 0.76875 0.21916666666666665 0.7681250000000001 0.21583333333333332 0.7706250000000001 0.2125 0.8043750000000001 0.21416666666666667 0.818125 0.21083333333333334 0.883125
0 0.47833333333333333 0.4912500000000001 0.49749999999999994 0.49625 0.5416666666666667 0.49625 0.5608333333333333 0.49375 0.5816666666666667 0.496875 0.5858333333333333 0.49250000000000005 0.6025 0.4912500000000001 0.6025 0.48500000000000004 0.6075 0.48250000000000004 0.62 0.480625 0.6041666666666667 0.47875000000000006 0.585 0.48250000000000004 0.5458333333333333 0.48125 0.5183333333333333 0.478125 0.5041666666666667 0.47375 0.49083333333333334 0.476875 0.475 0.48375 0.4741666666666666 0.4875 0.47833333333333333 0.4912500000000001
0 0.12416666666666668 0.655 0.12583333333333332 0.65125 0.12333333333333334 0.649375 0.12 0.65 0.12166666666666666 0.654375 0.12416666666666668 0.655
0 0.1546875 0.56796875 0.00234375 0.00078125
0 0.1025 0.59125 0.10916666666666666 0.59375 0.11000000000000001 0.6025 0.11333333333333333 0.606875 0.10916666666666666 0.62625 0.11416666666666667 0.63375 0.11583333333333332 0.64875 0.11916666666666667 0.6431250000000001 0.12416666666666668 0.641875 0.13333333333333333 0.646875 0.1325 0.653125 0.1375 0.65625 0.13666666666666666 0.664375 0.14250000000000002 0.6681250000000001 0.14750000000000002 0.66875 0.15083333333333332 0.66625 0.15666666666666668 0.66875 0.175 0.669375 0.1825 0.66625 0.19666666666666666 0.670625 0.20249999999999999 0.68 0.20416666666666666 0.6575 0.20666666666666664 0.653125 0.2058333333333333 0.629375 0.21166666666666667 0.6225 0.22833333333333333 0.6143750000000001 0.23916666666666667 0.6125 0.26166666666666666 0.6012500000000001 0.265 0.601875 0.2733333333333333 0.595 0.2841666666666667 0.591875 0.2891666666666667 0.5875 0.2925 0.588125 0.3 0.5825 0.2991666666666667 0.578125 0.26166666666666666 0.573125 0.2533333333333333 0.5675000000000001 0.24500000000000002 0.565625 0.22333333333333333 0.5675000000000001 0.19666666666666666 0.56625 0.19416666666666665 0.5675000000000001 0.19583333333333333 0.570625 0.18833333333333332 0.575 0.18583333333333335 0.58125 0.17583333333333334 0.57625 0.17083333333333334 0.578125 0.1675 0.5743750000000001 0.1575 0.57125 0.15416666666666667 0.5800000000000001 0.14666666666666667 0.5787500000000001 0.13666666666666666 0.5831250000000001 0.13 0.5800000000000001 0.11583333333333332 0.58125 0.11000000000000001 0.5775 0.1025 0.578125 0.09833333333333333 0.5825 0.1025 0.59125
0 0.5491666666666666 0.691875 0.55 0.73375 0.5558333333333334 0.733125 0.5599999999999999 0.74 0.5675 0.74 0.5808333333333333 0.75125 0.595 0.7518750000000001 0.61 0.7568750000000001 0.6116666666666666 0.76 0.6075 0.765625 0.6158333333333333 0.77 0.6191666666666666 0.76375 0.6325000000000001 0.764375 0.63 0.76875 0.6333333333333333 0.77 0.635 0.76375 0.6433333333333333 0.7625 0.6466666666666667 0.765625 0.6575 0.76875 0.6566666666666666 0.77875 0.6616666666666666 0.7818750000000001 0.6816666666666666 0.774375 0.6891666666666667 0.7675000000000001 0.6941666666666666 0.7550000000000001 0.7091666666666667 0.7425 0.7158333333333333 0.721875 0.7158333333333333 0.7100000000000001 0.72 0.7100000000000001 0.725 0.7056250000000001 0.7233333333333334 0.698125 0.7166666666666667 0.693125 0.7133333333333333 0.685625 0.705 0.6950000000000001 0.6916666666666667 0.698125 0.6783333333333333 0.6950000000000001 0.6733333333333333 0.69125 0.6641666666666667 0.69125 0.6533333333333333 0.685625 0.6291666666666667 0.6837500000000001 0.6125 0.68 0.6066666666666667 0.681875 0.6016666666666667 0.6787500000000001 0.5983333333333334 0.6831250000000001 0.5925 0.6831250000000001 0.5900000000000001 0.681875 0.5916666666666667 0.675 0.5883333333333333 0.675 0.5841666666666667 0.67125 0.5549999999999999 0.6681250000000001 0.5533333333333333 0.6837500000000001 0.5491666666666666 0.691875
0 0.4041666666666667 0.7568750000000001 0.4041666666666667 0.7525000000000001 0.4 0.755625 0.4041666666666667 0.7568750000000001
0 0.3408333333333333 0.765 0.3383333333333333 0.7875 0.345 0.7925000000000001 0.35583333333333333 0.790625 0.36916666666666664 0.79625 0.38416666666666666 0.79625 0.39249999999999996 0.8006249999999999 0.425 0.8081250000000001 0.45583333333333337 0.821875 0.47333333333333333 0.8231250000000001 0.47750000000000004 0.82125 0.4791666666666667 0.8168750000000001 0.4875 0.8125 0.4925 0.80375 0.5025000000000001 0.795 0.5233333333333333 0.780625 0.5341666666666667 0.77625 0.5383333333333333 0.755625 0.5391666666666667 0.73125 0.5358333333333334 0.724375 0.5283333333333333 0.7256250000000001 0.525 0.7237500000000001 0.5183333333333333 0.7262500000000001 0.5141666666666667 0.7256250000000001 0.5041666666666667 0.73125 0.49749999999999994 0.73875 0.49749999999999994 0.7418750000000001 0.5116666666666666 0.7306250000000001 0.5175 0.7306250000000001 0.5141666666666667 0.738125 0.5075000000000001 0.744375 0.5058333333333334 0.7525000000000001 0.49083333333333334 0.7675000000000001 0.48250000000000004 0.769375 0.48083333333333333 0.77625 0.47000000000000003 0.78125 0.43583333333333335 0.7706250000000001 0.41583333333333333 0.766875 0.4033333333333333 0.7625 0.3983333333333333 0.7575000000000001 0.38583333333333336 0.759375 0.36916666666666664 0.7568750000000001 0.3525 0.75 0.34833333333333333 0.7506250000000001 0.345 0.7475 0.34249999999999997 0.748125 0.3441666666666666 0.7568750000000001 0.3408333333333333 0.765
0 0.5349999999999999 0.7212500000000001 0.5325 0.7175 0.5291666666666667 0.71875 0.5291666666666667 0.7212500000000001 0.5349999999999999 0.7212500000000001
0 0.7875 0.56875 0.7675 0.586875 0.7625 0.588125 0.7649999999999999 0.588125 0.7683333333333333 0.5962500000000001 0.7716666666666667 0.5925 0.7758333333333333 0.595 0.7758333333333333 0.6075 0.7733333333333333 0.613125 0.7875 0.6143750000000001 0.7958333333333333 0.6125 0.8033333333333333 0.6162500000000001 0.8099999999999999 0.6056250000000001 0.8091666666666667 0.588125 0.8141666666666666 0.54625 0.8099999999999999 0.545625 0.7941666666666667 0.553125 0.7925 0.56125 0.7875 0.56875
0 0.07166666666666667 0.4443750000000001 0.06916666666666667 0.44375 0.07083333333333333 0.45187499999999997 0.07166666666666667 0.4443750000000001
0 0.06416666666666666 0.445625 0.06083333333333333 0.441875 0.06 0.44375 0.06416666666666666 0.445625
0 0.027500000000000004 0.346875 0.026666666666666665 0.35187500000000005 0.0325 0.353125 0.034166666666666665 0.35187500000000005 0.03166666666666666 0.34750000000000003 0.02583333333333333 0.344375 0.024166666666666666 0.345625 0.027500000000000004 0.346875
0 0 0.35250000000000004 0 0.3975 0.003333333333333333 0.4 0.004166666666666667 0.41937500000000005 0.005 0.42125 0.017499999999999998 0.42000000000000004 0.035833333333333335 0.421875 0.03916666666666667 0.416875 0.04 0.40375000000000005 0.056666666666666664 0.3975 0.06333333333333332 0.398125 0.06666666666666667 0.40062500000000006 0.07666666666666666 0.40062500000000006 0.08583333333333333 0.39437500000000003 0.08583333333333333 0.36125 0.08333333333333334 0.358125 0.07083333333333333 0.354375 0.07083333333333333 0.34750000000000003 0.065 0.35125 0.06666666666666667 0.35625 0.03833333333333333 0.358125 0.0225 0.35625 0.02 0.34500000000000003 0.008333333333333333 0.35375 0.005 0.34375 0.003333333333333333 0.34500000000000003 0.004166666666666667 0.34875 0 0.35250000000000004
0 0.029166666666666667 0.34125 0.03333333333333333 0.338125 0.028333333333333332 0.335 0.026666666666666665 0.338125 0.029166666666666667 0.34125
0 0.0328125 0.33125 0.0015625 0.0015625
0 0.02 0.325625 0.025 0.32062500000000005 0.0225 0.31812500000000005 0.014166666666666666 0.319375 0.01583333333333333 0.32625000000000004 0.02 0.325625
0 0 0.32375000000000004 0.005833333333333334 0.325625 0.006666666666666666 0.32 0.004166666666666667 0.3175 0 0.319375 0 0.32375000000000004
0 0.56015625 0.5984375 0.00078125 0.00078125
0 0.5875 0.5643750000000001 0.5983333333333334 0.573125 0.5991666666666666 0.57625 0.6125 0.575625 0.6408333333333334 0.560625 0.6466666666666667 0.56 0.6541666666666667 0.5631250000000001 0.6583333333333333 0.561875 0.6616666666666666 0.5581250000000001 0.6599999999999999 0.5525 0.6625 0.5431250000000001 0.6433333333333333 0.544375 0.6191666666666666 0.553125 0.5900000000000001 0.556875 0.5908333333333333 0.560625 0.5875 0.5643750000000001
0 0.195 0.5587500000000001 0.19083333333333333 0.556875 0.19083333333333333 0.56 0.2058333333333333 0.5643750000000001 0.22916666666666666 0.5675000000000001 0.2341666666666667 0.57125 0.24666666666666667 0.573125 0.25166666666666665 0.57625 0.2808333333333333 0.575625 0.28583333333333333 0.579375 0.2875 0.588125 0.30416666666666664 0.5825 0.315 0.58125 0.31666666666666665 0.5787500000000001 0.3183333333333333 0.5743750000000001 0.30666666666666664 0.56875 0.27749999999999997 0.5693750000000001 0.2725 0.5675000000000001 0.2733333333333333 0.56375 0.2658333333333333 0.5587500000000001 0.23583333333333334 0.5587500000000001 0.22749999999999998 0.556875 0.22000000000000003 0.5581250000000001 0.21749999999999997 0.5537500000000001 0.215 0.5537500000000001 0.21083333333333334 0.5575 0.195 0.5587500000000001
0 0.15666666666666668 0.77875 0.155 0.780625 0.15166666666666667 0.78 0.15416666666666667 0.7831250000000001 0.16166666666666668 0.77125 0.1575 0.7675000000000001 0.1525 0.7681250000000001 0.15166666666666667 0.775625 0.15666666666666668 0.77875
0 0.12916666666666668 0.766875 0.1375 0.765625 0.14333333333333334 0.771875 0.14916666666666667 0.769375 0.14416666666666667 0.75875 0.145 0.754375 0.13666666666666666 0.755625 0.13083333333333333 0.753125 0.13 0.75 0.12083333333333332 0.75 0.12166666666666666 0.765 0.12916666666666668 0.766875
0 0.15083333333333332 0.75125 0.15 0.7550000000000001 0.1575 0.76375 0.16 0.7618750000000001 0.16916666666666666 0.7618750000000001 0.175 0.7662500000000001 0.1925 0.769375 0.19 0.779375 0.18166666666666667 0.779375 0.18583333333333335 0.78 0.1875 0.7831250000000001 0.19916666666666666 0.785 0.20166666666666666 0.780625 0.2 0.7725000000000001 0.2058333333333333 0.7618750000000001 0.20166666666666666 0.75875 0.19916666666666666 0.7506250000000001 0.19333333333333333 0.75375 0.1925 0.75125 0.18583333333333335 0.748125 0.18 0.749375 0.16833333333333333 0.74375 0.16083333333333333 0.745 0.15916666666666665 0.7412500000000001 0.15166666666666667 0.740625 0.14833333333333334 0.74875 0.15083333333333332 0.75125
0 0.14750000000000002 0.74 0.14666666666666667 0.7368750000000001 0.14416666666666667 0.738125 0.14750000000000002 0.74
0 0.10666666666666666 0.595 0.1075 0.601875 0.1125 0.608125 0.11416666666666667 0.6162500000000001 0.11166666666666666 0.6206250000000001 0.11750000000000001 0.6325000000000001 0.10916666666666666 0.650625 0.10916666666666666 0.669375 0.11499999999999999 0.675 0.10916666666666666 0.6925000000000001 0.10916666666666666 0.70875 0.11583333333333332 0.715625 0.12333333333333334 0.718125 0.135 0.721875 0.14416666666666667 0.7206250000000001 0.15666666666666668 0.723125 0.20249999999999999 0.7393750000000001 0.2058333333333333 0.734375 0.2033333333333333 0.686875 0.205 0.678125 0.19749999999999998 0.6675000000000001 0.19833333333333333 0.6612500000000001 0.20249999999999999 0.66 0.205 0.62375 0.225 0.61375 0.24916666666666668 0.6056250000000001 0.26083333333333336 0.599375 0.26666666666666666 0.5987500000000001 0.2758333333333333 0.5925 0.28250000000000003 0.591875 0.2866666666666667 0.588125 0.2866666666666667 0.581875 0.2791666666666667 0.576875 0.25083333333333335 0.576875 0.22999999999999998 0.5700000000000001 0.21916666666666665 0.5700000000000001 0.2125 0.566875 0.18583333333333335 0.56625 0.17916666666666667 0.56375 0.15666666666666668 0.5675000000000001 0.14666666666666667 0.5725 0.11916666666666667 0.5743750000000001 0.11666666666666667 0.5775 0.10833333333333332 0.5775 0.09916666666666667 0.5806250000000001 0.10166666666666666 0.591875 0.10666666666666666 0.595
0 0.48 0.8331250000000001 0.48 0.82875 0.4833333333333333 0.8306250000000001 0.4883333333333333 0.826875 0.485 0.82875 0.48250000000000004 0.826875 0.48 0.828125 0.47750000000000004 0.83125 0.48 0.8331250000000001
0 0.4375 0.8331250000000001 0.43916666666666665 0.82125 0.4341666666666667 0.820625 0.4325 0.8243750000000001 0.42833333333333334 0.8262500000000002 0.4333333333333333 0.8331250000000001 0.4375 0.8331250000000001
0 0.43166666666666664 0.81875 0.43166666666666664 0.8168750000000001 0.42666666666666664 0.8162499999999999 0.42666666666666664 0.818125 0.43166666666666664 0.81875
0 0.35083333333333333 0.826875 0.3433333333333333 0.83125 0.3433333333333333 0.834375 0.3466666666666667 0.836875 0.35333333333333333 0.836875 0.35833333333333334 0.84375 0.3516666666666667 0.85 0.345 0.851875 0.3458333333333333 0.86625 0.33666666666666667 0.868125 0.33333333333333337 0.8768750000000001 0.335 0.8975 0.3383333333333333 0.9037499999999999 0.335 0.9112500000000001 0.3383333333333333 0.914375 0.34249999999999997 0.914375 0.3416666666666667 0.9181250000000001 0.3441666666666666 0.920625 0.3433333333333333 0.930625 0.33666666666666667 0.9356250000000002 0.3358333333333333 0.9481250000000001 0.33999999999999997 0.9600000000000002 0.3375 0.9706250000000001 0.34249999999999997 0.9775 0.34249999999999997 0.984375 0.35 0.9875 0.3466666666666667 0.9943750000000001 0.3525 0.99 0.35333333333333333 0.9943750000000001 0.35666666666666663 0.9875 0.36666666666666664 0.9893750000000001 0.37083333333333335 0.9862500000000001 0.38666666666666666 0.9881250000000001 0.39666666666666667 0.9943750000000001 0.4 0.990625 0.4058333333333334 0.9943750000000001 0.4216666666666667 0.9943750000000001 0.4216666666666667 0.990625 0.42750000000000005 0.9887500000000001 0.43166666666666664 0.9912500000000002 0.43083333333333335 0.9943750000000001 0.43583333333333335 0.9943750000000001 0.4416666666666667 0.99 0.44333333333333336 0.9943750000000001 0.45583333333333337 0.9943750000000001 0.46333333333333326 0.9787500000000001 0.4625 0.953125 0.4666666666666667 0.928125 0.465 0.91875 0.4708333333333333 0.900625 0.47000000000000003 0.865625 0.4666666666666667 0.8612500000000001 0.46749999999999997 0.844375 0.45499999999999996 0.8418750000000002 0.4458333333333333 0.835 0.43499999999999994 0.83625 0.4041666666666667 0.825 0.4041666666666667 0.820625 0.41083333333333333 0.8175000000000001 0.4133333333333333 0.8106250000000002 0.41 0.8106250000000002 0.41 0.815625 0.40750000000000003 0.8168750000000001 0.40166666666666667 0.8143750000000001 0.39499999999999996 0.806875 0.38666666666666666 0.8137500000000001 0.3983333333333333 0.820625 0.39666666666666667 0.8231250000000001 0.3783333333333333 0.8200000000000001 0.3625 0.8137500000000001 0.3525 0.813125 0.345 0.813125 0.345 0.8175000000000001 0.3408333333333333 0.820625 0.35083333333333333 0.8231250000000001 0.35083333333333333 0.826875
0 0.49749999999999994 0.826875 0.5091666666666667 0.8175000000000001 0.5158333333333334 0.80625 0.5258333333333333 0.8 0.5291666666666667 0.794375 0.5258333333333333 0.7887500000000001 0.49833333333333335 0.806875 0.4925 0.8168750000000001 0.4916666666666667 0.8237500000000001 0.49749999999999994 0.826875
0 0.24083333333333332 0.8881249999999999 0.24583333333333335 0.8887500000000002 0.25083333333333335 0.8862500000000001 0.26 0.8887500000000002 0.26083333333333336 0.8868750000000001 0.255 0.881875 0.24416666666666664 0.880625 0.23833333333333334 0.881875 0.24083333333333332 0.8881249999999999
0 0.28250000000000003 0.883125 0.29083333333333333 0.88375 0.2791666666666667 0.8787499999999999 0.2791666666666667 0.885 0.28250000000000003 0.883125
0 0.23666666666666666 0.883125 0.23666666666666666 0.8762500000000001 0.2341666666666667 0.874375 0.2308333333333333 0.8762500000000001 0.22666666666666666 0.875 0.22333333333333333 0.878125 0.22333333333333333 0.88375 0.23666666666666666 0.883125
0 0.2725 0.87375 0.2725 0.8675 0.2683333333333333 0.8675 0.26749999999999996 0.8700000000000001 0.2725 0.87375
0 0.25166666666666665 0.878125 0.25416666666666665 0.8762500000000001 0.2533333333333333 0.871875 0.25833333333333336 0.86875 0.25833333333333336 0.865 0.25166666666666665 0.8643750000000001 0.24416666666666664 0.868125 0.24416666666666664 0.8775000000000001 0.25166666666666665 0.878125
0 0.3091666666666667 0.851875 0.30666666666666664 0.850625 0.30666666666666664 0.8543750000000001 0.3091666666666667 0.851875
0 0.31666666666666665 0.8525 0.3183333333333333 0.8474999999999999 0.31416666666666665 0.8487500000000001 0.3125 0.8525 0.31666666666666665 0.8525
0 0.31666666666666665 0.8387500000000001 0.3175 0.8325000000000001 0.31083333333333335 0.83375 0.31083333333333335 0.838125 0.31666666666666665 0.8387500000000001
0 0.17083333333333334 0.80375 0.16083333333333333 0.795 0.15416666666666667 0.795625 0.16083333333333333 0.8075000000000001 0.17083333333333334 0.80375
0 0.29453125 0.790625 0.00390625 0.00078125
0 0.20916666666666667 0.8231250000000001 0.21166666666666667 0.849375 0.20666666666666664 0.8556250000000001 0.20833333333333334 0.8637500000000001 0.20416666666666666 0.865 0.19916666666666666 0.8625 0.19749999999999998 0.8700000000000001 0.20249999999999999 0.8724999999999999 0.20750000000000002 0.8706250000000001 0.21000000000000002 0.874375 0.20916666666666667 0.869375 0.21083333333333334 0.865625 0.21749999999999997 0.8625 0.21916666666666665 0.851875 0.2341666666666667 0.8487500000000001 0.24166666666666664 0.8550000000000001 0.2575 0.8606250000000001 0.2683333333333333 0.8612500000000001 0.27166666666666667 0.865 0.2816666666666666 0.8643750000000001 0.2841666666666667 0.850625 0.29 0.8487500000000001 0.2975 0.8418750000000002 0.29416666666666663 0.838125 0.29583333333333334 0.8318749999999999 0.30083333333333334 0.8243750000000001 0.3025 0.8143750000000001 0.30833333333333335 0.8106250000000002 0.3075 0.8075000000000001 0.30416666666666664 0.8081250000000001 0.30083333333333334 0.8018750000000001 0.2966666666666667 0.8006249999999999 0.2966666666666667 0.7990625 0.29333333333333333 0.803125 0.28583333333333333 0.803125 0.2808333333333333 0.7925000000000001 0.2758333333333333 0.794375 0.265 0.790625 0.26083333333333336 0.7925000000000001 0.25833333333333336 0.7881250000000001 0.2425 0.786875 0.24416666666666664 0.7831250000000001 0.24833333333333335 0.7818750000000001 0.25 0.775625 0.24333333333333332 0.775625 0.22916666666666666 0.77125 0.22000000000000003 0.77125 0.21416666666666667 0.76875 0.21333333333333332 0.78125 0.2058333333333333 0.805 0.2058333333333333 0.8099999999999999 0.21166666666666667 0.8099999999999999 0.21749999999999997 0.8143750000000001 0.21333333333333332 0.8150000000000001 0.20916666666666667 0.8231250000000001
0 0.4791666666666667 0.8637500000000001 0.5258333333333333 0.874375 0.5391666666666667 0.874375 0.5458333333333333 0.88125 0.5525 0.88375 0.5775 0.889375 0.6208333333333333 0.9043750000000002 0.6341666666666667 0.89375 0.655 0.8618750000000001 0.6683333333333333 0.8525 0.6775 0.835 0.6658333333333333 0.8231250000000001 0.6541666666666667 0.821875 0.6441666666666667 0.8175000000000001 0.6308333333333334 0.8162499999999999 0.62 0.81125 0.6083333333333333 0.8099999999999999 0.6025 0.806875 0.5833333333333333 0.803125 0.5783333333333334 0.8 0.5641666666666667 0.7987500000000001 0.55 0.7931250000000001 0.5325 0.7993750000000001 0.5183333333333333 0.81125 0.5116666666666666 0.821875 0.5033333333333333 0.8293750000000001 0.48583333333333334 0.8375 0.4725 0.8512500000000001 0.4725 0.859375 0.4791666666666667 0.8637500000000001
0 0.005 0.621875 0.005 0.615 0 0.619375 0.005 0.621875
0 0 0.58875 0.003333333333333333 0.59125 0 0.5925 0.0075 0.598125 0.005 0.6112500000000001 0.010833333333333334 0.6112500000000001 0.017499999999999998 0.6162500000000001 0.0075 0.6275000000000001 0.018333333333333333 0.63375 0.019166666666666665 0.6368750000000001 0.003333333333333333 0.6431250000000001 0 0.646875 0.0025 0.650625 0 0.6518750000000001 0 0.6875 0.004166666666666667 0.693125 0.0025 0.7056250000000001 0 0.706875 0 0.7262500000000001 0.004166666666666667 0.74375 0.0075 0.7475 0.0075 0.75125 0 0.76 0 0.9868750000000001 0.004166666666666667 0.99 0.025 0.9806250000000001 0.06916666666666667 0.9493750000000001 0.08499999999999999 0.9425000000000001 0.09583333333333334 0.9331250000000001 0.10166666666666666 0.931875 0.11000000000000001 0.925 0.1075 0.911875 0.10833333333333332 0.89625 0.10416666666666667 0.875625 0.10583333333333333 0.8625 0.1025 0.8525 0.10583333333333333 0.8275 0.10583333333333333 0.7675000000000001 0.10166666666666666 0.754375 0.1025 0.6775 0.09916666666666667 0.669375 0.10083333333333333 0.6456250000000001 0.09666666666666666 0.629375 0.09083333333333334 0.62 0.09416666666666666 0.615625 0.09333333333333334 0.60875 0.08499999999999999 0.6012500000000001 0.07416666666666667 0.601875 0.04833333333333333 0.5943750000000001 0.0325 0.584375 0.025 0.58375 0.020833333333333336 0.5806250000000001 0.009166666666666667 0.58125 0 0.5850000000000001 0 0.58875
0 0.18583333333333335 0.544375 0.21166666666666667 0.548125 0.23500000000000001 0.5543750000000001 0.25 0.555 0.27416666666666667 0.555 0.29083333333333333 0.550625 0.31 0.541875 0.3225 0.5387500000000001 0.33166666666666667 0.5387500000000001 0.3375 0.53 0.3358333333333333 0.52 0.3283333333333333 0.51375 0.2891666666666667 0.5112500000000001 0.265 0.5068750000000001 0.24583333333333335 0.508125 0.2341666666666667 0.5118750000000001 0.20750000000000002 0.51375 0.1925 0.5181250000000001 0.17833333333333332 0.51875 0.175 0.5231250000000001 0.16583333333333333 0.525 0.1675 0.535625 0.18583333333333335 0.544375
0 0.26916666666666667 0.484375 0.2658333333333333 0.48687500000000006 0.26083333333333336 0.48562500000000003 0.25916666666666666 0.48937500000000006 0.2552775 0.48625000000000007 0.25416666666666665 0.48937500000000006 0.24916666666666668 0.48937500000000006 0.2505558333333333 0.48625000000000007 0.225 0.4875 0.2308333333333333 0.4875 0.2325 0.48937500000000006 0.24083333333333332 0.4875 0.23833333333333334 0.4956250000000001 0.2325 0.495 0.2341666666666667 0.49625 0.255 0.50125 0.26 0.5050000000000001 0.2758333333333333 0.505625 0.29083333333333333 0.51 0.325 0.5112500000000001 0.36 0.509375 0.375 0.505625 0.38333333333333336 0.50125 0.38249999999999995 0.49750000000000005 0.3591666666666667 0.49437500000000006 0.3525 0.48812500000000003 0.3525 0.48375 0.3466666666666667 0.48375 0.32083333333333336 0.47625 0.28833333333333333 0.476875 0.27083333333333337 0.480625 0.26916666666666667 0.484375
0 0.11583333333333332 0.7625 0.11166666666666666 0.766875 0.11499999999999999 0.7862500000000001 0.11083333333333334 0.8099999999999999 0.11416666666666667 0.8243750000000001 0.1125 0.8474999999999999 0.11583333333333332 0.875625 0.11499999999999999 0.8981250000000001 0.11916666666666667 0.9231250000000001 0.12250000000000001 0.9262500000000001 0.14416666666666667 0.9337500000000001 0.1525 0.9387500000000001 0.16999999999999998 0.94375 0.19 0.953125 0.2058333333333333 0.9568749999999999 0.21000000000000002 0.953125 0.2125 0.93 0.21000000000000002 0.905625 0.2058333333333333 0.8975 0.2058333333333333 0.8800000000000001 0.20916666666666667 0.87375 0.21083333333333334 0.8606250000000001 0.20833333333333334 0.8487500000000001 0.21083333333333334 0.8325000000000001 0.20833333333333334 0.806875 0.21166666666666667 0.7831250000000001 0.20833333333333334 0.765625 0.19833333333333333 0.748125 0.20249999999999999 0.7362500000000001 0.18166666666666667 0.723125 0.17166666666666666 0.7193750000000001 0.16916666666666666 0.7212500000000001 0.16083333333333333 0.7212500000000001 0.15583333333333332 0.7193750000000001 0.15416666666666667 0.715625 0.1525 0.718125 0.14416666666666667 0.718125 0.13666666666666666 0.713125 0.12 0.715625 0.11583333333333332 0.71375 0.1125 0.7175 0.11166666666666666 0.7256250000000001 0.11083333333333334 0.734375 0.11583333333333332 0.7625
0 0.1265625 0.70625 0.0015625 0.00078125
0 0 0.655625 0 0.6837500000000001 0.004166666666666667 0.6950000000000001 0 0.706875 0 0.731875 0.009166666666666667 0.7518750000000001 0 0.7612500000000001 0 0.7731250000000001 0.0025 0.774375 0 0.785625 0.005 0.7887500000000001 0.005 0.7931250000000001 0 0.798125 0 0.815625 0.005 0.820625 0.016666666666666666 0.8125 0.029166666666666667 0.81125 0.024166666666666666 0.805625 0.029166666666666667 0.7987500000000001 0.035833333333333335 0.8006249999999999 0.03916666666666667 0.795625 0.04583333333333333 0.7931250000000001 0.05333333333333333 0.7931250000000001 0.06083333333333333 0.7887500000000001 0.0625 0.77875 0.0675 0.77 0.06916666666666667 0.7681250000000001 0.07166666666666667 0.77 0.0725 0.76875 0.0625 0.7662500000000001 0.065 0.76 0.07833333333333334 0.7550000000000001 0.07416666666666667 0.7518750000000001 0.06833333333333333 0.753125 0.06583333333333333 0.751041875 0.06666666666666667 0.740625 0.07416666666666667 0.7425 0.0775 0.735625 0.0875 0.73875 0.08916666666666666 0.73375 0.09583333333333334 0.729375 0.09833333333333333 0.7300000000000001 0.1025 0.724375 0.10416666666666667 0.67625 0.1 0.6612500000000001 0.1025 0.65125 0.10166666666666666 0.638125 0.09583333333333334 0.6268750000000001 0.08916666666666666 0.6212500000000001 0.08333333333333334 0.6212500000000001 0.06916666666666667 0.6268750000000001 0.056666666666666664 0.628125 0.04666666666666667 0.63375 0.035833333333333335 0.633125 0.03 0.64 0.023333333333333334 0.6425000000000001 0.004166666666666667 0.64375 0.004166666666666667 0.650625 0 0.655625
0 0.32416666666666666 0.5856250000000001 0.35833333333333334 0.593125 0.36916666666666664 0.593125 0.37583333333333335 0.596875 0.38666666666666666 0.5956250000000001 0.39416666666666667 0.6 0.4058333333333334 0.6012500000000001 0.41 0.604375 0.41833333333333333 0.60375 0.43166666666666664 0.596875 0.4408333333333333 0.595 0.43916666666666665 0.59125 0.42750000000000005 0.5831250000000001 0.4066666666666666 0.5825 0.37583333333333335 0.576875 0.36583333333333334 0.5775 0.3575 0.5743750000000001 0.33166666666666667 0.57125 0.3175 0.5743750000000001 0.3158333333333333 0.58125 0.32416666666666666 0.5856250000000001
0 0.21333333333333332 0.760625 0.22916666666666666 0.765625 0.26666666666666666 0.77375 0.3025 0.786875 0.32416666666666666 0.7925000000000001 0.3283333333333333 0.791875 0.335 0.7818750000000001 0.3358333333333333 0.764375 0.33916666666666667 0.759375 0.3358333333333333 0.748125 0.33916666666666667 0.7393750000000001 0.3408333333333333 0.718125 0.3383333333333333 0.7050000000000001 0.3416666666666667 0.69625 0.33999999999999997 0.681875 0.3441666666666666 0.675 0.33916666666666667 0.665 0.3441666666666666 0.65125 0.3408333333333333 0.64375 0.3466666666666667 0.6362500000000001 0.3675 0.6212500000000001 0.38 0.6175 0.39583333333333337 0.609375 0.4066666666666666 0.6075 0.40750000000000003 0.6025 0.4 0.601875 0.38666666666666666 0.5956250000000001 0.375 0.596875 0.3675 0.593125 0.3383333333333333 0.5900000000000001 0.3183333333333333 0.5831250000000001 0.3091666666666667 0.58375 0.2625 0.6050000000000001 0.2225 0.619375 0.2125 0.625 0.20916666666666667 0.629375 0.21000000000000002 0.7575000000000001 0.21333333333333332 0.760625
0 0.525 0.480625 0.5216666666666667 0.4800000000000001 0.52 0.480625 0.525 0.480625
0 0.39666666666666667 0.48250000000000004 0.41 0.48187500000000005 0.41500000000000004 0.48375 0.4141666666666667 0.480625 0.40750000000000003 0.480625 0.39916666666666667 0.47750000000000004 0.39583333333333337 0.47875000000000006 0.39416666666666667 0.480625 0.39666666666666667 0.48250000000000004
0 0.4208333333333333 0.4912500000000001 0.425 0.4956250000000001 0.43166666666666664 0.49625 0.4416666666666667 0.48875 0.4491666666666666 0.48937500000000006 0.45666666666666667 0.4956250000000001 0.4625 0.48937500000000006 0.47000000000000003 0.49250000000000005 0.4741666666666666 0.4912500000000001 0.48166666666666663 0.49375 0.495 0.484375 0.5158333333333334 0.480625 0.5116666666666666 0.47875000000000006 0.505 0.46937500000000004 0.49333333333333335 0.46749999999999997 0.4833333333333333 0.46875 0.4833333333333333 0.47375 0.47333333333333333 0.4800000000000001 0.4658333333333333 0.479375 0.43583333333333335 0.48375 0.42750000000000005 0.48125 0.4225 0.48375 0.425 0.48812500000000003 0.4208333333333333 0.4912500000000001
0 0.3308333333333333 0.47625 0.3725 0.479375 0.40083333333333326 0.479375 0.41500000000000004 0.48375 0.4683333333333334 0.480625 0.49000000000000005 0.475 0.49749999999999994 0.47000000000000003 0.4925 0.46749999999999997 0.4408333333333333 0.46375 0.4225 0.459375 0.40166666666666667 0.458125 0.365 0.459375 0.3283333333333333 0.465625 0.3225 0.46875 0.32166666666666666 0.47375 0.3308333333333333 0.47625
0 0.12166666666666666 0.9137500000000001 0.12166666666666666 0.925 0.19166666666666668 0.953125 0.20666666666666664 0.95625 0.21000000000000002 0.953125 0.2125 0.9231250000000001 0.21000000000000002 0.913125 0.20249999999999999 0.905 0.19833333333333333 0.905 0.18583333333333335 0.89875 0.17833333333333332 0.8887500000000002 0.175 0.8943749999999999 0.15833333333333333 0.8925000000000001 0.15416666666666667 0.89875 0.14833333333333334 0.89625 0.14416666666666667 0.8881249999999999 0.13999999999999999 0.8918750000000001 0.13333333333333333 0.8856250000000001 0.13 0.8875 0.12666666666666665 0.8856250000000001 0.11916666666666667 0.8862500000000001 0.11666666666666667 0.9018750000000001 0.12166666666666666 0.9137500000000001
0 0.11583333333333332 0.6743750000000001 0.11583333333333332 0.685625 0.1125 0.6875 0.10833333333333332 0.6987500000000001 0.10833333333333332 0.7075 0.1125 0.72 0.11000000000000001 0.7393750000000001 0.11499999999999999 0.754375 0.11166666666666666 0.77625 0.11583333333333332 0.7862500000000001 0.11166666666666666 0.8 0.11166666666666666 0.8106250000000002 0.11499999999999999 0.8162499999999999 0.11583333333333332 0.8556250000000001 0.11916666666666667 0.8575000000000002 0.125 0.851875 0.13 0.8512500000000001 0.13416666666666666 0.85375 0.15083333333333332 0.8556250000000001 0.16666666666666669 0.8606250000000001 0.18166666666666667 0.8706250000000001 0.19583333333333333 0.8712500000000001 0.20249999999999999 0.868125 0.20916666666666667 0.86 0.20666666666666664 0.846875 0.20916666666666667 0.8256249999999999 0.2058333333333333 0.8099999999999999 0.21000000000000002 0.8018750000000001 0.21166666666666667 0.7881250000000001 0.21083333333333334 0.765625 0.20166666666666666 0.74875 0.2058333333333333 0.734375 0.2033333333333333 0.675 0.19666666666666666 0.6675000000000001 0.20249999999999999 0.664375 0.20249999999999999 0.6575 0.17833333333333332 0.655 0.1675 0.649375 0.1575 0.649375 0.11833333333333333 0.641875 0.1125 0.645 0.10916666666666666 0.66625 0.11083333333333334 0.671875 0.11583333333333332 0.6743750000000001
0 0.1075 0.578125 0.09916666666666667 0.58125 0.10166666666666666 0.590625 0.10833333333333332 0.5956250000000001 0.10916666666666666 0.603125 0.11583333333333332 0.6125 0.12333333333333334 0.608125 0.14250000000000002 0.61875 0.13833333333333334 0.6225 0.14166666666666666 0.625 0.14916666666666667 0.6212500000000001 0.15083333333333332 0.623125 0.15583333333333332 0.6225 0.15583333333333332 0.6256250000000001 0.15083333333333332 0.6300000000000001 0.15416666666666667 0.638125 0.16916666666666666 0.635625 0.17416666666666666 0.638125 0.17833333333333332 0.6368750000000001 0.185 0.6412500000000001 0.19166666666666668 0.6375 0.20249999999999999 0.63875 0.2033333333333333 0.6275000000000001 0.20833333333333334 0.6206250000000001 0.2658333333333333 0.5987500000000001 0.275 0.5925 0.28250000000000003 0.591875 0.2866666666666667 0.5875 0.2866666666666667 0.5825 0.2808333333333333 0.5775 0.25083333333333335 0.576875 0.24666666666666667 0.57625 0.2475 0.575 0.24166666666666664 0.5787500000000001 0.24083333333333332 0.5743750000000001 0.22999999999999998 0.5700000000000001 0.21916666666666665 0.5693750000000001 0.21333333333333332 0.566875 0.18333333333333332 0.565625 0.18 0.56375 0.16916666666666666 0.56375 0.16499999999999998 0.56625 0.15416666666666667 0.5675000000000001 0.14916666666666667 0.57125 0.11750000000000001 0.5743750000000001 0.11416666666666667 0.578125 0.1075 0.578125
0 0.6816666666666666 0.959375 0.6799999999999999 0.9550000000000001 0.6849999999999999 0.9550000000000001 0.6883333333333332 0.95 0.6883333333333332 0.944375 0.6808333333333334 0.9525 0.6783333333333333 0.9568749999999999 0.6816666666666666 0.959375
0 0.4625 0.9943750000000001 0.4691666666666666 0.999375 0.47333333333333333 0.9962500000000001 0.47833333333333333 0.999375 0.48166666666666663 0.999375 0.48250000000000004 0.9975000000000002 0.48583333333333334 0.9975000000000002 0.48666666666666664 0.999375 0.505 0.999375 0.5075000000000001 0.996875 0.5166666666666667 0.996875 0.5191666666666667 0.999375 0.5358333333333334 0.999375 0.5383333333333333 0.9962500000000001 0.5441666666666667 0.9962500000000001 0.5483333333333333 0.999375 0.6533333333333333 0.999375 0.6608333333333334 0.99375 0.6716666666666666 0.971875 0.6783333333333333 0.9643750000000001 0.6766666666666666 0.959375 0.6708333333333333 0.959375 0.67 0.945625 0.6725 0.9425000000000001 0.67 0.938125 0.6725 0.9349999999999999 0.67 0.92875 0.6733333333333333 0.925 0.6725 0.920625 0.6766666666666666 0.92125 0.675 0.91875 0.6716666666666666 0.920625 0.6691666666666667 0.9193749999999999 0.6649999999999999 0.915 0.6691666666666667 0.911875 0.67 0.89875 0.6691666666666667 0.89 0.6649999999999999 0.8862500000000001 0.6575 0.8862500000000001 0.6583333333333333 0.8918750000000001 0.6541666666666667 0.8943749999999999 0.6508333333333333 0.89125 0.6483333333333333 0.896875 0.6433333333333333 0.89875 0.6416666666666667 0.905 0.635 0.9075000000000001 0.6375 0.914375 0.6325000000000001 0.9168750000000001 0.6258333333333332 0.9375 0.6174999999999999 0.931875 0.615 0.9275 0.6066666666666667 0.925 0.5991666666666666 0.91875 0.5841666666666667 0.915 0.5791666666666667 0.9112500000000001 0.5808333333333333 0.9075000000000001 0.575 0.900625 0.58 0.89375 0.5658333333333333 0.890625 0.5616666666666666 0.8956250000000001 0.5558333333333334 0.89625 0.5525 0.900625 0.54 0.903125 0.5341666666666667 0.8975 0.5349999999999999 0.89375 0.53 0.890625 0.5358333333333334 0.8800000000000001 0.5108333333333334 0.875 0.5075000000000001 0.8768750000000001 0.5066666666666666 0.884375 0.5016666666666667 0.890625 0.49083333333333334 0.8856250000000001 0.48250000000000004 0.8862500000000001 0.48083333333333333 0.8881249999999999 0.47750000000000004 0.8862500000000001 0.47750000000000004 0.906875 0.47333333333333333 0.9099999999999999 0.47333333333333333 0.913125 0.48 0.9181250000000001 0.47333333333333333 0.9231250000000001 0.4691666666666666 0.9325000000000001 0.4691666666666666 0.9631250000000001 0.4625 0.9943750000000001
0 0.057499999999999996 0.92125 0.05500000000000001 0.92125 0.056666666666666664 0.9231250000000001 0.057499999999999996 0.92125
0 0.07083333333333333 0.905625 0.06999999999999999 0.9037499999999999 0.0675 0.903125 0.07083333333333333 0.905625
0 0.05333333333333333 0.806875 0.05166666666666666 0.8106250000000002 0.058333333333333334 0.813125 0.056666666666666664 0.8243750000000001 0.043333333333333335 0.8318749999999999 0.02583333333333333 0.8318749999999999 0.014166666666666666 0.8481250000000001 0.005 0.8481250000000001 0 0.8525 0 0.8762500000000001 0.003333333333333333 0.8793750000000001 0.004166666666666667 0.8881249999999999 0.004166666666666667 0.93 0 0.9331250000000001 0.006666666666666666 0.938125 0.006666666666666666 0.9450000000000001 0.0125 0.9425000000000001 0.0125 0.936875 0.02583333333333333 0.9393750000000001 0.028333333333333332 0.936875 0.04166666666666667 0.9356250000000002 0.04416666666666667 0.9268750000000001 0.04 0.925 0.04416666666666667 0.9225 0.04416666666666667 0.9087500000000001 0.04666666666666667 0.9081250000000001 0.05 0.9106250000000001 0.05333333333333333 0.905625 0.056666666666666664 0.90625 0.06416666666666666 0.900625 0.0625 0.8975 0.0675 0.8931250000000001 0.07083333333333333 0.8931250000000001 0.07666666666666666 0.8862500000000001 0.08833333333333333 0.8856250000000001 0.095 0.8793750000000001 0.10166666666666666 0.8787499999999999 0.10666666666666666 0.86625 0.10333333333333332 0.8481250000000001 0.10666666666666666 0.8237500000000001 0.1 0.8106250000000002 0.10166666666666666 0.803125 0.09916666666666667 0.79625 0.10166666666666666 0.7881250000000001 0.09916666666666667 0.7825 0.0675 0.7931250000000001 0.059166666666666666 0.7993750000000001 0.05333333333333333 0.8 0.05 0.80375 0.05333333333333333 0.806875
0 0.23046875 0.5640625 0.0015625 0.00078125
0 0.2425 0.570625 0.255 0.573125 0.26166666666666666 0.57125 0.26916666666666667 0.5743750000000001 0.2733333333333333 0.5725 0.2791666666666667 0.573125 0.2866666666666667 0.5775 0.29 0.584375 0.2991666666666667 0.5850000000000001 0.31916666666666665 0.58125 0.325 0.5850000000000001 0.335 0.58625 0.3383333333333333 0.58875 0.3516666666666667 0.5900000000000001 0.35833333333333334 0.593125 0.37083333333333335 0.593125 0.37666666666666665 0.5962500000000001 0.3875 0.595 0.39499999999999996 0.599375 0.40499999999999997 0.599375 0.41083333333333333 0.6025 0.4175 0.6025 0.43916666666666665 0.593125 0.42833333333333334 0.58375 0.4133333333333333 0.58375 0.31166666666666665 0.568125 0.2991666666666667 0.56875 0.29166666666666663 0.57125 0.2891666666666667 0.565625 0.27749999999999997 0.5725 0.26666666666666666 0.5675000000000001 0.27416666666666667 0.56375 0.26166666666666666 0.559375 0.23500000000000001 0.56375 0.2341666666666667 0.566875 0.2425 0.570625
0 0.29 0.5537500000000001 0.29083333333333333 0.556875 0.30416666666666664 0.550625 0.29833333333333334 0.5525 0.29833333333333334 0.55 0.29583333333333334 0.5543750000000001 0.29 0.5537500000000001
0 0.61796875 0.65390625 0.003125 0.00078125
0 0.6383333333333333 0.661875 0.6433333333333333 0.6612500000000001 0.6466666666666667 0.6581250000000001 0.64 0.6518750000000001 0.635 0.6568750000000001 0.6383333333333333 0.661875
0 0.5758333333333333 0.6481250000000001 0.5725 0.64625 0.5708333333333333 0.65 0.5758333333333333 0.6481250000000001
0 0.595 0.6525000000000001 0.6 0.650625 0.5925 0.646875 0.5908333333333333 0.6431250000000001 0.5900000000000001 0.650625 0.595 0.6525000000000001
0 0.69296875 0.59140625 0.0015625 0.0015625
0 0.5916666666666667 0.604375 0.5958333333333333 0.601875 0.5916666666666667 0.598125 0.5974999999999999 0.591875 0.595 0.5893750000000001 0.5866666666666667 0.5956250000000001 0.585 0.6025 0.5916666666666667 0.604375
0 0.5691666666666666 0.6325000000000001 0.5883333333333333 0.639375 0.5916666666666667 0.6375 0.6058333333333333 0.6412500000000001 0.6174999999999999 0.639375 0.6325000000000001 0.6456250000000001 0.6375 0.644375 0.6433333333333333 0.64625 0.6675 0.64625 0.6833333333333333 0.6568750000000001 0.6858333333333333 0.6625 0.6916666666666667 0.664375 0.6991666666666666 0.6612500000000001 0.7058333333333333 0.65375 0.7133333333333333 0.655 0.7191666666666666 0.64625 0.73 0.6412500000000001 0.735 0.63125 0.7441666666666666 0.628125 0.755 0.6168750000000001 0.77 0.6125 0.7733333333333333 0.6056250000000001 0.78 0.603125 0.7866666666666666 0.5956250000000001 0.7891666666666667 0.584375 0.7966666666666666 0.58125 0.8016666666666665 0.570625 0.8066666666666666 0.5700000000000001 0.8025 0.56625 0.8066666666666666 0.5643750000000001 0.7975 0.566875 0.7891666666666667 0.5650000000000001 0.7858333333333334 0.571875 0.7708333333333333 0.5850000000000001 0.7508333333333332 0.5875 0.7341666666666666 0.6006250000000001 0.7308333333333333 0.5987500000000001 0.7341666666666666 0.5943750000000001 0.73 0.59375 0.7241666666666666 0.5962500000000001 0.72 0.59375 0.7183333333333334 0.595 0.7258333333333333 0.5987500000000001 0.715 0.609375 0.71 0.619375 0.7066666666666667 0.6206250000000001 0.6991666666666666 0.621875 0.6883333333333332 0.618125 0.6708333333333333 0.6175 0.6675 0.615625 0.6558333333333334 0.6175 0.6466666666666667 0.61375 0.625 0.6118750000000001 0.6208333333333333 0.609375 0.6191666666666666 0.6025 0.6158333333333333 0.6012500000000001 0.6141666666666666 0.6056250000000001 0.6075 0.608125 0.5858333333333333 0.606875 0.5825 0.6056250000000001 0.5825 0.6025 0.5666666666666667 0.60375 0.5625 0.6056250000000001 0.5591666666666667 0.6162500000000001 0.5575 0.6325000000000001 0.5691666666666666 0.6325000000000001
0 0.7258333333333333 0.6118750000000001 0.7233333333333334 0.6075 0.7241666666666666 0.613125 0.7258333333333333 0.6118750000000001
0 0.6858333333333333 0.5675000000000001 0.6808333333333334 0.566875 0.6791666666666667 0.5675000000000001 0.6858333333333333 0.5675000000000001
0 0.6675 0.565625 0.6691666666666667 0.56375 0.6625 0.5643750000000001 0.6675 0.565625
0 0.7125 0.560625 0.7075 0.5581250000000001 0.7058333333333333 0.560625 0.7125 0.560625
0 0.7308333333333333 0.5625 0.7358333333333333 0.561875 0.7366666666666666 0.560625 0.7266666666666667 0.5543750000000001 0.7258333333333333 0.56 0.7308333333333333 0.5625
0 0.6983333333333334 0.5737500000000001 0.7066666666666667 0.570625 0.7133333333333333 0.5743750000000001 0.7125 0.579375 0.7024999999999999 0.584375 0.71 0.584375 0.7116666666666667 0.5806250000000001 0.7183333333333334 0.578125 0.7224999999999999 0.5825 0.7208333333333333 0.5850000000000001 0.7375 0.58625 0.7441666666666666 0.5925 0.7516666666666667 0.59125 0.755 0.5831250000000001 0.7658333333333334 0.588125 0.7691666666666667 0.593125 0.7733333333333333 0.593125 0.775 0.5893750000000001 0.7791666666666667 0.5925 0.7966666666666666 0.5831250000000001 0.8066666666666666 0.5743750000000001 0.8083333333333333 0.5650000000000001 0.8133333333333332 0.556875 0.8133333333333332 0.546875 0.8074999999999999 0.55 0.8 0.55 0.7933333333333333 0.555625 0.7841666666666667 0.5525 0.7791666666666667 0.553125 0.775 0.55 0.7661108333333333 0.55 0.7666666666666667 0.5525 0.7616666666666666 0.55 0.7608333333333334 0.555 0.7583333333333333 0.555625 0.7474999999999999 0.553125 0.7466666666666667 0.5587500000000001 0.74 0.560625 0.7541666666666667 0.568125 0.7558333333333334 0.570625 0.7525 0.573125 0.7383333333333333 0.5693750000000001 0.73 0.5737500000000001 0.7208333333333333 0.573125 0.72 0.5675000000000001 0.6991666666666666 0.5675000000000001 0.6950000000000001 0.570625 0.6983333333333334 0.5737500000000001
0 0.09 0.79625 0.08499999999999999 0.795625 0.08499999999999999 0.7975000000000001 0.09 0.79625
0 0.005 0.7350000000000001 0.01 0.7412500000000001 0.0075 0.743125 0.008333333333333333 0.75 0.005 0.7550000000000001 0.0025 0.77125 0 0.7725000000000001 0 0.77875 0.0025 0.780625 0.0025 0.79 0 0.791875 0.0025 0.8318749999999999 0 0.8356250000000001 0.0016666666666666666 0.8487500000000001 0.009166666666666667 0.850625 0.015 0.8481250000000001 0.025 0.836875 0.029166666666666667 0.8387500000000001 0.0325 0.8306250000000001 0.0375 0.8318749999999999 0.03916666666666667 0.835 0.04666666666666667 0.835 0.052500000000000005 0.82875 0.06166666666666667 0.825 0.07083333333333333 0.8243750000000001 0.07416666666666667 0.820625 0.08416666666666667 0.818125 0.08916666666666666 0.8137500000000001 0.08916666666666666 0.806875 0.08583333333333333 0.8025 0.08249999999999999 0.7993750000000001 0.0775 0.8018750000000001 0.0725 0.79625 0.08166666666666667 0.789375 0.09833333333333333 0.7831250000000001 0.10500000000000001 0.77625 0.1025 0.7725000000000001 0.10416666666666667 0.759375 0.10166666666666666 0.7518750000000001 0.10166666666666666 0.691875 0.09416666666666666 0.6875 0.08333333333333334 0.68875 0.0675 0.6975 0.04083333333333333 0.704375 0.020833333333333336 0.713125 0.018333333333333333 0.71625 0.008333333333333333 0.71625 0.003333333333333333 0.72 0.006666666666666666 0.73125 0.005 0.7350000000000001
0 0.5133333333333333 0.4756250000000001 0.5541666666666667 0.479375 0.5783333333333334 0.479375 0.6083333333333333 0.47750000000000004 0.6133333333333333 0.47375 0.6158333333333333 0.45562500000000006 0.6091666666666666 0.449375 0.5425 0.448125 0.5216666666666667 0.45 0.5083333333333333 0.45375000000000004 0.5066666666666666 0.47000000000000003 0.5133333333333333 0.4756250000000001
0 0.475 0.4912500000000001 0.4791666666666667 0.49750000000000005 0.48 0.50875 0.4841666666666667 0.510625 0.5058333333333334 0.510625 0.5166666666666667 0.5125 0.5216666666666667 0.515625 0.5358333333333334 0.515625 0.5375 0.5118750000000001 0.545 0.50875 0.5516666666666666 0.51375 0.5608333333333333 0.5112500000000001 0.5675 0.5118750000000001 0.5691666666666666 0.508125 0.5658333333333333 0.5050000000000001 0.5700000000000001 0.5018750000000001 0.5866666666666667 0.5075000000000001 0.5941666666666666 0.5050000000000001 0.6058333333333333 0.5050000000000001 0.6075 0.503125 0.6066666666666667 0.49812500000000004 0.5991666666666666 0.495 0.5983333333333334 0.4912500000000001 0.585 0.490625 0.5808333333333333 0.484375 0.575 0.48250000000000004 0.5433333333333333 0.48187500000000005 0.5075000000000001 0.476875 0.49083333333333334 0.47875000000000006 0.4666666666666667 0.48625000000000007 0.4683333333333334 0.48937500000000006 0.475 0.4912500000000001
0 0.11499999999999999 0.640625 0.20249999999999999 0.6581250000000001 0.2058333333333333 0.650625 0.20249999999999999 0.61875 0.18833333333333332 0.6175 0.18333333333333332 0.61375 0.175 0.613125 0.17166666666666666 0.610625 0.15916666666666665 0.6112500000000001 0.13 0.604375 0.11916666666666667 0.604375 0.11416666666666667 0.606875 0.11166666666666666 0.6162500000000001 0.10833333333333332 0.619375 0.1075 0.6275000000000001 0.11499999999999999 0.640625
0 0.1075 0.7075 0.1125 0.71625 0.1125 0.7375 0.11000000000000001 0.7412500000000001 0.11666666666666667 0.76375 0.12583333333333332 0.7681250000000001 0.13916666666666666 0.76875 0.145 0.77375 0.14666666666666667 0.7825 0.15166666666666667 0.785625 0.15416666666666667 0.785625 0.16166666666666668 0.778125 0.17833333333333332 0.780625 0.19166666666666668 0.785625 0.195 0.790625 0.19916666666666666 0.790625 0.2033333333333333 0.785625 0.2033333333333333 0.774375 0.20666666666666664 0.7675000000000001 0.20666666666666664 0.760625 0.20083333333333334 0.748125 0.2058333333333333 0.7325 0.20249999999999999 0.6831250000000001 0.195 0.680625 0.18166666666666667 0.686875 0.1825 0.675 0.16833333333333333 0.675625 0.16416666666666666 0.678125 0.16083333333333333 0.67625 0.14916666666666667 0.6768750000000001 0.13666666666666666 0.67125 0.13333333333333333 0.6725000000000001 0.12583333333333332 0.66875 0.11916666666666667 0.669375 0.1125 0.6631250000000001 0.10833333333333332 0.6675000000000001 0.11000000000000001 0.675625 0.1075 0.7075
0 0.6433333333333333 0.55 0.6433333333333333 0.546875 0.6366666666666666 0.55 0.6433333333333333 0.55
0 0.5041666666666667 0.559375 0.5083333333333333 0.5643750000000001 0.5208333333333333 0.570625 0.5258333333333333 0.570625 0.5325 0.56375 0.5366666666666666 0.5631250000000001 0.5491666666666666 0.56625 0.5575 0.5650000000000001 0.5725 0.568125 0.5858333333333333 0.566875 0.5933333333333334 0.56875 0.5983333333333334 0.5737500000000001 0.6016666666666667 0.5737500000000001 0.6066666666666667 0.570625 0.6058333333333333 0.56625 0.6191666666666666 0.556875 0.6166666666666667 0.5537500000000001 0.6075 0.556875 0.5841666666666667 0.555 0.5416666666666667 0.54375 0.5125 0.5425000000000001 0.5 0.539375 0.4966666666666667 0.539375 0.495 0.5431250000000001 0.4883333333333333 0.5475000000000001 0.4875 0.555 0.5041666666666667 0.559375
0 0.6058333333333333 0.491875 0.6091666666666666 0.4956250000000001 0.615 0.495 0.6224999999999999 0.48812500000000003 0.6366666666666666 0.484375 0.6616666666666666 0.48500000000000004 0.6583333333333333 0.480625 0.6533333333333333 0.479375 0.6283333333333333 0.479375 0.6166666666666667 0.47750000000000004 0.5808333333333333 0.480625 0.5775 0.48375 0.5708333333333333 0.48375 0.5825 0.49000000000000005 0.6058333333333333 0.491875
0 0.7 0.5675000000000001 0.6925 0.56625 0.6916666666666667 0.5675000000000001 0.7 0.5675000000000001
0 0.6441666666666667 0.54375 0.62 0.5537500000000001 0.5908333333333333 0.556875 0.6041666666666667 0.55625 0.6091666666666666 0.56375 0.6016666666666667 0.5743750000000001 0.6166666666666667 0.5743750000000001 0.6408333333333334 0.56125 0.6566666666666666 0.56375 0.6683333333333333 0.560625 0.6708333333333333 0.5431250000000001 0.6841666666666667 0.5362500000000001 0.6808333333333334 0.535 0.6766666666666666 0.5381250000000001 0.67625 0.535 0.6716666666666666 0.535 0.6625 0.540625 0.6441666666666667 0.54375
0 0.46749999999999997 0.9950000000000001 0.4666666666666667 0.993125 0.46416666666666667 0.9943750000000001 0.46749999999999997 0.9950000000000001
0 0.4766666666666667 0.990625 0.475 0.9943750000000001 0.48250000000000004 0.999375 0.4958333333333333 0.999375 0.4966666666666667 0.9975000000000002 0.5075000000000001 0.9962500000000001 0.5158333333333334 0.9962500000000001 0.5208333333333333 0.999375 0.5341666666666667 0.999375 0.5408333333333333 0.99375 0.5433333333333333 0.99375 0.5483333333333333 0.999375 0.655 0.999375 0.6675 0.9806250000000001 0.6683333333333333 0.965625 0.6633333333333333 0.95875 0.655 0.9568749999999999 0.655 0.94375 0.6433333333333333 0.9412499999999999 0.6391666666666667 0.945625 0.6416666666666667 0.9512500000000002 0.6366666666666666 0.9512500000000002 0.6224999999999999 0.96125 0.625 0.9668750000000002 0.6216666666666667 0.976875 0.625 0.98375 0.6116666666666666 0.990625 0.6083333333333333 0.990625 0.6016666666666667 0.9862500000000001 0.5816666666666667 0.983125 0.5616666666666666 0.971875 0.5491666666666666 0.9731250000000001 0.5441666666666667 0.976875 0.5425 0.983125 0.5366666666666666 0.9825000000000002 0.5225 0.971875 0.5191666666666667 0.975 0.5133333333333333 0.971875 0.49416666666666664 0.9693750000000001 0.49000000000000005 0.9700000000000001 0.495 0.9793750000000001 0.48916666666666664 0.9862500000000001 0.48583333333333334 0.9862500000000001 0.48083333333333333 0.9818750000000002 0.4716666666666667 0.9806250000000001 0.4716666666666667 0.9862500000000001 0.4766666666666667 0.990625
0 0.6716666666666666 0.796875 0.6708333333333333 0.795 0.6666666666666667 0.795625 0.6675 0.7987500000000001 0.6716666666666666 0.796875
0 0.55390625 0.76171875 0.00234375 0.00078125
0 0.5583333333333333 0.7618750000000001 0.5608333333333333 0.76375 0.5633333333333332 0.76 0.5658333333333333 0.76 0.5666666666666667 0.76375 0.5691666666666666 0.7618750000000001 0.5625 0.7550000000000001 0.5591666666666667 0.754375 0.5616666666666666 0.75625 0.5583333333333333 0.7618750000000001
0 0.5549999999999999 0.745 0.5641666666666667 0.745 0.5741666666666666 0.7518750000000001 0.5875 0.754375 0.5833333333333333 0.758125 0.5841666666666667 0.7612500000000001 0.5891666666666666 0.75875 0.5933333333333334 0.759375 0.5933333333333334 0.76375 0.5983333333333334 0.7625 0.605 0.76875 0.6058333333333333 0.7731250000000001 0.6241666666666666 0.7725000000000001 0.6358333333333334 0.77875 0.645 0.77625 0.6483333333333333 0.778125 0.6491666666666667 0.7825 0.6591666666666667 0.785625 0.6641666666666667 0.791875 0.6675 0.7875 0.6716666666666666 0.791875 0.675 0.791875 0.6758333333333333 0.7887500000000001 0.6733333333333333 0.7862500000000001 0.6849999999999999 0.775625 0.69 0.775 0.6958333333333333 0.760625 0.71 0.74875 0.7125 0.7375 0.7158333333333333 0.734375 0.7191666666666666 0.71625 0.7308333333333333 0.7075 0.7333333333333333 0.6993750000000001 0.7375 0.695625 0.7383333333333333 0.685 0.7333333333333333 0.68125 0.7274999999999999 0.684375 0.7208333333333333 0.68 0.7158333333333333 0.680625 0.7058333333333333 0.684375 0.6991666666666666 0.6925000000000001 0.6916666666666667 0.695625 0.6825 0.6943750000000001 0.675 0.6900000000000001 0.6608333333333334 0.6875 0.655 0.684375 0.6224999999999999 0.681875 0.5741666666666666 0.66625 0.5691666666666666 0.669375 0.5566666666666666 0.66625 0.5541666666666667 0.6681250000000001 0.5541666666666667 0.680625 0.5491666666666666 0.6925000000000001 0.5483333333333333 0.73875 0.5549999999999999 0.745
0 0.7533333333333333 0.6675000000000001 0.7541666666666667 0.660625 0.75 0.66 0.7424999999999999 0.6625 0.7441666666666666 0.67125 0.7533333333333333 0.6675000000000001
0 0.305 0.566875 0.31333333333333335 0.57125 0.325 0.5700000000000001 0.35416666666666663 0.5775 0.37666666666666665 0.578125 0.39166666666666666 0.58125 0.425 0.581875 0.42833333333333334 0.5806250000000001 0.43 0.575625 0.44000000000000006 0.570625 0.44000000000000006 0.56625 0.44416666666666665 0.5675000000000001 0.43666666666666665 0.56375 0.42833333333333334 0.565625 0.42416666666666664 0.556875 0.4166666666666667 0.5487500000000001 0.41583333333333333 0.54375 0.40166666666666667 0.54 0.39666666666666667 0.54375 0.39249999999999996 0.540625 0.38 0.5387500000000001 0.37666666666666665 0.541875 0.36583333333333334 0.5425000000000001 0.3416666666666667 0.55125 0.3275 0.5493750000000001 0.32 0.5537500000000001 0.3175 0.560625 0.31333333333333335 0.56 0.31083333333333335 0.5518750000000001 0.3058333333333333 0.5537500000000001 0.30833333333333335 0.56125 0.305 0.566875
0 0.31796875 0.921875 0.00078125 0.0015625
0 0.21916666666666665 0.9662500000000002 0.3 0.9956250000000001 0.30833333333333335 0.996875 0.32416666666666666 0.9943750000000001 0.32333333333333336 0.98375 0.33333333333333337 0.959375 0.32916666666666666 0.953125 0.3283333333333333 0.94375 0.30083333333333334 0.925 0.3 0.9181250000000001 0.30833333333333335 0.9168750000000001 0.3091666666666667 0.914375 0.3025 0.913125 0.3 0.9099999999999999 0.29583333333333334 0.9099999999999999 0.2925 0.9075000000000001 0.27749999999999997 0.905 0.2725 0.900625 0.27083333333333337 0.9018750000000001 0.265 0.9 0.265 0.896875 0.255 0.89375 0.24083333333333332 0.8950000000000001 0.2375 0.890625 0.22999999999999998 0.889375 0.22833333333333333 0.89125 0.2341666666666667 0.8975 0.2308333333333333 0.9 0.2308333333333333 0.914375 0.21916666666666665 0.914375 0.2125 0.93625 0.2125 0.9575000000000001 0.21916666666666665 0.9662500000000002
0 0.7116666666666667 0.8606250000000001 0.7125 0.8637500000000001 0.7145833333333333 0.8606250000000001 0.7116666666666667 0.8606250000000001
0 0.73 0.8568749999999999 0.73 0.85375 0.7258333333333333 0.8543750000000001 0.7266666666666667 0.8575000000000002 0.73 0.8568749999999999
0 0.5650000000000001 0.7931250000000001 0.5633333333333332 0.791875 0.5625 0.7931250000000001 0.5650000000000001 0.7931250000000001
0 0.6816666666666666 0.83375 0.6825 0.849375 0.6858333333333333 0.849375 0.6891666666666667 0.8462500000000001 0.6925 0.846875 0.7016666666666667 0.85875 0.7108333333333333 0.859375 0.7083333333333333 0.8543750000000001 0.7166666666666667 0.8487500000000001 0.7233333333333334 0.853125 0.7266666666666667 0.85 0.7333333333333333 0.8487500000000001 0.73 0.8474999999999999 0.725 0.8375 0.7316666666666667 0.835 0.7408333333333333 0.8356250000000001 0.7474999999999999 0.8256249999999999 0.745 0.8237500000000001 0.7474999999999999 0.818125 0.7441666666666666 0.8168750000000001 0.7408333333333333 0.820625 0.7391666666666666 0.819375 0.7341666666666666 0.806875 0.7408333333333333 0.8018750000000001 0.7516666666666667 0.8075000000000001 0.755 0.806875 0.7683333333333333 0.7931250000000001 0.7766666666666666 0.778125 0.7891666666666667 0.765 0.7966666666666666 0.70875 0.8 0.6993750000000001 0.8025 0.66 0.8 0.65 0.7875 0.655625 0.7658333333333334 0.6787500000000001 0.7666666666666667 0.681875 0.7583333333333333 0.6881250000000001 0.7558333333333334 0.6975 0.7458333333333333 0.70625 0.7474999999999999 0.71375 0.7416666666666667 0.72 0.7416666666666667 0.725 0.7208333333333333 0.7506250000000001 0.715 0.765 0.7041666666666667 0.78125 0.6891666666666667 0.796875 0.6808333333333334 0.809375 0.67 0.8175000000000001 0.6708333333333333 0.8243750000000001 0.6816666666666666 0.83375
0 0.5425 0.48500000000000004 0.545 0.4831250000000001 0.55 0.48625000000000007 0.5583333333333333 0.48687500000000006 0.5675 0.49437500000000006 0.5866666666666667 0.4956250000000001 0.5941666666666666 0.49312500000000004 0.5991666666666666 0.49375 0.6016666666666667 0.4956250000000001 0.6025 0.503125 0.6083333333333333 0.504375 0.6158333333333333 0.50375 0.6158333333333333 0.49375 0.6291666666666667 0.48375 0.6408333333333334 0.48187500000000005 0.6575 0.48250000000000004 0.6575 0.480625 0.6341666666666667 0.48125 0.6133333333333333 0.476875 0.5891666666666666 0.478125 0.5741666666666666 0.48250000000000004 0.5566666666666666 0.48125 0.5483333333333333 0.4831250000000001 0.5283333333333333 0.4800000000000001 0.5283333333333333 0.48375 0.5241666666666667 0.4831250000000001 0.5216666666666667 0.4800000000000001 0.525 0.484375 0.5425 0.48500000000000004
0 0.4083333333333333 0.58125 0.40499999999999997 0.5775 0.4025 0.578125 0.4083333333333333 0.58125
0 0.38249999999999995 0.5743750000000001 0.38666666666666666 0.578125 0.3908333333333333 0.575625 0.39125 0.578125 0.39666666666666667 0.5775 0.38666666666666666 0.5737500000000001 0.385 0.575625 0.38249999999999995 0.5743750000000001
0 0.25916666666666666 0.561875 0.25833333333333336 0.56375 0.26166666666666666 0.5650000000000001 0.26313888888888887 0.5627916666666668 0.25916666666666666 0.561875
0 0.27 0.5643750000000001 0.2633333333333333 0.5625 0.26313888888888887 0.5627916666666668 0.27 0.5643750000000001
0 0.25833333333333336 0.56 0.2625 0.5575 0.25666666666666665 0.555625 0.2558333333333333 0.5581250000000001 0.25833333333333336 0.56
0 0.28250000000000003 0.56 0.28833333333333333 0.56375 0.2891666666666667 0.565625 0.28250000000000003 0.570625 0.28583333333333333 0.57125 0.2891666666666667 0.5675000000000001 0.29083333333333333 0.57125 0.2925 0.570625 0.2925 0.565625 0.2966666666666667 0.5650000000000001 0.3 0.5700000000000001 0.30833333333333335 0.57125 0.31416666666666665 0.575625 0.32333333333333336 0.57125 0.3383333333333333 0.568125 0.3466666666666667 0.5575 0.3466666666666667 0.5537500000000001 0.3516666666666667 0.55 0.35083333333333333 0.54625 0.35583333333333333 0.5431250000000001 0.35666666666666663 0.5362500000000001 0.34833333333333333 0.535625 0.3416666666666667 0.530625 0.3383333333333333 0.534375 0.30833333333333335 0.54125 0.27166666666666667 0.55625 0.2733333333333333 0.5587500000000001 0.28250000000000003 0.56
0 0.3025 0.515625 0.30666666666666664 0.5118750000000001 0.31 0.5162500000000001 0.32916666666666666 0.5175000000000001 0.3383333333333333 0.52125 0.3516666666666667 0.5125 0.3575 0.5118750000000001 0.3416666666666667 0.510625 0.3358333333333333 0.508125 0.32333333333333336 0.51 0.32083333333333336 0.5068750000000001 0.31333333333333335 0.509375 0.3075 0.504375 0.3025 0.5050000000000001 0.30666666666666664 0.510625 0.3025 0.515625
0 0.4658333333333333 0.48875 0.47000000000000003 0.48812500000000003 0.4708333333333333 0.484375 0.46416666666666667 0.48625000000000007 0.4625 0.4875 0.4658333333333333 0.48875
0 0.2733333333333333 0.4875 0.2833333333333333 0.4875 0.2783333333333333 0.48562500000000003 0.2783333333333333 0.4831250000000001 0.2841666666666667 0.480625 0.27083333333333337 0.480625 0.27 0.48375 0.2733333333333333 0.4875
0 0.305 0.49312500000000004 0.2975 0.4912500000000001 0.30166666666666664 0.49250000000000005 0.2991666666666667 0.49437500000000006 0.32 0.49625 0.31916666666666665 0.49312500000000004 0.32416666666666666 0.49312500000000004 0.35416666666666663 0.49750000000000005 0.355 0.504375 0.34833333333333333 0.504375 0.3416666666666667 0.51 0.345 0.51375 0.3525 0.514375 0.37583333333333335 0.503125 0.39 0.504375 0.39 0.50875 0.3908333333333333 0.505625 0.3975 0.505625 0.40083333333333326 0.508125 0.41083333333333333 0.509375 0.43083333333333335 0.504375 0.4341666666666667 0.4987500000000001 0.43166666666666664 0.4956250000000001 0.43499999999999994 0.490625 0.4375 0.490625 0.44000000000000006 0.49437500000000006 0.43916666666666665 0.49000000000000005 0.4175 0.49000000000000005 0.3883333333333333 0.480625 0.31916666666666665 0.47750000000000004 0.32166666666666666 0.49250000000000005 0.305 0.49312500000000004
0 0.31015625 0.890625 0.00078125 0.00078125
0 0.2866666666666667 0.88375 0.29 0.883125 0.28583333333333333 0.881875 0.2866666666666667 0.88375
0 0.32734375 0.8453125 0.00078125 0.00078125
0 0.21583333333333332 0.81125 0.22083333333333335 0.8106250000000002 0.2225 0.8137500000000001 0.21833333333333332 0.8175000000000001 0.22333333333333333 0.820625 0.22583333333333333 0.8200000000000001 0.22749999999999998 0.8231250000000001 0.2225 0.8237500000000001 0.22583333333333333 0.82875 0.23166666666666663 0.83125 0.22666666666666666 0.819375 0.24083333333333332 0.8162499999999999 0.24666666666666667 0.821875 0.255 0.8225 0.26 0.826875 0.25833333333333336 0.83125 0.26083333333333336 0.835 0.25416666666666665 0.840625 0.25833333333333336 0.8450000000000001 0.26166666666666666 0.84375 0.275 0.849375 0.29333333333333333 0.849375 0.3025 0.85625 0.3175 0.8625 0.32666666666666666 0.8625 0.3308333333333333 0.8556250000000001 0.3275 0.851875 0.3175 0.853125 0.3125 0.846875 0.315 0.844375 0.3225 0.8462500000000001 0.325 0.8425 0.3225 0.83125 0.3275 0.82875 0.33333333333333337 0.8150000000000001 0.3308333333333333 0.796875 0.3025 0.7887500000000001 0.27749999999999997 0.77875 0.265 0.7775000000000001 0.22333333333333333 0.765625 0.21416666666666667 0.765 0.2125 0.766875 0.2125 0.8075000000000001 0.21583333333333332 0.81125
0 0.4291666666666667 0.50375 0.43083333333333335 0.50125 0.4208333333333333 0.49625 0.4216666666666667 0.5050000000000001 0.4291666666666667 0.50375
0 0.3983333333333333 0.49312500000000004 0.39666666666666667 0.4956250000000001 0.4041666666666667 0.5 0.4041666666666667 0.49750000000000005 0.3983333333333333 0.49250000000000005 0.39916666666666667 0.48937500000000006 0.39583333333333337 0.48937500000000006 0.3983333333333333 0.49312500000000004
0 0.39375 0.48828125 0.00234375 0.0015625
0 0.28250000000000003 0.5050000000000001 0.28500000000000003 0.508125 0.2925 0.51 0.325 0.5112500000000001 0.3375 0.515 0.36916666666666664 0.50875 0.3883333333333333 0.50125 0.3875 0.49812500000000004 0.37666666666666665 0.49437500000000006 0.38666666666666666 0.484375 0.3808333333333333 0.48375 0.37416666666666665 0.48562500000000003 0.3725 0.48375 0.35833333333333334 0.48375 0.35666666666666663 0.48562500000000003 0.35333333333333333 0.4831250000000001 0.3408333333333333 0.48250000000000004 0.33666666666666667 0.48375 0.33916666666666667 0.48812500000000003 0.3225 0.48687500000000006 0.31083333333333335 0.491875 0.3025 0.4912500000000001 0.29083333333333333 0.49437500000000006 0.29416666666666663 0.49812500000000004 0.28250000000000003 0.5050000000000001
0 0.335 0.8162499999999999 0.335 0.825 0.3383333333333333 0.83125 0.335 0.8425 0.3375 0.851875 0.33416666666666667 0.8556250000000001 0.33416666666666667 0.8643750000000001 0.32999999999999996 0.8762500000000001 0.3308333333333333 0.8975 0.33666666666666667 0.9043750000000002 0.33666666666666667 0.9081250000000001 0.33333333333333337 0.9112500000000001 0.33666666666666667 0.9193749999999999 0.345 0.9262500000000001 0.36333333333333334 0.9325000000000001 0.37583333333333335 0.9337500000000001 0.3883333333333333 0.9393750000000001 0.3975 0.9400000000000001 0.3975 0.9375 0.40499999999999997 0.9393750000000001 0.4025 0.9425000000000001 0.4041666666666667 0.9450000000000001 0.41833333333333333 0.951875 0.42666666666666664 0.9475 0.43166666666666664 0.9512500000000002 0.43666666666666665 0.9493750000000001 0.44000000000000006 0.9418750000000001 0.44833333333333336 0.9450000000000001 0.45916666666666667 0.9425000000000001 0.4616666666666666 0.9393750000000001 0.4625 0.925 0.47000000000000003 0.899375 0.46749999999999997 0.8868750000000001 0.4691666666666666 0.8474999999999999 0.48916666666666664 0.8293750000000001 0.5008333333333332 0.826875 0.5075000000000001 0.820625 0.5158333333333334 0.8081250000000001 0.53 0.796875 0.5325 0.7931250000000001 0.5308333333333334 0.786875 0.5275000000000001 0.785 0.5225 0.785625 0.5083333333333333 0.7931250000000001 0.495 0.8043750000000001 0.4883333333333333 0.8150000000000001 0.48166666666666663 0.818125 0.4741666666666666 0.826875 0.4708333333333333 0.8275 0.4416666666666667 0.81875 0.43 0.81125 0.4133333333333333 0.8081250000000001 0.38666666666666666 0.7993750000000001 0.3683333333333333 0.7987500000000001 0.35583333333333333 0.7931250000000001 0.34249999999999997 0.795 0.3383333333333333 0.791875 0.33666666666666667 0.79625 0.3383333333333333 0.8081250000000001 0.335 0.8162499999999999
0 0.10500000000000001 0.53125 0.06999999999999999 0.539375 0.04416666666666667 0.55 0.018333333333333333 0.5537500000000001 0.008333333333333333 0.559375 0 0.560625 0 0.56375 0.005 0.5675000000000001 0.017499999999999998 0.570625 0.029166666666666667 0.5693750000000001 0.052500000000000005 0.57625 0.08916666666666666 0.581875 0.1025 0.573125 0.14833333333333334 0.5650000000000001 0.15416666666666667 0.56125 0.18166666666666667 0.555 0.18833333333333332 0.55125 0.1875 0.5475000000000001 0.18166666666666667 0.5431250000000001 0.16499999999999998 0.5362500000000001 0.15583333333333332 0.51875 0.13 0.514375 0.12583333333333332 0.519375 0.11916666666666667 0.516875 0.11916666666666667 0.513125 0.11750000000000001 0.5225000000000001 0.10500000000000001 0.53125
0 0.7816666666666666 0.55 0.7791666666666667 0.5487500000000001 0.7766666666666666 0.55 0.7816666666666666 0.55
0 0.7908333333333333 0.56125 0.7866666666666666 0.571875 0.7808333333333334 0.575 0.7833333333333333 0.5850000000000001 0.7891666666666667 0.586875 0.8033333333333333 0.5787500000000001 0.8066666666666666 0.5787500000000001 0.8108333333333333 0.57125 0.8108333333333333 0.5643750000000001 0.8158333333333333 0.55125 0.8158333333333333 0.5375 0.8116666666666668 0.5337500000000001 0.8158333333333333 0.5318750000000001 0.8141666666666666 0.53 0.8074999999999999 0.528125 0.8058333333333334 0.529375 0.8108333333333333 0.53 0.8116666666666668 0.5381250000000001 0.805 0.54375 0.7983333333333333 0.545 0.7933333333333333 0.5487500000000001 0.7833333333333333 0.55 0.7883333333333333 0.5543750000000001 0.7908333333333333 0.56125
0 0 0.59375 0.005 0.5975 0.004166666666666667 0.61375 0 0.618125 0 0.62375 0.005 0.630625 0.013333333333333332 0.6325000000000001 0.016666666666666666 0.6368750000000001 0.008333333333333333 0.638125 0 0.64375 0 0.6900000000000001 0.003333333333333333 0.6943750000000001 0.0025 0.7050000000000001 0 0.706875 0 0.721875 0.003333333333333333 0.7412500000000001 0.008333333333333333 0.748125 0.008333333333333333 0.75125 0 0.760625 0 0.8225 0.003333333333333333 0.8243750000000001 0.004166666666666667 0.8481250000000001 0.011666666666666667 0.8487500000000001 0.025 0.836875 0.029166666666666667 0.838125 0.0325 0.8306250000000001 0.03666666666666667 0.8318749999999999 0.043333333333333335 0.8275 0.04666666666666667 0.828125 0.05333333333333333 0.821875 0.056666666666666664 0.8231250000000001 0.058333333333333334 0.8200000000000001 0.06416666666666666 0.8175000000000001 0.06333333333333332 0.805625 0.06916666666666667 0.8081250000000001 0.07416666666666667 0.8150000000000001 0.07583333333333334 0.8143750000000001 0.07833333333333334 0.8106250000000002 0.07583333333333334 0.8043750000000001 0.06583333333333333 0.8 0.06583333333333333 0.79625 0.07333333333333333 0.795 0.09666666666666666 0.7825 0.10333333333333332 0.775625 0.1 0.71375 0.10083333333333333 0.6881250000000001 0.10333333333333332 0.6831250000000001 0.1 0.6587500000000001 0.10166666666666666 0.6431250000000001 0.09333333333333334 0.6212500000000001 0.10166666666666666 0.6143750000000001 0.10416666666666667 0.609375 0.09916666666666667 0.6056250000000001 0.09166666666666666 0.6050000000000001 0.08416666666666667 0.599375 0.07166666666666667 0.6006250000000001 0.049166666666666664 0.5943750000000001 0.03333333333333333 0.584375 0.018333333333333333 0.5800000000000001 0.0025 0.584375 0 0.5856250000000001 0 0.59375
0 0 0.9525 0 0.9912500000000002 0.005 0.9943750000000001 0.06666666666666667 0.953125 0.08833333333333333 0.943125 0.11083333333333334 0.928125 0.11333333333333333 0.9175000000000001 0.10916666666666666 0.905 0.11000000000000001 0.8975 0.10166666666666666 0.885 0.10166666666666666 0.8762500000000001 0.09083333333333334 0.8800000000000001 0.08499999999999999 0.885 0.07416666666666667 0.8868750000000001 0.06 0.896875 0.057499999999999996 0.9081250000000001 0.05 0.9081250000000001 0.04166666666666667 0.9181250000000001 0.04416666666666667 0.9293750000000001 0.03916666666666667 0.934375 0.025 0.938125 0.019166666666666665 0.9375 0.004166666666666667 0.9475 0.003333333333333333 0.9512500000000002 0 0.9525
0 0.04666666666666667 0.86625 0.05 0.86875 0.06166666666666667 0.86625 0.06333333333333332 0.8625 0.05333333333333333 0.86 0.05 0.85625 0.05166666666666666 0.85875 0.0475 0.85875 0.049166666666666664 0.8631249999999999 0.04666666666666667 0.86625
0 0.065 0.355625 0.06666666666666667 0.35250000000000004 0.059166666666666666 0.34937500000000005 0.05500000000000001 0.355625 0.065 0.355625
0 0.04166666666666667 0.344375 0.03916666666666667 0.344375 0.04 0.34625000000000006 0.04166666666666667 0.344375
0 0.04833333333333333 0.33937500000000004 0.03916666666666667 0.338125 0.043333333333333335 0.34 0.04583333333333333 0.345625 0.04666666666666667 0.34125 0.05500000000000001 0.33875 0.05500000000000001 0.335625 0.04666666666666667 0.33187500000000003 0.05 0.3375 0.04833333333333333 0.33937500000000004
0 0.01015625 0.33125 0.00234375 0.00078125
0 0.005 0.335 0.0075 0.33187500000000003 0.005833333333333334 0.32937500000000003 0.0025 0.33 0 0.335 0.005 0.335
0 0.003333333333333333 0.32062500000000005 0 0.32625000000000004 0.003333333333333333 0.3225 0.005 0.32375000000000004 0.009166666666666667 0.321875 0.0125 0.324375 0.01583333333333333 0.319375 0.020833333333333336 0.3175 0.017499999999999998 0.31500000000000006 0.018333333333333333 0.313125 0.0675 0.309375 0.0675 0.281875 0.06416666666666666 0.278125 0.034999999999999996 0.275 0.0016666666666666666 0.275 0 0.316875 0.003333333333333333 0.32062500000000005
0 0.75 0.51875 0.7474999999999999 0.5181250000000001 0.7458333333333333 0.51875 0.75 0.51875
0 0.73984375 0.515625 0.0015625 0.00078125
0 0.725 0.515 0.7224999999999999 0.514375 0.72 0.515 0.725 0.515
0 0.7224999999999999 0.5050000000000001 0.7533333333333333 0.510625 0.7858333333333334 0.509375 0.8008333333333333 0.51375 0.8066666666666666 0.5068750000000001 0.8133333333333332 0.5050000000000001 0.8041666666666666 0.4987500000000001 0.7958333333333333 0.5 0.7891666666666667 0.496875 0.7625 0.49437500000000006 0.7491666666666666 0.490625 0.74 0.490625 0.725 0.49625 0.7191666666666666 0.50125 0.7224999999999999 0.5050000000000001
0 0.7075 0.819375 0.7008333333333333 0.8243750000000001 0.7016666666666667 0.828125 0.7075 0.83125 0.7008333333333333 0.8418750000000002 0.7083333333333333 0.8487500000000001 0.7024999999999999 0.851875 0.7016666666666667 0.8556250000000001 0.705 0.8887500000000002 0.7083333333333333 0.89375 0.7058333333333333 0.9018750000000001 0.7091666666666667 0.9 0.7091666666666667 0.89625 0.7125 0.896875 0.7166666666666667 0.8918750000000001 0.725 0.8706250000000001 0.7441666666666666 0.8418750000000002 0.755 0.809375 0.7725 0.79 0.7908333333333333 0.764375 0.8 0.701875 0.8008333333333333 0.675625 0.7975 0.6743750000000001 0.8 0.671875 0.8 0.659375 0.7933333333333333 0.673125 0.7891666666666667 0.6743750000000001 0.775 0.695625 0.7625 0.703125 0.7649999999999999 0.709375 0.7591666666666667 0.713125 0.7541666666666667 0.7212500000000001 0.7525 0.7362500000000001 0.7408333333333333 0.743125 0.7308333333333333 0.760625 0.7274999999999999 0.7618750000000001 0.7266666666666667 0.7662500000000001 0.7191666666666666 0.76875 0.7175 0.7837500000000001 0.7108333333333333 0.7862500000000001 0.7083333333333333 0.79 0.7133333333333333 0.8099999999999999 0.7075 0.819375
0 0.3358333333333333 0.999375 0.35333333333333333 0.999375 0.35416666666666663 0.9975000000000002 0.3625 0.9962500000000001 0.3683333333333333 0.9975000000000002 0.36916666666666664 0.999375 0.39249999999999996 0.999375 0.3933333333333333 0.9975000000000002 0.4025 0.9956250000000001 0.4258333333333333 0.996875 0.42750000000000005 0.999375 0.4425 0.999375 0.445 0.996875 0.4583333333333333 0.9943750000000001 0.4625 0.9731250000000001 0.45916666666666667 0.96875 0.45583333333333337 0.9693750000000001 0.4508333333333333 0.976875 0.4458333333333333 0.9775 0.42833333333333334 0.9706250000000001 0.4216666666666667 0.9706250000000001 0.4125 0.95625 0.3983333333333333 0.9481250000000001 0.39416666666666667 0.9481250000000001 0.3883333333333333 0.95375 0.38333333333333336 0.9543750000000001 0.3725 0.945625 0.3441666666666666 0.9418750000000001 0.33999999999999997 0.945625 0.345 0.953125 0.3408333333333333 0.95625 0.3358333333333333 0.971875 0.32999999999999996 0.9756250000000002 0.3275 0.9806250000000001 0.32666666666666666 0.9943750000000001 0.3358333333333333 0.999375
0 0.6758333333333333 0.5650000000000001 0.6858333333333333 0.5650000000000001 0.7125 0.570625 0.7224999999999999 0.5693750000000001 0.7341666666666666 0.575 0.7408333333333333 0.571875 0.745 0.5725 0.7616666666666666 0.5831250000000001 0.7691666666666667 0.581875 0.7875 0.5675000000000001 0.7908333333333333 0.561875 0.7908333333333333 0.556875 0.7841666666666667 0.55125 0.7366666666666666 0.5431250000000001 0.705 0.54125 0.6858333333333333 0.5362500000000001 0.6775 0.5362500000000001 0.6641666666666667 0.546875 0.6625 0.55625 0.6758333333333333 0.5650000000000001
0 0.25234375 0.46328125 0.00234375 0.00078125
0 0.2725 0.4800000000000001 0.2891666666666667 0.47437500000000005 0.3158333333333333 0.475 0.335 0.478125 0.3416666666666667 0.475 0.34249999999999997 0.47000000000000003 0.3458333333333333 0.46749999999999997 0.3575 0.464375 0.40166666666666667 0.46312500000000006 0.4066666666666666 0.4600000000000001 0.4 0.46312500000000006 0.39916666666666667 0.459375 0.39416666666666667 0.4625 0.39249999999999996 0.45875000000000005 0.3883333333333333 0.46187500000000004 0.3875 0.45875000000000005 0.36666666666666664 0.459375 0.35666666666666663 0.4625 0.355 0.465 0.3516666666666667 0.46312500000000006 0.345 0.465 0.29500000000000004 0.4625 0.2808333333333333 0.4600000000000001 0.265 0.46187500000000004 0.26749999999999996 0.464375 0.2658333333333333 0.465 0.26916666666666667 0.464375 0.27083333333333337 0.465625 0.26916666666666667 0.47250000000000003 0.2633333333333333 0.47750000000000004 0.2725 0.4800000000000001
0 0.5083333333333333 0.54 0.54 0.5425000000000001 0.5816666666666667 0.553125 0.6 0.5537500000000001 0.6325000000000001 0.548125 0.6425 0.5425000000000001 0.6508333333333333 0.5431250000000001 0.6641666666666667 0.540625 0.6716666666666666 0.535 0.6950000000000001 0.5275000000000001 0.7066666666666667 0.51875 0.7024999999999999 0.514375 0.6883333333333332 0.509375 0.635 0.5075000000000001 0.6191666666666666 0.5050000000000001 0.6133333333333333 0.510625 0.605 0.5112500000000001 0.6016666666666667 0.50875 0.5925 0.50875 0.5575 0.5175000000000001 0.5241666666666667 0.5181250000000001 0.5158333333333334 0.5231250000000001 0.5033333333333333 0.525625 0.4966666666666667 0.529375 0.49749999999999994 0.5362500000000001 0.5083333333333333 0.54
0 0.027500000000000004 0.9631250000000001 0.023333333333333334 0.961875 0.0225 0.959375 0.019166666666666665 0.9606250000000001 0.018333333333333333 0.9637500000000001 0.027500000000000004 0.9631250000000001
0 0.0025 0.9600000000000002 0.0016666666666666666 0.9575000000000001 0 0.96125 0.0025 0.9600000000000002
0 0.05703125 0.95625 0.003125 0.00078125
0 0.0625 0.8125 0.059166666666666666 0.8175000000000001 0.059166666666666666 0.8243750000000001 0.035833333333333335 0.8356250000000001 0.026666666666666665 0.83625 0.014166666666666666 0.85 0.004166666666666667 0.849375 0 0.8512500000000001 0 0.878125 0.0025 0.8793750000000001 0 0.9012500000000001 0 0.9550000000000001 0.005 0.95375 0.0075 0.9575000000000001 0.015 0.9543750000000001 0.021666666666666667 0.9475 0.029166666666666667 0.951875 0.0375 0.951875 0.035833333333333335 0.9543750000000001 0.04083333333333333 0.95625 0.03916666666666667 0.9475 0.042499999999999996 0.9475 0.04166666666666667 0.9425000000000001 0.052500000000000005 0.9293750000000001 0.06916666666666667 0.9237500000000001 0.07666666666666666 0.915625 0.08916666666666666 0.9106250000000001 0.09833333333333333 0.9087500000000001 0.1025 0.913125 0.10583333333333333 0.9112500000000001 0.10916666666666666 0.8868750000000001 0.10666666666666666 0.8800000000000001 0.10833333333333332 0.8618750000000001 0.10333333333333332 0.843125 0.10500000000000001 0.8225 0.09833333333333333 0.81125 0.10083333333333333 0.805625 0.1 0.785625 0.0925 0.785625 0.07916666666666666 0.791875 0.06999999999999999 0.7931250000000001 0.0625 0.7993750000000001 0.05166666666666666 0.80375 0.058333333333333334 0.806875 0.0625 0.8125
0 0.4291666666666667 0.665 0.41916666666666663 0.6612500000000001 0.41833333333333333 0.665 0.4291666666666667 0.665
0 0.3466666666666667 0.684375 0.34833333333333333 0.693125 0.3441666666666666 0.7025 0.3458333333333333 0.7100000000000001 0.34833333333333333 0.709375 0.35416666666666663 0.7125 0.36666666666666664 0.711875 0.37416666666666665 0.715625 0.4041666666666667 0.7212500000000001 0.41 0.724375 0.425 0.7256250000000001 0.4416666666666667 0.73375 0.4533333333333333 0.734375 0.45999999999999996 0.740625 0.4666666666666667 0.7418750000000001 0.48 0.73875 0.49416666666666664 0.72875 0.5033333333333333 0.71875 0.51 0.715625 0.5183333333333333 0.70625 0.5325 0.6993750000000001 0.5366666666666666 0.693125 0.5341666666666667 0.6881250000000001 0.5433333333333333 0.68 0.5466666666666666 0.65625 0.5425 0.6475000000000001 0.5325 0.655 0.5258333333333333 0.6475000000000001 0.5225 0.6581250000000001 0.515 0.6525000000000001 0.5116666666666666 0.653125 0.51 0.655 0.5125 0.6581250000000001 0.5083333333333333 0.659375 0.5033333333333333 0.665 0.5058333333333334 0.6681250000000001 0.49833333333333335 0.66875 0.4925 0.671875 0.4958333333333333 0.6787500000000001 0.49083333333333334 0.685 0.4883333333333333 0.686875 0.4766666666666667 0.685625 0.4708333333333333 0.6893750000000001 0.46416666666666667 0.685 0.44833333333333336 0.686875 0.4341666666666667 0.68125 0.4175 0.6793750000000001 0.4041666666666667 0.6737500000000001 0.39666666666666667 0.673125 0.39 0.666875 0.3875 0.67 0.37916666666666665 0.67125 0.36916666666666664 0.6631250000000001 0.35583333333333333 0.6637500000000001 0.3491666666666667 0.660625 0.345 0.6612500000000001 0.35 0.67625 0.3466666666666667 0.684375
0 0.37083333333333335 0.96875 0.37583333333333335 0.9668750000000002 0.36916666666666664 0.965625 0.3675 0.9675 0.37083333333333335 0.96875
0 0.3358333333333333 0.996875 0.3525 0.9975000000000002 0.36416666666666664 0.9956250000000001 0.3783333333333333 0.9975000000000002 0.37916666666666665 0.999375 0.3808333333333333 0.9975000000000002 0.3908333333333333 0.999375 0.39166666666666666 0.9975000000000002 0.40083333333333326 0.9950000000000001 0.4258333333333333 0.9962500000000001 0.42833333333333334 0.999375 0.4575 0.996875 0.46333333333333326 0.9943750000000001 0.4616666666666666 0.990625 0.465 0.9756250000000002 0.4608333333333333 0.9662500000000002 0.46333333333333326 0.9643750000000001 0.45583333333333337 0.96875 0.45166666666666666 0.9762500000000001 0.4458333333333333 0.9793750000000001 0.4408333333333333 0.976875 0.43166666666666664 0.9762500000000001 0.41083333333333333 0.9631250000000001 0.40750000000000003 0.9625 0.4041666666666667 0.9650000000000001 0.39666666666666667 0.9643750000000001 0.3933333333333333 0.9575000000000001 0.38916666666666666 0.9581250000000001 0.3875 0.9606250000000001 0.37666666666666665 0.95875 0.37583333333333335 0.953125 0.3725 0.953125 0.37083333333333335 0.9493750000000001 0.3591666666666667 0.9487500000000001 0.3525 0.96875 0.34249999999999997 0.974375 0.33916666666666667 0.9806250000000001 0.3308333333333333 0.9862500000000001 0.3308333333333333 0.9950000000000001 0.3358333333333333 0.996875
0 0.345 0.753125 0.35416666666666663 0.75 0.37333333333333335 0.75875 0.38666666666666666 0.75875 0.4041666666666667 0.765625 0.4175 0.765 0.4425 0.77625 0.45916666666666667 0.77875 0.4716666666666667 0.7837500000000001 0.48 0.7818750000000001 0.48250000000000004 0.77625 0.5008333333333332 0.765 0.5225 0.7412500000000001 0.5391666666666667 0.7375 0.5433333333333333 0.698125 0.54 0.6950000000000001 0.5349999999999999 0.70125 0.5183333333333333 0.711875 0.5183333333333333 0.718125 0.5116666666666666 0.7275 0.49833333333333335 0.728125 0.48083333333333333 0.738125 0.4708333333333333 0.7412500000000001 0.46333333333333326 0.740625 0.4491666666666666 0.733125 0.4375 0.7325 0.4083333333333333 0.723125 0.39666666666666667 0.7256250000000001 0.38583333333333336 0.716875 0.36916666666666664 0.716875 0.36583333333333334 0.7150000000000001 0.36 0.7175 0.34833333333333333 0.71125 0.345 0.7125 0.3516666666666667 0.71375 0.35333333333333333 0.7175 0.345 0.718125 0.3416666666666667 0.7256250000000001 0.33916666666666667 0.7475 0.345 0.753125
0 0.3675 0.5362500000000001 0.3625 0.5325 0.3575 0.535625 0.36083333333333334 0.5375 0.3675 0.5362500000000001
0 0.4608333333333333 0.5118750000000001 0.45999999999999996 0.50875 0.45583333333333337 0.51 0.45583333333333337 0.5125 0.4608333333333333 0.5118750000000001
0 0.4691666666666666 0.508125 0.47119918699187 0.5102591463414634 0.47333333333333333 0.508125 0.4691666666666666 0.508125
0 0.4708333333333333 0.510625 0.47333333333333333 0.5125 0.47119918699187 0.5102591463414634 0.4708333333333333 0.510625
0 0.3058333333333333 0.49625 0.31416666666666665 0.496875 0.32 0.5018750000000001 0.32333333333333336 0.50125 0.32416666666666666 0.49750000000000005 0.3283333333333333 0.49750000000000005 0.3308333333333333 0.5018750000000001 0.335 0.50125 0.3408333333333333 0.5050000000000001 0.3383333333333333 0.5118750000000001 0.35083333333333333 0.5181250000000001 0.3591666666666667 0.516875 0.3625 0.519375 0.36583333333333334 0.510625 0.36916666666666664 0.513125 0.37666666666666665 0.5050000000000001 0.38166666666666665 0.50625 0.38666666666666666 0.5118750000000001 0.39166666666666666 0.5112500000000001 0.38583333333333336 0.52125 0.38666666666666666 0.5268750000000001 0.39 0.5268750000000001 0.39583333333333337 0.5206250000000001 0.39666666666666667 0.51375 0.4 0.513125 0.4041666666666667 0.5162500000000001 0.4025 0.514375 0.40750000000000003 0.510625 0.4116666666666666 0.5118750000000001 0.42750000000000005 0.5075000000000001 0.4325 0.51375 0.44666666666666666 0.5050000000000001 0.4416666666666667 0.504375 0.44000000000000006 0.50125 0.44833333333333336 0.4956250000000001 0.45666666666666667 0.49312500000000004 0.4758333333333333 0.49437500000000006 0.4758333333333333 0.484375 0.4725 0.48250000000000004 0.4508333333333333 0.48375 0.43083333333333335 0.4875 0.41916666666666663 0.484375 0.40750000000000003 0.48500000000000004 0.4041666666666667 0.48250000000000004 0.39583333333333337 0.48125 0.32916666666666666 0.479375 0.3258333333333333 0.480625 0.3258333333333333 0.48375 0.31916666666666665 0.4875 0.3175 0.4912500000000001 0.30666666666666664 0.49375 0.30083333333333334 0.49312500000000004 0.30333333333333334 0.49812500000000004 0.3058333333333333 0.49625
0 0.7533333333333333 0.595 0.7558333333333334 0.5987500000000001 0.7491666666666666 0.6012500000000001 0.7474999999999999 0.6050000000000001 0.755 0.606875 0.7583333333333333 0.6012500000000001 0.77 0.6025 0.7666666666666667 0.609375 0.7616666666666666 0.6125 0.76 0.6268750000000001 0.7708333333333333 0.62625 0.7791666666666667 0.61875 0.7825 0.619375 0.7908333333333333 0.615 0.7958333333333333 0.6143750000000001 0.8025 0.62 0.8041666666666666 0.619375 0.8099999999999999 0.60375 0.8108333333333333 0.5643750000000001 0.8150000000000001 0.55 0.8133333333333332 0.545 0.7899999999999999 0.5537500000000001 0.7916666666666667 0.56125 0.7875 0.5675000000000001 0.7649999999999999 0.58625 0.7575000000000001 0.58875 0.7575000000000001 0.5925 0.7533333333333333 0.595
0 0.5508333333333333 0.786875 0.5616666666666666 0.7887500000000001 0.5675 0.7931250000000001 0.5783333333333334 0.794375 0.5883333333333333 0.7987500000000001 0.595 0.7987500000000001 0.605 0.803125 0.6166666666666667 0.803125 0.6291666666666667 0.8099999999999999 0.64 0.81125 0.6425 0.8137500000000001 0.655 0.8175000000000001 0.6725 0.8168750000000001 0.6950000000000001 0.795 0.6991666666666666 0.7825 0.71 0.7725000000000001 0.7375 0.73375 0.7466666666666667 0.713125 0.7658333333333334 0.6925000000000001 0.7783333333333333 0.6825 0.7849999999999999 0.6725000000000001 0.7933333333333333 0.66875 0.7933333333333333 0.6581250000000001 0.7899999999999999 0.659375 0.7858333333333334 0.6525000000000001 0.7825 0.6575 0.7766666666666666 0.65125 0.7616666666666666 0.654375 0.7591666666666667 0.661875 0.7525 0.664375 0.7466666666666667 0.671875 0.7474999999999999 0.67625 0.7333333333333333 0.681875 0.7325 0.69125 0.7175 0.70625 0.7166666666666667 0.716875 0.6975 0.73375 0.6991666666666666 0.738125 0.6891666666666667 0.748125 0.6783333333333333 0.7418750000000001 0.6766666666666666 0.7375 0.6683333333333333 0.735625 0.6633333333333333 0.745 0.6566666666666666 0.746875 0.6541666666666667 0.745 0.6541666666666667 0.7362500000000001 0.6575 0.73125 0.6558333333333334 0.729375 0.6341666666666667 0.723125 0.6191666666666666 0.7237500000000001 0.615 0.72 0.6083333333333333 0.7193750000000001 0.5991666666666666 0.7143750000000001 0.5983333333333334 0.7081250000000001 0.5883333333333333 0.7081250000000001 0.5816666666666667 0.7125 0.5700000000000001 0.7125 0.5641666666666667 0.7100000000000001 0.5541666666666667 0.71125 0.5475 0.7306250000000001 0.5466666666666666 0.7575000000000001 0.5425 0.7706250000000001 0.5433333333333333 0.7831250000000001 0.5508333333333333 0.786875
0 0.39916666666666667 0.98375 0.39666666666666667 0.983125 0.3975 0.9875 0.39916666666666667 0.98375
0 0.35 0.96875 0.35666666666666663 0.9725000000000001 0.35583333333333333 0.9675 0.3491666666666667 0.968125 0.3458333333333333 0.9700000000000001 0.35 0.96875
0 0.355 0.961875 0.35333333333333333 0.959375 0.35666666666666663 0.95875 0.35666666666666663 0.9543750000000001 0.35444444444444445 0.9527083333333334 0.3516666666666667 0.9543750000000001 0.34833333333333333 0.9512500000000002 0.34249999999999997 0.9568749999999999 0.345 0.9600000000000002 0.3525 0.95875 0.355 0.961875
0 0.34833333333333333 0.9425000000000001 0.3516666666666667 0.945625 0.3575 0.943125 0.35583333333333333 0.93625 0.35416666666666663 0.936875 0.35333333333333333 0.9400000000000001 0.34833333333333333 0.9425000000000001
0 0.5016666666666667 0.790625 0.5025000000000001 0.784375 0.49916666666666665 0.785 0.4966666666666667 0.789375 0.5016666666666667 0.790625
0 0.3383333333333333 0.8243750000000001 0.3416666666666667 0.8256249999999999 0.3416666666666667 0.835 0.345 0.8387500000000001 0.3383333333333333 0.8418750000000002 0.3383333333333333 0.8450000000000001 0.3433333333333333 0.853125 0.3441666666666666 0.865625 0.3383333333333333 0.8668750000000001 0.33333333333333337 0.8800000000000001 0.3375 0.8881249999999999 0.3375 0.89875 0.34249999999999997 0.9037499999999999 0.345 0.9112500000000001 0.3516666666666667 0.909375 0.35583333333333333 0.9112500000000001 0.35333333333333333 0.915 0.35416666666666663 0.9293750000000001 0.36083333333333334 0.934375 0.37333333333333335 0.93125 0.37916666666666665 0.9331250000000001 0.385 0.940625 0.38416666666666666 0.94625 0.3908333333333333 0.9493750000000001 0.3883333333333333 0.9525 0.39 0.9550000000000001 0.39916666666666667 0.94625 0.40750000000000003 0.9475 0.42416666666666664 0.95625 0.4141666666666667 0.9631250000000001 0.41583333333333333 0.9643750000000001 0.425 0.965625 0.42750000000000005 0.961875 0.43166666666666664 0.9606250000000001 0.43499999999999994 0.9631250000000001 0.4333333333333333 0.9675 0.43583333333333335 0.9725000000000001 0.445 0.9731250000000001 0.44749999999999995 0.96875 0.45583333333333337 0.9662500000000002 0.45999999999999996 0.959375 0.4616666666666666 0.9231250000000001 0.4691666666666666 0.89875 0.4666666666666667 0.865 0.4683333333333334 0.844375 0.49083333333333334 0.8256249999999999 0.5016666666666667 0.8231250000000001 0.5083333333333333 0.8168750000000001 0.5116666666666666 0.8087500000000001 0.5283333333333333 0.79625 0.5308333333333334 0.7862500000000001 0.5216666666666667 0.7818750000000001 0.5008333333333332 0.795 0.49333333333333335 0.79625 0.485 0.794375 0.48166666666666663 0.8025 0.4725 0.80375 0.4758333333333333 0.806875 0.475 0.8106250000000002 0.45916666666666667 0.8175000000000001 0.44416666666666665 0.8137500000000001 0.44666666666666666 0.803125 0.43916666666666665 0.796875 0.42833333333333334 0.796875 0.42750000000000005 0.8 0.41833333333333333 0.805625 0.4058333333333334 0.80375 0.4 0.8 0.4025 0.796875 0.40083333333333326 0.79 0.3908333333333333 0.7831250000000001 0.385 0.785 0.38249999999999995 0.79 0.3775 0.786875 0.3725 0.7875 0.3675 0.794375 0.35416666666666663 0.790625 0.3416666666666667 0.790625 0.33999999999999997 0.7925000000000001 0.3433333333333333 0.80625 0.3383333333333333 0.8243750000000001
0 0.34750000000000003 0.765 0.3491666666666667 0.7550000000000001 0.345 0.75625 0.345 0.766875 0.34750000000000003 0.765
0 0.6675 0.8868750000000001 0.6599999999999999 0.905 0.6616666666666666 0.9112500000000001 0.6683333333333333 0.915 0.6649999999999999 0.9256249999999999 0.6558333333333334 0.92875 0.6558333333333334 0.946875 0.6608333333333334 0.95625 0.6599999999999999 0.9631250000000001 0.6558333333333334 0.9706250000000001 0.6475 0.9737500000000001 0.6541666666666667 0.9725000000000001 0.6558333333333334 0.976875 0.6558333333333334 0.9875 0.6525 0.9943750000000001 0.6541666666666667 0.9962500000000001 0.6608333333333334 0.9943750000000001 0.6891666666666667 0.95375 0.6933333333333334 0.945625 0.6933333333333334 0.93625 0.6966666666666667 0.9275 0.7075 0.905625 0.7175 0.89375 0.7358333333333333 0.850625 0.7325 0.8512500000000001 0.7291666666666667 0.86 0.7241666666666666 0.8631249999999999 0.72 0.8625 0.71 0.8668750000000001 0.705 0.8631249999999999 0.6983333333333334 0.865625 0.6958333333333333 0.8706250000000001 0.69 0.8668750000000001 0.6841666666666667 0.8675 0.6783333333333333 0.858125 0.6716666666666666 0.8637500000000001 0.6675 0.8625 0.6649999999999999 0.8643750000000001 0.6675 0.869375 0.6675 0.8868750000000001
0 0.6625 0.975 0.6641666666666667 0.9700000000000001 0.6608333333333334 0.9662500000000002 0.6591666666666667 0.9668750000000002 0.6575 0.9706250000000001 0.6625 0.975
0 0.4758333333333333 0.8975 0.4708333333333333 0.9125 0.4683333333333334 0.9356250000000002 0.4683333333333334 0.95625 0.4725 0.9806250000000001 0.47000000000000003 0.984375 0.47833333333333333 0.9856250000000001 0.4875 0.9912500000000002 0.49833333333333335 0.99 0.49916666666666665 0.9918750000000001 0.4958333333333333 0.9943750000000001 0.49833333333333335 0.993125 0.5 0.9950000000000001 0.5033333333333333 0.9950000000000001 0.505 0.9925 0.5116666666666666 0.9950000000000001 0.5191666666666667 0.9943750000000001 0.5183333333333333 0.9887500000000001 0.5291666666666667 0.993125 0.5516666666666666 0.9881250000000001 0.5666666666666667 0.9918750000000001 0.5733333333333334 0.9956250000000001 0.6 0.9956250000000001 0.6158333333333333 0.9943750000000001 0.6208333333333333 0.9868750000000001 0.6266666666666667 0.9868750000000001 0.6333333333333333 0.98375 0.6358333333333334 0.9793750000000001 0.64 0.9787500000000001 0.6458333333333333 0.9731250000000001 0.645 0.9668750000000002 0.6591666666666667 0.9568749999999999 0.6591666666666667 0.9418750000000001 0.6558333333333334 0.938125 0.6575 0.93625 0.6608333333333334 0.936875 0.6666666666666667 0.9237500000000001 0.6641666666666667 0.913125 0.6591666666666667 0.9081250000000001 0.6591666666666667 0.905625 0.6675 0.8975 0.6658333333333333 0.8793750000000001 0.6633333333333333 0.8768750000000001 0.6658333333333333 0.865625 0.6625 0.8637500000000001 0.6625 0.86 0.6708333333333333 0.851875 0.6766666666666666 0.8393750000000001 0.6766666666666666 0.835 0.6683333333333333 0.8256249999999999 0.6633333333333333 0.8231250000000001 0.6516666666666666 0.8231250000000001 0.6416666666666667 0.8175000000000001 0.63 0.8162499999999999 0.6191666666666666 0.81125 0.6125 0.81125 0.5775 0.8 0.5641666666666667 0.7993750000000001 0.55 0.79375 0.5325 0.8 0.52 0.8106250000000002 0.5058333333333334 0.82875 0.4841666666666667 0.8393750000000001 0.4725 0.8550000000000001 0.47750000000000004 0.8668750000000001 0.4758333333333333 0.8975
0 0.36916666666666664 0.48812500000000003 0.37583333333333335 0.484375 0.36666666666666664 0.48375 0.36333333333333334 0.484375 0.36916666666666664 0.48812500000000003
0 0.39583333333333337 0.49250000000000005 0.39166666666666666 0.49437500000000006 0.3933333333333333 0.49812500000000004 0.3975 0.5 0.40083333333333326 0.4987500000000001 0.4025 0.5018750000000001 0.41583333333333333 0.503125 0.4208333333333333 0.5075000000000001 0.42833333333333334 0.5068750000000001 0.43583333333333335 0.51875 0.445 0.515 0.4491666666666666 0.510625 0.4575 0.5225000000000001 0.46749999999999997 0.52375 0.47750000000000004 0.52 0.48083333333333333 0.5231250000000001 0.48166666666666663 0.514375 0.49083333333333334 0.5162500000000001 0.4958333333333333 0.514375 0.4958333333333333 0.5118750000000001 0.48 0.5050000000000001 0.48 0.50125 0.48666666666666664 0.49812500000000004 0.485 0.49437500000000006 0.4791666666666667 0.490625 0.4841666666666667 0.480625 0.4525 0.48375 0.43499999999999994 0.48812500000000003 0.4141666666666667 0.48812500000000003 0.3975 0.48187500000000005 0.3933333333333333 0.48375 0.39583333333333337 0.48937500000000006 0.39583333333333337 0.49250000000000005
0 0.11833333333333333 0.794375 0.11499999999999999 0.794375 0.11916666666666667 0.795625 0.11583333333333332 0.798125 0.11333333333333333 0.806875 0.11583333333333332 0.8106250000000002 0.11750000000000001 0.80625 0.12250000000000001 0.80625 0.125 0.80375 0.12250000000000001 0.798125 0.1275 0.7975000000000001 0.1275 0.795 0.11916666666666667 0.795 0.12 0.786875 0.11499999999999999 0.79125 0.11833333333333333 0.7925000000000001 0.11833333333333333 0.794375
0 0.11083333333333334 0.7143750000000001 0.11083333333333334 0.729375 0.10833333333333332 0.7425 0.1125 0.760625 0.1125 0.77875 0.11916666666666667 0.785625 0.13333333333333333 0.785 0.14416666666666667 0.7887500000000001 0.14583333333333331 0.790625 0.14333333333333334 0.791875 0.14750000000000002 0.795625 0.14416666666666667 0.796875 0.14750000000000002 0.796875 0.14916666666666667 0.7931250000000001 0.16833333333333333 0.7931250000000001 0.18333333333333332 0.8012500000000001 0.20249999999999999 0.80375 0.20916666666666667 0.79 0.20833333333333334 0.7775000000000001 0.21083333333333334 0.7681250000000001 0.20249999999999999 0.749375 0.20416666666666666 0.7368750000000001 0.20083333333333334 0.7206250000000001 0.20166666666666666 0.70125 0.19 0.695625 0.17833333333333332 0.6943750000000001 0.175 0.69125 0.15416666666666667 0.686875 0.13999999999999999 0.68125 0.13666666666666666 0.6831250000000001 0.12583333333333332 0.680625 0.11499999999999999 0.6737500000000001 0.1125 0.6681250000000001 0.11000000000000001 0.678125 0.10833333333333332 0.7100000000000001 0.11083333333333334 0.7143750000000001
0 0.33666666666666667 0.476875 0.39 0.4800000000000001 0.40083333333333326 0.47250000000000003 0.4175 0.46875 0.4225 0.4625 0.4175 0.459375 0.38 0.4575 0.35833333333333334 0.4600000000000001 0.32999999999999996 0.46687500000000004 0.32916666666666666 0.47375 0.33666666666666667 0.476875
0 0.32666666666666666 0.58625 0.3383333333333333 0.5893750000000001 0.35083333333333333 0.5900000000000001 0.3591666666666667 0.593125 0.37 0.593125 0.37583333333333335 0.596875 0.3875 0.5956250000000001 0.39499999999999996 0.6 0.40499999999999997 0.6006250000000001 0.4116666666666666 0.604375 0.42000000000000004 0.603125 0.4408333333333333 0.595 0.43916666666666665 0.590625 0.4258333333333333 0.5831250000000001 0.40750000000000003 0.58375 0.4 0.58125 0.38666666666666666 0.5806250000000001 0.3783333333333333 0.5775 0.36916666666666664 0.578125 0.36 0.575 0.3283333333333333 0.57125 0.3175 0.5743750000000001 0.31666666666666665 0.58125 0.32666666666666666 0.58625
0 0.08166666666666667 0.5362500000000001 0.07916666666666666 0.535625 0.0775 0.5362500000000001 0.08166666666666667 0.5362500000000001
0 0.1 0.524375 0.0875 0.5318750000000001 0.0875 0.5337500000000001 0.09166666666666666 0.53 0.0925 0.5337500000000001 0.12416666666666668 0.5331250000000001 0.13 0.53 0.14833333333333334 0.535625 0.15416666666666667 0.53 0.15833333333333333 0.5318750000000001 0.1575 0.5362500000000001 0.16666666666666669 0.5362500000000001 0.16333333333333333 0.521875 0.14833333333333334 0.5125 0.15 0.509375 0.155 0.50875 0.15916666666666665 0.5050000000000001 0.1575 0.503125 0.13833333333333334 0.504375 0.135 0.50625 0.09916666666666667 0.5075000000000001 0.09833333333333333 0.510625 0.095 0.510625 0.09416666666666666 0.5075000000000001 0.09166666666666666 0.509375 0.08833333333333333 0.5068750000000001 0.07166666666666667 0.5068750000000001 0.07333333333333333 0.509375 0.08333333333333334 0.5075000000000001 0.10083333333333333 0.513125 0.1 0.524375
0 0.18416666666666665 0.50875 0.18666666666666668 0.5025000000000001 0.19583333333333333 0.5050000000000001 0.19749999999999998 0.50125 0.19583333333333333 0.499375 0.19333333333333333 0.5025000000000001 0.19 0.5 0.1875 0.5025000000000001 0.185 0.5 0.1675 0.50125 0.17583333333333334 0.509375 0.18416666666666665 0.50875
0 0.7024999999999999 0.75625 0.7058333333333333 0.754375 0.7024999999999999 0.754375 0.7024999999999999 0.75625
0 0.68203125 0.7484375 0.0015625 0.00078125
0 0.5466666666666666 0.7862500000000001 0.5625 0.7881250000000001 0.5725 0.7931250000000001 0.5841666666666667 0.794375 0.5891666666666666 0.7975000000000001 0.595 0.795625 0.5983333333333334 0.8 0.6025 0.8012500000000001 0.6166666666666667 0.8012500000000001 0.63 0.809375 0.6366666666666666 0.809375 0.6441666666666667 0.8137500000000001 0.6558333333333334 0.8168750000000001 0.6716666666666666 0.8143750000000001 0.6799999999999999 0.80625 0.69 0.7931250000000001 0.6875 0.789375 0.6958333333333333 0.784375 0.7024999999999999 0.76875 0.6866666666666666 0.760625 0.6858333333333333 0.7575000000000001 0.6891666666666667 0.7550000000000001 0.6866666666666666 0.75625 0.6833333333333333 0.75375 0.6783333333333333 0.75375 0.6741666666666666 0.7462500000000001 0.6683333333333333 0.745 0.6725 0.7412500000000001 0.6683333333333333 0.7393750000000001 0.6675 0.74375 0.6633333333333333 0.7475 0.6541666666666667 0.7462500000000001 0.6491666666666667 0.738125 0.6508333333333333 0.731875 0.6541666666666667 0.7306250000000001 0.6341666666666667 0.724375 0.6216666666666667 0.7262500000000001 0.6191666666666666 0.72875 0.6125 0.7206250000000001 0.6016666666666667 0.72 0.5983333333333334 0.71625 0.5900000000000001 0.713125 0.5775 0.71625 0.5650000000000001 0.71125 0.5575 0.7125 0.5491666666666666 0.7306250000000001 0.5516666666666666 0.734375 0.5466666666666666 0.740625 0.5466666666666666 0.75625 0.5425 0.765 0.5416666666666667 0.78 0.5466666666666666 0.7862500000000001
0 0.3283333333333333 0.47375 0.3375 0.47625 0.3591666666666667 0.47625 0.3625 0.473125 0.37666666666666665 0.480625 0.4216666666666667 0.47875000000000006 0.42833333333333334 0.48125 0.4491666666666666 0.4800000000000001 0.4583333333333333 0.48187500000000005 0.4883333333333333 0.47625 0.5016666666666667 0.47000000000000003 0.49749999999999994 0.46687500000000004 0.475 0.46687500000000004 0.4575 0.46312500000000006 0.4383333333333333 0.46312500000000006 0.4258333333333333 0.459375 0.3983333333333333 0.4575 0.36416666666666664 0.459375 0.33333333333333337 0.465625 0.3283333333333333 0.46687500000000004 0.3283333333333333 0.47375
0 0.38333333333333336 0.48375 0.38916666666666666 0.480625 0.38666666666666666 0.476875 0.3808333333333333 0.478125 0.3783333333333333 0.48125 0.38333333333333336 0.48375
0 0.2733333333333333 0.48812500000000003 0.2966666666666667 0.4912500000000001 0.32166666666666666 0.48875 0.3383333333333333 0.48937500000000006 0.3458333333333333 0.49250000000000005 0.35083333333333333 0.490625 0.35583333333333333 0.484375 0.36333333333333334 0.48500000000000004 0.3716666666666667 0.480625 0.35833333333333334 0.4800000000000001 0.33416666666666667 0.47437500000000005 0.33999999999999997 0.46687500000000004 0.32916666666666666 0.464375 0.31666666666666665 0.464375 0.29583333333333334 0.471875 0.26666666666666666 0.476875 0.2558333333333333 0.480625 0.2733333333333333 0.48812500000000003
0 0.34833333333333333 0.9600000000000002 0.35083333333333333 0.9556250000000001 0.34833333333333333 0.95375 0.3416666666666667 0.95375 0.3416666666666667 0.9575000000000001 0.34833333333333333 0.9600000000000002
0 0.3358333333333333 0.900625 0.3358333333333333 0.9075000000000001 0.33249999999999996 0.9125 0.33416666666666667 0.92125 0.33916666666666667 0.925 0.33666666666666667 0.93 0.3375 0.9356250000000002 0.3416666666666667 0.9387500000000001 0.35083333333333333 0.9393750000000001 0.355 0.9418750000000001 0.36666666666666664 0.9375 0.37916666666666665 0.9493750000000001 0.38666666666666666 0.9475 0.39 0.95 0.4041666666666667 0.9487500000000001 0.4133333333333333 0.9550000000000001 0.41583333333333333 0.95875 0.41500000000000004 0.9631250000000001 0.4175 0.9643750000000001 0.43083333333333335 0.9637500000000001 0.43916666666666665 0.9706250000000001 0.4458333333333333 0.971875 0.4525 0.96875 0.4616666666666666 0.9606250000000001 0.4625 0.9237500000000001 0.47000000000000003 0.9018750000000001 0.47000000000000003 0.86625 0.4666666666666667 0.86 0.4666666666666667 0.8450000000000001 0.45 0.8418750000000002 0.4458333333333333 0.8375 0.4416666666666667 0.838125 0.4416666666666667 0.843125 0.4541666666666667 0.8556250000000001 0.4525 0.8575000000000002 0.4416666666666667 0.85625 0.4325 0.853125 0.4258333333333333 0.8481250000000001 0.4141666666666667 0.8474999999999999 0.4058333333333334 0.838125 0.40499999999999997 0.834375 0.4083333333333333 0.83125 0.39416666666666667 0.8325000000000001 0.39166666666666666 0.8293750000000001 0.38666666666666666 0.82875 0.38333333333333336 0.835 0.37583333333333335 0.83625 0.36583333333333334 0.835 0.35666666666666663 0.8300000000000001 0.345 0.8293750000000001 0.3416666666666667 0.8306250000000001 0.3408333333333333 0.835 0.3466666666666667 0.838125 0.355 0.838125 0.3591666666666667 0.8418750000000002 0.35833333333333334 0.8450000000000001 0.34833333333333333 0.849375 0.34249999999999997 0.8487500000000001 0.34249999999999997 0.853125 0.3383333333333333 0.8543750000000001 0.33916666666666667 0.85875 0.33166666666666667 0.86875 0.3308333333333333 0.883125 0.3358333333333333 0.900625
0 0.39166666666666666 0.825 0.38666666666666666 0.8237500000000001 0.38666666666666666 0.8262500000000002 0.39166666666666666 0.825
0 0.345 0.82125 0.34249999999999997 0.820625 0.3416666666666667 0.821875 0.345 0.82125
0 0.35234375 0.8140625 0.00078125 0.00078125
0 0.5075000000000001 0.8099999999999999 0.5075000000000001 0.8137500000000001 0.5141666666666667 0.805 0.5183333333333333 0.80375 0.5158333333333334 0.8 0.5233333333333333 0.7987500000000001 0.5116666666666666 0.7993750000000001 0.5083333333333333 0.80375 0.51 0.8087500000000001 0.5075000000000001 0.8099999999999999
0 0.5108333333333334 0.459375 0.5258333333333333 0.459375 0.53 0.4575 0.5708333333333333 0.46125 0.6058333333333333 0.45875000000000005 0.6133333333333333 0.45562500000000006 0.6141666666666666 0.4525 0.6108333333333333 0.449375 0.595 0.446875 0.545 0.446875 0.5175 0.449375 0.5075000000000001 0.45437500000000003 0.5083333333333333 0.46125 0.5108333333333334 0.459375
0 0.3983333333333333 0.9875 0.40166666666666667 0.98375 0.39666666666666667 0.9825000000000002 0.39499999999999996 0.9856250000000001 0.3983333333333333 0.9875
0 0.36916666666666664 0.9806250000000001 0.36583333333333334 0.9793750000000001 0.365 0.9806250000000001 0.36916666666666664 0.9806250000000001
0 0.3875 0.974375 0.3908333333333333 0.9712500000000001 0.38333333333333336 0.9668750000000002 0.38249999999999995 0.9625 0.37916666666666665 0.975 0.3875 0.974375
0 0.38333333333333336 0.95625 0.38249999999999995 0.951875 0.3783333333333333 0.9512500000000002 0.3775 0.9525 0.38333333333333336 0.95625
0 0.365 0.9525 0.37416666666666665 0.9493750000000001 0.36916666666666664 0.9475 0.36416666666666664 0.9493750000000001 0.365 0.9525
0 0.34249999999999997 0.9550000000000001 0.3466666666666667 0.9631250000000001 0.345 0.9737500000000001 0.35583333333333333 0.974375 0.35833333333333334 0.968125 0.3625 0.965625 0.3616666666666667 0.951875 0.3575 0.95 0.36083333333333334 0.945625 0.35416666666666663 0.9400000000000001 0.345 0.943125 0.345 0.9525 0.34249999999999997 0.9550000000000001
0 0.3625 0.93125 0.3625 0.9275 0.35833333333333334 0.9268750000000001 0.3575 0.92875 0.3625 0.93125
0 0.45666666666666667 0.715625 0.45916666666666667 0.713125 0.4525 0.71125 0.4508333333333333 0.71375 0.45666666666666667 0.715625
0 0.4583333333333333 0.70625 0.45666666666666667 0.7050000000000001 0.45583333333333337 0.706875 0.4583333333333333 0.70625
0 0.33999999999999997 0.8225 0.3441666666666666 0.8243750000000001 0.34249999999999997 0.8331250000000001 0.345 0.8375 0.3416666666666667 0.8450000000000001 0.34833333333333333 0.8550000000000001 0.3491666666666667 0.8618750000000001 0.3466666666666667 0.8675 0.3383333333333333 0.869375 0.3358333333333333 0.878125 0.34249999999999997 0.8925000000000001 0.34249999999999997 0.9012500000000001 0.3458333333333333 0.905 0.37083333333333335 0.915625 0.3725 0.92125 0.36916666666666664 0.921875 0.36916666666666664 0.925 0.3775 0.925 0.37583333333333335 0.9237500000000001 0.3808333333333333 0.9181250000000001 0.3933333333333333 0.9168750000000001 0.39666666666666667 0.9200000000000002 0.38916666666666666 0.943125 0.3933333333333333 0.940625 0.39583333333333337 0.94375 0.4041666666666667 0.946875 0.41083333333333333 0.945625 0.41583333333333333 0.9481250000000001 0.4216666666666667 0.9475 0.425 0.9506249999999999 0.42833333333333334 0.9487500000000001 0.43083333333333335 0.953125 0.42666666666666664 0.95625 0.44416666666666665 0.9631250000000001 0.4425 0.965625 0.43499999999999994 0.9662500000000002 0.43666666666666665 0.9700000000000001 0.4333333333333333 0.9737500000000001 0.4425 0.974375 0.445 0.9731250000000001 0.445 0.9675 0.4525 0.9643750000000001 0.45499999999999996 0.959375 0.4525 0.945625 0.45666666666666667 0.9425000000000001 0.45583333333333337 0.93625 0.45916666666666667 0.931875 0.46333333333333326 0.9099999999999999 0.4666666666666667 0.9043750000000002 0.46749999999999997 0.844375 0.4758333333333333 0.83375 0.48666666666666664 0.828125 0.49083333333333334 0.8231250000000001 0.5016666666666667 0.820625 0.5025000000000001 0.8175000000000001 0.5091666666666667 0.813125 0.5116666666666666 0.805 0.5258333333333333 0.7931250000000001 0.5225 0.79 0.5225 0.78 0.5266666666666666 0.7725000000000001 0.5241666666666667 0.7681250000000001 0.5325 0.76875 0.5316666666666666 0.7575000000000001 0.5358333333333334 0.754375 0.5341666666666667 0.7475 0.5366666666666666 0.744375 0.5383333333333333 0.7306250000000001 0.5341666666666667 0.728125 0.5333333333333333 0.724375 0.5366666666666666 0.724375 0.5375 0.72 0.5341666666666667 0.7175 0.5391666666666667 0.7150000000000001 0.5391666666666667 0.700625 0.5366666666666666 0.700625 0.5308333333333334 0.70625 0.5341666666666667 0.7143750000000001 0.5291666666666667 0.72 0.5333333333333333 0.7300000000000001 0.5283333333333333 0.73125 0.5258333333333333 0.7418750000000001 0.5175 0.73875 0.5166666666666667 0.733125 0.52 0.726875 0.5175 0.7212500000000001 0.5183333333333333 0.71375 0.5141666666666667 0.7100000000000001 0.515 0.70625 0.51 0.7050000000000001 0.5116666666666666 0.701875 0.5083333333333333 0.70625 0.5141666666666667 0.70875 0.51 0.7143750000000001 0.5008333333333332 0.716875 0.4925 0.7300000000000001 0.47750000000000004 0.73125 0.47333333333333333 0.72875 0.4716666666666667 0.7393750000000001 0.45999999999999996 0.73125 0.4491666666666666 0.731875 0.4458333333333333 0.7300000000000001 0.43499999999999994 0.729375 0.42833333333333334 0.7237500000000001 0.41916666666666663 0.724375 0.4058333333333334 0.721875 0.40083333333333326 0.7237500000000001 0.3975 0.7193750000000001 0.39166666666666666 0.716875 0.39666666666666667 0.70625 0.39416666666666667 0.6993750000000001 0.39 0.703125 0.38666666666666666 0.7025 0.38666666666666666 0.70625 0.3908333333333333 0.7100000000000001 0.38333333333333336 0.715625 0.36916666666666664 0.71125 0.36083333333333334 0.713125 0.3625 0.724375 0.35583333333333333 0.7275 0.3458333333333333 0.726875 0.3458333333333333 0.734375 0.35083333333333333 0.7368750000000001 0.34833333333333333 0.740625 0.35666666666666663 0.7425 0.35583333333333333 0.745 0.36416666666666664 0.7456250000000001 0.3716666666666667 0.7525000000000001 0.3716666666666667 0.755625 0.3683333333333333 0.7568750000000001 0.36083333333333334 0.753125 0.3491666666666667 0.7518750000000001 0.345 0.74875 0.34750000000000003 0.75125 0.345 0.7525000000000001 0.3416666666666667 0.7681250000000001 0.3441666666666666 0.7725000000000001 0.3383333333333333 0.7887500000000001 0.34249999999999997 0.80375 0.33999999999999997 0.8225
0 0.4033333333333333 0.703125 0.4041666666666667 0.70625 0.40750000000000003 0.700625 0.4041666666666667 0.6975 0.40083333333333326 0.6975 0.3983333333333333 0.7 0.4033333333333333 0.703125
0 0.3484375 0.6921875 0.00078125 0.00078125
0 0.34833333333333333 0.661875 0.34833333333333333 0.66 0.345 0.661875 0.34833333333333333 0.661875
0 0.53 0.665 0.5308333333333334 0.660625 0.5291666666666667 0.6581250000000001 0.525 0.6575 0.5216666666666667 0.6612500000000001 0.53 0.665
0 0.5375 0.6575 0.5341666666666667 0.6612500000000001 0.5425 0.66625 0.5441666666666667 0.65125 0.5391666666666667 0.6412500000000001 0.5375 0.64875 0.5325 0.65 0.5316666666666666 0.65375 0.5375 0.6575
0 0.5358333333333334 0.639375 0.54 0.63875 0.5391666666666667 0.635 0.5341666666666667 0.6368750000000001 0.5358333333333334 0.639375
0 0.5458333333333333 0.6268750000000001 0.5466666666666666 0.6225 0.545 0.623125 0.5433333333333333 0.6268750000000001 0.5458333333333333 0.6268750000000001
0 0.35666666666666663 0.65125 0.3616666666666667 0.654375 0.3616666666666667 0.6612500000000001 0.35583333333333333 0.6675000000000001 0.3516666666666667 0.6681250000000001 0.3516666666666667 0.6725000000000001 0.36 0.67625 0.3625 0.6875 0.3725 0.68125 0.37583333333333335 0.68125 0.37916666666666665 0.6768750000000001 0.38249999999999995 0.6768750000000001 0.3883333333333333 0.6825 0.3933333333333333 0.6825 0.3983333333333333 0.678125 0.4025 0.678125 0.4033333333333333 0.681875 0.4116666666666666 0.685 0.41083333333333333 0.696875 0.42333333333333334 0.696875 0.42666666666666664 0.6950000000000001 0.43499999999999994 0.6993750000000001 0.43916666666666665 0.690625 0.4425 0.693125 0.4525 0.6925000000000001 0.45583333333333337 0.695625 0.4541666666666667 0.6993750000000001 0.45916666666666667 0.701875 0.4608333333333333 0.6987500000000001 0.4666666666666667 0.6987500000000001 0.4766666666666667 0.693125 0.4766666666666667 0.6825 0.4841666666666667 0.675 0.48916666666666664 0.675625 0.49000000000000005 0.680625 0.49416666666666664 0.685 0.5016666666666667 0.685 0.5083333333333333 0.68 0.5108333333333334 0.675 0.5016666666666667 0.67 0.5058333333333334 0.665625 0.5125 0.666875 0.515 0.669375 0.5175 0.6612500000000001 0.5125 0.66 0.5175 0.6575 0.51 0.650625 0.5133333333333333 0.64875 0.5166666666666667 0.649375 0.5166666666666667 0.6518750000000001 0.52 0.6456250000000001 0.5225 0.6481250000000001 0.5291666666666667 0.646875 0.5325 0.64375 0.525 0.6431250000000001 0.5233333333333333 0.6412500000000001 0.5208333333333333 0.6425000000000001 0.5191666666666667 0.64 0.5191666666666667 0.638125 0.5241666666666667 0.6368750000000001 0.52 0.634375 0.5225 0.63125 0.52 0.6318750000000001 0.5183333333333333 0.6300000000000001 0.5308333333333334 0.621875 0.5308333333333334 0.619375 0.5258333333333333 0.6162500000000001 0.5233333333333333 0.6162500000000001 0.5266666666666666 0.619375 0.525 0.6206250000000001 0.5141666666666667 0.62 0.5158333333333334 0.6162500000000001 0.5083333333333333 0.6112500000000001 0.505 0.6118750000000001 0.49749999999999994 0.60875 0.49916666666666665 0.61375 0.49416666666666664 0.62 0.4841666666666667 0.604375 0.47000000000000003 0.60625 0.46416666666666667 0.601875 0.4508333333333333 0.603125 0.43916666666666665 0.5987500000000001 0.41500000000000004 0.609375 0.4175 0.610625 0.4175 0.6143750000000001 0.41083333333333333 0.618125 0.4083333333333333 0.61875 0.4025 0.615625 0.4 0.618125 0.3975 0.615625 0.37583333333333335 0.6225 0.36416666666666664 0.6300000000000001 0.36333333333333334 0.6362500000000001 0.3591666666666667 0.6362500000000001 0.36083333333333334 0.638125 0.35666666666666663 0.65125
0 0.04416666666666667 0.49812500000000004 0.057499999999999996 0.499375 0.06416666666666666 0.5025000000000001 0.11916666666666667 0.505625 0.1825 0.49812500000000004 0.18916666666666665 0.49437500000000006 0.19 0.47750000000000004 0.18583333333333335 0.47375 0.15416666666666667 0.47437500000000005 0.14250000000000002 0.473125 0.135 0.47000000000000003 0.11750000000000001 0.46937500000000004 0.09916666666666667 0.471875 0.07833333333333334 0.47875000000000006 0.05 0.48187500000000005 0.04583333333333333 0.48375 0.042499999999999996 0.490625 0.04166666666666667 0.495 0.04416666666666667 0.49812500000000004
0 0.5109375 0.7859375 0.0015625 0.00078125
0 0.4883333333333333 0.7931250000000001 0.49749999999999994 0.789375 0.4966666666666667 0.7862500000000001 0.49416666666666664 0.785 0.49000000000000005 0.786875 0.48666666666666664 0.7931250000000001 0.4875 0.7993750000000001 0.4883333333333333 0.7931250000000001
0 0.35583333333333333 0.7862500000000001 0.36916666666666664 0.7862500000000001 0.3716666666666667 0.778125 0.3616666666666667 0.7775000000000001 0.3591666666666667 0.775625 0.3575 0.7768750000000001 0.35416666666666663 0.7825 0.35583333333333333 0.7862500000000001
0 0.525 0.759375 0.5254166666666666 0.7612500000000001 0.5283333333333333 0.7612500000000001 0.5291666666666667 0.7575000000000001 0.525 0.759375
0 0.35083333333333333 0.675 0.3466666666666667 0.6831250000000001 0.34750000000000003 0.6925000000000001 0.3433333333333333 0.703125 0.345 0.7125 0.34833333333333333 0.71625 0.345 0.724375 0.345 0.73125 0.34833333333333333 0.73375 0.34833333333333333 0.7375 0.3441666666666666 0.74875 0.345 0.7525000000000001 0.3525 0.755625 0.345 0.758125 0.345 0.764375 0.3575 0.7625 0.36333333333333334 0.765625 0.3625 0.769375 0.365 0.77125 0.375 0.766875 0.3808333333333333 0.7675000000000001 0.385 0.7725000000000001 0.38166666666666665 0.775 0.37583333333333335 0.774375 0.37416666666666665 0.77875 0.38666666666666666 0.779375 0.3933333333333333 0.7837500000000001 0.40083333333333326 0.7818750000000001 0.4025 0.785625 0.4116666666666666 0.789375 0.41 0.794375 0.41583333333333333 0.79625 0.4141666666666667 0.8 0.4175 0.8018750000000001 0.4225 0.8 0.43166666666666664 0.790625 0.43499999999999994 0.7931250000000001 0.4341666666666667 0.796875 0.43666666666666665 0.8 0.44416666666666665 0.80375 0.44416666666666665 0.805625 0.44000000000000006 0.806875 0.4425 0.8075000000000001 0.44749999999999995 0.8043750000000001 0.44833333333333336 0.8137500000000001 0.45916666666666667 0.8150000000000001 0.46333333333333326 0.8106250000000002 0.4666666666666667 0.8106250000000002 0.4691666666666666 0.8018750000000001 0.47333333333333333 0.8018750000000001 0.48083333333333333 0.796875 0.48 0.789375 0.4875 0.7862500000000001 0.4966666666666667 0.7775000000000001 0.5033333333333333 0.785 0.5058333333333334 0.784375 0.5033333333333333 0.78125 0.5075000000000001 0.778125 0.5175 0.7825 0.5158333333333334 0.77625 0.5216666666666667 0.76875 0.5191666666666667 0.76 0.5241666666666667 0.75125 0.5241666666666667 0.7462500000000001 0.5291666666666667 0.743125 0.5275000000000001 0.7412500000000001 0.5358333333333334 0.7375 0.5366666666666666 0.734375 0.5366666666666666 0.7306250000000001 0.5325 0.728125 0.5358333333333334 0.7262500000000001 0.5333333333333333 0.7225 0.5425 0.696875 0.5433333333333333 0.67125 0.5466666666666666 0.665 0.5433333333333333 0.635 0.5466666666666666 0.630625 0.5466666666666666 0.62 0.5316666666666666 0.619375 0.525 0.615 0.5141666666666667 0.615 0.5075000000000001 0.609375 0.5025000000000001 0.608125 0.49083333333333334 0.6112500000000001 0.48166666666666663 0.60375 0.47000000000000003 0.60625 0.46333333333333326 0.6012500000000001 0.4508333333333333 0.6025 0.44333333333333336 0.5987500000000001 0.43583333333333335 0.5987500000000001 0.41833333333333333 0.608125 0.4116666666666666 0.609375 0.41 0.6118750000000001 0.38416666666666666 0.619375 0.36333333333333334 0.6300000000000001 0.35666666666666663 0.64 0.35583333333333333 0.659375 0.3516666666666667 0.6612500000000001 0.34833333333333333 0.6575 0.35083333333333333 0.660625 0.345 0.660625 0.345 0.665 0.35083333333333333 0.675
0 0.5316666666666666 0.5575 0.5291666666666667 0.55125 0.5216666666666667 0.5518750000000001 0.52 0.5543750000000001 0.5316666666666666 0.5575
0 0.49749999999999994 0.5493750000000001 0.5 0.553125 0.5033333333333333 0.553125 0.49833333333333335 0.545 0.49333333333333335 0.546875 0.49083333333333334 0.550625 0.49749999999999994 0.5493750000000001
0 0.5066666666666666 0.54 0.5083333333333333 0.54625 0.5141666666666667 0.544375 0.53 0.545 0.5341666666666667 0.546875 0.5383333333333333 0.5518750000000001 0.5383333333333333 0.555625 0.5408333333333333 0.555625 0.5441666666666667 0.56 0.5525 0.561875 0.5641666666666667 0.560625 0.5783333333333334 0.565625 0.5841666666666667 0.5650000000000001 0.5991666666666666 0.5737500000000001 0.605 0.5743750000000001 0.6158333333333333 0.5725 0.6416666666666667 0.559375 0.6575 0.56 0.6608333333333334 0.5575 0.6608333333333334 0.546875 0.675 0.5362500000000001 0.6783333333333333 0.5275000000000001 0.6849999999999999 0.5225000000000001 0.6891666666666667 0.5231250000000001 0.6916666666666667 0.5162500000000001 0.7016666666666667 0.515625 0.6875 0.51 0.6466666666666667 0.50875 0.6466666666666667 0.510625 0.64 0.5125 0.6366666666666666 0.508125 0.6258333333333332 0.50875 0.62 0.5068750000000001 0.6008333333333333 0.5075000000000001 0.5808333333333333 0.5118750000000001 0.5741666666666666 0.5050000000000001 0.5725 0.50875 0.5633333333333332 0.515 0.5441666666666667 0.5181250000000001 0.5216666666666667 0.5162500000000001 0.515 0.5225000000000001 0.49749999999999994 0.53 0.49749999999999994 0.534375 0.5066666666666666 0.54
0 0.46333333333333326 0.9943750000000001 0.4666666666666667 0.9962500000000001 0.48583333333333334 0.9962500000000001 0.49083333333333334 0.999375 0.5008333333333332 0.999375 0.5016666666666667 0.9975000000000002 0.5075000000000001 0.9962500000000001 0.5291666666666667 0.999375 0.53 0.9975000000000002 0.5383333333333333 0.9956250000000001 0.5533333333333333 0.9962500000000001 0.5566666666666666 0.999375 0.5625 0.996875 0.5658333333333333 0.999375 0.5775 0.999375 0.5783333333333334 0.9975000000000002 0.5833333333333333 0.9975000000000002 0.5841666666666667 0.999375 0.6075 0.999375 0.6083333333333333 0.9975000000000002 0.6125 0.9975000000000002 0.6133333333333333 0.999375 0.6174999999999999 0.999375 0.6183333333333334 0.9975000000000002 0.6208333333333333 0.999375 0.6308333333333334 0.999375 0.6333333333333333 0.996875 0.6358333333333334 0.999375 0.64 0.996875 0.6458333333333333 0.999375 0.6466666666666667 0.9975000000000002 0.6575 0.9962500000000001 0.6658333333333333 0.984375 0.6708333333333333 0.9712500000000001 0.6675 0.9556250000000001 0.67 0.95 0.67 0.9375 0.6725 0.9356250000000002 0.6708333333333333 0.931875 0.675 0.9225 0.6691666666666667 0.9087500000000001 0.6725 0.8931250000000001 0.6691666666666667 0.88375 0.6683333333333333 0.8618750000000001 0.6641666666666667 0.8606250000000001 0.6591666666666667 0.8625 0.6433333333333333 0.8825000000000001 0.6391666666666667 0.8931250000000001 0.6241666666666666 0.90625 0.6166666666666667 0.905625 0.5883333333333333 0.8931250000000001 0.5675 0.8887500000000002 0.5591666666666667 0.885 0.5491666666666666 0.885 0.5366666666666666 0.875 0.5258333333333333 0.875625 0.49749999999999994 0.86875 0.4841666666666667 0.869375 0.48250000000000004 0.87375 0.4766666666666667 0.8768750000000001 0.475 0.8825000000000001 0.475 0.9018750000000001 0.4683333333333334 0.9331250000000001 0.4691666666666666 0.9631250000000001 0.46333333333333326 0.9943750000000001
0 0.42333333333333334 0.5431250000000001 0.42416666666666664 0.539375 0.41833333333333333 0.534375 0.41083333333333333 0.5381250000000001 0.4141666666666667 0.5431250000000001 0.42333333333333334 0.5431250000000001
0 0.42833333333333334 0.49437500000000006 0.4325 0.496875 0.42833333333333334 0.49750000000000005 0.4325 0.49812500000000004 0.43666666666666665 0.49437500000000006 0.43583333333333335 0.49250000000000005 0.42833333333333334 0.4912500000000001 0.42833333333333334 0.49437500000000006
0 0.35833333333333334 0.49000000000000005 0.3616666666666667 0.49437500000000006 0.37333333333333335 0.490625 0.37416666666666665 0.49437500000000006 0.38 0.49375 0.38583333333333336 0.5006250000000001 0.385 0.50375 0.37916666666666665 0.5075000000000001 0.3591666666666667 0.509375 0.3441666666666666 0.513125 0.345 0.5331250000000001 0.36583333333333334 0.54 0.37583333333333335 0.5375 0.39916666666666667 0.5362500000000001 0.4216666666666667 0.524375 0.4258333333333333 0.5268750000000001 0.42833333333333334 0.539375 0.43166666666666664 0.5362500000000001 0.43916666666666665 0.535 0.4408333333333333 0.5387500000000001 0.4425 0.54 0.445 0.5381250000000001 0.4458333333333333 0.54 0.4666666666666667 0.53125 0.4708333333333333 0.5275000000000001 0.4875 0.525 0.49416666666666664 0.52625 0.51 0.51875 0.4883333333333333 0.5112500000000001 0.4616666666666666 0.51 0.4491666666666666 0.5118750000000001 0.4458333333333333 0.508125 0.42416666666666664 0.5018750000000001 0.42333333333333334 0.4912500000000001 0.41 0.4875 0.3875 0.484375 0.35583333333333333 0.484375 0.35083333333333333 0.4875 0.3525 0.490625 0.35833333333333334 0.49000000000000005
0 0.585 0.7275 0.5866666666666667 0.7237500000000001 0.5841666666666667 0.7237500000000001 0.585 0.7275
0 0.595 0.7275 0.5958333333333333 0.7237500000000001 0.5900000000000001 0.723125 0.5908333333333333 0.7262500000000001 0.595 0.7275
0 0.5716666666666667 0.7256250000000001 0.5716666666666667 0.72 0.5641666666666667 0.72 0.5641666666666667 0.7237500000000001 0.5716666666666667 0.7256250000000001
0 0.5491666666666666 0.691875 0.5508333333333333 0.7100000000000001 0.5541666666666667 0.711875 0.5683333333333334 0.7106250000000001 0.5758333333333333 0.715625 0.5858333333333333 0.716875 0.595 0.7143750000000001 0.6008333333333333 0.7193750000000001 0.6125 0.7237500000000001 0.6041666666666667 0.726875 0.6066666666666667 0.728125 0.6116666666666666 0.7275 0.6133333333333333 0.723125 0.6191666666666666 0.723125 0.6316666666666666 0.7262500000000001 0.6333333333333333 0.7275 0.6291666666666667 0.7306250000000001 0.6325000000000001 0.731875 0.6358333333333334 0.7256250000000001 0.6641666666666667 0.731875 0.6666666666666667 0.73875 0.6633333333333333 0.7456250000000001 0.6683333333333333 0.7462500000000001 0.6691666666666667 0.749375 0.6641666666666667 0.7525000000000001 0.6616666666666666 0.7625 0.6708333333333333 0.7725000000000001 0.6758333333333333 0.7725000000000001 0.6908333333333333 0.7518750000000001 0.7066666666666667 0.7375 0.71 0.7237500000000001 0.7024999999999999 0.723125 0.7008333333333333 0.71875 0.7041666666666667 0.71375 0.71 0.7125 0.7158333333333333 0.70625 0.7216666666666667 0.69625 0.72 0.68875 0.7233333333333334 0.684375 0.7166666666666667 0.6825 0.7066666666666667 0.685 0.7016666666666667 0.69125 0.6925 0.69625 0.6816666666666666 0.6943750000000001 0.6683333333333333 0.6881250000000001 0.6599999999999999 0.6875 0.6533333333333333 0.684375 0.6224999999999999 0.681875 0.6141666666666666 0.6787500000000001 0.6075 0.6793750000000001 0.5983333333333334 0.675 0.5883333333333333 0.6743750000000001 0.5758333333333333 0.669375 0.5658333333333333 0.67 0.5566666666666666 0.666875 0.5541666666666667 0.6681250000000001 0.5533333333333333 0.68125 0.5491666666666666 0.691875
0 0.515 0.5231250000000001 0.515 0.52125 0.5116666666666666 0.5225000000000001 0.515 0.5231250000000001
0 0.4841666666666667 0.509375 0.5141666666666667 0.513125 0.5225 0.5175000000000001 0.5483333333333333 0.52 0.575 0.515 0.5816666666666667 0.5112500000000001 0.5916666666666667 0.5112500000000001 0.595 0.5175000000000001 0.6016666666666667 0.51875 0.6191666666666666 0.5118750000000001 0.6208333333333333 0.509375 0.6091666666666666 0.49437500000000006 0.6016666666666667 0.4912500000000001 0.5841666666666667 0.49000000000000005 0.575 0.48375 0.5566666666666666 0.48500000000000004 0.55 0.4831250000000001 0.54 0.48375 0.5325 0.480625 0.5216666666666667 0.480625 0.5183333333333333 0.48250000000000004 0.515 0.480625 0.5133333333333333 0.48625000000000007 0.5008333333333332 0.49312500000000004 0.48083333333333333 0.49312500000000004 0.48 0.5025000000000001 0.4841666666666667 0.509375
0 0.11166666666666666 0.8418750000000002 0.11499999999999999 0.8762500000000001 0.11416666666666667 0.9043750000000002 0.11833333333333333 0.9243750000000001 0.1875 0.9525 0.20666666666666664 0.9575000000000001 0.21083333333333334 0.953125 0.2125 0.92125 0.21000000000000002 0.9018750000000001 0.205 0.890625 0.21000000000000002 0.8700000000000001 0.20750000000000002 0.849375 0.20916666666666667 0.826875 0.20666666666666664 0.820625 0.20666666666666664 0.8018750000000001 0.2033333333333333 0.8006249999999999 0.2058333333333333 0.796875 0.19916666666666666 0.80375 0.18916666666666665 0.8006249999999999 0.18833333333333332 0.79625 0.1825 0.796875 0.17666666666666667 0.7931250000000001 0.175 0.7881250000000001 0.16499999999999998 0.7825 0.16 0.7825 0.15583333333333332 0.786875 0.15 0.7875 0.13666666666666666 0.78125 0.12583333333333332 0.78125 0.11916666666666667 0.785 0.11583333333333332 0.79 0.1125 0.806875 0.11499999999999999 0.8099999999999999 0.11166666666666666 0.8418750000000002
0 0.41500000000000004 0.5431250000000001 0.4216666666666667 0.5431250000000001 0.4225 0.539375 0.41833333333333333 0.534375 0.4133333333333333 0.536875 0.41 0.539375 0.41500000000000004 0.5431250000000001
0 0.4583333333333333 0.4875 0.45583333333333337 0.48687500000000006 0.4533333333333333 0.48812500000000003 0.4583333333333333 0.4875
0 0.47000000000000003 0.490625 0.4725 0.48812500000000003 0.47000000000000003 0.48625000000000007 0.4616666666666666 0.48812500000000003 0.47000000000000003 0.490625
0 0.34750000000000003 0.48937500000000006 0.3516666666666667 0.49437500000000006 0.365 0.4956250000000001 0.38166666666666665 0.50125 0.37666666666666665 0.5068750000000001 0.34249999999999997 0.5118750000000001 0.345 0.5337500000000001 0.365 0.540625 0.37583333333333335 0.5375 0.3975 0.5362500000000001 0.41833333333333333 0.5268750000000001 0.42416666666666664 0.521875 0.42750000000000005 0.53 0.43166666666666664 0.5331250000000001 0.4375 0.5318750000000001 0.44833333333333336 0.5231250000000001 0.45666666666666667 0.5318750000000001 0.4608333333333333 0.5325 0.4708333333333333 0.525625 0.4875 0.52375 0.49416666666666664 0.525625 0.5025000000000001 0.52125 0.5033333333333333 0.5181250000000001 0.5083333333333333 0.51875 0.49083333333333334 0.51375 0.48666666666666664 0.510625 0.475 0.50875 0.4658333333333333 0.508125 0.4491666666666666 0.5112500000000001 0.4458333333333333 0.5075000000000001 0.4383333333333333 0.505625 0.43583333333333335 0.5018750000000001 0.44000000000000006 0.49625 0.4458333333333333 0.49437500000000006 0.44666666666666666 0.4912500000000001 0.44416666666666665 0.49000000000000005 0.42333333333333334 0.49000000000000005 0.3883333333333333 0.4831250000000001 0.34249999999999997 0.4831250000000001 0.3416666666666667 0.4875 0.34750000000000003 0.48937500000000006
0 0.64 0.58125 0.6883333333333332 0.584375 0.6925 0.5831250000000001 0.7024999999999999 0.58625 0.7333333333333333 0.58625 0.7441666666666666 0.59125 0.7533333333333333 0.58125 0.7525 0.575 0.7408333333333333 0.570625 0.7333333333333333 0.5725 0.7241666666666666 0.56875 0.6950000000000001 0.568125 0.6825 0.56375 0.6533333333333333 0.5625 0.6483333333333333 0.56 0.6341666666666667 0.56375 0.6158333333333333 0.5737500000000001 0.6216666666666667 0.578125 0.64 0.58125
0 0.5658333333333333 0.606875 0.6066666666666667 0.6112500000000001 0.6491666666666667 0.61875 0.6866666666666666 0.6206250000000001 0.7033333333333334 0.624375 0.7175 0.6175 0.7274999999999999 0.6050000000000001 0.735 0.603125 0.7424999999999999 0.598125 0.7525 0.588125 0.755 0.581875 0.7533333333333333 0.5775 0.7416666666666667 0.571875 0.7308333333333333 0.573125 0.7233333333333334 0.5693750000000001 0.6966666666666667 0.56875 0.6825 0.5650000000000001 0.675 0.565625 0.6683333333333333 0.5625 0.6441666666666667 0.56 0.6333333333333333 0.56375 0.6125 0.575625 0.6058333333333333 0.575 0.5866666666666667 0.5875 0.5716666666666667 0.59375 0.5633333333333332 0.595 0.5608333333333333 0.603125 0.5658333333333333 0.606875
0 0.33999999999999997 0.953125 0.3375 0.9556250000000001 0.33916666666666667 0.9600000000000002 0.3358333333333333 0.9650000000000001 0.3358333333333333 0.9737500000000001 0.3308333333333333 0.976875 0.33249999999999996 0.98375 0.32916666666666666 0.9881250000000001 0.33249999999999996 0.9956250000000001 0.38333333333333336 0.996875 0.385 0.999375 0.39499999999999996 0.9962500000000001 0.4116666666666666 0.9956250000000001 0.4258333333333333 0.996875 0.42750000000000005 0.999375 0.43666666666666665 0.999375 0.4375 0.9975000000000002 0.4575 0.99375 0.46333333333333326 0.9806250000000001 0.46333333333333326 0.9661250000000001 0.45999999999999996 0.9637500000000001 0.4625 0.961875 0.4508333333333333 0.9625 0.4458333333333333 0.959375 0.43666666666666665 0.959375 0.43166666666666664 0.95625 0.41583333333333333 0.9556250000000001 0.39 0.9418750000000001 0.37583333333333335 0.9425000000000001 0.35 0.9387500000000001 0.3375 0.9387500000000001 0.335 0.9412499999999999 0.335 0.945625 0.33999999999999997 0.953125
0 0.6191666666666666 0.7206250000000001 0.64 0.7206250000000001 0.6391666666666667 0.711875 0.6366666666666666 0.71125 0.6308333333333334 0.7150000000000001 0.6275000000000001 0.7125 0.6233333333333333 0.713125 0.6241666666666666 0.71625 0.6191666666666666 0.7206250000000001
0 0.5558333333333334 0.67125 0.5566666666666666 0.681875 0.5633333333333332 0.6831250000000001 0.5708333333333333 0.6881250000000001 0.5816666666666667 0.685 0.5808333333333333 0.6925000000000001 0.5966666666666667 0.69625 0.6191666666666666 0.696875 0.6258333333333332 0.691875 0.6341666666666667 0.691875 0.6366666666666666 0.695625 0.635 0.7025 0.6466666666666667 0.7037500000000001 0.6508333333333333 0.7106250000000001 0.6575 0.7100000000000001 0.6608333333333334 0.713125 0.65 0.716875 0.65 0.721875 0.6541666666666667 0.7212500000000001 0.6566666666666666 0.723125 0.6575 0.72875 0.6625 0.728125 0.6783333333333333 0.73375 0.6816666666666666 0.733125 0.6866666666666666 0.7275 0.6875 0.71625 0.6966666666666667 0.7106250000000001 0.6983333333333334 0.701875 0.7041666666666667 0.6943750000000001 0.7158333333333333 0.6893750000000001 0.7224999999999999 0.6793750000000001 0.7224999999999999 0.675 0.7308333333333333 0.671875 0.7474999999999999 0.6568750000000001 0.7474999999999999 0.650625 0.7408333333333333 0.6481250000000001 0.7375 0.6481250000000001 0.73 0.65625 0.7283333333333333 0.6475000000000001 0.72 0.6456250000000001 0.7091666666666667 0.65625 0.705 0.655 0.6941666666666666 0.66 0.6858333333333333 0.6518750000000001 0.6691666666666667 0.646875 0.6575 0.6475000000000001 0.6441666666666667 0.6412500000000001 0.6325000000000001 0.6431250000000001 0.6191666666666666 0.639375 0.6116666666666666 0.639375 0.6091666666666666 0.6412500000000001 0.605 0.6375 0.5966666666666667 0.635625 0.5841666666666667 0.638125 0.5725 0.633125 0.5641666666666667 0.633125 0.5599999999999999 0.6300000000000001 0.5566666666666666 0.630625 0.5549999999999999 0.639375 0.5525 0.666875 0.5558333333333334 0.67125
0 0.5083333333333333 0.4756250000000001 0.5141666666666667 0.47750000000000004 0.5516666666666666 0.48187500000000005 0.575 0.48250000000000004 0.5916666666666667 0.4800000000000001 0.6025 0.480625 0.6133333333333333 0.4756250000000001 0.615 0.4600000000000001 0.6125 0.45437500000000003 0.5700000000000001 0.460625 0.5366666666666666 0.4575 0.5275000000000001 0.460625 0.5175 0.46125 0.5125 0.464375 0.5083333333333333 0.45875000000000005 0.5058333333333334 0.471875 0.5083333333333333 0.4756250000000001
0 0.19583333333333333 0.9349999999999999 0.2 0.9387500000000001 0.2033333333333333 0.938125 0.2058333333333333 0.931875 0.20249999999999999 0.9268750000000001 0.20166666666666666 0.931875 0.19583333333333333 0.9349999999999999
0 0.18166666666666667 0.914375 0.18333333333333332 0.911875 0.17833333333333332 0.9106250000000001 0.17666666666666667 0.906875 0.18333333333333332 0.906875 0.17833333333333332 0.905625 0.17416666666666666 0.9081250000000001 0.18166666666666667 0.914375
0 0.2 0.9043750000000002 0.2028735632183908 0.9059913793103448 0.20249999999999999 0.9037499999999999 0.2 0.9043750000000002
0 0.2033333333333333 0.9087500000000001 0.20294117647058824 0.9063970588235295 0.2 0.9075000000000001 0.2033333333333333 0.9087500000000001
0 0.12734375 0.90078125 0.003125 0.00078125
0 0.13333333333333333 0.8975 0.13333333333333333 0.89125 0.125 0.8887500000000002 0.12333333333333334 0.890625 0.13333333333333333 0.8975
0 0.16083333333333333 0.89 0.17666666666666667 0.89625 0.18083333333333335 0.903125 0.185 0.905 0.19749999999999998 0.9043750000000002 0.19583333333333333 0.900625 0.1875 0.896875 0.185 0.890625 0.18083333333333335 0.89 0.18166666666666667 0.8868750000000001 0.1725 0.8931250000000001 0.16583333333333333 0.890625 0.16916666666666666 0.8881249999999999 0.16833333333333333 0.8862500000000001 0.16 0.8862500000000001 0.15833333333333333 0.8868750000000001 0.16083333333333333 0.89
0 0.11583333333333332 0.7618750000000001 0.11166666666666666 0.7675000000000001 0.11499999999999999 0.786875 0.11083333333333334 0.8087500000000001 0.11416666666666667 0.8162499999999999 0.11666666666666667 0.859375 0.11916666666666667 0.8618750000000001 0.12416666666666668 0.853125 0.13 0.850625 0.155 0.85625 0.17666666666666667 0.865 0.18416666666666665 0.8706250000000001 0.20249999999999999 0.8724999999999999 0.20833333333333334 0.86 0.2058333333333333 0.844375 0.21000000000000002 0.8275 0.20666666666666664 0.8099999999999999 0.21166666666666667 0.79 0.21000000000000002 0.7675000000000001 0.19916666666666666 0.74875 0.20249999999999999 0.7362500000000001 0.18833333333333332 0.726875 0.1825 0.7275 0.18 0.724375 0.17083333333333334 0.724375 0.16833333333333333 0.721875 0.15666666666666668 0.7206250000000001 0.15416666666666667 0.718125 0.1408333333333333 0.7175 0.13666666666666666 0.71375 0.11583333333333332 0.71375 0.1125 0.71875 0.11083333333333334 0.7368750000000001 0.11583333333333332 0.7618750000000001
0 0.10083333333333333 0.598125 0.10916666666666666 0.6050000000000001 0.12166666666666666 0.6050000000000001 0.13583333333333333 0.606875 0.14333333333333334 0.6100000000000001 0.17083333333333334 0.6118750000000001 0.17916666666666667 0.6175 0.20249999999999999 0.6212500000000001 0.215 0.62 0.22833333333333333 0.61375 0.23583333333333334 0.6125 0.26083333333333336 0.6 0.2841666666666667 0.591875 0.28833333333333333 0.586875 0.2875 0.5806250000000001 0.27666666666666667 0.575 0.25166666666666665 0.575 0.23916666666666667 0.5725 0.22999999999999998 0.5675000000000001 0.18416666666666665 0.56375 0.175 0.56125 0.15 0.56625 0.14666666666666667 0.56875 0.12083333333333332 0.571875 0.1125 0.57625 0.10166666666666666 0.5775 0.09583333333333334 0.58125 0.095 0.5850000000000001 0.10083333333333333 0.598125
0 0.3675 0.5050000000000001 0.36 0.504375 0.3616666666666667 0.5068750000000001 0.3675 0.5050000000000001
0 0.35 0.505625 0.35083333333333333 0.504375 0.34750000000000003 0.503125 0.3466666666666667 0.5050000000000001 0.35 0.505625
0 0.26916666666666667 0.5050000000000001 0.26166666666666666 0.503125 0.26 0.5050000000000001 0.26916666666666667 0.5050000000000001
0 0.2833333333333333 0.49250000000000005 0.2866666666666667 0.495 0.2866666666666667 0.49812500000000004 0.2925 0.499375 0.30083333333333334 0.49375 0.32 0.4912500000000001 0.3308333333333333 0.49437500000000006 0.3375 0.49375 0.345 0.5 0.3491666666666667 0.5 0.35416666666666663 0.495 0.35083333333333333 0.49000000000000005 0.35083333333333333 0.48375 0.315 0.47375 0.27666666666666667 0.476875 0.2683333333333333 0.479375 0.2658333333333333 0.4831250000000001 0.26083333333333336 0.48375 0.25591954022988506 0.48866379310344826 0.25833333333333336 0.48875 0.26916666666666667 0.48937500000000006 0.2783333333333333 0.49312500000000004 0.2833333333333333 0.49250000000000005
0 0.2225 0.48937500000000006 0.22833333333333333 0.49000000000000005 0.2325 0.4956250000000001 0.2375 0.4956250000000001 0.2375 0.490625 0.24083333333333332 0.48812500000000003 0.2507893450635386 0.4884805718475074 0.2525 0.484375 0.24583333333333335 0.484375 0.24083333333333332 0.48687500000000006 0.20083333333333334 0.48687500000000006 0.19916666666666666 0.490625 0.205 0.49437500000000006 0.21416666666666667 0.49437500000000006 0.21916666666666665 0.48937500000000006 0.2225 0.48937500000000006
0 0.4058333333333334 0.476875 0.4041666666666667 0.475 0.39666666666666667 0.47625 0.39583333333333337 0.480625 0.4058333333333334 0.476875
0 0.41916666666666663 0.47375 0.4258333333333333 0.480625 0.43166666666666664 0.48187500000000005 0.43499999999999994 0.47625 0.4383333333333333 0.47875000000000006 0.4458333333333333 0.476875 0.45 0.4831250000000001 0.46749999999999997 0.48500000000000004 0.47333333333333333 0.48250000000000004 0.48 0.48375 0.5058333333333334 0.476875 0.5025000000000001 0.465625 0.4716666666666667 0.46687500000000004 0.4508333333333333 0.46312500000000006 0.44333333333333336 0.46375 0.4375 0.46875 0.41916666666666663 0.47375
0 0.14333333333333334 0.8975 0.14166666666666666 0.9012500000000001 0.13916666666666666 0.9018750000000001 0.13666666666666666 0.899375 0.1275 0.9087500000000001 0.12250000000000001 0.905 0.12 0.8975 0.11583333333333332 0.8975 0.12 0.900625 0.11583333333333332 0.9014581250000001 0.11666666666666667 0.925 0.20249999999999999 0.959375 0.21166666666666667 0.9600000000000002 0.21166666666666667 0.931875 0.2058333333333333 0.9112500000000001 0.19583333333333333 0.905625 0.1875 0.90625 0.1825 0.9043750000000002 0.18 0.90625 0.17583333333333334 0.9043750000000002 0.1675 0.89375 0.15666666666666668 0.89375 0.15166666666666667 0.890625 0.14333333333333334 0.890625 0.1375 0.89375 0.14333333333333334 0.8975
0 0.39416666666666667 0.5431250000000001 0.4025 0.54 0.40083333333333326 0.5375 0.3975 0.5387500000000001 0.39916666666666667 0.540625 0.39416666666666667 0.5431250000000001
0 0.42833333333333334 0.5725 0.4216666666666667 0.573125 0.4208333333333333 0.578125 0.42833333333333334 0.5787500000000001 0.4291666666666667 0.571875 0.44000000000000006 0.5725 0.4875 0.5537500000000001 0.49000000000000005 0.546875 0.495 0.5431250000000001 0.495 0.525625 0.5083333333333333 0.52375 0.5125 0.519375 0.5183333333333333 0.51875 0.5158333333333334 0.515625 0.5041666666666667 0.5118750000000001 0.45583333333333337 0.510625 0.43916666666666665 0.5068750000000001 0.42750000000000005 0.5068750000000001 0.43499999999999994 0.52 0.4425 0.525 0.44000000000000006 0.5275000000000001 0.43583333333333335 0.5275000000000001 0.43083333333333335 0.5337500000000001 0.4216666666666667 0.556875 0.4291666666666667 0.5693750000000001 0.42833333333333334 0.5725
0 0.5566666666666666 0.665 0.5599999999999999 0.6625 0.5675 0.666875 0.5741666666666666 0.665625 0.5841666666666667 0.67125 0.5925 0.669375 0.5983333333333334 0.675625 0.6025 0.675 0.6058333333333333 0.6787500000000001 0.6158333333333333 0.6787500000000001 0.6291666666666667 0.6825 0.6433333333333333 0.6825 0.675 0.6900000000000001 0.6808333333333334 0.69375 0.6925 0.6943750000000001 0.6966666666666667 0.691875 0.6983333333333334 0.685625 0.7108333333333333 0.678125 0.7116666666666667 0.67125 0.7283333333333333 0.65375 0.73 0.6481250000000001 0.7375 0.644375 0.7458333333333333 0.630625 0.7608333333333334 0.6162500000000001 0.7658333333333334 0.6143750000000001 0.7675 0.6100000000000001 0.7791666666666667 0.60375 0.7808333333333334 0.595 0.7791666666666667 0.59125 0.7758333333333333 0.5900000000000001 0.755 0.58875 0.7408333333333333 0.6 0.7274999999999999 0.6050000000000001 0.7075 0.623125 0.6975 0.623125 0.6833333333333333 0.619375 0.6783333333333333 0.6206250000000001 0.6675 0.618125 0.65 0.618125 0.6416666666666667 0.615 0.5675 0.6075 0.5608333333333333 0.6118750000000001 0.5591666666666667 0.623125 0.5549999999999999 0.63125 0.5533333333333333 0.64875 0.5566666666666666 0.665
0 0.64 0.9956250000000001 0.6425 0.9950000000000001 0.64 0.9925 0.6375 0.9943750000000001 0.64 0.9956250000000001
0 0.4666666666666667 0.98375 0.4658333333333333 0.9950000000000001 0.485 0.9943750000000001 0.5016666666666667 0.9962500000000001 0.52 0.9950000000000001 0.5225 0.9918750000000001 0.5275000000000001 0.9956250000000001 0.5358333333333334 0.9956250000000001 0.5458333333333333 0.9943750000000001 0.545 0.990625 0.55 0.9881250000000001 0.5616666666666666 0.9943750000000001 0.5741666666666666 0.9975000000000002 0.5875 0.9950000000000001 0.5958333333333333 0.999375 0.5966666666666667 0.9975000000000002 0.6025 0.9962500000000001 0.635 0.9943750000000001 0.6308333333333334 0.9887500000000001 0.6483333333333333 0.976875 0.6558333333333334 0.9818750000000002 0.6583333333333333 0.9875 0.6558333333333334 0.9881250000000001 0.6525 0.9950000000000001 0.6575 0.9956250000000001 0.6683333333333333 0.974375 0.6675 0.9668750000000002 0.6625 0.9606250000000001 0.6641666666666667 0.9525 0.6675 0.9506249999999999 0.6649999999999999 0.9450000000000001 0.67 0.9337500000000001 0.6691666666666667 0.9231250000000001 0.6725 0.9181250000000001 0.6683333333333333 0.9075000000000001 0.6708333333333333 0.8925000000000001 0.6666666666666667 0.8724999999999999 0.6675 0.865 0.6616666666666666 0.8618750000000001 0.6591666666666667 0.8631249999999999 0.6566666666666666 0.86625 0.6599999999999999 0.869375 0.6558333333333334 0.8706250000000001 0.6508333333333333 0.8762500000000001 0.6475 0.8762500000000001 0.6441666666666667 0.88125 0.6408333333333334 0.8975 0.6333333333333333 0.903125 0.6233333333333333 0.906875 0.6158333333333333 0.90625 0.5883333333333333 0.8931250000000001 0.5608333333333333 0.8856250000000001 0.5491666666666666 0.8862500000000001 0.5358333333333334 0.874375 0.5191666666666667 0.874375 0.49083333333333334 0.8675 0.4766666666666667 0.8768750000000001 0.4741666666666666 0.883125 0.475 0.900625 0.4708333333333333 0.9106250000000001 0.46749999999999997 0.9375 0.4691666666666666 0.9806250000000001 0.4666666666666667 0.98375
0 0.27109375 0.97734375 0.00078125 0.0015625
0 0.2758333333333333 0.9637500000000001 0.2833333333333333 0.96875 0.28583333333333333 0.9631250000000001 0.28250000000000003 0.96125 0.2783333333333333 0.9631250000000001 0.2758333333333333 0.96125 0.2758333333333333 0.9556250000000001 0.27166666666666667 0.95875 0.26916666666666667 0.9637500000000001 0.2758333333333333 0.9637500000000001
0 0.2733333333333333 0.943125 0.27166666666666667 0.9393750000000001 0.27083333333333337 0.9425000000000001 0.2733333333333333 0.943125
0 0.14750000000000002 0.8300000000000001 0.15083333333333332 0.8237500000000001 0.14666666666666667 0.826875 0.14750000000000002 0.8300000000000001
0 0.2925 0.791875 0.2966666666666667 0.791875 0.2966666666666667 0.79 0.29166666666666663 0.79 0.2925 0.791875
0 0.12083333333333332 0.8706250000000001 0.12416666666666668 0.8675 0.12583333333333332 0.87375 0.12250000000000001 0.8768750000000001 0.13 0.8868750000000001 0.1275 0.889375 0.1275 0.8975 0.12166666666666666 0.9037499999999999 0.12416666666666668 0.9181250000000001 0.12250000000000001 0.925 0.13833333333333334 0.9293750000000001 0.13999999999999999 0.931875 0.14750000000000002 0.9325000000000001 0.14833333333333334 0.9349999999999999 0.15583333333333332 0.9387500000000001 0.16333333333333333 0.9393750000000001 0.16666666666666669 0.9425000000000001 0.19749999999999998 0.95375 0.2 0.95625 0.21333333333333332 0.9575000000000001 0.21666666666666665 0.9600000000000002 0.22666666666666666 0.95875 0.22833333333333333 0.95 0.23333333333333334 0.9487500000000001 0.23500000000000001 0.953125 0.24500000000000002 0.9575000000000001 0.24666666666666667 0.95625 0.24416666666666664 0.9506249999999999 0.24500000000000002 0.944375 0.2425 0.944375 0.24500000000000002 0.9409375000000001 0.24333333333333332 0.9387500000000001 0.25666666666666665 0.9325000000000001 0.265 0.921875 0.27083333333333337 0.925 0.27166666666666667 0.93 0.2816666666666666 0.93 0.2808333333333333 0.9393750000000001 0.2841666666666667 0.945625 0.2808333333333333 0.9475 0.28250000000000003 0.953125 0.2866666666666667 0.944375 0.29083333333333333 0.945625 0.29333333333333333 0.9512500000000002 0.29166666666666663 0.943125 0.29416666666666663 0.94375 0.30083333333333334 0.9337500000000001 0.31 0.9262500000000001 0.3175 0.9256249999999999 0.3183333333333333 0.9175000000000001 0.315 0.9112500000000001 0.31666666666666665 0.9037499999999999 0.31333333333333335 0.9 0.31083333333333335 0.9025000000000001 0.3075 0.900625 0.30666666666666664 0.8931250000000001 0.3025 0.8918750000000001 0.30333333333333334 0.8887500000000002 0.3075 0.8887500000000002 0.31333333333333335 0.885 0.3183333333333333 0.8700000000000001 0.31333333333333335 0.859375 0.32083333333333336 0.850625 0.3183333333333333 0.8418750000000002 0.32083333333333336 0.8387500000000001 0.32 0.826875 0.3158333333333333 0.8237500000000001 0.305 0.8237500000000001 0.30166666666666664 0.82125 0.3025 0.8137500000000001 0.31416666666666665 0.8106250000000002 0.31083333333333335 0.8106250000000002 0.30833333333333335 0.80625 0.30416666666666664 0.8075000000000001 0.30083333333333334 0.8012500000000001 0.29583333333333334 0.8006249999999999 0.3 0.7975000000000001 0.3 0.794375 0.2966666666666667 0.795625 0.2925 0.8025 0.2866666666666667 0.8012500000000001 0.27999999999999997 0.7931250000000001 0.2758333333333333 0.795 0.265 0.791875 0.26166666666666666 0.794375 0.2575 0.7881250000000001 0.24666666666666667 0.7887500000000001 0.24916666666666668 0.7768750000000001 0.2475 0.775625 0.2475 0.779375 0.24166666666666664 0.778125 0.24291666666666667 0.775625 0.2341666666666667 0.775 0.23333333333333334 0.7725000000000001 0.22000000000000003 0.77375 0.21666666666666665 0.77125 0.21000000000000002 0.7931250000000001 0.19916666666666666 0.80625 0.18916666666666665 0.8025 0.1825 0.8025 0.16083333333333333 0.7925000000000001 0.14916666666666667 0.795 0.14416666666666667 0.790625 0.13999999999999999 0.79 0.13999999999999999 0.79375 0.14416666666666667 0.796875 0.1408333333333333 0.7993750000000001 0.13916666666666666 0.806875 0.14750000000000002 0.8099999999999999 0.15583333333333332 0.8075000000000001 0.16 0.8168750000000001 0.15833333333333333 0.8256249999999999 0.1675 0.838125 0.16499999999999998 0.8400000000000001 0.15833333333333333 0.8375 0.15 0.838125 0.14416666666666667 0.8425 0.13333333333333333 0.8375 0.12666666666666665 0.8450000000000001 0.13083333333333333 0.8474999999999999 0.13083333333333333 0.85 0.12666666666666665 0.85 0.12333333333333334 0.858125 0.11833333333333333 0.85875 0.11666666666666667 0.868125 0.12083333333333332 0.8706250000000001
0 0.33416666666666667 0.479375 0.38666666666666666 0.4800000000000001 0.40499999999999997 0.46687500000000004 0.4066666666666666 0.4600000000000001 0.39249999999999996 0.458125 0.3683333333333333 0.45875000000000005 0.3275 0.464375 0.3175 0.47000000000000003 0.3175 0.47375 0.33416666666666667 0.479375