0 0.2859375 0.6872852233676976 0.2859375 0.7233676975945018 0.29296875 0.752577319587629 0.2921875 0.7766323024054984 0.29609375 0.7989690721649485 0.353125 0.7989690721649485 0.365625 0.79553264604811 0.36953125 0.7886597938144331 0.36953125 0.7268041237113403 0.365625 0.7096219931271478 0.3640625 0.6838487972508591 0.35703125 0.6786941580756014 0.359375 0.668384879725086 0.35625 0.6580756013745706 0.340625 0.6512027491408936 0.29921875 0.6546391752577321 0.296875 0.6666666666666667 0.29453125 0.6666666666666667 0.29296875 0.6563573883161513 0.2875 0.661512027491409 0.29296875 0.6838487972508591 0.2859375 0.6872852233676976
0 0.65 0.1443298969072165 0.64921875 0.16838487972508592 0.6515625 0.17353951890034364 0.64609375 0.20962199312714777 0.65078125 0.2577319587628866 0.64609375 0.281786941580756 0.646875 0.30584192439862545 0.65078125 0.31099656357388317 0.734375 0.30584192439862545 0.73515625 0.2800687285223368 0.73828125 0.2680412371134021 0.7359375 0.2457044673539519 0.7421875 0.22680412371134023 0.74140625 0.19931271477663232 0.74453125 0.1907216494845361 0.7421875 0.1752577319587629 0.7421875 0.15807560137457047 0.74609375 0.1443298969072165 0.74453125 0.13230240549828182 0.7390625 0.13058419243986255 0.73359375 0.11855670103092783 0.7125 0.11683848797250859 0.7078125 0.10481099656357389 0.696875 0.11168384879725086 0.65546875 0.10996563573883163 0.64609375 0.12371134020618557 0.646875 0.13917525773195877 0.65 0.1443298969072165
0 0.4546875 0.5378006872852235 0.45234375 0.5738831615120275 0.45703125 0.5996563573883162 0.4546875 0.6529209621993128 0.45859375 0.6718213058419245 0.4578125 0.7096219931271478 0.4625 0.7920962199312716 0.48125 0.79553264604811 0.5390625 0.7886597938144331 0.54140625 0.7611683848797252 0.53828125 0.7216494845360826 0.540625 0.6838487972508591 0.53671875 0.6632302405498283 0.5375 0.6477663230240551 0.540625 0.6408934707903781 0.540625 0.6151202749140894 0.5375 0.5996563573883162 0.540625 0.5584192439862543 0.5375 0.513745704467354 0.540625 0.4862542955326461 0.5359375 0.44673539518900346 0.5296875 0.43642611683848803 0.46484375 0.443298969072165 0.45546875 0.4553264604810997 0.453125 0.47079037800687284 0.45234375 0.520618556701031 0.4546875 0.5378006872852235
0 0.53515625 0.4175257731958763 0.5390625 0.41580756013745707 0.534375 0.4089347079037801 0.53125 0.41065292096219935 0.53515625 0.4175257731958763
0 0.515625 0.39003436426116844 0.51484375 0.38316151202749144 0.5125 0.38659793814432997 0.515625 0.39003436426116844
0 0.528125 0.372852233676976 0.52109375 0.3711340206185567 0.51875 0.372852233676976 0.528125 0.372852233676976
0 0.5078125 0.3814432989690722 0.5125 0.37457044673539525 0.50546875 0.3711340206185567 0.50234375 0.372852233676976 0.5078125 0.3814432989690722
0 0.45859375 0.6718213058419245 0.45703125 0.7096219931271478 0.459375 0.7646048109965636 0.46328125 0.79553264604811 0.52578125 0.7920962199312716 0.54140625 0.7852233676975946 0.54140625 0.6821305841924399 0.53671875 0.6632302405498283 0.5359375 0.6374570446735396 0.53046875 0.6426116838487973 0.51640625 0.6426116838487973 0.4828125 0.6340206185567011 0.478125 0.6391752577319588 0.45625 0.6426116838487973 0.45546875 0.6580756013745706 0.45859375 0.6718213058419245
0 0.52109375 0.5859106529209622 0.525 0.5945017182130584 0.5328125 0.5979381443298969 0.53359375 0.5876288659793815 0.5296875 0.584192439862543 0.5296875 0.5893470790378007 0.52109375 0.5859106529209622
0 0.465625 0.5927835051546392 0.4734375 0.604810996563574 0.51484375 0.5979381443298969 0.5078125 0.5893470790378007 0.51171875 0.584192439862543 0.4640625 0.5910652920962199 0.4625 0.5945017182130584 0.465625 0.5927835051546392
0 0.4734375 0.7611683848797252 0.47578125 0.7542955326460482 0.4703125 0.7542955326460482 0.46953125 0.7611683848797252 0.4734375 0.7611683848797252
0 0.46953125 0.7353951890034365 0.4875 0.731958762886598 0.49140625 0.7268041237113403 0.48671875 0.7233676975945018 0.48203125 0.7302405498281788 0.478125 0.7216494845360826 0.47578125 0.7336769759450172 0.471875 0.7216494845360826 0.46953125 0.7233676975945018 0.4671875 0.7268041237113403 0.46953125 0.7353951890034365
0 0.46015625 0.7130584192439863 0.50234375 0.7027491408934708 0.540625 0.7027491408934708 0.54140625 0.6769759450171822 0.534375 0.6477663230240551 0.4828125 0.6426116838487973 0.45625 0.6494845360824744 0.45625 0.6821305841924399 0.46015625 0.7130584192439863
0 0.26640625 0.4742268041237113 0.26328125 0.49828178694158076 0.2671875 0.5120274914089348 0.26640625 0.5292096219931273 0.27109375 0.5412371134020619 0.2703125 0.563573883161512 0.27578125 0.5807560137457045 0.27578125 0.5962199312714777 0.27890625 0.604810996563574 0.278125 0.6271477663230242 0.2828125 0.6477663230240551 0.303125 0.6494845360824744 0.31796875 0.6426116838487973 0.33125 0.6426116838487973 0.334375 0.6477663230240551 0.35859375 0.6460481099656358 0.36015625 0.6202749140893471 0.35703125 0.5945017182130584 0.359375 0.5618556701030928 0.35390625 0.5360824742268042 0.35390625 0.4965635738831615 0.34765625 0.4690721649484536 0.34609375 0.4484536082474227 0.30703125 0.44158075601374575 0.30078125 0.44673539518900346 0.26328125 0.45017182130584193 0.26171875 0.4587628865979382 0.26640625 0.4742268041237113
0 0.275 0.43814432989690727 0.28515625 0.42783505154639184 0.27734375 0.4261168384879725 0.27265625 0.43298969072164956 0.27109375 0.4261168384879725 0.2640625 0.42783505154639184 0.26171875 0.4347079037800688 0.275 0.43814432989690727
0 0.30703125 0.5120274914089348 0.3015625 0.5085910652920963 0.30234375 0.513745704467354 0.30703125 0.5120274914089348
0 0.32578125 0.5103092783505155 0.32109375 0.5034364261168386 0.315625 0.5120274914089348 0.32578125 0.5103092783505155
0 0.271875 0.5085910652920963 0.26875 0.5171821305841925 0.271875 0.5223367697594502 0.2765625 0.5085910652920963 0.2796875 0.520618556701031 0.2984375 0.5120274914089348 0.26953125 0.4965635738831615 0.26875 0.5017182130584193 0.271875 0.5085910652920963
0 0.334375 0.48453608247422686 0.33828125 0.4810996563573884 0.33828125 0.47594501718213056 0.3328125 0.47594501718213056 0.33203125 0.4810996563573884 0.334375 0.48453608247422686
0 0.2484375 0.3505154639175258 0.25390625 0.36426116838487976 0.2578125 0.41065292096219935 0.25703125 0.42783505154639184 0.2625 0.4553264604810997 0.26875 0.4639175257731959 0.27109375 0.4896907216494846 0.3 0.48453608247422686 0.31015625 0.48797250859106533 0.3109375 0.47938144329896915 0.31484375 0.47938144329896915 0.31484375 0.48797250859106533 0.32109375 0.4862542955326461 0.3234375 0.4828178694158076 0.3234375 0.4725085910652921 0.328125 0.46563573883161513 0.32578125 0.45704467353951894 0.3484375 0.45017182130584193 0.3484375 0.4072164948453609 0.34375 0.39518900343642616 0.346875 0.35738831615120276 0.3359375 0.31615120274914094 0.3375 0.288659793814433 0.3203125 0.288659793814433 0.31171875 0.29896907216494845 0.3078125 0.288659793814433 0.30078125 0.29381443298969073 0.29921875 0.288659793814433 0.29765625 0.29896907216494845 0.29453125 0.288659793814433 0.29140625 0.2920962199312715 0.29296875 0.3041237113402062 0.24765625 0.3075601374570447 0.25078125 0.3264604810996564 0.2484375 0.3505154639175258
0 0.3359375 0.6786941580756014 0.3328125 0.6769759450171822 0.3234375 0.6821305841924399 0.3359375 0.6786941580756014
0 0.35546875 0.6804123711340206 0.3453125 0.6752577319587629 0.34453125 0.6804123711340206 0.35546875 0.6804123711340206
0 0.28046875 0.6374570446735396 0.28203125 0.6580756013745706 0.28984375 0.661512027491409 0.32265625 0.6529209621993128 0.34140625 0.6580756013745706 0.36328125 0.6460481099656358 0.35546875 0.5790378006872853 0.32890625 0.5807560137457045 0.32421875 0.5859106529209622 0.30234375 0.5824742268041238 0.27734375 0.5910652920962199 0.2765625 0.6254295532646049 0.28046875 0.6374570446735396
0 0.34505234375 0.5652920962199313 0.3453125 0.570446735395189 0.35625 0.570446735395189 0.35546875 0.5567010309278351 0.35 0.5567010309278351 0.34921875 0.5652920962199313 0.34453125 0.5567010309278351 0.33515625 0.5601374570446735 0.33671875 0.5652920962199313 0.34505234375 0.5652920962199313
0 0.55078125 0.21649484536082478 0.5453125 0.2405498281786942 0.54609375 0.2680412371134021 0.546875 0.281786941580756 0.553125 0.29553264604810997 0.55234375 0.31615120274914094 0.56796875 0.3195876288659794 0.62421875 0.31271477663230246 0.6359375 0.30584192439862545 0.63515625 0.29037800687285226 0.63984375 0.28350515463917525 0.640625 0.2508591065292097 0.64375 0.23711340206185566 0.64140625 0.22680412371134023 0.64296875 0.20103092783505155 0.640625 0.1597938144329897 0.6359375 0.15635738831615123 0.60859375 0.16151202749140894 0.55 0.16151202749140894 0.546875 0.16494845360824745 0.54609375 0.17353951890034364 0.54609375 0.20103092783505155 0.55078125 0.21649484536082478
0 0.36875 0.6958762886597938 0.37578125 0.7938144329896908 0.45 0.79553264604811 0.45703125 0.7903780068728523 0.45390625 0.6907216494845361 0.44921875 0.6512027491408936 0.44609375 0.6443298969072165 0.41015625 0.6426116838487973 0.39296875 0.6477663230240551 0.3890625 0.6408934707903781 0.37890625 0.6426116838487973 0.36953125 0.6512027491408936 0.371875 0.6649484536082475 0.36875 0.6958762886597938
0 0.57890625 0.48453608247422686 0.57578125 0.4828178694158076 0.57421875 0.48797250859106533 0.57890625 0.48453608247422686
0 0.54296875 0.6013745704467355 0.5453125 0.6323024054982819 0.54375 0.6666666666666667 0.546875 0.7096219931271478 0.55 0.7096219931271478 0.5515625 0.6993127147766324 0.55703125 0.6907216494845361 0.61171875 0.6890034364261168 0.62109375 0.6821305841924399 0.62734375 0.6494845360824744 0.62890625 0.5962199312714777 0.62421875 0.5687285223367697 0.63046875 0.534364261168385 0.6265625 0.5154639175257733 0.6296875 0.5017182130584193 0.62734375 0.4914089347079038 0.6296875 0.46735395189003437 0.60703125 0.46735395189003437 0.5953125 0.47594501718213056 0.59375 0.47079037800687284 0.5875 0.47594501718213056 0.5859375 0.4725085910652921 0.590625 0.48797250859106533 0.584375 0.4896907216494846 0.578125 0.5017182130584193 0.55 0.5034364261168386 0.54453125 0.5429553264604812 0.546875 0.5893470790378007 0.54296875 0.6013745704467355
0 0.56171875 0.44158075601374575 0.5578125 0.44158075601374575 0.55703125 0.4450171821305842 0.56171875 0.44158075601374575
0 0.57421875 0.43984375 0.0015625 0.003125
0 0.3 0.6993127147766324 0.30234375 0.6958762886597938 0.296875 0.6907216494845361 0.2953125 0.6924398625429553 0.3 0.6993127147766324
0 0.29296875 0.752577319587629 0.2921875 0.7783505154639176 0.29609375 0.7989690721649485 0.35390625 0.7989690721649485 0.365625 0.79553264604811 0.36953125 0.7886597938144331 0.36953125 0.7371134020618557 0.36796875 0.7199312714776632 0.36328125 0.7061855670103093 0.3625 0.6855670103092784 0.315625 0.6872852233676976 0.31015625 0.6907216494845361 0.3125 0.6993127147766324 0.30703125 0.7061855670103093 0.2921875 0.7027491408934708 0.28984375 0.6924398625429553 0.2875 0.6924398625429553 0.2859375 0.7216494845360826 0.29296875 0.752577319587629
0 0.33125 0.65703125 0.00078125 0.0015625
0 0.346875 0.6580756013745706 0.33984375 0.6563573883161513 0.34140625 0.6666666666666667 0.346875 0.6580756013745706
0 0.659375 0.520618556701031 0.65703125 0.5120274914089348 0.6518919427710843 0.5217157288949614 0.659375 0.520618556701031
0 0.65078125 0.5120274914089348 0.646875 0.5068728522336771 0.63984375 0.5068728522336771 0.6375 0.5171821305841925 0.63671875 0.5257731958762888 0.63984375 0.534364261168385 0.64765625 0.5223367697594502 0.6515195741758242 0.5217703258940374 0.65078125 0.5120274914089348
0 0.6765625 0.49828178694158076 0.70625 0.4896907216494846 0.70546875 0.49312714776632305 0.7140625 0.4948453608247423 0.7125 0.5120274914089348 0.71484375 0.5120274914089348 0.71640625 0.49828178694158076 0.72109375 0.49312714776632305 0.72109375 0.46563573883161513 0.7265625 0.4553264604810997 0.725 0.4312714776632303 0.72890625 0.4209621993127148 0.725 0.41065292096219935 0.725 0.40034364261168387 0.73203125 0.38316151202749144 0.73203125 0.3247422680412372 0.734375 0.3041237113402062 0.65234375 0.31099656357388317 0.64765625 0.3195876288659794 0.6484375 0.3402061855670103 0.6421875 0.3505154639175258 0.6375 0.37972508591065296 0.6375 0.49828178694158076 0.6765625 0.49828178694158076
0 0.2359375 0.15807560137457047 0.23359375 0.18213058419243988 0.2390625 0.21649484536082478 0.2375 0.22852233676975947 0.2421875 0.24226804123711343 0.2421875 0.26975945017182135 0.246875 0.30927835051546393 0.2515625 0.3264604810996564 0.25 0.3505154639175258 0.253125 0.3556701030927835 0.25859375 0.3883161512027492 0.25859375 0.41580756013745707 0.2609375 0.422680412371134 0.25859375 0.42783505154639184 0.2640625 0.4484536082474227 0.29375 0.4518900343642612 0.309375 0.443298969072165 0.33203125 0.44673539518900346 0.3359375 0.4450171821305842 0.3359375 0.4398625429553265 0.3421875 0.44158075601374575 0.3359375 0.43642611683848803 0.34140625 0.42783505154639184 0.3390625 0.42439862542955326 0.3421875 0.40549828178694164 0.33828125 0.38316151202749144 0.34296875 0.372852233676976 0.34375 0.359106529209622 0.334375 0.31615120274914094 0.33828125 0.30068728522336774 0.3390625 0.2800687285223368 0.3296875 0.23539518900343642 0.3296875 0.21821305841924402 0.33359375 0.20790378006872853 0.33359375 0.18728522336769762 0.32265625 0.15635738831615123 0.3234375 0.14261168384879724 0.33125 0.13058419243986255 0.33515625 0.10652920962199312 0.325 0.09621993127147768 0.3125 0.10137457044673541 0.28828125 0.09450171821305843 0.27890625 0.10309278350515465 0.27421875 0.09793814432989692 0.2625 0.10137457044673541 0.2546875 0.09621993127147768 0.2484375 0.10137457044673541 0.240625 0.09793814432989692 0.2296875 0.11683848797250859 0.228125 0.13745704467353953 0.2359375 0.15807560137457047
0 0.45 0.3762886597938145 0.48359375 0.36769759450171824 0.53828125 0.3694158075601375 0.54296875 0.359106529209622 0.54140625 0.3247422680412372 0.5375 0.31099656357388317 0.53671875 0.29553264604810997 0.5328125 0.29037800687285226 0.45390625 0.29553264604810997 0.45 0.2972508591065292 0.446875 0.3178694158075602 0.44609375 0.36769759450171824 0.45 0.3762886597938145
0 0.4671875 0.4359375 0.00234375 0.0015625
0 0.4890625 0.4347079037800688 0.4875 0.4295532646048111 0.48671875 0.4347079037800688 0.4890625 0.4347079037800688
0 0.51953125 0.4312714776632303 0.51640625 0.42783505154639184 0.51484375 0.4312714776632303 0.51953125 0.4312714776632303
0 0.4890625 0.4209621993127148 0.4875 0.41580756013745707 0.48671875 0.4209621993127148 0.4890625 0.4209621993127148
0 0.5203125 0.40034364261168387 0.5234375 0.4020618556701031 0.521875 0.4072164948453609 0.53359375 0.41065292096219935 0.5328125 0.4037800687285224 0.5359375 0.3969072164948454 0.5328125 0.3883161512027492 0.53203125 0.39862542955326463 0.5203125 0.40034364261168387
0 0.46328125 0.39003436426116844 0.459375 0.38659793814432997 0.45625 0.38659793814432997 0.46328125 0.39003436426116844
0 0.48671875 0.39862542955326463 0.49453125 0.39862542955326463 0.49375 0.4072164948453609 0.49765625 0.41065292096219935 0.50234375 0.40549828178694164 0.5109375 0.4089347079037801 0.5109375 0.40034364261168387 0.515625 0.40034364261168387 0.515625 0.4072164948453609 0.51796875 0.4037800687285224 0.51484375 0.39862542955326463 0.5 0.39862542955326463 0.49921875 0.38659793814432997 0.49453125 0.3762886597938145 0.49375 0.38659793814432997 0.490625 0.38316151202749144 0.4875 0.3969072164948454 0.4698854813664596 0.3980811508825853 0.4671875 0.40549828178694164 0.48515625 0.4020618556701031 0.48671875 0.4072164948453609 0.48671875 0.39862542955326463
0 0.44453125 0.25945017182130586 0.44453125 0.2920962199312715 0.44921875 0.31099656357388317 0.4484375 0.36769759450171824 0.453125 0.37972508591065296 0.45546875 0.372852233676976 0.459375 0.3762886597938145 0.46328125 0.3694158075601375 0.4765625 0.365979381443299 0.4890625 0.3711340206185567 0.5359375 0.3711340206185567 0.5390625 0.365979381443299 0.53984375 0.34536082474226804 0.53671875 0.3350515463917526 0.53984375 0.32817869415807566 0.53671875 0.3178694158075602 0.53671875 0.2972508591065292 0.54140625 0.288659793814433 0.540625 0.24398625429553267 0.53671875 0.2302405498281787 0.5390625 0.2061855670103093 0.5125 0.211340206185567 0.47421875 0.20962199312714777 0.4453125 0.21993127147766325 0.446875 0.24742268041237114 0.44453125 0.25945017182130586
0 0.6328125 0.5756013745704468 0.63828125 0.6116838487972509 0.63828125 0.6185567010309279 0.63359375 0.6271477663230242 0.63359375 0.6391752577319588 0.63671875 0.6477663230240551 0.646875 0.6374570446735396 0.653125 0.6374570446735396 0.6578125 0.6271477663230242 0.7140625 0.6219931271477663 0.71328125 0.5962199312714777 0.7171875 0.584192439862543 0.71640625 0.5670103092783505 0.7203125 0.5584192439862543 0.71796875 0.5360824742268042 0.721875 0.5257731958762888 0.71875 0.5051546391752578 0.7234375 0.49312714776632305 0.7203125 0.47938144329896915 0.725 0.4553264604810997 0.7234375 0.42783505154639184 0.6421875 0.4312714776632303 0.64296875 0.45360824742268047 0.6359375 0.47594501718213056 0.6359375 0.5463917525773196 0.6328125 0.5756013745704468
0 0.44609375 0.21649484536082478 0.4703125 0.20962199312714777 0.5296875 0.20790378006872853 0.54140625 0.19931271477663232 0.54296875 0.19243986254295536 0.53984375 0.15807560137457047 0.53671875 0.1632302405498282 0.47578125 0.1597938144329897 0.44375 0.17010309278350516 0.4421875 0.21305841924398625 0.44609375 0.21649484536082478
0 0.5515625 0.41924398625429554 0.55859375 0.41408934707903783 0.546875 0.41065292096219935 0.54609375 0.4175257731958763 0.5515625 0.41924398625429554
0 0.5484375 0.372852233676976 0.54921875 0.38659793814432997 0.546875 0.39518900343642616 0.54921875 0.3883161512027492 0.55234375 0.39518900343642616 0.5609375 0.39862542955326463 0.5875 0.40034364261168387 0.59140625 0.39003436426116844 0.5984375 0.3934707903780069 0.60546875 0.38659793814432997 0.61953125 0.39518900343642616 0.63359375 0.38316151202749144 0.63125 0.3711340206185567 0.6359375 0.3539518900343643 0.6390625 0.3195876288659794 0.63046875 0.31271477663230246 0.60703125 0.32130584192439865 0.55078125 0.32130584192439865 0.54609375 0.3247422680412372 0.54453125 0.33161512027491413 0.54453125 0.3625429553264605 0.5484375 0.372852233676976
0 0.65390625 0.21821305841924402 0.66015625 0.21821305841924402 0.65859375 0.2302405498281787 0.67578125 0.22680412371134023 0.6765625 0.21993127147766325 0.66484375 0.21477663230240554 0.65078125 0.21649484536082478 0.6515625 0.2302405498281787 0.65390625 0.21821305841924402
0 0.7203125 0.21305841924398625 0.71640625 0.211340206185567 0.71640625 0.21649484536082478 0.7203125 0.21305841924398625
0 0.64921875 0.14776632302405499 0.65078125 0.1597938144329897 0.65078125 0.19243986254295536 0.7275390625 0.19243986254295536 0.72578125 0.2061855670103093 0.73046875 0.20962199312714777 0.72890625 0.22680412371134023 0.73828125 0.22680412371134023 0.73828125 0.21649484536082478 0.734375 0.20962199312714777 0.7390625 0.2061855670103093 0.7453125 0.18900343642611686 0.74296875 0.15807560137457047 0.7484375 0.14261168384879724 0.7453125 0.12542955326460484 0.740625 0.12714776632302408 0.7328125 0.11683848797250859 0.71875 0.11683848797250859 0.7078125 0.10309278350515465 0.69765625 0.10824742268041239 0.6546875 0.10824742268041239 0.64453125 0.11855670103092783 0.64453125 0.13917525773195877 0.64921875 0.14776632302405499
0 0.55234375 0.2061855670103093 0.57421875 0.20446735395189006 0.58125 0.19931271477663232 0.634375 0.20103092783505155 0.6421875 0.19759450171821308 0.64453125 0.18728522336769762 0.64453125 0.16666666666666669 0.6359375 0.15807560137457047 0.55234375 0.16151202749140894 0.54765625 0.1632302405498282 0.5453125 0.1718213058419244 0.54453125 0.19759450171821308 0.55234375 0.2061855670103093
0 0.54453125 0.5412371134020619 0.546875 0.577319587628866 0.54453125 0.5996563573883162 0.54609375 0.6460481099656358 0.54375 0.6666666666666667 0.5453125 0.7783505154639176 0.55703125 0.7817869415807561 0.62265625 0.7714776632302407 0.6234375 0.6718213058419245 0.6265625 0.6546391752577321 0.62734375 0.6134020618556701 0.6296875 0.6013745704467355 0.62421875 0.5670103092783505 0.63125 0.5326460481099657 0.63125 0.4072164948453609 0.634375 0.3969072164948454 0.6328125 0.36426116838487976 0.6375 0.3247422680412372 0.63515625 0.3041237113402062 0.628125 0.302405498281787 0.6234375 0.31099656357388317 0.61796875 0.31099656357388317 0.6140625 0.302405498281787 0.6078125 0.302405498281787 0.60625 0.31099656357388317 0.59375 0.30927835051546393 0.591796875 0.31615120274914094 0.58203125 0.3230240549828179 0.5625 0.3178694158075602 0.54609375 0.3264604810996564 0.54609375 0.3711340206185567 0.5484375 0.38659793814432997 0.5453125 0.4089347079037801 0.546875 0.4639175257731959 0.54453125 0.4828178694158076 0.546875 0.5154639175257733 0.54453125 0.5412371134020619
0 0.57421875 0.288659793814433 0.57734375 0.2972508591065292 0.5859375 0.2920962199312715 0.58203125 0.2852233676975945 0.57734375 0.2920962199312715 0.5765625 0.2852233676975945 0.57109375 0.28350515463917525 0.56796875 0.2920962199312715 0.56640625 0.28350515463917525 0.559375 0.2869415807560137 0.5703125 0.30068728522336774 0.57421875 0.288659793814433
0 0.45703125 0.5484375 0.0015625 0.003125
0 0.52265625 0.5395189003436427 0.51875 0.5326460481099657 0.50625 0.5395189003436427 0.52265625 0.5395189003436427
0 0.49296875 0.5395189003436427 0.50625 0.5395189003436427 0.49609375 0.5378006872852235 0.49296875 0.5395189003436427
0 0.52578125 0.31099656357388317 0.5359375 0.3144329896907217 0.53125 0.302405498281787 0.5296875 0.30927835051546393 0.52578125 0.31099656357388317
0 0.52734375 0.29896907216494845 0.52578125 0.29553264604810997 0.525 0.30068728522336774 0.52734375 0.29896907216494845
0 0.44921875 0.4484536082474227 0.45390625 0.46219931271477666 0.4515625 0.4742268041237113 0.453125 0.5171821305841925 0.5390625 0.5068728522336771 0.53984375 0.4690721649484536 0.53671875 0.4518900343642612 0.540625 0.443298969072165 0.5421875 0.4175257731958763 0.53828125 0.38659793814432997 0.53984375 0.33161512027491413 0.5375 0.3264604810996564 0.51328125 0.32130584192439865 0.5140625 0.2972508591065292 0.5109375 0.29381443298969073 0.4703125 0.29553264604810997 0.4578125 0.30068728522336774 0.45625 0.31615120274914094 0.4515625 0.3178694158075602 0.4484375 0.3350515463917526 0.4484375 0.4295532646048111 0.44921875 0.4484536082474227
0 0.378125 0.7371134020618557 0.40703125 0.738831615120275 0.4125 0.7353951890034365 0.41171875 0.725085910652921 0.41953125 0.7268041237113403 0.4203125 0.7371134020618557 0.4421875 0.7371134020618557 0.4484375 0.7268041237113403 0.44609375 0.7199312714776632 0.43984375 0.7164948453608248 0.43515625 0.718213058419244 0.4328125 0.7268041237113403 0.42578125 0.7164948453608248 0.4140625 0.718213058419244 0.41484375 0.7233676975945018 0.41015625 0.718213058419244 0.40703125 0.725085910652921 0.4 0.7147766323024055 0.390625 0.7216494845360826 0.38203125 0.7199312714776632 0.37734375 0.7268041237113403 0.37578125 0.7336769759450172 0.378125 0.7371134020618557
0 0.3734375 0.7096219931271478 0.38359375 0.7130584192439863 0.39453125 0.7044673539518901 0.42890625 0.7079037800687286 0.44921875 0.6958762886597938 0.45234375 0.6786941580756014 0.44609375 0.6494845360824744 0.3796875 0.6512027491408936 0.371875 0.6563573883161513 0.371875 0.7044673539518901 0.3734375 0.7096219931271478
0 0.63046875 0.7800687285223369 0.6953125 0.7749140893470792 0.70703125 0.7680412371134021 0.70703125 0.7439862542955327 0.709375 0.7405498281786942 0.70703125 0.7336769759450172 0.70703125 0.7164948453608248 0.709375 0.7079037800687286 0.6921875 0.6958762886597938 0.684375 0.7010309278350516 0.68125 0.6924398625429553 0.665234375 0.6924398625429553 0.6625 0.6993127147766324 0.66015625 0.6975945017182131 0.6609375 0.6924398625429553 0.6578125 0.6958762886597938 0.659375 0.7027491408934708 0.65390625 0.7061855670103093 0.652734375 0.6958762886597938 0.64765625 0.6958762886597938 0.65078125 0.7079037800687286 0.6484375 0.7147766323024055 0.6359375 0.7164948453608248 0.62890625 0.725085910652921 0.6265625 0.7731958762886599 0.63046875 0.7800687285223369
0 0.2375 0.1752577319587629 0.2421875 0.16838487972508592 0.24453125 0.1752577319587629 0.253125 0.1718213058419244 0.2484375 0.1632302405498282 0.240625 0.1632302405498282 0.2421875 0.16666666666666669 0.2375 0.1752577319587629
0 0.31015625 0.1718213058419244 0.315625 0.1718213058419244 0.3171875 0.15807560137457047 0.309375 0.16494845360824745 0.31015625 0.1718213058419244
0 0.296875 0.16838487972508592 0.3046875 0.14776632302405499 0.3 0.14604810996563575 0.3 0.15807560137457047 0.29609375 0.15463917525773196 0.29453125 0.1632302405498282 0.296875 0.16838487972508592
0 0.23984375 0.14776632302405499 0.259375 0.140893470790378 0.271875 0.1443298969072165 0.278125 0.13917525773195877 0.315625 0.13917525773195877 0.32109375 0.1443298969072165 0.33125 0.1357388316151203 0.33671875 0.12199312714776633 0.3375 0.10824742268041239 0.3359375 0.09965635738831616 0.32578125 0.09278350515463918 0.315625 0.09793814432989692 0.2921875 0.09278350515463918 0.26640625 0.09793814432989692 0.2375 0.09621993127147768 0.2265625 0.12371134020618557 0.2265625 0.140893470790378 0.23984375 0.14776632302405499
0 0.54609375 0.2852233676975945 0.55078125 0.2972508591065292 0.54921875 0.3230240549828179 0.62109375 0.32130584192439865 0.63359375 0.3195876288659794 0.63984375 0.31099656357388317 0.64140625 0.27835051546391754 0.6390625 0.2714776632302406 0.64296875 0.23539518900343642 0.6375 0.211340206185567 0.63046875 0.20446735395189006 0.62578125 0.20274914089347082 0.6203125 0.21305841924398625 0.61484375 0.20274914089347082 0.55859375 0.2061855670103093 0.55390625 0.211340206185567 0.5515625 0.2302405498281787 0.546875 0.2405498281786942 0.5484375 0.25945017182130586 0.54609375 0.2852233676975945
0 0.63203125 0.7766323024054984 0.69921875 0.7714776632302407 0.70546875 0.7611683848797252 0.70625 0.731958762886598 0.70390625 0.7285223367697595 0.70390625 0.718213058419244 0.7078125 0.711340206185567 0.70625 0.6907216494845361 0.71015625 0.6838487972508591 0.70625 0.6649484536082475 0.71171875 0.6460481099656358 0.71328125 0.5962199312714777 0.7171875 0.584192439862543 0.7171875 0.534364261168385 0.721875 0.5240549828178694 0.71796875 0.5085910652920963 0.7234375 0.49312714776632305 0.72109375 0.46735395189003437 0.72578125 0.4553264604810997 0.72421875 0.43298969072164956 0.72734375 0.422680412371134 0.7234375 0.4037800687285224 0.73125 0.3814432989690722 0.73046875 0.33161512027491413 0.73515625 0.3075601374570447 0.734375 0.2800687285223368 0.7375 0.2680412371134021 0.734375 0.24742268041237114 0.740625 0.22680412371134023 0.73984375 0.20103092783505155 0.74296875 0.1907216494845361 0.74140625 0.15635738831615123 0.74453125 0.14776632302405499 0.74453125 0.1357388316151203 0.73828125 0.13402061855670105 0.734375 0.12199312714776633 0.7140625 0.11855670103092783 0.70625 0.10481099656357389 0.69609375 0.11168384879725086 0.653125 0.11168384879725086 0.646875 0.12199312714776633 0.64765625 0.13917525773195877 0.65234375 0.14948453608247422 0.65078125 0.1597938144329897 0.653125 0.16838487972508592 0.65234375 0.1907216494845361 0.6484375 0.2061855670103093 0.6515625 0.2577319587628866 0.64609375 0.2920962199312715 0.65 0.3384879725085911 0.64375 0.35223367697594504 0.6390625 0.38316151202749144 0.640625 0.40034364261168387 0.6375 0.4123711340206186 0.6375 0.5498281786941581 0.634375 0.5670103092783505 0.63828125 0.6168384879725086 0.6328125 0.6357388316151203 0.63203125 0.6563573883161513 0.634375 0.6735395189003437 0.63203125 0.6890034364261168 0.634375 0.7027491408934708 0.6296875 0.7130584192439863 0.62890625 0.7663230240549829 0.63203125 0.7766323024054984
0 0.33828125 0.13230240549828182 0.3421875 0.1443298969072165 0.3390625 0.17697594501718214 0.34140625 0.21649484536082478 0.34609375 0.22680412371134023 0.3453125 0.25429553264604815 0.34921875 0.25945017182130586 0.3453125 0.27491408934707906 0.34921875 0.2920962199312715 0.425 0.2920962199312715 0.43828125 0.28350515463917525 0.4390625 0.2611683848797251 0.4359375 0.25429553264604815 0.43671875 0.2405498281786942 0.434375 0.2302405498281787 0.4390625 0.19931271477663232 0.43515625 0.12371134020618557 0.4375 0.10481099656357389 0.43359375 0.08762886597938145 0.42578125 0.08419243986254296 0.42109375 0.09278350515463918 0.41484375 0.0859106529209622 0.40546875 0.09106529209621994 0.3953125 0.0859106529209622 0.38515625 0.09106529209621994 0.3765625 0.0859106529209622 0.359375 0.09450171821305843 0.3453125 0.08762886597938145 0.340625 0.09621993127147768 0.340625 0.12199312714776633 0.33828125 0.13230240549828182
0 0.33984375 0.1288659793814433 0.34296875 0.16494845360824745 0.33984375 0.17697594501718214 0.340625 0.21305841924398625 0.34609375 0.22680412371134023 0.34609375 0.25429553264604815 0.35 0.2577319587628866 0.3453125 0.2680412371134021 0.3484375 0.2920962199312715 0.425 0.2920962199312715 0.43828125 0.2852233676975945 0.4390625 0.25945017182130586 0.43515625 0.2508591065292097 0.43359375 0.22852233676975947 0.4390625 0.20790378006872853 0.4390625 0.1752577319587629 0.43359375 0.14948453608247422 0.43671875 0.13917525773195877 0.43359375 0.12199312714776633 0.4359375 0.11683848797250859 0.43359375 0.10824742268041239 0.43515625 0.09621993127147768 0.43203125 0.08762886597938145 0.425 0.08762886597938145 0.42265625 0.09278350515463918 0.41484375 0.0859106529209622 0.4046875 0.09106529209621994 0.3890625 0.08762886597938145 0.3734375 0.09621993127147768 0.3625 0.09106529209621994 0.359375 0.09793814432989692 0.3484375 0.08762886597938145 0.34140625 0.09621993127147768 0.34609375 0.11512027491408935 0.33984375 0.1288659793814433
0 0.39296875 0.7886597938144331 0.38984375 0.7869415807560138 0.3875 0.7886597938144331 0.39296875 0.7886597938144331
0 0.44453125 0.7835051546391754 0.43828125 0.7886597938144331 0.4475618131868132 0.7895472225369133 0.446875 0.7835051546391754 0.44453125 0.7835051546391754
0 0.44765625 0.7903780068728523 0.45625 0.7903780068728523 0.4475618131868132 0.7895472225369133 0.44765625 0.7903780068728523
0 0.43359375 0.7886597938144331 0.43203125 0.7835051546391754 0.428125 0.7869415807560138 0.4265625 0.7886597938144331 0.43359375 0.7886597938144331
0 0.37578125 0.7714776632302407 0.396875 0.7714776632302407 0.40703125 0.7646048109965636 0.44453125 0.7663230240549829 0.45234375 0.7749140893470792 0.45625 0.7697594501718215 0.45625 0.7405498281786942 0.4515625 0.7010309278350516 0.42265625 0.6958762886597938 0.4078125 0.7027491408934708 0.384375 0.6993127147766324 0.37265625 0.7079037800687286 0.37265625 0.7508591065292097 0.37578125 0.7714776632302407
0 0.4 0.684375 0.00078125 0.0015625
0 0.41875 0.6821305841924399 0.42421875 0.6872852233676976 0.43125 0.6821305841924399 0.41484375 0.6804123711340206 0.40546875 0.6821305841924399 0.41875 0.6821305841924399
0 0.43125 0.6580756013745706 0.4421875 0.6546391752577321 0.428125 0.6512027491408936 0.42421875 0.6529209621993128 0.43125 0.6580756013745706
0 0.4140625 0.6512027491408936 0.40703125 0.6512027491408936 0.40078125 0.6529209621993128 0.4140625 0.6512027491408936
0 0.46640625 0.428125 0.0015625 0.003125
0 0.46640625 0.41408934707903783 0.46640625 0.43642611683848803 0.45703125 0.45017182130584193 0.45234375 0.4828178694158076 0.4546875 0.49312714776632305 0.453125 0.5154639175257733 0.45625 0.5223367697594502 0.4546875 0.5756013745704468 0.45859375 0.604810996563574 0.45625 0.6116838487972509 0.45546875 0.6580756013745706 0.45859375 0.6735395189003437 0.45703125 0.7079037800687286 0.46171875 0.7920962199312716 0.46640625 0.7972508591065293 0.48203125 0.7972508591065293 0.540625 0.7886597938144331 0.540625 0.6769759450171822 0.53671875 0.6649484536082475 0.53671875 0.6477663230240551 0.53984375 0.6408934707903781 0.53984375 0.6151202749140894 0.53671875 0.6013745704467355 0.53671875 0.584192439862543 0.53984375 0.577319587628866 0.53984375 0.5446735395189004 0.5359375 0.5223367697594502 0.53984375 0.5 0.53984375 0.47079037800687284 0.53515625 0.4518900343642612 0.53984375 0.41408934707903783 0.53359375 0.37972508591065296 0.5359375 0.3694158075601375 0.52734375 0.36769759450171824 0.515625 0.37457044673539525 0.51015625 0.3694158075601375 0.4921875 0.3694158075601375 0.48046875 0.3814432989690722 0.48046875 0.372852233676976 0.46875 0.3694158075601375 0.45859375 0.3762886597938145 0.465625 0.38659793814432997 0.46171875 0.39003436426116844 0.46484375 0.3969072164948454 0.4625 0.4037800687285224 0.45546875 0.4089347079037801 0.45625 0.3934707903780069 0.453125 0.39518900343642616 0.453125 0.41408934707903783 0.46640625 0.41408934707903783
0 0.5015625 0.334375 0.0015625 0.0015625
0 0.49296875 0.3470790378006873 0.49609375 0.3436426116838488 0.49453125 0.33333333333333337 0.4921875 0.3384879725085911 0.49296875 0.3470790378006873
0 0.53671875 0.3350515463917526 0.5359375 0.32817869415807566 0.5328125 0.3350515463917526 0.53671875 0.3350515463917526
0 0.51328125 0.3350515463917526 0.5140625 0.3298969072164949 0.5203125 0.3350515463917526 0.52265625 0.33161512027491413 0.51015625 0.32817869415807566 0.509375 0.33161512027491413 0.51328125 0.3350515463917526
0 0.5078125 0.31875 0.00078125 0.0015625
0 0.48046875 0.3195876288659794 0.47734375 0.3178694158075602 0.4765625 0.32130584192439865 0.48046875 0.3195876288659794
0 0.5564083614864865 0.3105786198569704 0.56015625 0.30068728522336774 0.56328125 0.302405498281787 0.56328125 0.3144329896907217 0.56875 0.31615120274914094 0.57890625 0.3144329896907217 0.58515625 0.3075601374570447 0.58984375 0.31271477663230246 0.609375 0.31271477663230246 0.615625 0.3041237113402062 0.61875 0.30927835051546393 0.628125 0.30927835051546393 0.6328125 0.29553264604810997 0.63203125 0.288659793814433 0.6390625 0.28350515463917525 0.64140625 0.27491408934707906 0.6421875 0.23883161512027495 0.6375 0.21993127147766325 0.6390625 0.21477663230240554 0.6359375 0.20446735395189006 0.62734375 0.20103092783505155 0.55546875 0.20446735395189006 0.5515625 0.20962199312714777 0.55 0.23367697594501718 0.54609375 0.2405498281786942 0.54609375 0.2731958762886598 0.55 0.2852233676975945 0.55703125 0.288659793814433 0.5564083614864865 0.3105786198569704
0 0.284375 0.5807560137457045 0.27890625 0.5756013745704468 0.2796875 0.5824742268041238 0.284375 0.5807560137457045
0 0.2921875 0.577319587628866 0.296875 0.577319587628866 0.29140625 0.5721649484536082 0.28984375 0.5738831615120275 0.2921875 0.577319587628866
0 0.27734375 0.5549828178694158 0.2875 0.5549828178694158 0.2921875 0.5446735395189004 0.29296875 0.5532646048109966 0.3 0.5498281786941581 0.29140625 0.5429553264604812 0.290625 0.5378006872852235 0.275 0.5378006872852235 0.275 0.5532646048109966 0.27734375 0.5549828178694158
0 0.2484375 0.34879725085910657 0.25390625 0.36426116838487976 0.25390625 0.39003436426116844 0.25703125 0.4037800687285224 0.25546875 0.42783505154639184 0.259375 0.43814432989690727 0.26015625 0.4587628865979382 0.265625 0.4742268041237113 0.26328125 0.49828178694158076 0.26875 0.5292096219931273 0.3140625 0.5223367697594502 0.334375 0.5257731958762888 0.35234375 0.5189003436426117 0.35078125 0.4828178694158076 0.34609375 0.46563573883161513 0.35078125 0.4484536082474227 0.346875 0.41408934707903783 0.346875 0.38659793814432997 0.34375 0.372852233676976 0.34609375 0.359106529209622 0.34453125 0.34536082474226804 0.3359375 0.3264604810996564 0.33359375 0.31271477663230246 0.32578125 0.30584192439862545 0.30390625 0.30584192439862545 0.25859375 0.31271477663230246 0.2515625 0.32130584192439865 0.25234375 0.33676975945017185 0.2484375 0.34879725085910657
0 0.35234375 0.4209621993127148 0.35390625 0.43814432989690727 0.35859375 0.45017182130584193 0.4421875 0.44673539518900346 0.44609375 0.4398625429553265 0.44609375 0.4089347079037801 0.440625 0.3969072164948454 0.43828125 0.3762886597938145 0.43203125 0.3694158075601375 0.38203125 0.36769759450171824 0.378125 0.372852233676976 0.3609375 0.3711340206185567 0.35390625 0.37972508591065296 0.35546875 0.3917525773195877 0.35234375 0.4209621993127148
0 0.3 0.5078125 0.00078125 0.0015625
0 0.2671875 0.5292096219931273 0.27109375 0.534364261168385 0.27109375 0.5652920962199313 0.275 0.5756013745704468 0.2765625 0.5945017182130584 0.28203125 0.6013745704467355 0.28125 0.6254295532646049 0.2921875 0.6254295532646049 0.2875 0.6374570446735396 0.28828125 0.6426116838487973 0.303125 0.6443298969072165 0.3109375 0.6391752577319588 0.31484375 0.6271477663230242 0.31640625 0.6391752577319588 0.31875 0.6340206185567011 0.32042421875 0.6391752577319588 0.3453125 0.6408934707903781 0.3546875 0.6357388316151203 0.35390625 0.6219931271477663 0.35703125 0.6134020618556701 0.35546875 0.5927835051546392 0.359375 0.5790378006872853 0.35859375 0.5584192439862543 0.353125 0.527491408934708 0.33984375 0.5068728522336771 0.34921875 0.49828178694158076 0.34765625 0.4896907216494846 0.3203125 0.4862542955326461 0.32109375 0.49828178694158076 0.3171875 0.49828178694158076 0.315625 0.4914089347079038 0.303125 0.4862542955326461 0.30078125 0.4914089347079038 0.3015625 0.5017182130584193 0.29296875 0.5 0.29375 0.4914089347079038 0.2921875 0.49828178694158076 0.28828125 0.49312714776632305 0.2859375 0.5017182130584193 0.28359375 0.49312714776632305 0.284375 0.5 0.278125 0.5017182130584193 0.278125 0.4948453608247423 0.27734375 0.5 0.27421875 0.49828178694158076 0.27734375 0.5240549828178694 0.2671875 0.5292096219931273
0 0.28046875 0.46735395189003437 0.28125 0.46219931271477666 0.27734375 0.46735395189003437 0.27265625 0.4639175257731959 0.2734375 0.47079037800687284 0.28046875 0.46735395189003437
0 0.2859375 0.4725085910652921 0.29765625 0.46219931271477666 0.3 0.46735395189003437 0.30546875 0.46735395189003437 0.30703125 0.4742268041237113 0.315625 0.47594501718213056 0.32421875 0.4639175257731959 0.32578125 0.4725085910652921 0.3296875 0.4742268041237113 0.33125 0.4725085910652921 0.328125 0.46563573883161513 0.3328125 0.4639175257731959 0.33359375 0.45704467353951894 0.33671875 0.4639175257731959 0.3421875 0.4639175257731959 0.33515625 0.4553264604810997 0.32734375 0.4604810996563574 0.32109375 0.4553264604810997 0.29296875 0.4587628865979382 0.290625 0.4639175257731959 0.28828125 0.4587628865979382 0.28359375 0.46219931271477666 0.2859375 0.4725085910652921
0 0.340625 0.140893470790378 0.34140625 0.18041237113402064 0.3640625 0.17353951890034364 0.434375 0.1718213058419244 0.43828125 0.15807560137457047 0.4359375 0.14261168384879724 0.43984375 0.11855670103092783 0.4390625 0.09793814432989692 0.42890625 0.08075601374570447 0.421875 0.08762886597938145 0.37578125 0.08419243986254296 0.35390625 0.09106529209621994 0.346875 0.0859106529209622 0.33828125 0.10137457044673541 0.3375 0.13402061855670105 0.340625 0.140893470790378
0 0.359375 0.5051546391752578 0.3625 0.5085910652920963 0.36015625 0.5154639175257733 0.36328125 0.5240549828178694 0.3625 0.5876288659793815 0.365625 0.5945017182130584 0.36484375 0.6288659793814434 0.36796875 0.6494845360824744 0.37421875 0.6529209621993128 0.396875 0.6477663230240551 0.44921875 0.6477663230240551 0.45078125 0.6219931271477663 0.44765625 0.5996563573883162 0.4484375 0.5601374570446735 0.44375 0.5395189003436427 0.44375 0.527491408934708 0.44609375 0.5223367697594502 0.44609375 0.4828178694158076 0.440625 0.46219931271477666 0.44140625 0.44673539518900346 0.4140625 0.4398625429553265 0.4078125 0.4450171821305842 0.37265625 0.443298969072165 0.35859375 0.45017182130584193 0.3578125 0.48797250859106533 0.359375 0.5051546391752578
0 0.4421875 0.415625 0.00078125 0.003125
0 0.27578125 0.48359375 0.0046875 0.0015625
0 0.28984375 0.4862542955326461 0.29375 0.4742268041237113 0.29609375 0.47594501718213056 0.29609375 0.4862542955326461 0.29921875 0.4828178694158076 0.29765625 0.4742268041237113 0.30390625 0.47594501718213056 0.30546875 0.48453608247422686 0.3109375 0.4828178694158076 0.30859375 0.4725085910652921 0.29765625 0.4690721649484536 0.3 0.46563573883161513 0.2859375 0.46563573883161513 0.2828125 0.47079037800687284 0.28203125 0.47938144329896915 0.28984375 0.4862542955326461
0 0.25 0.34879725085910657 0.25390625 0.35738831615120276 0.25625 0.37457044673539525 0.253125 0.3883161512027492 0.25703125 0.4037800687285224 0.2546875 0.42439862542955326 0.2640625 0.4587628865979382 0.26875 0.46219931271477666 0.27890625 0.4553264604810997 0.32734375 0.4553264604810997 0.35 0.45017182130584193 0.34765625 0.38487972508591073 0.34296875 0.3711340206185567 0.34375 0.35223367697594504 0.34140625 0.34192439862542956 0.334375 0.3350515463917526 0.31015625 0.3384879725085911 0.3046875 0.33333333333333337 0.3046875 0.3247422680412372 0.3 0.3195876288659794 0.29765625 0.3230240549828179 0.29921875 0.33161512027491413 0.29296875 0.33676975945017185 0.28046875 0.31099656357388317 0.26953125 0.3144329896907217 0.2681164623475769 0.32376767110877097 0.27317734374999997 0.3264604810996564 0.26796875 0.3436426116838488 0.25859375 0.34879725085910657 0.2546875 0.3436426116838488 0.25 0.34879725085910657
0 0.3 0.3144329896907217 0.29765625 0.30927835051546393 0.29296875 0.31099656357388317 0.3 0.3144329896907217
0 0.31328125 0.31271477663230246 0.30546875 0.3075601374570447 0.30625 0.31271477663230246 0.31328125 0.31271477663230246
0 0.28125 0.3539518900343643 0.271875 0.3539518900343643 0.271875 0.3608247422680413 0.28125 0.3539518900343643
0 0.2859375 0.3625429553264605 0.28828125 0.3539518900343643 0.28515625 0.35223367697594504 0.28359375 0.3556701030927835 0.2859375 0.3625429553264605
0 0.25859375 0.40034364261168387 0.25703125 0.42783505154639184 0.2609375 0.43814432989690727 0.2609375 0.4587628865979382 0.26640625 0.4742268041237113 0.2640625 0.49828178694158076 0.26796875 0.513745704467354 0.2671875 0.5292096219931273 0.271875 0.5395189003436427 0.271875 0.5652920962199313 0.27890625 0.5979381443298969 0.278125 0.6237113402061857 0.2828125 0.6408934707903781 0.2859375 0.6460481099656358 0.296875 0.6460481099656358 0.315625 0.6391752577319588 0.35234375 0.6408934707903781 0.3578125 0.6357388316151203 0.35859375 0.6185567010309279 0.35390625 0.5996563573883162 0.3578125 0.5652920962199313 0.35625 0.5498281786941581 0.35 0.5292096219931273 0.353125 0.5034364261168386 0.346875 0.46735395189003437 0.35 0.4347079037800688 0.34375 0.4020618556701031 0.34453125 0.37972508591065296 0.33203125 0.3711340206185567 0.33671875 0.3470790378006873 0.334375 0.3505154639175258 0.33125 0.34536082474226804 0.328125 0.35223367697594504 0.3265625 0.3470790378006873 0.31796875 0.35223367697594504 0.31796875 0.34536082474226804 0.30390625 0.35223367697594504 0.3015625 0.34879725085910657 0.29609375 0.3539518900343643 0.3015625 0.3608247422680413 0.30234375 0.3694158075601375 0.3 0.372852233676976 0.2890625 0.3711340206185567 0.25625 0.38487972508591073 0.2546875 0.39003436426116844 0.25859375 0.40034364261168387
0 0.45234375 0.4828178694158076 0.45546875 0.4965635738831615 0.45234375 0.5103092783505155 0.4546875 0.5309278350515465 0.453125 0.5824742268041238 0.45703125 0.6013745704467355 0.4546875 0.6529209621993128 0.45859375 0.6718213058419245 0.4578125 0.7096219931271478 0.4625 0.7920962199312716 0.48046875 0.79553264604811 0.5390625 0.7886597938144331 0.54140625 0.7611683848797252 0.5390625 0.7147766323024055 0.54140625 0.6907216494845361 0.5375 0.6666666666666667 0.5375 0.6494845360824744 0.54140625 0.6323024054982819 0.5375 0.5979381443298969 0.540625 0.5498281786941581 0.53671875 0.520618556701031 0.53984375 0.4742268041237113 0.534375 0.4484536082474227 0.5109375 0.44158075601374575 0.46796875 0.44673539518900346 0.459375 0.4518900343642612 0.45546875 0.46735395189003437 0.45546875 0.47594501718213056 0.45234375 0.4828178694158076
0 0.54453125 0.48453608247422686 0.54453125 0.5652920962199313 0.5484375 0.5790378006872853 0.5453125 0.6013745704467355 0.546875 0.6288659793814434 0.57265625 0.6254295532646049 0.5953125 0.6151202749140894 0.603125 0.6185567010309279 0.609375 0.6134020618556701 0.61640625 0.6185567010309279 0.61796875 0.6030927835051547 0.62734375 0.5979381443298969 0.6234375 0.5807560137457045 0.61328125 0.5721649484536082 0.62265625 0.5652920962199313 0.63125 0.534364261168385 0.6296875 0.4862542955326461 0.63203125 0.4295532646048111 0.61875 0.4261168384879725 0.5578125 0.4312714776632303 0.546875 0.44158075601374575 0.5484375 0.45360824742268047 0.54453125 0.48453608247422686
0 0.46015625 0.6254295532646049 0.45625 0.6305841924398626 0.45625 0.6374570446735396 0.459375 0.6408934707903781 0.4734375 0.6408934707903781 0.49375 0.6305841924398626 0.5015625 0.6374570446735396 0.51328125 0.6340206185567011 0.5328125 0.6408934707903781 0.5375 0.6305841924398626 0.53359375 0.6202749140893471 0.53828125 0.6099656357388317 0.53359375 0.5979381443298969 0.521875 0.6013745704467355 0.51875 0.5962199312714777 0.509375 0.6013745704467355 0.5046875 0.5962199312714777 0.50078125 0.604810996563574 0.49375 0.6082474226804124 0.490625 0.6030927835051547 0.48359375 0.6099656357388317 0.46640625 0.6082474226804124 0.46328125 0.5979381443298969 0.459375 0.5996563573883162 0.45625 0.6202749140893471 0.46015625 0.6254295532646049
0 0.459375 0.5953125 0.00078125 0.0015625
0 0.45 0.4862542955326461 0.45390625 0.584192439862543 0.5359375 0.584192439862543 0.5390625 0.5790378006872853 0.54140625 0.5670103092783505 0.53828125 0.5189003436426117 0.54140625 0.5085910652920963 0.54140625 0.4776632302405499 0.5359375 0.43814432989690727 0.5234375 0.4347079037800688 0.51796875 0.4398625429553265 0.51171875 0.43298969072164956 0.5046875 0.43814432989690727 0.49296875 0.4347079037800688 0.4875 0.4398625429553265 0.46171875 0.4398625429553265 0.4515625 0.4450171821305842 0.453125 0.46735395189003437 0.45 0.4862542955326461
0 0.4859375 0.41408934707903783 0.47734375 0.41408934707903783 0.4796875 0.42439862542955326 0.4859375 0.41408934707903783
0 0.46328125 0.4209621993127148 0.46640625 0.42783505154639184 0.4671875 0.42439862542955326 0.4671875 0.41408934707903783 0.4640625 0.4209621993127148 0.46015625 0.41924398625429554 0.4609375 0.4123711340206186 0.459375 0.4175257731958763 0.453125 0.4123711340206186 0.45234375 0.4175257731958763 0.46328125 0.4209621993127148
0 0.52109375 0.4209621993127148 0.5171875 0.41065292096219935 0.4984375 0.41065292096219935 0.50859375 0.42439862542955326 0.515625 0.41924398625429554 0.52578125 0.42439862542955326 0.5390625 0.4175257731958763 0.53671875 0.41065292096219935 0.5265625 0.4123711340206186 0.52109375 0.4209621993127148
0 0.49453125 0.422680412371134 0.496875 0.41065292096219935 0.4875 0.41065292096219935 0.49453125 0.422680412371134
0 0.54921875 0.7783505154639176 0.5640625 0.7749140893470792 0.56015625 0.7680412371134021 0.5609375 0.7628865979381444 0.5484375 0.7663230240549829 0.546875 0.7714776632302407 0.54921875 0.7783505154639176
0 0.59765625 0.7680412371134021 0.5984375 0.7611683848797252 0.59375 0.7611683848797252 0.59140625 0.7714776632302407 0.59765625 0.7680412371134021
0 0.575 0.75859375 0.00078125 0.0015625
0 0.55390625 0.7508591065292097 0.56015625 0.7594501718213059 0.5609375 0.7491408934707905 0.5640625 0.7474226804123713 0.5484375 0.738831615120275 0.546875 0.7508591065292097 0.55390625 0.7508591065292097
0 0.59296875 0.731958762886598 0.5890625 0.7302405498281788 0.58828125 0.7336769759450172 0.59296875 0.731958762886598
0 0.55078125 0.7336769759450172 0.54765625 0.7302405498281788 0.546875 0.7336769759450172 0.55078125 0.7336769759450172
0 0.60078125 0.7371134020618557 0.60859375 0.7371134020618557 0.6109375 0.731958762886598 0.6125 0.738831615120275 0.61953125 0.7336769759450172 0.61875 0.7268041237113403 0.6140625 0.725085910652921 0.61171875 0.731958762886598 0.6078125 0.725085910652921 0.5984375 0.7268041237113403 0.59765625 0.7336769759450172 0.60078125 0.7371134020618557
0 0.5484375 0.365979381443299 0.5515625 0.37972508591065296 0.54609375 0.4123711340206186 0.5484375 0.44673539518900346 0.5453125 0.4810996563573884 0.5453125 0.563573883161512 0.54765625 0.577319587628866 0.5453125 0.6271477663230242 0.5484375 0.6460481099656358 0.54609375 0.6907216494845361 0.546875 0.7199312714776632 0.5515625 0.7130584192439863 0.55234375 0.7199312714776632 0.55390625 0.7027491408934708 0.5609375 0.6924398625429553 0.5921875 0.6855670103092784 0.609375 0.6890034364261168 0.61875 0.6786941580756014 0.62421875 0.6494845360824744 0.62265625 0.6391752577319588 0.6265625 0.6323024054982819 0.6265625 0.6065292096219932 0.62890625 0.5979381443298969 0.6234375 0.5652920962199313 0.63046875 0.534364261168385 0.63046875 0.4072164948453609 0.63359375 0.3917525773195877 0.63046875 0.38487972508591073 0.63125 0.359106529209622 0.62109375 0.3470790378006873 0.621875 0.3350515463917526 0.63203125 0.32817869415807566 0.6296875 0.3230240549828179 0.627734375 0.32817869415807566 0.62421875 0.3230240549828179 0.6203125 0.33676975945017185 0.619140625 0.3247422680412372 0.59140625 0.3247422680412372 0.56484375 0.33161512027491413 0.56328125 0.32817869415807566 0.5625 0.33333333333333337 0.55703125 0.3264604810996564 0.546875 0.3298969072164949 0.5515625 0.3539518900343643 0.5484375 0.365979381443299
0 0.628125 0.7714776632302407 0.63125 0.7783505154639176 0.70234375 0.7714776632302407 0.70625 0.7646048109965636 0.70703125 0.7336769759450172 0.7046875 0.725085910652921 0.709375 0.711340206185567 0.70703125 0.6907216494845361 0.7109375 0.6838487972508591 0.70859375 0.6649484536082475 0.71328125 0.6494845360824744 0.71328125 0.6030927835051547 0.7171875 0.5893470790378007 0.7171875 0.563573883161512 0.71953125 0.5567010309278351 0.7171875 0.5378006872852235 0.721875 0.5257731958762888 0.71875 0.5051546391752578 0.72421875 0.4914089347079038 0.7203125 0.4742268041237113 0.725 0.4553264604810997 0.7234375 0.4398625429553265 0.72109375 0.4398625429553265 0.72109375 0.42783505154639184 0.71875 0.43298969072164956 0.71015625 0.4261168384879725 0.65625 0.4295532646048111 0.6421875 0.43814432989690727 0.64375 0.4518900343642612 0.63671875 0.4725085910652921 0.63671875 0.5498281786941581 0.63359375 0.5670103092783505 0.6359375 0.6168384879725086 0.63046875 0.6374570446735396 0.63125 0.6718213058419245 0.62890625 0.6855670103092784 0.63046875 0.6993127147766324 0.628125 0.7714776632302407
0 0.640625 0.7405498281786942 0.64453125 0.7405498281786942 0.64453125 0.7336769759450172 0.63984375 0.7336769759450172 0.640625 0.7405498281786942
0 0.62890625 0.7147766323024055 0.63203125 0.718213058419244 0.65703125 0.7096219931271478 0.66796875 0.711340206185567 0.67109375 0.7061855670103093 0.66796875 0.7027491408934708 0.671875 0.6958762886597938 0.67578125 0.6993127147766324 0.6765625 0.6907216494845361 0.68515625 0.6975945017182131 0.69609375 0.6975945017182131 0.70625 0.7079037800687286 0.709375 0.6890034364261168 0.71328125 0.6838487972508591 0.71015625 0.6632302405498283 0.7140625 0.6529209621993128 0.7140625 0.6443298969072165 0.7125 0.6357388316151203 0.70625 0.6357388316151203 0.70078125 0.6288659793814434 0.678125 0.6288659793814434 0.6625 0.6340206185567011 0.65390625 0.6477663230240551 0.65078125 0.6460481099656358 0.64921875 0.6563573883161513 0.63515625 0.6649484536082475 0.62890625 0.6855670103092784 0.62890625 0.7147766323024055
0 0.4296875 0.78125 0.00390625 0.0015625
0 0.34609375 0.22508591065292097 0.3453125 0.29553264604810997 0.35078125 0.30927835051546393 0.34921875 0.3436426116838488 0.35390625 0.3625429553264605 0.35234375 0.372852233676976 0.35625 0.37972508591065296 0.35703125 0.39003436426116844 0.3546875 0.43298969072164956 0.3609375 0.46563573883161513 0.3609375 0.513745704467354 0.365625 0.5189003436426117 0.3765625 0.5189003436426117 0.375 0.5292096219931273 0.36953125 0.5309278350515465 0.3640625 0.5429553264604812 0.36484375 0.5790378006872853 0.36875 0.5910652920962199 0.36796875 0.6099656357388317 0.371875 0.6151202749140894 0.36796875 0.6305841924398626 0.38203125 0.6477663230240551 0.41015625 0.6408934707903781 0.4140625 0.6340206185567011 0.42421875 0.6305841924398626 0.4375 0.6323024054982819 0.44296875 0.6254295532646049 0.440625 0.6168384879725086 0.44453125 0.6082474226804124 0.44375 0.5927835051546392 0.43828125 0.5790378006872853 0.43984375 0.5670103092783505 0.4375 0.563573883161512 0.4421875 0.5257731958762888 0.43828125 0.513745704467354 0.44296875 0.5 0.440625 0.4948453608247423 0.4421875 0.4776632302405499 0.43984375 0.4604810996563574 0.44296875 0.4518900343642612 0.44453125 0.42783505154639184 0.44375 0.4123711340206186 0.43671875 0.3934707903780069 0.43515625 0.3762886597938145 0.43984375 0.36769759450171824 0.4421875 0.3470790378006873 0.4421875 0.3384879725085911 0.43828125 0.3298969072164949 0.4359375 0.2972508591065292 0.43984375 0.27835051546391754 0.43984375 0.2611683848797251 0.43515625 0.22852233676975947 0.43828125 0.17697594501718214 0.4328125 0.14604810996563575 0.4375 0.11168384879725086 0.43671875 0.09793814432989692 0.42890625 0.08419243986254296 0.42265625 0.09106529209621994 0.39375 0.0859106529209622 0.38671875 0.09106529209621994 0.3734375 0.08762886597938145 0.35390625 0.09450171821305843 0.3484375 0.08762886597938145 0.34140625 0.09450171821305843 0.340625 0.18041237113402064 0.34609375 0.22508591065292097
0 0.55234375 0.24742268041237114 0.55546875 0.24914089347079038 0.5609375 0.2680412371134021 0.546875 0.27835051546391754 0.5515625 0.29553264604810997 0.55078125 0.3144329896907217 0.5453125 0.33161512027491413 0.5453125 0.3711340206185567 0.54765625 0.3780068728522337 0.5453125 0.4072164948453609 0.5453125 0.43642611683848803 0.54765625 0.45017182130584193 0.5453125 0.47938144329896915 0.5453125 0.5034364261168386 0.54765625 0.513745704467354 0.5453125 0.5532646048109966 0.546875 0.5687285223367697 0.575 0.570446735395189 0.59765625 0.5567010309278351 0.62265625 0.5584192439862543 0.6234375 0.5515463917525774 0.62109375 0.5463917525773196 0.6234375 0.5429553264604812 0.623046875 0.5309278350515465 0.62734375 0.5309278350515465 0.62578125 0.5189003436426117 0.6296875 0.49828178694158076 0.63125 0.4072164948453609 0.634375 0.39518900343642616 0.63125 0.35223367697594504 0.63359375 0.3470790378006873 0.634375 0.32817869415807566 0.6390625 0.3144329896907217 0.63984375 0.281786941580756 0.63671875 0.27491408934707906 0.6109375 0.2766323024054983 0.60234375 0.2680412371134021 0.60546875 0.26632302405498287 0.60546875 0.25429553264604815 0.609375 0.2457044673539519 0.61953125 0.2525773195876289 0.62890625 0.24742268041237114 0.63359375 0.2525773195876289 0.63984375 0.2508591065292097 0.6421875 0.23711340206185566 0.63828125 0.21477663230240554 0.6359375 0.20962199312714777 0.62890625 0.21477663230240554 0.6265625 0.20790378006872853 0.6296875 0.20274914089347082 0.6265625 0.20103092783505155 0.6234375 0.2061855670103093 0.62890625 0.21649484536082478 0.62734375 0.21993127147766325 0.6171875 0.21477663230240554 0.61640625 0.20274914089347082 0.61328125 0.20103092783505155 0.59453125 0.20103092783505155 0.5890625 0.2061855670103093 0.58125 0.20274914089347082 0.57421875 0.20790378006872853 0.56171875 0.20446735395189006 0.55625 0.20962199312714777 0.553125 0.2302405498281787 0.54765625 0.24398625429553267 0.54921875 0.25429553264604815 0.55234375 0.24742268041237114
0 0.44609375 0.18556701030927836 0.44453125 0.20962199312714777 0.52890625 0.2061855670103093 0.540625 0.1941580756013746 0.53984375 0.18384879725085912 0.53671875 0.18213058419243988 0.53984375 0.17869415807560138 0.53828125 0.16838487972508592 0.5421875 0.15635738831615123 0.53828125 0.1288659793814433 0.5390625 0.11683848797250859 0.4703125 0.11512027491408935 0.45078125 0.11855670103092783 0.44296875 0.12542955326460484 0.4421875 0.17010309278350516 0.44609375 0.18556701030927836
0 0.64921875 0.14604810996563575 0.64921875 0.19243986254295536 0.646875 0.21305841924398625 0.65 0.23367697594501718 0.65625 0.2405498281786942 0.65078125 0.26460481099656363 0.65234375 0.2680412371134021 0.6984375 0.2628865979381444 0.71328125 0.26632302405498287 0.72890625 0.2611683848797251 0.7296875 0.25429553264604815 0.72578125 0.2508591065292097 0.74296875 0.22680412371134023 0.74140625 0.19931271477663232 0.7453125 0.18900343642611686 0.74296875 0.15807560137457047 0.74765625 0.14261168384879724 0.74453125 0.1288659793814433 0.73984375 0.13058419243986255 0.73046875 0.11683848797250859 0.71171875 0.11683848797250859 0.70859375 0.10481099656357389 0.69609375 0.11168384879725086 0.65390625 0.10996563573883163 0.646875 0.11855670103092783 0.6453125 0.13058419243986255 0.64921875 0.14604810996563575
0 0.45234375 0.5171821305841925 0.4546875 0.5240549828178694 0.453125 0.5790378006872853 0.4578125 0.6013745704467355 0.45546875 0.6563573883161513 0.45859375 0.6718213058419245 0.45859375 0.7044673539518901 0.4640625 0.7199312714776632 0.4609375 0.7577319587628867 0.46328125 0.7903780068728523 0.48359375 0.7938144329896908 0.5390625 0.7869415807560138 0.53984375 0.7422680412371134 0.53671875 0.7371134020618557 0.53828125 0.7336769759450172 0.53046875 0.7336769759450172 0.53125 0.7164948453608248 0.5359375 0.7164948453608248 0.540625 0.7027491408934708 0.540625 0.6786941580756014 0.5375 0.668384879725086 0.5375 0.6477663230240551 0.540625 0.6408934707903781 0.540625 0.6288659793814434 0.53671875 0.5910652920962199 0.53984375 0.5807560137457045 0.540625 0.5481099656357389 0.53671875 0.5223367697594502 0.540625 0.48453608247422686 0.534375 0.4450171821305842 0.53671875 0.4347079037800688 0.53359375 0.44158075601374575 0.5296875 0.4347079037800688 0.51875 0.4398625429553265 0.5078125 0.43642611683848803 0.503125 0.44158075601374575 0.465625 0.443298969072165 0.459375 0.4484536082474227 0.45546875 0.4587628865979382 0.45234375 0.4810996563573884 0.45234375 0.5171821305841925
0 0.53984375 0.41580756013745707 0.53671875 0.4089347079037801 0.53046875 0.41408934707903783 0.52890625 0.4209621993127148 0.53984375 0.41580756013745707
0 0.50859375 0.3859375 0.0015625 0.0015625
0 0.52734375 0.372852233676976 0.521875 0.3711340206185567 0.51875 0.372852233676976 0.52734375 0.372852233676976
0 0.5078125 0.3814432989690722 0.5125 0.372852233676976 0.509375 0.3711340206185567 0.5078125 0.3762886597938145 0.50625 0.3711340206185567 0.503125 0.372852233676976 0.5078125 0.3814432989690722
0 0.2453125 0.29896907216494845 0.24921875 0.3075601374570447 0.33125 0.3041237113402062 0.3375 0.30068728522336774 0.33984375 0.288659793814433 0.33984375 0.2766323024054983 0.33046875 0.23711340206185566 0.3296875 0.21993127147766325 0.26875 0.22508591065292097 0.26171875 0.23195876288659795 0.24765625 0.23367697594501718 0.2421875 0.24742268041237114 0.240625 0.2714776632302406 0.2453125 0.29896907216494845
0 0.634375 0.4810996563573884 0.63515625 0.5309278350515465 0.6375 0.5463917525773196 0.63515625 0.5532646048109966 0.634375 0.5807560137457045 0.63671875 0.5927835051546392 0.65390625 0.5910652920962199 0.66171875 0.5807560137457045 0.65390625 0.570446735395189 0.66875 0.5584192439862543 0.7171875 0.5584192439862543 0.71796875 0.5326460481099657 0.721875 0.5257731958762888 0.71953125 0.5051546391752578 0.72421875 0.49312714776632305 0.721875 0.4742268041237113 0.721875 0.46563573883161513 0.72578125 0.45704467353951894 0.7234375 0.4295532646048111 0.6875 0.4261168384879725 0.63984375 0.43298969072164956 0.6390625 0.4587628865979382 0.634375 0.4810996563573884
0 0.3546875 0.49828178694158076 0.3609375 0.5223367697594502 0.446875 0.513745704467354 0.44765625 0.4828178694158076 0.43984375 0.4484536082474227 0.36484375 0.4484536082474227 0.35703125 0.4553264604810997 0.3578125 0.4810996563573884 0.3546875 0.49828178694158076
0 0.2828125 0.6649484536082475 0.2859375 0.7199312714776632 0.29765625 0.7663230240549829 0.33125 0.7611683848797252 0.3453125 0.7680412371134021 0.36796875 0.7646048109965636 0.36640625 0.6838487972508591 0.35859375 0.6546391752577321 0.3609375 0.6460481099656358 0.35859375 0.6374570446735396 0.359375 0.6185567010309279 0.35546875 0.6116838487972509 0.353125 0.6134020618556701 0.3546875 0.6202749140893471 0.3453125 0.6391752577319588 0.3421875 0.6288659793814434 0.33359375 0.6288659793814434 0.33125 0.6374570446735396 0.3265625 0.6288659793814434 0.32265625 0.6288659793814434 0.31796875 0.6374570446735396 0.28203125 0.6426116838487973 0.2796875 0.6546391752577321 0.2828125 0.6649484536082475
0 0.29375 0.5979381443298969 0.28359375 0.5979381443298969 0.28203125 0.6013745704467355 0.29375 0.5979381443298969
0 0.3453125 0.6168384879725086 0.35078125 0.6116838487972509 0.35625 0.584192439862543 0.34375 0.584192439862543 0.340625 0.5910652920962199 0.340625 0.6082474226804124 0.3453125 0.6168384879725086
0 0.34296875 0.563573883161512 0.340625 0.5618556701030928 0.33828125 0.563573883161512 0.34296875 0.563573883161512
0 0.34921875 0.3694158075601375 0.353125 0.3780068728522337 0.38359375 0.3711340206185567 0.440625 0.3711340206185567 0.44375 0.3608247422680413 0.44453125 0.3384879725085911 0.44140625 0.3264604810996564 0.44609375 0.3195876288659794 0.43671875 0.29553264604810997 0.3640625 0.2972508591065292 0.35234375 0.302405498281787 0.34921875 0.30927835051546393 0.346875 0.3402061855670103 0.34921875 0.3694158075601375
0 0.71875 0.5234375 0.00078125 0.0015625
0 0.6484375 0.7783505154639176 0.7046875 0.7680412371134021 0.7078125 0.7405498281786942 0.70546875 0.725085910652921 0.70625 0.7164948453608248 0.709375 0.7130584192439863 0.7078125 0.6907216494845361 0.71171875 0.6821305841924399 0.709375 0.6632302405498283 0.71328125 0.6512027491408936 0.71328125 0.5979381443298969 0.7171875 0.5859106529209622 0.7171875 0.5549828178694158 0.71328125 0.5446735395189004 0.71484375 0.527491408934708 0.69140625 0.527491408934708 0.690625 0.5223367697594502 0.68046875 0.520618556701031 0.65859375 0.5326460481099657 0.63984375 0.5360824742268042 0.63828125 0.5429553264604812 0.640625 0.5498281786941581 0.63515625 0.570446735395189 0.63828125 0.6151202749140894 0.63125 0.6357388316151203 0.63125 0.6718213058419245 0.62890625 0.6838487972508591 0.6296875 0.7766323024054984 0.6484375 0.7783505154639176
0 0.696875 0.4965635738831615 0.6953125 0.5034364261168386 0.69140625 0.4965635738831615 0.6826171875 0.5017182130584193 0.68828125 0.5017182130584193 0.69296875 0.5068728522336771 0.71640625 0.49828178694158076 0.696875 0.4965635738831615
0 0.66484375 0.5017182130584193 0.6796875 0.5034364261168386 0.6826171875 0.5017182130584193 0.66484375 0.5017182130584193
0 0.3765625 0.725085910652921 0.3828125 0.718213058419244 0.375 0.7199312714776632 0.3765625 0.725085910652921
0 0.35546875 0.3969072164948454 0.35546875 0.4037800687285224 0.35859375 0.4072164948453609 0.35546875 0.41408934707903783 0.35859375 0.41924398625429554 0.35546875 0.4312714776632303 0.36171875 0.4312714776632303 0.35859375 0.44158075601374575 0.36171875 0.4450171821305842 0.35859375 0.4518900343642612 0.35859375 0.49828178694158076 0.3640625 0.5257731958762888 0.3625 0.5738831615120275 0.36640625 0.5962199312714777 0.365625 0.6271477663230242 0.37265625 0.668384879725086 0.3765625 0.6649484536082475 0.38125 0.6769759450171822 0.37890625 0.6975945017182131 0.37265625 0.7096219931271478 0.375 0.711340206185567 0.37890625 0.7027491408934708 0.38046875 0.7096219931271478 0.4 0.7027491408934708 0.425 0.7079037800687286 0.428125 0.6941580756013745 0.4359375 0.7010309278350516 0.44140625 0.6890034364261168 0.4484375 0.6975945017182131 0.4484375 0.7027491408934708 0.45234375 0.6993127147766324 0.44921875 0.6872852233676976 0.434375 0.6821305841924399 0.43515625 0.6718213058419245 0.43984375 0.6701030927835052 0.44140625 0.6512027491408936 0.44921875 0.6443298969072165 0.44921875 0.6116838487972509 0.446875 0.6013745704467355 0.44921875 0.5549828178694158 0.44453125 0.5360824742268042 0.44609375 0.4862542955326461 0.44140625 0.4639175257731959 0.44375 0.4484536082474227 0.44375 0.4123711340206186 0.434375 0.4020618556701031 0.4359375 0.37972508591065296 0.42578125 0.372852233676976 0.3796875 0.37457044673539525 0.359375 0.38316151202749144 0.359375 0.39003436426116844 0.35546875 0.3969072164948454
0 0.2859375 0.7233676975945018 0.29296875 0.7542955326460482 0.2921875 0.7749140893470792 0.296875 0.7989690721649485 0.309375 0.802405498281787 0.35546875 0.7972508591065293 0.36484375 0.79553264604811 0.36953125 0.7886597938144331 0.36953125 0.7233676975945018 0.36640625 0.7079037800687286 0.365625 0.6821305841924399 0.3609375 0.6735395189003437 0.36171875 0.668384879725086 0.3578125 0.6563573883161513 0.34296875 0.6443298969072165 0.31796875 0.6443298969072165 0.31328125 0.6494845360824744 0.2828125 0.6529209621993128 0.2859375 0.6718213058419245 0.2859375 0.7233676975945018
0 0.63046875 0.7783505154639176 0.69765625 0.7731958762886599 0.70625 0.7663230240549829 0.70625 0.718213058419244 0.709375 0.7130584192439863 0.7078125 0.6907216494845361 0.7109375 0.6838487972508591 0.70859375 0.6649484536082475 0.71328125 0.6494845360824744 0.71328125 0.5979381443298969 0.7171875 0.5876288659793815 0.71640625 0.5670103092783505 0.71875 0.5567010309278351 0.7171875 0.534364261168385 0.721875 0.5257731958762888 0.71875 0.513745704467354 0.71875 0.5051546391752578 0.7234375 0.49312714776632305 0.72109375 0.4690721649484536 0.72578125 0.4553264604810997 0.72421875 0.43298969072164956 0.72734375 0.4209621993127148 0.7234375 0.4037800687285224 0.73125 0.37972508591065296 0.73125 0.3230240549828179 0.73515625 0.30584192439862545 0.73359375 0.24398625429553267 0.73828125 0.23367697594501718 0.7375 0.20274914089347082 0.740625 0.1907216494845361 0.7375 0.19759450171821308 0.73671875 0.1907216494845361 0.73203125 0.18900343642611686 0.69453125 0.18900343642611686 0.68203125 0.1941580756013746 0.675 0.1907216494845361 0.6609375 0.19931271477663232 0.65390625 0.1941580756013746 0.65 0.20103092783505155 0.65234375 0.2302405498281787 0.65078125 0.2405498281786942 0.653125 0.24914089347079038 0.65 0.2852233676975945 0.64609375 0.29553264604810997 0.64921875 0.3402061855670103 0.64296875 0.35223367697594504 0.6390625 0.37972508591065296 0.640625 0.40034364261168387 0.6375 0.41065292096219935 0.6390625 0.43814432989690727 0.6359375 0.47938144329896915 0.6375 0.5498281786941581 0.634375 0.5670103092783505 0.6375 0.6168384879725086 0.63203125 0.6374570446735396 0.628125 0.7285223367697595 0.62734375 0.7646048109965636 0.63046875 0.7783505154639176
0 0.6625 0.16151202749140894 0.66796875 0.17010309278350516 0.67421875 0.1632302405498282 0.66796875 0.15635738831615123 0.6578125 0.15807560137457047 0.6578125 0.16838487972508592 0.6625 0.16151202749140894
0 0.70859375 0.15 0.003125 0.0015625
0 0.709375 0.15463917525773196 0.7078125 0.1632302405498282 0.70546875 0.1597938144329897 0.70546875 0.14948453608247422 0.6921875 0.15292096219931273 0.6921875 0.16494845360824745 0.68671875 0.1632302405498282 0.6953125 0.1718213058419244 0.71484375 0.16838487972508592 0.71171875 0.15635738831615123 0.709375 0.15463917525773196
0 0.6875 0.1288659793814433 0.68046875 0.12542955326460484 0.68203125 0.1357388316151203 0.6875 0.1288659793814433
0 0.69921875 0.13402061855670105 0.70078125 0.12542955326460484 0.69609375 0.12371134020618557 0.69375 0.1288659793814433 0.69921875 0.13402061855670105
0 0.675 0.12542955326460484 0.66640625 0.12371134020618557 0.665625 0.12714776632302408 0.675 0.12542955326460484
0 0.66015625 0.12542955326460484 0.6578125 0.1202749140893471 0.65390625 0.12199312714776633 0.65390625 0.12714776632302408 0.66015625 0.12542955326460484
0 0.6890625 0.11484375 0.0015625 0.003125
0 0.37421875 0.7869415807560138 0.3765625 0.79553264604811 0.45703125 0.7920962199312716 0.45390625 0.6907216494845361 0.44765625 0.6512027491408936 0.3796875 0.6494845360824744 0.371875 0.6563573883161513 0.36953125 0.7027491408934708 0.37421875 0.7869415807560138
0 0.6359375 0.075 0.003125 0.0015625
0 0.55234375 0.20274914089347082 0.5703125 0.19759450171821308 0.6375 0.19587628865979384 0.6421875 0.18900343642611686 0.640625 0.12199312714776633 0.64453125 0.10824742268041239 0.640625 0.09965635738831616 0.64453125 0.09793814432989692 0.64140625 0.08934707903780069 0.64375 0.0859106529209622 0.63046875 0.08075601374570447 0.625 0.0859106529209622 0.625 0.09450171821305843 0.62109375 0.09106529209621994 0.61875 0.09621993127147768 0.615625 0.09106529209621994 0.61796875 0.08419243986254296 0.6140625 0.08247422680412372 0.6125 0.08934707903780069 0.61015625 0.08419243986254296 0.603125 0.09793814432989692 0.60078125 0.09793814432989692 0.5984375 0.08762886597938145 0.5875 0.09793814432989692 0.58515625 0.0859106529209622 0.58671875 0.070446735395189 0.584375 0.070446735395189 0.584375 0.08419243986254296 0.5765625 0.08247422680412372 0.57109375 0.07388316151202749 0.559375 0.08247422680412372 0.5578125 0.07731958762886598 0.54921875 0.07731958762886598 0.5484375 0.08419243986254296 0.5546875 0.08419243986254296 0.559375 0.09450171821305843 0.55625 0.10652920962199312 0.54921875 0.10824742268041239 0.55078125 0.13402061855670105 0.546875 0.15463917525773196 0.54609375 0.19243986254295536 0.55234375 0.20274914089347082
0 0.72578125 0.38203125 0.003125 0.0015625
0 0.6328125 0.5738831615120275 0.63828125 0.6151202749140894 0.63359375 0.6271477663230242 0.63359375 0.6597938144329898 0.64140625 0.6597938144329898 0.64765625 0.6443298969072165 0.6546875 0.6426116838487973 0.6609375 0.6288659793814434 0.709375 0.6288659793814434 0.71328125 0.6237113402061857 0.71328125 0.5962199312714777 0.7171875 0.5859106529209622 0.71640625 0.5670103092783505 0.7203125 0.5567010309278351 0.7171875 0.5463917525773196 0.71796875 0.534364261168385 0.721875 0.5257731958762888 0.71953125 0.5034364261168386 0.72421875 0.49312714776632305 0.72109375 0.4725085910652921 0.7265625 0.4553264604810997 0.725 0.4295532646048111 0.72734375 0.4209621993127148 0.721875 0.40549828178694164 0.72890625 0.3556701030927835 0.72578125 0.3608247422680413 0.721875 0.3539518900343643 0.70859375 0.3539518900343643 0.70625 0.3608247422680413 0.7046875 0.3539518900343643 0.66328125 0.35223367697594504 0.64375 0.35738831615120276 0.6421875 0.365979381443299 0.64609375 0.3711340206185567 0.64140625 0.37972508591065296 0.64375 0.3969072164948454 0.63828125 0.41065292096219935 0.6375 0.4604810996563574 0.634375 0.4810996563573884 0.6359375 0.5498281786941581 0.6328125 0.5738831615120275
0 0.4546875 0.6202749140893471 0.4546875 0.6512027491408936 0.45859375 0.6597938144329898 0.459375 0.6769759450171822 0.4625 0.6821305841924399 0.45859375 0.6975945017182131 0.46015625 0.7096219931271478 0.4734375 0.7096219931271478 0.4828125 0.6993127147766324 0.5015625 0.7027491408934708 0.51328125 0.6975945017182131 0.53359375 0.7027491408934708 0.53984375 0.6941580756013745 0.5390625 0.6855670103092784 0.53359375 0.6821305841924399 0.5390625 0.6752577319587629 0.53671875 0.6718213058419245 0.53671875 0.6477663230240551 0.540625 0.6408934707903781 0.540625 0.6134020618556701 0.5375 0.5859106529209622 0.534375 0.5790378006872853 0.45546875 0.584192439862543 0.4578125 0.604810996563574 0.4546875 0.6202749140893471
0 0.675 0.6168384879725086 0.6703125 0.6151202749140894 0.66953125 0.6185567010309279 0.675 0.6168384879725086
0 0.634375 0.48797250859106533 0.6375 0.5498281786941581 0.634375 0.5652920962199313 0.634375 0.5824742268041238 0.63984375 0.6099656357388317 0.63984375 0.6219931271477663 0.6546875 0.6254295532646049 0.6625 0.6202749140893471 0.6640625 0.604810996563574 0.66171875 0.5996563573883162 0.66640625 0.5945017182130584 0.68203125 0.5945017182130584 0.6890625 0.5876288659793815 0.68984375 0.5927835051546392 0.69453125 0.5910652920962199 0.6984375 0.5979381443298969 0.70546875 0.5927835051546392 0.7125 0.5962199312714777 0.715625 0.5807560137457045 0.7078125 0.5790378006872853 0.703125 0.5807560137457045 0.70078125 0.5893470790378007 0.690625 0.5893470790378007 0.690625 0.5807560137457045 0.67109375 0.5790378006872853 0.66859375 0.5652920962199313 0.71015625 0.5652920962199313 0.71640625 0.563573883161512 0.71953125 0.5567010309278351 0.7171875 0.5378006872852235 0.721875 0.5223367697594502 0.71875 0.5068728522336771 0.7234375 0.49312714776632305 0.72109375 0.47079037800687284 0.7265625 0.45360824742268047 0.725 0.4347079037800688 0.72890625 0.4209621993127148 0.72421875 0.41065292096219935 0.72421875 0.40034364261168387 0.73046875 0.38487972508591073 0.73046875 0.3556701030927835 0.6453125 0.3556701030927835 0.640625 0.36426116838487976 0.640625 0.3969072164948454 0.63671875 0.41065292096219935 0.6375 0.4604810996563574 0.634375 0.48797250859106533
0 0.69296875 0.3195876288659794 0.684375 0.3178694158075602 0.6828125 0.32130584192439865 0.69296875 0.3195876288659794
0 0.24453125 0.2061855670103093 0.24296875 0.19931271477663232 0.24609375 0.19243986254295536 0.2484375 0.19587628865979384 0.2453125 0.1907216494845361 0.2375 0.1907216494845361 0.23984375 0.20962199312714777 0.24453125 0.2061855670103093
0 0.2546875 0.20962199312714777 0.26484375 0.21305841924398625 0.26796875 0.21821305841924402 0.26640625 0.2216494845360825 0.2375 0.22680412371134023 0.2421875 0.2405498281786942 0.2421875 0.2714776632302406 0.2484375 0.302405498281787 0.3296875 0.2972508591065292 0.334375 0.29553264604810997 0.3375 0.2852233676975945 0.33828125 0.2766323024054983 0.3328125 0.27491408934707906 0.33359375 0.26460481099656363 0.3296875 0.26460481099656363 0.33203125 0.25429553264604815 0.33046875 0.22680412371134023 0.334375 0.2216494845360825 0.3328125 0.18728522336769762 0.328125 0.18384879725085912 0.31875 0.1941580756013746 0.3140625 0.18728522336769762 0.25703125 0.18900343642611686 0.253125 0.20103092783505155 0.2546875 0.20962199312714777
0 0.55078125 0.29553264604810997 0.54921875 0.32130584192439865 0.55390625 0.3230240549828179 0.63671875 0.3178694158075602 0.640625 0.3041237113402062 0.64140625 0.2852233676975945 0.6375 0.27491408934707906 0.59140625 0.281786941580756 0.56328125 0.2800687285223368 0.5578125 0.27491408934707906 0.54765625 0.27835051546391754 0.54609375 0.281786941580756 0.55078125 0.29553264604810997
0 0.5515625 0.2508591065292097 0.55 0.24914089347079038 0.54921875 0.25429553264604815 0.5515625 0.2508591065292097
0 0.57578125 0.25945017182130586 0.5875 0.2525773195876289 0.59296875 0.2525773195876289 0.5953125 0.2577319587628866 0.5984375 0.2560137457044674 0.60078125 0.2457044673539519 0.6046875 0.2457044673539519 0.6046875 0.2560137457044674 0.62890625 0.2508591065292097 0.628125 0.24398625429553267 0.6235937500000001 0.24398625429553267 0.62109375 0.2508591065292097 0.6190625 0.24398625429553267 0.61484375 0.2508591065292097 0.61453125 0.24398625429553267 0.6 0.2405498281786942 0.5734375 0.24398625429553267 0.571875 0.25429553264604815 0.57578125 0.25945017182130586
0 0.5546875 0.2457044673539519 0.55859375 0.2560137457044674 0.56484375 0.2577319587628866 0.56640625 0.24398625429553267 0.55 0.2405498281786942 0.55 0.2457044673539519 0.5546875 0.2457044673539519
0 0.63984375 0.2508591065292097 0.6421875 0.2405498281786942 0.63984375 0.23195876288659795 0.63046875 0.23883161512027495 0.6328125 0.2525773195876289 0.63984375 0.2508591065292097
0 0.36171875 0.5859106529209622 0.365625 0.5945017182130584 0.365625 0.6460481099656358 0.36953125 0.6529209621993128 0.44921875 0.6477663230240551 0.45078125 0.6426116838487973 0.45078125 0.6099656357388317 0.44765625 0.5979381443298969 0.44921875 0.5807560137457045 0.42734375 0.5515463917525774 0.428125 0.5429553264604812 0.40390625 0.5549828178694158 0.40234375 0.5463917525773196 0.396875 0.5412371134020619 0.3875 0.5601374570446735 0.38671875 0.5738831615120275 0.3828125 0.5738831615120275 0.3796875 0.5584192439862543 0.375 0.5618556701030928 0.37265625 0.5481099656357389 0.3640625 0.5515463917525774 0.36640625 0.5721649484536082 0.36171875 0.5859106529209622
0 0.39765625 0.5223367697594502 0.3921875 0.5171821305841925 0.3921875 0.5240549828178694 0.38671875 0.5171821305841925 0.3796875 0.520618556701031 0.38203125 0.5378006872852235 0.39765625 0.5223367697594502
0 0.41171875 0.5240549828178694 0.4109375 0.5360824742268042 0.4125 0.5223367697594502 0.415625 0.520618556701031 0.42265625 0.527491408934708 0.425 0.5378006872852235 0.44140625 0.5292096219931273 0.44296875 0.5240549828178694 0.44296875 0.5189003436426117 0.42734375 0.5120274914089348 0.4234375 0.5257731958762888 0.41796875 0.520618556701031 0.4203125 0.5120274914089348 0.41484375 0.5154639175257733 0.40859375 0.520618556701031 0.41171875 0.5240549828178694
0 0.4625 0.79553264604811 0.52890625 0.7920962199312716 0.54140625 0.7852233676975946 0.54296875 0.7439862542955327 0.5390625 0.6958762886597938 0.525 0.6924398625429553 0.459375 0.6993127147766324 0.459375 0.7646048109965636 0.4625 0.79553264604811
0 0.66015625 0.4347079037800688 0.65703125 0.43298969072164956 0.65625 0.43642611683848803 0.66015625 0.4347079037800688
0 0.70078125 0.7714776632302407 0.70546875 0.7646048109965636 0.7046875 0.7474226804123713 0.70703125 0.7353951890034365 0.70390625 0.7268041237113403 0.709375 0.711340206185567 0.70703125 0.6924398625429553 0.7109375 0.6769759450171822 0.70859375 0.6649484536082475 0.71328125 0.6512027491408936 0.71328125 0.5979381443298969 0.7171875 0.5876288659793815 0.7171875 0.563573883161512 0.71953125 0.5567010309278351 0.7171875 0.5498281786941581 0.7171875 0.534364261168385 0.72109375 0.5257731958762888 0.71796875 0.5085910652920963 0.7234375 0.49312714776632305 0.71953125 0.4742268041237113 0.7234375 0.4553264604810997 0.71953125 0.4518900343642612 0.7234375 0.443298969072165 0.71484375 0.4450171821305842 0.71015625 0.43642611683848803 0.7125 0.4312714776632303 0.709375 0.42783505154639184 0.70859375 0.4347079037800688 0.70546875 0.42783505154639184 0.66875 0.4312714776632303 0.6625 0.4347079037800688 0.66015625 0.4450171821305842 0.6578125 0.44158075601374575 0.659375 0.45017182130584193 0.6546875 0.4604810996563574 0.63984375 0.46735395189003437 0.63671875 0.47594501718213056 0.63984375 0.47938144329896915 0.63671875 0.4896907216494846 0.6375 0.5498281786941581 0.63359375 0.570446735395189 0.63671875 0.6168384879725086 0.63125 0.6357388316151203 0.63203125 0.6666666666666667 0.6296875 0.6786941580756014 0.6296875 0.7766323024054984 0.70078125 0.7714776632302407
0 0.54765625 0.36769759450171824 0.5515625 0.37972508591065296 0.54609375 0.41408934707903783 0.5484375 0.45360824742268047 0.5453125 0.4810996563573884 0.5453125 0.7766323024054984 0.5578125 0.7817869415807561 0.62265625 0.7714776632302407 0.6234375 0.6735395189003437 0.6296875 0.6030927835051547 0.625 0.5652920962199313 0.63125 0.5326460481099657 0.6296875 0.5068728522336771 0.63203125 0.4295532646048111 0.6296875 0.40549828178694164 0.63359375 0.39518900343642616 0.63125 0.38659793814432997 0.63125 0.34879725085910657 0.6359375 0.3230240549828179 0.625 0.3195876288659794 0.54609375 0.3298969072164949 0.54921875 0.34879725085910657 0.54765625 0.36769759450171824
0 0.28828125 0.5979381443298969 0.28515625 0.5979381443298969 0.2828125 0.6013745704467355 0.28828125 0.5979381443298969
0 0.31484375 0.5962199312714777 0.3015625 0.5945017182130584 0.2984375 0.5979381443298969 0.31484375 0.5962199312714777
0 0.284375 0.6701030927835052 0.2859375 0.7233676975945018 0.29296875 0.7508591065292097 0.29296875 0.7766323024054984 0.29765625 0.79553264604811 0.30390625 0.8006872852233677 0.3390625 0.7989690721649485 0.36328125 0.79553264604811 0.36796875 0.7886597938144331 0.3671875 0.7817869415807561 0.37109375 0.7646048109965636 0.36640625 0.6821305841924399 0.3578125 0.6546391752577321 0.36171875 0.6460481099656358 0.36015625 0.6202749140893471 0.35546875 0.6116838487972509 0.35390625 0.6185567010309279 0.35078125 0.6099656357388317 0.35390625 0.6030927835051547 0.35546875 0.5824742268041238 0.34453125 0.5859106529209622 0.3375 0.5945017182130584 0.32734375 0.5945017182130584 0.340625 0.6099656357388317 0.34609375 0.6288659793814434 0.3234375 0.6271477663230242 0.3171875 0.6340206185567011 0.3109375 0.6323024054982819 0.3046875 0.6408934707903781 0.29609375 0.6374570446735396 0.28984375 0.6443298969072165 0.28203125 0.6426116838487973 0.28046875 0.6546391752577321 0.284375 0.6701030927835052
0 0.35234375 0.3041237113402062 0.36953125 0.3041237113402062 0.37734375 0.2972508591065292 0.4359375 0.29381443298969073 0.43984375 0.2852233676975945 0.440625 0.2611683848797251 0.4328125 0.21649484536082478 0.3703125 0.21305841924398625 0.3625 0.21821305841924402 0.3515625 0.21649484536082478 0.34609375 0.22336769759450173 0.34453125 0.29553264604810997 0.35234375 0.3041237113402062
0 0.3796875 0.27890625 0.0015625 0.0015625
0 0.3484375 0.2714776632302406 0.3484375 0.29037800687285226 0.34609375 0.2972508591065292 0.35 0.30927835051546393 0.3484375 0.34879725085910657 0.35234375 0.3625429553264605 0.3515625 0.37457044673539525 0.35703125 0.38487972508591073 0.3546875 0.41924398625429554 0.35703125 0.4450171821305842 0.38125 0.4484536082474227 0.40625 0.44158075601374575 0.4421875 0.443298969072165 0.44375 0.4123711340206186 0.43671875 0.3934707903780069 0.4359375 0.38316151202749144 0.4359375 0.37457044673539525 0.44140625 0.365979381443299 0.44296875 0.35223367697594504 0.44296875 0.33676975945017185 0.43984375 0.3298969072164949 0.440625 0.3178694158075602 0.43515625 0.288659793814433 0.4390625 0.26632302405498287 0.4359375 0.24914089347079038 0.42421875 0.2457044673539519 0.409375 0.2560137457044674 0.40078125 0.2525773195876289 0.384375 0.25945017182130586 0.38125 0.25945017182130586 0.37890625 0.2508591065292097 0.365625 0.2508591065292097 0.35859375 0.2560137457044674 0.359375 0.26460481099656363 0.3546875 0.26632302405498287 0.35234375 0.26632302405498287 0.353125 0.2560137457044674 0.34921875 0.24914089347079038 0.346875 0.2525773195876289 0.3453125 0.26632302405498287 0.3484375 0.2714776632302406
0 0.3484375 0.23984375 0.00078125 0.00546875
0 0.4234375 0.22852233676975947 0.4265625 0.23883161512027495 0.43203125 0.24226804123711343 0.434375 0.23711340206185566 0.428125 0.2302405498281787 0.42890625 0.22336769759450173 0.42578125 0.21821305841924402 0.41796875 0.21993127147766325 0.4171875 0.22508591065292097 0.4234375 0.22852233676975947
0 0.3796875 0.21993127147766325 0.37265625 0.21821305841924402 0.37109375 0.21993127147766325 0.3796875 0.21993127147766325
0 0.37109375 0.6632302405498283 0.36875 0.7010309278350516 0.37578125 0.7783505154639176 0.375 0.7920962199312716 0.45625 0.7920962199312716 0.45390625 0.6890034364261168 0.44921875 0.6597938144329898 0.45 0.6082474226804124 0.4453125 0.577319587628866 0.43828125 0.5687285223367697 0.43046875 0.5738831615120275 0.4125 0.5738831615120275 0.4078125 0.5687285223367697 0.39609375 0.5738831615120275 0.390625 0.5859106529209622 0.38515625 0.5859106529209622 0.38359375 0.5807560137457045 0.36640625 0.5859106529209622 0.36640625 0.6477663230240551 0.37109375 0.6632302405498283
0 0.4453125 0.56015625 0.00078125 0.003125
0 0.39296875 0.5223367697594502 0.38828125 0.520618556701031 0.384375 0.5240549828178694 0.39296875 0.5223367697594502
0 0.44453125 0.2920962199312715 0.4484375 0.2972508591065292 0.4671875 0.29037800687285226 0.521875 0.2869415807560137 0.53671875 0.2920962199312715 0.54140625 0.28350515463917525 0.54140625 0.24742268041237114 0.5375 0.2302405498281787 0.53671875 0.2061855670103093 0.540625 0.20962199312714777 0.53984375 0.20446735395189006 0.47578125 0.20790378006872853 0.44453125 0.21821305841924402 0.44375 0.28350515463917525 0.44453125 0.2920962199312715
0 0.23671875 0.15807560137457047 0.23359375 0.18213058419243988 0.23671875 0.1941580756013746 0.2375 0.2302405498281787 0.24296875 0.2457044673539519 0.24296875 0.2714776632302406 0.24765625 0.29896907216494845 0.246875 0.30927835051546393 0.2515625 0.3298969072164949 0.24921875 0.3505154639175258 0.25390625 0.36426116838487976 0.2578125 0.4037800687285224 0.25703125 0.4295532646048111 0.26640625 0.47594501718213056 0.2640625 0.5 0.27109375 0.5395189003436427 0.27109375 0.5618556701030928 0.2765625 0.584192439862543 0.278125 0.6254295532646049 0.28125 0.6391752577319588 0.28046875 0.6563573883161513 0.28671875 0.7061855670103093 0.2859375 0.7216494845360826 0.29453125 0.7542955326460482 0.29375 0.7783505154639176 0.296875 0.7920962199312716 0.30390625 0.8006872852233677 0.3625 0.79553264604811 0.3671875 0.7852233676975946 0.365625 0.7714776632302407 0.36953125 0.7646048109965636 0.36875 0.7405498281786942 0.36640625 0.7336769759450172 0.36484375 0.6855670103092784 0.359375 0.6632302405498283 0.35390625 0.6529209621993128 0.35859375 0.6477663230240551 0.36015625 0.6391752577319588 0.36015625 0.6185567010309279 0.35546875 0.6013745704467355 0.3578125 0.5618556701030928 0.35 0.5309278350515465 0.353125 0.5171821305841925 0.35234375 0.4948453608247423 0.34609375 0.46735395189003437 0.35 0.44158075601374575 0.34609375 0.41580756013745707 0.34765625 0.4072164948453609 0.34453125 0.4037800687285224 0.34296875 0.3934707903780069 0.3453125 0.3556701030927835 0.3359375 0.3195876288659794 0.3390625 0.288659793814433 0.33671875 0.26975945017182135 0.33125 0.2560137457044674 0.3296875 0.22680412371134023 0.33515625 0.20962199312714777 0.334375 0.18728522336769762 0.3265625 0.16838487972508592 0.3265625 0.14261168384879724 0.33125 0.13402061855670105 0.33515625 0.10824742268041239 0.32421875 0.09621993127147768 0.31640625 0.10137457044673541 0.28828125 0.09621993127147768 0.2796875 0.10481099656357389 0.25078125 0.09793814432989692 0.24609375 0.10481099656357389 0.240625 0.10137457044673541 0.2359375 0.10824742268041239 0.23515625 0.11855670103092783 0.2296875 0.12199312714776633 0.22890625 0.1357388316151203 0.23671875 0.15807560137457047
0 0.359375 0.46219931271477666 0.359375 0.4828178694158076 0.365625 0.5068728522336771 0.36171875 0.5154639175257733 0.3640625 0.5240549828178694 0.36171875 0.5532646048109966 0.36328125 0.584192439862543 0.36796875 0.5945017182130584 0.36875 0.6340206185567011 0.38671875 0.6391752577319588 0.39453125 0.6340206185567011 0.41015625 0.6408934707903781 0.41796875 0.6391752577319588 0.425 0.6271477663230242 0.4359375 0.6323024054982819 0.4359375 0.6271477663230242 0.440625 0.6254295532646049 0.43984375 0.6202749140893471 0.446875 0.6116838487972509 0.44609375 0.6013745704467355 0.44140625 0.5945017182130584 0.4484375 0.5790378006872853 0.44921875 0.5549828178694158 0.44375 0.534364261168385 0.44609375 0.520618556701031 0.4453125 0.4965635738831615 0.43828125 0.48797250859106533 0.44453125 0.4810996563573884 0.4421875 0.45704467353951894 0.44609375 0.4347079037800688 0.4453125 0.41065292096219935 0.43984375 0.3969072164948454 0.43828125 0.37972508591065296 0.4296875 0.3711340206185567 0.36171875 0.372852233676976 0.35703125 0.37972508591065296 0.3546875 0.3969072164948454 0.35390625 0.43642611683848803 0.359375 0.46219931271477666
0 0.24453125 0.12199312714776633 0.2484375 0.11168384879725086 0.23984375 0.11168384879725086 0.24453125 0.12199312714776633
0 0.228125 0.13745704467353953 0.234375 0.15635738831615123 0.23203125 0.18213058419243988 0.2359375 0.19587628865979384 0.2375 0.2302405498281787 0.2421875 0.24398625429553267 0.240625 0.26975945017182135 0.24765625 0.3041237113402062 0.26484375 0.3075601374570447 0.33671875 0.29896907216494845 0.33984375 0.27835051546391754 0.3328125 0.2508591065292097 0.33203125 0.23195876288659795 0.3359375 0.21305841924398625 0.33359375 0.17353951890034364 0.33515625 0.16494845360824745 0.3265625 0.1597938144329897 0.3296875 0.15635738831615123 0.33046875 0.1202749140893471 0.33515625 0.11512027491408935 0.33359375 0.10481099656357389 0.3234375 0.10996563573883163 0.321875 0.12542955326460484 0.3140625 0.10652920962199312 0.30703125 0.11168384879725086 0.30703125 0.12714776632302408 0.30234375 0.12714776632302408 0.29765625 0.10824742268041239 0.2921875 0.11512027491408935 0.28984375 0.1288659793814433 0.28515625 0.12714776632302408 0.28125 0.11168384879725086 0.278125 0.11683848797250859 0.27734375 0.11168384879725086 0.27265625 0.1288659793814433 0.26796875 0.1288659793814433 0.265625 0.12542955326460484 0.26640625 0.11683848797250859 0.26171875 0.11168384879725086 0.2609375 0.1202749140893471 0.26484375 0.12542955326460484 0.26171875 0.13402061855670105 0.24921875 0.1288659793814433 0.23515625 0.13402061855670105 0.23046875 0.11512027491408935 0.2296875 0.1202749140893471 0.23203125 0.1288659793814433 0.228125 0.13745704467353953
0 0.43203125 0.7886597938144331 0.4296875 0.7869415807560138 0.42578125 0.7886597938144331 0.43203125 0.7886597938144331
0 0.36484375 0.5498281786941581 0.365625 0.577319587628866 0.36328125 0.5876288659793815 0.36640625 0.5962199312714777 0.36640625 0.6460481099656358 0.37109375 0.661512027491409 0.36953125 0.7027491408934708 0.37578125 0.7405498281786942 0.375 0.7508591065292097 0.378125 0.7646048109965636 0.3765625 0.7680412371134021 0.38671875 0.7714776632302407 0.41640625 0.7611683848797252 0.453125 0.7680412371134021 0.45390625 0.6924398625429553 0.4484375 0.6597938144329898 0.45078125 0.6426116838487973 0.45 0.6082474226804124 0.44765625 0.5996563573883162 0.44921875 0.5567010309278351 0.44296875 0.5429553264604812 0.44296875 0.520618556701031 0.42109375 0.5120274914089348 0.41171875 0.5189003436426117 0.37109375 0.520618556701031 0.365625 0.527491408934708 0.36875 0.5360824742268042 0.36484375 0.5498281786941581
0 0.46328125 0.2405498281786942 0.459375 0.23883161512027495 0.45859375 0.24398625429553267 0.46328125 0.2405498281786942
0 0.44609375 0.21477663230240554 0.475 0.20790378006872853 0.5296875 0.20790378006872853 0.5390625 0.20446735395189006 0.54140625 0.19759450171821308 0.54140625 0.14948453608247422 0.53828125 0.12542955326460484 0.54375 0.11168384879725086 0.54453125 0.09278350515463918 0.5359375 0.07560137457044674 0.52578125 0.08419243986254296 0.51953125 0.07731958762886598 0.5140625 0.07731958762886598 0.509375 0.08419243986254296 0.49765625 0.07731958762886598 0.49140625 0.0859106529209622 0.48125 0.07903780068728523 0.4734375 0.08419243986254296 0.46640625 0.07903780068728523 0.4578125 0.08419243986254296 0.44921875 0.08075601374570447 0.4421875 0.09450171821305843 0.44296875 0.20446735395189006 0.44609375 0.21477663230240554
0 0.265625 0.4175257731958763 0.29296875 0.41408934707903783 0.29609375 0.39862542955326463 0.3015625 0.41408934707903783 0.3359375 0.41065292096219935 0.33828125 0.4037800687285224 0.3265625 0.40034364261168387 0.32421875 0.39518900343642616 0.3203125 0.40034364261168387 0.3 0.39518900343642616 0.27734375 0.39518900343642616 0.26796875 0.40034364261168387 0.26171875 0.3969072164948454 0.2609375 0.41408934707903783 0.265625 0.4175257731958763
0 0.24609375 0.281786941580756 0.24453125 0.30927835051546393 0.2515625 0.3298969072164949 0.24921875 0.3505154639175258 0.253125 0.35738831615120276 0.25390625 0.3711340206185567 0.2578125 0.38316151202749144 0.28515625 0.38487972508591073 0.30234375 0.3780068728522337 0.32578125 0.38316151202749144 0.34140625 0.3762886597938145 0.3453125 0.3694158075601375 0.3421875 0.3384879725085911 0.3359375 0.3178694158075602 0.33984375 0.2920962199312715 0.33828125 0.26975945017182135 0.3328125 0.2577319587628866 0.32578125 0.2560137457044674 0.31015625 0.26460481099656363 0.2984375 0.25945017182130586 0.290625 0.26632302405498287 0.27890625 0.26460481099656363 0.2734375 0.26975945017182135 0.2671875 0.26460481099656363 0.25078125 0.26460481099656363 0.24375 0.26632302405498287 0.24609375 0.281786941580756
0 0.325 0.25 0.0015625 0.0015625
0 0.24765625 0.24914089347079038 0.24375 0.25429553264604815 0.2453125 0.2560137457044674 0.25078125 0.2508591065292097 0.25703125 0.23539518900343642 0.25546875 0.23367697594501718 0.253125 0.24226804123711343 0.25 0.23367697594501718 0.24453125 0.2405498281786942 0.24375 0.24398625429553267 0.24765625 0.24914089347079038
0 0.265625 0.2405498281786942 0.28125 0.23367697594501718 0.284375 0.2405498281786942 0.28828125 0.2405498281786942 0.2921875 0.23883161512027495 0.29375 0.2302405498281787 0.3 0.23883161512027495 0.303125 0.23367697594501718 0.30546875 0.23711340206185566 0.303125 0.22852233676975947 0.27421875 0.23367697594501718 0.2734375 0.2302405498281787 0.27109375 0.23711340206185566 0.26875 0.2302405498281787 0.2640625 0.23711340206185566 0.265625 0.2405498281786942
0 0.3203125 0.2405498281786942 0.325 0.23711340206185566 0.325 0.22336769759450173 0.31640625 0.22680412371134023 0.31484375 0.2302405498281787 0.3203125 0.2405498281786942
0 0.2703125 0.372852233676976 0.26328125 0.3814432989690722 0.2578125 0.3814432989690722 0.2546875 0.3917525773195877 0.2578125 0.40034364261168387 0.25625 0.42439862542955326 0.2609375 0.4398625429553265 0.2609375 0.4587628865979382 0.26640625 0.47594501718213056 0.26328125 0.4965635738831615 0.26796875 0.5154639175257733 0.2671875 0.5292096219931273 0.271875 0.5395189003436427 0.271875 0.5652920962199313 0.27578125 0.5738831615120275 0.2765625 0.5945017182130584 0.27890625 0.5996563573883162 0.278125 0.6254295532646049 0.2828125 0.6426116838487973 0.30234375 0.6460481099656358 0.31015625 0.6408934707903781 0.34453125 0.6408934707903781 0.34921875 0.6460481099656358 0.35078125 0.6408934707903781 0.35859375 0.6391752577319588 0.359375 0.6219931271477663 0.3546875 0.5979381443298969 0.35859375 0.5652920962199313 0.35625 0.5463917525773196 0.35078125 0.5292096219931273 0.35390625 0.5171821305841925 0.35390625 0.5017182130584193 0.34765625 0.46563573883161513 0.35078125 0.4518900343642612 0.3484375 0.4037800687285224 0.34609375 0.39862542955326463 0.34765625 0.38659793814432997 0.34140625 0.3711340206185567 0.33671875 0.3711340206185567 0.334375 0.359106529209622 0.3421875 0.3608247422680413 0.34140625 0.3436426116838488 0.334375 0.3402061855670103 0.33125 0.3350515463917526 0.33359375 0.32817869415807566 0.33046875 0.3264604810996564 0.32890625 0.3402061855670103 0.3171875 0.33676975945017185 0.30859375 0.3470790378006873 0.27890625 0.3470790378006873 0.26875 0.35223367697594504 0.26640625 0.3608247422680413 0.262890625 0.3539518900343643 0.25703125 0.3556701030927835 0.27109375 0.365979381443299 0.2703125 0.372852233676976
0 0.2828125 0.32817869415807566 0.28203125 0.3384879725085911 0.2859375 0.3436426116838488 0.2953125 0.33676975945017185 0.3015625 0.34192439862542956 0.3046875 0.33161512027491413 0.3078125 0.3384879725085911 0.303125 0.3195876288659794 0.2984375 0.3298969072164949 0.296875 0.3195876288659794 0.2890625 0.32817869415807566 0.2859375 0.32130584192439865 0.28203125 0.3230240549828179 0.27734375 0.3264604810996564 0.2828125 0.32817869415807566
0 0.31171875 0.31271477663230246 0.31015625 0.30927835051546393 0.30546875 0.31099656357388317 0.31171875 0.31271477663230246
0 0.63359375 0.7817869415807561 0.6640625 0.7749140893470792 0.69921875 0.7749140893470792 0.70703125 0.7680412371134021 0.7078125 0.738831615120275 0.70625 0.7216494845360826 0.7015625 0.7147766323024055 0.66640625 0.7164948453608248 0.6609375 0.7233676975945018 0.65859375 0.718213058419244 0.65234375 0.7233676975945018 0.6546875 0.7268041237113403 0.653125 0.7302405498281788 0.6625 0.731958762886598 0.66640625 0.738831615120275 0.66640625 0.745704467353952 0.63203125 0.745704467353952 0.62734375 0.7508591065292097 0.6265625 0.7731958762886599 0.63359375 0.7817869415807561
0 0.55546875 0.7817869415807561 0.6234375 0.7714776632302407 0.6265625 0.6219931271477663 0.55625 0.6254295532646049 0.546875 0.6305841924398626 0.54765625 0.6477663230240551 0.54453125 0.661512027491409 0.5453125 0.7783505154639176 0.55546875 0.7817869415807561
0 0.6 0.570446735395189 0.5671875 0.5738831615120275 0.5625 0.577319587628866 0.6 0.570446735395189
0 0.62265625 0.570446735395189 0.61484375 0.5687285223367697 0.61015625 0.570446735395189 0.62265625 0.570446735395189
0 0.640625 0.5859106529209622 0.64140625 0.5807560137457045 0.6375 0.5756013745704468 0.63671875 0.5824742268041238 0.640625 0.5859106529209622
0 0.63984375 0.5687285223367697 0.64296875 0.5567010309278351 0.640625 0.5515463917525774 0.6375 0.5687285223367697 0.63984375 0.5687285223367697
0 0.64140625 0.5453125 0.0015625 0.0015625
0 0.6515625 0.14948453608247422 0.65078125 0.1597938144329897 0.6546875 0.1752577319587629 0.65 0.20103092783505155 0.65234375 0.20962199312714777 0.65 0.21821305841924402 0.65078125 0.2714776632302406 0.64609375 0.29553264604810997 0.64921875 0.34192439862542956 0.64375 0.3505154639175258 0.6390625 0.37972508591065296 0.640625 0.4020618556701031 0.6375 0.422680412371134 0.63984375 0.4347079037800688 0.63984375 0.4725085910652921 0.6375 0.4948453608247423 0.640625 0.5068728522336771 0.6375 0.527491408934708 0.640625 0.5412371134020619 0.64296875 0.5378006872852235 0.64765625 0.5429553264604812 0.64375 0.5498281786941581 0.64609375 0.5584192439862543 0.69765625 0.5567010309278351 0.70625 0.5498281786941581 0.71015625 0.5549828178694158 0.7140625 0.5463917525773196 0.71171875 0.5292096219931273 0.7203125 0.5257731958762888 0.7171875 0.5189003436426117 0.7171875 0.5034364261168386 0.721875 0.4914089347079038 0.71953125 0.4742268041237113 0.725 0.4553264604810997 0.72421875 0.4295532646048111 0.72734375 0.422680412371134 0.7234375 0.4072164948453609 0.72421875 0.3969072164948454 0.73125 0.38316151202749144 0.73125 0.3230240549828179 0.73515625 0.3075601374570447 0.734375 0.27835051546391754 0.7375 0.2680412371134021 0.73515625 0.2405498281786942 0.740625 0.22680412371134023 0.73828125 0.21477663230240554 0.7390625 0.19931271477663232 0.74296875 0.18728522336769762 0.74140625 0.15635738831615123 0.7453125 0.1443298969072165 0.74453125 0.13402061855670105 0.73828125 0.13230240549828182 0.73359375 0.1202749140893471 0.71328125 0.11683848797250859 0.7078125 0.10481099656357389 0.68125 0.11168384879725086 0.65703125 0.10996563573883163 0.64921875 0.11512027491408935 0.646875 0.12199312714776633 0.64765625 0.13917525773195877 0.6515625 0.14948453608247422
0 0.54765625 0.3780068728522337 0.54375 0.41408934707903783 0.546875 0.45017182130584193 0.54453125 0.47938144329896915 0.54453125 0.5051546391752578 0.546875 0.513745704467354 0.54609375 0.563573883161512 0.55 0.570446735395189 0.57265625 0.5687285223367697 0.60703125 0.5567010309278351 0.61953125 0.563573883161512 0.6296875 0.5292096219931273 0.628125 0.5085910652920963 0.63046875 0.5 0.6328125 0.4587628865979382 0.63125 0.44158075601374575 0.63359375 0.43298969072164956 0.6328125 0.4072164948453609 0.63515625 0.3934707903780069 0.6328125 0.365979381443299 0.6375 0.32130584192439865 0.62734375 0.31615120274914094 0.58046875 0.3247422680412372 0.5484375 0.3247422680412372 0.5453125 0.3298969072164949 0.5453125 0.3694158075601375 0.54765625 0.3780068728522337
0 0.546875 0.11340206185567012 0.5515625 0.12714776632302408 0.55078125 0.1443298969072165 0.54765625 0.1512027491408935 0.54921875 0.16151202749140894 0.63984375 0.15463917525773196 0.64140625 0.11855670103092783 0.64609375 0.10824742268041239 0.6453125 0.08934707903780069 0.6375 0.070446735395189 0.59296875 0.07388316151202749 0.58359375 0.06872852233676977 0.578125 0.07560137457044674 0.5484375 0.07731958762886598 0.54609375 0.08075601374570447 0.546875 0.11340206185567012
0 0.33125 0.440625 0.0015625 0.0015625
0 0.3171875 0.41065292096219935 0.31640625 0.4072164948453609 0.31171875 0.4072164948453609 0.3171875 0.41065292096219935
0 0.3265625 0.40625 0.00234375 0.0015625
0 0.32265625 0.40234375 0.00625 0.003125
0 0.3125 0.40034364261168387 0.31015625 0.39862542955326463 0.30859375 0.40034364261168387 0.3125 0.40034364261168387
0 0.2671875 0.41580756013745707 0.30390625 0.41065292096219935 0.3046875 0.40549828178694164 0.3078125 0.41065292096219935 0.30390625 0.4037800687285224 0.30546875 0.40034364261168387 0.2859375 0.39518900343642616 0.2828125 0.39862542955326463 0.27890625 0.3917525773195877 0.2671875 0.4020618556701031 0.2640625 0.41065292096219935 0.2671875 0.41580756013745707
0 0.24765625 0.3505154639175258 0.253125 0.359106529209622 0.25390625 0.37457044673539525 0.25859375 0.38487972508591073 0.28203125 0.38659793814432997 0.29765625 0.3780068728522337 0.32578125 0.3814432989690722 0.34296875 0.3762886597938145 0.34609375 0.3711340206185567 0.34453125 0.34536082474226804 0.33359375 0.3075601374570447 0.30859375 0.3041237113402062 0.25703125 0.30927835051546393 0.25 0.3178694158075602 0.25078125 0.3384879725085911 0.24765625 0.3505154639175258
0 0.44921875 0.24742268041237114 0.44609375 0.2525773195876289 0.4453125 0.2628865979381444 0.4453125 0.29381443298969073 0.4484375 0.30584192439862545 0.44921875 0.3711340206185567 0.50859375 0.365979381443299 0.53671875 0.3694158075601375 0.53984375 0.36426116838487976 0.540625 0.3247422680412372 0.53671875 0.30927835051546393 0.5375 0.29553264604810997 0.54140625 0.2869415807560137 0.540625 0.2457044673539519 0.53671875 0.22852233676975947 0.5390625 0.20446735395189006 0.484375 0.211340206185567 0.4734375 0.20790378006872853 0.4453125 0.21477663230240554 0.44609375 0.23883161512027495 0.44921875 0.24742268041237114
0 0.38125 0.5601374570446735 0.3796875 0.5567010309278351 0.37890625 0.5601374570446735 0.38125 0.5601374570446735
0 0.4046875 0.5296875 0.00078125 0.0015625
0 0.3796875 0.5463917525773196 0.3890625 0.5395189003436427 0.390625 0.5326460481099657 0.39765625 0.5292096219931273 0.4 0.5223367697594502 0.3953125 0.520618556701031 0.39296875 0.5292096219931273 0.390625 0.520618556701031 0.38203125 0.5223367697594502 0.37890625 0.5257731958762888 0.3796875 0.5463917525773196
0 0.37109375 0.6632302405498283 0.36953125 0.7027491408934708 0.37421875 0.738831615120275 0.37265625 0.7508591065292097 0.375 0.7697594501718215 0.378125 0.7749140893470792 0.37578125 0.7903780068728523 0.38359375 0.79553264604811 0.45625 0.7903780068728523 0.45546875 0.7336769759450172 0.453125 0.7268041237113403 0.45390625 0.6907216494845361 0.4484375 0.6580756013745706 0.44921875 0.6082474226804124 0.4453125 0.584192439862543 0.44765625 0.5567010309278351 0.44609375 0.5515463917525774 0.43671875 0.5481099656357389 0.4359375 0.5429553264604812 0.440625 0.5309278350515465 0.43984375 0.5223367697594502 0.4015625 0.5223367697594502 0.409375 0.5309278350515465 0.409375 0.5481099656357389 0.40390625 0.5446735395189004 0.4015625 0.5515463917525774 0.396875 0.5412371134020619 0.39375 0.5549828178694158 0.38828125 0.5567010309278351 0.3921875 0.563573883161512 0.38671875 0.577319587628866 0.38203125 0.5652920962199313 0.3796875 0.5687285223367697 0.38203125 0.5738831615120275 0.378125 0.5824742268041238 0.36640625 0.5859106529209622 0.36640625 0.6254295532646049 0.37109375 0.6632302405498283
0 0.36484375 0.5893470790378007 0.37109375 0.5945017182130584 0.3703125 0.6099656357388317 0.37734375 0.6116838487972509 0.37890625 0.604810996563574 0.38203125 0.6082474226804124 0.38125 0.6116838487972509 0.3859375 0.604810996563574 0.3921875 0.6134020618556701 0.425 0.6099656357388317 0.43046875 0.604810996563574 0.42578125 0.5945017182130584 0.421875 0.5945017182130584 0.41953125 0.584192439862543 0.446875 0.584192439862543 0.44921875 0.577319587628866 0.45 0.5532646048109966 0.44453125 0.5360824742268042 0.44453125 0.520618556701031 0.43203125 0.5085910652920963 0.3734375 0.5171821305841925 0.3625 0.527491408934708 0.3625 0.577319587628866 0.36484375 0.5893470790378007
0 0.6296875 0.3734375 0.00078125 0.00546875
0 0.60859375 0.3556701030927835 0.609375 0.3608247422680413 0.61328125 0.35738831615120276 0.6171875 0.3625429553264605 0.6296875 0.3625429553264605 0.62734375 0.3539518900343643 0.61640625 0.34536082474226804 0.6140625 0.3539518900343643 0.603125 0.3556701030927835 0.60546875 0.3608247422680413 0.60859375 0.3556701030927835
0 0.55234375 0.3384879725085911 0.5546875 0.34192439862542956 0.5546875 0.3539518900343643 0.55234375 0.35738831615120276 0.55390625 0.3625429553264605 0.54921875 0.365979381443299 0.55234375 0.37972508591065296 0.546875 0.41408934707903783 0.546875 0.422680412371134 0.55234375 0.42439862542955326 0.5484375 0.4347079037800688 0.54921875 0.45017182130584193 0.54609375 0.47938144329896915 0.54609375 0.7766323024054984 0.55859375 0.7800687285223369 0.61484375 0.7714776632302407 0.61953125 0.7663230240549829 0.61875 0.7508591065292097 0.62265625 0.7439862542955327 0.62109375 0.7216494845360826 0.6171875 0.7079037800687286 0.62109375 0.6958762886597938 0.61875 0.6855670103092784 0.625 0.6512027491408936 0.628125 0.6013745704467355 0.62265625 0.5687285223367697 0.63046875 0.5326460481099657 0.628125 0.5171821305841925 0.63046875 0.4312714776632303 0.62734375 0.422680412371134 0.6296875 0.4209621993127148 0.62109375 0.4175257731958763 0.61953125 0.41065292096219935 0.62109375 0.40034364261168387 0.62734375 0.3969072164948454 0.6161460937500001 0.3969072164948454 0.61484375 0.40549828178694164 0.61171875 0.3969072164948454 0.60703125 0.4020618556701031 0.60078125 0.40034364261168387 0.5984375 0.3934707903780069 0.5953125 0.39518900343642616 0.5953125 0.3814432989690722 0.6 0.37972508591065296 0.596875 0.3539518900343643 0.58203125 0.3539518900343643 0.581640625 0.3608247422680413 0.5734375 0.359106529209622 0.57109375 0.3505154639175258 0.56796875 0.3556701030927835 0.56328125 0.35223367697594504 0.56171875 0.34879725085910657 0.565625 0.3436426116838488 0.5578125 0.32817869415807566 0.546875 0.3298969072164949 0.55 0.3436426116838488 0.55234375 0.3384879725085911
0 0.58203125 0.34536082474226804 0.5828125 0.3384879725085911 0.58671875 0.34192439862542956 0.58671875 0.34879725085910657 0.59296875 0.3470790378006873 0.596875 0.3384879725085911 0.60546875 0.3436426116838488 0.60546875 0.3298969072164949 0.6015625 0.3264604810996564 0.578125 0.32817869415807566 0.57734375 0.34536082474226804 0.58203125 0.34536082474226804
0 0.565625 0.49312714776632305 0.55859375 0.4896907216494846 0.55703125 0.49312714776632305 0.565625 0.49312714776632305
0 0.56015625 0.47938144329896915 0.5640625 0.47938144329896915 0.5640625 0.4725085910652921 0.56015625 0.4725085910652921 0.56015625 0.47938144329896915
0 0.559375 0.46328125 0.00390625 0.0015625
0 0.6265625 0.4484536082474227 0.628125 0.44158075601374575 0.625 0.4398625429553265 0.62421875 0.4450171821305842 0.6265625 0.4484536082474227
0 0.54765625 0.38659793814432997 0.54453125 0.42439862542955326 0.55 0.45360824742268047 0.56015625 0.44158075601374575 0.56875 0.4450171821305842 0.57265625 0.4398625429553265 0.575 0.4484536082474227 0.56953125 0.4587628865979382 0.57265625 0.4639175257731959 0.571875 0.45704467353951894 0.575 0.45360824742268047 0.578125 0.45704467353951894 0.57734375 0.4639175257731959 0.58125 0.4587628865979382 0.584375 0.4639175257731959 0.5921875 0.4604810996563574 0.59375 0.46563573883161513 0.60078125 0.46735395189003437 0.60859375 0.45704467353951894 0.615625 0.4587628865979382 0.60859375 0.4518900343642612 0.60859375 0.43298969072164956 0.62890625 0.4295532646048111 0.63203125 0.42439862542955326 0.63515625 0.39518900343642616 0.6328125 0.34536082474226804 0.63828125 0.3195876288659794 0.63671875 0.28350515463917525 0.55234375 0.2869415807560137 0.55234375 0.31615120274914094 0.5453125 0.3298969072164949 0.5453125 0.3711340206185567 0.54765625 0.38659793814432997
0 0.54921875 0.7835051546391754 0.615625 0.7766323024054984 0.625 0.7714776632302407 0.62265625 0.7405498281786942 0.61953125 0.738831615120275 0.615625 0.738831615120275 0.6125 0.745704467353952 0.6015625 0.745704467353952 0.60078125 0.7405498281786942 0.596875 0.7405498281786942 0.58359375 0.7422680412371134 0.57734375 0.7491408934707905 0.55390625 0.7474226804123713 0.54765625 0.7508591065292097 0.5453125 0.7611683848797252 0.54453125 0.7783505154639176 0.54921875 0.7835051546391754
0 0.59453125 0.7268041237113403 0.5875 0.725085910652921 0.58046875 0.7268041237113403 0.59453125 0.7268041237113403
0 0.61328125 0.6958762886597938 0.6109375 0.6941580756013745 0.609375 0.6958762886597938 0.61328125 0.6958762886597938
0 0.54375 0.4862542955326461 0.546875 0.5154639175257733 0.54453125 0.5326460481099657 0.54453125 0.563573883161512 0.546875 0.5721649484536082 0.59375 0.563573883161512 0.60703125 0.5670103092783505 0.60859375 0.5618556701030928 0.61953125 0.5652920962199313 0.625 0.5567010309278351 0.63046875 0.534364261168385 0.62890625 0.5103092783505155 0.63125 0.5034364261168386 0.6328125 0.46563573883161513 0.63203125 0.42783505154639184 0.55703125 0.4295532646048111 0.546875 0.43642611683848803 0.54765625 0.4587628865979382 0.54375 0.4862542955326461
0 0.3796875 0.7989690721649485 0.44921875 0.7972508591065293 0.45625 0.79553264604811 0.4578125 0.7852233676975946 0.45234375 0.7663230240549829 0.41796875 0.7611683848797252 0.4046875 0.7611683848797252 0.39453125 0.7697594501718215 0.37578125 0.7749140893470792 0.375 0.7920962199312716 0.3796875 0.7989690721649485
0 0.63046875 0.7783505154639176 0.70234375 0.7714776632302407 0.70625 0.7646048109965636 0.70625 0.745704467353952 0.70859375 0.7405498281786942 0.70625 0.725085910652921 0.70703125 0.7164948453608248 0.71015625 0.7130584192439863 0.70859375 0.6907216494845361 0.7125 0.6786941580756014 0.709375 0.6649484536082475 0.71328125 0.6529209621993128 0.71328125 0.6426116838487973 0.709375 0.6305841924398626 0.70625 0.6374570446735396 0.703125 0.6288659793814434 0.69765625 0.6271477663230242 0.66171875 0.6323024054982819 0.65390625 0.6443298969072165 0.63671875 0.6546391752577321 0.63359375 0.6752577319587629 0.6296875 0.6838487972508591 0.628125 0.7044673539518901 0.62734375 0.7646048109965636 0.63046875 0.7783505154639176
0 0.3640625 0.5257731958762888 0.3625 0.584192439862543 0.36640625 0.5979381443298969 0.36640625 0.6443298969072165 0.371875 0.6649484536082475 0.37109375 0.7096219931271478 0.375 0.7371134020618557 0.3734375 0.7508591065292097 0.37734375 0.7749140893470792 0.37578125 0.7903780068728523 0.38359375 0.79553264604811 0.453125 0.7920962199312716 0.45546875 0.7869415807560138 0.453125 0.7731958762886599 0.453125 0.6924398625429553 0.446875 0.6580756013745706 0.45078125 0.6408934707903781 0.45 0.6099656357388317 0.44765625 0.6013745704467355 0.44921875 0.5567010309278351 0.44375 0.534364261168385 0.44609375 0.4828178694158076 0.440625 0.46219931271477666 0.4421875 0.4484536082474227 0.415625 0.44158075601374575 0.40859375 0.44673539518900346 0.3984375 0.44158075601374575 0.39375 0.44673539518900346 0.36953125 0.44158075601374575 0.35859375 0.4553264604810997 0.3578125 0.4914089347079038 0.3640625 0.5257731958762888
0 0.43984375 0.41924398625429554 0.44296875 0.4175257731958763 0.4421875 0.4123711340206186 0.4375 0.41065292096219935 0.4359375 0.41408934707903783 0.43984375 0.41924398625429554
0 0.4015625 0.4015625 0.00078125 0.0015625
0 0.37109375 0.40034364261168387 0.3765625 0.40549828178694164 0.375 0.39862542955326463 0.37734375 0.3883161512027492 0.3828125 0.38316151202749144 0.3765625 0.37972508591065296 0.37265625 0.38659793814432997 0.375 0.39518900343642616 0.37109375 0.40034364261168387
0 0.390625 0.3780068728522337 0.3875 0.39003436426116844 0.3984375 0.3762886597938145 0.38671875 0.3762886597938145 0.390625 0.3780068728522337
0 0.33828125 0.1288659793814433 0.34140625 0.140893470790378 0.33984375 0.18041237113402064 0.34375 0.1941580756013746 0.3421875 0.21649484536082478 0.3453125 0.22680412371134023 0.3453125 0.29896907216494845 0.35 0.30584192439862545 0.3484375 0.34192439862542956 0.35234375 0.3608247422680413 0.35234375 0.37457044673539525 0.4390625 0.3694158075601375 0.4421875 0.359106529209622 0.4421875 0.3402061855670103 0.4390625 0.33161512027491413 0.44140625 0.32130584192439865 0.43828125 0.3144329896907217 0.4375 0.29553264604810997 0.440625 0.2611683848797251 0.43671875 0.2302405498281787 0.4390625 0.17353951890034364 0.434375 0.14604810996563575 0.43828125 0.11512027491408935 0.4359375 0.09278350515463918 0.43125 0.08419243986254296 0.4265625 0.08419243986254296 0.421875 0.09106529209621994 0.39375 0.0859106529209622 0.35625 0.09450171821305843 0.34609375 0.08762886597938145 0.340625 0.09621993127147768 0.340625 0.12199312714776633 0.33828125 0.1288659793814433
0 0.45703125 0.27835051546391754 0.45703125 0.2869415807560137 0.459375 0.27491408934707906 0.45546875 0.2731958762886598 0.45 0.281786941580756 0.45078125 0.2869415807560137 0.45703125 0.27835051546391754
0 0.51328125 0.26460481099656363 0.5140625 0.2731958762886598 0.5171875 0.26632302405498287 0.52265625 0.2714776632302406 0.52421875 0.26632302405498287 0.52734375 0.2714776632302406 0.528125 0.2680412371134021 0.5234375 0.2611683848797251 0.51796875 0.26632302405498287 0.5046875 0.2611683848797251 0.50859375 0.2731958762886598 0.51328125 0.26460481099656363
0 0.4484375 0.23367697594501718 0.4484375 0.24398625429553267 0.4859375 0.24226804123711343 0.5 0.2508591065292097 0.50546875 0.2405498281786942 0.5328125 0.2405498281786942 0.53203125 0.23539518900343642 0.5359375 0.23195876288659795 0.53671875 0.211340206185567 0.540625 0.2061855670103093 0.5421875 0.1941580756013746 0.5375 0.12542955326460484 0.54375 0.10309278350515465 0.54375 0.09106529209621994 0.5375 0.07731958762886598 0.5265625 0.08247422680412372 0.5140625 0.07731958762886598 0.50859375 0.08419243986254296 0.49765625 0.07731958762886598 0.49140625 0.0859106529209622 0.48046875 0.07903780068728523 0.47421875 0.08419243986254296 0.44921875 0.08075601374570447 0.4421875 0.09278350515463918 0.4421875 0.211340206185567 0.4484375 0.23367697594501718
0 0.37421875 0.7216494845360826 0.37265625 0.731958762886598 0.3765625 0.7680412371134021 0.396875 0.7680412371134021 0.40625 0.7594501718213059 0.42734375 0.7646048109965636 0.43984375 0.7611683848797252 0.44765625 0.7663230240549829 0.4546875 0.7628865979381444 0.453125 0.6786941580756014 0.44921875 0.6512027491408936 0.3796875 0.6494845360824744 0.37109375 0.6563573883161513 0.36953125 0.7010309278350516 0.37421875 0.7216494845360826
0 0.45546875 0.6151202749140894 0.4546875 0.6546391752577321 0.45859375 0.6718213058419245 0.45703125 0.711340206185567 0.4625 0.7938144329896908 0.53984375 0.7886597938144331 0.5421875 0.7611683848797252 0.53984375 0.7268041237113403 0.54140625 0.6890034364261168 0.540625 0.6752577319587629 0.53671875 0.6632302405498283 0.540625 0.6305841924398626 0.5359375 0.5790378006872853 0.45546875 0.584192439862543 0.45859375 0.604810996563574 0.45546875 0.6151202749140894
0 0.51328125 0.5532646048109966 0.50234375 0.5515463917525774 0.49921875 0.5532646048109966 0.51328125 0.5532646048109966
0 0.5359375 0.5549828178694158 0.5359375 0.5498281786941581 0.5328125 0.5532646048109966 0.5359375 0.5549828178694158
0 0.46875 0.5223367697594502 0.46328125 0.5223367697594502 0.4625 0.5257731958762888 0.46875 0.5223367697594502
0 0.5328125 0.5189003436426117 0.52109375 0.5154639175257733 0.5203125 0.5189003436426117 0.5328125 0.5189003436426117
0 0.36328125 0.5103092783505155 0.3609375 0.5154639175257733 0.36484375 0.534364261168385 0.3625 0.5498281786941581 0.36328125 0.5876288659793815 0.36640625 0.5979381443298969 0.36640625 0.6443298969072165 0.371875 0.6769759450171822 0.3703125 0.7010309278350516 0.37421875 0.7371134020618557 0.37265625 0.7508591065292097 0.37578125 0.7628865979381444 0.37578125 0.7920962199312716 0.43828125 0.7920962199312716 0.440625 0.7869415807560138 0.44921875 0.7920962199312716 0.4453125 0.7697594501718215 0.453125 0.7680412371134021 0.45390625 0.738831615120275 0.45 0.7268041237113403 0.453125 0.6941580756013745 0.44921875 0.6855670103092784 0.45 0.6718213058419245 0.44609375 0.6563573883161513 0.45 0.6374570446735396 0.44609375 0.5859106529209622 0.44765625 0.5549828178694158 0.44296875 0.5326460481099657 0.44609375 0.4965635738831615 0.4453125 0.4810996563573884 0.43984375 0.4604810996563574 0.440625 0.4484536082474227 0.36953125 0.443298969072165 0.359375 0.45360824742268047 0.35859375 0.49828178694158076 0.36328125 0.5103092783505155
0 0.37578125 0.4037800687285224 0.37578125 0.39862542955326463 0.37265625 0.40034364261168387 0.37578125 0.4037800687285224
0 0.3375 0.7371134020618557 0.33515625 0.7336769759450172 0.33515625 0.738831615120275 0.3375 0.7371134020618557
0 0.3625 0.70546875 0.00078125 0.0015625
0 0.2921875 0.7405498281786942 0.29453125 0.7353951890034365 0.29609375 0.7405498281786942 0.296875 0.7285223367697595 0.30234375 0.725085910652921 0.3046875 0.725085910652921 0.309375 0.7405498281786942 0.3125 0.7405498281786942 0.315625 0.7353951890034365 0.31328125 0.7302405498281788 0.315625 0.7216494845360826 0.31875 0.7233676975945018 0.32265625 0.7096219931271478 0.3296875 0.7061855670103093 0.32421875 0.6975945017182131 0.32421875 0.6872852233676976 0.33046875 0.6786941580756014 0.33203125 0.6666666666666667 0.33828125 0.668384879725086 0.33828125 0.6597938144329898 0.328125 0.6546391752577321 0.30859375 0.6580756013745706 0.3078125 0.6666666666666667 0.2984375 0.6735395189003437 0.29453125 0.6666666666666667 0.2984375 0.6752577319587629 0.29609375 0.6786941580756014 0.2859375 0.6769759450171822 0.2890625 0.7285223367697595 0.2921875 0.7405498281786942
0 0.2515625 0.35223367697594504 0.25703125 0.3762886597938145 0.2578125 0.4295532646048111 0.2609375 0.4398625429553265 0.2609375 0.45704467353951894 0.26640625 0.47594501718213056 0.2640625 0.5 0.2671875 0.5103092783505155 0.26796875 0.5309278350515465 0.27109375 0.5378006872852235 0.27109375 0.563573883161512 0.27578125 0.577319587628866 0.27890625 0.6237113402061857 0.2828125 0.6477663230240551 0.28984375 0.6580756013745706 0.2890625 0.6718213058419245 0.29140625 0.6597938144329898 0.30390625 0.6580756013745706 0.303125 0.6494845360824744 0.3390625 0.6494845360824744 0.35546875 0.6408934707903781 0.359375 0.6185567010309279 0.3515625 0.5910652920962199 0.35703125 0.5807560137457045 0.35703125 0.563573883161512 0.3484375 0.5326460481099657 0.35234375 0.5120274914089348 0.35 0.48453608247422686 0.3453125 0.4690721649484536 0.3453125 0.45704467353951894 0.3484375 0.45017182130584193 0.3484375 0.42783505154639184 0.34140625 0.40034364261168387 0.3421875 0.34536082474226804 0.33515625 0.33333333333333337 0.33203125 0.3144329896907217 0.325 0.30584192439862545 0.29140625 0.3075601374570447 0.2859375 0.3144329896907217 0.28203125 0.30927835051546393 0.25859375 0.31271477663230246 0.253125 0.3230240549828179 0.25546875 0.3350515463917526 0.2515625 0.35223367697594504
0 0.3 0.8041237113402062 0.36015625 0.7989690721649485 0.36640625 0.79553264604811 0.36953125 0.7852233676975946 0.36953125 0.7766323024054984 0.3640625 0.7714776632302407 0.33515625 0.7663230240549829 0.29765625 0.7714776632302407 0.29296875 0.7663230240549829 0.29453125 0.79553264604811 0.3 0.8041237113402062
0 0.70625 0.41408934707903783 0.709375 0.4089347079037801 0.70625 0.40549828178694164 0.70625 0.41408934707903783
0 0.6453125 0.37457044673539525 0.65 0.372852233676976 0.640625 0.372852233676976 0.640625 0.38659793814432997 0.6453125 0.37457044673539525
0 0.64375 0.3470790378006873 0.64375 0.3556701030927835 0.66953125 0.3556701030927835 0.67421875 0.359106529209622 0.6765625 0.3780068728522337 0.67734375 0.3694158075601375 0.68046875 0.3711340206185567 0.68125 0.3780068728522337 0.690625 0.37972508591065296 0.7 0.3762886597938145 0.72109375 0.38316151202749144 0.73046875 0.3780068728522337 0.73046875 0.35738831615120276 0.734375 0.3505154639175258 0.73203125 0.3264604810996564 0.73671875 0.30584192439862545 0.734375 0.28350515463917525 0.7296875 0.2852233676975945 0.7234375 0.29896907216494845 0.71640625 0.2920962199312715 0.71875 0.2852233676975945 0.71640625 0.27835051546391754 0.7109375 0.27491408934707906 0.66015625 0.2766323024054983 0.646875 0.2852233676975945 0.6484375 0.34192439862542956 0.64375 0.3470790378006873
0 0.709375 0.29609375 0.00078125 0.0015625
0 0.72265625 0.2869415807560137 0.7234375 0.29553264604810997 0.7265625 0.29553264604810997 0.7265625 0.288659793814433 0.721875 0.281786941580756 0.71875 0.281786941580756 0.72265625 0.2869415807560137
0 0.66015625 0.22508591065292097 0.65 0.23367697594501718 0.65078125 0.2766323024054983 0.69609375 0.2714776632302406 0.73046875 0.2766323024054983 0.7375 0.2714776632302406 0.73359375 0.24914089347079038 0.740625 0.22336769759450173 0.7375 0.21821305841924402 0.740625 0.2061855670103093 0.73515625 0.19587628865979384 0.6703125 0.19243986254295536 0.6515625 0.19759450171821308 0.64765625 0.20962199312714777 0.66015625 0.22508591065292097
0 0.37265625 0.7731958762886599 0.37265625 0.7852233676975946 0.375 0.79553264604811 0.3796875 0.7989690721649485 0.45 0.7972508591065293 0.45703125 0.79553264604811 0.45859375 0.7886597938144331 0.45234375 0.7336769759450172 0.43828125 0.7405498281786942 0.3765625 0.7405498281786942 0.3734375 0.745704467353952 0.37578125 0.7646048109965636 0.37265625 0.7731958762886599
0 0.4078125 0.7164948453608248 0.41171875 0.7130584192439863 0.41015625 0.711340206185567 0.40625 0.7130584192439863 0.4078125 0.7164948453608248
0 0.5359375 0.6305841924398626 0.53203125 0.6254295532646049 0.53046875 0.6323024054982819 0.5359375 0.6305841924398626
0 0.51171875 0.6323024054982819 0.51875 0.6340206185567011 0.5265625 0.6271477663230242 0.52109375 0.6219931271477663 0.5109375 0.6254295532646049 0.51171875 0.6323024054982819
0 0.465625 0.6340206185567011 0.4734375 0.6391752577319588 0.48515625 0.6271477663230242 0.475 0.6237113402061857 0.4765625 0.6134020618556701 0.46796875 0.6082474226804124 0.46953125 0.6185567010309279 0.4578125 0.6323024054982819 0.459375 0.6391752577319588 0.465625 0.6340206185567011
0 0.5171875 0.60390625 0.00234375 0.0015625
0 0.5375 0.6116838487972509 0.5359375 0.6013745704467355 0.53046875 0.6013745704467355 0.53046875 0.6151202749140894 0.5375 0.6116838487972509
0 0.50859375 0.6030927835051547 0.50703125 0.6013745704467355 0.5046875 0.6065292096219932 0.50859375 0.6030927835051547
0 0.4625 0.604810996563574 0.46015625 0.6013745704467355 0.46015625 0.6116838487972509 0.4625 0.604810996563574
0 0.45390625 0.5360824742268042 0.45234375 0.5652920962199313 0.45546875 0.5859106529209622 0.53515625 0.5824742268041238 0.5390625 0.577319587628866 0.540625 0.5429553264604812 0.5375 0.520618556701031 0.53984375 0.5120274914089348 0.540625 0.4776632302405499 0.5359375 0.4484536082474227 0.52734375 0.44158075601374575 0.46796875 0.443298969072165 0.45859375 0.4484536082474227 0.4546875 0.45704467353951894 0.45078125 0.4914089347079038 0.45390625 0.5360824742268042
0 0.71171875 0.37457044673539525 0.7109375 0.3694158075601375 0.70546875 0.36769759450171824 0.70546875 0.37457044673539525 0.71171875 0.37457044673539525
0 0.64375 0.3470790378006873 0.64375 0.3556701030927835 0.7140625 0.3539518900343643 0.71640625 0.3625429553264605 0.7234375 0.365979381443299 0.7265625 0.3556701030927835 0.734375 0.3505154639175258 0.73203125 0.3350515463917526 0.7359375 0.30927835051546393 0.734375 0.302405498281787 0.725 0.3075601374570447 0.64765625 0.30927835051546393 0.6484375 0.3402061855670103 0.64375 0.3470790378006873
0 0.61328125 0.38659793814432997 0.61640625 0.37972508591065296 0.61484375 0.372852233676976 0.60859375 0.38659793814432997 0.61328125 0.38659793814432997
0 0.5515625 0.3556701030927835 0.5484375 0.35223367697594504 0.5484375 0.35738831615120276 0.5515625 0.3556701030927835
0 0.5546875 0.3470790378006873 0.55625 0.3556701030927835 0.56484375 0.359106529209622 0.600390625 0.359106529209622 0.597265625 0.34879725085910657 0.6015625 0.34879725085910657 0.60546875 0.359106529209622 0.609375 0.3505154639175258 0.61640625 0.3505154639175258 0.5890625 0.34536082474226804 0.590625 0.35738831615120276 0.5828125 0.3556701030927835 0.58125 0.3436426116838488 0.5578125 0.3436426116838488 0.55078125 0.34536082474226804 0.5546875 0.3470790378006873
0 0.5890625 0.22336769759450173 0.58671875 0.2216494845360825 0.584375 0.22852233676975947 0.5890625 0.22336769759450173
0 0.54921875 0.2577319587628866 0.54609375 0.2852233676975945 0.55078125 0.2972508591065292 0.55078125 0.30927835051546393 0.546875 0.3247422680412372 0.5578125 0.3247422680412372 0.5609375 0.3298969072164949 0.571875 0.3247422680412372 0.6203125 0.3247422680412372 0.6359375 0.32130584192439865 0.63984375 0.3144329896907217 0.63984375 0.26460481099656363 0.64296875 0.23711340206185566 0.6375 0.21477663230240554 0.63046875 0.2061855670103093 0.62421875 0.2061855670103093 0.62109375 0.21993127147766325 0.615625 0.21477663230240554 0.61640625 0.20790378006872853 0.61328125 0.20274914089347082 0.58984375 0.20446735395189006 0.5921875 0.21821305841924402 0.58203125 0.21477663230240554 0.58203125 0.20446735395189006 0.5734375 0.20790378006872853 0.57265625 0.21649484536082478 0.565625 0.2061855670103093 0.5609375 0.2061855670103093 0.5546875 0.21305841924398625 0.55234375 0.23195876288659795 0.546875 0.24226804123711343 0.546875 0.25429553264604815 0.54921875 0.2577319587628866
0 0.33125 0.79553264604811 0.33515625 0.79553264604811 0.3375 0.7886597938144331 0.334375 0.7852233676975946 0.33125 0.7886597938144331 0.33125 0.79553264604811
0 0.29296875 0.7542955326460482 0.2921875 0.7731958762886599 0.296875 0.7835051546391754 0.30078125 0.7835051546391754 0.3 0.7886597938144331 0.3046875 0.7766323024054984 0.33828125 0.7714776632302407 0.34296875 0.7731958762886599 0.34453125 0.7903780068728523 0.34453125 0.7852233676975946 0.35078125 0.7817869415807561 0.35 0.7903780068728523 0.36328125 0.7938144329896908 0.371875 0.7714776632302407 0.36640625 0.7147766323024055 0.3515625 0.711340206185567 0.35078125 0.7061855670103093 0.34296875 0.7027491408934708 0.3140625 0.7044673539518901 0.31015625 0.711340206185567 0.28828125 0.7061855670103093 0.28671875 0.7233676975945018 0.29296875 0.7542955326460482
0 0.73125 0.17109375 0.00078125 0.0015625
0 0.7171875 0.17353951890034364 0.71328125 0.17010309278350516 0.7125 0.1752577319587629 0.7171875 0.17353951890034364
0 0.64765625 0.12714776632302408 0.646875 0.13917525773195877 0.65234375 0.14776632302405499 0.73125 0.14261168384879724 0.74140625 0.15292096219931273 0.7484375 0.14261168384879724 0.74609375 0.12371134020618557 0.740625 0.1288659793814433 0.73359375 0.11683848797250859 0.71953125 0.11683848797250859 0.7078125 0.10137457044673541 0.696875 0.10652920962199312 0.6515625 0.10824742268041239 0.64609375 0.11512027491408935 0.64375 0.12199312714776633 0.64765625 0.12714776632302408
0 0.54765625 0.584192439862543 0.54453125 0.5996563573883162 0.54453125 0.6219931271477663 0.546875 0.6323024054982819 0.58046875 0.6254295532646049 0.615625 0.6254295532646049 0.625 0.6168384879725086 0.62890625 0.5962199312714777 0.6234375 0.5670103092783505 0.63203125 0.5292096219931273 0.6296875 0.4896907216494846 0.63125 0.45360824742268047 0.62890625 0.443298969072165 0.63125 0.4295532646048111 0.61953125 0.4261168384879725 0.58125 0.43298969072164956 0.56015625 0.4312714776632303 0.55 0.43814432989690727 0.5453125 0.5 0.54453125 0.5652920962199313 0.54765625 0.584192439862543
0 0.50859375 0.10309278350515465 0.51015625 0.09793814432989692 0.503125 0.09965635738831616 0.50859375 0.10309278350515465
0 0.47890625 0.11340206185567012 0.4765625 0.10824742268041239 0.47734375 0.09793814432989692 0.475 0.10481099656357389 0.47265625 0.09793814432989692 0.471875 0.11512027491408935 0.47890625 0.11340206185567012
0 0.44609375 0.18556701030927836 0.45859375 0.20274914089347082 0.4546875 0.211340206185567 0.44609375 0.211340206185567 0.44609375 0.22336769759450173 0.4484375 0.22680412371134023 0.44609375 0.2302405498281787 0.4515625 0.2508591065292097 0.45 0.2577319587628866 0.45703125 0.27491408934707906 0.45625 0.2920962199312715 0.45078125 0.30068728522336774 0.44921875 0.3694158075601375 0.453125 0.38659793814432997 0.45078125 0.41408934707903783 0.4546875 0.4261168384879725 0.45234375 0.42783505154639184 0.45234375 0.4347079037800688 0.45546875 0.43642611683848803 0.45234375 0.4484536082474227 0.4546875 0.4604810996563574 0.45234375 0.5120274914089348 0.45625 0.5257731958762888 0.4546875 0.5738831615120275 0.45859375 0.6065292096219932 0.45625 0.6151202749140894 0.45546875 0.6529209621993128 0.459375 0.6821305841924399 0.459375 0.7508591065292097 0.4625 0.7938144329896908 0.47734375 0.7972508591065293 0.53984375 0.7886597938144331 0.540625 0.6907216494845361 0.53984375 0.6735395189003437 0.53671875 0.6666666666666667 0.53671875 0.6460481099656358 0.53984375 0.6408934707903781 0.53984375 0.6168384879725086 0.53671875 0.6013745704467355 0.53671875 0.584192439862543 0.53984375 0.577319587628866 0.53984375 0.5446735395189004 0.53671875 0.5326460481099657 0.53671875 0.5171821305841925 0.53984375 0.5034364261168386 0.53984375 0.4690721649484536 0.53671875 0.4604810996563574 0.53671875 0.44673539518900346 0.53984375 0.4398625429553265 0.540625 0.41580756013745707 0.5359375 0.37972508591065296 0.53984375 0.359106529209622 0.53984375 0.3247422680412372 0.5359375 0.31099656357388317 0.5359375 0.2920962199312715 0.53984375 0.281786941580756 0.53984375 0.24398625429553267 0.53671875 0.23195876288659795 0.53671875 0.21821305841924402 0.53984375 0.20790378006872853 0.53984375 0.1632302405498282 0.5375 0.15635738831615123 0.53671875 0.13402061855670105 0.53359375 0.12542955326460484 0.521875 0.12542955326460484 0.51640625 0.1357388316151203 0.5125 0.1288659793814433 0.48984375 0.12199312714776633 0.48828125 0.11512027491408935 0.49296875 0.10996563573883163 0.49296875 0.09621993127147768 0.490625 0.09278350515463918 0.484375 0.09793814432989692 0.48125 0.10824742268041239 0.4859375 0.11683848797250859 0.484375 0.12714776632302408 0.47578125 0.12371134020618557 0.47109375 0.1288659793814433 0.4515625 0.13230240549828182 0.44921875 0.1512027491408935 0.453125 0.15463917525773196 0.453125 0.16151202749140894 0.44609375 0.16666666666666669 0.4484375 0.17010309278350516 0.44609375 0.18556701030927836
0 0.48359375 0.0859106529209622 0.48046875 0.08247422680412372 0.4765625 0.08762886597938145 0.48359375 0.0859106529209622
0 0.44921875 0.10824742268041239 0.453125 0.10996563573883163 0.4546875 0.11683848797250859 0.46328125 0.11340206185567012 0.46640625 0.1202749140893471 0.46796875 0.10309278350515465 0.46484375 0.09106529209621994 0.46875 0.08419243986254296 0.45859375 0.0859106529209622 0.459375 0.09106529209621994 0.44921875 0.10824742268041239
0 0.52421875 0.10824742268041239 0.5328125 0.10824742268041239 0.5359375 0.11340206185567012 0.540625 0.10652920962199312 0.53671875 0.08075601374570447 0.534375 0.08075601374570447 0.53203125 0.09106529209621994 0.5296875 0.08762886597938145 0.5296875 0.09450171821305843 0.52109375 0.09450171821305843 0.5203125 0.10137457044673541 0.52421875 0.10824742268041239
0 0.47734375 0.78984375 0.0015625 0.0015625
0 0.484375 0.7920962199312716 0.4859375 0.7886597938144331 0.4828125 0.7852233676975946 0.48125 0.7903780068728523 0.484375 0.7920962199312716
0 0.47109375 0.7920962199312716 0.4640625 0.7835051546391754 0.46640625 0.7903780068728523 0.47109375 0.7920962199312716
0 0.52734375 0.7886597938144331 0.53671875 0.7852233676975946 0.525 0.7817869415807561 0.52421875 0.7852233676975946 0.52734375 0.7886597938144331
0 0.490625 0.77890625 0.00078125 0.0015625
0 0.46640625 0.7680412371134021 0.48828125 0.7680412371134021 0.4890625 0.7611683848797252 0.48671875 0.7577319587628867 0.4875 0.7405498281786942 0.4859375 0.7508591065292097 0.4828125 0.745704467353952 0.48359375 0.7646048109965636 0.47421875 0.7628865979381444 0.47734375 0.745704467353952 0.46953125 0.7474226804123713 0.46328125 0.7560137457044674 0.46328125 0.7663230240549829 0.46640625 0.7680412371134021
0 0.47421875 0.7353951890034365 0.4734375 0.731958762886598 0.47109375 0.7336769759450172 0.47421875 0.7353951890034365
0 0.52734375 0.29896907216494845 0.525 0.2972508591065292 0.52421875 0.30068728522336774 0.52734375 0.29896907216494845
0 0.4515625 0.3969072164948454 0.44921875 0.4072164948453609 0.44921875 0.4450171821305842 0.45234375 0.4587628865979382 0.45234375 0.577319587628866 0.45703125 0.6013745704467355 0.45546875 0.6546391752577321 0.46015625 0.6804123711340206 0.459375 0.7027491408934708 0.46640625 0.711340206185567 0.4875 0.7010309278350516 0.5359375 0.7079037800687286 0.53984375 0.6975945017182131 0.53671875 0.6477663230240551 0.540625 0.6391752577319588 0.53984375 0.6099656357388317 0.53671875 0.5945017182130584 0.540625 0.570446735395189 0.540625 0.5446735395189004 0.5375 0.5326460481099657 0.5375 0.5189003436426117 0.540625 0.5068728522336771 0.540625 0.4690721649484536 0.5375 0.4587628865979382 0.540625 0.43814432989690727 0.540625 0.4037800687285224 0.53671875 0.38487972508591073 0.53984375 0.3298969072164949 0.5328125 0.29896907216494845 0.521875 0.3195876288659794 0.51484375 0.31615120274914094 0.51484375 0.29896907216494845 0.51015625 0.29381443298969073 0.4625 0.2972508591065292 0.45625 0.3041237113402062 0.4578125 0.31615120274914094 0.45234375 0.3144329896907217 0.44921875 0.3436426116838488 0.4515625 0.3969072164948454
0 0.34140625 0.14261168384879724 0.34140625 0.15635738831615123 0.3390625 0.1752577319587629 0.34140625 0.18728522336769762 0.34765625 0.1941580756013746 0.34296875 0.21821305841924402 0.34609375 0.23883161512027495 0.34609375 0.29553264604810997 0.3484375 0.30068728522336774 0.35703125 0.302405498281787 0.37578125 0.29381443298969073 0.4265625 0.29381443298969073 0.4359375 0.2920962199312715 0.4390625 0.2852233676975945 0.43984375 0.2577319587628866 0.43515625 0.22336769759450173 0.43671875 0.18556701030927836 0.4390625 0.17869415807560138 0.43515625 0.1443298969072165 0.4359375 0.12199312714776633 0.4390625 0.10824742268041239 0.43359375 0.08762886597938145 0.4265625 0.08419243986254296 0.421875 0.09278350515463918 0.4109375 0.08762886597938145 0.4078125 0.09450171821305843 0.3953125 0.0859106529209622 0.38671875 0.09106529209621994 0.37265625 0.08762886597938145 0.359375 0.09450171821305843 0.3453125 0.08762886597938145 0.340625 0.09621993127147768 0.33984375 0.10481099656357389 0.33828125 0.13402061855670105 0.34140625 0.14261168384879724
0 0.715625 0.443298969072165 0.71875 0.44158075601374575 0.71875 0.4347079037800688 0.715625 0.4347079037800688 0.715625 0.443298969072165
0 0.63984375 0.4123711340206186 0.63984375 0.4209621993127148 0.64921875 0.42783505154639184 0.71171875 0.42439862542955326 0.71640625 0.4295532646048111 0.725 0.422680412371134 0.721875 0.41065292096219935 0.7234375 0.3969072164948454 0.73125 0.37972508591065296 0.73046875 0.3556701030927835 0.7328125 0.3470790378006873 0.73046875 0.3298969072164949 0.7359375 0.302405498281787 0.7359375 0.2405498281786942 0.74140625 0.22508591065292097 0.73984375 0.20103092783505155 0.74375 0.18556701030927836 0.74140625 0.17869415807560138 0.74140625 0.15635738831615123 0.7453125 0.1443298969072165 0.74453125 0.13402061855670105 0.73828125 0.13230240549828182 0.73125 0.11855670103092783 0.71171875 0.11683848797250859 0.70703125 0.10481099656357389 0.69765625 0.11168384879725086 0.6578125 0.10996563573883163 0.646875 0.12199312714776633 0.64765625 0.1357388316151203 0.6515625 0.14604810996563575 0.65078125 0.16151202749140894 0.65546875 0.17697594501718214 0.64921875 0.20274914089347082 0.65078125 0.25945017182130586 0.6453125 0.29381443298969073 0.65 0.3402061855670103 0.63984375 0.38316151202749144 0.6484375 0.4037800687285224 0.63984375 0.4123711340206186
0 0.6328125 0.6254295532646049 0.6328125 0.6597938144329898 0.6421875 0.6597938144329898 0.6546875 0.6494845360824744 0.66328125 0.6323024054982819 0.71328125 0.6254295532646049 0.71328125 0.6013745704467355 0.7171875 0.5876288659793815 0.71640625 0.5670103092783505 0.71953125 0.5567010309278351 0.715625 0.5429553264604812 0.71640625 0.527491408934708 0.7140625 0.5223367697594502 0.69765625 0.5223367697594502 0.69296875 0.5154639175257733 0.684375 0.5223367697594502 0.678125 0.5154639175257733 0.67265625 0.5240549828178694 0.6390625 0.5378006872852235 0.6390625 0.5498281786941581 0.634375 0.5687285223367697 0.6375 0.6185567010309279 0.6328125 0.6254295532646049
0 0.54375 0.6013745704467355 0.54609375 0.6374570446735396 0.54609375 0.7783505154639176 0.62109375 0.7714776632302407 0.62109375 0.7508591065292097 0.6234375 0.745704467353952 0.62265625 0.6752577319587629 0.6265625 0.6546391752577321 0.62734375 0.6151202749140894 0.6296875 0.6030927835051547 0.625 0.5652920962199313 0.63046875 0.5378006872852235 0.62890625 0.5085910652920963 0.63125 0.4587628865979382 0.628125 0.4450171821305842 0.63046875 0.4312714776632303 0.5609375 0.4347079037800688 0.54921875 0.44158075601374575 0.54609375 0.47938144329896915 0.54765625 0.5223367697594502 0.54453125 0.5412371134020619 0.546875 0.5859106529209622 0.54375 0.6013745704467355
0 0.5484375 0.7817869415807561 0.62421875 0.7714776632302407 0.62578125 0.6941580756013745 0.62265625 0.6855670103092784 0.55703125 0.6890034364261168 0.54765625 0.6924398625429553 0.5453125 0.7061855670103093 0.5453125 0.7783505154639176 0.5484375 0.7817869415807561
0 0.4484375 0.36769759450171824 0.4515625 0.39003436426116844 0.44921875 0.4072164948453609 0.44921875 0.44673539518900346 0.453125 0.46219931271477666 0.45078125 0.5 0.4546875 0.5309278350515465 0.453125 0.5738831615120275 0.45859375 0.5996563573883162 0.45625 0.6408934707903781 0.46171875 0.6494845360824744 0.48828125 0.6460481099656358 0.49609375 0.6391752577319588 0.5359375 0.6460481099656358 0.5390625 0.6391752577319588 0.5390625 0.6116838487972509 0.5359375 0.5859106529209622 0.53984375 0.577319587628866 0.5375 0.5189003436426117 0.540625 0.5068728522336771 0.540625 0.4690721649484536 0.5375 0.4518900343642612 0.540625 0.44158075601374575 0.54140625 0.41408934707903783 0.5375 0.38659793814432997 0.53984375 0.33161512027491413 0.5359375 0.32130584192439865 0.53359375 0.2972508591065292 0.52578125 0.2920962199312715 0.515625 0.29896907216494845 0.50859375 0.2920962199312715 0.48984375 0.2920962199312715 0.45859375 0.29896907216494845 0.4578125 0.30927835051546393 0.46328125 0.3230240549828179 0.45625 0.33676975945017185 0.45234375 0.3298969072164949 0.44921875 0.3505154639175258 0.45078125 0.35738831615120276 0.4484375 0.36769759450171824
0 0.303125 0.75703125 0.00234375 0.0015625
0 0.28359375 0.6855670103092784 0.2890625 0.718213058419244 0.29453125 0.7199312714776632 0.2921875 0.7405498281786942 0.296875 0.7439862542955327 0.34921875 0.7405498281786942 0.3578125 0.731958762886598 0.35703125 0.7268041237113403 0.3484375 0.7233676975945018 0.346875 0.7130584192439863 0.3640625 0.7130584192439863 0.36640625 0.7061855670103093 0.36640625 0.6821305841924399 0.35859375 0.6546391752577321 0.33671875 0.6512027491408936 0.33515625 0.6460481099656358 0.2828125 0.6529209621993128 0.28125 0.6580756013745706 0.28359375 0.6855670103092784
0 0.503125 0.19931271477663232 0.503125 0.1941580756013746 0.49921875 0.1941580756013746 0.49765625 0.20103092783505155 0.503125 0.19931271477663232
0 0.48125 0.19931271477663232 0.48515625 0.19243986254295536 0.47890625 0.19587628865979384 0.48125 0.19931271477663232
0 0.63671875 0.1907216494845361 0.63515625 0.18728522336769762 0.63359375 0.18900343642611686 0.63671875 0.1907216494845361
0 0.60390625 0.18728522336769762 0.60234375 0.18384879725085912 0.6015625 0.18900343642611686 0.60390625 0.18728522336769762
0 0.62265625 0.18900343642611686 0.6234375 0.18384879725085912 0.61953125 0.17697594501718214 0.61953125 0.18728522336769762 0.62265625 0.18900343642611686
0 0.46875 0.20446735395189006 0.4765625 0.19243986254295536 0.47421875 0.17869415807560138 0.4703125 0.17697594501718214 0.4640625 0.17869415807560138 0.465625 0.18213058419243988 0.46171875 0.18728522336769762 0.45546875 0.18556701030927836 0.45078125 0.19243986254295536 0.44609375 0.18900343642611686 0.44609375 0.20446735395189006 0.46875 0.20446735395189006
0 0.4515625 0.12542955326460484 0.44765625 0.1357388316151203 0.45078125 0.14261168384879724 0.44609375 0.14948453608247422 0.44609375 0.16666666666666669 0.4484375 0.15807560137457047 0.50859375 0.15807560137457047 0.51171875 0.14776632302405499 0.5140625 0.15292096219931273 0.525 0.15463917525773196 0.528125 0.14604810996563575 0.52734375 0.13402061855670105 0.521875 0.12371134020618557 0.53828125 0.11512027491408935 0.55078125 0.12199312714776633 0.55234375 0.13402061855670105 0.54375 0.1512027491408935 0.54765625 0.14948453608247422 0.54921875 0.15807560137457047 0.6265625 0.15807560137457047 0.63671875 0.15292096219931273 0.63984375 0.1357388316151203 0.63828125 0.12542955326460484 0.64453125 0.10652920962199312 0.64375 0.0859106529209622 0.6390625 0.07388316151202749 0.63359375 0.070446735395189 0.6265625 0.07731958762886598 0.61953125 0.07216494845360825 0.5828125 0.070446735395189 0.578125 0.08075601374570447 0.57109375 0.07388316151202749 0.553125 0.07388316151202749 0.54375 0.08419243986254296 0.53671875 0.07731958762886598 0.5265625 0.08247422680412372 0.51484375 0.07731958762886598 0.509375 0.08419243986254296 0.5 0.07731958762886598 0.49140625 0.0859106529209622 0.48359375 0.08075601374570447 0.4625 0.08075601374570447 0.45625 0.0859106529209622 0.446875 0.08419243986254296 0.44375 0.09450171821305843 0.44375 0.12542955326460484 0.4515625 0.12542955326460484
0 0.5046875 0.50390625 0.0015625 0.0015625
0 0.48427734375 0.5054768041237113 0.4828125 0.5051546391752578 0.4828125 0.5103092783505155 0.48427734375 0.5054768041237113
0 0.490625 0.5068728522336771 0.48461538461538456 0.5055511498810469 0.4875 0.5103092783505155 0.490625 0.5068728522336771
0 0.46484375 0.5034364261168386 0.465625 0.5085910652920963 0.46796875 0.5034364261168386 0.4703125 0.5103092783505155 0.4765625 0.5068728522336771 0.471875 0.5 0.46015625 0.5017182130584193 0.46171875 0.5085910652920963 0.46484375 0.5034364261168386
0 0.4890625 0.4725085910652921 0.50078125 0.4725085910652921 0.49921875 0.46735395189003437 0.503125 0.46735395189003437 0.49765625 0.46219931271477666 0.4984375 0.46735395189003437 0.4890625 0.4725085910652921
0 0.4625 0.46735395189003437 0.46328125 0.4776632302405499 0.4734375 0.47079037800687284 0.482421875 0.4742268041237113 0.4859375 0.4690721649484536 0.48671875 0.4742268041237113 0.4875 0.4518900343642612 0.48984375 0.4450171821305842 0.50859375 0.44158075601374575 0.53671875 0.44673539518900346 0.540625 0.44158075601374575 0.54140625 0.4037800687285224 0.5375 0.38659793814432997 0.53671875 0.365979381443299 0.484375 0.365979381443299 0.44921875 0.3762886597938145 0.44921875 0.443298969072165 0.4625 0.46735395189003437
0 0.65078125 0.31615120274914094 0.734375 0.30927835051546393 0.7375 0.26460481099656363 0.73359375 0.25945017182130586 0.71875 0.2731958762886598 0.71328125 0.2731958762886598 0.7109375 0.2680412371134021 0.67421875 0.2731958762886598 0.65078125 0.26975945017182135 0.64453125 0.281786941580756 0.64375 0.30068728522336774 0.65078125 0.31615120274914094
0 0.68515625 0.25078125 0.0015625 0.003125
0 0.54609375 0.563573883161512 0.54609375 0.5910652920962199 0.54375 0.5996563573883162 0.54609375 0.6374570446735396 0.54375 0.6666666666666667 0.546875 0.7783505154639176 0.62109375 0.7714776632302407 0.62265625 0.7594501718213059 0.6203125 0.7508591065292097 0.6234375 0.745704467353952 0.6234375 0.6804123711340206 0.63046875 0.6013745704467355 0.62578125 0.5721649484536082 0.62578125 0.5549828178694158 0.63046875 0.5360824742268042 0.62734375 0.5017182130584193 0.584375 0.5 0.55390625 0.5051546391752578 0.54921875 0.5103092783505155 0.5453125 0.5429553264604812 0.54921875 0.5532646048109966 0.54609375 0.563573883161512
0 0.45625 0.6357388316151203 0.459375 0.6408934707903781 0.46640625 0.6357388316151203 0.47734375 0.6408934707903781 0.4828125 0.6305841924398626 0.48125 0.6219931271477663 0.47265625 0.6185567010309279 0.46328125 0.6254295532646049 0.4609375 0.6357388316151203 0.45625 0.6357388316151203
0 0.47265625 0.6116838487972509 0.46796875 0.6082474226804124 0.46875 0.6134020618556701 0.47265625 0.6116838487972509
0 0.459375 0.60625 0.00078125 0.003125
0 0.5359375 0.6134020618556701 0.5359375 0.604810996563574 0.53203125 0.6013745704467355 0.53046875 0.6151202749140894 0.5359375 0.6134020618556701
0 0.459375 0.5953125 0.00078125 0.0015625
0 0.45078125 0.39518900343642616 0.44921875 0.44673539518900346 0.45234375 0.4604810996563574 0.45078125 0.513745704467354 0.4546875 0.5326460481099657 0.4546875 0.5824742268041238 0.47734375 0.5859106529209622 0.53671875 0.5807560137457045 0.53984375 0.570446735395189 0.53984375 0.5412371134020619 0.53671875 0.5189003436426117 0.540625 0.5017182130584193 0.540625 0.4690721649484536 0.5375 0.4553264604810997 0.54140625 0.42783505154639184 0.540625 0.40034364261168387 0.5375 0.38316151202749144 0.540625 0.359106529209622 0.540625 0.33161512027491413 0.53359375 0.29553264604810997 0.52265625 0.29037800687285226 0.45859375 0.29553264604810997 0.44921875 0.30927835051546393 0.4484375 0.3298969072164949 0.44765625 0.3711340206185567 0.45078125 0.39518900343642616
0 0.528125 0.18556701030927836 0.52734375 0.19243986254295536 0.5328125 0.19931271477663232 0.53125 0.17697594501718214 0.528125 0.1752577319587629 0.53046875 0.18556701030927836 0.528125 0.18556701030927836
0 0.49765625 0.18384879725085912 0.50625 0.17869415807560138 0.5015625 0.17353951890034364 0.496875 0.17697594501718214 0.49765625 0.18384879725085912
0 0.4734375 0.20274914089347082 0.51796875 0.20274914089347082 0.5234375 0.18900343642611686 0.503125 0.18384879725085912 0.49375 0.1907216494845361 0.48046875 0.17353951890034364 0.4625 0.1752577319587629 0.46015625 0.18213058419243988 0.4453125 0.18728522336769762 0.44609375 0.20962199312714777 0.4734375 0.20274914089347082
0 0.51875 0.14948453608247422 0.521875 0.15292096219931273 0.525 0.1443298969072165 0.52421875 0.13402061855670105 0.52109375 0.13230240549828182 0.51953125 0.14261168384879724 0.52109375 0.14776632302405499 0.51875 0.14948453608247422
0 0.44609375 0.1288659793814433 0.44921875 0.12199312714776633 0.4515625 0.12371134020618557 0.45078125 0.1357388316151203 0.453125 0.13917525773195877 0.44609375 0.1512027491408935 0.44609375 0.1632302405498282 0.44921875 0.15463917525773196 0.4921875 0.1597938144329897 0.5015625 0.15463917525773196 0.50625 0.1443298969072165 0.51328125 0.1443298969072165 0.515625 0.13917525773195877 0.5171875 0.1443298969072165 0.51875 0.1202749140893471 0.53046875 0.1202749140893471 0.54140625 0.11340206185567012 0.55078125 0.1202749140893471 0.5515625 0.12714776632302408 0.5578125 0.13230240549828182 0.55703125 0.13745704467353953 0.5484375 0.140893470790378 0.54453125 0.1512027491408935 0.553125 0.16151202749140894 0.55 0.16838487972508592 0.54921875 0.19243986254295536 0.5546875 0.19931271477663232 0.5671875 0.1941580756013746 0.6375 0.19587628865979384 0.64140625 0.18900343642611686 0.6390625 0.16494845360824745 0.62734375 0.16151202749140894 0.6359375 0.15463917525773196 0.63515625 0.14776632302405499 0.6390625 0.13745704467353953 0.6375 0.12542955326460484 0.64453125 0.10481099656357389 0.64375 0.08762886597938145 0.63671875 0.07216494845360825 0.62578125 0.07731958762886598 0.58359375 0.070446735395189 0.578125 0.07903780068728523 0.57109375 0.07388316151202749 0.553125 0.07388316151202749 0.54453125 0.08419243986254296 0.53671875 0.07731958762886598 0.52578125 0.08419243986254296 0.51875 0.07731958762886598 0.509375 0.08419243986254296 0.5 0.07731958762886598 0.49140625 0.0859106529209622 0.48359375 0.08075601374570447 0.4625 0.08075601374570447 0.45625 0.08762886597938145 0.446875 0.08419243986254296 0.44296875 0.09621993127147768 0.44375 0.12542955326460484 0.44609375 0.1288659793814433
0 0.33828125 0.1357388316151203 0.340625 0.140893470790378 0.34140625 0.1632302405498282 0.33984375 0.18900343642611686 0.34140625 0.21305841924398625 0.34453125 0.21993127147766325 0.371875 0.21305841924398625 0.4328125 0.21477663230240554 0.43828125 0.2061855670103093 0.43828125 0.1752577319587629 0.43515625 0.16666666666666669 0.43828125 0.11168384879725086 0.43671875 0.09621993127147768 0.43203125 0.08419243986254296 0.428125 0.08247422680412372 0.421875 0.08934707903780069 0.41484375 0.08419243986254296 0.40390625 0.08934707903780069 0.3765625 0.0859106529209622 0.35859375 0.09278350515463918 0.3453125 0.08762886597938145 0.3390625 0.10137457044673541 0.340625 0.11168384879725086 0.33828125 0.1357388316151203
0 0.46875 0.7353951890034365 0.46875 0.7268041237113403 0.471875 0.7233676975945018 0.47734375 0.725085910652921 0.47578125 0.7353951890034365 0.47890625 0.7268041237113403 0.48203125 0.7285223367697595 0.48125 0.7336769759450172 0.48828125 0.7302405498281788 0.48828125 0.7233676975945018 0.4859375 0.7285223367697595 0.47421875 0.7216494845360826 0.465625 0.7268041237113403 0.46484375 0.7302405498281788 0.46875 0.7353951890034365
0 0.46484375 0.6237113402061857 0.46171875 0.6391752577319588 0.45625 0.6391752577319588 0.4546875 0.6443298969072165 0.459375 0.6855670103092784 0.4578125 0.7079037800687286 0.46015625 0.7130584192439863 0.4734375 0.7130584192439863 0.4859375 0.7027491408934708 0.53984375 0.7027491408934708 0.54140625 0.6890034364261168 0.5375 0.6666666666666667 0.5390625 0.6151202749140894 0.5359375 0.6030927835051547 0.5359375 0.5876288659793815 0.53203125 0.5824742268041238 0.4625 0.5876288659793815 0.45859375 0.5927835051546392 0.46015625 0.6065292096219932 0.45625 0.6151202749140894 0.4609375 0.6151202749140894 0.46484375 0.6237113402061857
0 0.453125 0.4604810996563574 0.453125 0.5807560137457045 0.45703125 0.5996563573883162 0.4546875 0.6546391752577321 0.4578125 0.6701030927835052 0.46171875 0.7920962199312716 0.4671875 0.7972508591065293 0.47890625 0.7972508591065293 0.53984375 0.7886597938144331 0.5421875 0.7474226804123713 0.5390625 0.7199312714776632 0.540625 0.6769759450171822 0.5375 0.6666666666666667 0.5375 0.6477663230240551 0.540625 0.6305841924398626 0.53671875 0.5927835051546392 0.53984375 0.5807560137457045 0.53984375 0.5412371134020619 0.53671875 0.5223367697594502 0.540625 0.5 0.540625 0.47079037800687284 0.5375 0.4604810996563574 0.5375 0.4484536082474227 0.540625 0.4398625429553265 0.540625 0.40034364261168387 0.53671875 0.37972508591065296 0.540625 0.3505154639175258 0.53984375 0.3230240549828179 0.5359375 0.30927835051546393 0.5359375 0.29381443298969073 0.5390625 0.288659793814433 0.5390625 0.2800687285223368 0.5171875 0.288659793814433 0.51328125 0.2852233676975945 0.51953125 0.27835051546391754 0.515625 0.2731958762886598 0.47109375 0.2714776632302406 0.46875 0.27491408934707906 0.471875 0.27835051546391754 0.4703125 0.2869415807560137 0.4625 0.2852233676975945 0.4609375 0.29037800687285226 0.44921875 0.29553264604810997 0.44921875 0.4295532646048111 0.453125 0.4604810996563574
0 0.5390625 0.2611683848797251 0.5390625 0.24398625429553267 0.53203125 0.24742268041237114 0.53203125 0.25945017182130586 0.5390625 0.2611683848797251
0 0.51171875 0.23367697594501718 0.5078125 0.23195876288659795 0.50546875 0.23367697594501718 0.51171875 0.23367697594501718
0 0.5359375 0.23711340206185566 0.5359375 0.22852233676975947 0.53359375 0.22852233676975947 0.53203125 0.23711340206185566 0.5359375 0.23711340206185566
0 0.45703125 0.22508591065292097 0.46015625 0.2302405498281787 0.459375 0.24226804123711343 0.4515625 0.2577319587628866 0.45625 0.25429553264604815 0.4578125 0.25945017182130586 0.45703125 0.2525773195876289 0.4609375 0.2508591065292097 0.4640625 0.2611683848797251 0.4671875 0.25429553264604815 0.46953125 0.2628865979381444 0.48671875 0.25945017182130586 0.4921875 0.26632302405498287 0.49921875 0.2560137457044674 0.5015625 0.2577319587628866 0.50625 0.24398625429553267 0.5078125 0.24914089347079038 0.51171875 0.24398625429553267 0.5015625 0.2302405498281787 0.5015625 0.211340206185567 0.471875 0.211340206185567 0.46875 0.2216494845360825 0.4640625 0.21305841924398625 0.4578125 0.21305841924398625 0.45625 0.22336769759450173 0.4484375 0.22336769759450173 0.4515625 0.21477663230240554 0.44609375 0.21305841924398625 0.44609375 0.2302405498281787 0.45703125 0.22508591065292097
0 0.5296875 0.21821305841924402 0.53203125 0.22508591065292097 0.5359375 0.22508591065292097 0.5390625 0.2061855670103093 0.5234375 0.20962199312714777 0.52265625 0.21821305841924402 0.5296875 0.21821305841924402
0 0.5328125 0.1671875 0.00390625 0.0015625
0 0.259375 0.2577319587628866 0.2546875 0.2560137457044674 0.25234375 0.2577319587628866 0.259375 0.2577319587628866
0 0.2640625 0.2484375 0.00234375 0.0015625
0 0.234375 0.1597938144329897 0.23203125 0.18384879725085912 0.2359375 0.1941580756013746 0.2375 0.2302405498281787 0.25625 0.23195876288659795 0.2625 0.23883161512027495 0.26953125 0.22680412371134023 0.30703125 0.22680412371134023 0.31015625 0.21993127147766325 0.328125 0.21993127147766325 0.334375 0.21477663230240554 0.3359375 0.1632302405498282 0.3296875 0.1597938144329897 0.33203125 0.14948453608247422 0.3296875 0.140893470790378 0.33671875 0.10996563573883163 0.33203125 0.09793814432989692 0.240625 0.09621993127147768 0.22734375 0.1202749140893471 0.2265625 0.140893470790378 0.234375 0.1597938144329897
0 0.459375 0.6185567010309279 0.4625 0.604810996563574 0.46015625 0.6030927835051547 0.46171875 0.6065292096219932 0.459375 0.6185567010309279
0 0.45625 0.6323024054982819 0.45703125 0.6391752577319588 0.47734375 0.6408934707903781 0.49375 0.6323024054982819 0.5046875 0.6374570446735396 0.50703125 0.6340206185567011 0.503125 0.6271477663230242 0.5109375 0.6202749140893471 0.5125 0.6340206185567011 0.52578125 0.6391752577319588 0.5375 0.6323024054982819 0.5328125 0.6202749140893471 0.5375 0.6116838487972509 0.534375 0.6013745704467355 0.521875 0.6013745704467355 0.51875 0.5962199312714777 0.51484375 0.5996563573883162 0.51171875 0.6116838487972509 0.5046875 0.5962199312714777 0.50234375 0.604810996563574 0.51015625 0.6151202749140894 0.5015625 0.6288659793814434 0.49765625 0.6237113402061857 0.48046875 0.6202749140893471 0.4765625 0.6082474226804124 0.46796875 0.6082474226804124 0.46796875 0.6202749140893471 0.45625 0.6323024054982819
0 0.45390625 0.5360824742268042 0.45234375 0.577319587628866 0.45546875 0.5859106529209622 0.53359375 0.5824742268041238 0.54140625 0.5687285223367697 0.53671875 0.5 0.540625 0.4862542955326461 0.534375 0.4484536082474227 0.52578125 0.443298969072165 0.46953125 0.44673539518900346 0.46015625 0.4518900343642612 0.45390625 0.4690721649484536 0.45078125 0.48797250859106533 0.45390625 0.5360824742268042
0 0.5453125 0.24226804123711343 0.5453125 0.281786941580756 0.55078125 0.29553264604810997 0.54921875 0.3195876288659794 0.6 0.32130584192439865 0.6390625 0.31099656357388317 0.6390625 0.29037800687285226 0.64140625 0.2852233676975945 0.640625 0.2577319587628866 0.64375 0.2405498281786942 0.63984375 0.21993127147766325 0.63984375 0.20274914089347082 0.57734375 0.20103092783505155 0.5515625 0.20962199312714777 0.55 0.2302405498281787 0.5453125 0.24226804123711343
0 0.5015625 0.4875 0.0015625 0.0015625
0 0.465625 0.48797250859106533 0.459375 0.4862542955326461 0.459375 0.4914089347079038 0.465625 0.48797250859106533
0 0.5203125 0.48797250859106533 0.51953125 0.4828178694158076 0.5171875 0.48453608247422686 0.5203125 0.48797250859106533
0 0.5140625 0.4896907216494846 0.5171875 0.48453608247422686 0.51484375 0.4862542955326461 0.5140625 0.4896907216494846
0 0.4703125 0.49312714776632305 0.4734375 0.5034364261168386 0.4828125 0.5017182130584193 0.4859375 0.5068728522336771 0.484375 0.5103092783505155 0.4875 0.5103092783505155 0.4875 0.49312714776632305 0.49296875 0.4896907216494846 0.49296875 0.48453608247422686 0.471875 0.4810996563573884 0.4671875 0.48797250859106533 0.46640625 0.4948453608247423 0.4703125 0.49312714776632305
0 0.453125 0.40549828178694164 0.453125 0.41408934707903783 0.45859375 0.41408934707903783 0.45390625 0.4123711340206186 0.453125 0.40549828178694164
0 0.48828125 0.3934707903780069 0.4875 0.3883161512027492 0.4859375 0.3934707903780069 0.48828125 0.3934707903780069
0 0.5078125 0.37890625 0.00078125 0.0015625
0 0.4578125 0.4037800687285224 0.4625 0.4261168384879725 0.46171875 0.44673539518900346 0.45859375 0.4484536082474227 0.4609375 0.4518900343642612 0.45625 0.45704467353951894 0.46640625 0.4639175257731959 0.4703125 0.4587628865979382 0.4734375 0.46219931271477666 0.4765625 0.44158075601374575 0.51015625 0.4398625429553265 0.52265625 0.4450171821305842 0.5265625 0.42783505154639184 0.5296875 0.43642611683848803 0.53359375 0.43642611683848803 0.5296875 0.43298969072164956 0.5296875 0.4209621993127148 0.53828125 0.4175257731958763 0.5328125 0.39862542955326463 0.5296875 0.4072164948453609 0.51875 0.4089347079037801 0.51640625 0.40034364261168387 0.475 0.40034364261168387 0.47265625 0.39518900343642616 0.4765625 0.38316151202749144 0.4625 0.38316151202749144 0.46328125 0.3762886597938145 0.46015625 0.37457044673539525 0.4578125 0.3762886597938145 0.45703125 0.38659793814432997 0.4671875 0.3969072164948454 0.4578125 0.4037800687285224
0 0.53359375 0.39518900343642616 0.5359375 0.39003436426116844 0.5328125 0.38316151202749144 0.5328125 0.372852233676976 0.53125 0.3762886597938145 0.53046875 0.39003436426116844 0.53359375 0.39518900343642616
0 0.5265625 0.3762886597938145 0.5203125 0.372852233676976 0.51875 0.3780068728522337 0.51796875 0.38316151202749144 0.5265625 0.3762886597938145
0 0.5328125 0.3515625 0.0015625 0.0015625
0 0.5328125 0.34453125 0.00234375 0.0015625
0 0.53203125 0.334375 0.0015625 0.0015625
0 0.4546875 0.359106529209622 0.45546875 0.365979381443299 0.4609375 0.3556701030927835 0.46171875 0.365979381443299 0.47421875 0.35223367697594504 0.484375 0.3539518900343643 0.4859375 0.3625429553264605 0.49375 0.3694158075601375 0.48984375 0.372852233676976 0.48984375 0.3780068728522337 0.49765625 0.39518900343642616 0.50234375 0.39003436426116844 0.49921875 0.38316151202749144 0.49765625 0.365979381443299 0.5359375 0.3625429553264605 0.53359375 0.35738831615120276 0.52421875 0.35738831615120276 0.521875 0.34879725085910657 0.52265625 0.33676975945017185 0.51953125 0.33161512027491413 0.5140625 0.3350515463917526 0.515625 0.34192439862542956 0.5125 0.3505154639175258 0.50703125 0.34879725085910657 0.5078125 0.33676975945017185 0.5046875 0.33161512027491413 0.49921875 0.33161512027491413 0.4953125 0.3402061855670103 0.48359375 0.3350515463917526 0.47890625 0.34536082474226804 0.46640625 0.3402061855670103 0.459375 0.3470790378006873 0.459375 0.3556701030927835 0.4546875 0.359106529209622
0 0.44921875 0.3041237113402062 0.459375 0.31271477663230246 0.453125 0.3230240549828179 0.521875 0.3230240549828179 0.52890625 0.31271477663230246 0.5328125 0.31615120274914094 0.5359375 0.29381443298969073 0.54140625 0.2800687285223368 0.540625 0.2405498281786942 0.5375 0.22680412371134023 0.54140625 0.2061855670103093 0.540625 0.14948453608247422 0.5375 0.12542955326460484 0.54375 0.10824742268041239 0.540625 0.08419243986254296 0.5359375 0.07731958762886598 0.52578125 0.0859106529209622 0.515625 0.07731958762886598 0.51015625 0.08419243986254296 0.5 0.07731958762886598 0.4921875 0.0859106529209622 0.48359375 0.08075601374570447 0.44921875 0.08247422680412372 0.44296875 0.09793814432989692 0.44453125 0.281786941580756 0.44921875 0.3041237113402062
0 0.63046875 0.5945017182130584 0.621875 0.5549828178694158 0.6265625 0.5498281786941581 0.63046875 0.5309278350515465 0.628125 0.5240549828178694 0.6203125 0.5292096219931273 0.6171875 0.5463917525773196 0.62265625 0.5515463917525774 0.61953125 0.5584192439862543 0.6109375 0.5567010309278351 0.609375 0.5452462772050402 0.609375 0.5584192439862543 0.60703125 0.5618556701030928 0.55390625 0.563573883161512 0.546875 0.5738831615120275 0.54375 0.5996563573883162 0.54609375 0.6340206185567011 0.6234375 0.6323024054982819 0.6265625 0.6288659793814434 0.63046875 0.5945017182130584
0 0.6140625 0.5078125 0.0046875 0.0015625
0 0.57109375 0.5189003436426117 0.57109375 0.5292096219931273 0.56640625 0.5292096219931273 0.56484375 0.534364261168385 0.56875 0.5360824742268042 0.571875 0.5309278350515465 0.5734375 0.5360824742268042 0.57578125 0.5309278350515465 0.578125 0.5360824742268042 0.59609375 0.5326460481099657 0.5953125 0.5257731958762888 0.6046875 0.5085910652920963 0.5984375 0.5051546391752578 0.5984375 0.5189003436426117 0.5921875 0.5103092783505155 0.593359375 0.5051546391752578 0.590625 0.5120274914089348 0.5875 0.5034364261168386 0.5671875 0.5085910652920963 0.5671875 0.5189003436426117 0.57109375 0.5189003436426117
0 0.4453125 0.18728522336769762 0.44296875 0.20962199312714777 0.4453125 0.2920962199312715 0.53984375 0.2869415807560137 0.54140625 0.2457044673539519 0.5375 0.22336769759450173 0.54140625 0.20790378006872853 0.54140625 0.1907216494845361 0.5375 0.11683848797250859 0.50390625 0.1202749140893471 0.48359375 0.10824742268041239 0.48046875 0.11683848797250859 0.45234375 0.11683848797250859 0.44453125 0.1288659793814433 0.4421875 0.1752577319587629 0.4453125 0.18728522336769762
0 0.490625 0.10481099656357389 0.49140625 0.09106529209621994 0.4890625 0.09106529209621994 0.4875 0.10137457044673541 0.490625 0.10481099656357389
0 0.484375 0.08419243986254296 0.47734375 0.08075601374570447 0.4765625 0.08419243986254296 0.484375 0.08419243986254296
0 0.29296875 0.7542955326460482 0.2921875 0.7749140893470792 0.29765625 0.7989690721649485 0.3078125 0.802405498281787 0.3640625 0.79553264604811 0.3703125 0.7869415807560138 0.3703125 0.7268041237113403 0.3640625 0.7010309278350516 0.3625 0.6821305841924399 0.353125 0.6872852233676976 0.3 0.6872852233676976 0.29765625 0.6958762886597938 0.29453125 0.6907216494845361 0.2953125 0.7027491408934708 0.28984375 0.6993127147766324 0.2875 0.7044673539518901 0.2859375 0.7199312714776632 0.29296875 0.7542955326460482
0 0.303125 0.6625 0.00078125 0.0015625
0 0.3171875 0.65859375 0.0015625 0.0015625
0 0.3296875 0.65703125 0.00390625 0.0015625
0 0.34140625 0.6666666666666667 0.3484375 0.6580756013745706 0.34375 0.6546391752577321 0.33984375 0.6563573883161513 0.34140625 0.6666666666666667
0 0.51015625 0.10309278350515465 0.50703125 0.09278350515463918 0.5015625 0.10137457044673541 0.51015625 0.10309278350515465
0 0.453125 0.08934707903780069 0.453125 0.08419243986254296 0.4484375 0.0859106529209622 0.453125 0.08934707903780069
0 0.4453125 0.23195876288659795 0.4453125 0.2852233676975945 0.44921875 0.2972508591065292 0.4640625 0.29037800687285226 0.5390625 0.2869415807560137 0.540625 0.2405498281786942 0.5375 0.22336769759450173 0.5421875 0.20446735395189006 0.5421875 0.1752577319587629 0.5375 0.13058419243986255 0.540625 0.10652920962199312 0.5390625 0.09106529209621994 0.53515625 0.09106529209621994 0.5328125 0.09793814432989692 0.521875 0.09106529209621994 0.51953125 0.10137457044673541 0.525 0.11168384879725086 0.51171875 0.11855670103092783 0.49453125 0.11340206185567012 0.49296875 0.09106529209621994 0.4875 0.09450171821305843 0.48203125 0.08075601374570447 0.48359375 0.09278350515463918 0.48125 0.09621993127147768 0.47578125 0.08934707903780069 0.4765625 0.08075601374570447 0.47109375 0.09793814432989692 0.4703125 0.11168384879725086 0.46640625 0.09450171821305843 0.46328125 0.09793814432989692 0.4515625 0.09278350515463918 0.44609375 0.10137457044673541 0.44921875 0.10481099656357389 0.44453125 0.11512027491408935 0.446875 0.11855670103092783 0.44296875 0.14261168384879724 0.4421875 0.21305841924398625 0.4453125 0.23195876288659795
0 0.46328125 0.09278350515463918 0.4703125 0.0859106529209622 0.4625 0.08075601374570447 0.45859375 0.08762886597938145 0.46328125 0.09278350515463918
0 0.496875 0.09106529209621994 0.5046875 0.08419243986254296 0.5015625 0.07903780068728523 0.496875 0.08075601374570447 0.49453125 0.08419243986254296 0.496875 0.09106529209621994
0 0.54453125 0.422680412371134 0.55 0.43814432989690727 0.55390625 0.43298969072164956 0.63046875 0.4261168384879725 0.6359375 0.3969072164948454 0.634375 0.35738831615120276 0.625 0.34536082474226804 0.6328125 0.34192439862542956 0.6375 0.32130584192439865 0.6234375 0.3178694158075602 0.54921875 0.3247422680412372 0.54609375 0.3298969072164949 0.54921875 0.3505154639175258 0.5453125 0.365979381443299 0.546875 0.39003436426116844 0.54453125 0.422680412371134
0 0.46953125 0.7989690721649485 0.53359375 0.7920962199312716 0.54296875 0.7852233676975946 0.5421875 0.7680412371134021 0.5375 0.7611683848797252 0.4953125 0.7611683848797252 0.4625 0.7714776632302407 0.46171875 0.79553264604811 0.46953125 0.7989690721649485
0 0.55078125 0.21649484536082478 0.5453125 0.24398625429553267 0.54609375 0.28350515463917525 0.5515625 0.29553264604810997 0.55078125 0.3195876288659794 0.60234375 0.3195876288659794 0.6375 0.31099656357388317 0.64296875 0.2405498281786942 0.640625 0.21649484536082478 0.64375 0.14948453608247422 0.640625 0.13917525773195877 0.640625 0.11855670103092783 0.64453125 0.10824742268041239 0.64375 0.08762886597938145 0.63828125 0.07388316151202749 0.61875 0.07388316151202749 0.615625 0.07903780068728523 0.6140625 0.07388316151202749 0.60078125 0.07216494845360825 0.59453125 0.07903780068728523 0.58828125 0.070446735395189 0.58359375 0.070446735395189 0.57890625 0.07903780068728523 0.57109375 0.07388316151202749 0.55 0.07731958762886598 0.54765625 0.08419243986254296 0.5515625 0.1357388316151203 0.54609375 0.16151202749140894 0.54609375 0.20103092783505155 0.55078125 0.21649484536082478
0 0.6453125 0.2852233676975945 0.6453125 0.29896907216494845 0.65078125 0.3075601374570447 0.73046875 0.30584192439862545 0.73359375 0.302405498281787 0.73828125 0.2714776632302406 0.73515625 0.2525773195876289 0.7359375 0.24226804123711343 0.72890625 0.2302405498281787 0.68203125 0.2302405498281787 0.65078125 0.23711340206185566 0.6515625 0.2577319587628866 0.6453125 0.2852233676975945
0 0.6546875 0.7353951890034365 0.6578125 0.7302405498281788 0.653125 0.7302405498281788 0.6546875 0.7353951890034365
0 0.67109375 0.7302405498281788 0.66796875 0.7285223367697595 0.66640625 0.7353951890034365 0.67109375 0.7302405498281788
0 0.63359375 0.7439862542955327 0.6375 0.7336769759450172 0.640234375 0.7405498281786942 0.64140625 0.731958762886598 0.6453125 0.7405498281786942 0.64453125 0.7302405498281788 0.63125 0.731958762886598 0.6296875 0.7439862542955327 0.63359375 0.7439862542955327
0 0.68125 0.7285223367697595 0.68359375 0.7336769759450172 0.68125 0.7268041237113403 0.67890625 0.7353951890034365 0.68125 0.7285223367697595
0 0.62890625 0.6907216494845361 0.63671875 0.6975945017182131 0.63203125 0.7061855670103093 0.634375 0.7096219931271478 0.6296875 0.7130584192439863 0.63046875 0.718213058419244 0.65078125 0.718213058419244 0.6578125 0.711340206185567 0.70703125 0.7130584192439863 0.70703125 0.6890034364261168 0.7109375 0.6804123711340206 0.70625 0.6718213058419245 0.71328125 0.6477663230240551 0.71328125 0.5962199312714777 0.71640625 0.5876288659793815 0.71640625 0.5652920962199313 0.6921875 0.5618556701030928 0.6578125 0.5670103092783505 0.65390625 0.570446735395189 0.65859375 0.5824742268041238 0.63671875 0.5927835051546392 0.63828125 0.6185567010309279 0.6296875 0.6391752577319588 0.63125 0.6649484536082475 0.62890625 0.6907216494845361
0 0.35625 0.32130584192439865 0.3609375 0.30927835051546393 0.3671875 0.3041237113402062 0.35625 0.302405498281787 0.35390625 0.31099656357388317 0.353125 0.3178694158075602 0.35625 0.32130584192439865
0 0.4109375 0.30068728522336774 0.4078125 0.29896907216494845 0.40625 0.30068728522336774 0.4109375 0.30068728522336774
0 0.353125 0.3470790378006873 0.36875 0.3556701030927835 0.353125 0.372852233676976 0.35546875 0.38659793814432997 0.35390625 0.44158075601374575 0.35859375 0.47079037800687284 0.35859375 0.5154639175257733 0.36484375 0.5257731958762888 0.3625 0.5567010309278351 0.3640625 0.584192439862543 0.36796875 0.5927835051546392 0.36875 0.6340206185567011 0.3859375 0.6477663230240551 0.3875 0.6426116838487973 0.3890625 0.6477663230240551 0.3953125 0.6460481099656358 0.39609375 0.6391752577319588 0.41875 0.6391752577319588 0.425 0.6288659793814434 0.440625 0.6374570446735396 0.4421875 0.6271477663230242 0.4453125 0.6288659793814434 0.44296875 0.6185567010309279 0.446875 0.6082474226804124 0.44375 0.5876288659793815 0.446875 0.5807560137457045 0.4484375 0.5584192439862543 0.44375 0.5378006872852235 0.44609375 0.5189003436426117 0.44609375 0.47938144329896915 0.44296875 0.4587628865979382 0.4453125 0.4518900343642612 0.44609375 0.4123711340206186 0.43984375 0.39518900343642616 0.4390625 0.37972508591065296 0.43359375 0.36769759450171824 0.4390625 0.36426116838487976 0.4421875 0.35223367697594504 0.4421875 0.33676975945017185 0.43515625 0.3264604810996564 0.4359375 0.31271477663230246 0.42734375 0.29896907216494845 0.425 0.30584192439862545 0.42265625 0.29896907216494845 0.421875 0.31099656357388317 0.41875 0.31615120274914094 0.4140625 0.30927835051546393 0.4046875 0.30927835051546393 0.403125 0.302405498281787 0.39765625 0.29896907216494845 0.3875 0.3041237113402062 0.375 0.30068728522336774 0.37109375 0.3041237113402062 0.378125 0.31099656357388317 0.3796875 0.32130584192439865 0.38828125 0.3247422680412372 0.38359375 0.33676975945017185 0.36875 0.33676975945017185 0.36640625 0.32817869415807566 0.3578125 0.3350515463917526 0.35546875 0.32817869415807566 0.3578125 0.33676975945017185 0.353125 0.3470790378006873
0 0.490625 0.15390625 0.00078125 0.0015625
0 0.509375 0.15234375 0.00234375 0.0015625
0 0.46171875 0.15292096219931273 0.45625 0.1512027491408935 0.45625 0.15635738831615123 0.46171875 0.15292096219931273
0 0.44453125 0.1288659793814433 0.50234375 0.12199312714776633 0.5359375 0.12542955326460484 0.546875 0.10824742268041239 0.546875 0.09106529209621994 0.5375 0.07560137457044674 0.5265625 0.08075601374570447 0.51875 0.07560137457044674 0.50703125 0.08075601374570447 0.5 0.07560137457044674 0.490625 0.08419243986254296 0.4828125 0.07903780068728523 0.44765625 0.08075601374570447 0.44140625 0.09106529209621994 0.44140625 0.12371134020618557 0.44453125 0.1288659793814433
0 0.2859375 0.7233676975945018 0.29296875 0.7542955326460482 0.2921875 0.7766323024054984 0.29609375 0.7989690721649485 0.35390625 0.7989690721649485 0.365625 0.79553264604811 0.3703125 0.7886597938144331 0.3703125 0.7371134020618557 0.365625 0.6838487972508591 0.3609375 0.6752577319587629 0.359375 0.6597938144329898 0.35078125 0.6529209621993128 0.35078125 0.6460481099656358 0.3171875 0.6443298969072165 0.31328125 0.6494845360824744 0.2875 0.6529209621993128 0.284375 0.661512027491409 0.2828125 0.6546391752577321 0.28671875 0.6769759450171822 0.2859375 0.7233676975945018
0 0.34140625 0.21821305841924402 0.34453125 0.2216494845360825 0.3703125 0.21305841924398625 0.4109375 0.21821305841924402 0.434375 0.21477663230240554 0.43828125 0.20962199312714777 0.43984375 0.19587628865979384 0.4390625 0.17697594501718214 0.43203125 0.1718213058419244 0.353125 0.17353951890034364 0.340625 0.17869415807560138 0.33984375 0.20790378006872853 0.34140625 0.21821305841924402
0 0.70078125 0.4398625429553265 0.69921875 0.4347079037800688 0.69765625 0.43814432989690727 0.70078125 0.4398625429553265
0 0.6359375 0.4089347079037801 0.6359375 0.42439862542955326 0.63984375 0.43642611683848803 0.63984375 0.45360824742268047 0.64296875 0.45704467353951894 0.65390625 0.4484536082474227 0.65546875 0.43298969072164956 0.6703125 0.4295532646048111 0.70546875 0.42783505154639184 0.71015625 0.443298969072165 0.7109375 0.4398625429553265 0.715625 0.44673539518900346 0.7203125 0.4450171821305842 0.72890625 0.4209621993127148 0.72421875 0.41065292096219935 0.72421875 0.4020618556701031 0.73203125 0.38316151202749144 0.73125 0.3556701030927835 0.72734375 0.34536082474226804 0.72109375 0.34536082474226804 0.7203125 0.3505154639175258 0.7125 0.3505154639175258 0.71015625 0.3436426116838488 0.70546875 0.3436426116838488 0.70078125 0.3505154639175258 0.64375 0.3539518900343643 0.6390625 0.365979381443299 0.6390625 0.39862542955326463 0.6359375 0.4089347079037801
0 0.659375 0.3195876288659794 0.65234375 0.3195876288659794 0.65234375 0.3247422680412372 0.659375 0.3195876288659794
0 0.68203125 0.32817869415807566 0.69375 0.3230240549828179 0.709375 0.32817869415807566 0.71171875 0.3230240549828179 0.709375 0.31615120274914094 0.70494765625 0.31615120274914094 0.70390625 0.3247422680412372 0.70052109375 0.31615120274914094 0.69765625 0.32130584192439865 0.69609375 0.31615120274914094 0.69166640625 0.31615120274914094 0.690625 0.3230240549828179 0.68723984375 0.31615120274914094 0.684375 0.3247422680412372 0.6828125 0.31615120274914094 0.67578125 0.3178694158075602 0.68203125 0.32817869415807566
0 0.56015625 0.7130584192439863 0.55625 0.7164948453608248 0.5546875 0.7199312714776632 0.56015625 0.7130584192439863
0 0.6125 0.70546875 0.00078125 0.0015625
0 0.55 0.6993127147766324 0.55703125 0.6924398625429553 0.5796875 0.6890034364261168 0.62265625 0.6890034364261168 0.6265625 0.6752577319587629 0.628125 0.6340206185567011 0.6265625 0.6288659793814434 0.55546875 0.6340206185567011 0.54765625 0.6443298969072165 0.54375 0.6632302405498283 0.54453125 0.6872852233676976 0.55 0.6993127147766324
0 0.425 0.39921875 0.0015625 0.0015625
0 0.36171875 0.5034364261168386 0.365625 0.5085910652920963 0.36328125 0.5154639175257733 0.3625 0.584192439862543 0.36640625 0.5979381443298969 0.36640625 0.6426116838487973 0.37109375 0.6632302405498283 0.36953125 0.7044673539518901 0.3734375 0.7353951890034365 0.375 0.7920962199312716 0.38046875 0.7972508591065293 0.45625 0.7920962199312716 0.45625 0.7336769759450172 0.45390625 0.7268041237113403 0.45390625 0.6907216494845361 0.44921875 0.6580756013745706 0.45 0.5532646048109966 0.44453125 0.5326460481099657 0.44609375 0.4810996563573884 0.440625 0.46219931271477666 0.44296875 0.44673539518900346 0.4375 0.4398625429553265 0.44296875 0.4347079037800688 0.44453125 0.4175257731958763 0.44140625 0.4072164948453609 0.43515625 0.40549828178694164 0.4359375 0.3780068728522337 0.409375 0.37457044673539525 0.4046875 0.38316151202749144 0.40390625 0.3762886597938145 0.39375 0.37457044673539525 0.390625 0.38487972508591073 0.38802109375 0.3762886597938145 0.3734375 0.37972508591065296 0.371875 0.39003436426116844 0.37421875 0.3969072164948454 0.3640625 0.41065292096219935 0.3703125 0.41408934707903783 0.36875 0.44158075601374575 0.36015625 0.4518900343642612 0.36015625 0.49312714776632305 0.36171875 0.5034364261168386
0 0.35625 0.1597938144329897 0.353125 0.15807560137457047 0.35234375 0.1632302405498282 0.35625 0.1597938144329897
0 0.34296875 0.13230240549828182 0.3625 0.13402061855670105 0.3859375 0.12714776632302408 0.41484375 0.13058419243986255 0.434375 0.12714776632302408 0.4390625 0.12199312714776633 0.4390625 0.09621993127147768 0.43046875 0.08075601374570447 0.421875 0.0859106529209622 0.37421875 0.08419243986254296 0.35625 0.09106529209621994 0.34453125 0.0859106529209622 0.3375 0.09793814432989692 0.33828125 0.12199312714776633 0.34296875 0.13230240549828182