0 0.2921875 0.5896551724137931 0.29453125 0.5879310344827586 0.29140625 0.5810344827586207 0.28671875 0.5810344827586207 0.2921875 0.5896551724137931
0 0.24609375 0.5982758620689654 0.24921875 0.5706896551724138 0.24375 0.5689655172413792 0.2390625 0.5775862068965517 0.23671875 0.5982758620689654 0.24609375 0.5982758620689654
0 0.3015625 0.5672413793103448 0.30703125 0.5758620689655173 0.309375 0.5568965517241379 0.31328125 0.5534482758620689 0.31015625 0.5465517241379311 0.3046875 0.5534482758620689 0.30625 0.5568965517241379 0.3015625 0.5672413793103448
0 0.27890625 0.5155172413793103 0.30546875 0.5172413793103449 0.3171875 0.5327586206896552 0.3203125 0.5431034482758621 0.31953125 0.5655172413793104 0.3234375 0.5758620689655173 0.32421875 0.5931034482758621 0.33515625 0.5913793103448276 0.34140625 0.5982758620689654 0.34453125 0.5827586206896551 0.34296875 0.5775862068965517 0.3625 0.5362068965517242 0.36015625 0.5258620689655172 0.3640625 0.5120689655172413 0.3703125 0.503448275862069 0.3734375 0.47413793103448276 0.36171875 0.44655172413793104 0.34453125 0.4379310344827586 0.31640625 0.4637931034482759 0.30703125 0.4844827586206897 0.29375 0.4896551724137931 0.28203125 0.5051724137931035 0.28203125 0.5137931034482759 0.27890625 0.5155172413793103
0 0.68203125 0.11551724137931034 0.68359375 0.11896551724137931 0.68125 0.12413793103448276 0.68125 0.15172413793103448 0.67734375 0.1706896551724138 0.678125 0.18448275862068966 0.68203125 0.1896551724137931 0.684375 0.20172413793103447 0.678125 0.20862068965517241 0.68828125 0.2206896551724138 0.68671875 0.22931034482758622 0.68125 0.23448275862068962 0.678125 0.2551724137931034 0.7234375 0.2655172413793103 0.72734375 0.25862068965517243 0.7296875 0.26379310344827583 0.7390625 0.2655172413793103 0.771875 0.2655172413793103 0.77109375 0.253448275862069 0.76484375 0.24310344827586206 0.76875 0.24137931034482757 0.77421875 0.22413793103448273 0.7734375 0.1879310344827586 0.76875 0.1793103448275862 0.76875 0.17241379310344826 0.771875 0.15344827586206897 0.77890625 0.14310344827586208 0.77890625 0.13103448275862067 0.7765625 0.12586206896551724 0.7796875 0.10517241379310345 0.77890625 0.09310344827586206 0.7640625 0.1 0.7453125 0.08793103448275862 0.7203125 0.0896551724137931 0.69375 0.08103448275862069 0.6859375 0.08448275862068966 0.68203125 0.1 0.684375 0.1103448275862069 0.68203125 0.11551724137931034
0 0.6890625 0.0734375 0.00078125 0.0015625
0 0.77578125 0.08620689655172413 0.77578125 0.06896551724137931 0.7734375 0.07586206896551724 0.77265625 0.08793103448275862 0.77578125 0.08620689655172413
0 0.7203125 0.056896551724137934 0.7125 0.05517241379310345 0.71484375 0.06034482758620689 0.7203125 0.056896551724137934
0 0.69375 0.06206896551724138 0.709375 0.05344827586206896 0.6875 0.05344827586206896 0.6890625 0.06034482758620689 0.69375 0.06206896551724138
0 0.41796875 0.47241379310344833 0.41328125 0.4672413793103448 0.41171875 0.46896551724137925 0.41796875 0.47241379310344833
0 0.3953125 0.49137931034482757 0.396875 0.48103448275862065 0.4046875 0.47586206896551725 0.40390625 0.46896551724137925 0.40625 0.4637931034482759 0.4125 0.46206896551724136 0.38671875 0.46206896551724136 0.3796875 0.4793103448275862 0.3796875 0.4931034482758621 0.3953125 0.49137931034482757
0 0.428125 0.5379310344827586 0.43515625 0.5551724137931034 0.434375 0.5775862068965517 0.4390625 0.5827586206896551 0.4453125 0.5810344827586207 0.45546875 0.5551724137931034 0.4671875 0.539655172413793 0.484375 0.5344827586206897 0.49453125 0.5431034482758621 0.4984375 0.5344827586206897 0.5046875 0.5586206896551724 0.50859375 0.5637931034482759 0.51015625 0.5758620689655173 0.51953125 0.5862068965517241 0.5234375 0.5655172413793104 0.5171875 0.5637931034482759 0.51484375 0.5534482758620689 0.51640625 0.5431034482758621 0.5265625 0.5189655172413793 0.53515625 0.5086206896551724 0.5453125 0.5086206896551724 0.5484375 0.5206896551724138 0.55390625 0.5206896551724138 0.55 0.496551724137931 0.54296875 0.48793103448275865 0.53359375 0.4862068965517241 0.51953125 0.5017241379310345 0.5109375 0.503448275862069 0.5078125 0.49482758620689654 0.5125 0.48275862068965514 0.51015625 0.4844827586206897 0.51015625 0.4775862068965517 0.50234375 0.48793103448275865 0.49765625 0.4844827586206897 0.49765625 0.496551724137931 0.4828125 0.4793103448275862 0.47421875 0.45862068965517244 0.46328125 0.44827586206896547 0.45703125 0.44827586206896547 0.44453125 0.4603448275862069 0.434375 0.48793103448275865 0.43359375 0.5327586206896552 0.428125 0.5379310344827586
0 0.46875 0.4051724137931035 0.471875 0.41034482758620683 0.53828125 0.41551724137931034 0.55546875 0.41551724137931034 0.5609375 0.41034482758620683 0.5578125 0.38275862068965516 0.5546875 0.3758620689655172 0.509375 0.3655172413793103 0.46796875 0.3655172413793103 0.46640625 0.38275862068965516 0.46875 0.4051724137931035
0 0.1875 0.29482758620689653 0.1953125 0.2982758620689655 0.27578125 0.29655172413793107 0.32109375 0.30689655172413793 0.328125 0.29655172413793107 0.328125 0.27413793103448275 0.32421875 0.2517241379310345 0.27578125 0.253448275862069 0.265625 0.24482758620689654 0.19609375 0.24482758620689654 0.1890625 0.24655172413793106 0.18515625 0.2551724137931034 0.18515625 0.28793103448275864 0.1875 0.29482758620689653
0 0.03359375 0.3258620689655172 0.0375 0.3448275862068965 0.034375 0.38275862068965516 0.0453125 0.39655172413793105 0.12109375 0.39827586206896554 0.13828125 0.4017241379310345 0.1421875 0.4068965517241379 0.15625 0.40344827586206894 0.165625 0.41034482758620683 0.17890625 0.4051724137931035 0.18203125 0.39827586206896554 0.18203125 0.34827586206896555 0.17578125 0.33620689655172414 0.17265625 0.3137931034482758 0.16796875 0.3017241379310345 0.1640625 0.30517241379310345 0.15625 0.29482758620689653 0.1390625 0.3 0.13125 0.29137931034482756 0.12265625 0.29482758620689653 0.11484375 0.28793103448275864 0.08828125 0.2827586206896552 0.0546875 0.2810344827586207 0.04140625 0.2827586206896552 0.0390625 0.28793103448275864 0.0390625 0.3 0.03359375 0.3258620689655172
0 0.1859375 0.4017241379310345 0.196875 0.4137931034482759 0.2765625 0.41206896551724137 0.315625 0.4206896551724138 0.32734375 0.4086206896551724 0.325 0.35172413793103446 0.31875 0.3310344827586207 0.3171875 0.3137931034482758 0.30625 0.30344827586206896 0.2734375 0.2982758620689655 0.19765625 0.2982758620689655 0.19375 0.30344827586206896 0.190625 0.33793103448275863 0.18671875 0.35172413793103446 0.18828125 0.3586206896551724 0.1859375 0.4017241379310345
0 0.56875 0.22241379310344828 0.5703125 0.24310344827586206 0.60625 0.2396551724137931 0.61875 0.25 0.6265625 0.24655172413793106 0.6375 0.253448275862069 0.659375 0.253448275862069 0.6640625 0.24655172413793106 0.66796875 0.2517241379310345 0.66484375 0.24655172413793106 0.66796875 0.24051724137931033 0.66796875 0.22931034482758622 0.665625 0.22586206896551725 0.66796875 0.21724137931034485 0.6609375 0.20689655172413796 0.66328125 0.2 0.66875 0.2 0.66796875 0.18448275862068966 0.6734375 0.17241379310344826 0.66796875 0.12931034482758622 0.6484375 0.1275862068965517 0.6265625 0.11724137931034481 0.6046875 0.11896551724137931 0.584375 0.11379310344827587 0.57578125 0.11896551724137931 0.56875 0.13275862068965516 0.57109375 0.1706896551724138 0.56875 0.22241379310344828
0 0.603125 0.08448275862068966 0.575 0.08103448275862069 0.57578125 0.08620689655172413 0.603125 0.08448275862068966
0 0.33515625 0.41034482758620683 0.4453125 0.4224137931034483 0.46328125 0.4206896551724138 0.46640625 0.41551724137931034 0.46328125 0.37413793103448273 0.46015625 0.3689655172413793 0.40078125 0.36379310344827587 0.378125 0.35517241379310344 0.34140625 0.3568965517241379 0.3390625 0.34827586206896555 0.334375 0.34827586206896555 0.3328125 0.35517241379310344 0.33125 0.4051724137931035 0.33515625 0.41034482758620683
0 0.56875 0.3913793103448276 0.56640625 0.4137931034482759 0.5703125 0.4206896551724138 0.6609375 0.4275862068965517 0.66015625 0.39827586206896554 0.6703125 0.3793103448275862 0.66796875 0.3620689655172414 0.66953125 0.3293103448275862 0.66640625 0.3103448275862069 0.66796875 0.2982758620689655 0.66640625 0.3017241379310345 0.64921875 0.29482758620689653 0.58359375 0.29137931034482756 0.5703125 0.2982758620689655 0.5703125 0.3086206896551724 0.56640625 0.32241379310344825 0.56484375 0.3706896551724138 0.56875 0.3913793103448276
0 0.61484375 0.2655172413793103 0.621875 0.26379310344827583 0.6140625 0.25862068965517243 0.61015625 0.25862068965517243 0.61484375 0.2655172413793103
0 0.6796875 0.22586206896551725 0.675 0.26379310344827583 0.67890625 0.3 0.73828125 0.30344827586206896 0.7609375 0.3103448275862069 0.77109375 0.30517241379310345 0.771875 0.29482758620689653 0.76796875 0.28620689655172415 0.771875 0.2810344827586207 0.7734375 0.2706896551724138 0.77265625 0.2396551724137931 0.7765625 0.22413793103448273 0.775 0.1879310344827586 0.77265625 0.18448275862068966 0.7421875 0.18448275862068966 0.7109375 0.17413793103448277 0.68203125 0.17758620689655172 0.678125 0.1810344827586207 0.6765625 0.19827586206896552 0.6765625 0.21379310344827585 0.6796875 0.22586206896551725
0 0.46484375 0.23448275862068962 0.4671875 0.2396551724137931 0.46640625 0.26206896551724135 0.46875 0.26724137931034486 0.46953125 0.31896551724137934 0.55859375 0.3310344827586207 0.56015625 0.31724137931034485 0.55625 0.29137931034482756 0.56328125 0.2517241379310345 0.56015625 0.23103448275862068 0.5609375 0.19655172413793104 0.56484375 0.18448275862068966 0.56328125 0.15517241379310345 0.54140625 0.16034482758620688 0.51796875 0.15862068965517243 0.51171875 0.15172413793103448 0.478125 0.15 0.4703125 0.14310344827586208 0.46796875 0.16379310344827586 0.46953125 0.21379310344827585 0.46484375 0.23448275862068962
0 0.03515625 0.05 0.03828125 0.06034482758620689 0.028125 0.10172413793103448 0.0328125 0.11896551724137931 0.02890625 0.1568965517241379 0.03515625 0.16379310344827586 0.0390625 0.17586206896551723 0.03125 0.2189655172413793 0.0359375 0.22931034482758622 0.04375 0.23103448275862068 0.04375 0.23793103448275862 0.0390625 0.24137931034482757 0.04140625 0.2482758620689655 0.03984375 0.26206896551724135 0.04453125 0.2689655172413793 0.05703125 0.2706896551724138 0.0671875 0.2793103448275862 0.13046875 0.2827586206896552 0.13671875 0.27413793103448275 0.14296875 0.27413793103448275 0.14375 0.2827586206896552 0.175 0.28793103448275864 0.17421875 0.2810344827586207 0.178125 0.26724137931034486 0.17421875 0.24482758620689654 0.1765625 0.23275862068965517 0.1703125 0.19310344827586207 0.17890625 0.17758620689655172 0.1796875 0.14310344827586208 0.17265625 0.11206896551724137 0.171875 0.07413793103448277 0.1765625 0.06206896551724138 0.1765625 0.025862068965517244 0.17109375 0.010344827586206896 0.1671875 0.01896551724137931 0.15546875 0.013793103448275862 0.1390625 0.017241379310344827 0.11328125 0.006896551724137931 0.078125 0.008620689655172414 0.07109375 0.0034482758620689655 0.04453125 0.0034482758620689655 0.03125 0.008620689655172414 0.02890625 0.022413793103448276 0.028125 0.043103448275862065 0.03515625 0.05
0 0.4703125 0.07586206896551724 0.47265625 0.08275862068965517 0.47109375 0.11206896551724137 0.4734375 0.12241379310344827 0.47265625 0.13275862068965516 0.46796875 0.14310344827586208 0.46953125 0.21551724137931033 0.465625 0.22758620689655173 0.46875 0.3086206896551724 0.4625 0.3293103448275862 0.46796875 0.3655172413793103 0.46640625 0.38275862068965516 0.46875 0.40344827586206894 0.47109375 0.4086206896551724 0.48828125 0.41206896551724137 0.55703125 0.4137931034482759 0.56015625 0.4086206896551724 0.5578125 0.3896551724137931 0.56171875 0.3396551724137931 0.559375 0.29482758620689653 0.56328125 0.25689655172413794 0.56015625 0.22586206896551725 0.565625 0.16724137931034483 0.5640625 0.14482758620689656 0.56015625 0.1396551724137931 0.5609375 0.12241379310344827 0.56640625 0.10862068965517242 0.565625 0.09137931034482757 0.56796875 0.08103448275862069 0.5640625 0.043103448275862065 0.5671875 0.010344827586206896 0.5609375 0.0017241379310344827 0.509375 0 0.47421875 0.0034482758620689655 0.46953125 0.013793103448275862 0.471875 0.05517241379310345 0.4703125 0.07586206896551724
0 0.34921875 0.1810344827586207 0.35234375 0.19137931034482758 0.34140625 0.19827586206896552 0.34140625 0.21206896551724136 0.33359375 0.2551724137931034 0.3328125 0.29482758620689653 0.34140625 0.3086206896551724 0.34140625 0.32413793103448274 0.33515625 0.35172413793103446 0.33671875 0.3586206896551724 0.33359375 0.38620689655172413 0.334375 0.40344827586206894 0.3453125 0.41034482758620683 0.371875 0.41206896551724137 0.38125 0.4068965517241379 0.3875 0.4137931034482759 0.4140625 0.4068965517241379 0.428125 0.41724137931034483 0.4640625 0.41724137931034483 0.465625 0.41034482758620683 0.46328125 0.3931034482758621 0.4546875 0.3931034482758621 0.45546875 0.3758620689655172 0.4609375 0.3758620689655172 0.45546875 0.32068965517241377 0.465625 0.30689655172413793 0.4640625 0.2603448275862069 0.46015625 0.23448275862068962 0.4609375 0.21206896551724136 0.46640625 0.20344827586206896 0.4625 0.17413793103448277 0.46328125 0.15 0.46015625 0.15517241379310345 0.4546875 0.15 0.440625 0.15517241379310345 0.4390625 0.15 0.42265625 0.15172413793103448 0.41796875 0.14655172413793102 0.415625 0.15172413793103448 0.39765625 0.15172413793103448 0.38984375 0.14482758620689656 0.36484375 0.14827586206896554 0.35 0.1413793103448276 0.34296875 0.15 0.34453125 0.16034482758620688 0.33828125 0.16034482758620688 0.33515625 0.16724137931034483 0.3375 0.17586206896551723 0.34921875 0.1810344827586207
0 0.45 0.1265625 0.00078125 0.0015625
0 0.421875 0.1103448275862069 0.42890625 0.10517241379310345 0.421875 0.1 0.41875 0.10172413793103448 0.421875 0.1103448275862069
0 0.6828125 0.30689655172413793 0.67890625 0.3155172413793103 0.67734375 0.3413793103448276 0.675 0.3448275862068965 0.67421875 0.37241379310344824 0.678125 0.38275862068965516 0.66953125 0.41724137931034483 0.67109375 0.4275862068965517 0.746875 0.4379310344827586 0.76875 0.4362068965517241 0.76796875 0.4068965517241379 0.771875 0.3913793103448276 0.76953125 0.3603448275862069 0.76953125 0.31724137931034485 0.77265625 0.3103448275862069 0.771875 0.2793103448275862 0.74609375 0.27241379310344827 0.6921875 0.27241379310344827 0.6859375 0.26379310344827583 0.67890625 0.2655172413793103 0.67734375 0.27413793103448275 0.678125 0.29655172413793107 0.6828125 0.30689655172413793
0 0.4703125 0.10517241379310345 0.47265625 0.10689655172413792 0.48828125 0.1103448275862069 0.49453125 0.10517241379310345 0.51640625 0.10517241379310345 0.5390625 0.11896551724137931 0.56328125 0.11896551724137931 0.56875 0.10862068965517242 0.56640625 0.1 0.5671875 0.07413793103448277 0.5453125 0.07241379310344828 0.54296875 0.06551724137931034 0.50859375 0.06724137931034482 0.49140625 0.06206896551724138 0.48671875 0.05517241379310345 0.47734375 0.056896551724137934 0.4734375 0.04827586206896552 0.4703125 0.06034482758620689 0.46953125 0.09137931034482757 0.4703125 0.10517241379310345
0 0.02734375 0.15862068965517243 0.0390625 0.1706896551724138 0.05703125 0.16551724137931034 0.06640625 0.17413793103448277 0.0828125 0.1706896551724138 0.09296875 0.17586206896551723 0.10703125 0.17413793103448277 0.11875 0.1810344827586207 0.13984375 0.17758620689655172 0.1609375 0.1879310344827586 0.18203125 0.18448275862068966 0.18125 0.14310344827586208 0.1796875 0.12931034482758622 0.1765625 0.12413793103448276 0.134375 0.1275862068965517 0.07578125 0.1103448275862069 0.0421875 0.10517241379310345 0.03125 0.10862068965517242 0.0328125 0.11551724137931034 0.02734375 0.15862068965517243
0 0.684375 0.04827586206896552 0.7046875 0.04655172413793103 0.77265625 0.06551724137931034 0.7796875 0.06551724137931034 0.7828125 0.058620689655172406 0.78046875 0.03275862068965517 0.78359375 0.013793103448275862 0.78125 0 0.68671875 0 0.68046875 0.020689655172413793 0.6796875 0.039655172413793106 0.684375 0.04827586206896552
0 0.571875 0.29310344827586204 0.56796875 0.3017241379310345 0.56640625 0.32068965517241377 0.565625 0.36724137931034484 0.571875 0.3758620689655172 0.56796875 0.38448275862068965 0.56796875 0.41896551724137926 0.6109375 0.42586206896551726 0.66171875 0.42586206896551726 0.659375 0.4 0.66875 0.38275862068965516 0.66953125 0.37241379310344824 0.66640625 0.35344827586206895 0.66875 0.3396551724137931 0.66640625 0.30689655172413793 0.66953125 0.3 0.671875 0.2775862068965517 0.67109375 0.2551724137931034 0.66875 0.25 0.6671875 0.21379310344827585 0.65078125 0.21551724137931033 0.64765625 0.2103448275862069 0.65 0.19655172413793104 0.6546875 0.19655172413793104 0.65859375 0.18620689655172412 0.66640625 0.18448275862068966 0.66796875 0.1896551724137931 0.66875 0.1810344827586207 0.665625 0.17586206896551723 0.64921875 0.1810344827586207 0.64765625 0.17586206896551723 0.64765625 0.18275862068965515 0.64453125 0.18448275862068966 0.64140625 0.17241379310344826 0.61796875 0.1706896551724138 0.60390625 0.16379310344827586 0.58984375 0.16896551724137931 0.58828125 0.16379310344827586 0.5796875 0.16551724137931034 0.57421875 0.16034482758620688 0.5734375 0.17586206896551723 0.584375 0.19655172413793104 0.5765625 0.20172413793103447 0.57265625 0.21379310344827585 0.5671875 0.27241379310344827 0.5671875 0.2844827586206896 0.571875 0.29310344827586204
0 0.5140625 0.3258620689655172 0.5515625 0.33620689655172414 0.56015625 0.33620689655172414 0.56171875 0.3293103448275862 0.5609375 0.3120689655172414 0.5546875 0.2896551724137931 0.478125 0.27241379310344827 0.46796875 0.27586206896551724 0.46640625 0.32068965517241377 0.5140625 0.3258620689655172
0 0.67265625 0.43103448275862066 0.75390625 0.43965517241379304 0.765625 0.43965517241379304 0.76953125 0.43275862068965515 0.76875 0.3913793103448276 0.6875 0.3879310344827586 0.67578125 0.3948275862068965 0.6703125 0.41551724137931034 0.67265625 0.43103448275862066
0 0.6828125 0.22586206896551725 0.678125 0.23448275862068962 0.678125 0.2551724137931034 0.68828125 0.2517241379310345 0.69921875 0.25689655172413794 0.70625 0.24655172413793106 0.70859375 0.2551724137931034 0.71015625 0.24655172413793106 0.71328125 0.25 0.7125 0.2551724137931034 0.71484375 0.253448275862069 0.70546875 0.23103448275862068 0.70859375 0.22413793103448273 0.74140625 0.22586206896551725 0.76796875 0.23620689655172417 0.77578125 0.22758620689655173 0.7734375 0.20862068965517241 0.775 0.1879310344827586 0.76640625 0.17586206896551723 0.75859375 0.17241379310344826 0.73203125 0.17241379310344826 0.7265625 0.16551724137931034 0.715625 0.16896551724137931 0.7109375 0.16379310344827586 0.68515625 0.16724137931034483 0.67890625 0.17241379310344826 0.6765625 0.19137931034482758 0.67578125 0.21206896551724136 0.6828125 0.22586206896551725
0 0.7015625 0.1396551724137931 0.696875 0.13793103448275862 0.69296875 0.1396551724137931 0.7015625 0.1396551724137931
0 0.68203125 0.22241379310344828 0.67578125 0.24655172413793106 0.67578125 0.29137931034482756 0.68203125 0.3103448275862069 0.678125 0.31896551724137934 0.678125 0.3413793103448276 0.6734375 0.36379310344827587 0.678125 0.3896551724137931 0.67109375 0.4241379310344827 0.6765625 0.43103448275862066 0.753125 0.4379310344827586 0.76796875 0.4344827586206897 0.7671875 0.4051724137931035 0.771875 0.3896551724137931 0.76875 0.3586206896551724 0.77109375 0.35 0.76875 0.31724137931034485 0.77265625 0.3086206896551724 0.771875 0.2396551724137931 0.77578125 0.22586206896551725 0.77421875 0.1879310344827586 0.76875 0.1793103448275862 0.76875 0.1706896551724138 0.77109375 0.15517241379310345 0.7796875 0.1396551724137931 0.77734375 0.12413793103448276 0.7796875 0.10689655172413792 0.7796875 0.005172413793103448 0.76875 0 0.6984375 0.0034482758620689655 0.6859375 0.01206896551724138 0.68203125 0.027586206896551724 0.684375 0.04827586206896552 0.68203125 0.056896551724137934 0.6796875 0.12241379310344827 0.68203125 0.13793103448275862 0.68046875 0.1568965517241379 0.67734375 0.16379310344827586 0.6765625 0.21206896551724136 0.68203125 0.22241379310344828
0 0.184375 0.06379310344827585 0.19375 0.07931034482758621 0.19375 0.0896551724137931 0.18671875 0.12241379310344827 0.1890625 0.13448275862068965 0.2171875 0.13620689655172413 0.221875 0.13103448275862067 0.23359375 0.13793103448275862 0.25625 0.13620689655172413 0.28359375 0.14482758620689656 0.2984375 0.14310344827586208 0.303125 0.14827586206896554 0.303125 0.1568965517241379 0.31171875 0.14827586206896554 0.32421875 0.14827586206896554 0.31875 0.11896551724137931 0.31796875 0.09827586206896552 0.32734375 0.08620689655172413 0.32734375 0.039655172413793106 0.3171875 0 0.23984375 0 0.2296875 0.005172413793103448 0.2 0 0.1890625 0.0034482758620689655 0.1859375 0.01206896551724138 0.1875 0.03275862068965517 0.184375 0.06379310344827585
0 0.58515625 0.12068965517241378 0.60546875 0.12413793103448276 0.6265625 0.11896551724137931 0.6515625 0.13103448275862067 0.66796875 0.13103448275862067 0.6734375 0.12413793103448276 0.6765625 0.10517241379310345 0.671875 0.08793103448275862 0.6625 0.08793103448275862 0.65703125 0.08103448275862069 0.57734375 0.07586206896551724 0.57265625 0.08275862068965517 0.57421875 0.11551724137931034 0.58515625 0.12068965517241378
0 0.02890625 0.27241379310344827 0.03359375 0.2775862068965517 0.08671875 0.2810344827586207 0.1171875 0.2896551724137931 0.1421875 0.28620689655172415 0.1625 0.29655172413793107 0.178125 0.29482758620689653 0.18203125 0.2810344827586207 0.1796875 0.2396551724137931 0.171875 0.22758620689655173 0.16953125 0.19655172413793104 0.15546875 0.18448275862068966 0.140625 0.1896551724137931 0.13125 0.1793103448275862 0.11953125 0.18448275862068966 0.1046875 0.17413793103448277 0.09453125 0.1810344827586207 0.0859375 0.17241379310344826 0.06875 0.17413793103448277 0.06171875 0.16724137931034483 0.05 0.16724137931034483 0.0390625 0.17413793103448277 0.03125 0.21379310344827585 0.034375 0.23793103448275862 0.02890625 0.27241379310344827
0 0.1890625 0.2517241379310345 0.196875 0.24655172413793106 0.2703125 0.2482758620689655 0.309375 0.25689655172413794 0.32265625 0.25689655172413794 0.32421875 0.2517241379310345 0.31953125 0.22931034482758622 0.31796875 0.20517241379310341 0.309375 0.19827586206896552 0.28828125 0.19827586206896552 0.2828125 0.19310344827586207 0.24375 0.19482758620689655 0.23125 0.1879310344827586 0.196875 0.1896551724137931 0.19140625 0.20862068965517241 0.1859375 0.23793103448275862 0.1890625 0.2517241379310345
0 0.03984375 0.3293103448275862 0.159375 0.34827586206896555 0.16953125 0.34827586206896555 0.17890625 0.3396551724137931 0.16875 0.2982758620689655 0.1546875 0.28793103448275864 0.12265625 0.2896551724137931 0.08828125 0.2810344827586207 0.0640625 0.2810344827586207 0.059375 0.27586206896551724 0.0390625 0.2827586206896552 0.0359375 0.32413793103448274 0.03984375 0.3293103448275862
0 0.315625 0.08359375 0.00390625 0.0015625
0 0.21328125 0.0706896551724138 0.225 0.0706896551724138 0.22421875 0.06551724137931034 0.2125 0.06551724137931034 0.2109375 0.06724137931034482 0.21328125 0.0706896551724138
0 0.20625 0.065625 0.00234375 0.003125
0 0.2421875 0.06724137931034482 0.2375 0.06206896551724138 0.2296875 0.06724137931034482 0.2421875 0.06724137931034482
0 0.27421875 0.0706896551724138 0.2765625 0.06379310344827585 0.27578125 0.06034482758620689 0.26171875 0.06551724137931034 0.26484375 0.0706896551724138 0.27421875 0.0706896551724138
0 0.203125 0.0609375 0.00078125 0.0015625
0 0.234375 0.0421875 0.0015625 0.0015625
0 0.2 0.04453125 0.00078125 0.00703125
0 0.18828125 0.022413793103448276 0.1890625 0.034482758620689655 0.196875 0.022413793103448276 0.2234375 0.02413793103448276 0.23515625 0.03103448275862069 0.234375 0.03793103448275862 0.2359375 0.03275862068965517 0.2375 0.03793103448275862 0.2390625 0.029310344827586203 0.24296875 0.025862068965517244 0.2859375 0.03103448275862069 0.2984375 0.03793103448275862 0.3015625 0.04827586206896552 0.3 0.05344827586206896 0.30625 0.06206896551724138 0.30859375 0.056896551724137934 0.3078125 0.03793103448275862 0.32421875 0.03103448275862069 0.32109375 0 0.18515625 0 0.184375 0.013793103448275862 0.18828125 0.022413793103448276
0 0.33125 0.35172413793103446 0.33125 0.4051724137931035 0.33359375 0.4086206896551724 0.34609375 0.4137931034482759 0.43125 0.4206896551724138 0.46015625 0.4206896551724138 0.46640625 0.41551724137931034 0.46328125 0.3603448275862069 0.45234375 0.3137931034482758 0.4125 0.3103448275862069 0.4046875 0.30517241379310345 0.3734375 0.30689655172413793 0.3703125 0.2982758620689655 0.359375 0.2982758620689655 0.340625 0.3086206896551724 0.33671875 0.3396551724137931 0.33125 0.35172413793103446
0 0.115625 0.26328125 0.00078125 0.0015625
0 0.0359375 0.22931034482758622 0.07421875 0.22586206896551725 0.1015625 0.23103448275862068 0.109375 0.23793103448275862 0.121875 0.23448275862068962 0.15859375 0.24310344827586206 0.17265625 0.24310344827586206 0.178125 0.23448275862068962 0.17421875 0.22413793103448273 0.17109375 0.19137931034482758 0.146875 0.18275862068965515 0.140625 0.17586206896551723 0.11875 0.1810344827586207 0.10390625 0.17241379310344826 0.03984375 0.16724137931034483 0.03203125 0.20344827586206896 0.0296875 0.21724137931034485 0.0359375 0.22931034482758622
0 0.190625 0.29655172413793107 0.28046875 0.29655172413793107 0.30703125 0.3 0.31484375 0.30689655172413793 0.3171875 0.3017241379310345 0.32421875 0.3017241379310345 0.328125 0.28620689655172415 0.32578125 0.253448275862069 0.31953125 0.23275862068965517 0.31640625 0.2 0.30703125 0.19482758620689655 0.29609375 0.19655172413793104 0.2796875 0.18275862068965515 0.26953125 0.19137931034482758 0.2640625 0.18620689655172412 0.2625 0.19310344827586207 0.25078125 0.19310344827586207 0.2484375 0.18448275862068966 0.1953125 0.18620689655172412 0.1859375 0.2396551724137931 0.18515625 0.28620689655172415 0.190625 0.29655172413793107
0 0.30859375 0.16034482758620688 0.3171875 0.1810344827586207 0.32421875 0.1706896551724138 0.32421875 0.15344827586206897 0.3171875 0.15172413793103448 0.3125 0.14310344827586208 0.3015625 0.15 0.2921875 0.14482758620689656 0.2953125 0.15 0.29296875 0.1568965517241379 0.284375 0.14827586206896554 0.2859375 0.16551724137931034 0.30859375 0.16034482758620688
0 0.3203125 0.14827586206896554 0.3203125 0.13275862068965516 0.3171875 0.13275862068965516 0.31640625 0.14310344827586208 0.3203125 0.14827586206896554
0 0.21015625 0.14310344827586208 0.215625 0.15172413793103448 0.21796875 0.1706896551724138 0.23828125 0.16551724137931034 0.24140625 0.17241379310344826 0.2484375 0.17241379310344826 0.25390625 0.16379310344827586 0.265625 0.16551724137931034 0.26875 0.16034482758620688 0.270703125 0.16206896551724137 0.26953125 0.16034482758620688 0.27578125 0.14655172413793102 0.265625 0.1413793103448276 0.26171875 0.13103448275862067 0.2546875 0.13620689655172413 0.2375 0.13620689655172413 0.22578125 0.13275862068965516 0.2234375 0.1275862068965517 0.20625 0.13103448275862067 0.18828125 0.12586206896551724 0.1890625 0.15 0.2015625 0.14482758620689656 0.20625 0.14827586206896554 0.21015625 0.14310344827586208
0 0.196875 0.09655172413793103 0.1953125 0.08620689655172413 0.1921875 0.10862068965517242 0.196875 0.09655172413793103
0 0.2265625 0.08515625 0.00078125 0.0015625
0 0.2015625 0.08103448275862069 0.2015625 0.09137931034482757 0.2140625 0.08448275862068966 0.20546875 0.07931034482758621 0.20390625 0.08620689655172413 0.2015625 0.08103448275862069
0 0.5296875 0.38671875 0.0015625 0.0015625
0 0.4765625 0.38275862068965516 0.471875 0.38620689655172413 0.4734375 0.39655172413793105 0.490625 0.4051724137931035 0.5015625 0.4051724137931035 0.50390625 0.39827586206896554 0.51796875 0.39827586206896554 0.5234375 0.4068965517241379 0.525 0.4 0.5203125 0.39827586206896554 0.521875 0.3931034482758621 0.51796875 0.3758620689655172 0.521875 0.3655172413793103 0.51953125 0.36379310344827587 0.51640625 0.37241379310344824 0.51484375 0.36379310344827587 0.5078125 0.37241379310344824 0.5046875 0.3655172413793103 0.50078125 0.3655172413793103 0.5 0.37413793103448273 0.4953125 0.3586206896551724 0.47734375 0.3586206896551724 0.4796875 0.3689655172413793 0.4765625 0.38275862068965516
0 0.471875 0.04827586206896552 0.47578125 0.08448275862068966 0.4734375 0.09137931034482757 0.4734375 0.12068965517241378 0.46875 0.1413793103448276 0.46796875 0.16379310344827586 0.4703125 0.20862068965517241 0.46640625 0.22758620689655173 0.46640625 0.26206896551724135 0.4703125 0.2982758620689655 0.46953125 0.3258620689655172 0.49453125 0.32413793103448274 0.4984375 0.3258620689655172 0.503125 0.33793103448275863 0.50625 0.3275862068965517 0.51171875 0.3258620689655172 0.5578125 0.33620689655172414 0.56015625 0.3310344827586207 0.56015625 0.31724137931034485 0.55703125 0.29482758620689653 0.56171875 0.253448275862069 0.55859375 0.22931034482758622 0.559375 0.20862068965517241 0.56484375 0.1810344827586207 0.5640625 0.15 0.55859375 0.12413793103448276 0.56640625 0.08275862068965517 0.56171875 0.03620689655172414 0.5640625 0.01206896551724138 0.5515625 0.005172413793103448 0.54609375 0.005172413793103448 0.54375 0.01206896551724138 0.521875 0.01206896551724138 0.515625 0.0034482758620689655 0.509375 0.01206896551724138 0.48125 0.005172413793103448 0.47578125 0.008620689655172414 0.4703125 0.025862068965517244 0.475 0.03275862068965517 0.471875 0.04827586206896552
0 0.3390625 0.3568965517241379 0.3625 0.3603448275862069 0.37421875 0.35517241379310344 0.396875 0.36379310344827587 0.45 0.36724137931034484 0.45859375 0.37241379310344824 0.4625 0.3655172413793103 0.4609375 0.3448275862068965 0.453125 0.31724137931034485 0.4453125 0.3137931034482758 0.4328125 0.31724137931034485 0.40390625 0.3086206896551724 0.3546875 0.30344827586206896 0.3421875 0.3103448275862069 0.33828125 0.32413793103448274 0.33515625 0.35 0.3390625 0.3568965517241379
0 0.6859375 0.056896551724137934 0.68203125 0.08103448275862069 0.68515625 0.08793103448275862 0.74296875 0.09655172413793103 0.759375 0.10517241379310345 0.77890625 0.10344827586206898 0.77734375 0.07586206896551724 0.78203125 0.06034482758620689 0.78203125 0.015517241379310345 0.77890625 0.010344827586206896 0.7265625 0.010344827586206896 0.725 0.0034482758620689655 0.715625 0.008620689655172414 0.70390625 0.005172413793103448 0.6875 0.010344827586206896 0.6828125 0.025862068965517244 0.6828125 0.04655172413793103 0.6859375 0.056896551724137934
0 0.57265625 0.29310344827586204 0.56875 0.3 0.56640625 0.32241379310344825 0.565625 0.3689655172413793 0.57109375 0.3758620689655172 0.56640625 0.4051724137931035 0.56796875 0.41724137931034483 0.61484375 0.42586206896551726 0.65859375 0.4241379310344827 0.65859375 0.39655172413793105 0.66796875 0.3810344827586207 0.66796875 0.3655172413793103 0.66484375 0.3586206896551724 0.66875 0.33448275862068966 0.665625 0.30517241379310345 0.67109375 0.2793103448275862 0.66796875 0.26206896551724135 0.5734375 0.24655172413793106 0.5703125 0.2517241379310345 0.5671875 0.27413793103448275 0.56796875 0.28620689655172415 0.57265625 0.29310344827586204
0 0.57109375 0.29482758620689653 0.56796875 0.3017241379310345 0.56640625 0.32068965517241377 0.56640625 0.3620689655172414 0.5671875 0.37241379310344824 0.5734375 0.3758620689655172 0.56953125 0.38448275862068965 0.56796875 0.41724137931034483 0.6203125 0.42586206896551726 0.659375 0.4241379310344827 0.65859375 0.4 0.66796875 0.37758620689655176 0.66796875 0.36724137931034484 0.66171875 0.36379310344827587 0.66015625 0.35172413793103446 0.66796875 0.3413793103448276 0.66875 0.3293103448275862 0.665625 0.3103448275862069 0.6703125 0.2982758620689655 0.671875 0.2827586206896552 0.671875 0.253448275862069 0.66796875 0.21206896551724136 0.67109375 0.19827586206896552 0.671875 0.16206896551724137 0.66796875 0.13275862068965516 0.65625 0.13103448275862067 0.65 0.14482758620689656 0.64765625 0.13275862068965516 0.6421875 0.1275862068965517 0.61484375 0.12586206896551724 0.609375 0.12068965517241378 0.58125 0.12413793103448276 0.571875 0.1568965517241379 0.571875 0.20517241379310341 0.56796875 0.2206896551724138 0.56953125 0.23620689655172417 0.5671875 0.24482758620689654 0.5671875 0.28793103448275864 0.57109375 0.29482758620689653
0 0.3328125 0.08448275862068966 0.33515625 0.08793103448275862 0.37578125 0.0896551724137931 0.409375 0.1 0.428125 0.09655172413793103 0.459375 0.10689655172413792 0.4671875 0.10517241379310345 0.46875 0.09827586206896552 0.4671875 0.05517241379310345 0.459375 0.04655172413793103 0.44375 0.04827586206896552 0.40390625 0.03620689655172414 0.37890625 0.03620689655172414 0.36875 0.027586206896551724 0.353125 0.02413793103448276 0.33359375 0.025862068965517244 0.33515625 0.05344827586206896 0.3328125 0.08448275862068966
0 0.69453125 0.008620689655172414 0.7171875 0.008620689655172414 0.7796875 0.02413793103448276 0.78359375 0.020689655172413793 0.7828125 0 0.6859375 0 0.68671875 0.006896551724137931 0.69453125 0.008620689655172414
0 0.675 0.34827586206896555 0.76484375 0.3586206896551724 0.771875 0.35517241379310344 0.76875 0.31724137931034485 0.7640625 0.3137931034482758 0.72578125 0.30517241379310345 0.69140625 0.30517241379310345 0.67734375 0.31724137931034485 0.67265625 0.33793103448275863 0.675 0.34827586206896555
0 0.35 0.2206896551724138 0.34921875 0.20862068965517241 0.34375 0.2206896551724138 0.3421875 0.21551724137931033 0.3421875 0.22241379310344828 0.35 0.2206896551724138
0 0.33984375 0.3103448275862069 0.3359375 0.3413793103448276 0.33203125 0.35 0.33125 0.4051724137931035 0.33359375 0.4086206896551724 0.359375 0.41551724137931034 0.4515625 0.4224137931034483 0.46640625 0.41551724137931034 0.46328125 0.36379310344827587 0.45625 0.32413793103448274 0.4640625 0.30344827586206896 0.46328125 0.26206896551724135 0.459375 0.2396551724137931 0.45390625 0.23275862068965517 0.45078125 0.21379310344827585 0.4234375 0.20689655172413796 0.41484375 0.21206896551724136 0.409375 0.20862068965517241 0.40703125 0.21379310344827585 0.40390625 0.20517241379310341 0.40078125 0.21206896551724136 0.4 0.20517241379310341 0.39609375 0.20517241379310341 0.3921875 0.21551724137931033 0.38671875 0.20517241379310341 0.384375 0.2103448275862069 0.378125 0.20517241379310341 0.378125 0.21206896551724136 0.375 0.21206896551724136 0.37421875 0.20517241379310341 0.36953125 0.20172413793103447 0.36015625 0.20172413793103447 0.359375 0.20689655172413796 0.35546875 0.2 0.35234375 0.20172413793103447 0.3515625 0.20517241379310341 0.36015625 0.20862068965517241 0.35546875 0.21551724137931033 0.365625 0.22241379310344828 0.3703125 0.21724137931034485 0.37578125 0.22413793103448273 0.37578125 0.23103448275862068 0.37265625 0.23275862068965517 0.3671875 0.2517241379310345 0.35546875 0.2517241379310345 0.353125 0.24655172413793106 0.33515625 0.2517241379310345 0.3328125 0.2896551724137931 0.3328125 0.29655172413793107 0.33984375 0.3103448275862069
0 0.33984375 0.3086206896551724 0.3359375 0.3413793103448276 0.33203125 0.35172413793103446 0.33125 0.4051724137931035 0.33359375 0.4086206896551724 0.4453125 0.4206896551724138 0.465625 0.41551724137931034 0.46171875 0.38620689655172413 0.4625 0.3655172413793103 0.45546875 0.32241379310344825 0.4640625 0.3 0.4625 0.26206896551724135 0.4578125 0.23275862068965517 0.45859375 0.21724137931034485 0.45625 0.21206896551724136 0.43046875 0.2 0.39765625 0.20172413793103447 0.39140625 0.20862068965517241 0.38984375 0.20172413793103447 0.353125 0.19655172413793104 0.34609375 0.2 0.34296875 0.20344827586206896 0.33828125 0.2396551724137931 0.33359375 0.253448275862069 0.3328125 0.28620689655172415 0.3328125 0.29655172413793107 0.33984375 0.3086206896551724
0 0.46328125 0.1793103448275862 0.45859375 0.16724137931034483 0.45390625 0.16551724137931034 0.46328125 0.19655172413793104 0.46328125 0.1793103448275862
0 0.378125 0.15 0.38046875 0.15517241379310345 0.3796875 0.16379310344827586 0.396875 0.17413793103448277 0.39453125 0.16551724137931034 0.39968750000000003 0.15901477832512315 0.396875 0.16034482758620688 0.39453125 0.15344827586206897 0.38828125 0.15 0.39453125 0.15517241379310345 0.39453125 0.16206896551724137 0.3859375 0.16206896551724137 0.383203125 0.15 0.378125 0.15
0 0.4296875 0.17241379310344826 0.43828125 0.17758620689655172 0.446875 0.17413793103448277 0.44609375 0.16551724137931034 0.44453125 0.1706896551724138 0.44140625 0.16379310344827586 0.428125 0.1568965517241379 0.42317734375000005 0.1568965517241379 0.421875 0.1706896551724138 0.41822890625 0.1568965517241379 0.4125 0.15517241379310345 0.4109375 0.16206896551724137 0.40859375 0.16206896551724137 0.4078125 0.15517241379310345 0.4002693965517241 0.1587395957193817 0.41171875 0.16379310344827586 0.4125 0.1706896551724138 0.415625 0.16896551724137931 0.4234375 0.1793103448275862 0.4296875 0.17241379310344826
0 0.03359375 0.32413793103448274 0.03671875 0.34310344827586203 0.034375 0.38275862068965516 0.0453125 0.39655172413793105 0.12109375 0.39827586206896554 0.14140625 0.4068965517241379 0.15390625 0.40344827586206894 0.1640625 0.41034482758620683 0.178125 0.4068965517241379 0.1828125 0.39827586206896554 0.18359375 0.3603448275862069 0.16796875 0.3 0.15546875 0.29310344827586204 0.13984375 0.2982758620689655 0.13125 0.2896551724137931 0.12265625 0.29310344827586204 0.0890625 0.2827586206896552 0.0515625 0.2810344827586207 0.0390625 0.28620689655172415 0.0390625 0.2982758620689655 0.03359375 0.32413793103448274
0 0.67734375 0.38620689655172413 0.671875 0.41724137931034483 0.675 0.42931034482758623 0.75078125 0.4379310344827586 0.76640625 0.4379310344827586 0.76875 0.43275862068965515 0.7671875 0.4068965517241379 0.77265625 0.3896551724137931 0.77265625 0.37413793103448273 0.7703125 0.3586206896551724 0.77109375 0.33620689655172414 0.7671875 0.3155172413793103 0.7234375 0.30517241379310345 0.69296875 0.30517241379310345 0.68046875 0.31724137931034485 0.6734375 0.35517241379310344 0.67421875 0.3758620689655172 0.67734375 0.38620689655172413
0 0.18359375 0.06379310344827585 0.19375 0.08103448275862069 0.19453125 0.09137931034482757 0.1890625 0.10517241379310345 0.1859375 0.12586206896551724 0.1859375 0.18448275862068966 0.21953125 0.19310344827586207 0.2359375 0.1879310344827586 0.24375 0.19482758620689655 0.2546875 0.19137931034482758 0.26875 0.19827586206896552 0.2796875 0.19310344827586207 0.28984375 0.20344827586206896 0.2984375 0.19655172413793104 0.31484375 0.20172413793103447 0.32421875 0.20172413793103447 0.32734375 0.19655172413793104 0.32734375 0.15344827586206897 0.31953125 0.12241379310344827 0.31875 0.10517241379310345 0.32890625 0.08620689655172413 0.32890625 0.039655172413793106 0.31875 0.0034482758620689655 0.23984375 0 0.2234375 0.005172413793103448 0.19609375 0 0.18828125 0.0034482758620689655 0.18515625 0.013793103448275862 0.18671875 0.029310344827586203 0.18359375 0.06379310344827585
0 0.03671875 0.058620689655172406 0.0359375 0.0706896551724138 0.028125 0.1 0.0328125 0.11896551724137931 0.02890625 0.14827586206896554 0.0296875 0.16034482758620688 0.03984375 0.1706896551724138 0.059375 0.16551724137931034 0.06796875 0.17413793103448277 0.07890625 0.16896551724137931 0.0953125 0.17758620689655172 0.1328125 0.17758620689655172 0.15703125 0.18275862068965515 0.16171875 0.1879310344827586 0.17578125 0.18620689655172412 0.17890625 0.1810344827586207 0.18046875 0.1568965517241379 0.1765625 0.13103448275862067 0.178125 0.12241379310344827 0.17421875 0.11206896551724137 0.17734375 0.10862068965517242 0.17421875 0.10172413793103448 0.17421875 0.08448275862068966 0.1796875 0.06551724137931034 0.1796875 0.029310344827586203 0.17109375 0.0034482758620689655 0.15078125 0.0034482758620689655 0.13828125 0.010344827586206896 0.1 0.0017241379310344827 0.0359375 0.0017241379310344827 0.0296875 0.006896551724137931 0.028125 0.015517241379310345 0.02578125 0.04482758620689655 0.03671875 0.058620689655172406
0 0.95234375 0.43103448275862066 0.99921875 0.4413793103448276 0.99921875 0.4224137931034483 0.99609375 0.41724137931034483 0.99921875 0.4068965517241379 0.9953125 0.39655172413793105 0.98984375 0.4 0.9828125 0.3931034482758621 0.97421875 0.4 0.953125 0.4017241379310345 0.95 0.41551724137931034 0.94921875 0.4241379310344827 0.95234375 0.43103448275862066
0 0.68515625 0.22241379310344828 0.67734375 0.2482758620689655 0.67734375 0.29310344827586204 0.6828125 0.30344827586206896 0.675 0.3448275862068965 0.67421875 0.37413793103448273 0.67734375 0.3896551724137931 0.67109375 0.4241379310344827 0.675 0.43103448275862066 0.75 0.4379310344827586 0.76875 0.4344827586206897 0.7671875 0.4051724137931035 0.771875 0.3913793103448276 0.76796875 0.31896551724137934 0.771875 0.3103448275862069 0.77265625 0.2655172413793103 0.7703125 0.24310344827586206 0.77578125 0.2189655172413793 0.77265625 0.1879310344827586 0.74609375 0.18275862068965515 0.74375 0.17758620689655172 0.7359375 0.1793103448275862 0.72890625 0.16896551724137931 0.715625 0.17758620689655172 0.709375 0.16724137931034483 0.69375 0.1793103448275862 0.684375 0.17758620689655172 0.678125 0.19655172413793104 0.67890625 0.21206896551724136 0.68515625 0.22241379310344828
0 0.7515625 0.14655172413793102 0.746875 0.14310344827586208 0.74375 0.14310344827586208 0.7515625 0.14655172413793102
0 0.7328125 0.14310344827586208 0.7296875 0.1396551724137931 0.72890625 0.14482758620689656 0.7328125 0.14310344827586208
0 0.7203125 0.1396551724137931 0.7125 0.13793103448275862 0.7109375 0.1396551724137931 0.7203125 0.1396551724137931
0 0.72109375 0.10517241379310345 0.7203125 0.10172413793103448 0.71796875 0.10517241379310345 0.72109375 0.10517241379310345
0 0.19921875 0.41551724137931034 0.215625 0.41206896551724137 0.22421875 0.41724137931034483 0.2453125 0.41034482758620683 0.31796875 0.4206896551724138 0.328125 0.4068965517241379 0.32578125 0.3655172413793103 0.321875 0.35517241379310344 0.3046875 0.3586206896551724 0.27421875 0.35172413793103446 0.26875 0.3568965517241379 0.2625 0.35172413793103446 0.22421875 0.35344827586206895 0.19296875 0.34655172413793106 0.1875 0.35172413793103446 0.1859375 0.40344827586206894 0.19921875 0.41551724137931034
0 0.6796875 0.07931034482758621 0.68515625 0.09137931034482757 0.74765625 0.09827586206896552 0.7640625 0.10517241379310345 0.77578125 0.10517241379310345 0.7796875 0.1 0.77890625 0.06379310344827585 0.76953125 0.06206896551724138 0.765625 0.05517241379310345 0.7390625 0.05517241379310345 0.73125 0.05 0.7265625 0.05344827586206896 0.70703125 0.04482758620689655 0.696875 0.04482758620689655 0.6875 0.05172413793103449 0.68515625 0.06724137931034482 0.6796875 0.07931034482758621
0 0.67265625 0.4068965517241379 0.6671875 0.41724137931034483 0.6734375 0.43103448275862066 0.7546875 0.43965517241379304 0.765625 0.43965517241379304 0.76953125 0.43275862068965515 0.76875 0.4017241379310345 0.77265625 0.3913793103448276 0.77265625 0.37413793103448273 0.76875 0.35517241379310344 0.675 0.34655172413793106 0.67265625 0.3603448275862069 0.67578125 0.3879310344827586 0.67265625 0.4068965517241379
0 0.76875 0.35 0.76875 0.3448275862068965 0.76640625 0.34827586206896555 0.76875 0.35
0 0.76328125 0.32068965517241377 0.76875 0.3396551724137931 0.76875 0.32068965517241377 0.7625 0.31724137931034485 0.75546875 0.31724137931034485 0.76328125 0.32068965517241377
0 0.4671875 0.3655172413793103 0.46640625 0.38275862068965516 0.4703125 0.4086206896551724 0.5296875 0.4137931034482759 0.56015625 0.41034482758620683 0.5578125 0.3913793103448276 0.5625 0.35 0.56015625 0.33793103448275863 0.51953125 0.3293103448275862 0.51171875 0.33275862068965517 0.49296875 0.3258620689655172 0.4640625 0.3258620689655172 0.4625 0.3396551724137931 0.4671875 0.3655172413793103
0 0.7015625 0.33275862068965517 0.70546875 0.33793103448275863 0.70625 0.32413793103448274 0.7015625 0.32413793103448274 0.7015625 0.33275862068965517
0 0.72109375 0.33793103448275863 0.7203125 0.3293103448275862 0.72265625 0.32241379310344825 0.7203125 0.32068965517241377 0.71640625 0.3293103448275862 0.71640625 0.33620689655172414 0.72109375 0.33793103448275863
0 0.715625 0.3103448275862069 0.71015625 0.3086206896551724 0.70703125 0.3103448275862069 0.715625 0.3103448275862069
0 0.6703125 0.4224137931034483 0.675 0.43103448275862066 0.75 0.4379310344827586 0.76640625 0.4379310344827586 0.76875 0.43275862068965515 0.76796875 0.4051724137931035 0.77265625 0.3913793103448276 0.77265625 0.37413793103448273 0.7703125 0.34655172413793106 0.7640625 0.3396551724137931 0.765625 0.3310344827586207 0.76953125 0.3293103448275862 0.76875 0.32241379310344825 0.7640625 0.31724137931034485 0.75390625 0.3155172413793103 0.7515625 0.32241379310344825 0.75078125 0.31724137931034485 0.75 0.32413793103448274 0.74375 0.32413793103448274 0.74296875 0.3137931034482758 0.73828125 0.3103448275862069 0.73515625 0.3155172413793103 0.73359375 0.3103448275862069 0.7296875 0.31724137931034485 0.728125 0.3086206896551724 0.72109375 0.30689655172413793 0.7171875 0.3120689655172414 0.73046875 0.3275862068965517 0.72578125 0.34655172413793106 0.7171875 0.3413793103448276 0.69765625 0.34655172413793106 0.69140625 0.34655172413793106 0.6890625 0.3413793103448276 0.6765625 0.34310344827586203 0.67421875 0.3448275862068965 0.671875 0.3620689655172414 0.67578125 0.3896551724137931 0.6703125 0.4224137931034483
0 0.68359375 0.33275862068965517 0.6890625 0.33448275862068966 0.69921875 0.3103448275862069 0.69765625 0.30689655172413793 0.696875 0.3155172413793103 0.69296875 0.31724137931034485 0.6921875 0.30689655172413793 0.6859375 0.3155172413793103 0.68359375 0.32068965517241377 0.68359375 0.33275862068965517
0 0.5671875 0.24655172413793106 0.56875 0.29137931034482756 0.57734375 0.29482758620689653 0.59609375 0.28793103448275864 0.60703125 0.29310344827586204 0.640625 0.29310344827586204 0.66015625 0.3017241379310345 0.66953125 0.29655172413793107 0.671875 0.253448275862069 0.66796875 0.22241379310344828 0.671875 0.2 0.67109375 0.1706896551724138 0.65 0.17413793103448277 0.60703125 0.16034482758620688 0.5875 0.16034482758620688 0.58125 0.15862068965517243 0.578125 0.14655172413793102 0.57890625 0.15344827586206897 0.57421875 0.15344827586206897 0.5703125 0.17413793103448277 0.5703125 0.20862068965517241 0.56796875 0.2189655172413793 0.5703125 0.22758620689655173 0.5671875 0.24655172413793106
0 0.1859375 0.4 0.196875 0.4137931034482759 0.27421875 0.41206896551724137 0.31640625 0.4206896551724138 0.32734375 0.41034482758620683 0.32578125 0.35517241379310344 0.31875 0.3293103448275862 0.31796875 0.3137931034482758 0.30703125 0.2982758620689655 0.19609375 0.2982758620689655 0.19375 0.3017241379310345 0.190625 0.33793103448275863 0.18671875 0.35 0.18828125 0.3620689655172414 0.1859375 0.4
0 0.18828125 0.7913793103448276 0.19375 0.8086206896551724 0.21796875 0.803448275862069 0.22578125 0.789655172413793 0.2375 0.7948275862068965 0.26328125 0.7913793103448276 0.27109375 0.7948275862068965 0.27578125 0.8120689655172413 0.28828125 0.8189655172413793 0.3 0.8172413793103448 0.30625 0.8086206896551724 0.309375 0.7965517241379311 0.34453125 0.7965517241379311 0.365625 0.803448275862069 0.36953125 0.8206896551724137 0.3828125 0.8275862068965518 0.396875 0.8206896551724137 0.4 0.8051724137931033 0.4296875 0.803448275862069 0.4578125 0.8086206896551724 0.4625 0.8275862068965518 0.4703125 0.8327586206896551 0.48515625 0.8310344827586207 0.49453125 0.810344827586207 0.52578125 0.810344827586207 0.55625 0.8189655172413793 0.55390625 0.8327586206896551 0.56484375 0.8396551724137931 0.5765625 0.8379310344827585 0.58125 0.8206896551724137 0.59140625 0.8189655172413793 0.6328125 0.8241379310344827 0.6390625 0.8293103448275861 0.63984375 0.8379310344827585 0.65 0.8448275862068966 0.66328125 0.8448275862068966 0.66953125 0.8293103448275861 0.68515625 0.8275862068965518 0.71328125 0.8327586206896551 0.7234375 0.8448275862068966 0.7390625 0.8482758620689654 0.746875 0.8344827586206897 0.76796875 0.8362068965517242 0.771875 0.8293103448275861 0.771875 0.8172413793103448 0.74921875 0.7775862068965517 0.734375 0.6655172413793103 0.7140625 0.653448275862069 0.70546875 0.6586206896551724 0.696875 0.6155172413793103 0.67890625 0.5758620689655173 0.66640625 0.5655172413793104 0.65390625 0.539655172413793 0.63203125 0.5310344827586206 0.61171875 0.496551724137931 0.590625 0.48275862068965514 0.5828125 0.46896551724137925 0.5640625 0.46896551724137925 0.54921875 0.4931034482758621 0.5421875 0.4844827586206897 0.53203125 0.45862068965517244 0.52265625 0.4517241379310345 0.50859375 0.46206896551724136 0.49765625 0.48275862068965514 0.49453125 0.49827586206896546 0.4828125 0.48103448275862065 0.4734375 0.45862068965517244 0.46171875 0.45 0.4453125 0.46206896551724136 0.43515625 0.49482758620689654 0.425 0.46896551724137925 0.40546875 0.4517241379310345 0.390625 0.4568965517241379 0.3734375 0.49137931034482757 0.3671875 0.48275862068965514 0.37109375 0.47241379310344833 0.3703125 0.46551724137931033 0.3625 0.45 0.35390625 0.4413793103448276 0.33828125 0.4431034482758621 0.3140625 0.46896551724137925 0.3078125 0.4862068965517241 0.2921875 0.4931034482758621 0.26796875 0.5275862068965517 0.25078125 0.5706896551724138 0.24140625 0.5758620689655173 0.24140625 0.5982758620689654 0.21640625 0.6086206896551725 0.21328125 0.6155172413793103 0.1984375 0.7 0.16328125 0.7655172413793103 0.1640625 0.7862068965517242 0.18828125 0.7913793103448276
0 0.57265625 0.37413793103448273 0.56875 0.38275862068965516 0.56953125 0.3931034482758621 0.56640625 0.4068965517241379 0.56953125 0.4206896551724138 0.6625 0.4275862068965517 0.66015625 0.4017241379310345 0.67109375 0.3810344827586207 0.66875 0.35344827586206895 0.6640625 0.3396551724137931 0.57421875 0.33448275862068966 0.56640625 0.34310344827586203 0.565625 0.3689655172413793 0.57265625 0.37413793103448273
0 0.33984375 0.2 0.33984375 0.21724137931034485 0.33359375 0.24482758620689654 0.3328125 0.29310344827586204 0.33515625 0.3 0.34453125 0.30689655172413793 0.3625 0.3 0.42890625 0.3120689655172414 0.46015625 0.3086206896551724 0.46328125 0.30344827586206896 0.46015625 0.21206896551724136 0.465625 0.20344827586206896 0.46171875 0.17413793103448277 0.4640625 0.15172413793103448 0.459375 0.11379310344827587 0.45625 0.10689655172413792 0.43203125 0.10517241379310345 0.42265625 0.09655172413793103 0.4109375 0.1 0.38046875 0.09137931034482757 0.35390625 0.09137931034482757 0.3484375 0.09655172413793103 0.34453125 0.09310344827586206 0.340625 0.11896551724137931 0.334375 0.1396551724137931 0.33359375 0.16724137931034483 0.334375 0.19137931034482758 0.33984375 0.2
0 0.0671875 0.17421875 0.00078125 0.00703125
0 0.0375 0.1578125 0.003125 0.0015625
0 0.078125 0.0203125 0.00078125 0.003125
0 0.06328125 0.029310344827586203 0.0671875 0.029310344827586203 0.0703125 0.020689655172413793 0.0671875 0.006896551724137931 0.065625 0.013793103448275862 0.0609375 0.017241379310344827 0.059375 0.02413793103448276 0.06328125 0.029310344827586203
0 0.040625 0.11551724137931034 0.03515625 0.12931034482758622 0.0359375 0.14827586206896554 0.0609375 0.16379310344827586 0.05703125 0.17413793103448277 0.04609375 0.17241379310344826 0.04453125 0.19310344827586207 0.0359375 0.20517241379310341 0.03671875 0.2189655172413793 0.04453125 0.22586206896551725 0.03828125 0.24137931034482757 0.0390625 0.2551724137931034 0.05 0.2689655172413793 0.053125 0.2844827586206896 0.0421875 0.29137931034482756 0.0390625 0.31896551724137934 0.04375 0.3275862068965517 0.03984375 0.3310344827586207 0.0453125 0.33448275862068966 0.046875 0.35344827586206895 0.04453125 0.3655172413793103 0.03828125 0.3655172413793103 0.0359375 0.3793103448275862 0.04609375 0.3913793103448276 0.0703125 0.39655172413793105 0.11640625 0.3948275862068965 0.1640625 0.4068965517241379 0.17109375 0.4068965517241379 0.18203125 0.39655172413793105 0.18203125 0.3586206896551724 0.17578125 0.35172413793103446 0.1765625 0.33793103448275863 0.17265625 0.3275862068965517 0.171875 0.3155172413793103 0.165625 0.30689655172413793 0.1703125 0.29310344827586204 0.178125 0.29137931034482756 0.18046875 0.27586206896551724 0.17890625 0.2482758620689655 0.175 0.2396551724137931 0.171875 0.20517241379310341 0.16796875 0.19655172413793104 0.16953125 0.1879310344827586 0.17890625 0.1793103448275862 0.1765625 0.15 0.1796875 0.14482758620689656 0.17578125 0.12931034482758622 0.178125 0.12241379310344827 0.1734375 0.11206896551724137 0.17578125 0.10862068965517242 0.17578125 0.09137931034482757 0.171875 0.08103448275862069 0.1796875 0.06034482758620689 0.1796875 0.03275862068965517 0.175 0.027586206896551724 0.171875 0.006896551724137931 0.15859375 0.010344827586206896 0.15546875 0.0034482758620689655 0.15078125 0.0034482758620689655 0.13828125 0.01206896551724138 0.11953125 0.005172413793103448 0.08828125 0.005172413793103448 0.08671875 0.013793103448275862 0.08359375 0.01206896551724138 0.08671875 0.017241379310344827 0.08515625 0.027586206896551724 0.0765625 0.03275862068965517 0.0765625 0.05517241379310345 0.06875 0.06551724137931034 0.06796875 0.07241379310344828 0.0625 0.07586206896551724 0.0578125 0.0706896551724138 0.0578125 0.06379310344827585 0.04921875 0.058620689655172406 0.04296875 0.07931034482758621 0.0359375 0.08103448275862069 0.0328125 0.09137931034482757 0.0328125 0.10862068965517242 0.040625 0.11551724137931034
0 0.3234375 0.05625 0.0015625 0.0015625
0 0.2265625 0.04655172413793103 0.23125 0.041379310344827586 0.2265625 0.041379310344827586 0.2265625 0.04655172413793103
0 0.18515625 0.06379310344827585 0.19296875 0.07586206896551724 0.19296875 0.08620689655172413 0.1859375 0.12241379310344827 0.1859375 0.1810344827586207 0.1921875 0.18620689655172412 0.2171875 0.18448275862068966 0.22265625 0.1896551724137931 0.23515625 0.18448275862068966 0.265625 0.19310344827586207 0.28046875 0.1896551724137931 0.2875 0.19482758620689655 0.32421875 0.19655172413793104 0.3265625 0.18448275862068966 0.3265625 0.1568965517241379 0.31875 0.1103448275862069 0.31875 0.10172413793103448 0.325 0.0896551724137931 0.32421875 0.08620689655172413 0.30703125 0.07931034482758621 0.303125 0.08275862068965517 0.30078125 0.07413793103448277 0.3 0.07758620689655173 0.28125 0.07241379310344828 0.20859375 0.07241379310344828 0.19453125 0.06379310344827585 0.1890625 0.034482758620689655 0.18828125 0.039655172413793106 0.190625 0.043103448275862065 0.18515625 0.06379310344827585
0 0.32265625 0.034482758620689655 0.3140625 0.03275862068965517 0.31171875 0.034482758620689655 0.3140625 0.043103448275862065 0.31015625 0.04482758620689655 0.315625 0.04482758620689655 0.32421875 0.05172413793103449 0.32578125 0.043103448275862065 0.32265625 0.034482758620689655
0 0.28515625 0.06034482758620689 0.2875 0.06034482758620689 0.28984375 0.05 0.30078125 0.056896551724137934 0.30078125 0.04482758620689655 0.31015625 0.04482758620689655 0.30625 0.034482758620689655 0.2953125 0.041379310344827586 0.29296875 0.03103448275862069 0.2875 0.03103448275862069 0.27734375 0.034482758620689655 0.28203125 0.039655172413793106 0.28203125 0.05172413793103449 0.28515625 0.06034482758620689
0 0.18828125 0.02413793103448276 0.1890625 0.03103448275862069 0.196875 0.022413793103448276 0.2 0.022413793103448276 0.19765625 0.029310344827586203 0.20078125 0.02413793103448276 0.20625 0.03103448275862069 0.2078125 0.022413793103448276 0.21640625 0.039655172413793106 0.2390625 0.03103448275862069 0.2546875 0.04482758620689655 0.25390625 0.05 0.26171875 0.05 0.26796875 0.03793103448275862 0.2765625 0.043103448275862065 0.27265625 0.025862068965517244 0.26875 0.029310344827586203 0.2423828125 0.02413793103448276 0.23984375 0.029310344827586203 0.2375 0.022413793103448276 0.22890625 0.029310344827586203 0.1890625 0.015517241379310345 0.19140625 0.01896551724137931 0.18828125 0.02413793103448276
0 0.33984375 0.3103448275862069 0.33359375 0.35 0.334375 0.37413793103448273 0.33203125 0.3931034482758621 0.334375 0.4068965517241379 0.384375 0.4137931034482759 0.409375 0.4086206896551724 0.428125 0.41724137931034483 0.4640625 0.41551724137931034 0.46171875 0.39827586206896554 0.4390625 0.3896551724137931 0.440625 0.37758620689655176 0.4609375 0.3758620689655172 0.45546875 0.32068965517241377 0.46328125 0.3086206896551724 0.46484375 0.28793103448275864 0.459375 0.23275862068965517 0.46015625 0.21724137931034485 0.45703125 0.21206896551724136 0.4296875 0.2 0.42109375 0.20344827586206896 0.34921875 0.19655172413793104 0.340625 0.20172413793103447 0.340625 0.21379310344827585 0.3328125 0.253448275862069 0.33203125 0.29655172413793107 0.33984375 0.3103448275862069
0 0.4625 0.1921875 0.00078125 0.0015625
0 0.38359375 0.1609375 0.003125 0.0015625
0 0.44453125 0.17413793103448277 0.44453125 0.16896551724137931 0.44765625 0.16724137931034483 0.4296875 0.1568965517241379 0.425390625 0.1568965517241379 0.4234375 0.16379310344827586 0.42109375 0.1568965517241379 0.41015625 0.1568965517241379 0.4375 0.17586206896551723 0.44453125 0.17413793103448277
0 0.3921875 0.1568965517241379 0.39296875 0.16206896551724137 0.396875 0.16034482758620688 0.384375 0.15 0.38359375 0.15344827586206897 0.3921875 0.1568965517241379
0 0.31484375 0.2827586206896552 0.31796875 0.28620689655172415 0.3203125 0.2827586206896552 0.31953125 0.2775862068965517 0.32421875 0.27241379310344827 0.31640625 0.26379310344827583 0.3140625 0.2689655172413793 0.31484375 0.2827586206896552
0 0.1859375 0.4 0.19765625 0.4137931034482759 0.2796875 0.41206896551724137 0.3140625 0.4206896551724138 0.3265625 0.4086206896551724 0.325 0.35344827586206895 0.31796875 0.3275862068965517 0.3171875 0.3120689655172414 0.3078125 0.29482758620689653 0.29921875 0.29310344827586204 0.296875 0.28620689655172415 0.3046875 0.2793103448275862 0.30546875 0.2706896551724138 0.2953125 0.25689655172413794 0.2796875 0.26379310344827583 0.26875 0.2517241379310345 0.25859375 0.25862068965517243 0.25 0.2517241379310345 0.23984375 0.2551724137931034 0.22890625 0.25 0.2203125 0.2517241379310345 0.21640625 0.2603448275862069 0.2125 0.25689655172413794 0.209375 0.26724137931034486 0.20625 0.26379310344827583 0.2125 0.27241379310344827 0.2109375 0.2810344827586207 0.20234375 0.2810344827586207 0.20546875 0.29310344827586204 0.19453125 0.2982758620689655 0.18671875 0.35172413793103446 0.18828125 0.3689655172413793 0.1859375 0.4
0 0.2109375 0.2551724137931034 0.203125 0.2482758620689655 0.20078125 0.253448275862069 0.2 0.2482758620689655 0.19765625 0.25 0.19921875 0.25862068965517243 0.2109375 0.2551724137931034
0 0.465625 0.22758620689655173 0.46640625 0.23448275862068962 0.55 0.25 0.559375 0.25 0.56171875 0.24482758620689654 0.559375 0.23275862068965517 0.559375 0.19137931034482758 0.5640625 0.18620689655172412 0.5640625 0.16379310344827586 0.553125 0.16724137931034483 0.5265625 0.16206896551724137 0.521875 0.17413793103448277 0.51953125 0.16206896551724137 0.51484375 0.16724137931034483 0.50625 0.1568965517241379 0.50078125 0.16551724137931034 0.50078125 0.1568965517241379 0.496875 0.16379310344827586 0.49140625 0.15344827586206897 0.46953125 0.15344827586206897 0.46953125 0.21206896551724136 0.465625 0.22758620689655173
0 0.35 0.18275862068965515 0.3515625 0.19482758620689655 0.34140625 0.2 0.34140625 0.21206896551724136 0.33359375 0.253448275862069 0.3328125 0.29655172413793107 0.33984375 0.30689655172413793 0.340625 0.31724137931034485 0.3328125 0.35172413793103446 0.33203125 0.4051724137931035 0.359375 0.4137931034482759 0.46484375 0.41724137931034483 0.465625 0.4086206896551724 0.4609375 0.38275862068965516 0.46171875 0.3655172413793103 0.4546875 0.32241379310344825 0.45625 0.3155172413793103 0.4625 0.3103448275862069 0.46484375 0.3 0.459375 0.21724137931034485 0.45546875 0.2103448275862069 0.4578125 0.20344827586206896 0.46328125 0.20172413793103447 0.4640625 0.18448275862068966 0.4609375 0.1706896551724138 0.46328125 0.16034482758620688 0.45703125 0.15517241379310345 0.40078125 0.15344827586206897 0.390625 0.14655172413793102 0.37265625 0.15 0.3484375 0.14310344827586208 0.34375 0.15 0.34765625 0.1568965517241379 0.346875 0.16206896551724137 0.3375 0.16206896551724137 0.334375 0.16724137931034483 0.33671875 0.17586206896551723 0.35 0.18275862068965515
0 0.42890625 0.10517241379310345 0.421875 0.10172413793103448 0.42109375 0.10862068965517242 0.42890625 0.10517241379310345
0 0.13125 0.22241379310344828 0.13046875 0.2189655172413793 0.12734375 0.2206896551724138 0.13125 0.22241379310344828
0 0.11015625 0.20862068965517241 0.10546875 0.20689655172413796 0.10546875 0.21379310344827585 0.11015625 0.20862068965517241
0 0.03515625 0.12413793103448276 0.03203125 0.15517241379310345 0.03984375 0.16724137931034483 0.0578125 0.16379310344827586 0.0671875 0.17241379310344826 0.0796875 0.16896551724137931 0.09453125 0.1810344827586207 0.09765625 0.17586206896551723 0.11484375 0.1810344827586207 0.13203125 0.17758620689655172 0.14140625 0.18448275862068966 0.14765625 0.1810344827586207 0.16640625 0.18620689655172412 0.17578125 0.18448275862068966 0.178125 0.17758620689655172 0.1796875 0.14310344827586208 0.1765625 0.12931034482758622 0.1796875 0.12241379310344827 0.17421875 0.11206896551724137 0.1765625 0.10862068965517242 0.175 0.08103448275862069 0.1640625 0.07241379310344828 0.10703125 0.06206896551724138 0.0953125 0.06724137931034482 0.0828125 0.056896551724137934 0.04921875 0.05344827586206896 0.04296875 0.058620689655172406 0.03984375 0.05344827586206896 0.02890625 0.09655172413793103 0.028125 0.10517241379310345 0.03515625 0.12413793103448276
0 0.88984375 0.08793103448275862 0.89609375 0.09137931034482757 0.94609375 0.10344827586206898 0.96328125 0.09827586206896552 0.96328125 0.07241379310344828 0.95625 0.07241379310344828 0.95234375 0.058620689655172406 0.9328125 0.05 0.9171875 0.05 0.91171875 0.06379310344827585 0.89296875 0.07413793103448277 0.89296875 0.08275862068965517 0.88984375 0.08793103448275862
0 0.1890625 0.16034482758620688 0.1859375 0.17758620689655172 0.19375 0.1896551724137931 0.18671875 0.2396551724137931 0.18515625 0.2827586206896552 0.18828125 0.29482758620689653 0.2359375 0.29655172413793107 0.246875 0.3017241379310345 0.27734375 0.29655172413793107 0.3078125 0.3 0.31328125 0.30689655172413793 0.32109375 0.30689655172413793 0.32734375 0.29655172413793107 0.3265625 0.253448275862069 0.321875 0.24137931034482757 0.31796875 0.21724137931034485 0.31875 0.20517241379310341 0.3265625 0.1879310344827586 0.3265625 0.15517241379310345 0.31875 0.1103448275862069 0.3203125 0.09482758620689655 0.31328125 0.08793103448275862 0.28203125 0.08275862068965517 0.24453125 0.08448275862068966 0.240625 0.07931034482758621 0.203125 0.07586206896551724 0.1953125 0.07758620689655173 0.18828125 0.10689655172413792 0.18515625 0.13448275862068965 0.1890625 0.16034482758620688
0 0.3203125 0.021875 0.00078125 0.0015625
0 0.19296875 0.07586206896551724 0.19296875 0.08448275862068966 0.18515625 0.1275862068965517 0.1875 0.15 0.18515625 0.17758620689655172 0.19375 0.19310344827586207 0.18671875 0.23793103448275862 0.18515625 0.27413793103448275 0.18671875 0.29137931034482756 0.19375 0.3 0.1921875 0.3293103448275862 0.1875 0.34827586206896555 0.18671875 0.40344827586206894 0.196875 0.4137931034482759 0.21015625 0.41034482758620683 0.2265625 0.41551724137931034 0.2453125 0.41034482758620683 0.3046875 0.41551724137931034 0.3125 0.4206896551724138 0.32734375 0.41034482758620683 0.3265625 0.3620689655172414 0.31796875 0.3275862068965517 0.31796875 0.3120689655172414 0.328125 0.29310344827586204 0.3265625 0.2551724137931034 0.31796875 0.21724137931034485 0.31953125 0.20344827586206896 0.32734375 0.19137931034482758 0.32734375 0.1568965517241379 0.31875 0.10862068965517242 0.32734375 0.08620689655172413 0.328125 0.041379310344827586 0.3203125 0.006896551724137931 0.31484375 0 0.265625 0 0.240625 0.0017241379310344827 0.23046875 0.010344827586206896 0.2015625 0 0.18984375 0.005172413793103448 0.18671875 0.013793103448275862 0.18515625 0.06379310344827585 0.19296875 0.07586206896551724
0 0.678125 0.3896551724137931 0.67109375 0.4224137931034483 0.67578125 0.43103448275862066 0.7515625 0.4379310344827586 0.765625 0.4379310344827586 0.76875 0.43275862068965515 0.7671875 0.4051724137931035 0.771875 0.3913793103448276 0.76953125 0.3586206896551724 0.771875 0.34655172413793106 0.76875 0.31724137931034485 0.771875 0.3120689655172414 0.771875 0.2793103448275862 0.76640625 0.2706896551724138 0.71796875 0.2706896551724138 0.71015625 0.26206896551724135 0.70546875 0.2655172413793103 0.703125 0.25689655172413794 0.69375 0.26379310344827583 0.68203125 0.2603448275862069 0.678125 0.2655172413793103 0.67734375 0.29137931034482756 0.68515625 0.30689655172413793 0.67890625 0.31724137931034485 0.6765625 0.3413793103448276 0.67421875 0.3448275862068965 0.67421875 0.3758620689655172 0.678125 0.3896551724137931
0 0.76796875 0.2390625 0.0015625 0.00546875
0 0.7140625 0.22413793103448273 0.7078125 0.22586206896551725 0.709375 0.22931034482758622 0.7140625 0.22413793103448273
0 0.69609375 0.2234375 0.0046875 0.0015625
0 0.51171875 0.5793103448275863 0.5203125 0.5741379310344827 0.515625 0.5672413793103448 0.51171875 0.5775862068965517 0.51015625 0.5672413793103448 0.50859375 0.5706896551724138 0.51171875 0.5793103448275863
0 0.2828125 0.509375 0.00078125 0.0015625
0 0.2984375 0.496551724137931 0.29921875 0.49137931034482757 0.28984375 0.49827586206896546 0.2859375 0.506896551724138 0.2984375 0.496551724137931
0 0.5328125 0.4640625 0.00078125 0.003125
0 0.31875 0.48793103448275865 0.33046875 0.5017241379310345 0.33125 0.506896551724138 0.32734375 0.5155172413793103 0.321875 0.5172413793103449 0.3171875 0.5258620689655172 0.32109375 0.5293103448275862 0.325 0.5413793103448276 0.32421875 0.5465517241379311 0.33046875 0.5517241379310345 0.33046875 0.5672413793103448 0.33359375 0.5724137931034483 0.3421875 0.5706896551724138 0.3453125 0.5637931034482759 0.346875 0.5689655172413792 0.3546875 0.5637931034482759 0.35703125 0.5517241379310345 0.353125 0.5431034482758621 0.35625 0.5362068965517242 0.359375 0.5413793103448276 0.3671875 0.539655172413793 0.378125 0.5293103448275862 0.38671875 0.5275862068965517 0.3984375 0.5327586206896552 0.40546875 0.5465517241379311 0.41484375 0.5551724137931034 0.421875 0.5844827586206897 0.44296875 0.5810344827586207 0.446875 0.5724137931034483 0.44609375 0.5551724137931034 0.4484375 0.55 0.453125 0.5534482758620689 0.46953125 0.5362068965517242 0.484375 0.5310344827586206 0.4953125 0.539655172413793 0.49765625 0.5344827586206897 0.503125 0.5568965517241379 0.50859375 0.5603448275862069 0.51796875 0.539655172413793 0.5234375 0.539655172413793 0.5234375 0.5275862068965517 0.53125 0.5137931034482759 0.546875 0.5086206896551724 0.5484375 0.5189655172413793 0.55546875 0.5206896551724138 0.55078125 0.496551724137931 0.5390625 0.48275862068965514 0.525 0.49482758620689654 0.5234375 0.4896551724137931 0.51171875 0.4862068965517241 0.51015625 0.47586206896551725 0.5046875 0.47586206896551725 0.50078125 0.4793103448275862 0.49453125 0.5 0.47890625 0.47586206896551725 0.4734375 0.4603448275862069 0.46328125 0.45 0.4453125 0.46206896551724136 0.4359375 0.4896551724137931 0.43203125 0.4896551724137931 0.425 0.46896551724137925 0.4078125 0.4517241379310345 0.390625 0.4568965517241379 0.3765625 0.48275862068965514 0.36953125 0.48793103448275865 0.36953125 0.4637931034482759 0.365625 0.4568965517241379 0.36015625 0.45862068965517244 0.3609375 0.4517241379310345 0.35546875 0.44482758620689655 0.34765625 0.4517241379310345 0.3484375 0.4568965517241379 0.3453125 0.4603448275862069 0.34296875 0.45 0.3359375 0.44827586206896547 0.31015625 0.47586206896551725 0.309375 0.4844827586206897 0.31875 0.48793103448275865
0 0.33828125 0.2517241379310345 0.42421875 0.2655172413793103 0.434375 0.26206896551724135 0.44140625 0.2689655172413793 0.459375 0.26724137931034486 0.4625 0.2603448275862069 0.459375 0.2189655172413793 0.44609375 0.20689655172413796 0.42890625 0.20344827586206896 0.4109375 0.20862068965517241 0.3875 0.2 0.35 0.19827586206896552 0.3421875 0.20344827586206896 0.3375 0.22413793103448273 0.3359375 0.24655172413793106 0.33828125 0.2517241379310345
0 0.68046875 0.30689655172413793 0.7140625 0.30344827586206896 0.765625 0.3155172413793103 0.7734375 0.3103448275862069 0.7734375 0.28793103448275864 0.7703125 0.27586206896551724 0.73125 0.26724137931034486 0.69140625 0.2655172413793103 0.68203125 0.2603448275862069 0.67578125 0.2655172413793103 0.675 0.29655172413793107 0.68046875 0.30689655172413793
0 0.56640625 0.28620689655172415 0.57421875 0.3 0.5953125 0.2896551724137931 0.66640625 0.3017241379310345 0.67109375 0.29310344827586204 0.67265625 0.2793103448275862 0.67265625 0.2689655172413793 0.665625 0.26379310344827583 0.5796875 0.2517241379310345 0.56875 0.2551724137931034 0.56640625 0.2603448275862069 0.56640625 0.28620689655172415
0 0.03359375 0.32413793103448274 0.03828125 0.34827586206896555 0.034375 0.38275862068965516 0.04609375 0.39655172413793105 0.115625 0.39655172413793105 0.14375 0.4068965517241379 0.15703125 0.40344827586206894 0.1671875 0.41034482758620683 0.178125 0.4051724137931035 0.18203125 0.39827586206896554 0.18203125 0.34655172413793106 0.17109375 0.30517241379310345 0.171875 0.3 0.1546875 0.2810344827586207 0.1453125 0.28620689655172415 0.13671875 0.27413793103448275 0.13984375 0.26724137931034486 0.1359375 0.2689655172413793 0.1328125 0.2827586206896552 0.1015625 0.2827586206896552 0.08515625 0.27586206896551724 0.07578125 0.2793103448275862 0.04140625 0.2706896551724138 0.03828125 0.27413793103448275 0.03828125 0.3017241379310345 0.03359375 0.32413793103448274
0 0.14375 0.2551724137931034 0.14296875 0.24482758620689654 0.13984375 0.24482758620689654 0.13828125 0.2517241379310345 0.14375 0.2551724137931034
0 0.11953125 0.24310344827586206 0.12265625 0.25689655172413794 0.12578125 0.24655172413793106 0.12265625 0.25 0.11953125 0.24310344827586206
0 0.11953125 0.2390625 0.0015625 0.0015625
0 0.07109375 0.25862068965517243 0.07734375 0.25 0.0875 0.25862068965517243 0.096875 0.25 0.1015625 0.2517241379310345 0.1046875 0.24482758620689654 0.10703125 0.253448275862069 0.11328125 0.25 0.11015625 0.24137931034482757 0.10625 0.24482758620689654 0.1 0.23448275862068962 0.090625 0.23448275862068962 0.08671875 0.24482758620689654 0.08359375 0.23793103448275862 0.08515625 0.23448275862068962 0.08125 0.23793103448275862 0.075 0.23103448275862068 0.06875 0.23275862068965517 0.06796875 0.253448275862069 0.07109375 0.25862068965517243
0 0.040625 0.2551724137931034 0.04609375 0.253448275862069 0.04375 0.24655172413793106 0.0515625 0.23620689655172417 0.04921875 0.23793103448275862 0.04921875 0.23275862068965517 0.04375 0.22931034482758622 0.0359375 0.23620689655172417 0.03359375 0.2517241379310345 0.040625 0.2551724137931034
0 0.62265625 0.005172413793103448 0.61640625 0.0034482758620689655 0.6078125 0.005172413793103448 0.62265625 0.005172413793103448
0 0.5734375 0.06551724137931034 0.57421875 0.07413793103448277 0.65546875 0.07931034482758621 0.67109375 0.08620689655172413 0.675 0.08275862068965517 0.6734375 0.04827586206896552 0.6765625 0.039655172413793106 0.67578125 0.010344827586206896 0.67109375 0.005172413793103448 0.6328125 0.0034482758620689655 0.6328125 0.010344827586206896 0.6296875 0.010344827586206896 0.62890625 0.0034482758620689655 0.62890625 0.022413793103448276 0.6171875 0.027586206896551724 0.59765625 0.025862068965517244 0.59296875 0.017241379310344827 0.5921875 0.0034482758620689655 0.59140625 0.006896551724137931 0.584375 0.0017241379310344827 0.58125 0.008620689655172414 0.578125 0.0017241379310344827 0.575 0.02413793103448276 0.5765625 0.05172413793103449 0.5734375 0.06551724137931034
0 0.5421875 0.4068965517241379 0.54453125 0.39827586206896554 0.54765625 0.39827586206896554 0.54765625 0.4068965517241379 0.55 0.40344827586206894 0.546875 0.38620689655172413 0.54765625 0.3948275862068965 0.54453125 0.3948275862068965 0.54140625 0.38620689655172413 0.53828125 0.39655172413793105 0.5375 0.4 0.5421875 0.4068965517241379
0 0.52890625 0.371875 0.0015625 0.0015625
0 0.47890625 0.4068965517241379 0.51484375 0.4051724137931035 0.5296875 0.41034482758620683 0.52890625 0.39827586206896554 0.53203125 0.39827586206896554 0.5359375 0.4086206896551724 0.53203125 0.3896551724137931 0.53359375 0.38620689655172413 0.53046875 0.38448275862068965 0.53046875 0.3793103448275862 0.52578125 0.38620689655172413 0.5203125 0.38275862068965516 0.521875 0.3793103448275862 0.51875 0.37413793103448273 0.52265625 0.3655172413793103 0.51171875 0.3655172413793103 0.5046875 0.37758620689655176 0.49453125 0.36379310344827587 0.47734375 0.3655172413793103 0.478125 0.37241379310344824 0.4734375 0.3758620689655172 0.471875 0.39655172413793105 0.47890625 0.4068965517241379
0 0.50546875 0.3655172413793103 0.5046875 0.3620689655172414 0.503125 0.3655172413793103 0.50546875 0.3655172413793103
0 0.46953125 0.19482758620689655 0.47109375 0.2103448275862069 0.46640625 0.22931034482758622 0.46875 0.28793103448275864 0.4671875 0.3137931034482758 0.46953125 0.3258620689655172 0.49609375 0.3258620689655172 0.50078125 0.33275862068965517 0.50546875 0.3275862068965517 0.51796875 0.3275862068965517 0.55078125 0.3396551724137931 0.56015625 0.33793103448275863 0.55859375 0.2896551724137931 0.5625 0.24655172413793106 0.55859375 0.23103448275862068 0.56015625 0.21206896551724136 0.55703125 0.19482758620689655 0.56328125 0.18620689655172412 0.5625 0.16724137931034483 0.55078125 0.16206896551724137 0.51796875 0.16206896551724137 0.49296875 0.15172413793103448 0.47109375 0.15172413793103448 0.46875 0.16724137931034483 0.471875 0.17586206896551723 0.46953125 0.19482758620689655
0 0.18828125 0.1879310344827586 0.23515625 0.1879310344827586 0.24453125 0.19482758620689655 0.25625 0.19137931034482758 0.26796875 0.19655172413793104 0.28125 0.19310344827586207 0.29140625 0.20172413793103447 0.30625 0.19655172413793104 0.31875 0.20344827586206896 0.3265625 0.2 0.32890625 0.1896551724137931 0.32734375 0.15517241379310345 0.32421875 0.14310344827586208 0.31953125 0.1396551724137931 0.259375 0.1413793103448276 0.2171875 0.13448275862068965 0.2125 0.12931034482758622 0.1890625 0.13275862068965516 0.184375 0.15344827586206897 0.18359375 0.18448275862068966 0.18828125 0.1879310344827586
0 0.1921875 0.35172413793103446 0.29609375 0.3568965517241379 0.31875 0.36379310344827587 0.321875 0.36379310344827587 0.32421875 0.35344827586206895 0.31640625 0.3137931034482758 0.3015625 0.30344827586206896 0.203125 0.2982758620689655 0.196875 0.3 0.19140625 0.32241379310344825 0.1890625 0.3448275862068965 0.1921875 0.35172413793103446
0 0.4671875 0.23203125 0.00078125 0.0015625
0 0.46953125 0.2 0.4734375 0.20344827586206896 0.47109375 0.2206896551724138 0.48046875 0.22758620689655173 0.5015625 0.22931034482758622 0.50390625 0.21724137931034485 0.5078125 0.21206896551724136 0.50546875 0.20344827586206896 0.515625 0.2 0.52109375 0.20517241379310341 0.521875 0.22241379310344828 0.51640625 0.22586206896551725 0.51875 0.23275862068965517 0.5265625 0.23448275862068962 0.528125 0.2396551724137931 0.5390625 0.23275862068965517 0.5484375 0.2396551724137931 0.55546875 0.23793103448275862 0.55703125 0.21206896551724136 0.56328125 0.20172413793103447 0.565625 0.1896551724137931 0.56484375 0.16379310344827586 0.5296875 0.16206896551724137 0.51640625 0.15517241379310345 0.515625 0.15 0.5 0.15517241379310345 0.4765625 0.15172413793103448 0.46953125 0.15517241379310345 0.46640625 0.16379310344827586 0.4671875 0.1879310344827586 0.46953125 0.2
0 0.47109375 0.02413793103448276 0.4703125 0.03275862068965517 0.4734375 0.017241379310344827 0.48046875 0.010344827586206896 0.5078125 0.022413793103448276 0.565625 0.029310344827586203 0.56953125 0.02413793103448276 0.57109375 0.0034482758620689655 0.4671875 0.0017241379310344827 0.46640625 0.008620689655172414 0.47109375 0.02413793103448276
0 0.57265625 0.2103448275862069 0.63671875 0.2103448275862069 0.66875 0.2189655172413793 0.6734375 0.2 0.671875 0.16896551724137931 0.64921875 0.17241379310344826 0.62734375 0.16379310344827586 0.57578125 0.15517241379310345 0.56875 0.17413793103448277 0.56640625 0.20172413793103447 0.57265625 0.2103448275862069
0 0.61796875 0.37241379310344824 0.60859375 0.3706896551724138 0.6046875 0.37241379310344824 0.61796875 0.37241379310344824
0 0.575 0.3706896551724138 0.56953125 0.36379310344827587 0.5671875 0.37413793103448273 0.575 0.3706896551724138
0 0.565625 0.3293103448275862 0.56796875 0.34310344827586203 0.596875 0.33793103448275863 0.66640625 0.34655172413793106 0.66953125 0.3396551724137931 0.66796875 0.2982758620689655 0.6390625 0.29137931034482756 0.61328125 0.29310344827586204 0.59609375 0.28620689655172415 0.5671875 0.3 0.56875 0.30689655172413793 0.565625 0.3293103448275862
0 0.63515625 0.2655172413793103 0.63046875 0.26206896551724135 0.63359375 0.2775862068965517 0.63515625 0.2655172413793103
0 0.62265625 0.2655172413793103 0.615625 0.26206896551724135 0.615625 0.26724137931034486 0.62265625 0.2655172413793103
0 0.6125 0.25862068965517243 0.61015625 0.25862068965517243 0.60859375 0.2603448275862069 0.6125 0.25862068965517243
0 0.36953125 0.4015625 0.0015625 0.003125
0 0.3359375 0.38984375 0.00078125 0.003125
0 0.33984375 0.20172413793103447 0.33984375 0.21724137931034485 0.33359375 0.24655172413793106 0.33203125 0.29137931034482756 0.3421875 0.3103448275862069 0.353125 0.30344827586206896 0.42890625 0.3155172413793103 0.45703125 0.3137931034482758 0.46328125 0.3086206896551724 0.46328125 0.26206896551724135 0.46015625 0.23793103448275862 0.4609375 0.21206896551724136 0.46640625 0.20344827586206896 0.4625 0.17413793103448277 0.46484375 0.15172413793103448 0.4609375 0.12413793103448276 0.46171875 0.10862068965517242 0.46640625 0.09482758620689655 0.46328125 0.08620689655172413 0.46015625 0.1 0.44453125 0.08793103448275862 0.4421875 0.06206896551724138 0.43984375 0.06206896551724138 0.4390625 0.08103448275862069 0.44140625 0.08620689655172413 0.4359375 0.08793103448275862 0.43515625 0.09482758620689655 0.4125 0.09482758620689655 0.40859375 0.09310344827586206 0.4046875 0.08103448275862069 0.39453125 0.07758620689655173 0.38671875 0.08448275862068966 0.3828125 0.07931034482758621 0.37578125 0.08620689655172413 0.36328125 0.08103448275862069 0.35546875 0.08103448275862069 0.3484375 0.08793103448275862 0.34453125 0.08448275862068966 0.33359375 0.13793103448275862 0.33359375 0.18448275862068966 0.33984375 0.20172413793103447
0 0.4359375 0.07758620689655173 0.43828125 0.06206896551724138 0.434375 0.06034482758620689 0.43359375 0.07413793103448277 0.4359375 0.07758620689655173
0 0.34375 0.041379310344827586 0.35859375 0.043103448275862065 0.3625 0.05 0.365625 0.03793103448275862 0.3765625 0.03793103448275862 0.3953125 0.043103448275862065 0.40078125 0.06379310344827585 0.40703125 0.06206896551724138 0.41015625 0.05 0.4171875 0.05 0.42109375 0.05517241379310345 0.42109375 0.06551724137931034 0.428125 0.0706896551724138 0.434375 0.05172413793103449 0.4421875 0.056896551724137934 0.44609375 0.05344827586206896 0.44921875 0.058620689655172406 0.44921875 0.07241379310344828 0.4546875 0.07931034482758621 0.45859375 0.07413793103448277 0.46640625 0.07758620689655173 0.4671875 0.056896551724137934 0.46328125 0.01896551724137931 0.46015625 0.006896551724137931 0.45 0 0.4453125 0.005172413793103448 0.39765625 0.008620689655172414 0.38046875 0 0.3421875 0.0034482758620689655 0.3359375 0.029310344827586203 0.33515625 0.06379310344827585 0.34375 0.041379310344827586
0 0.4765625 0.5086206896551724 0.4859375 0.5137931034482759 0.4859375 0.5258620689655172 0.49453125 0.5327586206896552 0.49453125 0.5051724137931035 0.48359375 0.4844827586206897 0.478125 0.4931034482758621 0.47890625 0.503448275862069 0.4765625 0.5086206896551724
0 0.32265625 0.46551724137931033 0.32109375 0.46206896551724136 0.3140625 0.4706896551724138 0.31328125 0.47586206896551725 0.32265625 0.46551724137931033
0 0.36015625 0.4603448275862069 0.35859375 0.45344827586206893 0.35703125 0.45862068965517244 0.36015625 0.4603448275862069
0 0.34765625 0.5517241379310345 0.3484375 0.5724137931034483 0.35625 0.5637931034482759 0.36015625 0.5482758620689655 0.365625 0.5413793103448276 0.371875 0.5413793103448276 0.3796875 0.5310344827586206 0.38984375 0.5310344827586206 0.41171875 0.5551724137931034 0.41875 0.5706896551724138 0.42109375 0.5862068965517241 0.44140625 0.5775862068965517 0.44140625 0.5379310344827586 0.453125 0.5241379310344827 0.44921875 0.5241379310344827 0.45 0.5120689655172413 0.446875 0.506896551724138 0.4453125 0.49137931034482757 0.434375 0.4896551724137931 0.42109375 0.46206896551724136 0.40390625 0.45 0.38671875 0.4603448275862069 0.371875 0.4896551724137931 0.36953125 0.48793103448275865 0.3671875 0.503448275862069 0.35703125 0.5189655172413793 0.359375 0.55 0.34765625 0.5517241379310345
0 0.6703125 0.4241379310344827 0.67421875 0.43103448275862066 0.7484375 0.4379310344827586 0.76875 0.4344827586206897 0.76796875 0.4051724137931035 0.77265625 0.3913793103448276 0.771875 0.36379310344827587 0.76875 0.35517241379310344 0.75234375 0.3568965517241379 0.7234375 0.34827586206896555 0.6921875 0.35 0.68359375 0.3448275862068965 0.675 0.34655172413793106 0.67265625 0.3603448275862069 0.67578125 0.3896551724137931 0.6703125 0.4241379310344827
0 0.18828125 0.1396551724137931 0.19609375 0.13448275862068965 0.22734375 0.13275862068965516 0.234375 0.1396551724137931 0.24921875 0.13620689655172413 0.284375 0.14482758620689656 0.2984375 0.14310344827586208 0.3078125 0.15 0.3234375 0.14655172413793102 0.32421875 0.1396551724137931 0.31953125 0.11896551724137931 0.31796875 0.09482758620689655 0.3125 0.08793103448275862 0.28046875 0.08275862068965517 0.2671875 0.08620689655172413 0.26015625 0.08103448275862069 0.24375 0.08448275862068966 0.2390625 0.07931034482758621 0.203125 0.07586206896551724 0.1953125 0.07758620689655173 0.1875 0.10862068965517242 0.18515625 0.12931034482758622 0.18828125 0.1396551724137931
0 0.34453125 0.14482758620689656 0.359375 0.14482758620689656 0.43125 0.15517241379310345 0.4421875 0.16551724137931034 0.453125 0.16034482758620688 0.46328125 0.16379310344827586 0.46484375 0.15862068965517243 0.46015625 0.10862068965517242 0.425 0.09655172413793103 0.4109375 0.1 0.40390625 0.09482758620689655 0.3671875 0.0896551724137931 0.34375 0.09310344827586206 0.334375 0.13448275862068965 0.33515625 0.15172413793103448 0.34453125 0.14482758620689656
0 0.3421875 0.20172413793103447 0.359375 0.19655172413793104 0.39921875 0.20172413793103447 0.4109375 0.20862068965517241 0.42890625 0.20344827586206896 0.43671875 0.20862068965517241 0.44609375 0.20689655172413796 0.45625 0.21551724137931033 0.46328125 0.21551724137931033 0.46640625 0.2103448275862069 0.4640625 0.16551724137931034 0.45859375 0.15862068965517243 0.440625 0.16206896551724137 0.4140625 0.15172413793103448 0.3984375 0.15344827586206897 0.34453125 0.1413793103448276 0.33671875 0.14310344827586208 0.3328125 0.1706896551724138 0.33203125 0.19137931034482758 0.3421875 0.20172413793103447
0 0.03828125 0.058620689655172406 0.02890625 0.1 0.0328125 0.11724137931034481 0.02890625 0.1568965517241379 0.0390625 0.17413793103448277 0.03125 0.21379310344827585 0.03515625 0.23793103448275862 0.0296875 0.2655172413793103 0.03203125 0.27413793103448275 0.03984375 0.2827586206896552 0.0390625 0.3017241379310345 0.034375 0.32413793103448274 0.0375 0.34310344827586203 0.03515625 0.38275862068965516 0.046875 0.39655172413793105 0.1125 0.39655172413793105 0.14296875 0.4051724137931035 0.15625 0.40344827586206894 0.16796875 0.41034482758620683 0.178125 0.40344827586206894 0.18203125 0.3913793103448276 0.18203125 0.3586206896551724 0.1765625 0.3448275862068965 0.17734375 0.33793103448275863 0.1703125 0.30517241379310345 0.1796875 0.28793103448275864 0.18046875 0.27586206896551724 0.1796875 0.24655172413793106 0.1734375 0.22241379310344828 0.17421875 0.20344827586206896 0.171875 0.19482758620689655 0.17890625 0.17758620689655172 0.1796875 0.14482758620689656 0.1765625 0.12241379310344827 0.17265625 0.11551724137931034 0.17421875 0.07413793103448277 0.178125 0.06379310344827585 0.178125 0.029310344827586203 0.171875 0.008620689655172414 0.159375 0.010344827586206896 0.15234375 0.005172413793103448 0.13671875 0.01206896551724138 0.1015625 0.0034482758620689655 0.0390625 0.0034482758620689655 0.0296875 0.010344827586206896 0.028125 0.025862068965517244 0.02734375 0.04482758620689655 0.03828125 0.058620689655172406
0 0.728125 0.30234375 0.00390625 0.0015625
0 0.7453125 0.3 0.75 0.30517241379310345 0.74453125 0.2982758620689655 0.74140625 0.3 0.74296875 0.30517241379310345 0.7453125 0.3
0 0.7609375 0.3086206896551724 0.7625 0.3017241379310345 0.76484375 0.3086206896551724 0.76640625 0.30517241379310345 0.75703125 0.29655172413793107 0.75625 0.30689655172413793 0.7609375 0.3086206896551724
0 0.68203125 0.29310344827586204 0.6796875 0.28793103448275864 0.678125 0.29137931034482756 0.68203125 0.29310344827586204
0 0.68515625 0.2793103448275862 0.67890625 0.27413793103448275 0.67890625 0.2827586206896552 0.68515625 0.2793103448275862
0 0.68359375 0.20172413793103447 0.678125 0.2103448275862069 0.6859375 0.22241379310344828 0.6796875 0.23448275862068962 0.6765625 0.2482758620689655 0.67734375 0.25689655172413794 0.6921875 0.26724137931034486 0.69453125 0.2793103448275862 0.69921875 0.26724137931034486 0.771875 0.27241379310344827 0.77109375 0.24137931034482757 0.775 0.21206896551724136 0.7734375 0.1879310344827586 0.76875 0.1793103448275862 0.76875 0.17241379310344826 0.77109375 0.15517241379310345 0.77890625 0.14310344827586208 0.7765625 0.11896551724137931 0.7796875 0.10689655172413792 0.7796875 0.005172413793103448 0.69609375 0.005172413793103448 0.68671875 0.01206896551724138 0.6828125 0.025862068965517244 0.684375 0.06724137931034482 0.68125 0.07931034482758621 0.68203125 0.15 0.67734375 0.16379310344827586 0.678125 0.18448275862068966 0.68359375 0.20172413793103447
0 0.0390625 0.056896551724137934 0.04921875 0.05172413793103449 0.07890625 0.05517241379310345 0.0921875 0.06379310344827585 0.1078125 0.06206896551724138 0.16640625 0.07413793103448277 0.17578125 0.07413793103448277 0.1796875 0.06379310344827585 0.18046875 0.03275862068965517 0.171875 0 0.15078125 0 0.14140625 0.005172413793103448 0.03203125 0 0.02890625 0.006896551724137931 0.0265625 0.027586206896551724 0.02578125 0.04655172413793103 0.0390625 0.056896551724137934
0 0.684375 0.13448275862068965 0.7015625 0.13275862068965516 0.75 0.1413793103448276 0.771875 0.15172413793103448 0.77890625 0.14655172413793102 0.78046875 0.13793103448275862 0.77890625 0.10689655172413792 0.696875 0.09310344827586206 0.6875 0.09310344827586206 0.67890625 0.10344827586206898 0.6765625 0.1275862068965517 0.684375 0.13448275862068965
0 0.4625 0.34655172413793106 0.46953125 0.36724137931034484 0.5109375 0.36724137931034484 0.55078125 0.3758620689655172 0.5578125 0.3758620689655172 0.5609375 0.3689655172413793 0.56171875 0.34310344827586203 0.55859375 0.33793103448275863 0.5171875 0.3275862068965517 0.4640625 0.32413793103448274 0.46171875 0.3293103448275862 0.4625 0.34655172413793106
0 0.471875 0.26206896551724135 0.46796875 0.2706896551724138 0.46796875 0.3103448275862069 0.46328125 0.3293103448275862 0.46640625 0.3413793103448276 0.47109375 0.4051724137931035 0.478125 0.41034482758620683 0.5578125 0.41034482758620683 0.5578125 0.36379310344827587 0.5625 0.33793103448275863 0.559375 0.2896551724137931 0.55703125 0.2827586206896552 0.5625 0.25689655172413794 0.56015625 0.2396551724137931 0.55625 0.23448275862068962 0.5484375 0.24310344827586206 0.51796875 0.24310344827586206 0.515625 0.23620689655172417 0.50703125 0.24137931034482757 0.50078125 0.23275862068965517 0.4765625 0.22931034482758622 0.46640625 0.24655172413793106 0.46640625 0.25689655172413794 0.471875 0.26206896551724135
0 0.55390625 0.20862068965517241 0.546875 0.20689655172413796 0.55703125 0.21551724137931033 0.55390625 0.20862068965517241
0 0.51484375 0.21724137931034485 0.51953125 0.20689655172413796 0.51875 0.20172413793103447 0.51328125 0.20172413793103447 0.51015625 0.20862068965517241 0.5078125 0.20172413793103447 0.50625 0.20517241379310341 0.51484375 0.21724137931034485
0 0.6859375 0.22413793103448273 0.73671875 0.22413793103448273 0.77109375 0.23448275862068962 0.775 0.23275862068965517 0.77734375 0.22413793103448273 0.7734375 0.1879310344827586 0.67890625 0.1810344827586207 0.67578125 0.1896551724137931 0.67578125 0.21724137931034485 0.6859375 0.22413793103448273
0 0.57265625 0.41724137931034483 0.60078125 0.41724137931034483 0.621875 0.4241379310344827 0.62890625 0.4241379310344827 0.6296875 0.41724137931034483 0.65 0.4241379310344827 0.6578125 0.4051724137931035 0.65234375 0.40344827586206894 0.65390625 0.3948275862068965 0.6578125 0.3931034482758621 0.65625 0.38620689655172413 0.63203125 0.38275862068965516 0.62734375 0.3879310344827586 0.6203125 0.3810344827586207 0.61875 0.3706896551724138 0.61015625 0.3706896551724138 0.60859375 0.3758620689655172 0.60625 0.37241379310344824 0.596875 0.3810344827586207 0.584375 0.37758620689655176 0.571875 0.3879310344827586 0.56953125 0.4086206896551724 0.57265625 0.41724137931034483
0 0.57890625 0.10862068965517242 0.578125 0.11724137931034481 0.56953125 0.13620689655172413 0.5703125 0.20862068965517241 0.565625 0.22241379310344828 0.56875 0.23103448275862068 0.5671875 0.25 0.5703125 0.26206896551724135 0.56796875 0.2844827586206896 0.57265625 0.29655172413793107 0.56953125 0.30344827586206896 0.5671875 0.33448275862068966 0.5703125 0.3396551724137931 0.6140625 0.33620689655172414 0.6359375 0.3413793103448276 0.64765625 0.3413793103448276 0.65078125 0.33620689655172414 0.6609375 0.33620689655172414 0.6640625 0.3413793103448276 0.6671875 0.33620689655172414 0.6671875 0.3293103448275862 0.66015625 0.3310344827586207 0.65859375 0.31724137931034485 0.6640625 0.3120689655172414 0.66953125 0.29655172413793107 0.66796875 0.27586206896551724 0.671875 0.25689655172413794 0.66875 0.20689655172413796 0.67109375 0.2 0.67265625 0.16206896551724137 0.66796875 0.12241379310344827 0.675 0.09655172413793103 0.67265625 0.06379310344827585 0.67421875 0.01206896551724138 0.64609375 0.0034482758620689655 0.61796875 0.005172413793103448 0.61640625 0.010344827586206896 0.609375 0.0034482758620689655 0.584375 0.0034482758620689655 0.5765625 0.01206896551724138 0.5828125 0.025862068965517244 0.57265625 0.06724137931034482 0.5734375 0.1 0.57890625 0.10862068965517242
0 0.68359375 0.04655172413793103 0.71015625 0.04827586206896552 0.72578125 0.056896551724137934 0.75078125 0.056896551724137934 0.75859375 0.06379310344827585 0.77890625 0.06551724137931034 0.7828125 0.06034482758620689 0.78203125 0.015517241379310345 0.78046875 0.006896551724137931 0.7765625 0.0034482758620689655 0.69609375 0.0034482758620689655 0.68828125 0.005172413793103448 0.68046875 0.01896551724137931 0.6796875 0.041379310344827586 0.68359375 0.04655172413793103
0 0.60625 0.33620689655172414 0.6609375 0.3448275862068965 0.66640625 0.3448275862068965 0.66953125 0.33793103448275863 0.66875 0.3155172413793103 0.66484375 0.30517241379310345 0.64609375 0.29482758620689653 0.58515625 0.29137931034482756 0.571875 0.2982758620689655 0.5671875 0.31896551724137934 0.56875 0.33793103448275863 0.60625 0.33620689655172414
0 0.46953125 0.2775862068965517 0.478125 0.27586206896551724 0.4859375 0.2844827586206896 0.51875 0.2827586206896552 0.53359375 0.28793103448275864 0.5359375 0.29310344827586204 0.54765625 0.2896551724137931 0.55390625 0.2982758620689655 0.56171875 0.2896551724137931 0.5640625 0.26206896551724135 0.56171875 0.253448275862069 0.46640625 0.23448275862068962 0.46484375 0.25689655172413794 0.46953125 0.2775862068965517
0 0.4625 0.3258620689655172 0.4625 0.34310344827586203 0.46796875 0.3655172413793103 0.4671875 0.38275862068965516 0.4703125 0.4068965517241379 0.53359375 0.4137931034482759 0.5546875 0.4137931034482759 0.559375 0.4086206896551724 0.55703125 0.38448275862068965 0.56015625 0.37241379310344824 0.5625 0.3396551724137931 0.559375 0.30344827586206896 0.5625 0.2603448275862069 0.56015625 0.2482758620689655 0.55703125 0.2517241379310345 0.54921875 0.24655172413793106 0.52421875 0.24655172413793106 0.48984375 0.23793103448275862 0.46796875 0.23793103448275862 0.465625 0.24482758620689654 0.4703125 0.3137931034482758 0.4625 0.3258620689655172
0 0.340625 0.07413793103448277 0.33671875 0.08103448275862069 0.34140625 0.09482758620689655 0.340625 0.11206896551724137 0.334375 0.13793103448275862 0.33671875 0.15172413793103448 0.3515625 0.14310344827586208 0.4140625 0.15 0.44453125 0.16034482758620688 0.4640625 0.15862068965517243 0.4609375 0.11206896551724137 0.46640625 0.10517241379310345 0.4671875 0.04827586206896552 0.46015625 0.0034482758620689655 0.4234375 0 0.39921875 0.005172413793103448 0.3875 0 0.34296875 0 0.334375 0.029310344827586203 0.33359375 0.06034482758620689 0.340625 0.07413793103448277
0 0.903125 0.14310344827586208 0.9015625 0.15344827586206897 0.89921875 0.15344827586206897 0.9046875 0.1568965517241379 0.90625 0.14655172413793102 0.90953125 0.15517241379310345 0.91765625 0.15517241379310345 0.9203125 0.15 0.9217187499999999 0.15517241379310345 0.9234375 0.15 0.92734375 0.15344827586206897 0.92578125 0.14655172413793102 0.91015625 0.15 0.9140625 0.1396551724137931 0.906640625 0.13793103448275862 0.9046875 0.14310344827586208 0.90234375 0.13793103448275862 0.89921875 0.1396551724137931 0.903125 0.14310344827586208
0 0.8640625 0.09482758620689655 0.86328125 0.10344827586206898 0.865625 0.10862068965517242 0.8734375 0.10172413793103448 0.88671875 0.1 0.91796875 0.1 0.92421875 0.1103448275862069 0.9390625 0.11379310344827587 0.9609375 0.11206896551724137 0.96484375 0.10517241379310345 0.96328125 0.07931034482758621 0.965625 0.06896551724137931 0.959375 0.05517241379310345 0.91796875 0.04655172413793103 0.89921875 0.04827586206896552 0.88203125 0.05344827586206896 0.8640625 0.06724137931034482 0.8578125 0.0896551724137931 0.8640625 0.09482758620689655
0 0.678125 0.3879310344827586 0.74375 0.3896551724137931 0.7640625 0.39655172413793105 0.76875 0.39655172413793105 0.77265625 0.3896551724137931 0.771875 0.3655172413793103 0.76875 0.3586206896551724 0.71171875 0.35 0.6921875 0.35172413793103446 0.68515625 0.34655172413793106 0.6734375 0.35172413793103446 0.6734375 0.3793103448275862 0.678125 0.3879310344827586
0 0.67734375 0.12068965517241378 0.68125 0.13620689655172413 0.68125 0.15 0.67734375 0.16379310344827586 0.68046875 0.17241379310344826 0.7140625 0.17241379310344826 0.73359375 0.1810344827586207 0.76015625 0.1810344827586207 0.76640625 0.17758620689655172 0.771875 0.15517241379310345 0.7796875 0.14310344827586208 0.77890625 0.09137931034482757 0.77265625 0.09827586206896552 0.76015625 0.1 0.7453125 0.09137931034482757 0.690625 0.08275862068965517 0.684375 0.08620689655172413 0.68046875 0.1 0.68046875 0.11206896551724137 0.67734375 0.12068965517241378
0 0.70546875 0.05344827586206896 0.68515625 0.05517241379310345 0.696875 0.058620689655172406 0.70546875 0.05344827586206896
0 0.5640625 0.4068965517241379 0.56640625 0.4206896551724138 0.6109375 0.4275862068965517 0.665625 0.42586206896551726 0.6609375 0.41206896551724137 0.66171875 0.3913793103448276 0.65625 0.3810344827586207 0.584375 0.3758620689655172 0.56796875 0.38275862068965516 0.56796875 0.39827586206896554 0.5640625 0.4068965517241379
0 0.34375 0.3086206896551724 0.36875 0.30344827586206896 0.45703125 0.31724137931034485 0.4640625 0.3120689655172414 0.46484375 0.30689655172413793 0.46484375 0.27586206896551724 0.46328125 0.2603448275862069 0.46015625 0.25689655172413794 0.4578125 0.26379310344827583 0.4390625 0.26379310344827583 0.33515625 0.25 0.3328125 0.26379310344827583 0.33203125 0.29655172413793107 0.34375 0.3086206896551724
0 0.18359375 0.06379310344827585 0.18515625 0.0706896551724138 0.19140625 0.07413793103448277 0.2375 0.07758620689655173 0.24453125 0.08448275862068966 0.28125 0.08275862068965517 0.3171875 0.09137931034482757 0.325 0.09137931034482757 0.3296875 0.08275862068965517 0.32890625 0.039655172413793106 0.31796875 0.0034482758620689655 0.30390625 0.0034482758620689655 0.29921875 0.010344827586206896 0.29609375 0.0017241379310344827 0.2921875 0.0017241379310344827 0.2859375 0.005172413793103448 0.2828125 0.013793103448275862 0.27578125 0.010344827586206896 0.2734375 0.017241379310344827 0.26484375 0.015517241379310345 0.26171875 0.0034482758620689655 0.2578125 0.0017241379310344827 0.23984375 0.0017241379310344827 0.23203125 0.006896551724137931 0.18828125 0 0.18515625 0.008620689655172414 0.18671875 0.029310344827586203 0.18359375 0.06379310344827585
0 0.5828125 0.03275862068965517 0.6453125 0.03793103448275862 0.66640625 0.04482758620689655 0.678125 0.039655172413793106 0.6765625 0.03103448275862069 0.67890625 0.01206896551724138 0.6765625 0 0.57421875 0 0.5734375 0.02413793103448276 0.5828125 0.03275862068965517
0 0.03359375 0.05 0.03671875 0.06034482758620689 0.028125 0.10172413793103448 0.03359375 0.11551724137931034 0.0390625 0.11551724137931034 0.04375 0.10862068965517242 0.06015625 0.10862068965517242 0.13671875 0.12586206896551724 0.171875 0.12586206896551724 0.175 0.11551724137931034 0.175 0.08448275862068966 0.17890625 0.06034482758620689 0.178125 0.02413793103448276 0.17109375 0.008620689655172414 0.16796875 0.017241379310344827 0.15546875 0.01206896551724138 0.14296875 0.017241379310344827 0.13359375 0.010344827586206896 0.10078125 0.0034482758620689655 0.0421875 0.0034482758620689655 0.03203125 0.006896551724137931 0.028125 0.02413793103448276 0.02734375 0.04482758620689655 0.03359375 0.05
0 0.571875 0.16551724137931034 0.61875 0.16551724137931034 0.65546875 0.17586206896551723 0.66953125 0.17586206896551723 0.6734375 0.16724137931034483 0.66875 0.13275862068965516 0.5921875 0.11724137931034481 0.57734375 0.11896551724137931 0.5703125 0.12931034482758622 0.56953125 0.16034482758620688 0.571875 0.16551724137931034
0 0.4703125 0.14827586206896554 0.51171875 0.15517241379310345 0.515625 0.15172413793103448 0.5171875 0.1568965517241379 0.55546875 0.16551724137931034 0.565625 0.15862068965517243 0.5609375 0.12241379310344827 0.55703125 0.11896551724137931 0.5015625 0.10517241379310345 0.48046875 0.10517241379310345 0.4703125 0.11206896551724137 0.4671875 0.12586206896551724 0.4703125 0.14827586206896554
0 0.57578125 0.37758620689655176 0.6078125 0.3758620689655172 0.64609375 0.3810344827586207 0.65703125 0.3879310344827586 0.66484375 0.3879310344827586 0.67109375 0.3810344827586207 0.66875 0.35172413793103446 0.66171875 0.3413793103448276 0.57421875 0.33793103448275863 0.565625 0.3448275862068965 0.56796875 0.3689655172413793 0.57578125 0.37758620689655176
0 0.47421875 0.11896551724137931 0.4703125 0.14310344827586208 0.496875 0.15 0.49765625 0.14310344827586208 0.50546875 0.13448275862068965 0.51015625 0.13793103448275862 0.50859375 0.15 0.51328125 0.15172413793103448 0.515625 0.14482758620689656 0.5171875 0.15 0.52578125 0.13275862068965516 0.53203125 0.14827586206896554 0.55703125 0.15172413793103448 0.55703125 0.13620689655172413 0.5546875 0.12931034482758622 0.5671875 0.10862068965517242 0.565625 0.0896551724137931 0.56796875 0.07241379310344828 0.56484375 0.04827586206896552 0.56640625 0.01206896551724138 0.5640625 0.0034482758620689655 0.53359375 0.0034482758620689655 0.52265625 0.008620689655172414 0.51875 0.0034482758620689655 0.51015625 0.0034482758620689655 0.5078125 0.008620689655172414 0.47890625 0.0034482758620689655 0.47265625 0.005172413793103448 0.4703125 0.01206896551724138 0.47109375 0.10862068965517242 0.47421875 0.11896551724137931
0 0.03359375 0.38275862068965516 0.046875 0.39827586206896554 0.11796875 0.39827586206896554 0.134375 0.4017241379310345 0.1421875 0.4086206896551724 0.15546875 0.4051724137931035 0.1703125 0.41206896551724137 0.18046875 0.4068965517241379 0.18359375 0.39655172413793105 0.184375 0.3603448275862069 0.17890625 0.35 0.0875 0.3396551724137931 0.0609375 0.3310344827586207 0.04765625 0.33275862068965517 0.03984375 0.3258620689655172 0.034375 0.3293103448275862 0.03671875 0.35172413793103446 0.03359375 0.38275862068965516
0 0.33984375 0.3086206896551724 0.33984375 0.32068965517241377 0.33359375 0.35 0.334375 0.37413793103448273 0.33203125 0.3931034482758621 0.334375 0.4068965517241379 0.3828125 0.4137931034482759 0.40859375 0.41034482758620683 0.4265625 0.41724137931034483 0.46484375 0.4137931034482759 0.46328125 0.3948275862068965 0.46015625 0.3913793103448276 0.46171875 0.3655172413793103 0.45625 0.3258620689655172 0.45625 0.31724137931034485 0.46328125 0.3086206896551724 0.46484375 0.28793103448275864 0.45859375 0.23103448275862068 0.459375 0.2189655172413793 0.45625 0.21379310344827585 0.4359375 0.20517241379310341 0.4109375 0.20862068965517241 0.40546875 0.20344827586206896 0.390625 0.20689655172413796 0.38671875 0.20172413793103447 0.3515625 0.19827586206896552 0.3421875 0.20517241379310341 0.33359375 0.253448275862069 0.3328125 0.28620689655172415 0.33359375 0.3 0.33984375 0.3086206896551724
0 0.56953125 0.2517241379310345 0.66328125 0.26379310344827583 0.66796875 0.26379310344827583 0.67265625 0.2551724137931034 0.66796875 0.21724137931034485 0.58984375 0.20517241379310341 0.5703125 0.21206896551724136 0.5671875 0.24310344827586206 0.56953125 0.2517241379310345
0 0.55546875 0.5482758620689655 0.553125 0.5465517241379311 0.5515625 0.5517241379310345 0.55546875 0.5482758620689655
0 0.57109375 0.5362068965517242 0.5671875 0.5310344827586206 0.56328125 0.5362068965517242 0.57109375 0.5362068965517242
0 0.5640625 0.528125 0.003125 0.0015625
0 0.43828125 0.5362068965517242 0.440625 0.5637931034482759 0.4375 0.5793103448275863 0.44140625 0.5827586206896551 0.44609375 0.5810344827586207 0.45546875 0.5551724137931034 0.47109375 0.5362068965517242 0.484375 0.5327586206896552 0.49296875 0.539655172413793 0.49765625 0.5310344827586206 0.51015625 0.5637931034482759 0.51171875 0.5793103448275863 0.5203125 0.5879310344827586 0.53203125 0.5448275862068965 0.54453125 0.5258620689655172 0.5578125 0.5224137931034483 0.55234375 0.49827586206896546 0.54140625 0.48275862068965514 0.5359375 0.4637931034482759 0.5265625 0.4517241379310345 0.51875 0.4517241379310345 0.50859375 0.4603448275862069 0.49140625 0.49137931034482757 0.47109375 0.45517241379310347 0.45859375 0.44827586206896547 0.4421875 0.46551724137931033 0.43515625 0.49482758620689654 0.434375 0.5224137931034483 0.43828125 0.5362068965517242
0 0.57109375 0.29137931034482756 0.56640625 0.3 0.56484375 0.3137931034482758 0.565625 0.3293103448275862 0.5703125 0.33793103448275863 0.60546875 0.33448275862068966 0.66640625 0.3413793103448276 0.66953125 0.3310344827586207 0.66640625 0.3103448275862069 0.66953125 0.3017241379310345 0.6671875 0.27586206896551724 0.6703125 0.2706896551724138 0.66796875 0.2603448275862069 0.64765625 0.26206896551724135 0.60078125 0.25 0.58125 0.253448275862069 0.57421875 0.24655172413793106 0.57109375 0.2517241379310345 0.5703125 0.2706896551724138 0.56796875 0.27586206896551724 0.56796875 0.2844827586206896 0.57109375 0.29137931034482756
0 0.584375 0.01206896551724138 0.578125 0.010344827586206896 0.578125 0.017241379310344827 0.584375 0.01206896551724138
0 0.57578125 0.11206896551724137 0.56875 0.1396551724137931 0.57421875 0.16379310344827586 0.603125 0.16034482758620688 0.66015625 0.17241379310344826 0.66796875 0.17241379310344826 0.67109375 0.16551724137931034 0.66875 0.13448275862068965 0.67578125 0.08793103448275862 0.671875 0.03620689655172414 0.675 0.01206896551724138 0.67109375 0.006896551724137931 0.62890625 0.005172413793103448 0.62578125 0.02413793103448276 0.62265625 0.020689655172413793 0.621875 0.010344827586206896 0.6203125 0.03103448275862069 0.609375 0.029310344827586203 0.60703125 0.017241379310344827 0.59296875 0.01206896551724138 0.5890625 0.020689655172413793 0.584375 0.020689655172413793 0.57578125 0.03793103448275862 0.57578125 0.05517241379310345 0.57265625 0.06551724137931034 0.571875 0.0896551724137931 0.57578125 0.11206896551724137
0 0.62421875 0.005172413793103448 0.609375 0.0034482758620689655 0.6078125 0.005172413793103448 0.62421875 0.005172413793103448
0 0.5859375 0.0046875 0.00546875 0.0015625
0 0.6765625 0.16206896551724137 0.67890625 0.17758620689655172 0.72421875 0.17758620689655172 0.73203125 0.18275862068965515 0.7671875 0.18620689655172412 0.77109375 0.16034482758620688 0.7703125 0.15172413793103448 0.7671875 0.14827586206896554 0.7515625 0.1413793103448276 0.7109375 0.13448275862068965 0.68203125 0.13793103448275862 0.68125 0.15172413793103448 0.6765625 0.16206896551724137
0 0.19375 0.16379310344827586 0.1921875 0.17586206896551723 0.1890625 0.17241379310344826 0.18828125 0.17758620689655172 0.19453125 0.1810344827586207 0.18671875 0.23793103448275862 0.18515625 0.2844827586206896 0.18828125 0.29482758620689653 0.23203125 0.29482758620689653 0.24375 0.3 0.30703125 0.2982758620689655 0.31328125 0.30517241379310345 0.32421875 0.3017241379310345 0.32734375 0.29482758620689653 0.32578125 0.2517241379310345 0.321875 0.24310344827586206 0.31796875 0.21724137931034485 0.3171875 0.19655172413793104 0.32421875 0.18448275862068966 0.325 0.1706896551724138 0.325 0.15344827586206897 0.3203125 0.13103448275862067 0.29609375 0.14482758620689656 0.29296875 0.1396551724137931 0.28125 0.1413793103448276 0.27734375 0.13620689655172413 0.2734375 0.13620689655172413 0.271875 0.14310344827586208 0.26484375 0.12931034482758622 0.2390625 0.13448275862068965 0.22109375 0.12413793103448276 0.1921875 0.12586206896551724 0.1890625 0.11896551724137931 0.1859375 0.12931034482758622 0.1890625 0.1568965517241379 0.19375 0.16379310344827586
0 0.3171875 0.1109375 0.00078125 0.0015625
0 0.2453125 0.09827586206896552 0.2421875 0.09482758620689655 0.24140625 0.09827586206896552 0.2453125 0.09827586206896552
0 0.3046875 0.09655172413793103 0.30546875 0.10344827586206898 0.31484375 0.10862068965517242 0.3140625 0.09827586206896552 0.3 0.09137931034482757 0.2984375 0.09482758620689655 0.3046875 0.09655172413793103
0 0.25234375 0.08515625 0.003125 0.0015625
0 0.2328125 0.09137931034482757 0.22890625 0.08448275862068966 0.22578125 0.08793103448275862 0.2328125 0.09137931034482757
0 0.1984375 0.10172413793103448 0.19453125 0.09137931034482757 0.1953125 0.08620689655172413 0.1984375 0.08620689655172413 0.1953125 0.08448275862068966 0.1921875 0.09655172413793103 0.19296875 0.11379310344827587 0.1984375 0.10172413793103448
0 0.240625 0.08448275862068966 0.2359375 0.08103448275862069 0.2296875 0.08103448275862069 0.240625 0.08448275862068966
0 0.215625 0.08448275862068966 0.2109375 0.07931034482758621 0.20703125 0.08793103448275862 0.20390625 0.07931034482758621 0.20078125 0.08103448275862069 0.20078125 0.09482758620689655 0.215625 0.08448275862068966
0 0.34140625 0.3103448275862069 0.33671875 0.3448275862068965 0.33359375 0.35 0.33125 0.3931034482758621 0.33359375 0.4068965517241379 0.35390625 0.41206896551724137 0.46328125 0.41724137931034483 0.46328125 0.40344827586206894 0.45859375 0.39655172413793105 0.46015625 0.3931034482758621 0.4546875 0.3896551724137931 0.4609375 0.37413793103448273 0.459375 0.36379310344827587 0.45546875 0.3620689655172414 0.45859375 0.3568965517241379 0.45546875 0.34827586206896555 0.45625 0.33620689655172414 0.45234375 0.31896551724137934 0.44765625 0.3155172413793103 0.46328125 0.2982758620689655 0.46328125 0.27586206896551724 0.46015625 0.2689655172413793 0.4609375 0.25 0.4578125 0.23275862068965517 0.45859375 0.21724137931034485 0.45546875 0.2103448275862069 0.45546875 0.20517241379310341 0.46328125 0.20172413793103447 0.4640625 0.19482758620689655 0.459375 0.16379310344827586 0.41328125 0.15344827586206897 0.396875 0.15517241379310345 0.38359375 0.14655172413793102 0.36328125 0.15 0.3515625 0.14482758620689656 0.34296875 0.15 0.34296875 0.15862068965517243 0.33515625 0.16724137931034483 0.3359375 0.17413793103448277 0.34453125 0.1793103448275862 0.34921875 0.1896551724137931 0.34765625 0.19655172413793104 0.34140625 0.20172413793103447 0.3421875 0.20862068965517241 0.33359375 0.25689655172413794 0.33359375 0.29482758620689653 0.34140625 0.3103448275862069
0 0.425 0.11484375 0.00078125 0.0015625
0 0.428125 0.10517241379310345 0.421875 0.10344827586206898 0.421875 0.1103448275862069 0.428125 0.10517241379310345
0 0.4734375 0.06034482758620689 0.528125 0.07241379310344828 0.56640625 0.0706896551724138 0.5640625 0.04655172413793103 0.56640625 0.025862068965517244 0.56484375 0.0034482758620689655 0.54453125 0.0034482758620689655 0.54375 0.010344827586206896 0.53671875 0.0034482758620689655 0.52265625 0.010344827586206896 0.51796875 0.0034482758620689655 0.5125 0.0034482758620689655 0.5078125 0.010344827586206896 0.49921875 0.005172413793103448 0.490625 0.010344827586206896 0.4859375 0.0034482758620689655 0.4703125 0.006896551724137931 0.46875 0.034482758620689655 0.4734375 0.06034482758620689
0 0.265625 0.1890625 0.00078125 0.0015625
0 0.19453125 0.3 0.19375 0.32068965517241377 0.18828125 0.3448275862068965 0.18828125 0.4051724137931035 0.19765625 0.4137931034482759 0.2796875 0.41206896551724137 0.2875 0.41724137931034483 0.30703125 0.41551724137931034 0.31328125 0.4206896551724138 0.32734375 0.4086206896551724 0.32578125 0.3586206896551724 0.31875 0.33275862068965517 0.31796875 0.3120689655172414 0.32734375 0.2982758620689655 0.328125 0.2775862068965517 0.32578125 0.253448275862069 0.31953125 0.23448275862068962 0.3171875 0.20517241379310341 0.31484375 0.2 0.290625 0.19655172413793104 0.28046875 0.1879310344827586 0.26875 0.19655172413793104 0.25859375 0.19137931034482758 0.24453125 0.19482758620689655 0.2375 0.1879310344827586 0.20078125 0.1879310344827586 0.1953125 0.1896551724137931 0.19140625 0.22241379310344828 0.18671875 0.2396551724137931 0.1859375 0.28620689655172415 0.19453125 0.3
0 0.32421875 0.17413793103448277 0.32421875 0.16034482758620688 0.32265625 0.16379310344827586 0.321875 0.1706896551724138 0.32421875 0.17413793103448277
0 0.290625 0.15172413793103448 0.2859375 0.15 0.2859375 0.16034482758620688 0.290625 0.15172413793103448
0 0.24375 0.1453125 0.00078125 0.0015625
0 0.2625 0.15862068965517243 0.265625 0.1568965517241379 0.26328125 0.15517241379310345 0.265625 0.14655172413793102 0.26171875 0.14310344827586208 0.2625 0.15862068965517243
0 0.68671875 0.26206896551724135 0.7734375 0.2706896551724138 0.771875 0.23620689655172417 0.7671875 0.22931034482758622 0.69453125 0.2206896551724138 0.68046875 0.22931034482758622 0.67734375 0.24137931034482757 0.6765625 0.2551724137931034 0.68671875 0.26206896551724135
0 0.33828125 0.034482758620689655 0.340625 0.029310344827586203 0.3625 0.03103448275862069 0.42734375 0.04655172413793103 0.46640625 0.05 0.4640625 0.01206896551724138 0.459375 0 0.33984375 0 0.33828125 0.005172413793103448 0.33515625 0.020689655172413793 0.33828125 0.034482758620689655