0 0.14250000000000002 0.735625 0.15666666666666668 0.7350000000000001 0.13999999999999999 0.734375 0.13999999999999999 0.738125 0.14250000000000002 0.735625
0 0.10416666666666667 0.734375 0.1025 0.733125 0.09924796747967479 0.7360518292682927 0.10416666666666667 0.734375
0 0.095 0.7375 0.09805555555555556 0.7364583333333333 0.09583333333333334 0.733125 0.09416666666666666 0.73375 0.095 0.7375
0 0.016666666666666666 0.755625 0.021666666666666667 0.76 0.019166666666666665 0.7612500000000001 0.020833333333333336 0.765 0.018333333333333333 0.771875 0.030833333333333334 0.775 0.03 0.7862500000000001 0.034999999999999996 0.790625 0.11916666666666667 0.79 0.1925 0.7862500000000001 0.20249999999999999 0.786875 0.205 0.7887500000000001 0.205 0.796875 0.20833333333333334 0.8 0.21916666666666665 0.8 0.23333333333333334 0.796875 0.29 0.7975000000000001 0.37 0.7931250000000001 0.3875 0.790625 0.38916666666666666 0.786875 0.37916666666666665 0.7550000000000001 0.35083333333333333 0.755625 0.3466666666666667 0.753125 0.3416666666666667 0.75375 0.33666666666666667 0.7506250000000001 0.3358333333333333 0.745 0.34833333333333333 0.7418750000000001 0.3458333333333333 0.7375 0.31333333333333335 0.738125 0.30666666666666664 0.7325 0.2783333333333333 0.7393750000000001 0.24500000000000002 0.740625 0.23833333333333334 0.744375 0.23833333333333334 0.74875 0.23333333333333334 0.746875 0.23583333333333334 0.745 0.2341666666666667 0.744375 0.22999999999999998 0.748125 0.22666666666666666 0.746875 0.22166666666666668 0.749375 0.21749999999999997 0.744375 0.21166666666666667 0.744375 0.20916666666666667 0.7475 0.20416666666666666 0.748125 0.18 0.7462500000000001 0.16833333333333333 0.753125 0.15333333333333332 0.749375 0.14833333333333334 0.7525000000000001 0.13666666666666666 0.75125 0.13416666666666666 0.753125 0.11583333333333332 0.754375 0.10916666666666666 0.75125 0.10583333333333333 0.7550000000000001 0.095 0.754375 0.065 0.7575000000000001 0.05583333333333333 0.7550000000000001 0.023333333333333334 0.7568750000000001 0.021666666666666667 0.75125 0.018333333333333333 0.75125 0.015 0.7550000000000001 0.0125 0.75375 0.011666666666666667 0.7550000000000001 0.016666666666666666 0.755625
0 0.11833333333333333 0.7362500000000001 0.11916666666666667 0.73375 0.12333333333333334 0.7362500000000001 0.12833333333333333 0.734375 0.11666666666666667 0.7325 0.11000000000000001 0.734375 0.10833333333333332 0.7375 0.11833333333333333 0.7362500000000001
0 0.67109375 0.47734375 0.00078125 0.00078125
0 0.6725 0.47125000000000006 0.6733333333333333 0.46937500000000004 0.67 0.46875 0.6675 0.47000000000000003 0.6725 0.47125000000000006
0 0.7424999999999999 0.30562500000000004 0.74 0.306875 0.7416666666666667 0.30812500000000004 0.745 0.303125 0.7408333333333333 0.3 0.7391666666666666 0.30375 0.7424999999999999 0.30562500000000004
0 0.755 0.29875 0.755 0.29500000000000004 0.7516666666666667 0.29500000000000004 0.7508333333333332 0.296875 0.755 0.29875
0 0.5408333333333333 0.326875 0.54 0.35500000000000004 0.5433333333333333 0.359375 0.5549999999999999 0.36500000000000005 0.5549999999999999 0.369375 0.5433333333333333 0.3825 0.5425 0.390625 0.5483333333333333 0.39875000000000005 0.5466666666666666 0.42374999999999996 0.55 0.42625 0.5591666666666667 0.42750000000000005 0.5625 0.43062500000000004 0.5608333333333333 0.434375 0.5566666666666666 0.4325 0.55 0.43562500000000004 0.55 0.449375 0.5566666666666666 0.458125 0.5575 0.47625 0.5599999999999999 0.47437500000000005 0.5625 0.476875 0.5675 0.47625 0.5708333333333333 0.48125 0.5775 0.478125 0.585 0.479375 0.5941666666666666 0.47375 0.6016666666666667 0.476875 0.605 0.473125 0.61 0.47250000000000003 0.615 0.47750000000000004 0.6266666666666667 0.479375 0.6433333333333333 0.47750000000000004 0.6508333333333333 0.473125 0.6508333333333333 0.476875 0.6541666666666667 0.479375 0.6558333333333334 0.47250000000000003 0.6608333333333334 0.47250000000000003 0.6633333333333333 0.47000000000000003 0.6641666666666667 0.46187500000000004 0.6733333333333333 0.46375 0.6816666666666666 0.45687500000000003 0.6858333333333333 0.46125 0.6958333333333333 0.460625 0.715 0.44875 0.7208333333333333 0.449375 0.725 0.45562500000000006 0.73 0.458125 0.7441666666666666 0.4575 0.75 0.45187499999999997 0.7516666666666667 0.453125 0.7491666666666666 0.45062500000000005 0.7516666666666667 0.44750000000000006 0.7575000000000001 0.449375 0.7616666666666666 0.45437500000000003 0.7741666666666667 0.45437500000000003 0.7925 0.45125000000000004 0.7925 0.448125 0.7866666666666666 0.445625 0.8 0.43875000000000003 0.8008333333333333 0.43375 0.7908333333333333 0.414375 0.7966666666666666 0.409375 0.8033333333333333 0.40750000000000003 0.7975 0.389375 0.7975 0.38125 0.8058333333333334 0.37312500000000004 0.8033333333333333 0.365625 0.7925 0.35187500000000005 0.7933333333333333 0.346875 0.8058333333333334 0.33875 0.8008333333333333 0.321875 0.8008333333333333 0.3125 0.8074999999999999 0.3 0.7966666666666666 0.285625 0.7858333333333334 0.281875 0.7816666666666666 0.284375 0.7766666666666666 0.281875 0.7758333333333333 0.27875 0.7616666666666666 0.28375000000000006 0.7575000000000001 0.290625 0.7658333333333334 0.295625 0.7649999999999999 0.3 0.7616666666666666 0.3 0.7566666666666666 0.3075 0.7541666666666667 0.3075 0.7508333333333332 0.303125 0.75 0.31 0.7383333333333333 0.3125 0.7274999999999999 0.31062500000000004 0.7274999999999999 0.30500000000000005 0.7341666666666666 0.30562500000000004 0.7366666666666666 0.30375 0.7316666666666667 0.29875 0.7325 0.29500000000000004 0.735 0.29375 0.7375 0.296875 0.74 0.293125 0.7341666666666666 0.29000000000000004 0.7341666666666666 0.28500000000000003 0.73 0.28500000000000003 0.7241666666666666 0.28937500000000005 0.72 0.285625 0.7024999999999999 0.2875 0.7 0.28500000000000003 0.6916666666666667 0.28375000000000006 0.6858333333333333 0.278125 0.6758333333333333 0.2775 0.6541666666666667 0.2775 0.6441666666666667 0.28375000000000006 0.6408333333333334 0.280625 0.6316666666666666 0.280625 0.605 0.281875 0.585 0.28687500000000005 0.5575 0.28625 0.5549999999999999 0.29000000000000004 0.5566666666666666 0.29250000000000004 0.5608333333333333 0.293125 0.5599999999999999 0.29625 0.5433333333333333 0.29937500000000006 0.5416666666666667 0.304375 0.5358333333333334 0.30875 0.5349999999999999 0.32062500000000005 0.5408333333333333 0.326875
0 0.7175 0.27687500000000004 0.7166666666666667 0.275 0.7141666666666666 0.27625 0.7175 0.27687500000000004
0 0.3390625 0.56796875 0.0015625 0.0015625
0 0.33916666666666667 0.5743750000000001 0.3416666666666667 0.578125 0.35083333333333333 0.581875 0.36583333333333334 0.58125 0.36583333333333334 0.5743750000000001 0.36 0.5725 0.3525 0.56625 0.3433333333333333 0.5675000000000001 0.3466666666666667 0.57125 0.33916666666666667 0.5743750000000001
0 0.3725 0.58125 0.38666666666666666 0.5787500000000001 0.39 0.5800000000000001 0.38666666666666666 0.5875 0.38 0.590625 0.3591666666666667 0.593125 0.35833333333333334 0.5962500000000001 0.36666666666666664 0.601875 0.3625 0.604375 0.34833333333333333 0.6056250000000001 0.34833333333333333 0.609375 0.35083333333333333 0.6162500000000001 0.3516666666666667 0.649375 0.36416666666666664 0.65625 0.36666666666666664 0.661875 0.3725 0.665 0.3725 0.6681250000000001 0.39249999999999996 0.66 0.39166666666666666 0.664375 0.39666666666666667 0.665 0.4 0.6681250000000001 0.41916666666666663 0.6681250000000001 0.42000000000000004 0.65125 0.42833333333333334 0.65125 0.4383333333333333 0.646875 0.445 0.649375 0.45166666666666666 0.646875 0.4666666666666667 0.6475000000000001 0.47000000000000003 0.6431250000000001 0.48250000000000004 0.6425000000000001 0.5016666666666667 0.6431250000000001 0.505 0.645 0.5183333333333333 0.641875 0.5466666666666666 0.6412500000000001 0.5591666666666667 0.6375 0.5575 0.6050000000000001 0.5533333333333333 0.595 0.55 0.5925 0.55 0.5650000000000001 0.5325 0.556875 0.5291666666666667 0.5518750000000001 0.5125 0.548125 0.5075000000000001 0.55 0.5 0.5493750000000001 0.49416666666666664 0.553125 0.4875 0.5537500000000001 0.4741666666666666 0.5493750000000001 0.46333333333333326 0.55125 0.4458333333333333 0.5493750000000001 0.44000000000000006 0.55 0.4383333333333333 0.553125 0.4133333333333333 0.5518750000000001 0.41 0.553125 0.41 0.555625 0.4058333333333334 0.553125 0.40166666666666667 0.5537500000000001 0.41 0.5581250000000001 0.40499999999999997 0.566875 0.39249999999999996 0.556875 0.38583333333333336 0.5575 0.38333333333333336 0.560625 0.38166666666666665 0.559375 0.3783333333333333 0.5650000000000001 0.375 0.5575 0.3716666666666667 0.556875 0.375 0.560625 0.3725 0.58125
0 0.3683333333333333 0.67125 0.365 0.675625 0.36583333333333334 0.69125 0.375 0.6993750000000001 0.3775 0.709375 0.375 0.71625 0.37583333333333335 0.724375 0.37916666666666665 0.731875 0.38666666666666666 0.7368750000000001 0.38666666666666666 0.7625 0.39416666666666667 0.771875 0.39416666666666667 0.7862500000000001 0.39666666666666667 0.7881250000000001 0.4175 0.789375 0.4325 0.786875 0.4583333333333333 0.7862500000000001 0.4625 0.784375 0.5091666666666667 0.7837500000000001 0.5416666666666667 0.78 0.5708333333333333 0.779375 0.5775 0.77625 0.5691666666666666 0.690625 0.5558333333333334 0.62 0.5533333333333333 0.61875 0.5475 0.621875 0.5433333333333333 0.62875 0.5349999999999999 0.6268750000000001 0.5266666666666666 0.629375 0.5175 0.625 0.49416666666666664 0.625 0.47000000000000003 0.6300000000000001 0.4625 0.635 0.445 0.635 0.44000000000000006 0.639375 0.43583333333333335 0.6362500000000001 0.42750000000000005 0.6362500000000001 0.42416666666666664 0.644375 0.4041666666666667 0.649375 0.39166666666666666 0.65 0.37333333333333335 0.64625 0.36583333333333334 0.6518750000000001 0.3683333333333333 0.6612500000000001 0.3683333333333333 0.67125
0 0.4666666666666667 0.578125 0.45999999999999996 0.575 0.4533333333333333 0.5775 0.46075520833333333 0.5824479166666666 0.4616666666666666 0.5806250000000001 0.4666666666666667 0.578125
0 0.5358333333333334 0.576875 0.54 0.575 0.5433333333333333 0.5787500000000001 0.5475 0.5737500000000001 0.5466666666666666 0.5675000000000001 0.54 0.5693750000000001 0.5349999999999999 0.56625 0.5275000000000001 0.570625 0.5258333333333333 0.5743750000000001 0.5358333333333334 0.576875
0 0.5033333333333333 0.56375 0.5016666666666667 0.5631250000000001 0.5008333333333332 0.5643750000000001 0.5033333333333333 0.56375
0 0.43083333333333335 0.744375 0.43083333333333335 0.740625 0.42750000000000005 0.744375 0.43083333333333335 0.744375
0 0.43916666666666665 0.73875 0.4408333333333333 0.7368750000000001 0.4458333333333333 0.7425 0.45 0.7393750000000001 0.4491666666666666 0.735625 0.4375 0.7362500000000001 0.43499999999999994 0.738125 0.43916666666666665 0.73875
0 0.45666666666666667 0.7412500000000001 0.4625 0.7412500000000001 0.45999999999999996 0.73375 0.4525 0.73375 0.45583333333333337 0.7362500000000001 0.45666666666666667 0.7412500000000001
0 0.475 0.7393750000000001 0.4841666666666667 0.7362500000000001 0.4875 0.7362500000000001 0.4925 0.7412500000000001 0.5016666666666667 0.7412500000000001 0.5033333333333333 0.7393750000000001 0.5125 0.738125 0.5125 0.73375 0.505 0.7306250000000001 0.49833333333333335 0.735625 0.495 0.73375 0.49083333333333334 0.734375 0.485 0.7300000000000001 0.47750000000000004 0.7306250000000001 0.4741666666666666 0.733125 0.47000000000000003 0.7325 0.4666666666666667 0.7350000000000001 0.475 0.7393750000000001
0 0.36583333333333334 0.6950000000000001 0.3725 0.703125 0.3725 0.709375 0.37666666666666665 0.7125 0.37583333333333335 0.7237500000000001 0.37916666666666665 0.729375 0.4091666666666667 0.73375 0.4025 0.73875 0.4025 0.7425 0.3975 0.748125 0.4041666666666667 0.748125 0.4041666666666667 0.74375 0.41083333333333333 0.74375 0.4166666666666667 0.7412500000000001 0.41083333333333333 0.7350000000000001 0.4166666666666667 0.72875 0.42333333333333334 0.7306250000000001 0.42833333333333334 0.7275 0.43166666666666664 0.729375 0.4341666666666667 0.7262500000000001 0.43 0.7237500000000001 0.4458333333333333 0.716875 0.4658333333333333 0.718125 0.4725 0.71375 0.4875 0.71625 0.49416666666666664 0.7206250000000001 0.5 0.71625 0.505 0.7175 0.5075000000000001 0.715625 0.5191666666666667 0.7193750000000001 0.52 0.721875 0.525 0.7237500000000001 0.5275000000000001 0.72 0.5325 0.72 0.5383333333333333 0.7237500000000001 0.5375 0.725 0.5308333333333334 0.72875 0.5291666666666667 0.734375 0.5216666666666667 0.734375 0.5283333333333333 0.7412500000000001 0.5366666666666666 0.7412500000000001 0.5425 0.7368750000000001 0.55 0.7362500000000001 0.5575 0.73875 0.5633333333333332 0.7375 0.5641666666666667 0.721875 0.5708333333333333 0.7193750000000001 0.5708333333333333 0.71375 0.5666666666666667 0.713125 0.5691666666666666 0.711875 0.5691666666666666 0.68875 0.5641666666666667 0.6631250000000001 0.5641666666666667 0.6481250000000001 0.5566666666666666 0.6325000000000001 0.5466666666666666 0.6368750000000001 0.5341666666666667 0.6362500000000001 0.5258333333333333 0.638125 0.5225 0.635 0.5183333333333333 0.635625 0.5083333333333333 0.6318750000000001 0.505 0.633125 0.4966666666666667 0.6300000000000001 0.49000000000000005 0.635 0.47000000000000003 0.6362500000000001 0.4616666666666666 0.6412500000000001 0.4383333333333333 0.644375 0.43166666666666664 0.6425000000000001 0.4041666666666667 0.65 0.37 0.650625 0.3625 0.6581250000000001 0.36333333333333334 0.686875 0.36583333333333334 0.6950000000000001
0 0.26416666666666666 0.6993750000000001 0.26166666666666666 0.6987500000000001 0.25916666666666666 0.6993750000000001 0.26416666666666666 0.6993750000000001
0 0.25666666666666665 0.6993750000000001 0.25416666666666665 0.6987500000000001 0.2525 0.6993750000000001 0.25666666666666665 0.6993750000000001
0 0.334375 0.678125 0.00078125 0.00078125
0 0.185 0.67625 0.18916666666666665 0.671875 0.185 0.671875 0.185 0.67625
0 0.2658333333333333 0.684375 0.26666666666666666 0.69125 0.2733333333333333 0.69625 0.2783333333333333 0.695625 0.2758333333333333 0.6881250000000001 0.2808333333333333 0.685625 0.28500000000000003 0.685625 0.29 0.6900000000000001 0.2966666666666667 0.690625 0.30333333333333334 0.6837500000000001 0.31083333333333335 0.690625 0.31666666666666665 0.681875 0.32666666666666666 0.680625 0.33249999999999996 0.675625 0.3275 0.670625 0.3175 0.66875 0.3158333333333333 0.67125 0.305 0.6737500000000001 0.29833333333333334 0.670625 0.2891666666666667 0.67125 0.2866666666666667 0.669375 0.26416666666666666 0.669375 0.26166666666666666 0.673125 0.26 0.681875 0.2658333333333333 0.684375
0 0.28250000000000003 0.5675000000000001 0.2758333333333333 0.5643750000000001 0.27166666666666667 0.5675000000000001 0.28250000000000003 0.5675000000000001
0 0.11166666666666666 0.5643750000000001 0.11666666666666667 0.5650000000000001 0.11750000000000001 0.560625 0.11416666666666667 0.56 0.11083333333333334 0.560625 0.11166666666666666 0.5643750000000001
0 0.2791666666666667 0.5587500000000001 0.27999999999999997 0.555 0.27749999999999997 0.5537500000000001 0.27666666666666667 0.5581250000000001 0.2791666666666667 0.5587500000000001
0 0.27416666666666667 0.5575 0.2725 0.553125 0.2625 0.553125 0.2658333333333333 0.559375 0.27416666666666667 0.5575
0 0.2515625 0.55078125 0.00078125 0.0015625
0 0.11416666666666667 0.5975 0.11499999999999999 0.6056250000000001 0.12083333333333332 0.60875 0.12166666666666666 0.615 0.13083333333333333 0.62625 0.13333333333333333 0.65375 0.14333333333333334 0.6525000000000001 0.15416666666666667 0.65625 0.15833333333333333 0.655625 0.1675 0.6637500000000001 0.1722225 0.6637500000000001 0.17166666666666666 0.675 0.16 0.6775 0.15416666666666667 0.673125 0.15083333333333332 0.6737500000000001 0.14583333333333331 0.6825 0.14666666666666667 0.68875 0.155 0.6925000000000001 0.1575 0.7025 0.16166666666666668 0.7037500000000001 0.16666666666666669 0.703125 0.16333333333333333 0.6987500000000001 0.16833333333333333 0.695625 0.17166666666666666 0.703125 0.175 0.698125 0.17916666666666667 0.698125 0.185 0.7050000000000001 0.1925 0.7037500000000001 0.19583333333333333 0.709375 0.2033333333333333 0.711875 0.2125 0.709375 0.22000000000000003 0.700625 0.22833333333333333 0.7025 0.23166666666666663 0.7 0.22999999999999998 0.69375 0.215 0.6900000000000001 0.21083333333333334 0.685625 0.21166666666666667 0.68 0.22000000000000003 0.67625 0.22749999999999998 0.681875 0.23916666666666667 0.6837500000000001 0.2558333333333333 0.6831250000000001 0.2575 0.6787500000000001 0.2533333333333333 0.67625 0.25166666666666665 0.670625 0.24083333333333332 0.670625 0.2341666666666667 0.664375 0.25166666666666665 0.6637500000000001 0.26166666666666666 0.6568750000000001 0.2725 0.659375 0.2758333333333333 0.6625 0.2808333333333333 0.661875 0.28583333333333333 0.659375 0.2866666666666667 0.655 0.27999999999999997 0.64625 0.28833333333333333 0.63875 0.29416666666666663 0.63875 0.2991666666666667 0.641875 0.31083333333333335 0.640625 0.3225 0.64875 0.32416666666666666 0.655 0.3416666666666667 0.653125 0.3416666666666667 0.644375 0.3383333333333333 0.6412500000000001 0.33666666666666667 0.629375 0.3258333333333333 0.619375 0.3283333333333333 0.6012500000000001 0.32416666666666666 0.59125 0.315 0.5856250000000001 0.30833333333333335 0.5856250000000001 0.31166666666666665 0.58125 0.305 0.578125 0.2975 0.58125 0.2791666666666667 0.578125 0.2725 0.584375 0.2683333333333333 0.5850000000000001 0.2625 0.5806250000000001 0.2633333333333333 0.5743750000000001 0.26083333333333336 0.5787500000000001 0.2558333333333333 0.5787500000000001 0.25833333333333336 0.5725 0.26749999999999996 0.5675000000000001 0.265 0.5625 0.255 0.5743750000000001 0.25416666666666665 0.5800000000000001 0.2475 0.58125 0.24333333333333332 0.575 0.24666666666666667 0.5675000000000001 0.22749999999999998 0.566875 0.2225 0.56875 0.225 0.555625 0.22333333333333333 0.5537500000000001 0.22000000000000003 0.555625 0.20916666666666667 0.5487500000000001 0.20166666666666666 0.553125 0.205 0.56125 0.21000000000000002 0.56125 0.21333333333333332 0.55625 0.215 0.56 0.21916666666666665 0.56125 0.2225 0.571875 0.21333333333333332 0.579375 0.2033333333333333 0.575625 0.2 0.575625 0.19916666666666666 0.5800000000000001 0.195 0.581875 0.19166666666666668 0.5775 0.18833333333333332 0.58125 0.18666666666666668 0.576875 0.17666666666666667 0.578125 0.17583333333333334 0.5693750000000001 0.17333333333333334 0.566875 0.16416666666666666 0.5700000000000001 0.16083333333333333 0.5675000000000001 0.16083333333333333 0.5631250000000001 0.15416666666666667 0.5625 0.15166666666666667 0.565625 0.14666666666666667 0.5650000000000001 0.14166666666666666 0.571875 0.13666666666666666 0.5725 0.13333333333333333 0.56625 0.12833333333333333 0.5675000000000001 0.12666666666666665 0.571875 0.12166666666666666 0.56875 0.12 0.5787500000000001 0.1125 0.5806250000000001 0.10916666666666666 0.584375 0.10833333333333332 0.5900000000000001 0.11416666666666667 0.5975
0 0.011666666666666667 0.696875 0.017499999999999998 0.695625 0.0125 0.691875 0.008333333333333333 0.6943750000000001 0.0075 0.695625 0.011666666666666667 0.696875
0 0.0225 0.653125 0.027500000000000004 0.65375 0.02583333333333333 0.650625 0.025 0.6525000000000001 0.02 0.653125 0.021666666666666667 0.6568750000000001 0.0225 0.653125
0 0.01583333333333333 0.67125 0.018333333333333333 0.68 0.0225 0.6787500000000001 0.026666666666666665 0.68125 0.025 0.6925000000000001 0.030833333333333334 0.6950000000000001 0.03 0.7 0.02583333333333333 0.701875 0.020833333333333336 0.701875 0.019166666666666665 0.7037500000000001 0.015 0.7025 0.011666666666666667 0.7056250000000001 0.005 0.703125 0.005 0.7100000000000001 0.01 0.71125 0.011666666666666667 0.70875 0.013333333333333332 0.71375 0.011666666666666667 0.715625 0.005 0.715625 0.004166666666666667 0.718125 0.0075 0.7237500000000001 0.005 0.725 0.011666666666666667 0.7225 0.014166666666666666 0.7256250000000001 0.014166666666666666 0.7306250000000001 0.009166666666666667 0.733125 0.015 0.7375 0.011666666666666667 0.75375 0.024166666666666666 0.758125 0.021666666666666667 0.759375 0.021666666666666667 0.7706250000000001 0.035833333333333335 0.775 0.0325 0.78125 0.03333333333333333 0.786875 0.05083333333333333 0.7881250000000001 0.056666666666666664 0.7862500000000001 0.06083333333333333 0.789375 0.07166666666666667 0.79 0.10166666666666666 0.7862500000000001 0.15833333333333333 0.786875 0.16499999999999998 0.784375 0.17083333333333334 0.785625 0.19083333333333333 0.7825 0.1925 0.775625 0.1825 0.76875 0.1825 0.758125 0.1775 0.755625 0.17166666666666666 0.726875 0.16833333333333333 0.7175 0.16416666666666666 0.71375 0.16333333333333333 0.7075 0.15916666666666665 0.703125 0.15916666666666665 0.6987500000000001 0.15583333333333332 0.693125 0.14916666666666667 0.6893750000000001 0.14750000000000002 0.6768750000000001 0.1325 0.6681250000000001 0.13083333333333333 0.650625 0.12666666666666665 0.646875 0.12166666666666666 0.64875 0.12250000000000001 0.639375 0.12583333333333332 0.6368750000000001 0.11958333333333333 0.6362500000000001 0.12166666666666666 0.639375 0.11833333333333333 0.640625 0.11499999999999999 0.6362500000000001 0.11666666666666667 0.6412500000000001 0.11333333333333333 0.6425000000000001 0.10916666666666666 0.6425000000000001 0.10333333333333332 0.6368750000000001 0.0975 0.6368750000000001 0.0975 0.639375 0.09166666666666666 0.641875 0.07666666666666666 0.640625 0.07083333333333333 0.6431250000000001 0.05 0.64375 0.043333333333333335 0.64875 0.03916666666666667 0.64875 0.035833333333333335 0.64625 0.03 0.650625 0.029166666666666667 0.6587500000000001 0.015 0.6587500000000001 0.008333333333333333 0.65 0.005 0.659375 0.0075 0.6743750000000001 0.01583333333333333 0.67125
0 0.31083333333333335 0.71625 0.31166666666666665 0.713125 0.31 0.711875 0.3058333333333333 0.7143750000000001 0.305 0.71625 0.31083333333333335 0.71625
0 0.0025 0.675 0.004166666666666667 0.6925000000000001 0.005 0.69625 0.0075 0.69625 0.01583333333333333 0.7037500000000001 0.008333333333333333 0.70625 0.005 0.7050000000000001 0.0075 0.70625 0.005 0.7081250000000001 0.01 0.7106250000000001 0.005 0.716875 0.0075 0.721875 0.0225 0.731875 0.02583333333333333 0.7275 0.042499999999999996 0.72875 0.04416666666666667 0.724375 0.049166666666666664 0.7225 0.059166666666666666 0.7275 0.06416666666666666 0.7275 0.06666666666666667 0.725 0.07166666666666667 0.7275 0.075 0.724375 0.08 0.7306250000000001 0.08499999999999999 0.73125 0.08833333333333333 0.7237500000000001 0.08499999999999999 0.72 0.08166666666666667 0.721875 0.07666666666666666 0.716875 0.08083333333333334 0.713125 0.09916666666666667 0.7175 0.09833333333333333 0.7193750000000001 0.10416666666666667 0.7150000000000001 0.12666666666666665 0.71625 0.14750000000000002 0.71375 0.16083333333333333 0.715625 0.16083333333333333 0.7237500000000001 0.15333333333333332 0.7306250000000001 0.1575 0.73125 0.15833333333333333 0.7275 0.16333333333333333 0.73125 0.17083333333333334 0.7300000000000001 0.17583333333333334 0.724375 0.18833333333333332 0.716875 0.2 0.7193750000000001 0.21666666666666665 0.716875 0.22333333333333333 0.7212500000000001 0.22666666666666666 0.71875 0.23666666666666666 0.7175 0.24083333333333332 0.711875 0.2475 0.71375 0.25166666666666665 0.71875 0.26166666666666666 0.715625 0.2725 0.7175 0.2758333333333333 0.7143750000000001 0.28583333333333333 0.7143750000000001 0.29583333333333334 0.72 0.305 0.7106250000000001 0.305 0.701875 0.315 0.703125 0.3158333333333333 0.709375 0.31916666666666665 0.713125 0.3175 0.71625 0.31916666666666665 0.7150000000000001 0.3225 0.716875 0.3308333333333333 0.71375 0.33416666666666667 0.715625 0.3416666666666667 0.7106250000000001 0.3408333333333333 0.701875 0.35666666666666663 0.696875 0.35666666666666663 0.685625 0.3525 0.675 0.345 0.6681250000000001 0.3375 0.665 0.33416666666666667 0.6587500000000001 0.335 0.655 0.3416666666666667 0.653125 0.3416666666666667 0.644375 0.3383333333333333 0.641875 0.335 0.6300000000000001 0.32083333333333336 0.6225 0.31666666666666665 0.6225 0.31083333333333335 0.62875 0.30083333333333334 0.6275000000000001 0.29333333333333333 0.6318750000000001 0.28583333333333333 0.62375 0.2841666666666667 0.6275000000000001 0.275 0.6318750000000001 0.2725 0.62875 0.26749999999999996 0.6275000000000001 0.27 0.623125 0.2683333333333333 0.62375 0.26083333333333336 0.6162500000000001 0.21666666666666665 0.6162500000000001 0.19916666666666666 0.62 0.17833333333333332 0.619375 0.17333333333333334 0.629375 0.17666666666666667 0.63375 0.17083333333333334 0.63375 0.16166666666666668 0.64 0.1525 0.634375 0.1375 0.63875 0.13583333333333333 0.6325000000000001 0.13833333333333334 0.6300000000000001 0.13333333333333333 0.628125 0.13 0.6300000000000001 0.13 0.63375 0.10916666666666666 0.63375 0.10500000000000001 0.630625 0.09916666666666667 0.6300000000000001 0.09166666666666666 0.635625 0.05583333333333333 0.635625 0.03666666666666667 0.6375 0.0325 0.640625 0.021666666666666667 0.639375 0.01583333333333333 0.6425000000000001 0.005 0.640625 0.003333333333333333 0.64375 0.005833333333333334 0.6637500000000001 0.0025 0.675
0 0.5275000000000001 0.26375000000000004 0.5283333333333333 0.28625 0.5425 0.28875 0.55 0.295625 0.5625 0.29812500000000003 0.5741666666666666 0.31125 0.5775 0.31062500000000004 0.5775 0.30375 0.5866666666666667 0.3 0.5791666666666667 0.29375 0.5791666666666667 0.29000000000000004 0.5925 0.28500000000000003 0.6008333333333333 0.28937500000000005 0.6 0.29375 0.61 0.294375 0.6158333333333333 0.30562500000000004 0.6208333333333333 0.30875 0.63 0.306875 0.6358333333333334 0.295625 0.6466666666666667 0.288125 0.6541666666666667 0.291875 0.6599999999999999 0.301875 0.6675 0.306875 0.6833333333333333 0.29937500000000006 0.6891666666666667 0.28687500000000005 0.6983333333333334 0.29000000000000004 0.6991666666666666 0.29812500000000003 0.7133333333333333 0.30562500000000004 0.7325 0.3 0.7316666666666667 0.295625 0.7375 0.29812500000000003 0.7408333333333333 0.294375 0.7491666666666666 0.3 0.7625 0.303125 0.7733333333333333 0.29500000000000004 0.7825 0.28375000000000006 0.7933333333333333 0.28125 0.8 0.27125000000000005 0.8141666666666666 0.265 0.8066666666666666 0.23625000000000002 0.7899999999999999 0.22875 0.775 0.23000000000000004 0.7725 0.22687500000000002 0.7683333333333333 0.22749999999999998 0.7649999999999999 0.22562500000000002 0.7616666666666666 0.22749999999999998 0.7583333333333333 0.22625 0.755 0.231875 0.7441666666666666 0.228125 0.7375 0.23125 0.7341666666666666 0.23125 0.7308333333333333 0.228125 0.7274999999999999 0.23000000000000004 0.7241666666666666 0.228125 0.7166666666666667 0.228125 0.7133333333333333 0.23125 0.7083333333333333 0.22875 0.7 0.2325 0.6833333333333333 0.23374999999999999 0.675 0.23125 0.6683333333333333 0.234375 0.6533333333333333 0.231875 0.6433333333333333 0.23312500000000003 0.635 0.23000000000000004 0.63 0.23125 0.6266666666666667 0.22875 0.6083333333333333 0.22687500000000002 0.605 0.230625 0.6058333333333333 0.23500000000000001 0.5816666666666667 0.23562500000000003 0.5708333333333333 0.230625 0.5666666666666667 0.230625 0.5599999999999999 0.234375 0.5599999999999999 0.23875000000000002 0.5541666666666667 0.23875000000000002 0.5466666666666666 0.241875 0.5375 0.23937500000000003 0.5291666666666667 0.24000000000000005 0.5308333333333334 0.248125 0.5275000000000001 0.26375000000000004
0 0.745 0.2225 0.7424999999999999 0.2225 0.7441666666666666 0.225 0.745 0.2225
0 0.74 0.22375000000000003 0.7358333333333333 0.2225 0.7366666666666666 0.225 0.74 0.22375000000000003
0 0.22999999999999998 0.69625 0.24416666666666664 0.69625 0.24416666666666664 0.6943750000000001 0.23833333333333334 0.6925000000000001 0.23916666666666667 0.6881250000000001 0.22916666666666666 0.686875 0.22749999999999998 0.690625 0.22999999999999998 0.69625
0 0.17666666666666667 0.72 0.18083333333333335 0.7375 0.19 0.7418750000000001 0.19166666666666668 0.758125 0.19749999999999998 0.7681250000000001 0.19916666666666666 0.778125 0.20750000000000002 0.7837500000000001 0.20750000000000002 0.7975000000000001 0.22416666666666668 0.796875 0.22999999999999998 0.7925000000000001 0.23833333333333334 0.7925000000000001 0.25 0.79625 0.26749999999999996 0.79625 0.2683333333333333 0.79375 0.27 0.79625 0.275 0.79625 0.27666666666666667 0.7931250000000001 0.2808333333333333 0.791875 0.2833333333333333 0.794375 0.29166666666666663 0.79625 0.29583333333333334 0.794375 0.3358333333333333 0.794375 0.38666666666666666 0.789375 0.38666666666666666 0.785 0.3808333333333333 0.77875 0.38333333333333336 0.764375 0.3783333333333333 0.75125 0.38 0.7412500000000001 0.3716666666666667 0.734375 0.3683333333333333 0.71625 0.3591666666666667 0.6993750000000001 0.32333333333333336 0.6975 0.31 0.700625 0.305 0.695625 0.3058333333333333 0.691875 0.2891666666666667 0.685625 0.27999999999999997 0.6925000000000001 0.2683333333333333 0.693125 0.2625 0.6881250000000001 0.2558333333333333 0.6893750000000001 0.25416666666666665 0.695625 0.26916666666666667 0.69625 0.27166666666666667 0.6975 0.26916666666666667 0.70125 0.25916666666666666 0.700625 0.24833333333333335 0.7037500000000001 0.24166666666666664 0.70125 0.22749999999999998 0.701875 0.22000000000000003 0.7037500000000001 0.21166666666666667 0.71125 0.20249999999999999 0.7143750000000001 0.195 0.70625 0.18416666666666665 0.70625 0.18416666666666665 0.716875 0.17666666666666667 0.72
0 0.16484375 0.73828125 0.00390625 0.0015625
0 0.018333333333333333 0.771875 0.030833333333333334 0.775 0.030833333333333334 0.7875 0.035833333333333335 0.790625 0.11583333333333332 0.79 0.195 0.7862500000000001 0.20416666666666666 0.786875 0.2058333333333333 0.796875 0.2125 0.7987500000000001 0.21833333333333332 0.7975000000000001 0.22166666666666668 0.79375 0.22583333333333333 0.795 0.22583333333333333 0.796875 0.22749999999999998 0.791875 0.24083333333333332 0.789375 0.24500000000000002 0.7931250000000001 0.24500000000000002 0.79625 0.26 0.796875 0.3416666666666667 0.794375 0.3875 0.789375 0.3875 0.785 0.38249999999999995 0.7775000000000001 0.3808333333333333 0.759375 0.37666666666666665 0.7550000000000001 0.3516666666666667 0.7568750000000001 0.3466666666666667 0.754375 0.3375 0.755625 0.33416666666666667 0.7525000000000001 0.32416666666666666 0.754375 0.32083333333333336 0.7518750000000001 0.3258333333333333 0.7462500000000001 0.3308333333333333 0.7462500000000001 0.33249999999999996 0.7425 0.3403260869565217 0.7413994565217391 0.3375 0.73875 0.335 0.7412500000000001 0.3275 0.74 0.32416666666666666 0.7418750000000001 0.32166666666666666 0.74 0.3075 0.738125 0.3075 0.734375 0.30333333333333334 0.73875 0.29583333333333334 0.735625 0.27166666666666667 0.743125 0.27083333333333337 0.740625 0.26916666666666667 0.7412500000000001 0.2725 0.745 0.27749999999999997 0.7462500000000001 0.28250000000000003 0.744375 0.29333333333333333 0.745 0.2991666666666667 0.75 0.2975 0.7550000000000001 0.2866666666666667 0.7550000000000001 0.28250000000000003 0.7625 0.2808333333333333 0.76 0.2733333333333333 0.7575000000000001 0.26166666666666666 0.765625 0.25833333333333336 0.7612500000000001 0.2533333333333333 0.759375 0.255 0.7550000000000001 0.24916666666666668 0.749375 0.24916666666666668 0.743125 0.24083333333333332 0.744375 0.24333333333333332 0.74875 0.24083333333333332 0.7506250000000001 0.2325 0.7506250000000001 0.23333333333333334 0.7550000000000001 0.2308333333333333 0.75875 0.23500000000000001 0.7612500000000001 0.23333333333333334 0.76875 0.22749999999999998 0.7725000000000001 0.21916666666666665 0.7681250000000001 0.21833333333333332 0.77 0.215 0.7681250000000001 0.21333333333333332 0.769375 0.20666666666666664 0.765 0.19916666666666666 0.7662500000000001 0.19166666666666668 0.7618750000000001 0.19416666666666665 0.7550000000000001 0.19916666666666666 0.7525000000000001 0.2 0.7475 0.19749999999999998 0.746875 0.17583333333333334 0.7462500000000001 0.16833333333333333 0.75125 0.15666666666666668 0.746875 0.15083333333333332 0.748125 0.14750000000000002 0.7518750000000001 0.13583333333333333 0.7506250000000001 0.12666666666666665 0.753125 0.11499999999999999 0.753125 0.1125 0.74875 0.10583333333333333 0.753125 0.07833333333333334 0.75625 0.07083333333333333 0.7550000000000001 0.06416666666666666 0.7568750000000001 0.05583333333333333 0.754375 0.0375 0.754375 0.029166666666666667 0.75625 0.02 0.75 0.0125 0.753125 0.011666666666666667 0.7550000000000001 0.018333333333333333 0.7575000000000001 0.02 0.7618750000000001 0.018333333333333333 0.771875
0 0.15083333333333332 0.738125 0.1575 0.7368750000000001 0.15833333333333333 0.734375 0.13916666666666666 0.7350000000000001 0.13999999999999999 0.738125 0.15083333333333332 0.738125
0 0.10666666666666666 0.734375 0.10916666666666666 0.738125 0.12416666666666668 0.7375 0.13 0.7350000000000001 0.11833333333333333 0.7325 0.10916666666666666 0.734375 0.1025 0.7325 0.09083333333333334 0.73375 0.09416666666666666 0.7375 0.10666666666666666 0.734375
0 0.755 0.541875 0.7666666666666667 0.54 0.7616666666666666 0.536875 0.7525 0.536875 0.7508333333333332 0.54 0.755 0.541875
0 0.615625 0.5296875 0.00078125 0.0015625
0 0.63984375 0.4703125 0.0015625 0.0015625
0 0.5566666666666666 0.48125 0.5599999999999999 0.4875 0.5558333333333334 0.4912500000000001 0.5558333333333334 0.51 0.5666666666666667 0.52375 0.5716666666666667 0.525 0.5775 0.5318750000000001 0.6241666666666666 0.5225000000000001 0.6391666666666667 0.515 0.6599999999999999 0.521875 0.6666666666666667 0.52125 0.6675 0.52375 0.6766666666666666 0.521875 0.6783333333333333 0.5162500000000001 0.6991666666666666 0.5181250000000001 0.7066666666666667 0.516875 0.7141666666666666 0.5112500000000001 0.7175 0.5118750000000001 0.72 0.5162500000000001 0.73 0.5175000000000001 0.7408333333333333 0.516875 0.7474999999999999 0.510625 0.7516666666666667 0.5125 0.7566666666666666 0.51 0.7825 0.515625 0.7825 0.5118750000000001 0.7899999999999999 0.508125 0.7908333333333333 0.5018750000000001 0.7991666666666666 0.4956250000000001 0.7991666666666666 0.490625 0.7891666666666667 0.47437500000000005 0.7891666666666667 0.471875 0.7941666666666667 0.46937500000000004 0.7875 0.46687500000000004 0.7883333333333333 0.464375 0.7941666666666667 0.465 0.7841666666666667 0.460625 0.7825 0.45625 0.7833333333333333 0.4600000000000001 0.7758333333333333 0.4625 0.7683333333333333 0.45625 0.7575000000000001 0.45687500000000003 0.7508333333333332 0.46375 0.745 0.45875000000000005 0.735 0.46312500000000006 0.7233333333333334 0.45625 0.7175 0.45562500000000006 0.7108333333333333 0.45625 0.7091666666666667 0.460625 0.6925 0.46375 0.6783333333333333 0.45875000000000005 0.6716666666666666 0.46187500000000004 0.6683333333333333 0.46687500000000004 0.6683333333333333 0.47000000000000003 0.6725 0.47375 0.6708333333333333 0.476875 0.6583333333333333 0.4800000000000001 0.6516666666666666 0.47750000000000004 0.6258333333333332 0.479375 0.6208333333333333 0.47625 0.6083333333333333 0.47437500000000005 0.5966666666666667 0.47750000000000004 0.5966666666666667 0.48125 0.5883333333333333 0.48187500000000005 0.5741666666666666 0.476875 0.5608333333333333 0.47750000000000004 0.5566666666666666 0.475 0.5591666666666667 0.476875 0.5566666666666666 0.48125
0 0.052500000000000005 0.47375 0.05083333333333333 0.495 0.0625 0.519375 0.0675 0.52375 0.07666666666666666 0.52375 0.08499999999999999 0.530625 0.10833333333333332 0.540625 0.12166666666666666 0.54 0.12666666666666665 0.5425000000000001 0.1275 0.539375 0.13083333333333333 0.5381250000000001 0.13416666666666666 0.54375 0.1325 0.539375 0.14166666666666666 0.5375 0.14166666666666666 0.54375 0.14250000000000002 0.536875 0.15083333333333332 0.536875 0.155 0.52625 0.16333333333333333 0.5225000000000001 0.16916666666666666 0.524375 0.17833333333333332 0.5381250000000001 0.19083333333333333 0.535 0.195 0.524375 0.19916666666666666 0.5206250000000001 0.2058333333333333 0.5206250000000001 0.2125 0.528125 0.2225 0.5337500000000001 0.22749999999999998 0.5337500000000001 0.2375 0.52875 0.2375 0.5318750000000001 0.23833333333333334 0.529375 0.2325 0.5225000000000001 0.2341666666666667 0.5181250000000001 0.24500000000000002 0.519375 0.25 0.5268750000000001 0.2633333333333333 0.529375 0.2683333333333333 0.525625 0.2733333333333333 0.515625 0.2925 0.5075000000000001 0.2966666666666667 0.5018750000000001 0.2966666666666667 0.491875 0.2925 0.48375 0.2875 0.480625 0.2866666666666667 0.468125 0.2783333333333333 0.4625 0.2683333333333333 0.460625 0.265 0.45499999999999996 0.25916666666666666 0.45187499999999997 0.2558333333333333 0.45375000000000004 0.25166666666666665 0.45187499999999997 0.2475 0.45375000000000004 0.2375 0.45062500000000005 0.22000000000000003 0.45062500000000005 0.21416666666666667 0.4525 0.20916666666666667 0.45125000000000004 0.19749999999999998 0.45499999999999996 0.16499999999999998 0.45437500000000003 0.1575 0.448125 0.145 0.449375 0.13999999999999999 0.4443750000000001 0.13 0.446875 0.12833333333333333 0.449375 0.13083333333333333 0.453125 0.12833333333333333 0.45687500000000003 0.10333333333333332 0.45687500000000003 0.06333333333333332 0.46312500000000006 0.052500000000000005 0.46187500000000004 0.05 0.465625 0.052500000000000005 0.47375
0 0.1265625 0.4296875 0.00078125 0.0015625
0 0.4533333333333333 0.4600000000000001 0.45166666666666666 0.4575 0.4508333333333333 0.459375 0.4533333333333333 0.4600000000000001
0 0.4883333333333333 0.44750000000000006 0.49000000000000005 0.445625 0.4875 0.44125000000000003 0.4841666666666667 0.44312500000000005 0.4883333333333333 0.44750000000000006
0 0.271875 0.3515625 0.00078125 0.0015625
0 0.515 0.34750000000000003 0.5141666666666667 0.344375 0.5125 0.345625 0.515 0.34750000000000003
0 0.38359375 0.33125 0.0015625 0.0015625
0 0.38916666666666666 0.32 0.38666666666666666 0.31875 0.3875 0.321875 0.38916666666666666 0.32
0 0.40390625 0.30390625 0.0015625 0.00078125
0 0.38666666666666666 0.306875 0.39 0.31625000000000003 0.39666666666666667 0.31500000000000006 0.40083333333333326 0.3175 0.40083333333333326 0.32 0.4066666666666666 0.315625 0.4041666666666667 0.30875 0.3975 0.30375 0.3875 0.30250000000000005 0.38416666666666666 0.30562500000000004 0.38194416666666664 0.303125 0.3783333333333333 0.30500000000000005 0.37722249999999996 0.303125 0.3725 0.303125 0.36916666666666664 0.30375 0.38666666666666666 0.306875
0 0.31 0.3325 0.3125 0.33875 0.31666666666666665 0.34187500000000004 0.31416666666666665 0.34500000000000003 0.3183333333333333 0.34875 0.3125 0.350625 0.30833333333333335 0.34875 0.31333333333333335 0.35125 0.325 0.34750000000000003 0.3308333333333333 0.35187500000000005 0.3258333333333333 0.369375 0.32 0.37125 0.31333333333333335 0.36812500000000004 0.30833333333333335 0.3725 0.3091666666666667 0.37625000000000003 0.305 0.378125 0.2891666666666667 0.375 0.28583333333333333 0.3725 0.2733333333333333 0.37750000000000006 0.2725 0.374375 0.265 0.37312500000000004 0.265 0.376875 0.2758333333333333 0.378125 0.28500000000000003 0.38875000000000004 0.2783333333333333 0.41125 0.28500000000000003 0.42062499999999997 0.28500000000000003 0.44312500000000005 0.28833333333333333 0.445625 0.31333333333333335 0.45 0.3175 0.445 0.3258333333333333 0.44312500000000005 0.33666666666666667 0.44375 0.3416666666666667 0.446875 0.35833333333333334 0.44125000000000003 0.3683333333333333 0.4425 0.38 0.43875000000000003 0.39166666666666666 0.44000000000000006 0.40083333333333326 0.4375 0.42000000000000004 0.43624999999999997 0.47750000000000004 0.43812500000000004 0.49000000000000005 0.43500000000000005 0.52 0.4325 0.5291666666666667 0.429375 0.53 0.4175 0.5241666666666667 0.40499999999999997 0.5283333333333333 0.39375 0.5266666666666666 0.386875 0.5225 0.38375000000000004 0.5208333333333333 0.37625000000000003 0.5108333333333334 0.37 0.5125 0.36500000000000005 0.5191666666666667 0.3625 0.5191666666666667 0.35125 0.5183333333333333 0.34937500000000005 0.5108333333333334 0.34875 0.5133333333333333 0.334375 0.5083333333333333 0.32625000000000004 0.5091666666666667 0.32062500000000005 0.5008333333333332 0.313125 0.4966666666666667 0.3125 0.495 0.306875 0.49083333333333334 0.30375 0.4841666666666667 0.30500000000000005 0.4766666666666667 0.3 0.47333333333333333 0.303125 0.47000000000000003 0.3 0.4691666666666666 0.321875 0.465 0.324375 0.4683333333333334 0.3275 0.45666666666666667 0.33375000000000005 0.4491666666666666 0.33375000000000005 0.4425 0.32625000000000004 0.4175 0.326875 0.4141666666666667 0.32875 0.4066666666666666 0.323125 0.4 0.32125000000000004 0.39583333333333337 0.324375 0.39666666666666667 0.3275 0.39249999999999996 0.33 0.39166666666666666 0.335 0.3808333333333333 0.340625 0.36916666666666664 0.340625 0.3625 0.338125 0.3683333333333333 0.33375000000000005 0.35833333333333334 0.3225 0.33916666666666667 0.324375 0.33916666666666667 0.3209375 0.335 0.32062500000000005 0.33333333333333337 0.3225 0.3275 0.31625000000000003 0.3275 0.32062500000000005 0.3225 0.3225 0.32 0.316875 0.31416666666666665 0.3175 0.31 0.323125 0.31 0.3325
0 0.6483333333333333 0.5362500000000001 0.6433333333333333 0.536875 0.6441666666666667 0.541875 0.6483333333333333 0.5362500000000001
0 0.5708333333333333 0.60625 0.5758333333333333 0.6206250000000001 0.5775 0.6518750000000001 0.5816666666666667 0.6587500000000001 0.6008333333333333 0.6587500000000001 0.6083333333333333 0.65625 0.6191666666666666 0.6568750000000001 0.6433333333333333 0.653125 0.6716666666666666 0.654375 0.6916666666666667 0.65 0.7274999999999999 0.65 0.7458333333333333 0.646875 0.7683333333333333 0.646875 0.7849999999999999 0.644375 0.7899999999999999 0.640625 0.7866666666666666 0.62625 0.7908333333333333 0.62 0.7925 0.60375 0.7875 0.5925 0.7875 0.576875 0.7925 0.5725 0.7925 0.56875 0.7875 0.5525 0.7933333333333333 0.5487500000000001 0.795 0.545 0.7858333333333334 0.53 0.7825 0.530625 0.7716666666666667 0.5431250000000001 0.7716666666666667 0.55 0.7625 0.5525 0.7516666666666667 0.55125 0.745 0.5537500000000001 0.7333333333333333 0.5525 0.7266666666666667 0.5543750000000001 0.71 0.55 0.7066666666666667 0.553125 0.6991666666666666 0.55125 0.6841666666666667 0.556875 0.6783333333333333 0.555625 0.67 0.55 0.6683333333333333 0.535625 0.6649999999999999 0.5381250000000001 0.6566666666666666 0.5387500000000001 0.6533333333333333 0.548125 0.6408333333333334 0.555625 0.6266666666666667 0.544375 0.6158333333333333 0.5425000000000001 0.6183333333333334 0.544375 0.615 0.550625 0.6033333333333333 0.5587500000000001 0.5941666666666666 0.556875 0.5916666666666667 0.546875 0.5858333333333333 0.55 0.5775 0.548125 0.5741666666666666 0.55125 0.5683333333333334 0.5525 0.5675 0.57125 0.5708333333333333 0.60625
0 0 0.46749999999999997 0.0075 0.465625 0.015 0.45625 0.010833333333333334 0.449375 0.011666666666666667 0.441875 0.01583333333333333 0.43562500000000004 0.016666666666666666 0.414375 0.0125 0.40625 0.004166666666666667 0.40062500000000006 0 0.40125 0 0.46749999999999997
0 0.6858333333333333 0.183125 0.6858333333333333 0.176875 0.6825 0.17625000000000002 0.6808333333333334 0.179375 0.6858333333333333 0.183125
0 0.6466666666666667 0.15875 0.6491666666666667 0.165 0.6466666666666667 0.165625 0.6541666666666667 0.175 0.6541666666666667 0.16375 0.6508333333333333 0.165 0.6466666666666667 0.15875
0 0.6558333333333334 0.151875 0.6683333333333333 0.15875 0.6716666666666666 0.15875 0.675 0.155 0.6799999999999999 0.155 0.6849999999999999 0.159375 0.6849999999999999 0.17312500000000003 0.69 0.16687500000000002 0.6941666666666666 0.16812500000000002 0.6950000000000001 0.17312500000000003 0.7058333333333333 0.185 0.6966666666666667 0.19312500000000002 0.7166666666666667 0.22625 0.7283333333333333 0.230625 0.7366666666666666 0.23125 0.7424999999999999 0.230625 0.7424999999999999 0.228125 0.7491666666666666 0.228125 0.7583333333333333 0.23500000000000001 0.7649999999999999 0.2325 0.7725 0.2325 0.7783333333333333 0.2375 0.7766666666666666 0.24125000000000002 0.7791666666666667 0.24312500000000004 0.7825 0.24250000000000002 0.7891666666666667 0.25 0.7925 0.24937500000000004 0.795 0.24500000000000002 0.7941666666666667 0.23374999999999999 0.8066666666666666 0.23312500000000003 0.8191666666666666 0.221875 0.8175000000000001 0.21812499999999999 0.8083333333333333 0.21187499999999998 0.8 0.196875 0.7841666666666667 0.18812500000000001 0.7508333333333332 0.16 0.7266666666666667 0.145625 0.7158333333333333 0.135 0.6825 0.11374999999999999 0.6733333333333333 0.113125 0.67 0.11500000000000002 0.6658333333333333 0.1275 0.6599999999999999 0.12687500000000002 0.6575 0.12250000000000001 0.6508333333333333 0.12000000000000002 0.6475 0.12062500000000001 0.6433333333333333 0.12562500000000001 0.6433333333333333 0.13375 0.6558333333333334 0.151875
0 0.61640625 0.303125 0.00078125 0.0015625
0 0.5291666666666667 0.28687500000000005 0.5433333333333333 0.28875 0.55 0.294375 0.5575 0.29375 0.5683333333333334 0.2875 0.585 0.28687500000000005 0.5941666666666666 0.28125 0.61 0.28125 0.6158333333333333 0.28625 0.6233333333333333 0.28625 0.6183333333333334 0.293125 0.6191666666666666 0.296875 0.6233333333333333 0.2975 0.6266666666666667 0.295625 0.6291666666666667 0.293125 0.6275000000000001 0.28625 0.6341666666666667 0.28375000000000006 0.6408333333333334 0.28625 0.6383333333333333 0.29000000000000004 0.6433333333333333 0.28687500000000005 0.6525 0.2875 0.6649999999999999 0.304375 0.6708333333333333 0.30062500000000003 0.6791666666666667 0.3 0.6858333333333333 0.29000000000000004 0.6858333333333333 0.285625 0.6891666666666667 0.28375000000000006 0.7024999999999999 0.29000000000000004 0.7075 0.3 0.7125 0.30375 0.7175 0.30375 0.7266666666666667 0.29937500000000006 0.7316666666666667 0.28687500000000005 0.7383333333333333 0.28375000000000006 0.7466666666666667 0.284375 0.7541666666666667 0.29625 0.7616666666666666 0.30062500000000003 0.7649999999999999 0.3 0.7816666666666666 0.28125 0.7933333333333333 0.28 0.8033333333333333 0.26875 0.8141666666666666 0.265 0.8066666666666666 0.23625000000000002 0.7891666666666667 0.23000000000000004 0.7575000000000001 0.23312500000000003 0.7458333333333333 0.23000000000000004 0.7291666666666667 0.2325 0.6991666666666666 0.23312500000000003 0.6799999999999999 0.23562500000000003 0.6725 0.23937500000000003 0.6558333333333334 0.23500000000000001 0.6333333333333333 0.23562500000000003 0.6191666666666666 0.230625 0.615 0.2325 0.6125 0.236875 0.6033333333333333 0.23625000000000002 0.5958333333333333 0.238125 0.5808333333333333 0.2375 0.5675 0.23374999999999999 0.5641666666666667 0.24125000000000002 0.5549999999999999 0.24000000000000005 0.5316666666666666 0.2475 0.5283333333333333 0.25562500000000005 0.5275000000000001 0.28500000000000003 0.5291666666666667 0.28687500000000005
0 0.12083333333333332 0.103125 0.12666666666666665 0.10562500000000001 0.13583333333333333 0.10375000000000001 0.14750000000000002 0.10500000000000001 0.16499999999999998 0.1 0.17833333333333332 0.100625 0.19583333333333333 0.09625 0.20666666666666664 0.09625 0.22000000000000003 0.09187500000000001 0.22083333333333335 0.08937500000000001 0.21916666666666665 0.084375 0.20249999999999999 0.07562500000000001 0.1925 0.0775 0.17333333333333334 0.07375000000000001 0.16499999999999998 0.074375 0.16083333333333333 0.076875 0.14750000000000002 0.0775 0.13916666666666666 0.083125 0.12666666666666665 0.085 0.12416666666666668 0.08812500000000001 0.12083333333333332 0.095 0.12083333333333332 0.103125
0 0.5775 0.621875 0.58 0.6681250000000001 0.585 0.6881250000000001 0.5891666666666666 0.68875 0.5866666666666667 0.685 0.5900000000000001 0.68125 0.5991666666666666 0.68 0.6 0.68875 0.5958333333333333 0.6925000000000001 0.6016666666666667 0.69625 0.6241666666666666 0.69625 0.6266666666666667 0.6943750000000001 0.645 0.695625 0.65 0.69375 0.7375 0.68875 0.7616666666666666 0.6825 0.7666666666666667 0.6825 0.7733333333333333 0.68625 0.7858333333333334 0.681875 0.7833333333333333 0.666875 0.7866666666666666 0.6625 0.7866666666666666 0.65375 0.7833333333333333 0.646875 0.7891666666666667 0.6375 0.7858333333333334 0.6256250000000001 0.7899999999999999 0.619375 0.7916666666666667 0.604375 0.7891666666666667 0.58125 0.7933333333333333 0.573125 0.7875 0.555 0.7808333333333334 0.555625 0.7716666666666667 0.560625 0.7649999999999999 0.560625 0.7583333333333333 0.556875 0.7375 0.56 0.6966666666666667 0.559375 0.6733333333333333 0.560625 0.6608333333333334 0.5650000000000001 0.645 0.5643750000000001 0.6308333333333334 0.56625 0.6266666666666667 0.56875 0.6 0.5675000000000001 0.5916666666666667 0.573125 0.5808333333333333 0.57125 0.5783333333333334 0.5675000000000001 0.5700000000000001 0.57125 0.5708333333333333 0.608125 0.5775 0.621875
0 0.453125 0.58125 0.0015625 0.00078125
0 0.38666666666666666 0.58125 0.38416666666666666 0.579375 0.38 0.58125 0.37666666666666665 0.576875 0.37083333333333335 0.576875 0.3725 0.581875 0.38666666666666666 0.58125
0 0.45916666666666667 0.5693750000000001 0.45583333333333337 0.5650000000000001 0.4541666666666667 0.56875 0.45916666666666667 0.5693750000000001
0 0.3225 0.5318750000000001 0.3225 0.5537500000000001 0.3375 0.56 0.34833333333333333 0.559375 0.3516666666666667 0.568125 0.36333333333333334 0.575625 0.36916666666666664 0.575 0.37666666666666665 0.56125 0.385 0.5631250000000001 0.39166666666666666 0.575625 0.39666666666666667 0.573125 0.4025 0.573125 0.41 0.578125 0.4133333333333333 0.57625 0.41833333333333333 0.576875 0.41916666666666663 0.570625 0.4216666666666667 0.5693750000000001 0.425 0.573125 0.42833333333333334 0.5700000000000001 0.4291666666666667 0.5743750000000001 0.43583333333333335 0.57625 0.43916666666666665 0.570625 0.44416666666666665 0.568125 0.44833333333333336 0.560625 0.44749999999999995 0.555625 0.4541666666666667 0.5537500000000001 0.4625 0.555625 0.4666666666666667 0.5543750000000001 0.46749999999999997 0.556875 0.4616666666666666 0.559375 0.4666666666666667 0.56625 0.46416666666666667 0.5743750000000001 0.48083333333333333 0.575625 0.49083333333333334 0.571875 0.4966666666666667 0.5737500000000001 0.49416666666666664 0.584375 0.49000000000000005 0.588125 0.4966666666666667 0.5893750000000001 0.5025000000000001 0.58125 0.5 0.5775 0.5025000000000001 0.5737500000000001 0.5116666666666666 0.57125 0.5233333333333333 0.57125 0.5291666666666667 0.5675000000000001 0.5266666666666666 0.5625 0.5225 0.56375 0.5208333333333333 0.56 0.515 0.5581250000000001 0.5083333333333333 0.5587500000000001 0.5058333333333334 0.556875 0.5075000000000001 0.55 0.5158333333333334 0.5487500000000001 0.5275000000000001 0.5518750000000001 0.5391666666666667 0.55 0.5458333333333333 0.55125 0.5483333333333333 0.541875 0.5433333333333333 0.515625 0.5349999999999999 0.5050000000000001 0.5375 0.5 0.5291666666666667 0.49437500000000006 0.5266666666666666 0.49625 0.5208333333333333 0.495 0.5183333333333333 0.49812500000000004 0.5158333333333334 0.49437500000000006 0.49749999999999994 0.49375 0.4925 0.49625 0.48083333333333333 0.49750000000000005 0.47750000000000004 0.5025000000000001 0.475 0.49812500000000004 0.4691666666666666 0.4956250000000001 0.41500000000000004 0.4956250000000001 0.4041666666666667 0.5018750000000001 0.3908333333333333 0.4987500000000001 0.375 0.5006250000000001 0.37 0.5075000000000001 0.3616666666666667 0.5118750000000001 0.355 0.50375 0.3375 0.50375 0.33333333333333337 0.5050000000000001 0.33166666666666667 0.51 0.32416666666666666 0.510625 0.32 0.515 0.3183333333333333 0.528125 0.3225 0.5318750000000001
0 0.19916666666666666 0.71375 0.19583333333333333 0.711875 0.19333333333333333 0.713125 0.19916666666666666 0.71375
0 0.14916666666666667 0.678125 0.15083333333333332 0.685 0.1575 0.686875 0.1825 0.6875 0.19083333333333333 0.685 0.21000000000000002 0.685 0.21333333333333332 0.6831250000000001 0.23833333333333334 0.6837500000000001 0.25083333333333335 0.68 0.26166666666666666 0.68 0.26916666666666667 0.6825 0.28250000000000003 0.6787500000000001 0.2975 0.68 0.3283333333333333 0.6775 0.3433333333333333 0.681875 0.345 0.690625 0.34833333333333333 0.6875 0.3525 0.690625 0.3591666666666667 0.681875 0.35666666666666663 0.6787500000000001 0.3575 0.6612500000000001 0.355 0.6581250000000001 0.3516666666666667 0.659375 0.3458333333333333 0.655625 0.3416666666666667 0.6368750000000001 0.3383333333333333 0.635625 0.32916666666666666 0.6375 0.315 0.635 0.27666666666666667 0.635 0.2658333333333333 0.639375 0.24416666666666664 0.6375 0.2 0.644375 0.18333333333333332 0.641875 0.16916666666666666 0.64375 0.15833333333333333 0.64875 0.14333333333333334 0.64625 0.13583333333333333 0.650625 0.13666666666666666 0.6675000000000001 0.14916666666666667 0.678125
0 0.62 0.6525000000000001 0.6191666666666666 0.65 0.6158333333333333 0.6518750000000001 0.62 0.6525000000000001
0 0.595 0.775625 0.6275000000000001 0.775625 0.6425 0.7725000000000001 0.7033333333333334 0.76875 0.7441666666666666 0.763125 0.77 0.7618750000000001 0.7816666666666666 0.758125 0.78 0.7418750000000001 0.7825 0.7375 0.78 0.7256250000000001 0.7841666666666667 0.72 0.7816666666666666 0.7056250000000001 0.7849999999999999 0.6993750000000001 0.7816666666666666 0.6881250000000001 0.7866666666666666 0.681875 0.7841666666666667 0.66875 0.7866666666666666 0.654375 0.7816666666666666 0.646875 0.6933333333333334 0.65125 0.6883333333333332 0.65 0.6716666666666666 0.65375 0.65 0.6518750000000001 0.6433333333333333 0.64875 0.6325000000000001 0.649375 0.6275000000000001 0.650625 0.6233333333333333 0.655 0.6016666666666667 0.65625 0.5816666666666667 0.6612500000000001 0.585 0.7150000000000001 0.595 0.775625
0 0.29921875 0.15703125 0.00078125 0.00078125
0 0.31 0.149375 0.3091666666666667 0.15125000000000002 0.3118939393939394 0.15397727272727274 0.31416666666666665 0.15 0.31 0.149375
0 0.32083333333333336 0.12937500000000002 0.32083333333333336 0.125 0.3175 0.12562500000000001 0.31666666666666665 0.1275 0.32083333333333336 0.12937500000000002
0 0.2575 0.133125 0.255 0.1375 0.25833333333333336 0.13625 0.26083333333333336 0.13125 0.27 0.13187500000000002 0.275 0.12875 0.2791666666666667 0.13062500000000002 0.2791666666666667 0.11875 0.265 0.115625 0.25666666666666665 0.11687499999999999 0.2525 0.12000000000000002 0.25083333333333335 0.12687500000000002 0.2575 0.133125
0 0.008333333333333333 0.16312500000000002 0.017499999999999998 0.171875 0.02583333333333333 0.17312500000000003 0.029166666666666667 0.175625 0.0325 0.174375 0.03833333333333333 0.181875 0.02583333333333333 0.185625 0.027500000000000004 0.19312500000000002 0.020833333333333336 0.19875 0.020833333333333336 0.224375 0.011666666666666667 0.234375 0.01583333333333333 0.2375 0.0075 0.241875 0.005 0.2475 0.004166666666666667 0.27937500000000004 0 0.28500000000000003 0 0.294375 0.0025 0.29625 0 0.303125 0 0.325 0.009166666666666667 0.3275 0.014166666666666666 0.3225 0.0225 0.324375 0.0325 0.32062500000000005 0.04 0.321875 0.043333333333333335 0.325625 0.05500000000000001 0.326875 0.08166666666666667 0.324375 0.08833333333333333 0.321875 0.11416666666666667 0.32062500000000005 0.11916666666666667 0.315625 0.12333333333333334 0.32062500000000005 0.13833333333333334 0.32062500000000005 0.15083333333333332 0.3175 0.15416666666666667 0.3125 0.17166666666666666 0.3175 0.175 0.31500000000000006 0.195 0.31062500000000004 0.21083333333333334 0.31 0.21666666666666665 0.3075 0.2225 0.3125 0.22749999999999998 0.31062500000000004 0.22749999999999998 0.294375 0.21666666666666665 0.2725 0.21666666666666665 0.264375 0.22583333333333333 0.255 0.2325 0.231875 0.2375 0.23125 0.25 0.22312500000000002 0.2533333333333333 0.206875 0.25833333333333336 0.20500000000000002 0.26166666666666666 0.19875 0.265 0.203125 0.26916666666666667 0.19937500000000002 0.265 0.1925 0.26749999999999996 0.18812500000000001 0.275 0.179375 0.29333333333333333 0.165 0.29416666666666663 0.153125 0.2966666666666667 0.150625 0.29333333333333333 0.14875 0.29416666666666663 0.14500000000000002 0.2891666666666667 0.14375 0.29166666666666663 0.14125000000000001 0.29416666666666663 0.14187500000000003 0.29333333333333333 0.14 0.2875 0.14125000000000001 0.28500000000000003 0.139375 0.28583333333333333 0.13125 0.27999999999999997 0.14 0.27749999999999997 0.14 0.275 0.1375 0.27749999999999997 0.13625 0.275 0.13562500000000002 0.27416666666666667 0.14250000000000002 0.26749999999999996 0.14250000000000002 0.2625 0.146875 0.255 0.14250000000000002 0.24833333333333335 0.148125 0.24333333333333332 0.14625000000000002 0.24083333333333332 0.14875 0.24 0.140625 0.24416666666666664 0.140625 0.24833333333333335 0.13687500000000002 0.24500000000000002 0.1275 0.2475 0.12000000000000002 0.24500000000000002 0.11812500000000001 0.23916666666666667 0.12312500000000001 0.2375 0.11812500000000001 0.23583333333333334 0.12312500000000001 0.23916666666666667 0.12375 0.24 0.12625000000000003 0.23583333333333334 0.12687500000000002 0.2325 0.13062500000000002 0.22833333333333333 0.128125 0.21000000000000002 0.12687500000000002 0.20249999999999999 0.11875 0.20249999999999999 0.1125 0.1925 0.1125 0.18916666666666665 0.1075 0.18083333333333335 0.11000000000000001 0.175 0.10500000000000001 0.16083333333333333 0.10875000000000001 0.1525 0.11500000000000002 0.15 0.114375 0.14750000000000002 0.10875000000000001 0.12250000000000001 0.109375 0.11333333333333333 0.11125 0.1 0.121875 0.07583333333333334 0.12437500000000001 0.0625 0.12312500000000001 0.05500000000000001 0.12625000000000003 0.05333333333333333 0.13125 0.04666666666666667 0.133125 0.043333333333333335 0.13687500000000002 0.02583333333333333 0.13687500000000002 0.0225 0.14125000000000001 0.013333333333333332 0.14375 0.005 0.149375 0.0025 0.15750000000000003 0.005 0.16312500000000002 0.008333333333333333 0.16312500000000002
0 0.1984375 0.10234375 0.0015625 0.00078125
0 0.18916666666666665 0.104375 0.19333333333333333 0.10250000000000001 0.19083333333333333 0.10187500000000001 0.185 0.103125 0.18916666666666665 0.104375
0 0.21000000000000002 0.11625 0.2125 0.114375 0.21333333333333332 0.11625 0.21666666666666665 0.11374999999999999 0.22000000000000003 0.11750000000000001 0.22416666666666668 0.11812500000000001 0.22833333333333333 0.11625 0.22666666666666666 0.110625 0.22916666666666666 0.10875000000000001 0.23500000000000001 0.109375 0.24083333333333332 0.10124999999999999 0.2375 0.09875 0.22999999999999998 0.099375 0.22666666666666666 0.10187500000000001 0.22000000000000003 0.100625 0.21333333333333332 0.10187500000000001 0.20833333333333334 0.10562500000000001 0.20750000000000002 0.114375 0.21000000000000002 0.11625
0 0.6921875 0.4421875 0.0015625 0.00078125
0 0.5858333333333333 0.446875 0.595 0.44750000000000006 0.6033333333333333 0.4443750000000001 0.6066666666666667 0.44750000000000006 0.6108333333333333 0.4425 0.605 0.441875 0.6058333333333333 0.43125 0.5991666666666666 0.43500000000000005 0.5941666666666666 0.429375 0.5883333333333333 0.43125 0.5883333333333333 0.436875 0.5816666666666667 0.43812500000000004 0.5808333333333333 0.44312500000000005 0.5858333333333333 0.446875
0 0.64 0.44375 0.6508333333333333 0.428125 0.6416666666666667 0.42750000000000005 0.64 0.42374999999999996 0.64 0.42625 0.6325000000000001 0.4287500000000001 0.6241666666666666 0.43812500000000004 0.6224999999999999 0.44375 0.64 0.44375
0 0.5466666666666666 0.40062500000000006 0.5458333333333333 0.42312500000000003 0.5491666666666666 0.426875 0.5608333333333333 0.42625 0.5691666666666666 0.429375 0.5833333333333333 0.42625 0.5925 0.42750000000000005 0.5974999999999999 0.42437500000000006 0.6 0.42625 0.5983333333333334 0.428125 0.6058333333333333 0.42062499999999997 0.6158333333333333 0.42374999999999996 0.6458333333333333 0.42000000000000004 0.6625 0.43187500000000006 0.6608333333333334 0.43500000000000005 0.6541666666666667 0.43562500000000004 0.6583333333333333 0.44000000000000006 0.6558333333333334 0.441875 0.6508333333333333 0.44000000000000006 0.6491666666666667 0.44312500000000005 0.6575 0.4425 0.6625 0.446875 0.6758333333333333 0.448125 0.6825 0.44625000000000004 0.6849999999999999 0.44125000000000003 0.6891666666666667 0.43937499999999996 0.69 0.421875 0.6950000000000001 0.42062499999999997 0.7 0.425 0.7 0.43937499999999996 0.6975 0.4425 0.7024999999999999 0.44625000000000004 0.745 0.44625000000000004 0.7558333333333334 0.4375 0.7666666666666667 0.43375 0.7725 0.425 0.7683333333333333 0.42125 0.7725 0.4175 0.7891666666666667 0.41500000000000004 0.8033333333333333 0.40812499999999996 0.7983333333333333 0.38375000000000004 0.8066666666666666 0.37375 0.8066666666666666 0.37 0.7925 0.35250000000000004 0.7833333333333333 0.35500000000000004 0.7775 0.354375 0.7725 0.34875 0.76 0.34875 0.76 0.355625 0.7516666666666667 0.35875 0.7483333333333333 0.35250000000000004 0.7283333333333333 0.35 0.7 0.350625 0.69 0.354375 0.6849999999999999 0.35125 0.6541666666666667 0.35375 0.6433333333333333 0.35250000000000004 0.6166666666666667 0.35750000000000004 0.5966666666666667 0.35625 0.5891666666666666 0.35875 0.5766666666666667 0.35875 0.5641666666666667 0.36750000000000005 0.5608333333333333 0.36500000000000005 0.5566666666666666 0.366875 0.5491666666666666 0.37625000000000003 0.5425 0.38062500000000005 0.5408333333333333 0.39125 0.5466666666666666 0.40062500000000006
0 0.38583333333333336 0.7375 0.38666666666666666 0.75125 0.39583333333333337 0.753125 0.42833333333333334 0.749375 0.4491666666666666 0.749375 0.45916666666666667 0.75375 0.4625 0.75125 0.4658333333333333 0.7518750000000001 0.47000000000000003 0.758125 0.47333333333333333 0.7550000000000001 0.4716666666666667 0.7518750000000001 0.4833333333333333 0.746875 0.4966666666666667 0.746875 0.5116666666666666 0.75 0.5141666666666667 0.746875 0.5333333333333333 0.746875 0.545 0.743125 0.5641666666666667 0.7425 0.5741666666666666 0.735625 0.5708333333333333 0.7037500000000001 0.5675 0.696875 0.5599999999999999 0.70125 0.5491666666666666 0.70125 0.5358333333333334 0.704375 0.51 0.7050000000000001 0.49833333333333335 0.703125 0.4833333333333333 0.7056250000000001 0.47333333333333333 0.704375 0.47000000000000003 0.706875 0.46333333333333326 0.7056250000000001 0.4575 0.7081250000000001 0.43916666666666665 0.704375 0.43083333333333335 0.706875 0.425 0.7050000000000001 0.4133333333333333 0.7106250000000001 0.4066666666666666 0.7106250000000001 0.4041666666666667 0.7075 0.4 0.7081250000000001 0.3933333333333333 0.7056250000000001 0.39 0.7100000000000001 0.3783333333333333 0.713125 0.37666666666666665 0.725 0.38583333333333336 0.7375
0 0.5008333333333332 0.685625 0.49416666666666664 0.6831250000000001 0.495 0.686875 0.5008333333333332 0.685625
0 0.37666666666666665 0.681875 0.3725 0.680625 0.37333333333333335 0.685625 0.37666666666666665 0.681875
0 0.4458333333333333 0.68125 0.4458333333333333 0.675 0.4383333333333333 0.6787500000000001 0.4458333333333333 0.68125
0 0.5958333333333333 0.769375 0.6008333333333333 0.775625 0.61 0.775625 0.6166666666666667 0.7706250000000001 0.6366666666666666 0.7725000000000001 0.6491666666666667 0.76875 0.6691666666666667 0.77 0.6866666666666666 0.76875 0.6925 0.7662500000000001 0.7283333333333333 0.765 0.7366666666666666 0.7618750000000001 0.7491666666666666 0.7618750000000001 0.7508333333333332 0.758125 0.7741666666666667 0.758125 0.7766666666666666 0.7518750000000001 0.7733333333333333 0.74875 0.7758333333333333 0.744375 0.7725 0.7412500000000001 0.7575000000000001 0.7418750000000001 0.7541666666666667 0.738125 0.755 0.7350000000000001 0.7516666666666667 0.7412500000000001 0.7474999999999999 0.74 0.7441666666666666 0.743125 0.7391666666666666 0.743125 0.73 0.74 0.7166666666666667 0.740625 0.7091666666666667 0.7475 0.6891666666666667 0.7418750000000001 0.6816666666666666 0.7462500000000001 0.6775 0.744375 0.675 0.7475 0.6675 0.74375 0.6616666666666666 0.746875 0.6575 0.745 0.645 0.748125 0.6358333333333334 0.74375 0.6333333333333333 0.7362500000000001 0.63 0.7368750000000001 0.6308333333333334 0.74375 0.62 0.7475 0.6241666666666666 0.75125 0.6191666666666666 0.753125 0.605 0.7525000000000001 0.5991666666666666 0.740625 0.5974999999999999 0.7425 0.6 0.745 0.5933333333333334 0.7456250000000001 0.5974999999999999 0.760625 0.5958333333333333 0.769375
0 0.60546875 0.734375 0.0015625 0.0015625
0 0.68515625 0.71640625 0.00078125 0.00078125
0 0.6441666666666667 0.718125 0.645 0.71625 0.64 0.716875 0.6441666666666667 0.718125
0 0.7024999999999999 0.71875 0.7091666666666667 0.716875 0.6991666666666666 0.71375 0.6958333333333333 0.7175 0.7024999999999999 0.71875
0 0.6683333333333333 0.71375 0.6641666666666667 0.716875 0.6635000000000001 0.718875 0.6641666666666667 0.718125 0.6708333333333333 0.7175 0.6683333333333333 0.71375
0 0.6658333333333333 0.721875 0.6630263157894737 0.7202960526315789 0.6625 0.721875 0.6658333333333333 0.721875
0 0.6591666666666667 0.7212500000000001 0.6583333333333333 0.71625 0.6608333333333334 0.713125 0.65 0.7125 0.6491666666666667 0.715625 0.6591666666666667 0.7212500000000001
0 0.7274999999999999 0.7100000000000001 0.7166666666666667 0.7075 0.7166666666666667 0.713125 0.7274999999999999 0.7100000000000001
0 0.64 0.70875 0.6366666666666666 0.7075 0.6375 0.711875 0.64 0.70875
0 0.5883333333333333 0.7206250000000001 0.5933333333333334 0.7262500000000001 0.5908333333333333 0.729375 0.5933333333333334 0.73125 0.5908333333333333 0.7325 0.5925 0.7368750000000001 0.595 0.734375 0.5991666666666666 0.734375 0.5966666666666667 0.7325 0.5991666666666666 0.729375 0.5941666666666666 0.7256250000000001 0.5933333333333334 0.72 0.5958333333333333 0.71875 0.5983333333333334 0.7212500000000001 0.6 0.713125 0.5974999999999999 0.70875 0.5883333333333333 0.7050000000000001 0.5866666666666667 0.7143750000000001 0.5883333333333333 0.7206250000000001
0 0.755 0.711875 0.7558333333333334 0.70875 0.7608333333333334 0.70625 0.75 0.704375 0.75 0.7100000000000001 0.755 0.711875
0 0.6133333333333333 0.716875 0.6191666666666666 0.7193750000000001 0.6216666666666667 0.725 0.63 0.725 0.6308333333333334 0.7225 0.6275000000000001 0.7225 0.6266666666666667 0.7206250000000001 0.6325000000000001 0.71625 0.6283333333333333 0.7125 0.6266666666666667 0.7040625 0.6233333333333333 0.7037500000000001 0.6275000000000001 0.6993750000000001 0.6241666666666666 0.6993750000000001 0.6174999999999999 0.7100000000000001 0.62 0.713125 0.6133333333333333 0.716875
0 0.7825 0.681875 0.7791666666666667 0.6787500000000001 0.7791666666666667 0.684375 0.7825 0.681875
0 0.6483333333333333 0.675 0.6508333333333333 0.67625 0.6558333333333334 0.675625 0.6541666666666667 0.6681250000000001 0.6525 0.6725000000000001 0.6483333333333333 0.675
0 0.7716666666666667 0.5975 0.775 0.595 0.7858333333333334 0.596875 0.7849999999999999 0.5943750000000001 0.7758333333333333 0.591875 0.7683333333333333 0.5956250000000001 0.7716666666666667 0.5975
0 0.7858333333333334 0.588125 0.7858333333333334 0.5825 0.7816666666666666 0.5800000000000001 0.7808333333333334 0.581875 0.7858333333333334 0.588125
0 0.8008333333333333 0.40750000000000003 0.7991666666666666 0.405625 0.7975 0.40750000000000003 0.8008333333333333 0.40750000000000003
0 0.53984375 0.3140625 0.0015625 0.00078125
0 0.74 0.293125 0.7358333333333333 0.29250000000000004 0.7375 0.295625 0.74 0.293125
0 0.5575 0.36500000000000005 0.5525 0.381875 0.5566666666666666 0.381875 0.5599999999999999 0.386875 0.5633333333333332 0.3875 0.5633333333333332 0.3975 0.5608333333333333 0.40125 0.5658333333333333 0.405625 0.5641666666666667 0.40750000000000003 0.5583333333333333 0.40750000000000003 0.5533333333333333 0.41375 0.55 0.41000000000000003 0.5516666666666666 0.4125 0.5483333333333333 0.414375 0.55 0.416875 0.5541666666666667 0.41625000000000006 0.5525 0.42125 0.5566666666666666 0.425 0.5633333333333332 0.425 0.5625 0.43187500000000006 0.5541666666666667 0.43187500000000006 0.55 0.436875 0.5525 0.45 0.5566666666666666 0.45562500000000006 0.5566666666666666 0.476875 0.5599999999999999 0.48375 0.5708333333333333 0.4875 0.5700000000000001 0.490625 0.5599999999999999 0.4912500000000001 0.5633333333333332 0.496875 0.5608333333333333 0.5050000000000001 0.5616666666666666 0.5118750000000001 0.5666666666666667 0.51875 0.5658333333333333 0.5325 0.5725 0.5362500000000001 0.5691666666666666 0.54375 0.5741666666666666 0.5493750000000001 0.5708333333333333 0.553125 0.5708333333333333 0.56375 0.5683333333333334 0.5675000000000001 0.5725 0.5800000000000001 0.5708333333333333 0.5856250000000001 0.5766666666666667 0.58625 0.5816666666666667 0.59125 0.5808333333333333 0.593125 0.5741666666666666 0.5943750000000001 0.5741666666666666 0.610625 0.5783333333333334 0.621875 0.5783333333333334 0.650625 0.5841666666666667 0.670625 0.5858333333333333 0.67125 0.5908333333333333 0.6631250000000001 0.5983333333333334 0.6631250000000001 0.6008333333333333 0.665 0.5991666666666666 0.6681250000000001 0.6158333333333333 0.669375 0.6216666666666667 0.675 0.6183333333333334 0.678125 0.6191666666666666 0.68125 0.6258333333333332 0.6825 0.63 0.6725000000000001 0.6283333333333333 0.664375 0.6308333333333334 0.6625 0.6408333333333334 0.6581250000000001 0.6533333333333333 0.660625 0.6683333333333333 0.66 0.6841666666666667 0.64875 0.6950000000000001 0.6481250000000001 0.7008333333333333 0.655 0.7183333333333334 0.653125 0.7274999999999999 0.655 0.7291666666666667 0.649375 0.7325 0.65125 0.735 0.64875 0.7383333333333333 0.6518750000000001 0.7433333333333334 0.65125 0.7433333333333334 0.6481250000000001 0.74 0.6475000000000001 0.7416666666666667 0.64375 0.7508333333333332 0.641875 0.7683333333333333 0.6525000000000001 0.7691666666666667 0.65125 0.7633333333333333 0.6481250000000001 0.7641666666666667 0.64625 0.7733333333333333 0.64375 0.7741666666666667 0.6475000000000001 0.775 0.6425000000000001 0.7866666666666666 0.64 0.7866666666666666 0.6368750000000001 0.7791666666666667 0.633125 0.7833333333333333 0.624375 0.7825 0.619375 0.7866666666666666 0.6175 0.7883333333333333 0.613125 0.7883333333333333 0.6056250000000001 0.7858333333333334 0.60375 0.775 0.60375 0.7708333333333333 0.6006250000000001 0.7616666666666666 0.6012500000000001 0.7575000000000001 0.595 0.7608333333333334 0.5850000000000001 0.7641666666666667 0.5875 0.7691666666666667 0.5856250000000001 0.7675 0.5775 0.77 0.5737500000000001 0.7666666666666667 0.571875 0.7683333333333333 0.56375 0.7841465863453816 0.5581024096385543 0.7808333333333334 0.5543750000000001 0.7816666666666666 0.55 0.7875 0.55 0.7933333333333333 0.5431250000000001 0.7858333333333334 0.529375 0.7933333333333333 0.5225000000000001 0.7858333333333334 0.5 0.7958333333333333 0.49437500000000006 0.7966666666666666 0.4912500000000001 0.7899999999999999 0.48500000000000004 0.7866666666666666 0.47375 0.7933333333333333 0.47000000000000003 0.7916666666666667 0.46687500000000004 0.795 0.4625 0.7925 0.4425 0.8 0.43875000000000003 0.8 0.43187500000000006 0.7933333333333333 0.42562500000000003 0.7899999999999999 0.416875 0.7933333333333333 0.40812499999999996 0.7866666666666666 0.40625 0.7858333333333334 0.395625 0.7916666666666667 0.3875 0.7899999999999999 0.3825 0.7958333333333333 0.38062500000000005 0.8033333333333333 0.37312500000000004 0.8033333333333333 0.36875 0.795 0.36625 0.7966666666666666 0.35875 0.7908333333333333 0.35375 0.7908333333333333 0.348125 0.8041666666666666 0.34 0.8008333333333333 0.31 0.7983333333333333 0.306875 0.8 0.303125 0.7958333333333333 0.30062500000000003 0.8 0.296875 0.7983333333333333 0.29000000000000004 0.7958333333333333 0.288125 0.7791666666666667 0.29000000000000004 0.7758333333333333 0.28625 0.7691666666666667 0.290625 0.7625 0.2875 0.7616666666666666 0.281875 0.7583333333333333 0.28125 0.7575000000000001 0.29000000000000004 0.7333333333333333 0.29250000000000004 0.7325 0.28687500000000005 0.7308333333333333 0.285625 0.7233333333333334 0.2875 0.72 0.281875 0.7008333333333333 0.28250000000000003 0.6958333333333333 0.285625 0.6858333333333333 0.28 0.6816666666666666 0.281875 0.675 0.27875 0.6608333333333334 0.27687500000000004 0.6616666666666666 0.27937500000000004 0.6566666666666666 0.280625 0.6541666666666667 0.27937500000000004 0.6566666666666666 0.27687500000000004 0.6433333333333333 0.28500000000000003 0.6383333333333333 0.28125 0.6325000000000001 0.28125 0.63 0.283125 0.6183333333333334 0.28250000000000003 0.6033333333333333 0.29125 0.6008333333333333 0.28937500000000005 0.6041666666666667 0.29250000000000004 0.6058333333333333 0.3 0.6025 0.30250000000000005 0.5983333333333334 0.30250000000000005 0.5966666666666667 0.30625 0.5933333333333334 0.3075 0.5858333333333333 0.28937500000000005 0.5633333333333332 0.28937500000000005 0.5641666666666667 0.293125 0.5700000000000001 0.29125 0.5700000000000001 0.29937500000000006 0.5633333333333332 0.30062500000000003 0.5575 0.30875 0.5491666666666666 0.30812500000000004 0.5483333333333333 0.31125 0.5525 0.313125 0.5666666666666667 0.313125 0.5666666666666667 0.31500000000000006 0.5599999999999999 0.3175 0.5650000000000001 0.3175 0.5691666666666666 0.32062500000000005 0.5608333333333333 0.324375 0.5458333333333333 0.326875 0.5416666666666667 0.33125 0.5408333333333333 0.35187500000000005 0.5441666666666667 0.35875 0.5541666666666667 0.36125 0.5575 0.36500000000000005
0 0.7191666666666666 0.275625 0.7166666666666667 0.275 0.715 0.275625 0.7191666666666666 0.275625
0 0.6890625 0.2484375 0.0015625 0.0015625
0 0.703125 0.24765625 0.00078125 0.0015625
0 0.11333333333333333 0.603125 0.11583333333333332 0.61375 0.12666666666666665 0.618125 0.1325 0.615625 0.13083333333333333 0.609375 0.13333333333333333 0.608125 0.14333333333333334 0.6075 0.15083333333333332 0.6118750000000001 0.16 0.609375 0.16499999999999998 0.610625 0.17166666666666666 0.6075 0.17583333333333334 0.609375 0.1775 0.615625 0.18166666666666667 0.6162500000000001 0.19583333333333333 0.6125 0.20916666666666667 0.60625 0.21333333333333332 0.609375 0.24916666666666668 0.6075 0.255 0.6100000000000001 0.2683333333333333 0.608125 0.275 0.6100000000000001 0.28250000000000003 0.604375 0.28583333333333333 0.6075 0.2975 0.60625 0.31333333333333335 0.609375 0.32416666666666666 0.609375 0.3283333333333333 0.6075 0.3308333333333333 0.603125 0.3308333333333333 0.5893750000000001 0.3258333333333333 0.58125 0.3275 0.5693750000000001 0.32083333333333336 0.5643750000000001 0.29 0.565625 0.2833333333333333 0.5631250000000001 0.2683333333333333 0.56375 0.265 0.56125 0.255 0.5643750000000001 0.19916666666666666 0.5643750000000001 0.18833333333333332 0.566875 0.16 0.56875 0.145 0.5725 0.12416666666666668 0.571875 0.10666666666666666 0.5825 0.10583333333333333 0.596875 0.11333333333333333 0.603125
0 0.2341666666666667 0.789375 0.2308333333333333 0.7887500000000001 0.22916666666666666 0.789375 0.2341666666666667 0.789375
0 0.32166666666666666 0.7837500000000001 0.32083333333333336 0.7818750000000001 0.31916666666666665 0.7831250000000001 0.32166666666666666 0.7837500000000001
0 0.2558333333333333 0.7862500000000001 0.26083333333333336 0.7887500000000001 0.265 0.7887500000000001 0.27 0.7825 0.25833333333333336 0.7818750000000001 0.255 0.7825 0.2558333333333333 0.7862500000000001
0 0.33166666666666667 0.786875 0.32999999999999996 0.7931250000000001 0.33416666666666667 0.7931250000000001 0.335 0.7887500000000001 0.33999999999999997 0.785625 0.3408333333333333 0.7825 0.33666666666666667 0.780625 0.3358333333333333 0.7837500000000001 0.33166666666666667 0.785 0.3308333333333333 0.7825 0.32666666666666666 0.7818750000000001 0.3258333333333333 0.785 0.33166666666666667 0.786875
0 0.29 0.786875 0.2966666666666667 0.7875 0.2975 0.7825 0.2891666666666667 0.780625 0.28250000000000003 0.7831250000000001 0.29 0.786875
0 0.35083333333333333 0.785625 0.3625 0.7837500000000001 0.36083333333333334 0.78125 0.35333333333333333 0.78 0.3466666666666667 0.78125 0.3458333333333333 0.7831250000000001 0.35083333333333333 0.785625
0 0.1925 0.70875 0.19416666666666665 0.70625 0.18583333333333335 0.7075 0.1925 0.70875
0 0.185 0.7475 0.18833333333333332 0.76 0.19666666666666666 0.7675000000000001 0.2 0.7825 0.20916666666666667 0.7831250000000001 0.2225 0.779375 0.2525 0.7775000000000001 0.27416666666666667 0.778125 0.2816666666666666 0.774375 0.29416666666666663 0.7775000000000001 0.31 0.77375 0.3183333333333333 0.77375 0.33666666666666667 0.778125 0.35833333333333334 0.77125 0.37416666666666665 0.774375 0.38333333333333336 0.76875 0.3783333333333333 0.748125 0.38 0.740625 0.3716666666666667 0.734375 0.3675 0.7175 0.36083333333333334 0.7075 0.345 0.70125 0.335 0.701875 0.33166666666666667 0.6993750000000001 0.325 0.6987500000000001 0.31 0.701875 0.30333333333333334 0.6987500000000001 0.2925 0.68875 0.2841666666666667 0.6925000000000001 0.28250000000000003 0.6993750000000001 0.2783333333333333 0.7025 0.2533333333333333 0.7025 0.25083333333333335 0.706875 0.24333333333333332 0.706875 0.23666666666666666 0.7025 0.225 0.7025 0.22000000000000003 0.7037500000000001 0.215 0.71125 0.2058333333333333 0.716875 0.195 0.7143750000000001 0.18916666666666665 0.7175 0.185 0.71625 0.18166666666666667 0.71875 0.17666666666666667 0.71875 0.1775 0.7412500000000001 0.185 0.7475
0 0.05703125 0.56328125 0.00078125 0.00078125
0 0 0.45499999999999996 0 0.5650000000000001 0.005 0.5675000000000001 0.015 0.566875 0.019166666666666665 0.5643750000000001 0.0325 0.5675000000000001 0.043333333333333335 0.566875 0.05500000000000001 0.56125 0.052500000000000005 0.556875 0.05333333333333333 0.5518750000000001 0.0475 0.55 0.05416666666666666 0.54625 0.058333333333333334 0.54625 0.065 0.55 0.06999999999999999 0.56125 0.07833333333333334 0.56125 0.07916666666666666 0.556875 0.07416666666666667 0.55 0.0775 0.5325 0.058333333333333334 0.521875 0.057499999999999996 0.50375 0.0475 0.49250000000000005 0.04666666666666667 0.47625 0.04416666666666667 0.471875 0.020833333333333336 0.459375 0.021666666666666667 0.449375 0.015 0.43875000000000003 0.009166666666666667 0.43812500000000004 0.0025 0.445625 0.0025 0.453125 0 0.45499999999999996
0 0.009166666666666667 0.42312500000000003 0.0075 0.42374999999999996 0.008333333333333333 0.426875 0.009166666666666667 0.42312500000000003
0 0.01171875 0.421875 0.0015625 0.00078125
0 0.2234375 0.57421875 0.00078125 0.00234375
0 0.0475 0.50125 0.058333333333333334 0.514375 0.059166666666666666 0.52875 0.06416666666666666 0.5325 0.07166666666666667 0.534375 0.075 0.539375 0.075 0.5475000000000001 0.08166666666666667 0.55625 0.08916666666666666 0.56125 0.09416666666666666 0.5700000000000001 0.11583333333333332 0.5806250000000001 0.1125 0.588125 0.11666666666666667 0.593125 0.12416666666666668 0.593125 0.13 0.590625 0.13666666666666666 0.593125 0.14416666666666667 0.59125 0.14583333333333331 0.595 0.15083333333333332 0.5962500000000001 0.15583333333333332 0.595 0.1575 0.59125 0.16333333333333333 0.5925 0.16999999999999998 0.586875 0.1775 0.58625 0.18083333333333335 0.58625 0.18333333333333332 0.590625 0.1925 0.5925 0.20249999999999999 0.58375 0.20916666666666667 0.5850000000000001 0.21749999999999997 0.57625 0.22333333333333333 0.5787500000000001 0.22083333333333335 0.58375 0.2225 0.593125 0.24666666666666667 0.58875 0.2725 0.5893750000000001 0.28250000000000003 0.5850000000000001 0.28583333333333333 0.58625 0.3 0.584375 0.29583333333333334 0.5675000000000001 0.30333333333333334 0.561875 0.3091666666666667 0.561875 0.31416666666666665 0.5581250000000001 0.31416666666666665 0.546875 0.3058333333333333 0.5362500000000001 0.31333333333333335 0.524375 0.31416666666666665 0.5175000000000001 0.30083333333333334 0.514375 0.29500000000000004 0.50875 0.2966666666666667 0.49375 0.29333333333333333 0.48500000000000004 0.2875 0.4800000000000001 0.28583333333333333 0.468125 0.2791666666666667 0.460625 0.27166666666666667 0.46125 0.2658333333333333 0.4575 0.255 0.458125 0.23833333333333334 0.45375000000000004 0.21916666666666665 0.45375000000000004 0.2125 0.45562500000000006 0.21000000000000002 0.45875000000000005 0.205 0.45562500000000006 0.15416666666666667 0.45562500000000006 0.14416666666666667 0.45875000000000005 0.11583333333333332 0.459375 0.1025 0.46312500000000006 0.06999999999999999 0.465 0.0625 0.46937500000000004 0.056666666666666664 0.46749999999999997 0.049166666666666664 0.4875 0.05 0.49812500000000004 0.0475 0.50125
0 0.015 0.65125 0.013333333333333332 0.65 0.011666666666666667 0.650625 0.015 0.65125
0 0.05 0.545 0.0475 0.550625 0.03666666666666667 0.561875 0.025 0.5581250000000001 0.021666666666666667 0.5525 0.015 0.559375 0 0.556875 0.0025 0.560625 0 0.5775 0.003333333333333333 0.5831250000000001 0.0025 0.593125 0 0.595 0 0.635625 0.010833333333333334 0.6431250000000001 0.015 0.64375 0.0225 0.63875 0.028333333333333332 0.64 0.0325 0.6362500000000001 0.043333333333333335 0.6375 0.04666666666666667 0.635625 0.09166666666666666 0.635625 0.0975 0.633125 0.11333333333333333 0.634375 0.12666666666666665 0.630625 0.12416666666666668 0.62375 0.11333333333333333 0.61875 0.11000000000000001 0.6125 0.10583333333333333 0.5987500000000001 0.10500000000000001 0.581875 0.10083333333333333 0.5775 0.08916666666666666 0.571875 0.08499999999999999 0.5625 0.06666666666666667 0.548125 0.06416666666666666 0.544375 0.07083333333333333 0.539375 0.06583333333333333 0.539375 0.06083333333333333 0.5431250000000001 0.05 0.545
0 0.24765625 0.109375 0.0015625 0.0015625
0 0.009166666666666667 0.164375 0.016666666666666666 0.17312500000000003 0.02583333333333333 0.17375000000000002 0.0325 0.17625000000000002 0.034999999999999996 0.18 0.02583333333333333 0.185625 0.0225 0.185625 0.024166666666666666 0.19 0.018333333333333333 0.19375 0.019166666666666665 0.22375000000000003 0.0075 0.234375 0.008333333333333333 0.2375 0.005 0.240625 0.004166666666666667 0.25250000000000006 0 0.261875 0.003333333333333333 0.265 0 0.27937500000000004 0 0.328125 0.005 0.33 0.026666666666666665 0.3275 0.0325 0.325 0.03666666666666667 0.325 0.04083333333333333 0.328125 0.049166666666666664 0.328125 0.11416666666666667 0.32125000000000004 0.13999999999999999 0.32125000000000004 0.16166666666666668 0.3175 0.17833333333333332 0.3175 0.195 0.311875 0.22000000000000003 0.314375 0.22833333333333333 0.31062500000000004 0.22916666666666666 0.296875 0.22333333333333333 0.27937500000000004 0.21666666666666665 0.27125000000000005 0.21666666666666665 0.265625 0.22749999999999998 0.255 0.23333333333333334 0.234375 0.25083333333333335 0.22687500000000002 0.26 0.20812500000000003 0.27166666666666667 0.20187500000000003 0.275 0.1925 0.275 0.18250000000000002 0.2875 0.175 0.2891666666666667 0.17 0.29333333333333333 0.170625 0.30333333333333334 0.159375 0.31416666666666665 0.16125 0.3175 0.15812500000000002 0.315 0.146875 0.3091666666666667 0.14187500000000003 0.31666666666666665 0.13875 0.32 0.134375 0.32416666666666666 0.1325 0.3275 0.134375 0.33416666666666667 0.13 0.3375 0.12312500000000001 0.3283333333333333 0.11937500000000001 0.32416666666666666 0.12250000000000001 0.31333333333333335 0.12125000000000001 0.3091666666666667 0.12937500000000002 0.31083333333333335 0.1375 0.30333333333333334 0.14 0.28833333333333333 0.1325 0.28500000000000003 0.12625000000000003 0.2866666666666667 0.11937500000000001 0.2808333333333333 0.115625 0.26416666666666666 0.114375 0.25 0.11500000000000002 0.2475 0.11687499999999999 0.24333333333333332 0.114375 0.24083333333333332 0.11687499999999999 0.23916666666666667 0.108125 0.24416666666666664 0.09875 0.22999999999999998 0.096875 0.22416666666666668 0.099375 0.22000000000000003 0.09875 0.21666666666666665 0.10124999999999999 0.2125 0.1 0.205 0.10562500000000001 0.19916666666666666 0.10124999999999999 0.1925 0.103125 0.185 0.10187500000000001 0.1875 0.10562500000000001 0.18583333333333335 0.1075 0.18166666666666667 0.10875000000000001 0.17666666666666667 0.10500000000000001 0.16416666666666666 0.10687500000000001 0.15083333333333332 0.11500000000000002 0.14666666666666667 0.108125 0.12166666666666666 0.109375 0.11333333333333333 0.11125 0.09916666666666667 0.121875 0.06083333333333333 0.12312500000000001 0.05333333333333333 0.12687500000000002 0.05333333333333333 0.13125 0.04666666666666667 0.133125 0.04416666666666667 0.13625 0.024166666666666666 0.13687500000000002 0.017499999999999998 0.143125 0.011666666666666667 0.14375 0.005 0.148125 0.0016666666666666666 0.15750000000000003 0.005 0.16375 0.009166666666666667 0.164375
0 0.2234375 0.56015625 0.00078125 0.00078125
0 0.18416666666666665 0.4287500000000001 0.18083333333333335 0.42750000000000005 0.1825 0.43125 0.18416666666666665 0.4287500000000001
0 0.0625 0.504375 0.06666666666666667 0.519375 0.06999999999999999 0.521875 0.0675 0.5225000000000001 0.07916666666666666 0.52375 0.08166666666666667 0.5337500000000001 0.08083333333333334 0.544375 0.08916666666666666 0.5518750000000001 0.09166666666666666 0.561875 0.095 0.5643750000000001 0.09916666666666667 0.5631250000000001 0.10166666666666666 0.5700000000000001 0.10500000000000001 0.571875 0.11666666666666667 0.575 0.12083333333333332 0.571875 0.13916666666666666 0.57125 0.14333333333333334 0.568125 0.16666666666666669 0.568125 0.17166666666666666 0.565625 0.185 0.5643750000000001 0.21416666666666667 0.5643750000000001 0.21583333333333332 0.5625 0.21000000000000002 0.56 0.21333333333333332 0.5581250000000001 0.21666666666666665 0.559375 0.21916666666666665 0.555 0.22666666666666666 0.550625 0.2325 0.55625 0.22916666666666666 0.560625 0.23333333333333334 0.5625 0.255 0.56125 0.26416666666666666 0.556875 0.27 0.559375 0.2725 0.5631250000000001 0.28500000000000003 0.56 0.29 0.5625 0.29583333333333334 0.5625 0.30166666666666664 0.560625 0.3025 0.556875 0.3091666666666667 0.56 0.30833333333333335 0.5575 0.31333333333333335 0.5575 0.31333333333333335 0.555625 0.30833333333333335 0.55625 0.31 0.5475000000000001 0.3058333333333333 0.546875 0.30666666666666664 0.545 0.3025 0.545625 0.30166666666666664 0.540625 0.3025 0.530625 0.30666666666666664 0.5275000000000001 0.305 0.525625 0.30833333333333335 0.525625 0.29333333333333333 0.51875 0.2966666666666667 0.5162500000000001 0.2925 0.50875 0.2966666666666667 0.49312500000000004 0.29333333333333333 0.484375 0.2875 0.480625 0.2866666666666667 0.4625 0.28250000000000003 0.46125 0.2783333333333333 0.45625 0.27166666666666667 0.45625 0.26916666666666667 0.45375000000000004 0.2733333333333333 0.448125 0.2733333333333333 0.43125 0.26749999999999996 0.425 0.27 0.421875 0.26916666666666667 0.418125 0.2658333333333333 0.42437500000000006 0.2625 0.42062499999999997 0.2558333333333333 0.42125 0.2575 0.42562500000000003 0.255 0.428125 0.2375 0.42062499999999997 0.23333333333333334 0.42562500000000003 0.22083333333333335 0.425 0.22416666666666668 0.428125 0.2225 0.43 0.22583333333333333 0.43062500000000004 0.22583333333333333 0.4325 0.22166666666666668 0.43375 0.22083333333333335 0.43875000000000003 0.21416666666666667 0.44125000000000003 0.21166666666666667 0.446875 0.20249999999999999 0.44750000000000006 0.19583333333333333 0.45125000000000004 0.18583333333333335 0.445625 0.1825 0.433125 0.17916666666666667 0.44125000000000003 0.16499999999999998 0.441875 0.1525 0.43875000000000003 0.15333333333333332 0.43187500000000006 0.14333333333333334 0.43125 0.1375 0.42625 0.1325 0.429375 0.125 0.42625 0.12250000000000001 0.42750000000000005 0.12333333333333334 0.43187500000000006 0.13416666666666666 0.43 0.14250000000000002 0.43562500000000004 0.13583333333333333 0.4443750000000001 0.13 0.4443750000000001 0.12583333333333332 0.449375 0.12250000000000001 0.449375 0.125 0.45125000000000004 0.12333333333333334 0.45437500000000003 0.11083333333333334 0.45499999999999996 0.08666666666666667 0.460625 0.07166666666666667 0.4600000000000001 0.06083333333333333 0.46312500000000006 0.05333333333333333 0.46125 0.05333333333333333 0.495 0.0625 0.504375
0 0.17666666666666667 0.418125 0.17416666666666666 0.4175 0.1725 0.418125 0.17666666666666667 0.418125
0 0.2125 0.418125 0.21666666666666665 0.418125 0.215 0.414375 0.2125 0.414375 0.2125 0.418125
0 0.19583333333333333 0.418125 0.19333333333333333 0.41375 0.18583333333333335 0.41375 0.18833333333333332 0.418125 0.19583333333333333 0.418125
0 0.24083333333333332 0.415625 0.24083333333333332 0.4125 0.23583333333333334 0.41500000000000004 0.24083333333333332 0.415625
0 0.1875 0.40812499999999996 0.18583333333333335 0.40625 0.185 0.40875000000000006 0.1875 0.40812499999999996
0 0.10583333333333333 0.4125 0.10916666666666666 0.40687500000000004 0.10583333333333333 0.403125 0.10416666666666667 0.40375000000000005 0.1025 0.40875000000000006 0.10583333333333333 0.4125
0 0.1953125 0.40078125 0.0015625 0.00078125
0 0.15416666666666667 0.40625 0.155 0.403125 0.15416666666666667 0.40125 0.14750000000000002 0.40062500000000006 0.145 0.4025 0.14750000000000002 0.41125 0.15416666666666667 0.40625
0 0.24166666666666664 0.401875 0.2375 0.39937500000000004 0.24083333333333332 0.405625 0.24166666666666664 0.401875
0 0.19166666666666668 0.40125 0.18916666666666665 0.39937500000000004 0.1825 0.4 0.18583333333333335 0.4025 0.19166666666666668 0.40125
0 0.056666666666666664 0.50375 0.06166666666666667 0.505625 0.06333333333333332 0.5225000000000001 0.06666666666666667 0.5268750000000001 0.07083333333333333 0.52625 0.07916666666666666 0.530625 0.08083333333333334 0.5493750000000001 0.0875 0.553125 0.09166666666666666 0.56375 0.10583333333333333 0.5725 0.11916666666666667 0.5693750000000001 0.12250000000000001 0.57125 0.13 0.5693750000000001 0.13999999999999999 0.570625 0.14416666666666667 0.56625 0.1525 0.5643750000000001 0.1575 0.5587500000000001 0.1625 0.56 0.16416666666666666 0.566875 0.19 0.5625 0.19583333333333333 0.56375 0.19833333333333333 0.5537500000000001 0.20666666666666664 0.546875 0.21666666666666665 0.5525 0.22916666666666666 0.550625 0.2341666666666667 0.56 0.2375 0.56125 0.2375 0.553125 0.24083333333333332 0.5543750000000001 0.24666666666666667 0.5487500000000001 0.25166666666666665 0.550625 0.26083333333333336 0.55 0.2683333333333333 0.54125 0.275 0.541875 0.28250000000000003 0.548125 0.29333333333333333 0.548125 0.30083333333333334 0.545 0.30083333333333334 0.5331250000000001 0.3075 0.52875 0.30833333333333335 0.525625 0.29333333333333333 0.524375 0.28833333333333333 0.519375 0.29 0.5175000000000001 0.29333333333333333 0.51875 0.2966666666666667 0.515625 0.2925 0.509375 0.2966666666666667 0.495 0.29333333333333333 0.48625000000000007 0.2866666666666667 0.480625 0.28583333333333333 0.471875 0.2758333333333333 0.46937500000000004 0.2625 0.4575 0.255 0.4575 0.24166666666666664 0.453125 0.22666666666666666 0.45437500000000003 0.22000000000000003 0.4525 0.2125 0.45625 0.21416666666666667 0.4600000000000001 0.21166666666666667 0.460625 0.2033333333333333 0.45499999999999996 0.1775 0.45625 0.15416666666666667 0.45437500000000003 0.14166666666666666 0.458125 0.0725 0.46312500000000006 0.06083333333333333 0.46875 0.05583333333333333 0.46687500000000004 0.05333333333333333 0.47625 0.052500000000000005 0.49812500000000004 0.056666666666666664 0.50375
0 0.08666666666666667 0.5525 0.09083333333333334 0.565625 0.095 0.570625 0.10666666666666666 0.575625 0.11666666666666667 0.57625 0.12916666666666668 0.5725 0.13916666666666666 0.5725 0.14833333333333334 0.575 0.16083333333333333 0.56875 0.18833333333333332 0.5675000000000001 0.19833333333333333 0.5643750000000001 0.23833333333333334 0.5650000000000001 0.26083333333333336 0.561875 0.2683333333333333 0.56375 0.2841666666666667 0.561875 0.29583333333333334 0.5643750000000001 0.30333333333333334 0.56125 0.31083333333333335 0.56125 0.31416666666666665 0.5581250000000001 0.31416666666666665 0.546875 0.31 0.5375 0.31333333333333335 0.5181250000000001 0.31 0.5181250000000001 0.30666666666666664 0.513125 0.2966666666666667 0.510625 0.27083333333333337 0.5125 0.25916666666666666 0.51 0.2375 0.51 0.2308333333333333 0.51375 0.18083333333333335 0.51375 0.16416666666666666 0.516875 0.15 0.515 0.13 0.51875 0.08833333333333333 0.521875 0.08083333333333334 0.525625 0.08083333333333334 0.5487500000000001 0.08666666666666667 0.5525
0 0.40703125 0.7015625 0.00078125 0.0015625
0 0.5266666666666666 0.6950000000000001 0.5325 0.696875 0.5391666666666667 0.6925000000000001 0.5291666666666667 0.69125 0.5258333333333333 0.6925000000000001 0.5266666666666666 0.6950000000000001
0 0.39916666666666667 0.68875 0.4066666666666666 0.6893750000000001 0.4083333333333333 0.6793750000000001 0.41083333333333333 0.6775 0.40083333333333326 0.6768750000000001 0.3983333333333333 0.6787500000000001 0.39916666666666667 0.68875
0 0.36916666666666664 0.685 0.38 0.6881250000000001 0.39583333333333337 0.685 0.39583333333333337 0.68 0.39249999999999996 0.678125 0.4 0.6725000000000001 0.4141666666666667 0.67625 0.41833333333333333 0.6743750000000001 0.4216666666666667 0.675625 0.42833333333333334 0.67 0.4525 0.670625 0.4625 0.6675000000000001 0.49916666666666665 0.666875 0.5183333333333333 0.66875 0.525 0.6625 0.5608333333333333 0.6631250000000001 0.5650000000000001 0.6587500000000001 0.5599999999999999 0.6300000000000001 0.5549999999999999 0.62625 0.5566666666666666 0.6225 0.5541666666666667 0.623125 0.5533333333333333 0.6275000000000001 0.5466666666666666 0.6300000000000001 0.545 0.63375 0.5416666666666667 0.63375 0.54 0.6300000000000001 0.5366666666666666 0.629375 0.5325 0.63375 0.525 0.63375 0.5191666666666667 0.62875 0.49416666666666664 0.628125 0.48666666666666664 0.6300000000000001 0.4833333333333333 0.63375 0.47000000000000003 0.6362500000000001 0.45999999999999996 0.6412500000000001 0.4458333333333333 0.6431250000000001 0.43083333333333335 0.6412500000000001 0.4216666666666667 0.64625 0.40166666666666667 0.64875 0.37333333333333335 0.6456250000000001 0.36333333333333334 0.65375 0.36583333333333334 0.6893750000000001 0.36916666666666664 0.685
0 0.2791666666666667 0.655 0.27999999999999997 0.653125 0.27749999999999997 0.6518750000000001 0.27666666666666667 0.654375 0.2791666666666667 0.655
0 0.3 0.6375 0.30166666666666664 0.6325000000000001 0.2991666666666667 0.63125 0.30083333333333334 0.6300000000000001 0.2991666666666667 0.630625 0.2966666666666667 0.63375 0.3 0.6375
0 0.2833333333333333 0.63375 0.28500000000000003 0.6300000000000001 0.2816666666666666 0.629375 0.27999999999999997 0.633125 0.2833333333333333 0.63375
0 0.3183333333333333 0.640625 0.31416666666666665 0.64375 0.32999999999999996 0.653125 0.3416666666666667 0.65125 0.3416666666666667 0.64625 0.3358333333333333 0.640625 0.33416666666666667 0.63375 0.3308333333333333 0.63375 0.3275 0.6300000000000001 0.325 0.6325000000000001 0.32 0.6318750000000001 0.3175 0.62875 0.31333333333333335 0.6300000000000001 0.30833333333333335 0.6368750000000001 0.3183333333333333 0.640625
0 0.20416666666666666 0.62 0.20249999999999999 0.619375 0.19916666666666666 0.623125 0.20416666666666666 0.62
0 0.18166666666666667 0.628125 0.18333333333333332 0.6256250000000001 0.18916666666666665 0.62625 0.19583333333333333 0.619375 0.185 0.61875 0.17916666666666667 0.6206250000000001 0.1775 0.624375 0.18166666666666667 0.628125
0 0 0.66875 0 0.703125 0.0025 0.70875 0 0.718125 0.0025 0.7212500000000001 0 0.7237500000000001 0.003333333333333333 0.7262500000000001 0.005 0.734375 0.008333333333333333 0.735625 0.018333333333333333 0.733125 0.02583333333333333 0.734375 0.029166666666666667 0.7325 0.043333333333333335 0.7325 0.05 0.72875 0.06 0.7306250000000001 0.06666666666666667 0.7256250000000001 0.07083333333333333 0.7275 0.07416666666666667 0.7256250000000001 0.08 0.73125 0.08666666666666667 0.731875 0.08916666666666666 0.7306250000000001 0.09166666666666666 0.7225 0.09916666666666667 0.7306250000000001 0.09666666666666666 0.7256250000000001 0.10083333333333333 0.7237500000000001 0.10166666666666666 0.7193750000000001 0.11916666666666667 0.71875 0.13583333333333333 0.7143750000000001 0.16166666666666668 0.715625 0.16083333333333333 0.7212500000000001 0.15083333333333332 0.7306250000000001 0.16083333333333333 0.733125 0.16833333333333333 0.7325 0.17416666666666666 0.7275 0.175 0.7193750000000001 0.17083333333333334 0.7193750000000001 0.1675 0.715625 0.17166666666666666 0.7100000000000001 0.18166666666666667 0.7106250000000001 0.185 0.71375 0.18833333333333332 0.7106250000000001 0.1925 0.715625 0.19916666666666666 0.7175 0.21666666666666665 0.713125 0.21916666666666665 0.716875 0.22333333333333333 0.718125 0.23500000000000001 0.7150000000000001 0.24 0.7025 0.24583333333333335 0.70125 0.25 0.703125 0.2475 0.7100000000000001 0.25166666666666665 0.71375 0.265 0.7150000000000001 0.27166666666666667 0.713125 0.27 0.70875 0.2791666666666667 0.701875 0.29333333333333333 0.71625 0.30333333333333334 0.709375 0.30083333333333334 0.704375 0.30333333333333334 0.700625 0.315 0.70125 0.31916666666666665 0.709375 0.3275 0.7125 0.3358333333333333 0.70875 0.34249999999999997 0.6987500000000001 0.3525 0.698125 0.35666666666666663 0.695625 0.35666666666666663 0.6875 0.3525 0.6768750000000001 0.3375 0.666875 0.3283333333333333 0.655625 0.32 0.6568750000000001 0.31666666666666665 0.659375 0.31333333333333335 0.6575 0.31166666666666665 0.661875 0.30333333333333334 0.6675000000000001 0.2991666666666667 0.666875 0.2966666666666667 0.661875 0.2891666666666667 0.664375 0.28583333333333333 0.66 0.2725 0.6587500000000001 0.27416666666666667 0.6525000000000001 0.265 0.6475000000000001 0.25916666666666666 0.6375 0.26083333333333336 0.635 0.265 0.6375 0.2658333333333333 0.635625 0.2633333333333333 0.634375 0.2658333333333333 0.633125 0.26166666666666666 0.6318750000000001 0.2575 0.6256250000000001 0.26 0.623125 0.2575 0.621875 0.25833333333333336 0.61875 0.25 0.62875 0.24416666666666664 0.6275000000000001 0.2425 0.62375 0.24500000000000002 0.619375 0.23666666666666666 0.62 0.2341666666666667 0.6168750000000001 0.22583333333333333 0.619375 0.21583333333333332 0.615625 0.21000000000000002 0.62 0.21833333333333332 0.633125 0.21666666666666665 0.634375 0.21000000000000002 0.6325000000000001 0.20833333333333334 0.628125 0.20249999999999999 0.62625 0.1925 0.634375 0.18166666666666667 0.6318750000000001 0.18 0.635625 0.16583333333333333 0.64375 0.15583333333333332 0.641875 0.15083333333333332 0.6362500000000001 0.13833333333333334 0.6425000000000001 0.135 0.638125 0.1375 0.629375 0.13333333333333333 0.621875 0.12833333333333333 0.62625 0.12583333333333332 0.621875 0.12 0.6256250000000001 0.10583333333333333 0.6256250000000001 0.09083333333333334 0.629375 0.09333333333333334 0.63375 0.08916666666666666 0.635 0.06999999999999999 0.634375 0.06333333333333332 0.62875 0.05333333333333333 0.62875 0.04666666666666667 0.635 0.029166666666666667 0.634375 0.025 0.6375 0.018333333333333333 0.6375 0.01583333333333333 0.639375 0.006666666666666666 0.638125 0.0025 0.64375 0.004166666666666667 0.661875 0 0.66875
0 0.1575 0.613125 0.1625 0.6118750000000001 0.16083333333333333 0.6100000000000001 0.15083333333333332 0.6118750000000001 0.1625 0.6162500000000001 0.1575 0.613125
0 0.32083333333333336 0.52625 0.3225 0.521875 0.32083333333333336 0.51875 0.32083333333333336 0.52625
0 0.32416666666666666 0.5362500000000001 0.32416666666666666 0.54 0.3308333333333333 0.536875 0.3383333333333333 0.5387500000000001 0.3383333333333333 0.540625 0.33249999999999996 0.5431250000000001 0.33416666666666667 0.546875 0.3308333333333333 0.5518750000000001 0.33166666666666667 0.556875 0.3383333333333333 0.5625 0.3441666666666666 0.56375 0.3383333333333333 0.565625 0.33999999999999997 0.56625 0.33333333333333337 0.5743750000000001 0.33666666666666667 0.58375 0.335 0.601875 0.3375 0.606875 0.3491666666666667 0.6125 0.35083333333333333 0.62625 0.355 0.628125 0.365 0.628125 0.37333333333333335 0.6256250000000001 0.39666666666666667 0.6268750000000001 0.41583333333333333 0.62375 0.42833333333333334 0.624375 0.4325 0.621875 0.4716666666666667 0.623125 0.4916666666666667 0.619375 0.4966666666666667 0.615 0.5241666666666667 0.6143750000000001 0.5291666666666667 0.6118750000000001 0.5325 0.606875 0.5358333333333334 0.6100000000000001 0.54 0.60875 0.5441666666666667 0.599375 0.5533333333333333 0.5925 0.55 0.553125 0.5425 0.5431250000000001 0.545 0.54 0.5425 0.534375 0.5425 0.52125 0.5358333333333334 0.5181250000000001 0.5275000000000001 0.5175000000000001 0.5216666666666667 0.5206250000000001 0.5091666666666667 0.5225000000000001 0.505 0.5206250000000001 0.47750000000000004 0.521875 0.46749999999999997 0.5175000000000001 0.4625 0.5175000000000001 0.45666666666666667 0.52375 0.4458333333333333 0.5231250000000001 0.4333333333333333 0.5268750000000001 0.4133333333333333 0.5268750000000001 0.40083333333333326 0.53 0.39666666666666667 0.52875 0.3933333333333333 0.53125 0.375 0.52875 0.35666666666666663 0.5331250000000001 0.3470833333333333 0.5318750000000001 0.3441666666666666 0.535 0.3408333333333333 0.53125 0.32916666666666666 0.5325 0.32916666666666666 0.534375 0.32416666666666666 0.5362500000000001
0 0.5283333333333333 0.51 0.5308333333333334 0.510625 0.5325 0.508125 0.5291666666666667 0.50625 0.5316666666666666 0.508125 0.5283333333333333 0.51
0 0.37916666666666665 0.505625 0.38249999999999995 0.5125 0.38666666666666666 0.515 0.3908333333333333 0.51375 0.38916666666666666 0.51 0.38416666666666666 0.508125 0.3875 0.504375 0.40166666666666667 0.5050000000000001 0.40083333333333326 0.5018750000000001 0.39916666666666667 0.50125 0.3983333333333333 0.50375 0.39416666666666667 0.5006250000000001 0.38916666666666666 0.50375 0.3883333333333333 0.5006250000000001 0.37583333333333335 0.5018750000000001 0.37333333333333335 0.5050000000000001 0.37916666666666665 0.505625
0 0.5241666666666667 0.5025000000000001 0.525 0.50125 0.5216666666666667 0.5 0.52 0.5025000000000001 0.5241666666666667 0.5025000000000001
0 0.4166666666666667 0.499375 0.42416666666666664 0.49812500000000004 0.41500000000000004 0.49750000000000005 0.4133333333333333 0.49812500000000004 0.4166666666666667 0.499375
0 0.5091666666666667 0.5006250000000001 0.5116666666666666 0.5075000000000001 0.5133333333333333 0.5050000000000001 0.51 0.50125 0.5133333333333333 0.50125 0.5125 0.499375 0.5066666666666666 0.496875 0.505 0.49812500000000004 0.5091666666666667 0.5006250000000001
0 0.43916666666666665 0.50125 0.43916666666666665 0.505625 0.44333333333333336 0.5050000000000001 0.4491666666666666 0.509375 0.45 0.50625 0.4575 0.50125 0.4708333333333333 0.499375 0.47000000000000003 0.49750000000000005 0.46333333333333326 0.5 0.4625 0.496875 0.4525 0.496875 0.45 0.5025000000000001 0.44416666666666665 0.49750000000000005 0.43166666666666664 0.49750000000000005 0.4291666666666667 0.49812500000000004 0.43916666666666665 0.50125
0 0.78984375 0.5703125 0.00234375 0.00078125
0 0.635 0.578125 0.6308333333333334 0.5743750000000001 0.6333333333333333 0.5700000000000001 0.63 0.570625 0.63 0.5800000000000001 0.635 0.578125
0 0.6683333333333333 0.57625 0.6691666666666667 0.5700000000000001 0.675 0.570625 0.6758333333333333 0.5675000000000001 0.6716666666666666 0.56625 0.6708333333333333 0.56875 0.6675 0.56875 0.6658333333333333 0.573125 0.6683333333333333 0.57625
0 0.5841666666666667 0.591875 0.5825 0.5943750000000001 0.5741666666666666 0.59375 0.5766666666666667 0.604375 0.5741666666666666 0.60875 0.5766666666666667 0.619375 0.575 0.6300000000000001 0.585 0.698125 0.585 0.7150000000000001 0.595 0.7612500000000001 0.595 0.77375 0.5983333333333334 0.77625 0.6241666666666666 0.775625 0.6325000000000001 0.7725000000000001 0.7 0.76875 0.7024999999999999 0.766875 0.7291666666666667 0.765625 0.7791666666666667 0.75875 0.7791666666666667 0.7256250000000001 0.7841666666666667 0.72 0.7808333333333334 0.70625 0.7849999999999999 0.7 0.7808333333333334 0.6881250000000001 0.7866666666666666 0.6825 0.7841666666666667 0.66875 0.7866666666666666 0.653125 0.7841666666666667 0.64625 0.7899999999999999 0.6368750000000001 0.7866666666666666 0.633125 0.7849999999999999 0.625 0.7899999999999999 0.619375 0.7908333333333333 0.6050000000000001 0.7866666666666666 0.601875 0.7675 0.6012500000000001 0.7633333333333333 0.59125 0.7733333333333333 0.5850000000000001 0.7733333333333333 0.5806250000000001 0.7762545289855073 0.5809171195652174 0.7658333333333334 0.5725 0.7666666666666667 0.56375 0.7616666666666666 0.5631250000000001 0.7583333333333333 0.56 0.755 0.565625 0.7474999999999999 0.566875 0.7408333333333333 0.565625 0.7383333333333333 0.5631250000000001 0.7333333333333333 0.5643750000000001 0.7233333333333334 0.56 0.7033333333333334 0.561875 0.6975 0.56 0.6941666666666666 0.56125 0.6925 0.5650000000000001 0.6808333333333334 0.5643750000000001 0.6799999999999999 0.570625 0.6758333333333333 0.5725 0.6783333333333333 0.578125 0.675 0.5825 0.6683333333333333 0.5800000000000001 0.6649999999999999 0.58375 0.6591666666666667 0.5825 0.6566666666666666 0.5787500000000001 0.6575 0.573125 0.6558333333333334 0.575625 0.65 0.575625 0.6441666666666667 0.5800000000000001 0.64 0.578125 0.6391666666666667 0.5850000000000001 0.6325000000000001 0.5875 0.6233333333333333 0.5850000000000001 0.6125 0.5743750000000001 0.6058333333333333 0.5737500000000001 0.6016666666666667 0.581875 0.5983333333333334 0.58125 0.6041666666666667 0.586875 0.6016666666666667 0.5893750000000001 0.5841666666666667 0.591875
0 0.7866666666666666 0.5587500000000001 0.7891666666666667 0.56125 0.7866666666666666 0.556875 0.7841666666666667 0.556875 0.7825 0.560625 0.7866666666666666 0.5587500000000001
0 0.7024999999999999 0.716875 0.7091666666666667 0.7175 0.7058333333333333 0.713125 0.7008333333333333 0.7125 0.6991666666666666 0.7143750000000001 0.7024999999999999 0.716875
0 0.7266666666666667 0.709375 0.7166666666666667 0.70875 0.7166666666666667 0.713125 0.7266666666666667 0.709375
0 0.5900000000000001 0.7125 0.5875 0.7150000000000001 0.5908333333333333 0.7143750000000001 0.5875 0.718125 0.5908333333333333 0.7306250000000001 0.5900000000000001 0.748125 0.5941666666666666 0.77375 0.5983333333333334 0.7775000000000001 0.6275000000000001 0.775625 0.6291666666666667 0.7731250000000001 0.6683333333333333 0.771875 0.7366666666666666 0.765625 0.7466666666666667 0.763125 0.7608333333333334 0.763125 0.7825 0.758125 0.78 0.74875 0.7825 0.734375 0.78 0.7237500000000001 0.7758333333333333 0.7212500000000001 0.7758333333333333 0.7175 0.7825 0.7150000000000001 0.7825 0.709375 0.7791666666666667 0.7075 0.7474999999999999 0.7050000000000001 0.7433333333333334 0.7106250000000001 0.7408333333333333 0.7100000000000001 0.7408333333333333 0.7143750000000001 0.7341666666666666 0.713125 0.7341666666666666 0.7206250000000001 0.7283333333333333 0.724375 0.7216666666666667 0.723125 0.7108333333333333 0.7275 0.7058333333333333 0.725 0.6991666666666666 0.72875 0.6958333333333333 0.7262500000000001 0.6883333333333332 0.728125 0.6816666666666666 0.725 0.6766666666666666 0.7256250000000001 0.6741666666666666 0.7212500000000001 0.675 0.7150000000000001 0.6708333333333333 0.715625 0.6683333333333333 0.713125 0.6641666666666667 0.713125 0.6575 0.7056250000000001 0.6508333333333333 0.7081250000000001 0.6441666666666667 0.7075 0.6425 0.703125 0.6375 0.70125 0.6333333333333333 0.704375 0.6266666666666667 0.700625 0.6208333333333333 0.701875 0.6141666666666666 0.709375 0.6158333333333333 0.7150000000000001 0.6108333333333333 0.71875 0.5916666666666667 0.71625 0.5941666666666666 0.7100000000000001 0.5925 0.7106250000000001 0.5908333333333333 0.706875 0.5875 0.7056250000000001 0.5866666666666667 0.71125 0.5900000000000001 0.7125
0 0.7234375 0.69921875 0.00078125 0.00078125
0 0.7291666666666667 0.69625 0.7266666666666667 0.695625 0.7266666666666667 0.6975 0.7291666666666667 0.69625
0 0.45999999999999996 0.5075000000000001 0.4616666666666666 0.5050000000000001 0.45666666666666667 0.50375 0.45583333333333337 0.505625 0.45999999999999996 0.5075000000000001
0 0.305 0.4525 0.29833333333333334 0.47437500000000005 0.30166666666666664 0.479375 0.30333333333333334 0.5025000000000001 0.3058333333333333 0.503125 0.32416666666666666 0.50625 0.33666666666666667 0.503125 0.365 0.5025000000000001 0.37916666666666665 0.49812500000000004 0.40750000000000003 0.5 0.4208333333333333 0.4956250000000001 0.4325 0.496875 0.47750000000000004 0.49375 0.4875 0.49625 0.5008333333333332 0.49312500000000004 0.52 0.49437500000000006 0.5358333333333334 0.490625 0.5383333333333333 0.48812500000000003 0.5349999999999999 0.46625000000000005 0.5358333333333334 0.446875 0.5316666666666666 0.436875 0.525 0.43187500000000006 0.5291666666666667 0.4287500000000001 0.5291666666666667 0.415625 0.5233333333333333 0.401875 0.5175 0.39937500000000004 0.5116666666666666 0.4 0.5083333333333333 0.398125 0.49916666666666665 0.40437500000000004 0.49000000000000005 0.40750000000000003 0.48083333333333333 0.40750000000000003 0.47000000000000003 0.40437500000000004 0.47000000000000003 0.40812499999999996 0.475 0.41375 0.47333333333333333 0.41937500000000005 0.4666666666666667 0.421875 0.45666666666666667 0.41375 0.4491666666666666 0.41375 0.44749999999999995 0.421875 0.45 0.425 0.4425 0.42750000000000005 0.43166666666666664 0.4287500000000001 0.41833333333333333 0.425 0.4141666666666667 0.42750000000000005 0.4116666666666666 0.42562500000000003 0.4125 0.41500000000000004 0.4033333333333333 0.41375 0.39916666666666667 0.41500000000000004 0.39499999999999996 0.425 0.38249999999999995 0.428125 0.37666666666666665 0.436875 0.36416666666666664 0.4375 0.3591666666666667 0.43500000000000005 0.355 0.4375 0.3491666666666667 0.43187500000000006 0.3433333333333333 0.43187500000000006 0.33666666666666667 0.43375 0.3383333333333333 0.43937499999999996 0.3358333333333333 0.44312500000000005 0.3308333333333333 0.441875 0.31 0.44625000000000004 0.30416666666666664 0.4425 0.2991666666666667 0.4425 0.2991666666666667 0.44625000000000004 0.305 0.4525
0 0.23833333333333334 0.31 0.25666666666666665 0.31 0.265 0.3075 0.29500000000000004 0.30875 0.31666666666666665 0.306875 0.345 0.30125 0.3591666666666667 0.303125 0.4041666666666667 0.2975 0.4133333333333333 0.29937500000000006 0.4258333333333333 0.296875 0.43499999999999994 0.29812500000000003 0.4408333333333333 0.295625 0.4533333333333333 0.295625 0.46333333333333326 0.29125 0.4725 0.29375 0.5016666666666667 0.293125 0.5091666666666667 0.290625 0.5125 0.285625 0.5166666666666667 0.244375 0.515 0.24125000000000002 0.5083333333333333 0.23875000000000002 0.49749999999999994 0.24250000000000002 0.4875 0.236875 0.485 0.23937500000000003 0.48 0.24000000000000005 0.48 0.246875 0.47750000000000004 0.24875000000000003 0.47333333333333333 0.24562500000000004 0.4608333333333333 0.24312500000000004 0.4458333333333333 0.24500000000000002 0.4383333333333333 0.241875 0.4325 0.24937500000000004 0.42750000000000005 0.2475 0.4166666666666667 0.24937500000000004 0.4141666666666667 0.251875 0.4116666666666666 0.25 0.4041666666666667 0.25 0.40083333333333326 0.254375 0.3975 0.24625000000000002 0.38583333333333336 0.24562500000000004 0.37666666666666665 0.256875 0.36916666666666664 0.255 0.365 0.25875000000000004 0.3591666666666667 0.25375000000000003 0.3516666666666667 0.253125 0.35 0.259375 0.3416666666666667 0.259375 0.3383333333333333 0.2625 0.3175 0.259375 0.3058333333333333 0.25 0.2975 0.256875 0.2975 0.259375 0.3025 0.26 0.30083333333333334 0.263125 0.2833333333333333 0.26687500000000003 0.2791666666666667 0.264375 0.27166666666666667 0.26375000000000004 0.26916666666666667 0.265 0.27 0.26937500000000003 0.25833333333333336 0.26812500000000006 0.23583333333333334 0.2775 0.23583333333333334 0.306875 0.23833333333333334 0.31
0 0.37916666666666665 0.24125000000000002 0.37666666666666665 0.231875 0.375 0.23374999999999999 0.37416666666666665 0.240625 0.37916666666666665 0.24125000000000002
0 0.5233333333333333 0.22687500000000002 0.5233333333333333 0.2375 0.5316666666666666 0.25 0.5291666666666667 0.27937500000000004 0.5325 0.28375000000000006 0.54 0.284375 0.5466666666666666 0.28 0.5575 0.280625 0.5625 0.275625 0.5641666666666667 0.26937500000000003 0.5675 0.273125 0.5708333333333333 0.273125 0.5783333333333334 0.2675 0.5825 0.2725 0.595 0.275625 0.6125 0.265 0.6183333333333334 0.26625 0.6266666666666667 0.264375 0.6341666666666667 0.27125000000000005 0.65 0.27125000000000005 0.6541666666666667 0.27437500000000004 0.6649999999999999 0.27125000000000005 0.6675 0.275625 0.6691666666666667 0.27 0.6733333333333333 0.2675 0.6816666666666666 0.270625 0.6950000000000001 0.270625 0.6991666666666666 0.265625 0.7024999999999999 0.265625 0.7091666666666667 0.2725 0.7116666666666667 0.26875 0.7175 0.270625 0.7274999999999999 0.26812500000000006 0.7333333333333333 0.2725 0.7366666666666666 0.28 0.7441666666666666 0.28 0.7558333333333334 0.27375000000000005 0.77 0.27437500000000004 0.7758333333333333 0.27125000000000005 0.7791666666666667 0.27875 0.7816666666666666 0.27125000000000005 0.7908333333333333 0.27125000000000005 0.7925 0.27625 0.7916666666666667 0.273125 0.7983333333333333 0.26812500000000006 0.8091666666666667 0.265 0.8099999999999999 0.2575 0.8074999999999999 0.25250000000000006 0.8041666666666666 0.25125000000000003 0.8066666666666666 0.2475 0.8033333333333333 0.25125000000000003 0.8 0.24875000000000003 0.8025 0.241875 0.8008333333333333 0.236875 0.8133333333333332 0.22687500000000002 0.8166666666666667 0.22000000000000003 0.8041666666666666 0.20875 0.8 0.19937500000000002 0.7916666666666667 0.195 0.7441666666666666 0.15750000000000003 0.735 0.154375 0.7108333333333333 0.134375 0.6825 0.11500000000000002 0.6716666666666666 0.114375 0.6666666666666667 0.125 0.6541666666666667 0.11687499999999999 0.65 0.11687499999999999 0.6466666666666667 0.11812500000000001 0.6375 0.12937500000000002 0.63 0.121875 0.62 0.11937500000000001 0.6133333333333333 0.12375 0.5916666666666667 0.12125000000000001 0.5841666666666667 0.13187500000000002 0.5775 0.13062500000000002 0.5675 0.121875 0.5633333333333332 0.121875 0.5583333333333333 0.12937500000000002 0.5549999999999999 0.13062500000000002 0.5358333333333334 0.128125 0.5316666666666666 0.135 0.5275000000000001 0.155625 0.5291666666666667 0.21375000000000002 0.5233333333333333 0.22687500000000002
0 0.38 0.5175000000000001 0.38 0.515 0.37666666666666665 0.515625 0.38 0.5175000000000001
0 0.38666666666666666 0.5181250000000001 0.39 0.5162500000000001 0.38666666666666666 0.508125 0.385 0.51 0.3808333333333333 0.508125 0.38666666666666666 0.5112500000000001 0.38666666666666666 0.5181250000000001
0 0.45583333333333337 0.508125 0.45999999999999996 0.50875 0.46416666666666667 0.50375 0.45583333333333337 0.50125 0.4541666666666667 0.505625 0.45583333333333337 0.508125
0 0.35234375 0.45234375 0.00078125 0.0015625
0 0.47750000000000004 0.45687500000000003 0.48 0.449375 0.475 0.45437500000000003 0.4725 0.45125000000000004 0.4708333333333333 0.4525 0.47750000000000004 0.45687500000000003
0 0.38333333333333336 0.45375000000000004 0.3883333333333333 0.44875 0.3808333333333333 0.448125 0.37916666666666665 0.449375 0.38333333333333336 0.45375000000000004
0 0.46333333333333326 0.45062500000000005 0.4658333333333333 0.453125 0.4683333333333334 0.4525 0.4666666666666667 0.4443750000000001 0.46333333333333326 0.445 0.46333333333333326 0.45062500000000005
0 0.4491666666666666 0.445625 0.4458333333333333 0.4443750000000001 0.44666666666666666 0.44750000000000006 0.4491666666666666 0.445625
0 0.4766666666666667 0.446875 0.47750000000000004 0.43875000000000003 0.4758333333333333 0.43937499999999996 0.47333333333333333 0.446875 0.4766666666666667 0.446875
0 0.4141666666666667 0.446875 0.4216666666666667 0.446875 0.425 0.45499999999999996 0.43166666666666664 0.446875 0.4341666666666667 0.449375 0.4325 0.453125 0.43916666666666665 0.4525 0.43666666666666665 0.445 0.43166666666666664 0.44312500000000005 0.43166666666666664 0.43937499999999996 0.41833333333333333 0.4375 0.41583333333333333 0.43875000000000003 0.41833333333333333 0.44375 0.4141666666666667 0.446875
0 0.30333333333333334 0.504375 0.31416666666666665 0.505625 0.32416666666666666 0.509375 0.3375 0.5050000000000001 0.34750000000000003 0.51 0.35416666666666663 0.505625 0.36583333333333334 0.50875 0.36916666666666664 0.50625 0.3725 0.5075000000000001 0.37333333333333335 0.503125 0.37916666666666665 0.499375 0.4041666666666667 0.5006250000000001 0.40750000000000003 0.50375 0.4141666666666667 0.4987500000000001 0.41833333333333333 0.499375 0.42333333333333334 0.496875 0.43166666666666664 0.5006250000000001 0.4425 0.4956250000000001 0.5191666666666667 0.4956250000000001 0.5358333333333334 0.491875 0.54 0.4875 0.5325 0.441875 0.5291666666666667 0.43812500000000004 0.5166666666666667 0.43624999999999997 0.5116666666666666 0.44625000000000004 0.505 0.44312500000000005 0.5033333333333333 0.445625 0.5116666666666666 0.4575 0.5166666666666667 0.459375 0.49333333333333335 0.46375 0.46333333333333326 0.465625 0.4541666666666667 0.4625 0.4458333333333333 0.46875 0.4341666666666667 0.46687500000000004 0.42000000000000004 0.47062499999999996 0.4175 0.46937500000000004 0.4125 0.43875000000000003 0.41 0.44000000000000006 0.4083333333333333 0.43812500000000004 0.4025 0.4443750000000001 0.40083333333333326 0.4375 0.3933333333333333 0.43875000000000003 0.39166666666666666 0.445 0.39583333333333337 0.448125 0.39249999999999996 0.4503125 0.3933333333333333 0.45499999999999996 0.38666666666666666 0.45625 0.385 0.45875000000000005 0.39249999999999996 0.45875000000000005 0.39249999999999996 0.46187500000000004 0.38416666666666666 0.465 0.38416666666666666 0.47062499999999996 0.3775 0.475 0.37 0.47062499999999996 0.3516666666666667 0.471875 0.3416666666666667 0.46875 0.33916666666666667 0.4600000000000001 0.34249999999999997 0.45625 0.3383333333333333 0.45437500000000003 0.33999999999999997 0.45187499999999997 0.34249999999999997 0.4525 0.3383333333333333 0.445625 0.33166666666666667 0.44750000000000006 0.32916666666666666 0.445625 0.32666666666666666 0.45 0.32458333333333333 0.445625 0.32 0.445625 0.31416666666666665 0.4525 0.3075 0.4525 0.3025 0.45499999999999996 0.3 0.46125 0.2975 0.475 0.30333333333333334 0.504375
0 0.490625 0.4359375 0.0015625 0.00078125
0 0 0.396875 0.005 0.40062500000000006 0.02583333333333333 0.4025 0.0325 0.401875 0.03916666666666667 0.398125 0.06666666666666667 0.4 0.08 0.39625000000000005 0.10166666666666666 0.39437500000000003 0.11583333333333332 0.395625 0.16 0.390625 0.18083333333333335 0.39125 0.18583333333333335 0.39312500000000006 0.2033333333333333 0.388125 0.24666666666666667 0.386875 0.25666666666666665 0.38 0.2575 0.3725 0.2525 0.35625 0.24416666666666664 0.34937500000000005 0.25166666666666665 0.33125 0.25166666666666665 0.325625 0.2375 0.323125 0.22583333333333333 0.31812500000000005 0.21333333333333332 0.32 0.19583333333333333 0.316875 0.17166666666666666 0.321875 0.1575 0.321875 0.155 0.32375000000000004 0.14416666666666667 0.321875 0.13 0.32375000000000004 0.1125 0.323125 0.005 0.3325 0 0.334375 0 0.396875
0 0.585 0.69125 0.6008333333333333 0.69625 0.6458333333333333 0.695625 0.6866666666666666 0.69125 0.7133333333333333 0.691875 0.735 0.6893750000000001 0.76 0.6831250000000001 0.7666666666666667 0.6831250000000001 0.7716666666666667 0.68625 0.7758333333333333 0.68625 0.7858333333333334 0.6825 0.7841666666666667 0.6675000000000001 0.7875 0.655625 0.7833333333333333 0.6456250000000001 0.7616666666666666 0.645 0.755 0.6425000000000001 0.7441666666666666 0.6425000000000001 0.74 0.644375 0.7125 0.64375 0.6966666666666667 0.6412500000000001 0.6958333333333333 0.6368750000000001 0.6950000000000001 0.63875 0.6808333333333334 0.6425000000000001 0.6599999999999999 0.6412500000000001 0.6475 0.646875 0.6408333333333334 0.641875 0.6333333333333333 0.6412500000000001 0.6366666666666666 0.6368750000000001 0.6333333333333333 0.635625 0.6275000000000001 0.638125 0.6258333333333332 0.6368750000000001 0.6266666666666667 0.64 0.6208333333333333 0.6425000000000001 0.6125 0.6368750000000001 0.61 0.6425000000000001 0.6058333333333333 0.644375 0.6008333333333333 0.64 0.6025 0.6368750000000001 0.6 0.6368750000000001 0.5958333333333333 0.6412500000000001 0.5916666666666667 0.64 0.5916666666666667 0.6375 0.5816666666666667 0.64375 0.58 0.670625 0.585 0.69125
0 0.6733333333333333 0.6362500000000001 0.6716666666666666 0.634375 0.67 0.635625 0.6716666666666666 0.64 0.6733333333333333 0.6362500000000001
0 0.6866666666666666 0.638125 0.6891666666666667 0.6325000000000001 0.6858333333333333 0.634375 0.6816666666666666 0.63375 0.6808333333333334 0.6375 0.6866666666666666 0.638125
0 0.29833333333333334 0.62625 0.3 0.623125 0.2975 0.61875 0.2925 0.62 0.29333333333333333 0.62625 0.29833333333333334 0.62625
0 0.3075 0.5268750000000001 0.3058333333333333 0.525 0.305 0.5268750000000001 0.3075 0.5268750000000001
0 0.2966666666666667 0.5162500000000001 0.29333333333333333 0.5125 0.29083333333333333 0.51375 0.29083333333333333 0.515625 0.2966666666666667 0.5162500000000001
0 0.08583333333333333 0.55625 0.09416666666666666 0.57125 0.10666666666666666 0.5787500000000001 0.10916666666666666 0.5987500000000001 0.11499999999999999 0.601875 0.11583333333333332 0.6050000000000001 0.12166666666666666 0.606875 0.125 0.6125 0.1275 0.6125 0.12583333333333332 0.6075 0.1325 0.60625 0.135 0.60375 0.13666666666666666 0.60625 0.14666666666666667 0.6056250000000001 0.15083333333333332 0.609375 0.15416666666666667 0.6075 0.1575 0.6100000000000001 0.16083333333333333 0.60875 0.16416666666666666 0.6118750000000001 0.1675 0.608125 0.1875 0.6112500000000001 0.1875 0.61375 0.1825 0.615625 0.185 0.6162500000000001 0.19 0.615625 0.18833333333333332 0.6118750000000001 0.19333333333333333 0.61375 0.20666666666666664 0.60625 0.21666666666666665 0.60875 0.22166666666666668 0.615625 0.22666666666666666 0.615625 0.2341666666666667 0.6112500000000001 0.24416666666666664 0.613125 0.2475 0.6112500000000001 0.275 0.6125 0.2791666666666667 0.606875 0.28250000000000003 0.6112500000000001 0.29 0.6112500000000001 0.29500000000000004 0.609375 0.2833333333333333 0.6006250000000001 0.2841666666666667 0.5962500000000001 0.2891666666666667 0.59375 0.30083333333333334 0.5943750000000001 0.30666666666666664 0.60375 0.31416666666666665 0.60375 0.31666666666666665 0.60625 0.3283333333333333 0.6056250000000001 0.3275 0.5925 0.3225 0.581875 0.32416666666666666 0.5743750000000001 0.31416666666666665 0.5737500000000001 0.3075 0.5675000000000001 0.3075 0.5643750000000001 0.3125 0.561875 0.315 0.5575 0.315 0.54625 0.31 0.536875 0.30333333333333334 0.5325 0.3025 0.525625 0.29333333333333333 0.525 0.28250000000000003 0.515 0.2758333333333333 0.5162500000000001 0.2633333333333333 0.5118750000000001 0.25083333333333335 0.5112500000000001 0.24083333333333332 0.52 0.24083333333333332 0.515 0.2375 0.5118750000000001 0.23333333333333334 0.515 0.22861083333333335 0.515 0.22749999999999998 0.5175000000000001 0.22388916666666664 0.515 0.21916666666666665 0.515 0.22083333333333335 0.52125 0.21583333333333332 0.52125 0.2125 0.52375 0.20666666666666664 0.51875 0.20750000000000002 0.515625 0.18583333333333335 0.51375 0.16666666666666669 0.5175000000000001 0.135 0.51875 0.13083333333333333 0.52125 0.09666666666666666 0.521875 0.08333333333333334 0.525625 0.08166666666666667 0.5537500000000001 0.08583333333333333 0.55625
0 0.005 0.5893750000000001 0.004166666666666667 0.5987500000000001 0 0.6056250000000001 0 0.6118750000000001 0.0025 0.61375 0.0025 0.6162500000000001 0 0.6168750000000001 0 0.6525000000000001 0.0025 0.655625 0.0025 0.66 0 0.661875 0 0.71875 0.0025 0.7212500000000001 0 0.725 0.003333333333333333 0.726875 0.005 0.734375 0.0125 0.7350000000000001 0.0225 0.725 0.029166666666666667 0.724375 0.052500000000000005 0.7125 0.06083333333333333 0.7150000000000001 0.07083333333333333 0.71375 0.07833333333333334 0.709375 0.08249999999999999 0.701875 0.08416666666666667 0.70625 0.09166666666666666 0.7106250000000001 0.10416666666666667 0.7100000000000001 0.1125 0.713125 0.1275 0.713125 0.1375 0.709375 0.14166666666666666 0.703125 0.1408333333333333 0.685 0.13583333333333333 0.684375 0.13416666666666666 0.67625 0.12833333333333333 0.67 0.12 0.67 0.11750000000000001 0.6681250000000001 0.12 0.6575 0.12666666666666665 0.6525000000000001 0.12916666666666668 0.646875 0.12916666666666668 0.6275000000000001 0.12666666666666665 0.6225 0.11583333333333332 0.6212500000000001 0.10916666666666666 0.613125 0.10916666666666666 0.60875 0.10333333333333332 0.6 0.1025 0.5800000000000001 0.09083333333333334 0.575625 0.08583333333333333 0.571875 0.08416666666666667 0.56625 0.07833333333333334 0.56375 0.065 0.5643750000000001 0.06333333333333332 0.5625 0.0675 0.560625 0.06416666666666666 0.5587500000000001 0.06083333333333333 0.56 0.06 0.565625 0.043333333333333335 0.5675000000000001 0.03916666666666667 0.565625 0.034999999999999996 0.568125 0.020833333333333336 0.5650000000000001 0.008333333333333333 0.5700000000000001 0.003333333333333333 0.5743750000000001 0.009166666666666667 0.58375 0.005 0.5893750000000001
0 0.05390625 0.553125 0.0015625 0.00078125
0 0.18166666666666667 0.5525 0.1825 0.55 0.17833333333333332 0.548125 0.17583333333333334 0.55 0.18166666666666667 0.5525
0 0.056666666666666664 0.5068750000000001 0.06083333333333333 0.5068750000000001 0.06166666666666667 0.519375 0.0675 0.525 0.0725 0.524375 0.08499999999999999 0.5331250000000001 0.0875 0.548125 0.09166666666666666 0.5493750000000001 0.09666666666666666 0.54625 0.10416666666666667 0.548125 0.10916666666666666 0.555625 0.11166666666666666 0.5543750000000001 0.1125 0.5493750000000001 0.11583333333333332 0.550625 0.12083333333333332 0.5475000000000001 0.13333333333333333 0.550625 0.13833333333333334 0.5493750000000001 0.13999999999999999 0.5543750000000001 0.15083333333333332 0.545625 0.15416666666666667 0.546875 0.155 0.539375 0.1575 0.5375 0.16166666666666668 0.5387500000000001 0.1675 0.535 0.17833333333333332 0.545 0.18583333333333335 0.545 0.1925 0.539375 0.19749999999999998 0.54375 0.22999999999999998 0.540625 0.2375 0.544375 0.25166666666666665 0.545625 0.2558333333333333 0.54375 0.26166666666666666 0.5318750000000001 0.265 0.5337500000000001 0.27166666666666667 0.52875 0.2791666666666667 0.534375 0.2816666666666666 0.525625 0.2866666666666667 0.528125 0.2875 0.525 0.2833333333333333 0.5206250000000001 0.2841666666666667 0.515 0.29333333333333333 0.510625 0.2975 0.5018750000000001 0.2975 0.4912500000000001 0.29333333333333333 0.480625 0.2875 0.476875 0.28583333333333333 0.4625 0.28250000000000003 0.4625 0.2783333333333333 0.45875000000000005 0.27166666666666667 0.459375 0.2658333333333333 0.45625 0.25416666666666665 0.45687500000000003 0.24416666666666664 0.45375000000000004 0.21166666666666667 0.45499999999999996 0.21000000000000002 0.453125 0.20750000000000002 0.45499999999999996 0.18 0.45625 0.15416666666666667 0.45499999999999996 0.14333333333333334 0.458125 0.11833333333333333 0.45875000000000005 0.08583333333333333 0.46375 0.07416666666666667 0.46312500000000006 0.06166666666666667 0.46875 0.056666666666666664 0.46687500000000004 0.05333333333333333 0.47125000000000006 0.05083333333333333 0.49437500000000006 0.056666666666666664 0.5068750000000001
0 0.7833333333333333 0.681875 0.7808333333333334 0.6793750000000001 0.7758333333333333 0.6787500000000001 0.7758333333333333 0.6825 0.7833333333333333 0.681875
0 0.7474999999999999 0.6793750000000001 0.7467784552845529 0.6761280487804878 0.7408333333333333 0.6737500000000001 0.7375 0.68 0.7266666666666667 0.666875 0.7241666666666666 0.669375 0.7158333333333333 0.67 0.7075 0.6743750000000001 0.7066666666666667 0.6787500000000001 0.72 0.6837500000000001 0.7441666666666666 0.68125 0.7474999999999999 0.6793750000000001
0 0.7566666666666666 0.6681250000000001 0.755 0.66625 0.7491666666666666 0.6675000000000001 0.7516666666666667 0.669375 0.7566666666666666 0.6681250000000001
0 0.57109375 0.57109375 0.00078125 0.00078125
0 0.584375 0.56796875 0.00078125 0.00078125
0 0.5791666666666667 0.588125 0.5733333333333334 0.591875 0.5708333333333333 0.6 0.5741666666666666 0.615625 0.5775 0.62 0.5775 0.644375 0.5816666666666667 0.6575 0.5816666666666667 0.670625 0.585 0.675625 0.6158333333333333 0.675 0.6208333333333333 0.681875 0.6141666666666666 0.68875 0.6233333333333333 0.68875 0.6266666666666667 0.68625 0.6241666666666666 0.6787500000000001 0.6366666666666666 0.670625 0.6416666666666667 0.67 0.6466666666666667 0.67125 0.6433333333333333 0.675 0.6508333333333333 0.6787500000000001 0.6475 0.685625 0.6583333333333333 0.686875 0.6625 0.680625 0.6616666666666666 0.67125 0.6641666666666667 0.66875 0.6691666666666667 0.669375 0.6708333333333333 0.666875 0.6733333333333333 0.669375 0.6766666666666666 0.6681250000000001 0.6799999999999999 0.670625 0.6775 0.675 0.6808333333333334 0.6875 0.69 0.6837500000000001 0.7 0.6831250000000001 0.7041666666666667 0.68125 0.705 0.678125 0.6983333333333334 0.678125 0.6983333333333334 0.675625 0.6908333333333333 0.66875 0.6908333333333333 0.6637500000000001 0.7008333333333333 0.661875 0.7091666666666667 0.6631250000000001 0.7133333333333333 0.65625 0.7224999999999999 0.6568750000000001 0.7266666666666667 0.66 0.7375 0.6568750000000001 0.7408333333333333 0.6612500000000001 0.7466666666666667 0.6568750000000001 0.755 0.6612500000000001 0.7583333333333333 0.65625 0.7666666666666667 0.6587500000000001 0.7691666666666667 0.661875 0.7683333333333333 0.6581250000000001 0.7725 0.654375 0.7758333333333333 0.654375 0.7783333333333333 0.655625 0.7791666666666667 0.6612500000000001 0.7849999999999999 0.6612500000000001 0.7841666666666667 0.654375 0.7791666666666667 0.650625 0.7808333333333334 0.6456250000000001 0.7891666666666667 0.63875 0.7858333333333334 0.625 0.7899999999999999 0.61875 0.7908333333333333 0.6050000000000001 0.7891666666666667 0.6012500000000001 0.7841666666666667 0.599375 0.7849999999999999 0.59375 0.7825 0.591875 0.7875 0.588125 0.7875 0.5806250000000001 0.7858333333333334 0.576875 0.7741666666666667 0.578125 0.7691666666666667 0.5737500000000001 0.7725 0.570625 0.7725 0.56625 0.7775 0.56375 0.7766666666666666 0.560625 0.7825 0.56375 0.7891666666666667 0.561875 0.7866666666666666 0.555625 0.7791666666666667 0.556875 0.7741666666666667 0.5625 0.7708333333333333 0.5631250000000001 0.7583333333333333 0.5581250000000001 0.7516666666666667 0.56 0.6991666666666666 0.559375 0.6908333333333333 0.560625 0.6858333333333333 0.56375 0.6775 0.56375 0.675 0.561875 0.6683333333333333 0.5625 0.6625 0.565625 0.6466666666666667 0.56375 0.63 0.56625 0.6233333333333333 0.570625 0.6083333333333333 0.5675000000000001 0.6058333333333333 0.5693750000000001 0.5983333333333334 0.5693750000000001 0.5916666666666667 0.5743750000000001 0.58 0.571875 0.5775 0.5675000000000001 0.5741666666666666 0.5725 0.575 0.58125 0.5791666666666667 0.588125
0 0.18833333333333332 0.5825 0.18916666666666665 0.5800000000000001 0.18666666666666668 0.579375 0.185 0.581875 0.18833333333333332 0.5825
0 0.22333333333333333 0.5700000000000001 0.225 0.5675000000000001 0.2225 0.5675000000000001 0.22333333333333333 0.5700000000000001
0 0.21666666666666665 0.5725 0.21749999999999997 0.5675000000000001 0.215 0.5675000000000001 0.21666666666666665 0.5725
0 0.2841666666666667 0.568125 0.2783333333333333 0.566875 0.2808333333333333 0.56875 0.2841666666666667 0.568125
0 0.22265625 0.55625 0.00078125 0.00078125
0 0.21749999999999997 0.5575 0.21666666666666665 0.5537500000000001 0.21416666666666667 0.553125 0.21166666666666667 0.5537500000000001 0.21749999999999997 0.5575
0 0.13 0.55625 0.1325 0.5537500000000001 0.12916666666666668 0.5525 0.1275 0.5537500000000001 0.13 0.55625
0 0.20249999999999999 0.553125 0.2033333333333333 0.555625 0.20833333333333334 0.555 0.20916666666666667 0.55 0.20750000000000002 0.5525 0.20249999999999999 0.553125
0 0.10500000000000001 0.570625 0.11000000000000001 0.571875 0.1125 0.5787500000000001 0.10500000000000001 0.590625 0.10666666666666666 0.601875 0.11333333333333333 0.6056250000000001 0.11666666666666667 0.6162500000000001 0.12916666666666668 0.62625 0.13333333333333333 0.63875 0.14333333333333334 0.6431250000000001 0.1525 0.641875 0.16499999999999998 0.6362500000000001 0.175 0.638125 0.19 0.6375 0.20249999999999999 0.640625 0.21333333333333332 0.6362500000000001 0.22000000000000003 0.6375 0.23333333333333334 0.634375 0.265 0.634375 0.2758333333333333 0.6268750000000001 0.2791666666666667 0.62875 0.2875 0.6268750000000001 0.3 0.629375 0.30666666666666664 0.6256250000000001 0.31 0.6143750000000001 0.31416666666666665 0.61375 0.3158333333333333 0.60875 0.32416666666666666 0.608125 0.3275 0.6056250000000001 0.31916666666666665 0.595 0.3175 0.588125 0.31 0.58625 0.30833333333333335 0.58375 0.31083333333333335 0.58125 0.30666666666666664 0.5800000000000001 0.28250000000000003 0.5800000000000001 0.27999999999999997 0.5825 0.2733333333333333 0.58125 0.26916666666666667 0.581875 0.2683333333333333 0.5856250000000001 0.2633333333333333 0.58375 0.25833333333333336 0.57625 0.25083333333333335 0.5725 0.25083333333333335 0.5675000000000001 0.23916666666666667 0.56625 0.2308333333333333 0.5675000000000001 0.2341666666666667 0.57625 0.2308333333333333 0.5775 0.22666666666666666 0.5743750000000001 0.225 0.575625 0.22416666666666668 0.58125 0.22833333333333333 0.5856250000000001 0.22083333333333335 0.586875 0.21749999999999997 0.5850000000000001 0.21749999999999997 0.5806250000000001 0.2125 0.5800000000000001 0.2058333333333333 0.575 0.21000000000000002 0.571875 0.21000000000000002 0.56875 0.19166666666666668 0.57125 0.18916666666666665 0.56875 0.18166666666666667 0.5700000000000001 0.17166666666666666 0.5675000000000001 0.1575 0.57125 0.15416666666666667 0.560625 0.13333333333333333 0.5581250000000001 0.13 0.5581250000000001 0.12583333333333332 0.5650000000000001 0.12166666666666666 0.56625 0.11916666666666667 0.56375 0.12083333333333332 0.560625 0.11583333333333332 0.555 0.11083333333333334 0.555 0.10583333333333333 0.55 0.1 0.5525 0.10583333333333333 0.566875 0.10500000000000001 0.570625
0 0.30166666666666664 0.47625 0.30333333333333334 0.50125 0.31333333333333335 0.503125 0.32 0.50875 0.3175 0.529375 0.32166666666666666 0.535625 0.3225 0.5525 0.3358333333333333 0.559375 0.34833333333333333 0.559375 0.35 0.56625 0.3591666666666667 0.5743750000000001 0.35583333333333333 0.5800000000000001 0.35083333333333333 0.58125 0.3408333333333333 0.579375 0.3383333333333333 0.58375 0.3416666666666667 0.5831250000000001 0.35083333333333333 0.588125 0.3591666666666667 0.5893750000000001 0.36916666666666664 0.579375 0.37583333333333335 0.58125 0.37916666666666665 0.5856250000000001 0.39666666666666667 0.58625 0.3975 0.5825 0.39249999999999996 0.58375 0.3908333333333333 0.579375 0.3975 0.571875 0.40750000000000003 0.571875 0.4166666666666667 0.575625 0.4216666666666667 0.573125 0.425 0.575625 0.43666666666666665 0.57625 0.44833333333333336 0.561875 0.4525 0.560625 0.4508333333333333 0.556875 0.45583333333333337 0.555 0.45916666666666667 0.556875 0.45916666666666667 0.56125 0.45166666666666666 0.566875 0.4508333333333333 0.570625 0.4666666666666667 0.575625 0.47000000000000003 0.5725 0.48083333333333333 0.5737500000000001 0.4841666666666667 0.57125 0.49083333333333334 0.57125 0.5008333333333332 0.575 0.515 0.566875 0.5183333333333333 0.57125 0.5241666666666667 0.5693750000000001 0.5233333333333333 0.56625 0.5291666666666667 0.5700000000000001 0.5291666666666667 0.5675000000000001 0.52 0.5631250000000001 0.52 0.5518750000000001 0.5241666666666667 0.5493750000000001 0.5325 0.55 0.5375 0.545 0.5425 0.544375 0.545 0.541875 0.5416666666666667 0.52375 0.5425 0.5118750000000001 0.5358333333333334 0.491875 0.5383333333333333 0.48812500000000003 0.5383333333333333 0.4800000000000001 0.5341666666666667 0.46312500000000006 0.5349999999999999 0.45125000000000004 0.5291666666666667 0.43812500000000004 0.52 0.436875 0.5141666666666667 0.433125 0.49000000000000005 0.43562500000000004 0.48666666666666664 0.43937499999999996 0.48166666666666663 0.4375 0.4291666666666667 0.43937499999999996 0.41833333333333333 0.436875 0.40083333333333326 0.43812500000000004 0.39166666666666666 0.44125000000000003 0.3625 0.440625 0.3491666666666667 0.45062500000000005 0.345 0.45062500000000005 0.33916666666666667 0.445625 0.32 0.445625 0.315 0.45187499999999997 0.30666666666666664 0.453125 0.30166666666666664 0.459375 0.2991666666666667 0.47437500000000005 0.30166666666666664 0.47625
0 0.3466666666666667 0.436875 0.3458333333333333 0.43937499999999996 0.3433333333333333 0.43875000000000003 0.345 0.44625000000000004 0.34750000000000003 0.434375 0.3458333333333333 0.43187500000000006 0.3441666666666666 0.433125 0.3433333333333333 0.43500000000000005 0.3466666666666667 0.436875
0 0.3828125 0.43203125 0.00078125 0.0015625
0 0.22000000000000003 0.740625 0.21833333333333332 0.74 0.21583333333333332 0.7412500000000001 0.22000000000000003 0.740625
0 0.13999999999999999 0.6587500000000001 0.14833333333333334 0.669375 0.14916666666666667 0.68875 0.15583333333333332 0.6925000000000001 0.1575 0.7025 0.1725 0.71125 0.17333333333333334 0.721875 0.17583333333333334 0.725 0.1925 0.7237500000000001 0.20166666666666666 0.726875 0.21333333333333332 0.725 0.22416666666666668 0.726875 0.2425 0.7225 0.2658333333333333 0.721875 0.26916666666666667 0.724375 0.2758333333333333 0.7225 0.2975 0.723125 0.3058333333333333 0.7206250000000001 0.31083333333333335 0.7237500000000001 0.3275 0.7206250000000001 0.335 0.7212500000000001 0.3441666666666666 0.718125 0.3591666666666667 0.718125 0.3625 0.72 0.365 0.716875 0.355 0.6637500000000001 0.3433333333333333 0.65625 0.34249999999999997 0.6425000000000001 0.33333333333333337 0.629375 0.3275 0.628125 0.32416666666666666 0.63125 0.3175 0.6268750000000001 0.30666666666666664 0.630625 0.2991666666666667 0.6300000000000001 0.29333333333333333 0.6318750000000001 0.29 0.6300000000000001 0.2791666666666667 0.6300000000000001 0.2683333333333333 0.63375 0.25833333333333336 0.6318750000000001 0.2533333333333333 0.633125 0.2475 0.6300000000000001 0.24 0.6300000000000001 0.22999999999999998 0.633125 0.22666666666666666 0.6375 0.21666666666666665 0.635625 0.21333333333333332 0.6375 0.18333333333333332 0.635625 0.1625 0.6425000000000001 0.145 0.6431250000000001 0.14250000000000002 0.64625 0.14416666666666667 0.650625 0.13999999999999999 0.6587500000000001
0 0.2558333333333333 0.675 0.25916666666666666 0.671875 0.25833333333333336 0.6681250000000001 0.25416666666666665 0.671875 0.2533333333333333 0.675 0.2558333333333333 0.675
0 0.2046875 0.66484375 0.003125 0.00078125
0 0.2725 0.665 0.27166666666666667 0.6637500000000001 0.27 0.665 0.2725 0.665
0 0.23666666666666666 0.664375 0.23333333333333334 0.6637500000000001 0.23333333333333334 0.665625 0.23666666666666666 0.664375
0 0.17833333333333332 0.7193750000000001 0.18083333333333335 0.72 0.17833333333333332 0.724375 0.18083333333333335 0.7375 0.19166666666666668 0.740625 0.19083333333333333 0.76 0.19666666666666666 0.7675000000000001 0.19916666666666666 0.779375 0.20750000000000002 0.785 0.20833333333333334 0.7975000000000001 0.22333333333333333 0.796875 0.22999999999999998 0.7931250000000001 0.255 0.79625 0.2683333333333333 0.79375 0.2758333333333333 0.79625 0.27999999999999997 0.7931250000000001 0.29166666666666663 0.79625 0.31 0.79375 0.35 0.79375 0.38666666666666666 0.789375 0.3875 0.784375 0.38249999999999995 0.775 0.38416666666666666 0.7662500000000001 0.3808333333333333 0.75375 0.38333333333333336 0.740625 0.3725 0.7325 0.37 0.71625 0.36583333333333334 0.7100000000000001 0.36583333333333334 0.6993750000000001 0.3591666666666667 0.6950000000000001 0.35833333333333334 0.684375 0.355 0.681875 0.355 0.675 0.35 0.66875 0.34833333333333333 0.66 0.3283333333333333 0.660625 0.3225 0.669375 0.31916666666666665 0.6681250000000001 0.3375 0.6831250000000001 0.33249999999999996 0.690625 0.3225 0.69125 0.3175 0.6875 0.31416666666666665 0.6900000000000001 0.3075 0.6875 0.29833333333333334 0.6881250000000001 0.2925 0.6837500000000001 0.28583333333333333 0.6837500000000001 0.2783333333333333 0.68875 0.2725 0.684375 0.26166666666666666 0.68125 0.255 0.6837500000000001 0.25166666666666665 0.681875 0.23833333333333334 0.684375 0.22999999999999998 0.6831250000000001 0.21833333333333332 0.685 0.21666666666666665 0.6893750000000001 0.2225 0.690625 0.22666666666666666 0.695625 0.23833333333333334 0.698125 0.23833333333333334 0.700625 0.21666666666666665 0.7056250000000001 0.21166666666666667 0.713125 0.2058333333333333 0.713125 0.20249999999999999 0.715625 0.19916666666666666 0.7125 0.1925 0.7125 0.19 0.7106250000000001 0.19166666666666668 0.70625 0.18416666666666665 0.70625 0.185 0.716875 0.17833333333333332 0.7193750000000001
0 0.2966666666666667 0.6681250000000001 0.3 0.6725000000000001 0.31 0.67125 0.3158333333333333 0.665625 0.31333333333333335 0.661875 0.3075 0.66 0.28833333333333333 0.6631250000000001 0.2891666666666667 0.67125 0.2966666666666667 0.6681250000000001
0 0.7291666666666667 0.32625000000000004 0.735 0.32625000000000004 0.7375 0.324375 0.735 0.316875 0.73 0.3175 0.7274999999999999 0.32062500000000005 0.7266666666666667 0.324375 0.7291666666666667 0.32625000000000004
0 0.5416666666666667 0.28937500000000005 0.5491666666666666 0.2975 0.5599999999999999 0.30125 0.5741666666666666 0.314375 0.5825 0.313125 0.5916666666666667 0.30562500000000004 0.5991666666666666 0.306875 0.5991666666666666 0.3 0.6025 0.29812500000000003 0.6091666666666666 0.3 0.6174999999999999 0.31062500000000004 0.625 0.311875 0.63 0.31062500000000004 0.6366666666666666 0.303125 0.64 0.30375 0.6433333333333333 0.30125 0.6525 0.306875 0.6666666666666667 0.30875 0.6891666666666667 0.30625 0.6916666666666667 0.31375000000000003 0.6958333333333333 0.313125 0.6991666666666666 0.30500000000000005 0.7083333333333333 0.306875 0.7133333333333333 0.31125 0.72 0.31 0.725 0.31375000000000003 0.7325 0.31062500000000004 0.7258333333333333 0.306875 0.7375 0.30250000000000005 0.7474999999999999 0.303125 0.7541666666666667 0.31062500000000004 0.7725 0.309375 0.7775 0.304375 0.7875 0.30062500000000003 0.7941666666666667 0.30062500000000003 0.7941666666666667 0.27937500000000004 0.8025 0.26875 0.8133333333333332 0.265625 0.805 0.23625000000000002 0.7966666666666666 0.23374999999999999 0.7833333333333333 0.23562500000000003 0.7775 0.23312500000000003 0.755 0.234375 0.7474999999999999 0.23125 0.7283333333333333 0.23500000000000001 0.72 0.23312500000000003 0.7008333333333333 0.23312500000000003 0.6666666666666667 0.236875 0.6383333333333333 0.23500000000000001 0.6191666666666666 0.23000000000000004 0.6141666666666666 0.2325 0.6116666666666666 0.238125 0.6041666666666667 0.236875 0.5900000000000001 0.23937500000000003 0.5783333333333334 0.236875 0.5741666666666666 0.23875000000000002 0.5725 0.23562500000000003 0.5675 0.23374999999999999 0.5650000000000001 0.2375 0.5658333333333333 0.241875 0.5575 0.24000000000000005 0.5483333333333333 0.24250000000000002 0.5325 0.24875000000000003 0.5291666666666667 0.25375000000000003 0.5291666666666667 0.28625 0.5416666666666667 0.28937500000000005
0 0.2484375 0.7921875 0.00234375 0.0015625
0 0.303125 0.7921875 0.00078125 0.0015625
0 0.22833333333333333 0.7881250000000001 0.23166666666666663 0.789375 0.22999999999999998 0.7875 0.22666666666666666 0.7881250000000001 0.22666666666666666 0.79 0.22833333333333333 0.7881250000000001
0 0.2234375 0.78671875 0.00078125 0.00078125
0 0.3675 0.7862500000000001 0.36583333333333334 0.785 0.365 0.7862500000000001 0.3675 0.7862500000000001
0 0.34921875 0.7828125 0.0015625 0.00078125
0 0.36333333333333334 0.7831250000000001 0.3625 0.780625 0.3591666666666667 0.78125 0.35833333333333334 0.7837500000000001 0.36333333333333334 0.7831250000000001
0 0.35234375 0.77890625 0.00078125 0.003125
0 0.22666666666666666 0.7768750000000001 0.22583333333333333 0.779375 0.23500000000000001 0.779375 0.23166666666666663 0.7768750000000001 0.23166666666666663 0.7706250000000001 0.22916666666666666 0.7706250000000001 0.2308333333333333 0.7662500000000001 0.22666666666666666 0.771875 0.2308333333333333 0.775625 0.22666666666666666 0.7768750000000001
0 0.20916666666666667 0.7825 0.21000000000000002 0.7875 0.21416666666666667 0.7862500000000001 0.21000000000000002 0.7818750000000001 0.21416666666666667 0.771875 0.20916666666666667 0.7681250000000001 0.2058333333333333 0.7681250000000001 0.2033333333333333 0.7618750000000001 0.19583333333333333 0.7618750000000001 0.19833333333333333 0.765625 0.19333333333333333 0.7725000000000001 0.19416666666666665 0.7825 0.20916666666666667 0.7825
0 0.2375 0.760625 0.24833333333333335 0.758125 0.24666666666666667 0.77125 0.24833333333333335 0.7731250000000001 0.2525 0.7725000000000001 0.2558333333333333 0.779375 0.2558333333333333 0.7831250000000001 0.24916666666666668 0.7862500000000001 0.25666666666666665 0.790625 0.27083333333333337 0.789375 0.2725 0.7825 0.27999999999999997 0.784375 0.2791666666666667 0.7862500000000001 0.28250000000000003 0.7875 0.29333333333333333 0.7875 0.29583333333333334 0.79 0.3 0.786875 0.30666666666666664 0.789375 0.32416666666666666 0.786875 0.3275 0.7881250000000001 0.32333333333333336 0.7931250000000001 0.3283333333333333 0.790625 0.33666666666666667 0.7931250000000001 0.33249999999999996 0.789375 0.3383333333333333 0.786875 0.3383333333333333 0.779375 0.3433333333333333 0.774375 0.35333333333333333 0.775 0.3591666666666667 0.771875 0.36583333333333334 0.77375 0.3683333333333333 0.77125 0.375 0.7725000000000001 0.3808333333333333 0.769375 0.3783333333333333 0.7618750000000001 0.3725 0.763125 0.365 0.7612500000000001 0.3625 0.765 0.3591666666666667 0.765 0.3491666666666667 0.7550000000000001 0.3441666666666666 0.755625 0.3416666666666667 0.759375 0.3383333333333333 0.75625 0.33333333333333337 0.76375 0.325 0.75625 0.31916666666666665 0.754375 0.3175 0.75875 0.3091666666666667 0.765 0.30333333333333334 0.765 0.30166666666666664 0.7550000000000001 0.2991666666666667 0.754375 0.29333333333333333 0.7618750000000001 0.29416666666666663 0.765625 0.2891666666666667 0.765 0.28583333333333333 0.766875 0.2758333333333333 0.76 0.27083333333333337 0.760625 0.265 0.765625 0.26083333333333336 0.765 0.25833333333333336 0.7575000000000001 0.2533333333333333 0.75625 0.24500000000000002 0.746875 0.23583333333333334 0.7525000000000001 0.23500000000000001 0.75875 0.2375 0.760625
0 0.35234375 0.7453125 0.00078125 0.0015625
0 0.11916666666666667 0.5962500000000001 0.11666666666666667 0.5925 0.11583333333333332 0.5956250000000001 0.11916666666666667 0.5962500000000001
0 0.13333333333333333 0.5925 0.12833333333333333 0.586875 0.12250000000000001 0.586875 0.12083333333333332 0.5925 0.13333333333333333 0.5925
0 0.11583333333333332 0.58875 0.12333333333333334 0.58375 0.13333333333333333 0.584375 0.13666666666666666 0.578125 0.14750000000000002 0.578125 0.14166666666666666 0.5775 0.135 0.5737500000000001 0.12250000000000001 0.5743750000000001 0.11916666666666667 0.5787500000000001 0.1125 0.581875 0.11083333333333334 0.586875 0.11583333333333332 0.58875
0 0.14833333333333334 0.579375 0.14833333333333334 0.5825 0.15583333333333332 0.58625 0.15583333333333332 0.595 0.14666666666666667 0.5962500000000001 0.14333333333333334 0.59375 0.13999999999999999 0.598125 0.12166666666666666 0.598125 0.11583333333333332 0.6012500000000001 0.11583333333333332 0.6056250000000001 0.12083333333333332 0.608125 0.12083333333333332 0.6125 0.12416666666666668 0.6162500000000001 0.13416666666666666 0.6175 0.1325 0.623125 0.13583333333333333 0.633125 0.1408333333333333 0.633125 0.1375 0.64875 0.14250000000000002 0.65375 0.14250000000000002 0.66625 0.14750000000000002 0.670625 0.14416666666666667 0.6775 0.14333333333333334 0.6881250000000001 0.14666666666666667 0.695625 0.155 0.7037500000000001 0.15666666666666668 0.7100000000000001 0.16499999999999998 0.713125 0.16999999999999998 0.7306250000000001 0.17583333333333334 0.73125 0.18166666666666667 0.72875 0.18583333333333335 0.7306250000000001 0.1825 0.738125 0.18 0.7362500000000001 0.17666666666666667 0.7368750000000001 0.175 0.7412500000000001 0.1775 0.74375 0.18583333333333335 0.7475 0.19 0.7518750000000001 0.1925 0.7518750000000001 0.2 0.744375 0.20249999999999999 0.735625 0.2125 0.745 0.22416666666666668 0.745 0.22666666666666666 0.7412500000000001 0.2341666666666667 0.744375 0.24333333333333332 0.74375 0.2475 0.7412500000000001 0.24666666666666667 0.7350000000000001 0.25166666666666665 0.734375 0.25083333333333335 0.7306250000000001 0.255 0.7306250000000001 0.25416666666666665 0.726875 0.2633333333333333 0.7237500000000001 0.27666666666666667 0.725 0.28500000000000003 0.735625 0.29333333333333333 0.735625 0.29833333333333334 0.724375 0.30333333333333334 0.72 0.3125 0.7262500000000001 0.32083333333333336 0.7275 0.32416666666666666 0.725 0.3283333333333333 0.726875 0.3275 0.723125 0.335 0.726875 0.3416666666666667 0.726875 0.345 0.7237500000000001 0.35333333333333333 0.7225 0.35583333333333333 0.7275 0.36 0.729375 0.35666666666666663 0.73375 0.36666666666666664 0.73375 0.36916666666666664 0.73125 0.36666666666666664 0.728125 0.36916666666666664 0.7275 0.36583333333333334 0.7262500000000001 0.36583333333333334 0.7125 0.3625 0.706875 0.35666666666666663 0.703125 0.3591666666666667 0.6993750000000001 0.35833333333333334 0.691875 0.35333333333333333 0.6737500000000001 0.3416666666666667 0.664375 0.3416666666666667 0.6431250000000001 0.335 0.62875 0.32 0.6162500000000001 0.3283333333333333 0.60625 0.3275 0.5956250000000001 0.3225 0.586875 0.30833333333333335 0.578125 0.3058333333333333 0.570625 0.29500000000000004 0.5675000000000001 0.2891666666666667 0.568125 0.2791666666666667 0.5643750000000001 0.26416666666666666 0.5643750000000001 0.2558333333333333 0.5693750000000001 0.25166666666666665 0.566875 0.22333333333333333 0.565625 0.19083333333333333 0.568125 0.18583333333333335 0.570625 0.17083333333333334 0.56875 0.16 0.5700000000000001 0.15583333333333332 0.5725 0.1525 0.578125 0.14833333333333334 0.579375
0 0.3516666666666667 0.6318750000000001 0.35083333333333333 0.64625 0.3516666666666667 0.64875 0.35833333333333334 0.6518750000000001 0.36666666666666664 0.65125 0.37666666666666665 0.645 0.38333333333333336 0.645 0.3875 0.6475000000000001 0.4058333333333334 0.6475000000000001 0.4375 0.6425000000000001 0.4608333333333333 0.641875 0.48 0.6362500000000001 0.4875 0.6368750000000001 0.4958333333333333 0.6325000000000001 0.5041666666666667 0.633125 0.5075000000000001 0.630625 0.5266666666666666 0.634375 0.5325 0.633125 0.5366666666666666 0.629375 0.54 0.634375 0.5466666666666666 0.635625 0.5508333333333333 0.63375 0.5541666666666667 0.62625 0.5525 0.623125 0.5566666666666666 0.621875 0.5583333333333333 0.61375 0.5575 0.601875 0.5533333333333333 0.595 0.505 0.5943750000000001 0.49416666666666664 0.590625 0.4875 0.590625 0.4791666666666667 0.5956250000000001 0.46333333333333326 0.598125 0.45 0.5962500000000001 0.43583333333333335 0.598125 0.42833333333333334 0.5943750000000001 0.4225 0.599375 0.41 0.6006250000000001 0.3983333333333333 0.604375 0.3716666666666667 0.60375 0.35083333333333333 0.60875 0.34833333333333333 0.6225 0.3516666666666667 0.6318750000000001
0 0.62 0.71375 0.6191666666666666 0.7125 0.6174999999999999 0.713125 0.62 0.71375
0 0.5841666666666667 0.6775 0.585 0.6875 0.5916666666666667 0.693125 0.6008333333333333 0.696875 0.6258333333333332 0.698125 0.6599999999999999 0.69375 0.715 0.693125 0.7383333333333333 0.6893750000000001 0.75 0.6837500000000001 0.7558333333333334 0.684375 0.7649999999999999 0.681875 0.7725 0.6881250000000001 0.7858333333333334 0.6825 0.7841666666666667 0.664375 0.7866666666666666 0.655625 0.7825 0.6456250000000001 0.7633333333333333 0.6456250000000001 0.7474999999999999 0.6425000000000001 0.7366666666666666 0.644375 0.7308333333333333 0.641875 0.7166666666666667 0.64375 0.7 0.641875 0.6966666666666667 0.64 0.6966666666666667 0.634375 0.6916666666666667 0.6375 0.6891666666666667 0.63125 0.6816666666666666 0.6318750000000001 0.6758333333333333 0.635 0.6716666666666666 0.6318750000000001 0.6666666666666667 0.633125 0.6649999999999999 0.635625 0.6608333333333334 0.6325000000000001 0.6575 0.635 0.6533333333333333 0.633125 0.6416666666666667 0.63375 0.64 0.635625 0.6333333333333333 0.63375 0.5991666666666666 0.6362500000000001 0.595 0.638125 0.5891666666666666 0.6368750000000001 0.5808333333333333 0.641875 0.5808333333333333 0.671875 0.5841666666666667 0.6775
0 0.7725 0.6318750000000001 0.7741666666666667 0.6300000000000001 0.7716666666666667 0.62875 0.77 0.6300000000000001 0.7725 0.6318750000000001
0 0.13416666666666666 0.608125 0.13333333333333333 0.6125 0.12833333333333333 0.6125 0.13416666666666666 0.613125 0.135 0.615 0.13333333333333333 0.6362500000000001 0.1375 0.641875 0.14750000000000002 0.6431250000000001 0.15333333333333332 0.6475000000000001 0.15916666666666665 0.6475000000000001 0.16333333333333333 0.6431250000000001 0.175 0.6412500000000001 0.2033333333333333 0.6431250000000001 0.22666666666666666 0.63875 0.255 0.6375 0.265 0.64 0.26916666666666667 0.6362500000000001 0.27666666666666667 0.635 0.33166666666666667 0.6362500000000001 0.3383333333333333 0.630625 0.3358333333333333 0.6162500000000001 0.3283333333333333 0.609375 0.32416666666666666 0.5943750000000001 0.3075 0.5962500000000001 0.3025 0.590625 0.2841666666666667 0.590625 0.27666666666666667 0.598125 0.27 0.5975 0.26416666666666666 0.59375 0.2475 0.59375 0.24083333333333332 0.5962500000000001 0.23333333333333334 0.5956250000000001 0.22583333333333333 0.599375 0.21666666666666665 0.5987500000000001 0.20666666666666664 0.603125 0.19166666666666668 0.599375 0.17916666666666667 0.6050000000000001 0.16499999999999998 0.60375 0.15416666666666667 0.598125 0.14333333333333334 0.6012500000000001 0.14166666666666666 0.60625 0.13416666666666666 0.608125
0 0.36583333333333334 0.675 0.36583333333333334 0.6893750000000001 0.37583333333333335 0.6987500000000001 0.37583333333333335 0.724375 0.3783333333333333 0.73125 0.38583333333333336 0.735625 0.3875 0.74 0.38666666666666666 0.765 0.39 0.769375 0.3975 0.7725000000000001 0.39499999999999996 0.7837500000000001 0.39666666666666667 0.7875 0.41500000000000004 0.7887500000000001 0.43166666666666664 0.7862500000000001 0.43583333333333335 0.7837500000000001 0.4583333333333333 0.785 0.5133333333333333 0.7831250000000001 0.5408333333333333 0.78 0.5716666666666667 0.779375 0.5775 0.77625 0.5741666666666666 0.72875 0.5675 0.68 0.5625 0.6637500000000001 0.5483333333333333 0.6625 0.5216666666666667 0.6637500000000001 0.5091666666666667 0.66625 0.48 0.6637500000000001 0.47333333333333333 0.66625 0.4533333333333333 0.66625 0.4216666666666667 0.67125 0.41083333333333333 0.67125 0.4033333333333333 0.6737500000000001 0.38 0.67125 0.37333333333333335 0.675 0.36583333333333334 0.675
0 0.40750000000000003 0.7412500000000001 0.4058333333333334 0.740625 0.4041666666666667 0.7412500000000001 0.40750000000000003 0.7412500000000001
0 0.5291666666666667 0.740625 0.5358333333333334 0.740625 0.5341666666666667 0.7362500000000001 0.5366666666666666 0.734375 0.5325 0.733125 0.5349999999999999 0.73875 0.5291666666666667 0.740625
0 0.37083333333333335 0.6993750000000001 0.3725 0.7100000000000001 0.3775 0.713125 0.37666666666666665 0.724375 0.38 0.73125 0.4091666666666667 0.7306250000000001 0.4225 0.7275 0.4166666666666667 0.723125 0.42416666666666664 0.71875 0.42666666666666664 0.7212500000000001 0.42750000000000005 0.7175 0.4333333333333333 0.7206250000000001 0.4325 0.71875 0.4408333333333333 0.7125 0.45583333333333337 0.7125 0.4575 0.71625 0.4625 0.7175 0.47000000000000003 0.716875 0.4841666666666667 0.71125 0.4875 0.71375 0.49416666666666664 0.71125 0.5083333333333333 0.713125 0.5116666666666666 0.716875 0.5191666666666667 0.7175 0.5225 0.715625 0.5266666666666666 0.7175 0.5291666666666667 0.715625 0.5375 0.715625 0.54 0.7175 0.5433333333333333 0.715625 0.5466666666666666 0.7175 0.5491666666666666 0.713125 0.5541666666666667 0.711875 0.5558333333333334 0.71625 0.5608333333333333 0.7175 0.5691666666666666 0.6987500000000001 0.5641666666666667 0.6631250000000001 0.5533333333333333 0.660625 0.545 0.661875 0.5425 0.6568750000000001 0.5366666666666666 0.661875 0.5275000000000001 0.6575 0.5208333333333333 0.6575 0.5183333333333333 0.6612500000000001 0.5125 0.6625 0.49833333333333335 0.6581250000000001 0.49416666666666664 0.660625 0.48916666666666664 0.660625 0.48083333333333333 0.65625 0.4766666666666667 0.6581250000000001 0.4666666666666667 0.6568750000000001 0.4616666666666666 0.660625 0.4525 0.6612500000000001 0.44666666666666666 0.665625 0.43 0.666875 0.4216666666666667 0.67 0.38583333333333336 0.67 0.38333333333333336 0.664375 0.37583333333333335 0.6637500000000001 0.36916666666666664 0.6587500000000001 0.37083333333333335 0.6612500000000001 0.3675 0.661875 0.36583333333333334 0.6681250000000001 0.36583333333333334 0.6950000000000001 0.37083333333333335 0.6993750000000001
0 0.46333333333333326 0.645 0.47000000000000003 0.649375 0.48083333333333333 0.6456250000000001 0.47833333333333333 0.63875 0.4795175438596491 0.6381578947368421 0.4758333333333333 0.63875 0.47000000000000003 0.6368750000000001 0.46333333333333326 0.6425000000000001 0.4525 0.6412500000000001 0.44666666666666666 0.64375 0.4458333333333333 0.6475000000000001 0.4491666666666666 0.6431250000000001 0.45499999999999996 0.641875 0.4533333333333333 0.6475000000000001 0.46333333333333326 0.645
0 0 0.666875 0 0.685625 0.0025 0.6875 0 0.7306250000000001 0.011666666666666667 0.740625 0.009166666666666667 0.7550000000000001 0.018333333333333333 0.759375 0.019166666666666665 0.771875 0.03166666666666666 0.775625 0.030833333333333334 0.7862500000000001 0.03333333333333333 0.789375 0.07083333333333333 0.790625 0.1 0.7881250000000001 0.16083333333333333 0.7875 0.18416666666666665 0.7862500000000001 0.19333333333333333 0.7825 0.19333333333333333 0.7731250000000001 0.18666666666666668 0.765 0.18416666666666665 0.75375 0.17416666666666666 0.7375 0.175 0.73375 0.1675 0.71375 0.15666666666666668 0.7037500000000001 0.15416666666666667 0.6943750000000001 0.15 0.6925000000000001 0.14583333333333331 0.68625 0.14583333333333331 0.67625 0.13416666666666666 0.6637500000000001 0.12666666666666665 0.635 0.0975 0.63375 0.0925 0.635625 0.0675 0.6368750000000001 0.05333333333333333 0.635 0.04666666666666667 0.639375 0.021666666666666667 0.640625 0.015 0.64375 0.005 0.641875 0.003333333333333333 0.6475000000000001 0.0025 0.665 0 0.666875
0 0.45499999999999996 0.33125 0.44749999999999995 0.33062500000000006 0.4458333333333333 0.33125 0.45499999999999996 0.33125
0 0.34750000000000003 0.335625 0.345 0.33875 0.34833333333333333 0.33937500000000004 0.35083333333333333 0.324375 0.34750000000000003 0.325 0.345 0.33125 0.34750000000000003 0.335625
0 0.4041666666666667 0.32125000000000004 0.3983333333333333 0.32062500000000005 0.3975 0.321875 0.4041666666666667 0.32125000000000004
0 0.25083333333333335 0.31062500000000004 0.25916666666666666 0.31875 0.265 0.319375 0.2725 0.31500000000000006 0.27749999999999997 0.31625000000000003 0.2791666666666667 0.328125 0.29083333333333333 0.335625 0.29500000000000004 0.334375 0.29333333333333333 0.32125000000000004 0.2891666666666667 0.31500000000000006 0.2925 0.311875 0.31416666666666665 0.314375 0.32416666666666666 0.309375 0.32666666666666666 0.31062500000000004 0.325 0.31375000000000003 0.33166666666666667 0.315625 0.3383333333333333 0.31062500000000004 0.34750000000000003 0.313125 0.35083333333333333 0.31062500000000004 0.36 0.31062500000000004 0.3683333333333333 0.325625 0.37666666666666665 0.335 0.37666666666666665 0.338125 0.3783333333333333 0.33375000000000005 0.38666666666666666 0.33062500000000006 0.3908333333333333 0.33125 0.39583333333333337 0.3275 0.39499999999999996 0.325625 0.39 0.3275 0.3883333333333333 0.324375 0.39249999999999996 0.31812500000000005 0.39166666666666666 0.306875 0.40083333333333326 0.306875 0.4025 0.30250000000000005 0.4066666666666666 0.30375 0.4058333333333334 0.31062500000000004 0.4091666666666667 0.3225 0.4166666666666667 0.3275 0.425 0.328125 0.43583333333333335 0.324375 0.4508333333333333 0.325625 0.45666666666666667 0.321875 0.46333333333333326 0.321875 0.4691666666666666 0.324375 0.47333333333333333 0.3225 0.4766666666666667 0.315625 0.4716666666666667 0.30375 0.47750000000000004 0.30062500000000003 0.49083333333333334 0.301875 0.49833333333333335 0.29500000000000004 0.5016666666666667 0.296875 0.5033333333333333 0.293125 0.5091666666666667 0.29000000000000004 0.5116666666666666 0.28250000000000003 0.505 0.28125 0.5025000000000001 0.28625 0.49916666666666665 0.2875 0.49333333333333335 0.28687500000000005 0.4916666666666667 0.28250000000000003 0.4666666666666667 0.280625 0.45 0.288125 0.41833333333333333 0.28625 0.41083333333333333 0.288125 0.40083333333333326 0.28687500000000005 0.3975 0.28875 0.3875 0.2875 0.38 0.29000000000000004 0.3625 0.28937500000000005 0.3575 0.291875 0.345 0.29125 0.3416666666666667 0.29375 0.31666666666666665 0.29500000000000004 0.2966666666666667 0.30125 0.26083333333333336 0.30125 0.25166666666666665 0.3075 0.24666666666666667 0.3075 0.24583333333333335 0.31 0.25083333333333335 0.31062500000000004
0 0.4421875 0.27578125 0.00078125 0.00078125
0 0.49416666666666664 0.27 0.4958333333333333 0.26125000000000004 0.49333333333333335 0.260625 0.49000000000000005 0.2675 0.49416666666666664 0.27
0 0.459375 0.2515625 0.00078125 0.00078125
0 0.5041666666666667 0.25375000000000003 0.5125 0.251875 0.5116666666666666 0.24625000000000002 0.5091666666666667 0.248125 0.5033333333333333 0.248125 0.5016666666666667 0.25125000000000003 0.5041666666666667 0.25375000000000003
0 0.03 0.4425 0.0325 0.460625 0.03916666666666667 0.464375 0.04666666666666667 0.465625 0.10583333333333333 0.46125 0.11916666666666667 0.4575 0.13916666666666666 0.4575 0.1575 0.45437500000000003 0.2 0.45375000000000004 0.20916666666666667 0.45125000000000004 0.25833333333333336 0.45375000000000004 0.2725 0.45062500000000005 0.27749999999999997 0.44625000000000004 0.2758333333333333 0.42562500000000003 0.2725 0.415625 0.27666666666666667 0.40062500000000006 0.275 0.395 0.2575 0.3875 0.23916666666666667 0.39 0.22666666666666666 0.388125 0.205 0.38875000000000004 0.19 0.39375 0.17833333333333332 0.39187500000000003 0.1575 0.39187500000000003 0.1525 0.39375 0.13333333333333333 0.39125 0.1125 0.39625000000000005 0.10083333333333333 0.39437500000000003 0.08 0.396875 0.07416666666666667 0.39937500000000004 0.04833333333333333 0.39937500000000004 0.03666666666666667 0.4025 0.0325 0.41125 0.02583333333333333 0.409375 0.021666666666666667 0.4131250000000001 0.02 0.43375 0.03 0.4425
0 0.4091666666666667 0.38 0.4058333333333334 0.379375 0.4041666666666667 0.38062500000000005 0.4091666666666667 0.38
0 0.39 0.386875 0.3983333333333333 0.38 0.38916666666666666 0.379375 0.385 0.381875 0.38416666666666666 0.38312500000000005 0.39 0.386875
0 0.26166666666666666 0.32 0.2533333333333333 0.345625 0.26 0.355625 0.26083333333333336 0.379375 0.27416666666666667 0.3825 0.28583333333333333 0.389375 0.2925 0.388125 0.3 0.38125 0.315 0.38 0.3258333333333333 0.3825 0.3525 0.375 0.37333333333333335 0.37625000000000003 0.37666666666666665 0.38 0.3775 0.37625000000000003 0.38166666666666665 0.374375 0.4083333333333333 0.37375 0.41833333333333333 0.37750000000000006 0.42416666666666664 0.37125 0.4408333333333333 0.37062500000000004 0.45499999999999996 0.3725 0.4833333333333333 0.36875 0.5033333333333333 0.37062500000000004 0.5116666666666666 0.366875 0.5191666666666667 0.36625 0.5225 0.36312500000000003 0.5225 0.354375 0.5166666666666667 0.33625000000000005 0.5175 0.32062500000000005 0.515 0.316875 0.5108333333333334 0.3175 0.5125 0.30875 0.5058333333333334 0.29875 0.49749999999999994 0.30062500000000003 0.4875 0.29875 0.4833333333333333 0.30062500000000003 0.4791666666666667 0.2975 0.45999999999999996 0.29625 0.44333333333333336 0.30250000000000005 0.4325 0.30250000000000005 0.4258333333333333 0.3 0.39249999999999996 0.3 0.3725 0.30125 0.3591666666666667 0.304375 0.33666666666666667 0.30375 0.31416666666666665 0.31 0.27999999999999997 0.309375 0.27166666666666667 0.31375000000000003 0.25833333333333336 0.31375000000000003 0.26166666666666666 0.31625000000000003 0.26166666666666666 0.32
0 0.25833333333333336 0.655 0.25833333333333336 0.653125 0.2558333333333333 0.654375 0.25833333333333336 0.655
0 0.175 0.660625 0.17666666666666667 0.65125 0.16999999999999998 0.6525000000000001 0.16916666666666666 0.6581250000000001 0.175 0.660625
0 0.24500000000000002 0.655625 0.2475 0.65375 0.25416666666666665 0.65375 0.25166666666666665 0.640625 0.2425 0.6412500000000001 0.23666666666666666 0.64375 0.23666666666666666 0.6481250000000001 0.22749999999999998 0.650625 0.22333333333333333 0.646875 0.2125 0.646875 0.2125 0.655625 0.24500000000000002 0.655625
0 0.16166666666666668 0.685625 0.16083333333333333 0.696875 0.16999999999999998 0.7056250000000001 0.1725 0.7125 0.17166666666666666 0.72 0.17916666666666667 0.73375 0.17833333333333332 0.73875 0.18916666666666665 0.7475 0.19 0.75875 0.19666666666666666 0.7681250000000001 0.19916666666666666 0.7825 0.20416666666666666 0.7831250000000001 0.20750000000000002 0.7862500000000001 0.20666666666666664 0.796875 0.22416666666666668 0.7975000000000001 0.2325 0.794375 0.2575 0.796875 0.27666666666666667 0.79625 0.2791666666666667 0.794375 0.28250000000000003 0.79625 0.31083333333333335 0.79375 0.3375 0.794375 0.38666666666666666 0.789375 0.38666666666666666 0.785 0.38 0.77625 0.38333333333333336 0.77 0.3783333333333333 0.75125 0.38 0.7412500000000001 0.3716666666666667 0.734375 0.3683333333333333 0.70625 0.36666666666666664 0.6993750000000001 0.36 0.69375 0.3575 0.6743750000000001 0.3491666666666667 0.6587500000000001 0.3375 0.655625 0.3383333333333333 0.6518750000000001 0.3416666666666667 0.650625 0.3416666666666667 0.6456250000000001 0.32999999999999996 0.6362500000000001 0.3158333333333333 0.635 0.2991666666666667 0.6368750000000001 0.2966666666666667 0.6431250000000001 0.2891666666666667 0.639375 0.2791666666666667 0.63875 0.27666666666666667 0.641875 0.27 0.64375 0.26166666666666666 0.6587500000000001 0.2058333333333333 0.660625 0.2033333333333333 0.6575 0.20416666666666666 0.6525000000000001 0.19166666666666668 0.65 0.18666666666666668 0.65375 0.19 0.6612500000000001 0.18583333333333335 0.665 0.185 0.675 0.18166666666666667 0.6793750000000001 0.17833333333333332 0.6768750000000001 0.17833333333333332 0.671875 0.175 0.6675000000000001 0.16416666666666666 0.67 0.16083333333333333 0.6675000000000001 0.16083333333333333 0.67125 0.1575 0.6725000000000001 0.15666666666666668 0.681875 0.16166666666666668 0.685625
0 0.0675 0.5962500000000001 0.06583333333333333 0.59375 0.06416666666666666 0.595 0.0675 0.5962500000000001
0 0.043333333333333335 0.57625 0.042499999999999996 0.5775 0.042499999999999996 0.58625 0.043333333333333335 0.57625
0 0.003333333333333333 0.434375 0.003333333333333333 0.43875000000000003 0 0.44125000000000003 0 0.566875 0.0025 0.5675000000000001 0.0075 0.576875 0.005833333333333334 0.581875 0.008333333333333333 0.58625 0.005833333333333334 0.588125 0.0075 0.591875 0.006666666666666666 0.593125 0.015 0.590625 0.0225 0.5850000000000001 0.029166666666666667 0.588125 0.028333333333333332 0.5850000000000001 0.035833333333333335 0.58125 0.035833333333333335 0.57125 0.03833333333333333 0.5700000000000001 0.043333333333333335 0.573125 0.05083333333333333 0.5675000000000001 0.05583333333333333 0.570625 0.052500000000000005 0.58125 0.0675 0.581875 0.07166666666666667 0.570625 0.06833333333333333 0.5675000000000001 0.07416666666666667 0.566875 0.08499999999999999 0.56125 0.08416666666666667 0.556875 0.07916666666666666 0.5537500000000001 0.07583333333333334 0.5475000000000001 0.0775 0.529375 0.07166666666666667 0.525625 0.06166666666666667 0.52375 0.057499999999999996 0.516875 0.057499999999999996 0.503125 0.0475 0.4912500000000001 0.04583333333333333 0.47125000000000006 0.034999999999999996 0.46749999999999997 0.0225 0.459375 0.0225 0.448125 0.02 0.4425 0.0125 0.43562500000000004 0.01583333333333333 0.418125 0.011666666666666667 0.41187500000000005 0.008333333333333333 0.41187500000000005 0.009166666666666667 0.418125 0 0.421875 0 0.4325 0.003333333333333333 0.434375
0 0.5458333333333333 0.6175 0.5491666666666666 0.6162500000000001 0.55 0.610625 0.5466666666666666 0.606875 0.5425 0.6075 0.54 0.6050000000000001 0.5349999999999999 0.608125 0.5341666666666667 0.609375 0.5458333333333333 0.6175
0 0.5359375 0.6015625 0.00078125 0.0015625
0 0.5325 0.5700000000000001 0.5275000000000001 0.56875 0.5291666666666667 0.573125 0.5325 0.5700000000000001
0 0.3383333333333333 0.5725 0.3441666666666666 0.5675000000000001 0.34249999999999997 0.566875 0.3383333333333333 0.566875 0.3383333333333333 0.5725
0 0.328125 0.4375 0.00078125 0.0015625
0 0.28250000000000003 0.410625 0.28500000000000003 0.41187500000000005 0.28250000000000003 0.414375 0.28583333333333333 0.42062499999999997 0.2966666666666667 0.42000000000000004 0.3 0.42374999999999996 0.3075 0.42125 0.3125 0.42562500000000003 0.31416666666666665 0.416875 0.30666666666666664 0.4125 0.3025 0.41375 0.3 0.41187500000000005 0.2991666666666667 0.401875 0.29333333333333333 0.403125 0.2875 0.410625 0.28250000000000003 0.410625
0 0.29333333333333333 0.39125 0.31333333333333335 0.384375 0.3175 0.388125 0.325 0.388125 0.3225 0.3825 0.31333333333333335 0.381875 0.31083333333333335 0.384375 0.30333333333333334 0.384375 0.29583333333333334 0.3825 0.2925 0.379375 0.29500000000000004 0.386875 0.29333333333333333 0.39125
0 0.28583333333333333 0.381875 0.28583333333333333 0.37625000000000003 0.28250000000000003 0.378125 0.28250000000000003 0.3825 0.28583333333333333 0.381875
0 0.29 0.36 0.2891666666666667 0.35750000000000004 0.2866666666666667 0.359375 0.29 0.36
0 0.27166666666666667 0.33625000000000005 0.2725 0.33 0.27 0.33 0.2683333333333333 0.334375 0.27166666666666667 0.33625000000000005
0 0.26166666666666666 0.3325 0.26749999999999996 0.32875 0.26749999999999996 0.324375 0.265 0.3225 0.26166666666666666 0.32375000000000004 0.26166666666666666 0.3325
0 0.27749999999999997 0.325625 0.2791666666666667 0.323125 0.28500000000000003 0.33062500000000006 0.29500000000000004 0.33375000000000005 0.2925 0.33875 0.2966666666666667 0.34 0.3025 0.33187500000000003 0.30166666666666664 0.31812500000000005 0.2966666666666667 0.316875 0.29333333333333333 0.31875 0.2891666666666667 0.31375000000000003 0.2808333333333333 0.313125 0.2758333333333333 0.31375000000000003 0.27416666666666667 0.31625000000000003 0.27416666666666667 0.325625 0.27749999999999997 0.325625
0 0.3308333333333333 0.33687500000000004 0.335 0.338125 0.33416666666666667 0.343125 0.3275 0.34500000000000003 0.33249999999999996 0.35187500000000005 0.3275 0.35875 0.33249999999999996 0.37312500000000004 0.32416666666666666 0.37875000000000003 0.32416666666666666 0.381875 0.3275 0.38375000000000004 0.33166666666666667 0.3825 0.33249999999999996 0.39 0.3433333333333333 0.396875 0.33166666666666667 0.414375 0.33249999999999996 0.42062499999999997 0.3275 0.42125 0.335 0.425 0.33666666666666667 0.428125 0.33416666666666667 0.43062500000000004 0.33333333333333337 0.43937499999999996 0.34249999999999997 0.4425 0.31416666666666665 0.445 0.31 0.44750000000000006 0.29833333333333334 0.436875 0.29333333333333333 0.44125000000000003 0.2891666666666667 0.43937499999999996 0.28833333333333333 0.4425 0.2966666666666667 0.44375 0.30666666666666664 0.45187499999999997 0.3 0.46875 0.3 0.47437500000000005 0.30333333333333334 0.47875000000000006 0.30333333333333334 0.49750000000000005 0.30666666666666664 0.5025000000000001 0.315 0.5025000000000001 0.3225 0.50875 0.31916666666666665 0.521875 0.3225 0.534375 0.3225 0.5525 0.3416666666666667 0.561875 0.34833333333333333 0.559375 0.3491666666666667 0.5625 0.3458333333333333 0.5675000000000001 0.35416666666666663 0.5737500000000001 0.3525 0.5787500000000001 0.33916666666666667 0.5787500000000001 0.33916666666666667 0.588125 0.34833333333333333 0.59125 0.3441666666666666 0.595 0.35 0.601875 0.34750000000000003 0.6056250000000001 0.3516666666666667 0.6100000000000001 0.3525 0.6256250000000001 0.35583333333333333 0.628125 0.36333333333333334 0.628125 0.36583333333333334 0.62625 0.36916666666666664 0.630625 0.37 0.6268750000000001 0.375 0.624375 0.385 0.62625 0.39249999999999996 0.625 0.39499999999999996 0.6268750000000001 0.39416666666666667 0.6300000000000001 0.39916666666666667 0.6325000000000001 0.3975 0.64 0.40083333333333326 0.640625 0.4091666666666667 0.638125 0.41 0.62625 0.4141666666666667 0.6225 0.42416666666666664 0.6275000000000001 0.43666666666666665 0.6275000000000001 0.4533333333333333 0.623125 0.4525 0.62 0.4575 0.618125 0.4683333333333334 0.625 0.4766666666666667 0.62625 0.49083333333333334 0.6212500000000001 0.49916666666666665 0.615625 0.505 0.619375 0.5116666666666666 0.6143750000000001 0.5225 0.6143750000000001 0.5308333333333334 0.60875 0.5341666666666667 0.5925 0.5291666666666667 0.5893750000000001 0.525 0.5925 0.5233333333333333 0.588125 0.5183333333333333 0.586875 0.515 0.5925 0.5091666666666667 0.595 0.5 0.5943750000000001 0.49916666666666665 0.598125 0.49416666666666664 0.591875 0.4966666666666667 0.5875 0.49416666666666664 0.57625 0.5008333333333332 0.5787500000000001 0.5075000000000001 0.575 0.5108333333333334 0.568125 0.5183333333333333 0.565625 0.5216666666666667 0.561875 0.5241666666666667 0.550625 0.5316666666666666 0.5493750000000001 0.5458333333333333 0.54 0.5358333333333334 0.5050000000000001 0.5258333333333333 0.503125 0.5233333333333333 0.4987500000000001 0.5233333333333333 0.49437500000000006 0.5291666666666667 0.49000000000000005 0.5358333333333334 0.49000000000000005 0.5375 0.4875 0.5333333333333333 0.468125 0.5333333333333333 0.44875 0.5283333333333333 0.43875000000000003 0.5191666666666667 0.43937499999999996 0.5175 0.4375 0.52 0.43187500000000006 0.5291666666666667 0.428125 0.5291666666666667 0.41625000000000006 0.5225 0.40625 0.5266666666666666 0.39375 0.525 0.39125 0.515 0.38875000000000004 0.505 0.374375 0.5075000000000001 0.36812500000000004 0.5133333333333333 0.36375 0.5191666666666667 0.36312500000000003 0.5208333333333333 0.36062500000000003 0.515 0.33875 0.515 0.325 0.4966666666666667 0.30875 0.49333333333333335 0.303125 0.4833333333333333 0.30375 0.4691666666666666 0.29937500000000006 0.4666666666666667 0.30125 0.45666666666666667 0.30062500000000003 0.4525 0.30250000000000005 0.45166666666666666 0.30500000000000005 0.4541666666666667 0.306875 0.4458333333333333 0.314375 0.44000000000000006 0.314375 0.4375 0.311875 0.42833333333333334 0.31375000000000003 0.42416666666666664 0.3175 0.41916666666666663 0.31062500000000004 0.43 0.30375 0.425 0.30250000000000005 0.4133333333333333 0.30250000000000005 0.4083333333333333 0.30625 0.4046985815602837 0.3046143617021277 0.4025 0.3075 0.3975 0.30375 0.37083333333333335 0.303125 0.3625 0.30562500000000004 0.3591666666666667 0.31 0.3516666666666667 0.30562500000000004 0.3275 0.306875 0.32083333333333336 0.309375 0.31416666666666665 0.316875 0.30833333333333335 0.3175 0.30833333333333335 0.325 0.30416666666666664 0.33125 0.31333333333333335 0.33937500000000004 0.3175 0.335625 0.325 0.33937500000000004 0.3308333333333333 0.33687500000000004
0 0.22333333333333333 0.24000000000000005 0.225 0.2375 0.22166666666666668 0.23625000000000002 0.22083333333333335 0.23937500000000003 0.22333333333333333 0.24000000000000005
0 0.2733333333333333 0.16875 0.27666666666666667 0.16375 0.2725 0.16062500000000002 0.27 0.165 0.2733333333333333 0.16875
0 0.20416666666666666 0.138125 0.2058333333333333 0.13687500000000002 0.20249999999999999 0.135 0.20166666666666666 0.1375 0.20416666666666666 0.138125
0 0.1825 0.14187500000000003 0.1825 0.138125 0.17833333333333332 0.135 0.1775 0.1375 0.1825 0.14187500000000003
0 0.008333333333333333 0.16312500000000002 0.018333333333333333 0.171875 0.026666666666666665 0.171875 0.029166666666666667 0.175625 0.0325 0.17375000000000002 0.04 0.181875 0.027500000000000004 0.184375 0.026666666666666665 0.19125 0.020833333333333336 0.1925 0.018333333333333333 0.195625 0.019166666666666665 0.224375 0.01583333333333333 0.23000000000000004 0.01 0.23374999999999999 0.0125 0.2375 0.005 0.24125000000000002 0.003333333333333333 0.273125 0 0.28125 0 0.3275 0.005833333333333334 0.32937500000000003 0.026666666666666665 0.3275 0.0325 0.325 0.03916666666666667 0.325 0.042499999999999996 0.328125 0.05416666666666666 0.3275 0.10916666666666666 0.32125000000000004 0.14166666666666666 0.32062500000000005 0.15333333333333332 0.3175 0.1725 0.31812500000000005 0.1925 0.311875 0.21749999999999997 0.314375 0.22333333333333333 0.31375000000000003 0.22833333333333333 0.31 0.22749999999999998 0.291875 0.21583333333333332 0.27 0.21666666666666665 0.2625 0.22166666666666668 0.25562500000000005 0.22166666666666668 0.24312500000000004 0.21333333333333332 0.2375 0.21333333333333332 0.2325 0.20750000000000002 0.230625 0.20750000000000002 0.22687500000000002 0.21166666666666667 0.221875 0.22666666666666666 0.21437500000000004 0.22833333333333333 0.20875 0.225 0.20249999999999999 0.2308333333333333 0.20187500000000003 0.2375 0.195625 0.24083333333333332 0.19812500000000002 0.24416666666666664 0.1975 0.2475 0.1925 0.24583333333333335 0.185625 0.2558333333333333 0.1875 0.26 0.184375 0.2658333333333333 0.18375000000000002 0.2658333333333333 0.16687500000000002 0.25833333333333336 0.16375 0.2525 0.175625 0.24500000000000002 0.178125 0.24583333333333335 0.18250000000000002 0.24083333333333332 0.18250000000000002 0.2375 0.18937500000000002 0.22999999999999998 0.18812500000000001 0.22666666666666666 0.19125 0.22166666666666668 0.186875 0.21000000000000002 0.185 0.21083333333333334 0.175 0.21333333333333332 0.171875 0.21000000000000002 0.16875 0.19583333333333333 0.17125 0.19916666666666666 0.175625 0.19583333333333333 0.18 0.19166666666666668 0.180625 0.18833333333333332 0.1675 0.185 0.164375 0.18833333333333332 0.16187500000000002 0.1825 0.16125 0.1875 0.155625 0.18 0.15750000000000003 0.18166666666666667 0.16187500000000002 0.17166666666666666 0.16125 0.1675 0.155625 0.16416666666666666 0.15625 0.1575 0.151875 0.15166666666666667 0.15125000000000002 0.14833333333333334 0.14750000000000002 0.14666666666666667 0.13562500000000002 0.1408333333333333 0.13187500000000002 0.135 0.13562500000000002 0.13333333333333333 0.133125 0.12666666666666665 0.133125 0.12083333333333332 0.13062500000000002 0.10500000000000001 0.13187500000000002 0.0975 0.140625 0.09416666666666666 0.140625 0.09333333333333334 0.138125 0.0875 0.13625 0.0775 0.13687500000000002 0.07416666666666667 0.14187500000000003 0.0675 0.140625 0.06416666666666666 0.13562500000000002 0.056666666666666664 0.138125 0.05333333333333333 0.135 0.04666666666666667 0.135 0.043333333333333335 0.1375 0.0325 0.13687500000000002 0.005 0.149375 0.003333333333333333 0.155 0.005 0.1625 0.008333333333333333 0.16312500000000002
0 0.06333333333333332 0.13 0.058333333333333334 0.12875 0.056666666666666664 0.13062500000000002 0.06333333333333332 0.13
0 0.3408333333333333 0.5331250000000001 0.33249999999999996 0.5325 0.33416666666666667 0.535 0.3408333333333333 0.5331250000000001
0 0.3383333333333333 0.56375 0.33333333333333337 0.5775 0.3375 0.5850000000000001 0.33666666666666667 0.603125 0.3383333333333333 0.60625 0.3491666666666667 0.609375 0.3516666666666667 0.6256250000000001 0.355 0.6275000000000001 0.39416666666666667 0.6275000000000001 0.4066666666666666 0.62625 0.4116666666666666 0.62375 0.4291666666666667 0.62625 0.43166666666666664 0.62375 0.4491666666666666 0.621875 0.4625 0.621875 0.4741666666666666 0.624375 0.49333333333333335 0.619375 0.505 0.619375 0.51 0.615 0.5291666666666667 0.615625 0.5325 0.613125 0.5475 0.6125 0.5441666666666667 0.60875 0.5466666666666666 0.606875 0.5466666666666666 0.5987500000000001 0.5525 0.5925 0.55 0.578125 0.5508333333333333 0.55625 0.5458333333333333 0.5431250000000001 0.5475 0.539375 0.5433333333333333 0.521875 0.5408333333333333 0.52 0.525 0.51875 0.5216666666666667 0.52125 0.5141666666666667 0.521875 0.4841666666666667 0.521875 0.4716666666666667 0.524375 0.47000000000000003 0.52625 0.4666666666666667 0.51875 0.46333333333333326 0.51875 0.465 0.5225000000000001 0.4608333333333333 0.525 0.4458333333333333 0.524375 0.4258333333333333 0.528125 0.4125 0.5275000000000001 0.38416666666666666 0.5325 0.375 0.53125 0.3716666666666667 0.5331250000000001 0.38416666666666666 0.535 0.38416666666666666 0.5375 0.3775 0.540625 0.36916666666666664 0.54 0.36416666666666664 0.541875 0.35833333333333334 0.5387500000000001 0.3441666666666666 0.54375 0.32999999999999996 0.5431250000000001 0.32916666666666666 0.553125 0.3383333333333333 0.56375
0 0.4458333333333333 0.5025000000000001 0.44833333333333336 0.499375 0.45916666666666667 0.50125 0.46749999999999997 0.49812500000000004 0.4625 0.499375 0.4583333333333333 0.496875 0.45499999999999996 0.5 0.4529166666666667 0.49750000000000005 0.45166666666666666 0.499375 0.44833333333333336 0.49750000000000005 0.4425 0.499375 0.4416666666666667 0.5018750000000001 0.4458333333333333 0.5025000000000001
0 0.6233333333333333 0.093125 0.6166666666666667 0.0925 0.6158333333333333 0.096875 0.6216666666666667 0.10875000000000001 0.6308333333333334 0.11937500000000001 0.6408333333333334 0.12062500000000001 0.6441666666666667 0.11875 0.6458333333333333 0.11625 0.6416666666666667 0.109375 0.6433333333333333 0.10250000000000001 0.6475 0.10187500000000001 0.6508333333333333 0.096875 0.6575 0.113125 0.6608333333333334 0.113125 0.6666666666666667 0.1075 0.6733333333333333 0.1075 0.7033333333333334 0.1275 0.71 0.12875 0.7166666666666667 0.12625000000000003 0.71 0.099375 0.6925 0.08625000000000001 0.6841666666666667 0.084375 0.6758333333333333 0.079375 0.6658333333333333 0.0775 0.6533333333333333 0.080625 0.6366666666666666 0.07375000000000001 0.63 0.078125 0.6283333333333333 0.09 0.6233333333333333 0.093125
0 0.71 0.36 0.7133333333333333 0.36500000000000005 0.7166666666666667 0.36312500000000003 0.72 0.36625 0.7175 0.36375 0.7208333333333333 0.3621875 0.7208333333333333 0.35875 0.7133333333333333 0.354375 0.7058333333333333 0.35500000000000004 0.705 0.35875 0.71 0.36
0 0.5391666666666667 0.36062500000000003 0.5566666666666666 0.36375 0.5633333333333332 0.36812500000000004 0.5675 0.36750000000000005 0.575 0.36 0.5891666666666666 0.358125 0.595 0.35500000000000004 0.6158333333333333 0.35750000000000004 0.6408333333333334 0.353125 0.6516666666666666 0.354375 0.6825 0.35125 0.6883333333333332 0.35250000000000004 0.6925 0.35875 0.6966666666666667 0.35125 0.725 0.350625 0.7316666666666667 0.35187500000000005 0.7366666666666666 0.35625 0.745 0.356875 0.7474999999999999 0.36 0.7525 0.3578125 0.7516666666666667 0.36625 0.7649999999999999 0.36875 0.7741666666666667 0.35500000000000004 0.7866666666666666 0.353125 0.7941666666666667 0.34750000000000003 0.8058333333333334 0.343125 0.8083333333333333 0.34 0.8 0.31375000000000003 0.7966666666666666 0.31375000000000003 0.7908333333333333 0.32 0.7791666666666667 0.326875 0.7658333333333334 0.3175 0.7533333333333333 0.31625000000000003 0.7458333333333333 0.325 0.735 0.33187500000000003 0.725 0.3275 0.7166666666666667 0.3175 0.7083333333333333 0.31812500000000005 0.7024999999999999 0.3225 0.6808333333333334 0.324375 0.675 0.31812500000000005 0.6475 0.316875 0.6241666666666666 0.3225 0.5733333333333334 0.3225 0.54 0.325625 0.5383333333333333 0.32875 0.5375 0.358125 0.5391666666666667 0.36062500000000003
0 0.3675 0.10187500000000001 0.3625 0.1 0.36 0.10250000000000001 0.3675 0.10187500000000001
0 0.36666666666666664 0.09625 0.3625 0.09437500000000001 0.3625 0.0975 0.36666666666666664 0.09625
0 0.38249999999999995 0.090625 0.38166666666666665 0.093125 0.37583333333333335 0.095625 0.3808333333333333 0.098125 0.38416666666666666 0.110625 0.3908333333333333 0.11000000000000001 0.3975 0.114375 0.4058333333333334 0.115625 0.4058333333333334 0.12687500000000002 0.40166666666666667 0.13375 0.4041666666666667 0.14 0.4083333333333333 0.14125000000000001 0.4225 0.13375 0.43916666666666665 0.140625 0.45 0.1325 0.4533333333333333 0.1325 0.46333333333333326 0.139375 0.4766666666666667 0.13 0.48250000000000004 0.13125 0.48666666666666664 0.135 0.49083333333333334 0.135 0.5008333333333332 0.12687500000000002 0.5083333333333333 0.128125 0.5158333333333334 0.134375 0.5183333333333333 0.12312500000000001 0.5208333333333333 0.12125000000000001 0.5358333333333334 0.115625 0.54 0.115625 0.5441666666666667 0.11937500000000001 0.5491666666666666 0.11937500000000001 0.5566666666666666 0.11374999999999999 0.5616666666666666 0.10250000000000001 0.5608333333333333 0.095625 0.5549999999999999 0.08875000000000001 0.5533333333333333 0.0875 0.55 0.09 0.5416666666666667 0.08375 0.5366666666666666 0.07562500000000001 0.5358333333333334 0.065625 0.5275000000000001 0.05625 0.515 0.05625 0.5025000000000001 0.059375 0.48 0.059375 0.4741666666666666 0.0625 0.46749999999999997 0.0625 0.45583333333333337 0.071875 0.4458333333333333 0.06875 0.4408333333333333 0.07062500000000001 0.42416666666666664 0.07125000000000001 0.41833333333333333 0.07375000000000001 0.3933333333333333 0.07375000000000001 0.38249999999999995 0.0775 0.37916666666666665 0.08375 0.3783333333333333 0.08812500000000001 0.38249999999999995 0.090625
0 0.271875 0.54609375 0.00078125 0.00078125
0 0.29333333333333333 0.515625 0.2925 0.5118750000000001 0.29 0.5125 0.2891666666666667 0.515625 0.29333333333333333 0.515625
0 0.2625 0.490625 0.2677298850574713 0.49230603448275867 0.2633333333333333 0.48937500000000006 0.2625 0.490625
0 0.2625 0.4956250000000001 0.26916666666666667 0.496875 0.27083333333333337 0.49437500000000006 0.26816006600660064 0.4925928217821783 0.2625 0.4956250000000001
0 0.24416666666666664 0.490625 0.24416666666666664 0.484375 0.23833333333333334 0.48250000000000004 0.2375 0.476875 0.23333333333333334 0.4756250000000001 0.23500000000000001 0.48562500000000003 0.24416666666666664 0.490625
0 0.18515625 0.46953125 0.00078125 0.00078125
0 0.21000000000000002 0.47125000000000006 0.21166666666666667 0.46687500000000004 0.20833333333333334 0.46687500000000004 0.20666666666666664 0.47062499999999996 0.21000000000000002 0.47125000000000006
0 0.2525 0.46625000000000005 0.25 0.465 0.25166666666666665 0.468125 0.2525 0.46625000000000005
0 0.18416666666666665 0.46749999999999997 0.18083333333333335 0.465 0.18 0.46687500000000004 0.18416666666666665 0.46749999999999997
0 0.21666666666666665 0.473125 0.22583333333333333 0.46749999999999997 0.2225 0.4625 0.21833333333333332 0.46312500000000006 0.215 0.468125 0.21666666666666665 0.473125
0 0.13359375 0.46015625 0.0015625 0.00078125
0 0.16833333333333333 0.4600000000000001 0.16 0.458125 0.16083333333333333 0.46125 0.16833333333333333 0.4600000000000001
0 0.0675 0.478125 0.0625 0.48083312500000003 0.0625 0.4875 0.06583333333333333 0.491875 0.06333333333333332 0.4956250000000001 0.05333333333333333 0.496875 0.059166666666666666 0.496875 0.06083333333333333 0.4987500000000001 0.05333333333333333 0.50125 0.06416666666666666 0.5018750000000001 0.06666666666666667 0.5050000000000001 0.07083333333333333 0.50375 0.07333333333333333 0.5068750000000001 0.06916666666666667 0.5118750000000001 0.06999999999999999 0.516875 0.06333333333333332 0.51875 0.06333333333333332 0.5275000000000001 0.07833333333333334 0.53125 0.08 0.55 0.08666666666666667 0.5537500000000001 0.09166666666666666 0.5643750000000001 0.1025 0.5725 0.1408333333333333 0.57125 0.14333333333333334 0.56875 0.1525 0.5675000000000001 0.1575 0.5631250000000001 0.16333333333333333 0.5675000000000001 0.16833333333333333 0.5675000000000001 0.17416666666666666 0.5650000000000001 0.19583333333333333 0.5625 0.2058333333333333 0.5487500000000001 0.2125 0.55 0.21666666666666665 0.555625 0.21916666666666665 0.5525 0.22999999999999998 0.550625 0.23166666666666663 0.556875 0.23583333333333334 0.55625 0.2375 0.56125 0.24416666666666664 0.5543750000000001 0.24416666666666664 0.5493750000000001 0.24833333333333335 0.5493750000000001 0.25083333333333335 0.5518750000000001 0.26166666666666666 0.55125 0.26916666666666667 0.54125 0.27749999999999997 0.5425000000000001 0.28250000000000003 0.548125 0.2966666666666667 0.548125 0.30166666666666664 0.544375 0.3025 0.5275000000000001 0.29416666666666663 0.52625 0.2875 0.52125 0.2808333333333333 0.50875 0.28833333333333333 0.5050000000000001 0.28583333333333333 0.50125 0.2808333333333333 0.50125 0.28583333333333333 0.496875 0.27999999999999997 0.495 0.27749999999999997 0.491875 0.28500000000000003 0.4875 0.2833333333333333 0.480625 0.26916666666666667 0.478125 0.27416666666666667 0.47437500000000005 0.2733333333333333 0.47000000000000003 0.26166666666666666 0.4625 0.2575 0.46312500000000006 0.25666666666666665 0.47437500000000005 0.26166666666666666 0.476875 0.265 0.475 0.2683333333333333 0.476875 0.265 0.48125 0.26916666666666667 0.484375 0.2733333333333333 0.484375 0.27666666666666667 0.49750000000000005 0.27999999999999997 0.4987500000000001 0.26916666666666667 0.51 0.24666666666666667 0.509375 0.24416666666666664 0.491875 0.24083333333333332 0.499375 0.2325 0.49812500000000004 0.2225 0.48687500000000006 0.22000000000000003 0.48625000000000007 0.2125 0.490625 0.2058333333333333 0.490625 0.2058333333333333 0.4875 0.19916666666666666 0.48500000000000004 0.20083333333333334 0.480625 0.19 0.4831250000000001 0.19166666666666668 0.476875 0.17833333333333332 0.47437500000000005 0.175 0.475 0.17416666666666666 0.480625 0.1625 0.48125 0.16166666666666668 0.47875000000000006 0.15 0.4756250000000001 0.14583333333333331 0.47000000000000003 0.14666666666666667 0.46625000000000005 0.15416666666666667 0.4600000000000001 0.15416666666666667 0.4575 0.14750000000000002 0.458125 0.14333333333333334 0.46187500000000004 0.1275 0.46749999999999997 0.12416666666666668 0.46312500000000006 0.11916666666666667 0.46312500000000006 0.12 0.4600000000000001 0.1025 0.46312500000000006 0.09166666666666666 0.47062499999999996 0.08666666666666667 0.465625 0.07083333333333333 0.465625 0.06166666666666667 0.4756250000000001 0.0625 0.47750000000000004 0.0675 0.478125
0 0.24083333333333332 0.46125 0.24083333333333332 0.46375 0.2425 0.46125 0.24833333333333335 0.46375 0.25 0.4600000000000001 0.24666666666666667 0.45625 0.24083333333333332 0.45499999999999996 0.24083333333333332 0.459375 0.2375 0.459375 0.23500000000000001 0.45499999999999996 0.22000000000000003 0.45625 0.24083333333333332 0.46125
0 0.08666666666666667 0.5537500000000001 0.09166666666666666 0.566875 0.11083333333333334 0.58125 0.10916666666666666 0.59125 0.11333333333333333 0.5975 0.11750000000000001 0.613125 0.12166666666666666 0.619375 0.12833333333333333 0.623125 0.135 0.64 0.13999999999999999 0.64375 0.14750000000000002 0.6431250000000001 0.15833333333333333 0.646875 0.16333333333333333 0.641875 0.17166666666666666 0.640625 0.2033333333333333 0.6431250000000001 0.2425 0.638125 0.25833333333333336 0.638125 0.26166666666666666 0.6412500000000001 0.2758333333333333 0.63375 0.30666666666666664 0.635 0.3358333333333333 0.6300000000000001 0.33416666666666667 0.625 0.3275 0.619375 0.32916666666666666 0.5956250000000001 0.325 0.5856250000000001 0.31 0.5787500000000001 0.30666666666666664 0.5725 0.30333333333333334 0.573125 0.29833333333333334 0.5675000000000001 0.30333333333333334 0.5625 0.31166666666666665 0.56125 0.31416666666666665 0.5575 0.31416666666666665 0.546875 0.30666666666666664 0.5331250000000001 0.3091666666666667 0.525 0.29416666666666663 0.524375 0.2875 0.51875 0.2891666666666667 0.516875 0.29333333333333333 0.5181250000000001 0.2966666666666667 0.5162500000000001 0.29416666666666663 0.5118750000000001 0.2891666666666667 0.5118750000000001 0.2866666666666667 0.5162500000000001 0.2791666666666667 0.5118750000000001 0.27166666666666667 0.51375 0.265 0.5112500000000001 0.25 0.510625 0.23666666666666666 0.5112500000000001 0.23166666666666663 0.514375 0.18333333333333332 0.51375 0.1675 0.516875 0.145 0.5162500000000001 0.13083333333333333 0.519375 0.095 0.52125 0.08666666666666667 0.5225000000000001 0.08166666666666667 0.525625 0.08 0.536875 0.08 0.546875 0.08666666666666667 0.5537500000000001
0 0.5983333333333334 0.77875 0.7725 0.7625 0.7833333333333333 0.758125 0.7833333333333333 0.7350000000000001 0.78 0.7256250000000001 0.7758333333333333 0.723125 0.7266666666666667 0.72875 0.72 0.7275 0.6983333333333334 0.7325 0.65 0.73375 0.6341666666666667 0.7368750000000001 0.6191666666666666 0.733125 0.6116666666666666 0.7362500000000001 0.5925 0.7362500000000001 0.5900000000000001 0.7393750000000001 0.5933333333333334 0.77375 0.5983333333333334 0.77875
0 0.4383333333333333 0.1375 0.4425 0.13687500000000002 0.4491666666666666 0.13 0.4458333333333333 0.12687500000000002 0.43916666666666665 0.13 0.43083333333333335 0.12937500000000002 0.4291666666666667 0.13 0.4383333333333333 0.1375
0 0.31015625 0.10859375 0.00078125 0.0015625
0 0.3 0.09140625 0.0015625 0.00078125
0 0.31083333333333335 0.0925 0.31 0.08937500000000001 0.3058333333333333 0.090625 0.3058333333333333 0.0925 0.31083333333333335 0.0925
0 0.31416666666666665 0.10562500000000001 0.31666666666666665 0.10875000000000001 0.33666666666666667 0.11125 0.33666666666666667 0.114375 0.33333333333333337 0.11625 0.3383333333333333 0.12062500000000001 0.3375 0.134375 0.34833333333333333 0.13625 0.35833333333333334 0.1275 0.3625 0.12687500000000002 0.3625 0.133125 0.36583333333333334 0.135 0.37333333333333335 0.1325 0.38333333333333336 0.1375 0.3883333333333333 0.134375 0.3975 0.13375 0.41083333333333333 0.140625 0.42750000000000005 0.13 0.42666666666666664 0.12375 0.4291666666666667 0.121875 0.43499999999999994 0.121875 0.4416666666666667 0.11625 0.4458333333333333 0.12312500000000001 0.4508333333333333 0.121875 0.45166666666666666 0.11937500000000001 0.45999999999999996 0.11500000000000002 0.465 0.11937500000000001 0.4683333333333334 0.11875 0.4691666666666666 0.1125 0.46416666666666667 0.10562500000000001 0.4716666666666667 0.09437500000000001 0.48083333333333333 0.08875000000000001 0.48666666666666664 0.090625 0.4883333333333333 0.08937500000000001 0.4875 0.08625000000000001 0.4841666666666667 0.085 0.48583333333333334 0.080625 0.48250000000000004 0.078125 0.48666666666666664 0.074375 0.4833333333333333 0.071875 0.485 0.0675 0.48166666666666663 0.065625 0.47000000000000003 0.065 0.4683333333333334 0.07062500000000001 0.45999999999999996 0.07375000000000001 0.45583333333333337 0.07312500000000001 0.4491666666666666 0.0675 0.42750000000000005 0.069375 0.4175 0.07250000000000001 0.3933333333333333 0.07312500000000001 0.38333333333333336 0.07625000000000001 0.37583333333333335 0.085 0.3716666666666667 0.08125 0.35833333333333334 0.08125 0.3591666666666667 0.084375 0.35666666666666663 0.08625000000000001 0.3516666666666667 0.083125 0.3491666666666667 0.08375 0.3416666666666667 0.090625 0.335 0.09187500000000001 0.33333333333333337 0.09625 0.32333333333333336 0.095625 0.3183333333333333 0.104375 0.31416666666666665 0.10562500000000001
0 0.16083333333333333 0.73125 0.16583333333333333 0.726875 0.15916666666666665 0.724375 0.15416666666666667 0.7275 0.15083333333333332 0.7306250000000001 0.16083333333333333 0.73125
0 0 0.6737500000000001 0 0.68625 0.004166666666666667 0.6993750000000001 0 0.724375 0.0025 0.7256250000000001 0.005 0.7362500000000001 0.013333333333333332 0.7375 0.019166666666666665 0.73375 0.043333333333333335 0.734375 0.05 0.7275 0.05333333333333333 0.7306250000000001 0.06666666666666667 0.72875 0.08583333333333333 0.73125 0.0875 0.716875 0.09 0.716875 0.09166666666666666 0.72 0.0925 0.718125 0.09833333333333333 0.71875 0.10333333333333332 0.71625 0.1275 0.716875 0.1408333333333333 0.71375 0.15583333333333332 0.71375 0.15416666666666667 0.7 0.145 0.68875 0.14250000000000002 0.6768750000000001 0.1325 0.669375 0.12666666666666665 0.6581250000000001 0.13 0.650625 0.12583333333333332 0.6362500000000001 0.10833333333333332 0.635 0.10500000000000001 0.633125 0.07166666666666667 0.6368750000000001 0.06166666666666667 0.6368750000000001 0.05500000000000001 0.634375 0.04583333333333333 0.639375 0.035833333333333335 0.63875 0.0325 0.6412500000000001 0.021666666666666667 0.640625 0.016666666666666666 0.6431250000000001 0.009166666666666667 0.6412500000000001 0.003333333333333333 0.6425000000000001 0.004166666666666667 0.6625 0 0.6737500000000001
0 0.3058333333333333 0.44625000000000004 0.30333333333333334 0.4443750000000001 0.30333333333333334 0.44875 0.3058333333333333 0.44625000000000004
0 0.34453125 0.4359375 0.00078125 0.00078125
0 0.3933333333333333 0.43 0.4041666666666667 0.43125 0.40750000000000003 0.429375 0.3983333333333333 0.426875 0.3908333333333333 0.4287500000000001 0.39 0.43187500000000006 0.3933333333333333 0.43
0 0.30333333333333334 0.480625 0.30333333333333334 0.5025000000000001 0.31166666666666665 0.5018750000000001 0.3158333333333333 0.504375 0.3275 0.504375 0.33666666666666667 0.5018750000000001 0.3491666666666667 0.5025000000000001 0.3616666666666667 0.49750000000000005 0.37333333333333335 0.499375 0.38 0.496875 0.40166666666666667 0.49812500000000004 0.4141666666666667 0.495 0.43166666666666664 0.4956250000000001 0.43499999999999994 0.49312500000000004 0.4666666666666667 0.49437500000000006 0.47333333333333333 0.48937500000000006 0.48583333333333334 0.495 0.49916666666666665 0.491875 0.515 0.49375 0.5358333333333334 0.48937500000000006 0.5375 0.4875 0.5341666666666667 0.47062499999999996 0.5358333333333334 0.445625 0.53 0.43562500000000004 0.5216666666666667 0.43500000000000005 0.515 0.43125 0.48166666666666663 0.43375 0.4766666666666667 0.43562500000000004 0.47333333333333333 0.4325 0.4716666666666667 0.43500000000000005 0.46416666666666667 0.43624999999999997 0.46333333333333326 0.426875 0.45999999999999996 0.42374999999999996 0.45499999999999996 0.428125 0.4491666666666666 0.4287500000000001 0.4458333333333333 0.43624999999999997 0.4425 0.434375 0.43166666666666664 0.4375 0.4 0.43624999999999997 0.38666666666666666 0.44000000000000006 0.36083333333333334 0.43937499999999996 0.3525 0.4443750000000001 0.345 0.44125000000000003 0.3416666666666667 0.4443750000000001 0.31916666666666665 0.4443750000000001 0.30666666666666664 0.45125000000000004 0.2991666666666667 0.46687500000000004 0.29833333333333334 0.475 0.30333333333333334 0.480625
0 0.62265625 0.51875 0.0015625 0.00078125
0 0.5591666666666667 0.49812500000000004 0.5583333333333333 0.508125 0.5608333333333333 0.5112500000000001 0.5700000000000001 0.5118750000000001 0.5741666666666666 0.515 0.5733333333333334 0.521875 0.5816666666666667 0.52375 0.6091666666666666 0.51875 0.6108333333333333 0.516875 0.6133333333333333 0.51875 0.6108333333333333 0.514375 0.6125 0.5112500000000001 0.6216666666666667 0.5125 0.6325000000000001 0.509375 0.6408333333333334 0.51 0.6466666666666667 0.513125 0.6508333333333333 0.5118750000000001 0.6525 0.515625 0.6558333333333334 0.5162500000000001 0.6575 0.515 0.655 0.5118750000000001 0.6575 0.51 0.6783333333333333 0.5075000000000001 0.6925 0.516875 0.7008333333333333 0.515625 0.71 0.508125 0.7191666666666666 0.5068750000000001 0.73 0.515625 0.7408333333333333 0.51375 0.7483333333333333 0.50625 0.7575000000000001 0.504375 0.7616666666666666 0.505625 0.7649999999999999 0.51 0.7758333333333333 0.510625 0.7891666666666667 0.4987500000000001 0.7966666666666666 0.4956250000000001 0.7891666666666667 0.47625 0.8 0.47000000000000003 0.8 0.46125 0.7933333333333333 0.4443750000000001 0.7891666666666667 0.44375 0.7816666666666666 0.445625 0.7825 0.4525 0.7758333333333333 0.45562500000000006 0.7683333333333333 0.45437500000000003 0.7633333333333333 0.44875 0.7483333333333333 0.44875 0.735 0.459375 0.7283333333333333 0.458125 0.7191666666666666 0.45125000000000004 0.7066666666666667 0.45 0.6991666666666666 0.45125000000000004 0.6991666666666666 0.45625 0.6925 0.4600000000000001 0.6858333333333333 0.4575 0.6816666666666666 0.453125 0.675 0.45437500000000003 0.6649999999999999 0.4525 0.6583333333333333 0.45687500000000003 0.6583333333333333 0.45499999999999996 0.6533333333333333 0.453125 0.6483333333333333 0.45875000000000005 0.6441666666666667 0.45437500000000003 0.625 0.45562500000000006 0.6191666666666666 0.46375 0.615 0.4625 0.6091666666666666 0.465625 0.6058333333333333 0.46312500000000006 0.6008333333333333 0.46312500000000006 0.5983333333333334 0.4600000000000001 0.5933333333333334 0.4600000000000001 0.585 0.4625 0.5783333333333334 0.47000000000000003 0.5641666666666667 0.47000000000000003 0.5566666666666666 0.46625000000000005 0.5549999999999999 0.47125000000000006 0.5549999999999999 0.484375 0.5591666666666667 0.49812500000000004
0 0.6575 0.515625 0.6533333333333333 0.5125 0.6516666666666666 0.515625 0.6575 0.515625
0 0.5641666666666667 0.5050000000000001 0.5599999999999999 0.504375 0.5608333333333333 0.51 0.5641666666666667 0.5050000000000001
0 0.55 0.453125 0.5558333333333334 0.453125 0.5549999999999999 0.48375 0.5599999999999999 0.48937500000000006 0.5675 0.48937500000000006 0.5858333333333333 0.49812500000000004 0.5775 0.50125 0.5775 0.505625 0.5816666666666667 0.50875 0.5733333333333334 0.5112500000000001 0.575 0.515 0.5725 0.5206250000000001 0.5808333333333333 0.525625 0.5991666666666666 0.519375 0.6224999999999999 0.52 0.6241666666666666 0.5181250000000001 0.6208333333333333 0.515 0.6216666666666667 0.5118750000000001 0.6333333333333333 0.509375 0.6475 0.5118750000000001 0.6633333333333333 0.5075000000000001 0.6783333333333333 0.5068750000000001 0.6891666666666667 0.515625 0.6958333333333333 0.5162500000000001 0.7075 0.508125 0.7208333333333333 0.5068750000000001 0.7274999999999999 0.51375 0.7341666666666666 0.515625 0.7424999999999999 0.5112500000000001 0.7474999999999999 0.50375 0.7625 0.504375 0.7666666666666667 0.509375 0.7716666666666667 0.510625 0.7775 0.50875 0.7833333333333333 0.50125 0.7966666666666666 0.49750000000000005 0.7966666666666666 0.49375 0.7883333333333333 0.48625000000000007 0.7866666666666666 0.479375 0.7875 0.4756250000000001 0.7983333333333333 0.47062499999999996 0.8 0.46687500000000004 0.7958333333333333 0.446875 0.8 0.43500000000000005 0.7966666666666666 0.426875 0.7925 0.428125 0.7858333333333334 0.425 0.7849999999999999 0.428125 0.7891666666666667 0.43125 0.7891666666666667 0.44000000000000006 0.7833333333333333 0.441875 0.7725 0.440625 0.7683333333333333 0.44375 0.7525 0.448125 0.7441666666666666 0.445 0.71 0.448125 0.6841666666666667 0.44750000000000006 0.6816666666666666 0.445625 0.6666666666666667 0.44750000000000006 0.6616666666666666 0.4443750000000001 0.6608333333333334 0.4375 0.6441666666666667 0.44625000000000004 0.6408333333333334 0.4443750000000001 0.6375 0.44750000000000006 0.6308333333333334 0.44875 0.6233333333333333 0.448125 0.6191666666666666 0.43937499999999996 0.615 0.44125000000000003 0.6191666666666666 0.44625000000000004 0.61 0.44750000000000006 0.6108333333333333 0.4443750000000001 0.6025 0.449375 0.5966666666666667 0.445625 0.5908333333333333 0.449375 0.5866666666666667 0.44875 0.5816666666666667 0.42625 0.5783333333333334 0.43062500000000004 0.575 0.42625 0.5650000000000001 0.429375 0.5566666666666666 0.4287500000000001 0.5491666666666666 0.4325 0.5491666666666666 0.45125000000000004 0.55 0.453125
0 0.6166666666666667 0.43187500000000006 0.6166666666666667 0.426875 0.6191666666666666 0.428125 0.6224999999999999 0.425 0.6191666666666666 0.42437500000000006 0.6158333333333333 0.426875 0.6116666666666666 0.425 0.6091666666666666 0.4325 0.6166666666666667 0.43187500000000006
0 0.646875 0.421875 0.0015625 0.00078125
0 0.6366666666666666 0.421875 0.6316666666666666 0.42125 0.6291666666666667 0.421875 0.6366666666666666 0.421875
0 0.7734375 0.41875 0.003125 0.00078125
0 0.035833333333333335 0.561875 0.024166666666666666 0.5575 0.0225 0.5518750000000001 0.0125 0.559375 0.006666666666666666 0.55625 0 0.55625 0 0.5800000000000001 0.0025 0.5831250000000001 0 0.586875 0 0.615 0.006666666666666666 0.6175 0.02583333333333333 0.615 0.029166666666666667 0.6162500000000001 0.025 0.61875 0.02583333333333333 0.6206250000000001 0.034166666666666665 0.6162500000000001 0.03833333333333333 0.6162500000000001 0.04583333333333333 0.6206250000000001 0.05416666666666666 0.6168750000000001 0.057499999999999996 0.619375 0.06 0.61875 0.06 0.621875 0.05166666666666666 0.624375 0.05333333333333333 0.6268750000000001 0.06 0.625 0.0625 0.6168750000000001 0.0675 0.615 0.075 0.619375 0.07916666666666666 0.62875 0.08416666666666667 0.6300000000000001 0.09416666666666666 0.62625 0.09666666666666666 0.6162500000000001 0.10583333333333333 0.610625 0.10333333333333332 0.599375 0.10500000000000001 0.58125 0.08916666666666666 0.5725 0.08416666666666667 0.5587500000000001 0.07916666666666666 0.5537500000000001 0.06333333333333332 0.545 0.05333333333333333 0.545 0.043333333333333335 0.5518750000000001 0.035833333333333335 0.561875
0 0.04083333333333333 0.51875 0.03666666666666667 0.515 0.026666666666666665 0.515 0.04 0.5206250000000001 0.04083333333333333 0.51875
0 0.0025 0.5181250000000001 0 0.521875 0.005833333333333334 0.521875 0.0025 0.5206250000000001 0.005833333333333334 0.5184375 0.005 0.51375 0 0.515 0.0025 0.5181250000000001
0 0.5483333333333333 0.265 0.545 0.26687500000000003 0.5458333333333333 0.27 0.5483333333333333 0.265625 0.5533333333333333 0.265 0.5566666666666666 0.26812500000000006 0.5616666666666666 0.261875 0.5558333333333334 0.25375000000000003 0.55 0.250625 0.5508333333333333 0.25812500000000005 0.5458333333333333 0.259375 0.545 0.261875 0.5483333333333333 0.265
0 0.6546875 0.19609375 0.00078125 0.0015625
0 0.6816666666666666 0.19437500000000002 0.6858333333333333 0.19312500000000002 0.6849999999999999 0.190625 0.6808333333333334 0.19125 0.6791666666666667 0.1925 0.6816666666666666 0.19437500000000002
0 0.6775 0.1925 0.6758333333333333 0.190625 0.6783333333333333 0.1875 0.6816666666666666 0.1875 0.6816666666666666 0.185 0.675 0.18375000000000002 0.675 0.1925 0.6775 0.1925
0 0.6616666666666666 0.175625 0.6683333333333333 0.181875 0.6716666666666666 0.178125 0.6716666666666666 0.17125 0.6641666666666667 0.16375 0.6608333333333334 0.16375 0.6616666666666666 0.175625
0 0.5225 0.22625 0.5225 0.2375 0.5325 0.24937500000000004 0.5516666666666666 0.246875 0.5533333333333333 0.24375 0.5633333333333332 0.24500000000000002 0.5658333333333333 0.2375 0.575 0.23500000000000001 0.5958333333333333 0.23875000000000002 0.6058333333333333 0.234375 0.6266666666666667 0.234375 0.6333333333333333 0.2375 0.64 0.234375 0.6658333333333333 0.23374999999999999 0.6675 0.22625 0.6633333333333333 0.22375000000000003 0.6658333333333333 0.22062500000000002 0.6649999999999999 0.216875 0.6758333333333333 0.22125 0.6825 0.231875 0.6908333333333333 0.230625 0.6925 0.22562500000000002 0.7033333333333334 0.22000000000000003 0.7024999999999999 0.213125 0.6975 0.21125000000000002 0.6991666666666666 0.20625 0.6950000000000001 0.200625 0.6849999999999999 0.2 0.6816666666666666 0.196875 0.6775 0.19937500000000002 0.6691666666666667 0.215 0.6608333333333334 0.21437500000000004 0.6566666666666666 0.21125000000000002 0.6566666666666666 0.20625 0.65 0.19937500000000002 0.6466666666666667 0.19187500000000002 0.6416666666666667 0.18937500000000002 0.64 0.18125 0.63 0.165625 0.6224999999999999 0.16062500000000002 0.6125 0.148125 0.6133333333333333 0.140625 0.6075 0.13625 0.6041666666666667 0.12625000000000003 0.5991666666666666 0.121875 0.5908333333333333 0.121875 0.5858333333333333 0.133125 0.5816666666666667 0.13625 0.5766666666666667 0.133125 0.575 0.12312500000000001 0.5683333333333334 0.11937500000000001 0.5675 0.115625 0.5541666666666667 0.1275 0.55 0.12625000000000003 0.5466666666666666 0.128125 0.54 0.125 0.5366666666666666 0.12562500000000001 0.53 0.13687500000000002 0.5266666666666666 0.15625 0.5275000000000001 0.21750000000000003 0.5225 0.22625
0 0.06 0.5050000000000001 0.0625 0.51875 0.0675 0.521875 0.1075 0.52 0.12083333333333332 0.5175000000000001 0.1325 0.5181250000000001 0.14333333333333334 0.515625 0.16916666666666666 0.516875 0.1925 0.514375 0.2058333333333333 0.516875 0.21000000000000002 0.51375 0.21333333333333332 0.515625 0.215 0.5225000000000001 0.22083333333333335 0.524375 0.2225 0.5206250000000001 0.21666666666666665 0.515 0.22666666666666666 0.514375 0.22999999999999998 0.516875 0.23666666666666666 0.5112500000000001 0.25166666666666665 0.510625 0.265 0.510625 0.2725 0.513125 0.2925 0.50875 0.29833333333333334 0.5025000000000001 0.29583333333333334 0.48187500000000005 0.2891666666666667 0.476875 0.29333333333333333 0.46187500000000004 0.28583333333333333 0.453125 0.2758333333333333 0.4525 0.26 0.45625 0.24500000000000002 0.453125 0.21083333333333334 0.4525 0.19666666666666666 0.45499999999999996 0.1525 0.45499999999999996 0.14166666666666666 0.458125 0.11583333333333332 0.45875000000000005 0.10166666666666666 0.4625 0.0725 0.46312500000000006 0.06416666666666666 0.468125 0.056666666666666664 0.46749999999999997 0.052500000000000005 0.473125 0.05 0.491875 0.06 0.5050000000000001
0 0.10583333333333333 0.599375 0.11166666666666666 0.603125 0.11666666666666667 0.619375 0.13416666666666666 0.621875 0.1375 0.625 0.1408333333333333 0.6212500000000001 0.15083333333333332 0.61875 0.185 0.61875 0.1875 0.6212500000000001 0.18583333333333335 0.62875 0.19083333333333333 0.6268750000000001 0.19 0.6225 0.19333333333333333 0.619375 0.20833333333333334 0.613125 0.21666666666666665 0.6206250000000001 0.22666666666666666 0.6143750000000001 0.2325 0.61375 0.27999999999999997 0.615 0.2833333333333333 0.6162500000000001 0.28250000000000003 0.619375 0.29333333333333333 0.6268750000000001 0.29583333333333334 0.619375 0.2891666666666667 0.61875 0.2875 0.6168750000000001 0.29166666666666663 0.6118750000000001 0.30166666666666664 0.6118750000000001 0.31416666666666665 0.618125 0.31666666666666665 0.615 0.32416666666666666 0.61375 0.3283333333333333 0.610625 0.33166666666666667 0.60375 0.3308333333333333 0.5893750000000001 0.32083333333333336 0.5787500000000001 0.3158333333333333 0.578125 0.31083333333333335 0.5743750000000001 0.30833333333333335 0.56625 0.29166666666666663 0.5675000000000001 0.2816666666666666 0.5650000000000001 0.265 0.5643750000000001 0.25916666666666666 0.56625 0.20083333333333334 0.56625 0.18333333333333332 0.5693750000000001 0.16083333333333333 0.5700000000000001 0.15166666666666667 0.575625 0.14166666666666666 0.573125 0.12833333333333333 0.573125 0.11000000000000001 0.58125 0.10500000000000001 0.590625 0.10416666666666667 0.5956250000000001 0.10583333333333333 0.599375
0 0.5458333333333333 0.08812500000000001 0.545 0.09187500000000001 0.5533333333333333 0.09125000000000001 0.5608333333333333 0.093125 0.5599999999999999 0.10124999999999999 0.5625 0.0925 0.5691666666666666 0.09437500000000001 0.5716666666666667 0.09625 0.5741666666666666 0.110625 0.5766666666666667 0.11187500000000002 0.5791666666666667 0.11125 0.58 0.10562500000000001 0.585 0.10187500000000001 0.5883333333333333 0.10562500000000001 0.5900000000000001 0.11625 0.5958333333333333 0.114375 0.6125 0.11687499999999999 0.6158333333333333 0.113125 0.6233333333333333 0.11374999999999999 0.6316666666666666 0.11937500000000001 0.64 0.12062500000000001 0.6466666666666667 0.11625 0.6491666666666667 0.109375 0.6533333333333333 0.109375 0.6575 0.113125 0.6641666666666667 0.113125 0.6708333333333333 0.1075 0.675 0.1075 0.6933333333333334 0.11937500000000001 0.7033333333333334 0.121875 0.7066666666666667 0.125 0.7091666666666667 0.12562500000000001 0.7125 0.121875 0.7133333333333333 0.109375 0.7091666666666667 0.09875 0.6933333333333334 0.08687500000000001 0.6691666666666667 0.0775 0.6533333333333333 0.079375 0.6458333333333333 0.076875 0.605 0.05625 0.5900000000000001 0.05500000000000001 0.5816666666666667 0.058750000000000004 0.5783333333333334 0.056874999999999995 0.5741666666666666 0.05750000000000001 0.5708333333333333 0.06000000000000001 0.5458333333333333 0.059375 0.5358333333333334 0.066875 0.5325 0.066875 0.5383333333333333 0.081875 0.5458333333333333 0.08812500000000001
0 0.7116666666666667 0.490625 0.7166666666666667 0.495 0.7266666666666667 0.4912500000000001 0.7241666666666666 0.48875 0.7274999999999999 0.4875 0.7208333333333333 0.48687500000000006 0.7224999999999999 0.484375 0.72 0.48250000000000004 0.71 0.48250000000000004 0.7116666666666667 0.490625
0 0.6716666666666666 0.49250000000000005 0.6775 0.49437500000000006 0.6775 0.49812500000000004 0.6816666666666666 0.49812500000000004 0.6799999999999999 0.49437500000000006 0.6858333333333333 0.4912500000000001 0.6841666666666667 0.484375 0.6816666666666666 0.48187500000000005 0.675 0.48375 0.6716666666666666 0.48625000000000007 0.6716666666666666 0.49250000000000005
0 0.7516666666666667 0.484375 0.755 0.48812500000000003 0.7583333333333333 0.48812500000000003 0.7591666666666667 0.4831250000000001 0.7633333333333333 0.480625 0.7533333333333333 0.479375 0.7508333333333332 0.480625 0.7516666666666667 0.484375
0 0.5433333333333333 0.359375 0.5533333333333333 0.36125 0.5558333333333334 0.364375 0.5475 0.376875 0.5441666666666667 0.390625 0.5491666666666666 0.395625 0.5458333333333333 0.4131250000000001 0.5466666666666666 0.42374999999999996 0.5516666666666666 0.428125 0.5483333333333333 0.43500000000000005 0.5483333333333333 0.45 0.5558333333333334 0.46187500000000004 0.5558333333333334 0.4756250000000001 0.5583333333333333 0.480625 0.5683333333333334 0.4831250000000001 0.5816666666666667 0.48250000000000004 0.5916666666666667 0.475 0.6025 0.476875 0.6058333333333333 0.473125 0.6141666666666666 0.47875000000000006 0.6233333333333333 0.47750000000000004 0.6266666666666667 0.479375 0.6466666666666667 0.476875 0.6541666666666667 0.480625 0.6625 0.475 0.6658333333333333 0.47750000000000004 0.6716666666666666 0.478125 0.6758333333333333 0.47625 0.6825 0.47875000000000006 0.6875 0.476875 0.6849999999999999 0.471875 0.6883333333333332 0.46625000000000005 0.6925 0.46937500000000004 0.6975 0.46749999999999997 0.7 0.46875 0.7033333333333334 0.47250000000000003 0.7008333333333333 0.47750000000000004 0.7083333333333333 0.480625 0.7116666666666667 0.47750000000000004 0.7125 0.46937500000000004 0.72 0.47000000000000003 0.7166666666666667 0.4625 0.7233333333333334 0.4600000000000001 0.7274999999999999 0.46187500000000004 0.7383333333333333 0.46125 0.7408333333333333 0.46687500000000004 0.7491666666666666 0.46749999999999997 0.745 0.473125 0.7466666666666667 0.475 0.7583333333333333 0.47125000000000006 0.7649999999999999 0.475 0.7725 0.47437500000000005 0.775 0.471875 0.7849999999999999 0.47375 0.7933333333333333 0.47000000000000003 0.7933333333333333 0.445625 0.8033333333333333 0.43624999999999997 0.7941666666666667 0.418125 0.795 0.4125 0.8033333333333333 0.40812499999999996 0.7975 0.386875 0.7975 0.379375 0.8025 0.369375 0.7991666666666666 0.36625 0.8 0.36187500000000006 0.7916666666666667 0.35250000000000004 0.7941666666666667 0.345625 0.805 0.33937500000000004 0.8033333333333333 0.32625000000000004 0.7983333333333333 0.32062500000000005 0.8 0.31875 0.7808333333333334 0.33125 0.775 0.33125 0.7683333333333333 0.324375 0.755 0.324375 0.7491666666666666 0.335625 0.7441666666666666 0.338125 0.7325 0.338125 0.7308333333333333 0.34 0.7166666666666667 0.326875 0.7133333333333333 0.328125 0.71 0.32375000000000004 0.7058333333333333 0.324375 0.6991666666666666 0.334375 0.6883333333333332 0.33875 0.6791666666666667 0.3325 0.6741666666666666 0.3225 0.6625 0.3225 0.6566666666666666 0.32 0.6491666666666667 0.32062500000000005 0.6508333333333333 0.324375 0.6466666666666667 0.33 0.6408333333333334 0.326875 0.6391666666666667 0.323125 0.6158333333333333 0.32625000000000004 0.6125 0.32375000000000004 0.6083333333333333 0.325625 0.6 0.324375 0.5991666666666666 0.3275 0.5925 0.324375 0.5891666666666666 0.32625000000000004 0.5741666666666666 0.3275 0.5533333333333333 0.326875 0.5441666666666667 0.328125 0.5408333333333333 0.33062500000000006 0.54 0.354375 0.5433333333333333 0.359375
0 0.5700000000000001 0.578125 0.5725 0.5787500000000001 0.5708333333333333 0.5850000000000001 0.5741666666666666 0.576875 0.5916666666666667 0.5737500000000001 0.6016666666666667 0.56875 0.6224999999999999 0.571875 0.6308333333333334 0.5700000000000001 0.6333333333333333 0.566875 0.6441666666666667 0.56625 0.6475 0.570625 0.6541666666666667 0.571875 0.6625 0.5693750000000001 0.6675 0.56375 0.6791666666666667 0.559375 0.6858333333333333 0.56 0.6891666666666667 0.5625 0.6958333333333333 0.5587500000000001 0.7233333333333334 0.5581250000000001 0.7308333333333333 0.561875 0.7491666666666666 0.556875 0.7649999999999999 0.5625 0.7775 0.5587500000000001 0.7833333333333333 0.5525 0.7933333333333333 0.55 0.7966666666666666 0.546875 0.7908333333333333 0.5337500000000001 0.7908333333333333 0.52875 0.7966666666666666 0.521875 0.7891666666666667 0.50125 0.78 0.503125 0.7758333333333333 0.5018750000000001 0.7708333333333333 0.509375 0.7658333333333334 0.50875 0.7616666666666666 0.50375 0.7525 0.5018750000000001 0.7208333333333333 0.505625 0.6916666666666667 0.5050000000000001 0.6816666666666666 0.5068750000000001 0.675 0.50125 0.6758333333333333 0.503125 0.6641666666666667 0.504375 0.6591666666666667 0.508125 0.6491666666666667 0.5068750000000001 0.63 0.510625 0.625 0.508125 0.6083333333333333 0.5125 0.595 0.5112500000000001 0.5908333333333333 0.5050000000000001 0.5791666666666667 0.5025000000000001 0.5708333333333333 0.5075000000000001 0.5733333333333334 0.5125 0.5641666666666667 0.515 0.5625 0.5225000000000001 0.5633333333333332 0.550625 0.5700000000000001 0.578125
0 0.5775 0.49437500000000006 0.5841666666666667 0.4987500000000001 0.5816666666666667 0.4956250000000001 0.585 0.49375 0.5808333333333333 0.4912500000000001 0.5808333333333333 0.495 0.5775 0.49437500000000006
0 0.6258333333333332 0.49625 0.6266666666666667 0.49375 0.6224999999999999 0.49000000000000005 0.6224999999999999 0.49437500000000006 0.6258333333333332 0.49625
0 0.6666666666666667 0.49437500000000006 0.6649999999999999 0.48875 0.6608333333333334 0.48937500000000006 0.6608333333333334 0.49375 0.6666666666666667 0.49437500000000006
0 0.6083333333333333 0.4875 0.605 0.48562500000000003 0.6041666666666667 0.4875 0.6083333333333333 0.4875
0 0.5866666666666667 0.4875 0.5925 0.48812500000000003 0.5958333333333333 0.4912500000000001 0.6 0.48812500000000003 0.6 0.48500000000000004 0.5916666666666667 0.48375 0.5916666666666667 0.4875 0.5866666666666667 0.4875
0 0.66796875 0.48125 0.0015625 0.00078125
0 0.64609375 0.48125 0.00390625 0.00078125
0 0.35333333333333333 0.47000000000000003 0.34833333333333333 0.46937500000000004 0.3466666666666667 0.47000000000000003 0.35333333333333333 0.47000000000000003
0 0.335 0.46875 0.33916666666666667 0.4625 0.33249999999999996 0.464375 0.3308333333333333 0.46749999999999997 0.335 0.46875
0 0.3875 0.459375 0.38666666666666666 0.45687500000000003 0.385 0.460625 0.3875 0.459375
0 0.43583333333333335 0.45687500000000003 0.43499999999999994 0.45562500000000006 0.4333333333333333 0.45687500000000003 0.43583333333333335 0.45687500000000003
0 0.41916666666666663 0.460625 0.42000000000000004 0.45625 0.4133333333333333 0.45499999999999996 0.4091666666666667 0.4600000000000001 0.41916666666666663 0.460625
0 0.4041666666666667 0.46375 0.4066666666666666 0.45875000000000005 0.4033333333333333 0.45437500000000003 0.4 0.45437500000000003 0.39666666666666667 0.46312500000000006 0.4041666666666667 0.46375
0 0.3283333333333333 0.45687500000000003 0.33416666666666667 0.4575 0.3358333333333333 0.45062500000000005 0.3275 0.45062500000000005 0.32416666666666666 0.453125 0.3283333333333333 0.45687500000000003
0 0.44000000000000006 0.4525 0.44416666666666665 0.45875000000000005 0.45166666666666666 0.46187500000000004 0.4608333333333333 0.4600000000000001 0.4616666666666666 0.449375 0.465 0.44625000000000004 0.46333333333333326 0.4443750000000001 0.4341666666666667 0.4443750000000001 0.43583333333333335 0.45062500000000005 0.44000000000000006 0.4525
0 0.42833333333333334 0.376875 0.42833333333333334 0.374375 0.425 0.37625000000000003 0.42833333333333334 0.376875
0 0.28583333333333333 0.42125 0.2866666666666667 0.445 0.29500000000000004 0.44625000000000004 0.31 0.4525 0.315 0.4525 0.3158333333333333 0.449375 0.32416666666666666 0.445625 0.3383333333333333 0.449375 0.3416666666666667 0.45437500000000003 0.345 0.45499999999999996 0.34750000000000003 0.46125 0.35833333333333334 0.46625000000000005 0.35833333333333334 0.473125 0.3616666666666667 0.47250000000000003 0.36583333333333334 0.465 0.3783333333333333 0.46375 0.37916666666666665 0.4600000000000001 0.38166666666666665 0.459375 0.38166666666666665 0.45187499999999997 0.39249999999999996 0.4443750000000001 0.3933333333333333 0.44625000000000004 0.39583333333333337 0.440625 0.4066666666666666 0.43875000000000003 0.42416666666666664 0.43937499999999996 0.42833333333333334 0.44375 0.43083333333333335 0.440625 0.44000000000000006 0.441875 0.47000000000000003 0.43937499999999996 0.47750000000000004 0.449375 0.47333333333333333 0.45437500000000003 0.4658333333333333 0.4575 0.4625 0.46312500000000006 0.4708333333333333 0.464375 0.48 0.46312500000000006 0.48583333333333334 0.458125 0.49916666666666665 0.45687500000000003 0.5041666666666667 0.43624999999999997 0.5083333333333333 0.436875 0.5225 0.433125 0.53 0.4287500000000001 0.5291666666666667 0.41375 0.5241666666666667 0.40437500000000004 0.5275000000000001 0.396875 0.5258333333333333 0.384375 0.5191666666666667 0.37875000000000003 0.5116666666666666 0.379375 0.505 0.375625 0.49416666666666664 0.37625000000000003 0.48916666666666664 0.3725 0.4841666666666667 0.37312500000000004 0.48250000000000004 0.376875 0.48 0.376875 0.47750000000000004 0.37312500000000004 0.465 0.37312500000000004 0.45999999999999996 0.38062500000000005 0.4425 0.37312500000000004 0.4325 0.37312500000000004 0.425 0.38125 0.4216666666666667 0.379375 0.41916666666666663 0.38125 0.4141666666666667 0.379375 0.4083333333333333 0.38062500000000005 0.40499999999999997 0.386875 0.4 0.3875 0.39416666666666667 0.396875 0.3883333333333333 0.39437500000000003 0.3808333333333333 0.38625000000000004 0.36083333333333334 0.37625000000000003 0.345 0.37875000000000003 0.3283333333333333 0.388125 0.31416666666666665 0.38312500000000005 0.3 0.38312500000000005 0.29416666666666663 0.39125 0.28583333333333333 0.395625 0.2791666666666667 0.41125 0.28583333333333333 0.42125
0 0.21333333333333332 0.748125 0.20750000000000002 0.7475 0.2058333333333333 0.748125 0.21333333333333332 0.748125
0 0.2058333333333333 0.779375 0.20750000000000002 0.78125 0.205 0.7975000000000001 0.20916666666666667 0.8006249999999999 0.2425 0.798125 0.3358333333333333 0.79625 0.38416666666666666 0.791875 0.3883333333333333 0.790625 0.39 0.7875 0.38166666666666665 0.7550000000000001 0.3683333333333333 0.75375 0.3516666666666667 0.755625 0.33999999999999997 0.753125 0.335 0.744375 0.3458333333333333 0.7412500000000001 0.3408333333333333 0.73875 0.32 0.7412500000000001 0.30666666666666664 0.7375 0.28583333333333333 0.740625 0.26749999999999996 0.740625 0.25666666666666665 0.74375 0.25166666666666665 0.7506250000000001 0.24833333333333335 0.749375 0.24666666666666667 0.744375 0.24333333333333332 0.7462500000000001 0.24083333333333332 0.744375 0.24416666666666664 0.7475 0.2425 0.749375 0.23500000000000001 0.749375 0.2225 0.759375 0.20666666666666664 0.759375 0.20416666666666666 0.76375 0.19833333333333333 0.766875 0.19916666666666666 0.77875 0.2058333333333333 0.779375
0 0.02583333333333333 0.303125 0.029166666666666667 0.30250000000000005 0.02583333333333333 0.3 0.02583333333333333 0.303125
0 0.06583333333333333 0.291875 0.06333333333333332 0.28937500000000005 0.06666666666666667 0.293125 0.06416666666666666 0.296875 0.07083333333333333 0.296875 0.07333333333333333 0.293125 0.07166666666666667 0.28937500000000005 0.0675 0.28937500000000005 0.06583333333333333 0.291875
0 0.10666666666666666 0.29812500000000003 0.11000000000000001 0.29875 0.11416666666666667 0.2975 0.11750000000000001 0.28937500000000005 0.12333333333333334 0.29125 0.12666666666666665 0.29875 0.12583333333333332 0.29625 0.13166666666666665 0.290625 0.13 0.28687500000000005 0.12666666666666665 0.288125 0.12333333333333334 0.285625 0.10166666666666666 0.285625 0.10166666666666666 0.29000000000000004 0.10666666666666666 0.29812500000000003
0 0.16583333333333333 0.28625 0.1675 0.290625 0.16999999999999998 0.29000000000000004 0.17083333333333334 0.28625 0.16666666666666669 0.28250000000000003 0.16 0.28125 0.15916666666666665 0.28375000000000006 0.16583333333333333 0.28625
0 0.14250000000000002 0.29375 0.14916666666666667 0.29875 0.15416666666666667 0.29875 0.15666666666666668 0.29125 0.16166666666666668 0.29125 0.16333333333333333 0.28937500000000005 0.15416666666666667 0.28625 0.155 0.28125 0.1408333333333333 0.281875 0.13916666666666666 0.284375 0.14250000000000002 0.29375
0 0.19166666666666668 0.293125 0.19333333333333333 0.2975 0.19583333333333333 0.2975 0.19333333333333333 0.293125 0.19916666666666666 0.28937500000000005 0.20249999999999999 0.29000000000000004 0.19583333333333333 0.284375 0.20750000000000002 0.27875 0.20083333333333334 0.2775 0.19749999999999998 0.280625 0.19416666666666665 0.278125 0.195 0.28125 0.18833333333333332 0.278125 0.18583333333333335 0.27937500000000004 0.18416666666666665 0.28937500000000005 0.19166666666666668 0.293125
0 0.209375 0.27578125 0.00078125 0.0015625
0 0.035833333333333335 0.27937500000000004 0.034166666666666665 0.28125 0.0375 0.283125 0.034166666666666665 0.285625 0.0375 0.2875 0.04 0.28687500000000005 0.03916666666666667 0.28 0.04416666666666667 0.27687500000000004 0.042499999999999996 0.275 0.0325 0.275 0.035833333333333335 0.27937500000000004
0 0.17583333333333334 0.26937500000000003 0.175 0.2675 0.1725 0.26937500000000003 0.17083333333333334 0.2675 0.16499999999999998 0.26812500000000006 0.175 0.270625 0.17583333333333334 0.26937500000000003
0 0.09583333333333334 0.23625000000000002 0.0975 0.23374999999999999 0.09416666666666666 0.23125 0.0925 0.23500000000000001 0.09583333333333334 0.23625000000000002
0 0.47000000000000003 0.215625 0.47333333333333333 0.21812499999999999 0.47333333333333333 0.2125 0.47000000000000003 0.2125 0.47000000000000003 0.215625
0 0.3796875 0.20625 0.00078125 0.00078125
0 0.4734375 0.20625 0.00078125 0.0015625
0 0.445 0.2 0.44000000000000006 0.1975 0.43499999999999994 0.19812500000000002 0.43499999999999994 0.20437500000000003 0.445 0.2
0 0.2308333333333333 0.19875 0.23333333333333334 0.19125 0.22999999999999998 0.19 0.22749999999999998 0.19375 0.2308333333333333 0.19875
0 0.24416666666666664 0.18812500000000001 0.2425 0.17875000000000002 0.23916666666666667 0.185 0.24083333333333332 0.195 0.24416666666666664 0.18812500000000001
0 0.48250000000000004 0.175 0.4875 0.17375000000000002 0.4875 0.17 0.48250000000000004 0.171875 0.48250000000000004 0.175
0 0.25833333333333336 0.16875 0.25416666666666665 0.171875 0.25666666666666665 0.183125 0.265 0.183125 0.2683333333333333 0.17875000000000002 0.26666666666666666 0.171875 0.26083333333333336 0.170625 0.25916666666666666 0.164375 0.255 0.1625 0.25416666666666665 0.16812500000000002 0.25833333333333336 0.16875
0 0.36083333333333334 0.153125 0.36333333333333334 0.150625 0.3591666666666667 0.15 0.3625 0.15687500000000001 0.36083333333333334 0.153125
0 0.0016666666666666666 0.358125 0.005 0.36875 0.0025 0.38875000000000004 0.005 0.395625 0.01 0.398125 0.020833333333333336 0.410625 0.019166666666666665 0.434375 0.03 0.44125000000000003 0.030833333333333334 0.453125 0.035833333333333335 0.46312500000000006 0.05 0.465625 0.0725 0.465 0.0875 0.46125 0.10666666666666666 0.460625 0.12166666666666666 0.4575 0.19583333333333333 0.45375000000000004 0.20416666666666666 0.45062500000000005 0.26166666666666666 0.4525 0.2725 0.45 0.2758333333333333 0.446875 0.27666666666666667 0.4375 0.27083333333333337 0.415625 0.2758333333333333 0.4025 0.275 0.39375 0.26749999999999996 0.39375 0.2533333333333333 0.386875 0.2558333333333333 0.37875000000000003 0.255 0.36625 0.24333333333333332 0.353125 0.24500000000000002 0.3375 0.24 0.33625000000000005 0.2375 0.33125 0.2325 0.33 0.22999999999999998 0.33187500000000003 0.21583333333333332 0.32937500000000003 0.21083333333333334 0.325625 0.2 0.326875 0.1925 0.3225 0.19083333333333333 0.3275 0.18583333333333335 0.32875 0.17833333333333332 0.3225 0.1725 0.324375 0.17083333333333334 0.328125 0.17416666666666666 0.328125 0.17333333333333334 0.33125 0.16916666666666666 0.3325 0.1575 0.33125 0.15 0.326875 0.13999999999999999 0.326875 0.13666666666666666 0.324375 0.13 0.33 0.11499999999999999 0.32625000000000004 0.08499999999999999 0.3275 0.07833333333333334 0.33 0.05 0.33 0.043333333333333335 0.333125 0.04083333333333333 0.340625 0.03333333333333333 0.343125 0.018333333333333333 0.34 0.019166666666666665 0.334375 0.013750000000000002 0.334375 0.010833333333333334 0.33937500000000004 0.008333333333333333 0.334375 0.003333333333333333 0.3375 0.006666666666666666 0.34750000000000003 0.0016666666666666666 0.358125
0 0.14750000000000002 0.670625 0.15083333333333332 0.6881250000000001 0.15916666666666665 0.6925000000000001 0.16166666666666668 0.7025 0.16999999999999998 0.70625 0.17333333333333334 0.713125 0.17333333333333334 0.723125 0.18333333333333332 0.7306250000000001 0.185 0.7393750000000001 0.19166666666666668 0.744375 0.19833333333333333 0.744375 0.20249999999999999 0.7418750000000001 0.24 0.7418750000000001 0.24916666666666668 0.7375 0.24666666666666667 0.73375 0.2558333333333333 0.731875 0.26083333333333336 0.7262500000000001 0.265 0.7275 0.26916666666666667 0.7325 0.2833333333333333 0.733125 0.28583333333333333 0.7350000000000001 0.2925 0.73375 0.30166666666666664 0.7262500000000001 0.31 0.7300000000000001 0.335 0.729375 0.3416666666666667 0.73375 0.3458333333333333 0.73125 0.3466666666666667 0.73375 0.35666666666666663 0.738125 0.36583333333333334 0.7375 0.37 0.73375 0.36666666666666664 0.7125 0.3591666666666667 0.69375 0.35833333333333334 0.675 0.355 0.6637500000000001 0.3441666666666666 0.655625 0.3416666666666667 0.641875 0.335 0.635625 0.3158333333333333 0.63375 0.305 0.6362500000000001 0.2891666666666667 0.6362500000000001 0.28583333333333333 0.638125 0.2783333333333333 0.6362500000000001 0.2633333333333333 0.6412500000000001 0.2525 0.6375 0.24333333333333332 0.6375 0.23333333333333334 0.6412500000000001 0.21833333333333332 0.6412500000000001 0.2 0.6456250000000001 0.175 0.641875 0.16 0.6475000000000001 0.15 0.64625 0.14333333333333334 0.6518750000000001 0.13999999999999999 0.6587500000000001 0.14750000000000002 0.670625
0 0.05078125 0.45 0.00078125 0.0015625
0 0.08828125 0.44609375 0.0015625 0.00078125
0 0.10234375 0.4390625 0.00078125 0.00078125
0 0.057499999999999996 0.4425 0.056666666666666664 0.43812500000000004 0.05333333333333333 0.4375 0.05333333333333333 0.44000000000000006 0.057499999999999996 0.4425
0 0.065 0.445 0.06666666666666667 0.441875 0.06416666666666666 0.436875 0.0625 0.43875000000000003 0.06166666666666667 0.4425 0.065 0.445
0 0.24083333333333332 0.43062500000000004 0.24916666666666668 0.4287500000000001 0.25 0.43062500000000004 0.25416666666666665 0.43062500000000004 0.2575 0.4287500000000001 0.25416666666666665 0.42562500000000003 0.2558333333333333 0.42125 0.24791666666666665 0.421875 0.24511326860841423 0.4242779126213592 0.2475 0.42750000000000005 0.23833333333333334 0.428125 0.24083333333333332 0.428125 0.24083333333333332 0.43062500000000004
0 0.24083333333333332 0.40625 0.24083333333333332 0.40062500000000006 0.2375 0.396875 0.23666666666666666 0.40375000000000005 0.24083333333333332 0.40625
0 0.0078125 0.3859375 0.0015625 0.0015625
0 0.1675 0.385625 0.16999999999999998 0.384375 0.16833333333333333 0.38125 0.16333333333333333 0.38375000000000004 0.1625 0.3825 0.16166666666666668 0.38375000000000004 0.1675 0.385625
0 0.25083333333333335 0.384375 0.25416666666666665 0.375625 0.25083333333333335 0.37 0.24583333333333335 0.37125 0.24583333333333335 0.38312500000000005 0.25083333333333335 0.384375
0 0.03833333333333333 0.375625 0.043333333333333335 0.371875 0.04666666666666667 0.37312500000000004 0.04 0.37 0.034166666666666665 0.3725 0.03666666666666667 0.371875 0.03833333333333333 0.375625
0 0.053125 0.36953125 0.0015625 0.00078125
0 0.15 0.378125 0.15333333333333332 0.378125 0.14833333333333334 0.3725 0.15416666666666667 0.371875 0.15083333333333332 0.36812500000000004 0.14750000000000002 0.37312500000000004 0.15 0.378125
0 0.08916666666666666 0.355625 0.08499999999999999 0.35250000000000004 0.08499999999999999 0.35750000000000004 0.08916666666666666 0.355625
0 0.12666666666666665 0.35375 0.13166666666666665 0.35187500000000005 0.12583333333333332 0.35125 0.12416666666666668 0.35250000000000004 0.12666666666666665 0.35375
0 0.13984375 0.34921875 0.0015625 0.00078125
0 0.16916666666666666 0.348125 0.175 0.35187500000000005 0.1875 0.34875 0.175 0.343125 0.16583333333333333 0.34875 0.16916666666666666 0.348125
0 0.08416666666666667 0.340625 0.08499999999999999 0.3375 0.08083333333333334 0.33687500000000004 0.08083333333333334 0.340625 0.08416666666666667 0.340625
0 0.07416666666666667 0.333125 0.07916666666666666 0.33125 0.049166666666666664 0.33125 0.07416666666666667 0.333125
0 0.08416666666666667 0.33375000000000005 0.08666666666666667 0.33187500000000003 0.08499999999999999 0.33 0.08249999999999999 0.33125 0.08416666666666667 0.33375000000000005
0 0.11916666666666667 0.34375 0.13333333333333333 0.34625000000000006 0.13333333333333333 0.34125 0.12333333333333334 0.33062500000000006 0.11916666666666667 0.32937500000000003 0.11583333333333332 0.33125 0.11416666666666667 0.338125 0.11916666666666667 0.34375
0 0.027500000000000004 0.41125 0.027500000000000004 0.418125 0.034166666666666665 0.43062500000000004 0.04083333333333333 0.429375 0.042499999999999996 0.42437500000000006 0.04666666666666667 0.42750000000000005 0.05083333333333333 0.425 0.06 0.42437500000000006 0.06416666666666666 0.42062499999999997 0.0675 0.425 0.07083333333333333 0.421875 0.08 0.43187500000000006 0.07166666666666667 0.43562500000000004 0.07666666666666666 0.43500000000000005 0.0775 0.436875 0.07416666666666667 0.44125000000000003 0.07166666666666667 0.43937499999999996 0.06916666666666667 0.4425 0.07083333333333333 0.45437500000000003 0.059166666666666666 0.45687500000000003 0.059166666666666666 0.453125 0.05333333333333333 0.45125000000000004 0.05 0.45499999999999996 0.052500000000000005 0.45875000000000005 0.05083333333333333 0.491875 0.05333333333333333 0.496875 0.058333333333333334 0.5 0.0625 0.5162500000000001 0.06583333333333333 0.52 0.0975 0.52 0.12333333333333334 0.5162500000000001 0.1375 0.516875 0.14333333333333334 0.514375 0.1675 0.515625 0.19416666666666665 0.5125 0.20249999999999999 0.515 0.20750000000000002 0.5125 0.21833333333333332 0.513125 0.23666666666666666 0.509375 0.27999999999999997 0.51 0.29500000000000004 0.505625 0.2966666666666667 0.491875 0.29333333333333333 0.484375 0.2875 0.480625 0.29 0.46375 0.28583333333333333 0.459375 0.28250000000000003 0.460625 0.2758333333333333 0.45625 0.27083333333333337 0.4575 0.265 0.4525 0.26749999999999996 0.449375 0.2658333333333333 0.445625 0.27166666666666667 0.445625 0.27166666666666667 0.44000000000000006 0.25916666666666666 0.43375 0.255 0.43562500000000004 0.25083333333333335 0.434375 0.24083333333333332 0.4425 0.24666666666666667 0.44625000000000004 0.24500000000000002 0.449375 0.2325 0.45 0.22666666666666666 0.44625000000000004 0.22916666666666666 0.43500000000000005 0.22166666666666668 0.425 0.21333333333333332 0.421875 0.21833333333333332 0.415625 0.21333333333333332 0.410625 0.22000000000000003 0.40499999999999997 0.22333333333333333 0.40750000000000003 0.22833333333333333 0.40499999999999997 0.22916666666666666 0.39437500000000003 0.2341666666666667 0.395625 0.23666666666666666 0.39 0.2308333333333333 0.386875 0.21916666666666665 0.389375 0.20916666666666667 0.38625000000000004 0.215 0.37750000000000006 0.2125 0.36625 0.22000000000000003 0.35750000000000004 0.225 0.36125 0.22666666666666666 0.366875 0.2308333333333333 0.366875 0.2341666666666667 0.37 0.24083333333333332 0.36625 0.24416666666666664 0.366875 0.24583333333333335 0.3625 0.24 0.35500000000000004 0.22416666666666668 0.353125 0.21916666666666665 0.35 0.22000000000000003 0.346875 0.22666666666666666 0.346875 0.22749999999999998 0.34500000000000003 0.22333333333333333 0.34125 0.22000000000000003 0.343125 0.21833333333333332 0.34187500000000004 0.21583333333333332 0.33125 0.21083333333333334 0.3275 0.20166666666666666 0.33125 0.20750000000000002 0.334375 0.20416666666666666 0.338125 0.20916666666666667 0.34187500000000004 0.20166666666666666 0.34500000000000003 0.20666666666666664 0.348125 0.20750000000000002 0.35250000000000004 0.2 0.356875 0.1775 0.355625 0.15416666666666667 0.36125 0.13916666666666666 0.359375 0.13333333333333333 0.36 0.13333333333333333 0.36375 0.11916666666666667 0.36062500000000003 0.11333333333333333 0.36500000000000005 0.09333333333333334 0.364375 0.0925 0.366875 0.08416666666666667 0.36062500000000003 0.07833333333333334 0.3625 0.07333333333333333 0.36750000000000005 0.06 0.369375 0.06333333333333332 0.38 0.06666666666666667 0.3825 0.06666666666666667 0.3875 0.06333333333333332 0.39125 0.05416666666666666 0.39437500000000003 0.05333333333333333 0.398125 0.04416666666666667 0.398125 0.0475 0.39375 0.03916666666666667 0.39187500000000003 0.034999999999999996 0.39375 0.0325 0.39937500000000004 0.018333333333333333 0.39937500000000004 0.01583333333333333 0.40437500000000004 0.027500000000000004 0.41125
0 0.06999999999999999 0.5225000000000001 0.06666666666666667 0.521875 0.06833333333333333 0.525625 0.06999999999999999 0.5225000000000001
0 0.08583333333333333 0.5525 0.09416666666666666 0.570625 0.10916666666666666 0.5775 0.11666666666666667 0.5775 0.12333333333333334 0.5737500000000001 0.135 0.5725 0.15083333333333332 0.575625 0.16083333333333333 0.5693750000000001 0.18666666666666668 0.568125 0.19416666666666665 0.565625 0.2375 0.565625 0.26166666666666666 0.5631250000000001 0.2683333333333333 0.5650000000000001 0.28250000000000003 0.56375 0.29083333333333333 0.56625 0.31083333333333335 0.561875 0.315 0.5581250000000001 0.3158333333333333 0.548125 0.31083333333333335 0.5375 0.31416666666666665 0.52625 0.31416666666666665 0.5118750000000001 0.31 0.513125 0.3 0.509375 0.28583333333333333 0.5112500000000001 0.2791666666666667 0.51 0.2733333333333333 0.5118750000000001 0.26666666666666666 0.51 0.23666666666666666 0.509375 0.2308333333333333 0.51375 0.185 0.513125 0.16416666666666666 0.516875 0.14916666666666667 0.515 0.13 0.51875 0.11916666666666667 0.5181250000000001 0.11583333333333332 0.52 0.08666666666666667 0.521875 0.08 0.525 0.07916666666666666 0.546875 0.08583333333333333 0.5525
0 0 0.490625 0.0025 0.49437500000000006 0.0025 0.509375 0 0.5118750000000001 0 0.566875 0.0025 0.568125 0.005 0.5775 0.004166666666666667 0.591875 0 0.6 0 0.6412500000000001 0.0025 0.64375 0.003333333333333333 0.65375 0.01583333333333333 0.6575 0.021666666666666667 0.654375 0.029166666666666667 0.654375 0.03666666666666667 0.649375 0.04 0.65375 0.04416666666666667 0.654375 0.04166666666666667 0.650625 0.05 0.64625 0.05583333333333333 0.6475000000000001 0.06333333333333332 0.6431250000000001 0.09166666666666666 0.64 0.09333333333333334 0.6368750000000001 0.09833333333333333 0.635 0.10416666666666667 0.6362500000000001 0.10583333333333333 0.64 0.1125 0.6425000000000001 0.11416666666666667 0.6368750000000001 0.12666666666666665 0.630625 0.12666666666666665 0.62625 0.11333333333333333 0.62 0.10916666666666666 0.60875 0.10083333333333333 0.599375 0.10333333333333332 0.58125 0.0875 0.570625 0.08499999999999999 0.555625 0.0775 0.545625 0.0775 0.52875 0.07416666666666667 0.525625 0.06083333333333333 0.5225000000000001 0.056666666666666664 0.515625 0.056666666666666664 0.50375 0.04583333333333333 0.49437500000000006 0.03833333333333333 0.47750000000000004 0.0325 0.47125000000000006 0.019166666666666665 0.46312500000000006 0.015 0.46312500000000006 0.013333333333333332 0.46749999999999997 0.008333333333333333 0.46937500000000004 0.005 0.47375 0.008333333333333333 0.48375 0 0.490625
0 0.018333333333333333 0.759375 0.017499999999999998 0.7725000000000001 0.03 0.77625 0.029166666666666667 0.7881250000000001 0.034999999999999996 0.79125 0.16083333333333333 0.789375 0.19833333333333333 0.785 0.19416666666666665 0.77 0.185 0.7618750000000001 0.185 0.7525000000000001 0.17916666666666667 0.74875 0.16583333333333333 0.7506250000000001 0.1575 0.7456250000000001 0.15 0.7475 0.14666666666666667 0.7506250000000001 0.13666666666666666 0.75 0.12666666666666665 0.75375 0.11583333333333332 0.75375 0.10916666666666666 0.75 0.10583333333333333 0.75375 0.09833333333333333 0.753125 0.07916666666666666 0.75625 0.07416666666666667 0.754375 0.065 0.75625 0.056666666666666664 0.754375 0.027500000000000004 0.75625 0.021666666666666667 0.75125 0.014166666666666666 0.7525000000000001 0.011666666666666667 0.7506250000000001 0.01 0.7550000000000001 0.018333333333333333 0.759375
0 0.13999999999999999 0.7393750000000001 0.14333333333333334 0.7368750000000001 0.16499999999999998 0.7375 0.15833333333333333 0.73375 0.14875 0.73375 0.14750000000000002 0.7368750000000001 0.14395833333333333 0.73375 0.1375 0.734375 0.13416666666666666 0.7375 0.13999999999999999 0.7393750000000001
0 0.10416666666666667 0.7362500000000001 0.10833333333333332 0.73875 0.11333333333333333 0.7362500000000001 0.1325 0.7375 0.13 0.73375 0.12583333333333332 0.7362500000000001 0.11833333333333333 0.7325 0.11166666666666666 0.733125 0.10666666666666666 0.7362500000000001 0.10583333333333333 0.73375 0.1 0.73125 0.08833333333333333 0.73375 0.095 0.738125 0.10416666666666667 0.7362500000000001
0 0.5349999999999999 0.324375 0.54 0.326875 0.5541666666666667 0.32625000000000004 0.5566666666666666 0.328125 0.5525 0.335 0.5549999999999999 0.34187500000000004 0.5683333333333334 0.340625 0.5708333333333333 0.334375 0.5683333333333334 0.33125 0.5616666666666666 0.33 0.5625 0.32625000000000004 0.5866666666666667 0.324375 0.5941666666666666 0.33062500000000006 0.5941666666666666 0.335625 0.5983333333333334 0.3425 0.6091666666666666 0.3425 0.6133333333333333 0.33062500000000006 0.6083333333333333 0.32375000000000004 0.6291666666666667 0.32375000000000004 0.6358333333333334 0.326875 0.64 0.334375 0.6425 0.333125 0.6508333333333333 0.335625 0.655 0.33187500000000003 0.6516666666666666 0.32125000000000004 0.6566666666666666 0.319375 0.6608333333333334 0.32125000000000004 0.675 0.32125000000000004 0.6808333333333334 0.33125 0.6916666666666667 0.33875 0.6958333333333333 0.3375 0.71 0.321875 0.7208333333333333 0.33062500000000006 0.7333333333333333 0.33625000000000005 0.7433333333333334 0.33375000000000005 0.7508333333333332 0.328125 0.7508333333333332 0.324375 0.755 0.32 0.7575000000000001 0.3225 0.7641666666666667 0.32125000000000004 0.78 0.33 0.7941666666666667 0.323125 0.8116666666666668 0.30375 0.8116666666666668 0.3 0.7966666666666666 0.283125 0.7825 0.281875 0.7641666666666667 0.29875 0.7566666666666666 0.296875 0.7483333333333333 0.28500000000000003 0.7333333333333333 0.285625 0.7266666666666667 0.29625 0.7133333333333333 0.301875 0.7083333333333333 0.29875 0.7041666666666667 0.28937500000000005 0.6916666666666667 0.284375 0.6858333333333333 0.27937500000000004 0.6633333333333333 0.27875 0.6441666666666667 0.28125 0.6358333333333334 0.28 0.6233333333333333 0.28250000000000003 0.5908333333333333 0.281875 0.585 0.285625 0.5566666666666666 0.2875 0.55 0.29375 0.5416666666666667 0.29500000000000004 0.5333333333333333 0.306875 0.5325 0.32062500000000005 0.5349999999999999 0.324375
0 0.2783333333333333 0.6631250000000001 0.2875 0.661875 0.27416666666666667 0.660625 0.27166666666666667 0.6612500000000001 0.2783333333333333 0.6631250000000001
0 0.34140625 0.6578125 0.00078125 0.00078125
0 0.15583333333333332 0.68875 0.16083333333333333 0.6987500000000001 0.16 0.7025 0.1725 0.713125 0.17333333333333334 0.7237500000000001 0.18083333333333335 0.7275 0.19333333333333333 0.7262500000000001 0.19916666666666666 0.7300000000000001 0.19749999999999998 0.7325 0.1875 0.735625 0.18666666666666668 0.7375 0.1925 0.7425 0.20249999999999999 0.740625 0.20916666666666667 0.7425 0.2375 0.7412500000000001 0.24083333333333332 0.738125 0.24 0.726875 0.24416666666666664 0.725 0.2758333333333333 0.7256250000000001 0.2816666666666666 0.7306250000000001 0.28583333333333333 0.729375 0.29083333333333333 0.73125 0.2991666666666667 0.725 0.3225 0.7275 0.32916666666666666 0.723125 0.32999999999999996 0.726875 0.3491666666666667 0.728125 0.35833333333333334 0.7362500000000001 0.36666666666666664 0.73375 0.36666666666666664 0.71125 0.36333333333333334 0.6993750000000001 0.3575 0.693125 0.35416666666666663 0.675625 0.34750000000000003 0.66625 0.335 0.6612500000000001 0.33416666666666667 0.6581250000000001 0.32083333333333336 0.6575 0.32416666666666666 0.661875 0.31416666666666665 0.6725000000000001 0.3 0.66875 0.29333333333333333 0.6637500000000001 0.28833333333333333 0.6631250000000001 0.2841666666666667 0.671875 0.2791666666666667 0.673125 0.2683333333333333 0.664375 0.26416666666666666 0.665 0.26166666666666666 0.660625 0.2325 0.659375 0.20916666666666667 0.6612500000000001 0.20249999999999999 0.65125 0.19916666666666666 0.6525000000000001 0.19583333333333333 0.65 0.18833333333333332 0.650625 0.18666666666666668 0.6568750000000001 0.19083333333333333 0.66625 0.185 0.680625 0.18083333333333335 0.6837500000000001 0.175 0.6825 0.17166666666666666 0.684375 0.16083333333333333 0.673125 0.15666666666666668 0.68125 0.16166666666666668 0.685 0.15583333333333332 0.68875
0 0.22583333333333333 0.65375 0.22333333333333333 0.649375 0.215 0.650625 0.215 0.655 0.22583333333333333 0.65375
0 0.32333333333333336 0.6368750000000001 0.3175 0.635625 0.3175 0.6375 0.32333333333333336 0.6368750000000001
0 0.33249999999999996 0.575625 0.3358333333333333 0.58375 0.335 0.6025 0.3375 0.6075 0.34750000000000003 0.61375 0.35 0.62625 0.3625 0.6318750000000001 0.3725 0.62875 0.39 0.628125 0.39416666666666667 0.630625 0.40083333333333326 0.628125 0.42666666666666664 0.628125 0.43166666666666664 0.6256250000000001 0.44416666666666665 0.625 0.45999999999999996 0.625 0.46333333333333326 0.6275000000000001 0.475 0.6275000000000001 0.49000000000000005 0.6212500000000001 0.5016666666666667 0.6225 0.5325 0.615 0.54 0.615 0.5458333333333333 0.6175 0.55 0.615 0.5541666666666667 0.586875 0.5508333333333333 0.5743750000000001 0.5508333333333333 0.555 0.545 0.546875 0.5208333333333333 0.548125 0.5116666666666666 0.545625 0.49083333333333334 0.550625 0.4875 0.5487500000000001 0.46749999999999997 0.546875 0.4666666666666667 0.541875 0.4583333333333333 0.54 0.45666666666666667 0.5431250000000001 0.4533333333333333 0.54125 0.44666666666666666 0.5431250000000001 0.45166666666666666 0.545625 0.4508333333333333 0.5475000000000001 0.43083333333333335 0.5487500000000001 0.4175 0.548125 0.4141666666666667 0.54625 0.4033333333333333 0.5518750000000001 0.37666666666666665 0.5518750000000001 0.3675 0.5543750000000001 0.35583333333333333 0.5543750000000001 0.33666666666666667 0.560625 0.33666666666666667 0.5675000000000001 0.33249999999999996 0.575625
0 0.39166666666666666 0.7725000000000001 0.3933333333333333 0.7875 0.3975 0.79 0.42666666666666664 0.789375 0.43583333333333335 0.7862500000000001 0.5116666666666666 0.784375 0.5658333333333333 0.780625 0.5775 0.779375 0.58 0.775625 0.5741666666666666 0.7350000000000001 0.5641666666666667 0.740625 0.55 0.743125 0.525 0.743125 0.5141666666666667 0.7456250000000001 0.49749999999999994 0.743125 0.4766666666666667 0.7456250000000001 0.47000000000000003 0.7418750000000001 0.45999999999999996 0.74875 0.4541666666666667 0.75 0.4408333333333333 0.7475 0.42000000000000004 0.7506250000000001 0.39166666666666666 0.7506250000000001 0.38666666666666666 0.7525000000000001 0.38666666666666666 0.764375 0.39166666666666666 0.7725000000000001
0 0.4758333333333333 0.726875 0.4691666666666666 0.7262500000000001 0.46749999999999997 0.7275 0.4758333333333333 0.726875
0 0.4508333333333333 0.7275 0.44416666666666665 0.726875 0.4425 0.7306250000000001 0.4508333333333333 0.7275
0 0.5558333333333334 0.46375 0.5566666666666666 0.47000000000000003 0.5741666666666666 0.47875000000000006 0.58 0.47875000000000006 0.5866666666666667 0.47437500000000005 0.5983333333333334 0.475 0.6033333333333333 0.471875 0.615 0.47125000000000006 0.625 0.464375 0.635 0.46749999999999997 0.6441666666666667 0.46749999999999997 0.6541666666666667 0.47437500000000005 0.6683333333333333 0.45687500000000003 0.6958333333333333 0.46375 0.71 0.449375 0.7183333333333334 0.45187499999999997 0.7258333333333333 0.45875000000000005 0.7375 0.46125 0.7433333333333334 0.458125 0.75 0.44875 0.7533333333333333 0.449375 0.755 0.453125 0.7641666666666667 0.45625 0.78 0.45562500000000006 0.7891666666666667 0.45187499999999997 0.7925 0.45375000000000004 0.7941666666666667 0.445625 0.8033333333333333 0.43937499999999996 0.8033333333333333 0.4325 0.7966666666666666 0.42062499999999997 0.7866666666666666 0.41125 0.7508333333333332 0.41375 0.7474999999999999 0.415625 0.7091666666666667 0.41500000000000004 0.7024999999999999 0.416875 0.6891666666666667 0.41500000000000004 0.6591666666666667 0.416875 0.655 0.414375 0.6383333333333333 0.41500000000000004 0.6333333333333333 0.4131250000000001 0.6241666666666666 0.41875 0.5741666666666666 0.425 0.5633333333333332 0.429375 0.5575 0.4287500000000001 0.5491666666666666 0.433125 0.5475 0.45 0.5558333333333334 0.46375
0 0.6191666666666666 0.476875 0.6174999999999999 0.47625 0.6133333333333333 0.476875 0.6191666666666666 0.476875
0 0.63 0.4756250000000001 0.6333333333333333 0.47750000000000004 0.6408333333333334 0.476875 0.6266666666666667 0.475 0.6258333333333332 0.47750000000000004 0.63 0.4756250000000001
0 0.72 0.3625 0.7291666666666667 0.3625 0.73 0.355625 0.7266666666666667 0.35375 0.72 0.35875 0.72 0.3625
0 0.5466666666666666 0.4 0.5458333333333333 0.42437500000000006 0.55 0.43062500000000004 0.5541666666666667 0.43187500000000006 0.5491666666666666 0.43500000000000005 0.5491666666666666 0.449375 0.5549999999999999 0.453125 0.5575 0.475 0.5858333333333333 0.47750000000000004 0.5908333333333333 0.471875 0.5983333333333334 0.47437500000000005 0.605 0.471875 0.6133333333333333 0.473125 0.6266666666666667 0.46625000000000005 0.6283333333333333 0.468125 0.6466666666666667 0.468125 0.6533333333333333 0.47375 0.6516666666666666 0.476875 0.6566666666666666 0.4756250000000001 0.6591666666666667 0.47750000000000004 0.6608333333333334 0.4756250000000001 0.6658333333333333 0.476875 0.6591666666666667 0.46937500000000004 0.6716666666666666 0.4625 0.6808333333333334 0.460625 0.6958333333333333 0.46312500000000006 0.7024999999999999 0.460625 0.7058333333333333 0.45687500000000003 0.71 0.459375 0.7133333333333333 0.45562500000000006 0.7366666666666666 0.46125 0.7458333333333333 0.4600000000000001 0.7541666666666667 0.45499999999999996 0.7933333333333333 0.459375 0.7933333333333333 0.445625 0.8016666666666665 0.43875000000000003 0.8016666666666665 0.4325 0.7941666666666667 0.41937500000000005 0.7941666666666667 0.414375 0.8041666666666666 0.40750000000000003 0.7983333333333333 0.3875 0.7983333333333333 0.38062500000000005 0.8041666666666666 0.371875 0.7991666666666666 0.36625 0.8 0.36187500000000006 0.7925 0.35500000000000004 0.7825 0.365625 0.7808333333333334 0.37312500000000004 0.7841666666666667 0.375625 0.7833333333333333 0.37750000000000006 0.7716666666666667 0.37750000000000006 0.7666666666666667 0.375 0.7616666666666666 0.376875 0.7441666666666666 0.375625 0.7458333333333333 0.38 0.7391666666666666 0.38312500000000005 0.6975 0.379375 0.6891666666666667 0.38062500000000005 0.6808333333333334 0.37750000000000006 0.6716666666666666 0.38 0.6658333333333333 0.37375 0.6675 0.37 0.6716666666666666 0.37062500000000004 0.6941666666666666 0.365625 0.7033333333333334 0.369375 0.7016666666666667 0.359375 0.6916666666666667 0.36062500000000003 0.6816666666666666 0.35375 0.6783333333333333 0.35625 0.6666666666666667 0.354375 0.64 0.354375 0.6258333333333332 0.358125 0.6008333333333333 0.359375 0.5991666666666666 0.36125 0.5775 0.359375 0.5725 0.36187500000000006 0.5708333333333333 0.366875 0.5666666666666667 0.37 0.5566666666666666 0.369375 0.5425 0.38375000000000004 0.5425 0.395 0.5466666666666666 0.4
0 0.018333333333333333 0.76 0.017499999999999998 0.7725000000000001 0.03 0.775625 0.029166666666666667 0.7875 0.034999999999999996 0.79125 0.15833333333333333 0.789375 0.19583333333333333 0.7862500000000001 0.19749999999999998 0.784375 0.19333333333333333 0.76875 0.18583333333333335 0.764375 0.18333333333333332 0.7525000000000001 0.17833333333333332 0.75 0.16583333333333333 0.75125 0.1575 0.7462500000000001 0.14916666666666667 0.7475 0.14666666666666667 0.7506250000000001 0.13666666666666666 0.7506250000000001 0.13333333333333333 0.753125 0.11499999999999999 0.753125 0.1125 0.749375 0.10583333333333333 0.75375 0.09666666666666666 0.753125 0.07916666666666666 0.75625 0.07166666666666667 0.754375 0.0625 0.75625 0.05333333333333333 0.75375 0.029166666666666667 0.755625 0.0225 0.7506250000000001 0.011666666666666667 0.75 0.01 0.7550000000000001 0.018333333333333333 0.76
0 0.02583333333333333 0.7425 0.026666666666666665 0.740625 0.024166666666666666 0.740625 0.0225 0.7412500000000001 0.02583333333333333 0.7425
0 0.10333333333333332 0.738125 0.10583333333333333 0.740625 0.11499999999999999 0.7362500000000001 0.13999999999999999 0.7393750000000001 0.14333333333333334 0.7368750000000001 0.16 0.7375 0.1575 0.73375 0.14875 0.73375 0.145 0.7368750000000001 0.144375 0.73375 0.13999999999999999 0.73375 0.135 0.7368750000000001 0.12916666666666668 0.73375 0.11750000000000001 0.7325 0.08833333333333333 0.73375 0.095 0.73875 0.10333333333333332 0.738125
0 0.69921875 0.16484375 0.00234375 0.00078125
0 0.65390625 0.165625 0.00078125 0.0015625
0 0.6441666666666667 0.133125 0.6475 0.13562500000000002 0.65 0.13375 0.6516666666666666 0.13562500000000002 0.65 0.140625 0.6541666666666667 0.14625000000000002 0.6575 0.14187500000000003 0.6616666666666666 0.14125000000000001 0.6766666666666666 0.14875 0.6799999999999999 0.146875 0.6758333333333333 0.140625 0.6783333333333333 0.138125 0.6933333333333334 0.15125000000000002 0.6950000000000001 0.15625 0.6991666666666666 0.155625 0.7024999999999999 0.15812500000000002 0.7024999999999999 0.16312500000000002 0.7108333333333333 0.164375 0.7158333333333333 0.174375 0.7166666666666667 0.18812500000000001 0.7241666666666666 0.186875 0.7233333333333334 0.18875000000000003 0.7274999999999999 0.184375 0.74 0.190625 0.75 0.19812500000000002 0.7616666666666666 0.21812499999999999 0.77 0.21937500000000001 0.7725 0.22312500000000002 0.7791666666666667 0.221875 0.8025 0.23125 0.8091666666666667 0.230625 0.8183333333333334 0.22312500000000002 0.8183333333333334 0.22000000000000003 0.805 0.20875 0.8 0.1975 0.7899999999999999 0.1925 0.7525 0.16125 0.7274999999999999 0.145625 0.6908333333333333 0.11687499999999999 0.6816666666666666 0.113125 0.6708333333333333 0.11374999999999999 0.6675 0.12000000000000002 0.6683333333333333 0.13062500000000002 0.6583333333333333 0.128125 0.6558333333333334 0.12625000000000003 0.6575 0.12250000000000001 0.6475 0.11937500000000001 0.6458333333333333 0.121875 0.6483333333333333 0.12687500000000002 0.6441666666666667 0.133125
0 0.5766666666666667 0.65125 0.5808333333333333 0.659375 0.585 0.660625 0.6033333333333333 0.66 0.6108333333333333 0.6575 0.6224999999999999 0.6587500000000001 0.6466666666666667 0.65375 0.6708333333333333 0.655625 0.6849999999999999 0.65125 0.7266666666666667 0.6518750000000001 0.7483333333333333 0.6475000000000001 0.7658333333333334 0.64875 0.7858333333333334 0.645 0.7908333333333333 0.64 0.7883333333333333 0.6256250000000001 0.7916666666666667 0.6206250000000001 0.7925 0.6050000000000001 0.7883333333333333 0.601875 0.7608333333333334 0.601875 0.7416666666666667 0.6050000000000001 0.7191666666666666 0.603125 0.6783333333333333 0.60875 0.6541666666666667 0.608125 0.65 0.6100000000000001 0.6425 0.608125 0.6333333333333333 0.610625 0.6083333333333333 0.609375 0.6025 0.6112500000000001 0.595 0.6100000000000001 0.5766666666666667 0.6118750000000001 0.5741666666666666 0.61375 0.5766666666666667 0.65125
0 0.6125 0.085625 0.6125 0.0825 0.6058333333333333 0.078125 0.6083333333333333 0.085625 0.6125 0.085625
0 0.49453125 0.0703125 0.00078125 0.0015625
0 0.495 0.06625 0.4966666666666667 0.069375 0.5016666666666667 0.07 0.49749999999999994 0.074375 0.5041666666666667 0.08375 0.5075000000000001 0.10562500000000001 0.5216666666666667 0.12250000000000001 0.5225 0.13625 0.5291666666666667 0.134375 0.5325 0.12437500000000001 0.54 0.12125000000000001 0.5525 0.12375 0.5641666666666667 0.11625 0.5658333333333333 0.10875000000000001 0.5725 0.100625 0.5783333333333334 0.09875 0.5808333333333333 0.09375 0.5883333333333333 0.095625 0.5858333333333333 0.09375 0.5883333333333333 0.0875 0.595 0.081875 0.5966666666666667 0.085 0.5991666666666666 0.085 0.595 0.080625 0.595 0.07562500000000001 0.5900000000000001 0.074375 0.5900000000000001 0.07125000000000001 0.5941666666666666 0.0675 0.5925 0.056874999999999995 0.5900000000000001 0.05625 0.5775 0.056874999999999995 0.5791666666666667 0.058125 0.5766666666666667 0.06312500000000001 0.5708333333333333 0.07 0.5675 0.059375 0.5625 0.060625000000000005 0.5608333333333333 0.065625 0.5566666666666666 0.066875 0.5525 0.060625000000000005 0.5391666666666667 0.061250000000000006 0.5358333333333334 0.06312500000000001 0.5316666666666666 0.05625 0.5258333333333333 0.053125 0.5225 0.055625 0.515 0.05437500000000001 0.5116666666666666 0.056874999999999995 0.49333333333333335 0.056874999999999995 0.4841666666666667 0.060625000000000005 0.48 0.06000000000000001 0.4791666666666667 0.064375 0.495 0.06625
0 0.5466666666666666 0.04375 0.5441666666666667 0.04125 0.5433333333333333 0.043125000000000004 0.5466666666666666 0.04375
0 0.505 0.04875 0.5091666666666667 0.04625 0.5058333333333334 0.040625 0.49916666666666665 0.041875 0.5016666666666667 0.0475 0.505 0.04875
0 0.5258333333333333 0.0475 0.5275000000000001 0.03937500000000001 0.5233333333333333 0.04 0.5216666666666667 0.04375 0.5258333333333333 0.0475
0 0.5216666666666667 0.019375 0.5208333333333333 0.011875 0.5175 0.015625 0.5216666666666667 0.019375
0 0.60234375 0.72421875 0.00078125 0.0015625
0 0.5875 0.721875 0.5933333333333334 0.733125 0.6016666666666667 0.73125 0.6066666666666667 0.7350000000000001 0.6116666666666666 0.73375 0.6108333333333333 0.7300000000000001 0.6133333333333333 0.72875 0.6275000000000001 0.729375 0.63 0.73375 0.635 0.7350000000000001 0.6433333333333333 0.731875 0.6816666666666666 0.7306250000000001 0.6849999999999999 0.728125 0.6925 0.7300000000000001 0.7133333333333333 0.7262500000000001 0.7308333333333333 0.726875 0.7333333333333333 0.725 0.76 0.7237500000000001 0.7633333333333333 0.7212500000000001 0.78 0.7225 0.7833333333333333 0.7206250000000001 0.7825 0.716875 0.7783333333333333 0.716875 0.78 0.713125 0.775 0.709375 0.7833333333333333 0.7050000000000001 0.7858333333333334 0.700625 0.7825 0.68875 0.7875 0.681875 0.7858333333333334 0.666875 0.7883333333333333 0.655625 0.7866666666666666 0.649375 0.7833333333333333 0.646875 0.7441666666666666 0.646875 0.7274999999999999 0.65 0.6883333333333332 0.64875 0.6725 0.653125 0.6325000000000001 0.65125 0.6224999999999999 0.655625 0.6116666666666666 0.6525000000000001 0.605 0.6568750000000001 0.5875 0.6587500000000001 0.5808333333333333 0.661875 0.5816666666666667 0.69125 0.5875 0.721875
0 0.38416666666666666 0.624375 0.38333333333333336 0.6225 0.38166666666666665 0.623125 0.38416666666666666 0.624375
0 0.3591666666666667 0.575 0.3625 0.5787500000000001 0.3625 0.5743750000000001 0.3575 0.5737500000000001 0.35416666666666663 0.570625 0.35416666666666663 0.578125 0.3591666666666667 0.575
0 0.375 0.578125 0.38666666666666666 0.576875 0.3908333333333333 0.58125 0.39916666666666667 0.5825 0.4091666666666667 0.591875 0.4141666666666667 0.58875 0.4141666666666667 0.5831250000000001 0.4216666666666667 0.5856250000000001 0.42416666666666664 0.5831250000000001 0.43 0.5825 0.4341666666666667 0.578125 0.43166666666666664 0.571875 0.42833333333333334 0.5737500000000001 0.41583333333333333 0.56125 0.42000000000000004 0.5581250000000001 0.41833333333333333 0.555625 0.41583333333333333 0.55625 0.41583333333333333 0.56 0.41083333333333333 0.5625 0.4041666666666667 0.5725 0.39416666666666667 0.57125 0.38666666666666666 0.5643750000000001 0.38333333333333336 0.5675000000000001 0.38 0.5675000000000001 0.3808333333333333 0.57125 0.375 0.578125
0 0.3675 0.6 0.3683333333333333 0.603125 0.3525 0.6056250000000001 0.3516666666666667 0.6100000000000001 0.3591666666666667 0.6100000000000001 0.3625 0.613125 0.36666666666666664 0.6125 0.365 0.6162500000000001 0.36916666666666664 0.621875 0.37 0.628125 0.35666666666666663 0.629375 0.3525 0.6325000000000001 0.3516666666666667 0.649375 0.36333333333333334 0.6581250000000001 0.36583333333333334 0.671875 0.37416666666666665 0.6725000000000001 0.38249999999999995 0.67625 0.38249999999999995 0.680625 0.3783333333333333 0.685625 0.38666666666666666 0.690625 0.38416666666666666 0.695625 0.38583333333333336 0.7075 0.39249999999999996 0.704375 0.41500000000000004 0.7056250000000001 0.41916666666666663 0.7025 0.42000000000000004 0.69625 0.42666666666666664 0.69625 0.42750000000000005 0.704375 0.43 0.706875 0.44000000000000006 0.70625 0.4425 0.700625 0.4491666666666666 0.703125 0.4525 0.70125 0.4608333333333333 0.706875 0.47000000000000003 0.70125 0.49083333333333334 0.703125 0.4966666666666667 0.6987500000000001 0.5108333333333334 0.7025 0.5191666666666667 0.7025 0.525 0.6987500000000001 0.5258333333333333 0.7025 0.5391666666666667 0.698125 0.5416666666666667 0.7 0.5591666666666667 0.6987500000000001 0.5608333333333333 0.69375 0.55 0.69125 0.5425 0.685625 0.5458333333333333 0.67625 0.5541666666666667 0.678125 0.5516666666666666 0.670625 0.5466666666666666 0.66875 0.5466666666666666 0.6637500000000001 0.5599999999999999 0.6625 0.5625 0.6581250000000001 0.5575 0.6518750000000001 0.5599999999999999 0.62875 0.5566666666666666 0.606875 0.5491666666666666 0.59375 0.55 0.5631250000000001 0.5391666666666667 0.560625 0.5325 0.5537500000000001 0.525 0.553125 0.5233333333333333 0.559375 0.5216666666666667 0.56125 0.5191666666666667 0.560625 0.5308333333333334 0.5675000000000001 0.5225 0.5737500000000001 0.5241666666666667 0.57625 0.5216666666666667 0.5775 0.5108333333333334 0.5725 0.505 0.5650000000000001 0.49749999999999994 0.56 0.5 0.56375 0.49000000000000005 0.568125 0.4883333333333333 0.565625 0.48250000000000004 0.5675000000000001 0.485 0.559375 0.47833333333333333 0.559375 0.4791666666666667 0.561875 0.4741666666666666 0.559375 0.47333333333333333 0.560625 0.48083333333333333 0.56375 0.48166666666666663 0.566875 0.4766666666666667 0.57125 0.47333333333333333 0.5675000000000001 0.4666666666666667 0.5650000000000001 0.4625 0.5675000000000001 0.4575 0.5575 0.4525 0.555625 0.4491666666666666 0.560625 0.4533333333333333 0.56375 0.4458333333333333 0.566875 0.44666666666666666 0.571875 0.4375 0.5775 0.44000000000000006 0.5856250000000001 0.43499999999999994 0.58875 0.43 0.586875 0.42666666666666664 0.588125 0.42666666666666664 0.5956250000000001 0.42333333333333334 0.599375 0.40750000000000003 0.601875 0.40166666666666667 0.6050000000000001 0.3875 0.601875 0.39166666666666666 0.599375 0.3883333333333333 0.5956250000000001 0.39166666666666666 0.5900000000000001 0.39 0.5875 0.38416666666666666 0.5875 0.37333333333333335 0.593125 0.36916666666666664 0.59125 0.3575 0.593125 0.3575 0.598125 0.3675 0.6
0 0.029166666666666667 0.786875 0.030833333333333334 0.79 0.035833333333333335 0.79125 0.15916666666666665 0.789375 0.16499999999999998 0.7875 0.20249999999999999 0.786875 0.205 0.7887500000000001 0.205 0.798125 0.20833333333333334 0.8006249999999999 0.24083333333333332 0.798125 0.2725 0.7987500000000001 0.3408333333333333 0.795625 0.38666666666666666 0.79125 0.38916666666666666 0.789375 0.38 0.76875 0.36916666666666664 0.771875 0.36416666666666664 0.7706250000000001 0.36333333333333334 0.7681250000000001 0.36916666666666664 0.765 0.36583333333333334 0.758125 0.36333333333333334 0.75875 0.3625 0.7625 0.3466666666666667 0.765 0.35083333333333333 0.7681250000000001 0.34833333333333333 0.77125 0.33416666666666667 0.7706250000000001 0.32416666666666666 0.760625 0.31083333333333335 0.764375 0.2991666666666667 0.760625 0.29083333333333333 0.7731250000000001 0.25833333333333336 0.77375 0.2525 0.7775000000000001 0.22916666666666666 0.7775000000000001 0.21749999999999997 0.78125 0.21083333333333334 0.78125 0.20666666666666664 0.784375 0.19833333333333333 0.775625 0.19666666666666666 0.7681250000000001 0.18916666666666665 0.7662500000000001 0.17916666666666667 0.7681250000000001 0.15583333333333332 0.7675000000000001 0.14416666666666667 0.760625 0.12916666666666668 0.7612500000000001 0.13333333333333333 0.765 0.125 0.766875 0.11833333333333333 0.765625 0.11583333333333332 0.760625 0.11166666666666666 0.76375 0.10916666666666666 0.7612500000000001 0.10916666666666666 0.763125 0.10500000000000001 0.764375 0.10166666666666666 0.7625 0.1025 0.760625 0.09333333333333334 0.7618750000000001 0.08666666666666667 0.759375 0.07916666666666666 0.7662500000000001 0.06666666666666667 0.771875 0.019166666666666665 0.77125 0.03 0.7731250000000001 0.029166666666666667 0.786875
0 0.5916666666666667 0.7393750000000001 0.6125 0.7393750000000001 0.6233333333333333 0.734375 0.6366666666666666 0.738125 0.6649999999999999 0.73375 0.7091666666666667 0.7362500000000001 0.7108333333333333 0.731875 0.7191666666666666 0.72875 0.73 0.72875 0.7474999999999999 0.725 0.7691666666666667 0.725 0.7741666666666667 0.723125 0.78 0.724375 0.7858333333333334 0.72 0.7825 0.70625 0.7866666666666666 0.6987500000000001 0.7825 0.68875 0.7791666666666667 0.686875 0.7716666666666667 0.68875 0.7558333333333334 0.6875 0.745 0.6900000000000001 0.7358333333333333 0.6893750000000001 0.71 0.69375 0.6833333333333333 0.6925000000000001 0.6691666666666667 0.695625 0.5941666666666666 0.698125 0.5875 0.6993750000000001 0.5858333333333333 0.7025 0.5875 0.728125 0.5916666666666667 0.7393750000000001
0 0.5183333333333333 0.18 0.52 0.170625 0.5166666666666667 0.169375 0.5158333333333334 0.175 0.5183333333333333 0.18
0 0.4216666666666667 0.096875 0.425 0.095 0.4216666666666667 0.095 0.4216666666666667 0.096875
0 0.42000000000000004 0.12562500000000001 0.4166666666666667 0.13 0.41875 0.13208333333333336 0.4216666666666667 0.13062500000000002 0.4383333333333333 0.14125000000000001 0.4491666666666666 0.13062500000000002 0.4666666666666667 0.14 0.4741666666666666 0.13125 0.47750000000000004 0.13062500000000002 0.4875 0.13625 0.49416666666666664 0.133125 0.49833333333333335 0.134375 0.5016666666666667 0.12937500000000002 0.5141666666666667 0.13687500000000002 0.5166666666666667 0.149375 0.5221837349397591 0.14819277108433734 0.5225 0.14250000000000002 0.5266666666666666 0.13687500000000002 0.53 0.12375 0.5383333333333333 0.12000000000000002 0.55 0.12250000000000001 0.5575 0.11937500000000001 0.5633333333333332 0.113125 0.5608333333333333 0.10562500000000001 0.5625 0.098125 0.5533333333333333 0.08875000000000001 0.5433333333333333 0.09125000000000001 0.5366666666666666 0.08 0.5291666666666667 0.075 0.5183333333333333 0.0825 0.5133333333333333 0.081875 0.5083333333333333 0.076875 0.5025000000000001 0.080625 0.49416666666666664 0.076875 0.48916666666666664 0.080625 0.4841666666666667 0.09125000000000001 0.48 0.09 0.4766666666666667 0.09375 0.4708333333333333 0.08875000000000001 0.4625 0.08687500000000001 0.4525 0.09187500000000001 0.45499999999999996 0.095 0.4491666666666666 0.10124999999999999 0.4425 0.095625 0.43916666666666665 0.096875 0.43499999999999994 0.095 0.4341666666666667 0.099375 0.4375 0.10562500000000001 0.43166666666666664 0.11000000000000001 0.42833333333333334 0.108125 0.4216666666666667 0.109375 0.42000000000000004 0.11187500000000002 0.4216666666666667 0.115625 0.42833333333333334 0.11750000000000001 0.42833333333333334 0.12062500000000001 0.4258333333333333 0.125 0.42000000000000004 0.12562500000000001
0 0.45999999999999996 0.081875 0.4683333333333334 0.07875000000000001 0.4666666666666667 0.07625000000000001 0.4625 0.07562500000000001 0.46333333333333326 0.07062500000000001 0.45999999999999996 0.07062500000000001 0.45499999999999996 0.075 0.4525 0.078125 0.45999999999999996 0.081875
0 0.3383333333333333 0.5962500000000001 0.345 0.596875 0.3466666666666667 0.5943750000000001 0.3441666666666666 0.593125 0.3383333333333333 0.59375 0.3383333333333333 0.5962500000000001
0 0.35859375 0.5875 0.0015625 0.0015625
0 0.41083333333333333 0.5493750000000001 0.4133333333333333 0.546875 0.4116666666666666 0.54375 0.4033333333333333 0.54375 0.4033333333333333 0.548125 0.41083333333333333 0.5493750000000001
0 0.32083333333333336 0.509375 0.3183333333333333 0.529375 0.3275 0.536875 0.3308333333333333 0.544375 0.3441666666666666 0.546875 0.3416666666666667 0.5518750000000001 0.3441666666666666 0.5543750000000001 0.3525 0.5543750000000001 0.36916666666666664 0.5487500000000001 0.375 0.5525 0.38583333333333336 0.550625 0.39 0.5518750000000001 0.39249999999999996 0.5493750000000001 0.38583333333333336 0.545625 0.38583333333333336 0.5431250000000001 0.39583333333333337 0.5375 0.4116666666666666 0.5387500000000001 0.41833333333333333 0.5431250000000001 0.41583333333333333 0.54625 0.41833333333333333 0.5475000000000001 0.4208333333333333 0.54625 0.41916666666666663 0.5425000000000001 0.43166666666666664 0.536875 0.45999999999999996 0.539375 0.46333333333333326 0.5425000000000001 0.46416666666666667 0.54 0.47000000000000003 0.5375 0.49416666666666664 0.535 0.5008333333333332 0.529375 0.5316666666666666 0.530625 0.5349999999999999 0.529375 0.5349999999999999 0.525625 0.5425 0.52125 0.545 0.514375 0.54 0.49437500000000006 0.5358333333333334 0.49250000000000005 0.5166666666666667 0.4912500000000001 0.495 0.49312500000000004 0.42750000000000005 0.49250000000000005 0.4141666666666667 0.49375 0.4041666666666667 0.49750000000000005 0.3683333333333333 0.4987500000000001 0.36333333333333334 0.5018750000000001 0.32083333333333336 0.50125 0.31666666666666665 0.504375 0.32083333333333336 0.509375
0 0.5766666666666667 0.65 0.5816666666666667 0.6587500000000001 0.6 0.6581250000000001 0.6075 0.655625 0.6224999999999999 0.655625 0.6416666666666667 0.6525000000000001 0.6691666666666667 0.654375 0.6866666666666666 0.649375 0.7274999999999999 0.65 0.7466666666666667 0.64625 0.7649999999999999 0.6475000000000001 0.7866666666666666 0.645 0.7916666666666667 0.640625 0.7875 0.62625 0.7925 0.62 0.7925 0.6050000000000001 0.7849999999999999 0.601875 0.7358333333333333 0.6056250000000001 0.7058333333333333 0.6056250000000001 0.6891666666666667 0.6100000000000001 0.6491666666666667 0.6100000000000001 0.6441666666666667 0.608125 0.6325000000000001 0.6112500000000001 0.6091666666666666 0.6100000000000001 0.6016666666666667 0.6125 0.5841666666666667 0.6118750000000001 0.5758333333333333 0.615 0.5741666666666666 0.630625 0.5766666666666667 0.65
0 0.2841666666666667 0.41937500000000005 0.28583333333333333 0.44312500000000005 0.28833333333333333 0.445625 0.29583333333333334 0.446875 0.30333333333333334 0.4525 0.29833333333333334 0.47375 0.30333333333333334 0.480625 0.30333333333333334 0.5018750000000001 0.3058333333333333 0.503125 0.32416666666666666 0.504375 0.3375 0.50125 0.35083333333333333 0.5018750000000001 0.35666666666666663 0.50125 0.36 0.49750000000000005 0.365 0.496875 0.3725 0.4987500000000001 0.39 0.496875 0.40166666666666667 0.49812500000000004 0.4133333333333333 0.49437500000000006 0.46749999999999997 0.49437500000000006 0.47000000000000003 0.49250000000000005 0.47750000000000004 0.49250000000000005 0.4883333333333333 0.495 0.49833333333333335 0.491875 0.5166666666666667 0.49312500000000004 0.5341666666666667 0.490625 0.5383333333333333 0.4875 0.5349999999999999 0.46937500000000004 0.5358333333333334 0.445625 0.53 0.433125 0.5316666666666666 0.42125 0.5275000000000001 0.40750000000000003 0.5283333333333333 0.39 0.5191666666666667 0.37750000000000006 0.5116666666666666 0.378125 0.505 0.375 0.495 0.375625 0.4875 0.37062500000000004 0.4575 0.3725 0.4533333333333333 0.37750000000000006 0.4425 0.3725 0.42416666666666664 0.37312500000000004 0.42000000000000004 0.38062500000000005 0.4175 0.38125 0.4141666666666667 0.37875000000000003 0.4066666666666666 0.38125 0.40499999999999997 0.385625 0.40083333333333326 0.38625000000000004 0.3975 0.3975 0.3933333333333333 0.39875000000000005 0.38666666666666666 0.395 0.38333333333333336 0.388125 0.3716666666666667 0.38 0.3625 0.37625000000000003 0.3525 0.37625000000000003 0.3416666666666667 0.38 0.33416666666666667 0.386875 0.3275 0.38875000000000004 0.3175 0.385 0.3 0.38375000000000004 0.29416666666666663 0.39187500000000003 0.28583333333333333 0.39437500000000003 0.2791666666666667 0.41125 0.2841666666666667 0.41937500000000005
0 0.38416666666666666 0.25375000000000003 0.3975 0.251875 0.3975 0.25 0.39416666666666667 0.2475 0.39499999999999996 0.24937500000000004 0.38916666666666666 0.25250000000000006 0.38666666666666666 0.2475 0.38333333333333336 0.25125000000000003 0.38333333333333336 0.25625 0.38416666666666666 0.25375000000000003
0 0.24 0.309375 0.255 0.31 0.2625 0.3075 0.29333333333333333 0.30875 0.3158333333333333 0.306875 0.3458333333333333 0.30062500000000003 0.36 0.30250000000000005 0.39249999999999996 0.29812500000000003 0.4 0.29875 0.4041666666666667 0.296875 0.41583333333333333 0.29875 0.4216666666666667 0.29625 0.4533333333333333 0.29500000000000004 0.46333333333333326 0.290625 0.47333333333333333 0.29375 0.48 0.291875 0.5025000000000001 0.29250000000000004 0.5083333333333333 0.290625 0.5116666666666666 0.28687500000000005 0.5158333333333334 0.244375 0.5141666666666667 0.24250000000000002 0.5066666666666666 0.24250000000000002 0.49749999999999994 0.24562500000000004 0.48916666666666664 0.24312500000000004 0.4841666666666667 0.24875000000000003 0.4791666666666667 0.25 0.47000000000000003 0.25 0.4658333333333333 0.246875 0.4575 0.24500000000000002 0.4525 0.246875 0.4416666666666667 0.246875 0.4416666666666667 0.25125000000000003 0.43083333333333335 0.25562500000000005 0.42750000000000005 0.25562500000000005 0.42416666666666664 0.250625 0.4141666666666667 0.25625 0.4091666666666667 0.25562500000000005 0.40750000000000003 0.25875000000000004 0.3975 0.25812500000000005 0.37916666666666665 0.260625 0.3683333333333333 0.259375 0.3591666666666667 0.26125000000000004 0.3516666666666667 0.26 0.33416666666666667 0.264375 0.32416666666666666 0.264375 0.31083333333333335 0.25812500000000005 0.30666666666666664 0.253125 0.30333333333333334 0.25375000000000003 0.2991666666666667 0.25875000000000004 0.31083333333333335 0.25875000000000004 0.31166666666666665 0.2625 0.29083333333333333 0.26625 0.2833333333333333 0.273125 0.2758333333333333 0.27375000000000005 0.25833333333333336 0.26875 0.23666666666666666 0.27937500000000004 0.23666666666666666 0.306875 0.24 0.309375
0 0.40390625 0.72734375 0.00078125 0.00078125
0 0.37916666666666665 0.724375 0.39249999999999996 0.7275 0.39249999999999996 0.71875 0.38 0.715625 0.38166666666666665 0.718125 0.37916666666666665 0.724375
0 0.359375 0.65078125 0.00078125 0.00078125
0 0.36666666666666664 0.6943750000000001 0.37333333333333335 0.6993750000000001 0.37333333333333335 0.709375 0.38 0.7125 0.38666666666666666 0.711875 0.3908333333333333 0.71375 0.39916666666666667 0.711875 0.4091666666666667 0.713125 0.4425 0.7106250000000001 0.46333333333333326 0.711875 0.4841666666666667 0.7106250000000001 0.4875 0.70875 0.49000000000000005 0.7106250000000001 0.495 0.709375 0.5091666666666667 0.71125 0.515 0.71375 0.5241666666666667 0.7106250000000001 0.5441666666666667 0.7143750000000001 0.5475 0.709375 0.5533333333333333 0.70625 0.5608333333333333 0.7106250000000001 0.5683333333333334 0.6975 0.5666666666666667 0.675 0.5616666666666666 0.6587500000000001 0.5633333333333332 0.6575 0.5591666666666667 0.655 0.5616666666666666 0.6475000000000001 0.5566666666666666 0.6318750000000001 0.55 0.63125 0.5466666666666666 0.635625 0.5258333333333333 0.6368750000000001 0.5225 0.63375 0.5183333333333333 0.634375 0.5083333333333333 0.6300000000000001 0.505 0.6318750000000001 0.5016666666666667 0.629375 0.4966666666666667 0.629375 0.4791666666666667 0.635 0.4725 0.63375 0.46416666666666667 0.6368750000000001 0.45 0.6368750000000001 0.4491666666666666 0.6412500000000001 0.4383333333333333 0.644375 0.43499999999999994 0.644375 0.43083333333333335 0.64 0.4225 0.64625 0.4125 0.646875 0.40750000000000003 0.65 0.4 0.650625 0.4 0.6575 0.39249999999999996 0.6625 0.38666666666666666 0.661875 0.38583333333333336 0.6581250000000001 0.37666666666666665 0.655625 0.36916666666666664 0.654375 0.365 0.65625 0.365 0.6900000000000001 0.36666666666666664 0.6943750000000001
0 0.5359375 0.234375 0.00234375 0.00078125
0 0.5358333333333334 0.18375000000000002 0.54 0.190625 0.5466666666666666 0.186875 0.5491666666666666 0.18875000000000003 0.5533333333333333 0.18625 0.5549999999999999 0.1875 0.5566666666666666 0.203125 0.5683333333333334 0.21875 0.5716666666666667 0.21937500000000001 0.575 0.215625 0.5783333333333334 0.22375000000000003 0.5733333333333334 0.22749999999999998 0.5825 0.2325 0.5983333333333334 0.22875 0.5983333333333334 0.22562500000000002 0.6058333333333333 0.228125 0.6075 0.22125 0.6158333333333333 0.21625 0.6208333333333333 0.22000000000000003 0.6216666666666667 0.22749999999999998 0.6541666666666667 0.22687500000000002 0.6541666666666667 0.23000000000000004 0.6683333333333333 0.22937500000000002 0.6708333333333333 0.224375 0.6783333333333333 0.22749999999999998 0.6816666666666666 0.22375000000000003 0.69 0.230625 0.7041666666666667 0.230625 0.7058333333333333 0.22687500000000002 0.7108333333333333 0.23000000000000004 0.7224999999999999 0.228125 0.735 0.21937500000000001 0.745 0.22125 0.7508333333333332 0.21875 0.7641666666666667 0.22687500000000002 0.7849999999999999 0.22562500000000002 0.8066666666666666 0.23125 0.8150000000000001 0.22375000000000003 0.8158333333333333 0.22000000000000003 0.8033333333333333 0.20875 0.8 0.19875 0.7875 0.19187500000000002 0.7441666666666666 0.15625 0.7316666666666667 0.15 0.705 0.12875 0.6808333333333334 0.113125 0.6683333333333333 0.1125 0.6649999999999999 0.12250000000000001 0.655 0.115625 0.6433333333333333 0.115625 0.6416666666666667 0.125 0.6375 0.1275 0.63 0.12062500000000001 0.6191666666666666 0.11500000000000002 0.615 0.11625 0.6133333333333333 0.12000000000000002 0.6066666666666667 0.121875 0.5916666666666667 0.11937500000000001 0.585 0.12875 0.58 0.128125 0.5766666666666667 0.12312500000000001 0.5683333333333334 0.11937500000000001 0.5675 0.115625 0.5599999999999999 0.121875 0.5566666666666666 0.12937500000000002 0.5458333333333333 0.13 0.5349999999999999 0.1275 0.5316666666666666 0.134375 0.5325 0.146875 0.53 0.15 0.5325 0.185 0.5358333333333334 0.18375000000000002
0 0.35583333333333333 0.613125 0.35583333333333333 0.609375 0.3525 0.6075 0.3516666666666667 0.6100000000000001 0.35583333333333333 0.613125
0 0.41583333333333333 0.59375 0.41916666666666663 0.593125 0.41916666666666663 0.590625 0.41583333333333333 0.590625 0.41583333333333333 0.59375
0 0.365 0.5743750000000001 0.3625 0.5737500000000001 0.3625 0.575625 0.365 0.5743750000000001
0 0.35546875 0.571875 0.00078125 0.003125
0 0.35234375 0.5671875 0.00078125 0.0015625
0 0.36666666666666664 0.5675000000000001 0.36333333333333334 0.566875 0.3616666666666667 0.5675000000000001 0.36666666666666664 0.5675000000000001
0 0.4 0.56375 0.39666666666666667 0.559375 0.39666666666666667 0.56375 0.4 0.56375
0 0.355 0.560625 0.3525 0.559375 0.3516666666666667 0.561875 0.355 0.560625
0 0.3725 0.575 0.38 0.581875 0.38333333333333336 0.5787500000000001 0.385 0.570625 0.3908333333333333 0.5725 0.38666666666666666 0.5693750000000001 0.3908333333333333 0.5675000000000001 0.38666666666666666 0.56125 0.3808333333333333 0.56625 0.375 0.565625 0.3725 0.556875 0.37 0.556875 0.3725 0.575
0 0.3625 0.55703125 0.0015625 0.00078125
0 0.3933333333333333 0.5575 0.38916666666666666 0.55625 0.3875 0.5575 0.3933333333333333 0.5575
0 0.4416666666666667 0.555 0.445 0.5537500000000001 0.4425 0.5518750000000001 0.44000000000000006 0.5537500000000001 0.4416666666666667 0.555
0 0.3683333333333333 0.603125 0.36 0.6056250000000001 0.3591666666666667 0.60875 0.36916666666666664 0.621875 0.36916666666666664 0.6275000000000001 0.3525 0.6325000000000001 0.3516666666666667 0.6475000000000001 0.36416666666666664 0.6575 0.36583333333333334 0.661875 0.365 0.6900000000000001 0.36666666666666664 0.6950000000000001 0.37416666666666665 0.6993750000000001 0.37416666666666665 0.709375 0.3775 0.7125 0.3775 0.7306250000000001 0.38916666666666666 0.7350000000000001 0.39 0.744375 0.39416666666666667 0.7475 0.38666666666666666 0.75625 0.38666666666666666 0.764375 0.39 0.769375 0.3983333333333333 0.771875 0.39583333333333337 0.7862500000000001 0.4258333333333333 0.786875 0.43083333333333335 0.7862500000000001 0.43583333333333335 0.7825 0.45583333333333337 0.785 0.47833333333333333 0.7825 0.5075000000000001 0.7831250000000001 0.5183333333333333 0.780625 0.5641666666666667 0.779375 0.5741666666666666 0.77625 0.575 0.771875 0.5700000000000001 0.758125 0.5741666666666666 0.758125 0.575 0.7525000000000001 0.5658333333333333 0.743125 0.5666666666666667 0.73875 0.5708333333333333 0.73875 0.5675 0.738125 0.5708333333333333 0.734375 0.5666666666666667 0.731875 0.5641666666666667 0.725 0.5650000000000001 0.72 0.5691666666666666 0.716875 0.5666666666666667 0.71375 0.5691666666666666 0.71125 0.5691666666666666 0.691875 0.5633333333333332 0.65625 0.5583333333333333 0.641875 0.5599999999999999 0.6300000000000001 0.5566666666666666 0.608125 0.5533333333333333 0.5987500000000001 0.5483333333333333 0.5962500000000001 0.5516666666666666 0.58875 0.5491666666666666 0.56375 0.5441666666666667 0.561875 0.5391666666666667 0.5631250000000001 0.5325 0.5525 0.5233333333333333 0.55125 0.5208333333333333 0.5537500000000001 0.5133333333333333 0.5537500000000001 0.515 0.55 0.5125 0.5493750000000001 0.49916666666666665 0.55 0.49083333333333334 0.5581250000000001 0.4875 0.553125 0.47333333333333333 0.5493750000000001 0.46749999999999997 0.55 0.46333333333333326 0.553125 0.45166666666666666 0.553125 0.445 0.5631250000000001 0.43166666666666664 0.553125 0.43166666666666664 0.555 0.4258333333333333 0.5525 0.3975 0.5537500000000001 0.4091666666666667 0.560625 0.40499999999999997 0.573125 0.39916666666666667 0.5737500000000001 0.39666666666666667 0.570625 0.39916666666666667 0.578125 0.39583333333333337 0.5800000000000001 0.39 0.576875 0.39 0.58125 0.39666666666666667 0.5825 0.4 0.5875 0.39249999999999996 0.588125 0.38583333333333336 0.586875 0.38333333333333336 0.584375 0.37416666666666665 0.59375 0.37083333333333335 0.59375 0.36583333333333334 0.588125 0.36583333333333334 0.590625 0.35833333333333334 0.59375 0.35583333333333333 0.598125 0.3683333333333333 0.6006250000000001 0.3683333333333333 0.603125
0 0.03 0.288125 0.014166666666666666 0.291875 0.008333333333333333 0.296875 0 0.295625 0 0.32937500000000003 0.005 0.33125 0.02 0.33125 0.02583333333333333 0.333125 0.029166666666666667 0.33062500000000006 0.05 0.328125 0.08333333333333334 0.325 0.09916666666666667 0.325625 0.11916666666666667 0.3225 0.15833333333333333 0.32375000000000004 0.16416666666666666 0.32125000000000004 0.19583333333333333 0.31625000000000003 0.20916666666666667 0.3175 0.22333333333333333 0.315625 0.2308333333333333 0.30812500000000004 0.22583333333333333 0.27937500000000004 0.21166666666666667 0.26812500000000006 0.20249999999999999 0.27 0.2 0.273125 0.1925 0.273125 0.19166666666666668 0.2675 0.1875 0.26875 0.18583333333333335 0.27375000000000005 0.175 0.27375000000000005 0.17083333333333334 0.275625 0.16083333333333333 0.271875 0.15083333333333332 0.271875 0.14333333333333334 0.27937500000000004 0.13166666666666665 0.271875 0.135 0.26875 0.13333333333333333 0.26687500000000003 0.13 0.26875 0.13 0.273125 0.12 0.2725 0.11499999999999999 0.275625 0.11333333333333333 0.28 0.09833333333333333 0.28500000000000003 0.09166666666666666 0.283125 0.08833333333333333 0.28687500000000005 0.08416666666666667 0.28500000000000003 0.08166666666666667 0.288125 0.07833333333333334 0.28625 0.08083333333333334 0.28250000000000003 0.07166666666666667 0.27937500000000004 0.06916666666666667 0.275625 0.05333333333333333 0.275 0.04666666666666667 0.28 0.0325 0.28125 0.0325 0.28625 0.03 0.288125
0 0.33666666666666667 0.603125 0.34750000000000003 0.6143750000000001 0.34750000000000003 0.62625 0.3525 0.633125 0.3516666666666667 0.6481250000000001 0.35666666666666663 0.65125 0.3775 0.65125 0.3933333333333333 0.6481250000000001 0.4083333333333333 0.64875 0.47750000000000004 0.639375 0.4883333333333333 0.64 0.49333333333333335 0.635 0.5116666666666666 0.639375 0.5175 0.6375 0.5275000000000001 0.63875 0.5358333333333334 0.6362500000000001 0.5566666666666666 0.635625 0.5575 0.60625 0.55 0.573125 0.55 0.5543750000000001 0.5466666666666666 0.5475000000000001 0.5433333333333333 0.54625 0.5466666666666666 0.535625 0.5425 0.5225000000000001 0.54 0.52125 0.5325 0.521875 0.5325 0.5275000000000001 0.5275000000000001 0.5318750000000001 0.5191666666666667 0.53125 0.5058333333333334 0.525 0.49833333333333335 0.524375 0.4958333333333333 0.525625 0.4958333333333333 0.53125 0.49083333333333334 0.5337500000000001 0.4766666666666667 0.528125 0.4741666666666666 0.535625 0.4658333333333333 0.5375 0.44416666666666665 0.534375 0.4416666666666667 0.529375 0.4383333333333333 0.528125 0.4343172690763052 0.5305346385542169 0.4416666666666667 0.5337500000000001 0.4416666666666667 0.536875 0.4383333333333333 0.539375 0.4125 0.5387500000000001 0.4041666666666667 0.54625 0.40083333333333326 0.544375 0.4041666666666667 0.5387500000000001 0.4033333333333333 0.535 0.4 0.539375 0.40166666666666667 0.550625 0.37583333333333335 0.5487500000000001 0.3716666666666667 0.54625 0.36333333333333334 0.5537500000000001 0.35 0.555 0.34750000000000003 0.55125 0.3383333333333333 0.553125 0.33666666666666667 0.5587500000000001 0.3375 0.5643750000000001 0.33249999999999996 0.5775 0.3375 0.588125 0.33666666666666667 0.603125
0 0.29296875 0.3734375 0.00078125 0.0015625
0 0.27 0.36625 0.2725 0.37125 0.2791666666666667 0.3725 0.2816666666666666 0.36812500000000004 0.2875 0.36812500000000004 0.28833333333333333 0.365625 0.2833333333333333 0.3625 0.2891666666666667 0.355625 0.2875 0.354375 0.2791666666666667 0.35500000000000004 0.2725 0.35875 0.2758333333333333 0.3625 0.27 0.36625
0 0.26083333333333336 0.3225 0.25416666666666665 0.34500000000000003 0.26166666666666666 0.350625 0.2808333333333333 0.34625000000000006 0.30333333333333334 0.34875 0.31666666666666665 0.3425 0.325 0.3425 0.33416666666666667 0.34625000000000006 0.345 0.34750000000000003 0.355 0.34500000000000003 0.3575 0.353125 0.355 0.358125 0.34833333333333333 0.35375 0.3433333333333333 0.354375 0.3358333333333333 0.350625 0.3275 0.35125 0.32083333333333336 0.354375 0.3158333333333333 0.359375 0.32666666666666666 0.36625 0.33249999999999996 0.36625 0.3383333333333333 0.36 0.3416666666666667 0.36375 0.37333333333333335 0.36312500000000003 0.3783333333333333 0.36 0.3775 0.350625 0.385 0.34875 0.38666666666666666 0.344375 0.39499999999999996 0.34500000000000003 0.3983333333333333 0.34750000000000003 0.4025 0.35750000000000004 0.41083333333333333 0.36062500000000003 0.41500000000000004 0.36 0.42000000000000004 0.355625 0.41916666666666663 0.35125 0.4216666666666667 0.348125 0.4133333333333333 0.340625 0.42833333333333334 0.338125 0.4408333333333333 0.34 0.44000000000000006 0.34625000000000006 0.44416666666666665 0.35250000000000004 0.4383333333333333 0.35375 0.4375 0.355625 0.43916666666666665 0.356875 0.4425 0.35375 0.44416666666666665 0.356875 0.44666666666666666 0.356875 0.4491666666666666 0.36312500000000003 0.4491666666666666 0.359375 0.45499999999999996 0.36 0.4608333333333333 0.356875 0.4658333333333333 0.34187500000000004 0.4716666666666667 0.33937500000000004 0.48083333333333333 0.33875 0.48166666666666663 0.345625 0.48666666666666664 0.35 0.49416666666666664 0.353125 0.5008333333333332 0.353125 0.5066666666666666 0.346875 0.5058333333333334 0.33875 0.49333333333333335 0.33687500000000004 0.48666666666666664 0.33937500000000004 0.485 0.334375 0.4966666666666667 0.33062500000000006 0.5083333333333333 0.33187500000000003 0.515 0.32875 0.515 0.32375000000000004 0.5108333333333334 0.32125000000000004 0.5075000000000001 0.314375 0.5091666666666667 0.30875 0.5066666666666666 0.2975 0.49749999999999994 0.296875 0.4925 0.29375 0.47750000000000004 0.29125 0.47333333333333333 0.29375 0.4333333333333333 0.29875 0.3933333333333333 0.2975 0.35583333333333333 0.30250000000000005 0.33999999999999997 0.301875 0.32166666666666666 0.30625 0.30333333333333334 0.304375 0.29500000000000004 0.30875 0.25833333333333336 0.30875 0.25416666666666665 0.31062500000000004 0.2533333333333333 0.31375000000000003 0.26083333333333336 0.3225
0 0.5691666666666666 0.60625 0.5716666666666667 0.6112500000000001 0.5808333333333333 0.615 0.5991666666666666 0.61375 0.6075 0.610625 0.6308333333333334 0.6112500000000001 0.6416666666666667 0.608125 0.6649999999999999 0.610625 0.6716666666666666 0.60875 0.6983333333333334 0.608125 0.7058333333333333 0.6056250000000001 0.7208333333333333 0.6056250000000001 0.7274999999999999 0.6075 0.7541666666666667 0.6025 0.7858333333333334 0.601875 0.7933333333333333 0.5987500000000001 0.7908333333333333 0.5831250000000001 0.7933333333333333 0.566875 0.7899999999999999 0.55625 0.7866666666666666 0.5543750000000001 0.7725 0.56 0.7649999999999999 0.56 0.7566666666666666 0.55625 0.7375 0.559375 0.7308333333333333 0.556875 0.7133333333333333 0.556875 0.7075 0.559375 0.6766666666666666 0.5587500000000001 0.6649999999999999 0.560625 0.6608333333333334 0.5631250000000001 0.6416666666666667 0.5631250000000001 0.6258333333333332 0.56625 0.6083333333333333 0.5650000000000001 0.5941666666666666 0.566875 0.5833333333333333 0.5643750000000001 0.5708333333333333 0.5693750000000001 0.5675 0.5743750000000001 0.5691666666666666 0.60625
0 0.017499999999999998 0.759375 0.018333333333333333 0.7725000000000001 0.030833333333333334 0.775625 0.0325 0.79 0.06999999999999999 0.79125 0.14750000000000002 0.7887500000000001 0.18916666666666665 0.7862500000000001 0.19666666666666666 0.7831250000000001 0.18833333333333332 0.7525000000000001 0.17583333333333334 0.7375 0.175 0.7306250000000001 0.16916666666666666 0.7237500000000001 0.16833333333333333 0.715625 0.14750000000000002 0.6975 0.12583333333333332 0.695625 0.11583333333333332 0.698125 0.1075 0.69125 0.09916666666666667 0.69125 0.095 0.68875 0.0925 0.690625 0.09166666666666666 0.68875 0.08833333333333333 0.6943750000000001 0.08083333333333334 0.6950000000000001 0.07833333333333334 0.6925000000000001 0.07333333333333333 0.6943750000000001 0.06416666666666666 0.69375 0.057499999999999996 0.698125 0.05166666666666666 0.698125 0.043333333333333335 0.706875 0.04416666666666667 0.6993750000000001 0.03666666666666667 0.6987500000000001 0.03 0.711875 0.02583333333333333 0.713125 0.019166666666666665 0.7300000000000001 0.010833333333333334 0.73375 0.009166666666666667 0.7550000000000001 0.017499999999999998 0.759375
0 0.10916666666666666 0.6743750000000001 0.11416666666666667 0.67125 0.10833333333333332 0.66875 0.10666666666666666 0.6725000000000001 0.10916666666666666 0.6743750000000001
0 0.0925 0.671875 0.09666666666666666 0.6675000000000001 0.095 0.664375 0.09083333333333334 0.665625 0.08916666666666666 0.67125 0.0925 0.671875
0 0.12250000000000001 0.66625 0.12833333333333333 0.66875 0.125 0.6587500000000001 0.12250000000000001 0.6575 0.11833333333333333 0.659375 0.11916666666666667 0.6681250000000001 0.12250000000000001 0.66625
0 0.0625 0.6612500000000001 0.06416666666666666 0.669375 0.07083333333333333 0.6681250000000001 0.07333333333333333 0.664375 0.0775 0.6675000000000001 0.08333333333333334 0.6681250000000001 0.08 0.66625 0.08083333333333334 0.6581250000000001 0.06833333333333333 0.6575 0.0675 0.665 0.0625 0.6612500000000001
0 0.10916666666666666 0.666875 0.11333333333333333 0.6637500000000001 0.11333333333333333 0.6575 0.10166666666666666 0.65625 0.10166666666666666 0.6631250000000001 0.10916666666666666 0.666875
0 0.4058333333333334 0.484375 0.4033333333333333 0.48187500000000005 0.4025 0.48375 0.4058333333333334 0.484375
0 0.515 0.44375 0.515 0.441875 0.5116666666666666 0.441875 0.5116666666666666 0.44375 0.515 0.44375
0 0.26166666666666666 0.35500000000000004 0.2625 0.376875 0.2783333333333333 0.384375 0.2841666666666667 0.389375 0.2791666666666667 0.4125 0.2841666666666667 0.41937500000000005 0.28500000000000003 0.44312500000000005 0.3158333333333333 0.45499999999999996 0.3175 0.459375 0.32333333333333336 0.46125 0.32416666666666666 0.46625000000000005 0.3308333333333333 0.47000000000000003 0.3383333333333333 0.46937500000000004 0.3416666666666667 0.47250000000000003 0.3516666666666667 0.47250000000000003 0.35416666666666663 0.480625 0.36583333333333334 0.48687500000000006 0.3716666666666667 0.48500000000000004 0.37333333333333335 0.48125 0.38333333333333336 0.484375 0.38333333333333336 0.48187500000000005 0.38666666666666666 0.484375 0.38583333333333336 0.479375 0.3883333333333333 0.47750000000000004 0.39 0.480625 0.39166666666666666 0.479375 0.3975 0.48125 0.40083333333333326 0.47875000000000006 0.4041666666666667 0.4800000000000001 0.4066666666666666 0.478125 0.4041666666666667 0.47437500000000005 0.4066666666666666 0.464375 0.4125 0.46125 0.4175 0.46187500000000004 0.425 0.4575 0.42833333333333334 0.4575 0.43166666666666664 0.46187500000000004 0.43583333333333335 0.46125 0.43916666666666665 0.464375 0.4425 0.46312500000000006 0.4525 0.46875 0.45666666666666667 0.465625 0.4708333333333333 0.465 0.47833333333333333 0.46687500000000004 0.4833333333333333 0.46187500000000004 0.4875 0.465 0.49083333333333334 0.46312500000000006 0.49833333333333335 0.46312500000000006 0.5166666666666667 0.465625 0.5225 0.46312500000000006 0.5233333333333333 0.45625 0.5208333333333333 0.45437500000000003 0.5116666666666666 0.45562500000000006 0.5033333333333333 0.453125 0.5066666666666666 0.44375 0.5041666666666667 0.43875000000000003 0.53 0.428125 0.5291666666666667 0.414375 0.5241666666666667 0.40499999999999997 0.5275000000000001 0.395625 0.5266666666666666 0.38875000000000004 0.52 0.38375000000000004 0.5175 0.37625000000000003 0.5108333333333334 0.37625000000000003 0.5075000000000001 0.37312500000000004 0.51 0.36875 0.5216666666666667 0.3625 0.5216666666666667 0.35500000000000004 0.5166666666666667 0.343125 0.515 0.323125 0.5075000000000001 0.3175 0.5033333333333333 0.309375 0.49416666666666664 0.30125 0.4833333333333333 0.30125 0.47000000000000003 0.29625 0.46416666666666667 0.29625 0.44000000000000006 0.303125 0.42000000000000004 0.3 0.40166666666666667 0.30250000000000005 0.3725 0.301875 0.3625 0.30375 0.3591666666666667 0.3075 0.35333333333333333 0.304375 0.33916666666666667 0.30375 0.32666666666666666 0.30625 0.31083333333333335 0.314375 0.2991666666666667 0.314375 0.28833333333333333 0.31 0.2791666666666667 0.31062500000000004 0.27166666666666667 0.31625000000000003 0.2658333333333333 0.316875 0.26083333333333336 0.32375000000000004 0.255 0.34500000000000003 0.26166666666666666 0.35500000000000004
0 0.6075 0.46312500000000006 0.605 0.46125 0.6058333333333333 0.465 0.6075 0.46312500000000006
0 0.5533333333333333 0.365625 0.5483333333333333 0.369375 0.5475 0.37375 0.5425 0.37625000000000003 0.5433333333333333 0.39437500000000003 0.5483333333333333 0.398125 0.5466666666666666 0.42374999999999996 0.55 0.426875 0.5583333333333333 0.428125 0.5625 0.43187500000000006 0.5599999999999999 0.43624999999999997 0.55 0.43562500000000004 0.55 0.4375 0.5525 0.4375 0.55 0.440625 0.55 0.45 0.5541666666666667 0.45125000000000004 0.5599999999999999 0.465625 0.5658333333333333 0.47000000000000003 0.5766666666666667 0.47000000000000003 0.5883333333333333 0.460625 0.6016666666666667 0.458125 0.605 0.45562500000000006 0.6116666666666666 0.459375 0.6125 0.46687500000000004 0.6125 0.46187500000000004 0.6191666666666666 0.46312500000000006 0.6233333333333333 0.45687500000000003 0.6266666666666667 0.45562500000000006 0.6466666666666667 0.45499999999999996 0.6525 0.4625 0.6575 0.46312500000000006 0.6608333333333334 0.4600000000000001 0.6583333333333333 0.45625 0.6599999999999999 0.45187499999999997 0.6791666666666667 0.45187499999999997 0.6950000000000001 0.45875000000000005 0.7024999999999999 0.44875 0.7208333333333333 0.45 0.7274999999999999 0.45687500000000003 0.7341666666666666 0.458125 0.7408333333333333 0.45562500000000006 0.7474999999999999 0.44750000000000006 0.76 0.448125 0.7691666666666667 0.453125 0.7775 0.45375000000000004 0.7816666666666666 0.45062500000000005 0.7791666666666667 0.445 0.8016666666666665 0.43875000000000003 0.8 0.428125 0.7933333333333333 0.4175 0.7933333333333333 0.41375 0.8033333333333333 0.40750000000000003 0.7983333333333333 0.38125 0.8033333333333333 0.37625000000000003 0.8041666666666666 0.36875 0.7933333333333333 0.35250000000000004 0.7941666666666667 0.34625000000000006 0.805 0.33937500000000004 0.8033333333333333 0.326875 0.7983333333333333 0.321875 0.8 0.32 0.7933333333333333 0.32625000000000004 0.78 0.33125 0.7758333333333333 0.33125 0.7691666666666667 0.324375 0.755 0.32375000000000004 0.7483333333333333 0.335 0.7391666666666666 0.3375 0.73 0.3375 0.7175 0.328125 0.7158333333333333 0.324375 0.7091666666666667 0.323125 0.7058333333333333 0.323125 0.6975 0.334375 0.6875 0.3375 0.6799999999999999 0.3325 0.675 0.3225 0.6541666666666667 0.319375 0.6483333333333333 0.32062500000000005 0.65 0.325625 0.6475 0.32875 0.6416666666666667 0.32625000000000004 0.64 0.32125000000000004 0.6375 0.32375000000000004 0.6083333333333333 0.32375000000000004 0.6025 0.32625000000000004 0.5991666666666666 0.32375000000000004 0.5941666666666666 0.32375000000000004 0.5741666666666666 0.3275 0.5525 0.326875 0.5425 0.328125 0.54 0.33125 0.54 0.35625 0.5533333333333333 0.365625
0 0.5675 0.56375 0.5900000000000001 0.5650000000000001 0.6166666666666667 0.5650000000000001 0.6208333333333333 0.5625 0.63 0.5625 0.6333333333333333 0.5587500000000001 0.6441666666666667 0.56125 0.6491666666666667 0.559375 0.6583333333333333 0.56 0.6641666666666667 0.556875 0.69 0.5587500000000001 0.705 0.55625 0.7208333333333333 0.5575 0.7533333333333333 0.5543750000000001 0.7649999999999999 0.5581250000000001 0.7716666666666667 0.555625 0.775 0.5518750000000001 0.7883333333333333 0.55 0.7916666666666667 0.54 0.7891666666666667 0.5318750000000001 0.7966666666666666 0.524375 0.7925 0.504375 0.7891666666666667 0.499375 0.78 0.503125 0.77 0.503125 0.7658333333333334 0.50625 0.7583333333333333 0.50125 0.7024999999999999 0.5068750000000001 0.6925 0.5050000000000001 0.6825 0.5068750000000001 0.675 0.5025000000000001 0.6591666666666667 0.508125 0.6366666666666666 0.5050000000000001 0.63 0.509375 0.6258333333333332 0.508125 0.6016666666666667 0.51 0.5916666666666667 0.504375 0.5941666666666666 0.5068750000000001 0.5883333333333333 0.510625 0.5808333333333333 0.50375 0.5775 0.510625 0.5658333333333333 0.5162500000000001 0.5633333333333332 0.52 0.5616666666666666 0.5337500000000001 0.5675 0.56375
0 0.6265625 0.49453125 0.00078125 0.00078125
0 0.6091666666666666 0.48875 0.6083333333333333 0.48687500000000006 0.6058333333333333 0.4875 0.6091666666666666 0.48875
0 0.585 0.49250000000000005 0.5825 0.49437500000000006 0.5841666666666667 0.49812500000000004 0.5858333333333333 0.48875 0.5966666666666667 0.491875 0.5991666666666666 0.48562500000000003 0.5916666666666667 0.48375 0.5900000000000001 0.48625000000000007 0.585 0.4875 0.5825 0.4912500000000001 0.585 0.49250000000000005
0 0.39249999999999996 0.7731250000000001 0.39249999999999996 0.7862500000000001 0.39666666666666667 0.79 0.5666666666666667 0.780625 0.5775 0.779375 0.58 0.775625 0.5741666666666666 0.738125 0.5583333333333333 0.743125 0.5208333333333333 0.744375 0.51 0.7475 0.5016666666666667 0.745 0.49083333333333334 0.745 0.48166666666666663 0.746875 0.47000000000000003 0.7462500000000001 0.45499999999999996 0.7506250000000001 0.44000000000000006 0.74875 0.4225 0.75125 0.3933333333333333 0.75125 0.38666666666666666 0.753125 0.38666666666666666 0.763125 0.39249999999999996 0.7731250000000001
0 0.67109375 0.33828125 0.00078125 0.00078125
0 0.66484375 0.33828125 0.00234375 0.00078125
0 0.5466666666666666 0.401875 0.5466666666666666 0.42562500000000003 0.5608333333333333 0.426875 0.5675 0.433125 0.5733333333333334 0.43375 0.5733333333333334 0.43937499999999996 0.5633333333333332 0.44875 0.5641666666666667 0.459375 0.5708333333333333 0.458125 0.5716666666666667 0.46187500000000004 0.5666666666666667 0.4625 0.5691666666666666 0.46687500000000004 0.5783333333333334 0.46687500000000004 0.58 0.459375 0.5841666666666667 0.459375 0.595 0.45375000000000004 0.6125 0.45499999999999996 0.6158333333333333 0.453125 0.6408333333333334 0.4525 0.6441666666666667 0.45 0.6541666666666667 0.45187499999999997 0.6616666666666666 0.45 0.6858333333333333 0.45 0.6966666666666667 0.446875 0.7241666666666666 0.446875 0.7316666666666667 0.45625 0.7375 0.45625 0.7325 0.45062500000000005 0.7341666666666666 0.448125 0.7441666666666666 0.44875 0.7474999999999999 0.44625000000000004 0.7633333333333333 0.445625 0.7716666666666667 0.4525 0.7758333333333333 0.4525 0.775 0.449375 0.77 0.446875 0.7725 0.44375 0.7958333333333333 0.44000000000000006 0.8008333333333333 0.4375 0.8 0.43062500000000004 0.7891666666666667 0.418125 0.7958333333333333 0.41125 0.8041666666666666 0.40750000000000003 0.7983333333333333 0.385 0.8 0.38 0.8074999999999999 0.3725 0.7933333333333333 0.35250000000000004 0.7908333333333333 0.34375 0.7758333333333333 0.34500000000000003 0.7649999999999999 0.343125 0.7541666666666667 0.34625000000000006 0.7508333333333332 0.34500000000000003 0.7508333333333332 0.34187500000000004 0.7433333333333334 0.345625 0.7341666666666666 0.345625 0.7224999999999999 0.340625 0.7166666666666667 0.345625 0.7091666666666667 0.346875 0.7016666666666667 0.345625 0.7008333333333333 0.33875 0.6950000000000001 0.33625000000000005 0.6799999999999999 0.343125 0.6683333333333333 0.34187500000000004 0.6649999999999999 0.345625 0.6633333333333333 0.34500000000000003 0.6675 0.34875 0.6641666666666667 0.35 0.6533333333333333 0.343125 0.6475 0.345625 0.6408333333333334 0.343125 0.6391666666666667 0.33937500000000004 0.6458333333333333 0.338125 0.6408333333333334 0.334375 0.6341666666666667 0.338125 0.6191666666666666 0.335625 0.6191666666666666 0.34187500000000004 0.6141666666666666 0.348125 0.605 0.34937500000000005 0.5974999999999999 0.345625 0.5916666666666667 0.348125 0.5841666666666667 0.35625 0.5808333333333333 0.35625 0.5766666666666667 0.35125 0.5675 0.35125 0.5633333333333332 0.354375 0.5583333333333333 0.34750000000000003 0.5533333333333333 0.346875 0.5466666666666666 0.35187500000000005 0.5466666666666666 0.359375 0.5525 0.36062500000000003 0.5541666666666667 0.364375 0.5475 0.37312500000000004 0.5433333333333333 0.37375 0.5416666666666667 0.379375 0.5416666666666667 0.39437500000000003 0.5466666666666666 0.401875
0 0.5466666666666666 0.334375 0.5483333333333333 0.3375 0.5508333333333333 0.334375 0.5583333333333333 0.334375 0.5583333333333333 0.33875 0.5675 0.340625 0.5716666666666667 0.33687500000000004 0.5716666666666667 0.328125 0.5675 0.32625000000000004 0.5625 0.32625000000000004 0.5591666666666667 0.33125 0.5558333333333334 0.326875 0.5475 0.3275 0.5441666666666667 0.33 0.5433333333333333 0.335625 0.5466666666666666 0.334375
0 0.6666666666666667 0.324375 0.6641666666666667 0.323125 0.6641666666666667 0.325 0.6666666666666667 0.324375
0 0.5925 0.33125 0.5925 0.333125 0.5891666666666666 0.33187500000000003 0.5900000000000001 0.335 0.5941666666666666 0.33875 0.595 0.33625000000000005 0.6016666666666667 0.33625000000000005 0.6016666666666667 0.335625 0.6075 0.334375 0.6133333333333333 0.33625000000000005 0.6216666666666667 0.32937500000000003 0.6208333333333333 0.325 0.6158333333333333 0.325 0.6125 0.3225 0.5900000000000001 0.324375 0.5891666666666666 0.32875 0.5925 0.33125
0 0.7066666666666667 0.325625 0.7066666666666667 0.32125000000000004 0.7033333333333334 0.32125000000000004 0.7024999999999999 0.33 0.7066666666666667 0.325625
0 0.6325000000000001 0.33 0.6366666666666666 0.33187500000000003 0.6358333333333334 0.328125 0.6425 0.32125000000000004 0.6391666666666667 0.32062500000000005 0.635 0.32375000000000004 0.6283333333333333 0.324375 0.6291666666666667 0.33187500000000003 0.6325000000000001 0.33
0 0.6533333333333333 0.340625 0.6566666666666666 0.338125 0.6558333333333334 0.334375 0.6599999999999999 0.32937500000000003 0.6608333333333334 0.32062500000000005 0.6483333333333333 0.32062500000000005 0.6483333333333333 0.33937500000000004 0.6533333333333333 0.340625
0 0.6766666666666666 0.4375 0.6741666666666666 0.436875 0.675 0.440625 0.6766666666666666 0.4375
0 0.7175 0.43937499999999996 0.7241666666666666 0.43187500000000006 0.72 0.4325 0.7166666666666667 0.43 0.7125 0.433125 0.71 0.4325 0.7116666666666667 0.43812500000000004 0.7175 0.43937499999999996
0 0.5466666666666666 0.39625000000000005 0.5541666666666667 0.3975 0.5558333333333334 0.40687500000000004 0.5583333333333333 0.41125 0.5625 0.4131250000000001 0.5708333333333333 0.41375 0.5741666666666666 0.41187500000000005 0.5808333333333333 0.39625000000000005 0.5941666666666666 0.395625 0.5974999999999999 0.398125 0.6008333333333333 0.40875000000000006 0.6058333333333333 0.41125 0.6141666666666666 0.409375 0.6233333333333333 0.39312500000000006 0.63 0.39312500000000006 0.6383333333333333 0.3975 0.6375 0.40125 0.6416666666666667 0.40750000000000003 0.6541666666666667 0.40875000000000006 0.6641666666666667 0.40062500000000006 0.6683333333333333 0.40375000000000005 0.6758333333333333 0.39937500000000004 0.6808333333333334 0.40625 0.6849999999999999 0.40375000000000005 0.6941666666666666 0.40499999999999997 0.7041666666666667 0.39875000000000005 0.7125 0.39 0.725 0.401875 0.7325 0.40437500000000004 0.7341666666666666 0.41125 0.7375 0.4131250000000001 0.74 0.409375 0.7375 0.40437500000000004 0.7433333333333334 0.401875 0.7483333333333333 0.4025 0.7533333333333333 0.39937500000000004 0.7583333333333333 0.40062500000000006 0.7583333333333333 0.40687500000000004 0.7616666666666666 0.40062500000000006 0.7649999999999999 0.40375000000000005 0.7725 0.401875 0.775 0.40750000000000003 0.7791666666666667 0.40812499999999996 0.7783333333333333 0.40062500000000006 0.7883333333333333 0.390625 0.7966666666666666 0.386875 0.7966666666666666 0.3825 0.805 0.375625 0.8066666666666666 0.37125 0.8 0.36062500000000003 0.7908333333333333 0.35187500000000005 0.7791666666666667 0.354375 0.7733333333333333 0.348125 0.7691666666666667 0.346875 0.7508333333333332 0.348125 0.7483333333333333 0.35 0.7266666666666667 0.34750000000000003 0.7108333333333333 0.35 0.6816666666666666 0.34937500000000005 0.6716666666666666 0.35187500000000005 0.64 0.350625 0.6275000000000001 0.35500000000000004 0.6075 0.35625 0.5983333333333334 0.354375 0.5858333333333333 0.35875 0.5716666666666667 0.35875 0.5641666666666667 0.36187500000000006 0.5599999999999999 0.36 0.5566666666666666 0.3625 0.5541666666666667 0.37062500000000004 0.545 0.38 0.5441666666666667 0.39375 0.5466666666666666 0.39625000000000005
0 0.2925 0.545 0.2966666666666667 0.5425000000000001 0.3 0.5431250000000001 0.3 0.54 0.29333333333333333 0.540625 0.29 0.5425000000000001 0.2925 0.545
0 0.0640625 0.3453125 0.00078125 0.0015625
0 0.0225 0.41000000000000003 0.020833333333333336 0.43 0.03166666666666666 0.441875 0.03333333333333333 0.45875000000000005 0.03666666666666667 0.46312500000000006 0.04666666666666667 0.465625 0.05083333333333333 0.46937500000000004 0.05333333333333333 0.47375 0.05333333333333333 0.49625 0.058333333333333334 0.49812500000000004 0.0625 0.513125 0.0675 0.5206250000000001 0.08 0.5225000000000001 0.08333333333333334 0.535625 0.08083333333333334 0.54625 0.0975 0.5581250000000001 0.1025 0.56375 0.1025 0.56875 0.10583333333333333 0.5693750000000001 0.1075 0.5675000000000001 0.10500000000000001 0.5643750000000001 0.10666666666666666 0.56125 0.11833333333333333 0.5581250000000001 0.12333333333333334 0.553125 0.12833333333333333 0.55625 0.13666666666666666 0.555 0.13999999999999999 0.556875 0.14833333333333334 0.556875 0.15333333333333332 0.5543750000000001 0.15583333333333332 0.548125 0.16416666666666666 0.545 0.17083333333333334 0.5475000000000001 0.175 0.560625 0.17916666666666667 0.560625 0.18916666666666665 0.5537500000000001 0.1925 0.5425000000000001 0.19916666666666666 0.545625 0.21333333333333332 0.545 0.21666666666666665 0.548125 0.22000000000000003 0.545 0.22333333333333333 0.54625 0.23166666666666663 0.5425000000000001 0.2375 0.545625 0.2525 0.548125 0.25916666666666666 0.546875 0.2625 0.539375 0.26916666666666667 0.535 0.2808333333333333 0.5362500000000001 0.29416666666666663 0.5325 0.29 0.530625 0.2891666666666667 0.525625 0.2833333333333333 0.521875 0.2816666666666666 0.5118750000000001 0.29500000000000004 0.505625 0.29583333333333334 0.4912500000000001 0.29333333333333333 0.48500000000000004 0.2866666666666667 0.480625 0.2875 0.47000000000000003 0.2791666666666667 0.4625 0.2758333333333333 0.46375 0.26916666666666667 0.460625 0.2658333333333333 0.45625 0.26749999999999996 0.4525 0.27166666666666667 0.45125000000000004 0.27666666666666667 0.445625 0.27416666666666667 0.42062499999999997 0.27 0.414375 0.2758333333333333 0.40062500000000006 0.275 0.398125 0.26916666666666667 0.4 0.26416666666666666 0.39375 0.26083333333333336 0.39375 0.25166666666666665 0.388125 0.25416666666666665 0.369375 0.25083333333333335 0.365625 0.24666666666666667 0.36500000000000005 0.24083333333333332 0.353125 0.24166666666666664 0.34375 0.24416666666666664 0.34187500000000004 0.24166666666666664 0.34 0.24416666666666664 0.338125 0.23916666666666667 0.34 0.2375 0.33875 0.2341666666666667 0.343125 0.23166666666666663 0.3425 0.22416666666666668 0.33875 0.22000000000000003 0.33125 0.21000000000000002 0.32625000000000004 0.20166666666666666 0.32875 0.195 0.32625000000000004 0.1925 0.33 0.185 0.33125 0.18166666666666667 0.33875 0.17833333333333332 0.33875 0.17333333333333334 0.335 0.17166666666666666 0.32937500000000003 0.16833333333333333 0.33375000000000005 0.16083333333333333 0.33125 0.15666666666666668 0.33375000000000005 0.155 0.33125 0.14666666666666667 0.32937500000000003 0.1375 0.3375 0.13333333333333333 0.33 0.12916666666666668 0.33187500000000003 0.12 0.328125 0.10916666666666666 0.328125 0.09916666666666667 0.33187500000000003 0.08499999999999999 0.32937500000000003 0.08083333333333334 0.33125 0.06583333333333333 0.33062500000000006 0.06416666666666666 0.33375000000000005 0.06083333333333333 0.334375 0.0597225 0.33125 0.049166666666666664 0.33125 0.065 0.335625 0.06166666666666667 0.338125 0.06999999999999999 0.34500000000000003 0.0675 0.348125 0.059166666666666666 0.35125 0.059166666666666666 0.35375 0.06333333333333332 0.35625 0.07083333333333333 0.354375 0.07416666666666667 0.358125 0.07416666666666667 0.364375 0.0625 0.369375 0.06583333333333333 0.37625000000000003 0.06083333333333333 0.38 0.0675 0.385625 0.06666666666666667 0.3925 0.05416666666666666 0.39875000000000005 0.042499999999999996 0.39937500000000004 0.03333333333333333 0.403125 0.029166666666666667 0.39937500000000004 0.017499999999999998 0.401875 0.016666666666666666 0.40437500000000004 0.0225 0.41000000000000003
0 0.1775 0.324375 0.17416666666666666 0.32375000000000004 0.175 0.326875 0.1775 0.324375
0 0.36916666666666664 0.786875 0.3683333333333333 0.7831250000000001 0.36666666666666664 0.7862500000000001 0.36916666666666664 0.786875
0 0.3058333333333333 0.77625 0.30083333333333334 0.775 0.3 0.7768750000000001 0.3058333333333333 0.77625
0 0.13083333333333333 0.70625 0.13666666666666666 0.71125 0.14166666666666666 0.70875 0.14166666666666666 0.7056250000000001 0.135 0.6993750000000001 0.13666666666666666 0.703125 0.13083333333333333 0.70625
0 0.1046875 0.69296875 0.0015625 0.00078125
0 0.07833333333333334 0.660625 0.075 0.6625 0.07083333333333333 0.660625 0.0775 0.665625 0.07833333333333334 0.660625
0 0.10833333333333332 0.6681250000000001 0.11166666666666666 0.665 0.11000000000000001 0.6581250000000001 0.10166666666666666 0.6581250000000001 0.10166666666666666 0.6637500000000001 0.10833333333333332 0.6681250000000001
0 0.17583333333333334 0.6587500000000001 0.17166666666666666 0.6612500000000001 0.17416666666666666 0.6625 0.17666666666666667 0.6581250000000001 0.175 0.65375 0.17166666666666666 0.6568750000000001 0.17583333333333334 0.6587500000000001
0 0.19166666666666668 0.654375 0.18916666666666665 0.653125 0.18916666666666665 0.65625 0.19166666666666668 0.654375
0 0.02 0.75875 0.02 0.77 0.021666666666666667 0.771875 0.0325 0.77375 0.0325 0.786875 0.04166666666666667 0.789375 0.0725 0.79 0.09416666666666666 0.786875 0.17666666666666667 0.7862500000000001 0.20249999999999999 0.784375 0.20916666666666667 0.7825 0.21583333333333332 0.7775000000000001 0.22333333333333333 0.7768750000000001 0.2308333333333333 0.779375 0.23333333333333334 0.7775000000000001 0.25416666666666665 0.77625 0.25666666666666665 0.779375 0.2533333333333333 0.7862500000000001 0.25833333333333336 0.789375 0.2683333333333333 0.786875 0.27083333333333337 0.7831250000000001 0.2966666666666667 0.789375 0.30166666666666664 0.7837500000000001 0.3075 0.786875 0.325 0.786875 0.32333333333333336 0.7931250000000001 0.32666666666666666 0.79125 0.3280558333333333 0.7931250000000001 0.32916666666666666 0.790625 0.33277750000000006 0.7931250000000001 0.3358333333333333 0.790625 0.3375 0.7931250000000001 0.3358333333333333 0.7887500000000001 0.3416666666666667 0.784375 0.35416666666666663 0.786875 0.36333333333333334 0.7831250000000001 0.3616666666666667 0.780625 0.35416666666666663 0.779375 0.35333333333333333 0.775625 0.3591666666666667 0.7706250000000001 0.36583333333333334 0.77375 0.37416666666666665 0.77375 0.3808333333333333 0.76875 0.37666666666666665 0.7550000000000001 0.37666666666666665 0.745 0.36916666666666664 0.744375 0.37 0.7262500000000001 0.36583333333333334 0.71375 0.3625 0.709375 0.3525 0.70875 0.35 0.706875 0.3516666666666667 0.6993750000000001 0.3458333333333333 0.69625 0.355 0.690625 0.355 0.685 0.35 0.681875 0.3516666666666667 0.6787500000000001 0.34249999999999997 0.67125 0.33916666666666667 0.675 0.3283333333333333 0.67125 0.32999999999999996 0.6631250000000001 0.32083333333333336 0.6568750000000001 0.26749999999999996 0.660625 0.2425 0.659375 0.22749999999999998 0.6631250000000001 0.21333333333333332 0.661875 0.19166666666666668 0.665 0.185 0.6637500000000001 0.1825 0.666875 0.17416666666666666 0.66625 0.17166666666666666 0.6681250000000001 0.17166666666666666 0.6743750000000001 0.1675 0.675625 0.1625 0.671875 0.16083333333333333 0.665 0.15083333333333332 0.6612500000000001 0.15083333333333332 0.65625 0.14750000000000002 0.653125 0.1375 0.6675000000000001 0.145 0.671875 0.135 0.6787500000000001 0.13916666666666666 0.680625 0.13583333333333333 0.685625 0.14750000000000002 0.695625 0.14416666666666667 0.6993750000000001 0.14833333333333334 0.7037500000000001 0.14333333333333334 0.7100000000000001 0.14333333333333334 0.7143750000000001 0.13 0.716875 0.12416666666666668 0.715625 0.12166666666666666 0.713125 0.1275 0.70625 0.11000000000000001 0.70625 0.10666666666666666 0.698125 0.10166666666666666 0.6993750000000001 0.09166666666666666 0.695625 0.08583333333333333 0.698125 0.0775 0.696875 0.075 0.6993750000000001 0.07083333333333333 0.6993750000000001 0.06416666666666666 0.69625 0.057499999999999996 0.703125 0.06666666666666667 0.7106250000000001 0.056666666666666664 0.7150000000000001 0.05 0.7100000000000001 0.0475 0.7175 0.03666666666666667 0.716875 0.03 0.726875 0.024166666666666666 0.7275 0.0125 0.7456250000000001 0.011666666666666667 0.7550000000000001 0.02 0.75875
0 0.22083333333333335 0.65375 0.21916666666666665 0.650625 0.21583333333333332 0.650625 0.21583333333333332 0.654375 0.22083333333333335 0.65375
0 0.3158333333333333 0.650625 0.31166666666666665 0.65 0.31 0.650625 0.3158333333333333 0.650625
0 0.2808333333333333 0.65375 0.2791666666666667 0.650625 0.2725 0.65 0.2725 0.6525000000000001 0.2808333333333333 0.65375
0 0.25166666666666665 0.65375 0.25083333333333335 0.649375 0.24333333333333332 0.6518750000000001 0.24416666666666664 0.655 0.25166666666666665 0.65375
0 0.29333333333333333 0.655625 0.29333333333333333 0.6481250000000001 0.2866666666666667 0.64875 0.2841666666666667 0.654375 0.29333333333333333 0.655625
0 0.15166666666666667 0.6681250000000001 0.15416666666666667 0.681875 0.1625 0.691875 0.16166666666666668 0.69625 0.17166666666666666 0.70625 0.1725 0.721875 0.18 0.733125 0.17916666666666667 0.7375 0.19083333333333333 0.7475 0.19166666666666668 0.758125 0.19749999999999998 0.7681250000000001 0.19916666666666666 0.7818750000000001 0.20750000000000002 0.785 0.20833333333333334 0.7975000000000001 0.22333333333333333 0.7975000000000001 0.23666666666666666 0.7925000000000001 0.24083333333333332 0.795625 0.27416666666666667 0.79625 0.2783333333333333 0.791875 0.2841666666666667 0.795 0.29083333333333333 0.795625 0.35083333333333333 0.7931250000000001 0.3625 0.79 0.38333333333333336 0.789375 0.37583333333333335 0.779375 0.37583333333333335 0.77625 0.38249999999999995 0.7681250000000001 0.37666666666666665 0.755625 0.3775 0.746875 0.3716666666666667 0.7412500000000001 0.37083333333333335 0.726875 0.36333333333333334 0.6993750000000001 0.36 0.69625 0.35666666666666663 0.67125 0.35083333333333333 0.660625 0.34249999999999997 0.655 0.34249999999999997 0.64375 0.33666666666666667 0.635625 0.32916666666666666 0.6325000000000001 0.32416666666666666 0.634375 0.30833333333333335 0.6325000000000001 0.2925 0.634375 0.2875 0.6300000000000001 0.28250000000000003 0.62875 0.265 0.638125 0.24416666666666664 0.635 0.2341666666666667 0.639375 0.21583333333333332 0.640625 0.2033333333333333 0.644375 0.175 0.640625 0.16083333333333333 0.64625 0.15 0.6456250000000001 0.14416666666666667 0.6525000000000001 0.14333333333333334 0.66 0.15166666666666667 0.6681250000000001
0 0.5675 0.56125 0.5675 0.575 0.5708333333333333 0.5900000000000001 0.5700000000000001 0.6025 0.5741666666666666 0.6112500000000001 0.5775 0.610625 0.5808333333333333 0.61375 0.5958333333333333 0.6143750000000001 0.6066666666666667 0.6112500000000001 0.63 0.6125 0.6325000000000001 0.610625 0.6425 0.6100000000000001 0.6616666666666666 0.615 0.6708333333333333 0.6100000000000001 0.6958333333333333 0.60875 0.7066666666666667 0.6050000000000001 0.7283333333333333 0.60625 0.7375 0.604375 0.745 0.606875 0.7474999999999999 0.610625 0.7483333333333333 0.6056250000000001 0.7508333333333332 0.604375 0.7866666666666666 0.599375 0.7866666666666666 0.5831250000000001 0.7825 0.575 0.7849999999999999 0.570625 0.7833333333333333 0.5631250000000001 0.7875 0.5581250000000001 0.7875 0.553125 0.7933333333333333 0.55 0.7958333333333333 0.545625 0.7899999999999999 0.536875 0.7825 0.534375 0.7733333333333333 0.5425000000000001 0.7733333333333333 0.5493750000000001 0.7675 0.553125 0.7541666666666667 0.5518750000000001 0.7433333333333334 0.555 0.7108333333333333 0.5525 0.705 0.5575 0.6925 0.5518750000000001 0.6841666666666667 0.556875 0.6783333333333333 0.55625 0.6691666666666667 0.55125 0.6683333333333333 0.5362500000000001 0.6633333333333333 0.5387500000000001 0.6541666666666667 0.535 0.6441666666666667 0.535625 0.6308333333333334 0.5475000000000001 0.6266666666666667 0.544375 0.6216666666666667 0.544375 0.6108333333333333 0.5581250000000001 0.5941666666666666 0.5587500000000001 0.5908333333333333 0.5543750000000001 0.5916666666666667 0.548125 0.5891666666666666 0.5475000000000001 0.5816666666666667 0.55125 0.5775 0.5493750000000001 0.5716666666666667 0.553125 0.5716666666666667 0.56 0.5675 0.56125
0 0.5833333333333333 0.696875 0.5875 0.700625 0.5933333333333334 0.698125 0.62 0.6987500000000001 0.6425 0.698125 0.6508333333333333 0.695625 0.6691666666666667 0.69625 0.6858333333333333 0.6925000000000001 0.7091666666666667 0.6943750000000001 0.7583333333333333 0.686875 0.7716666666666667 0.6893750000000001 0.7841666666666667 0.68625 0.7883333333333333 0.6787500000000001 0.7883333333333333 0.65375 0.7866666666666666 0.649375 0.7791666666666667 0.646875 0.7441666666666666 0.6475000000000001 0.7325 0.65 0.6950000000000001 0.65 0.67 0.655 0.6433333333333333 0.6525000000000001 0.62 0.6568750000000001 0.595 0.6581250000000001 0.5808333333333333 0.6631250000000001 0.5816666666666667 0.690625 0.5833333333333333 0.696875
0 0.14750000000000002 0.675625 0.15 0.6881250000000001 0.1625 0.6925000000000001 0.16416666666666666 0.703125 0.17333333333333334 0.706875 0.17333333333333334 0.7206250000000001 0.17583333333333334 0.724375 0.18166666666666667 0.7275 0.195 0.7275 0.1925 0.7306250000000001 0.185 0.7306250000000001 0.18833333333333332 0.7325 0.18583333333333335 0.7375 0.1925 0.7425 0.20249999999999999 0.740625 0.21583333333333332 0.7425 0.23833333333333334 0.7412500000000001 0.2425 0.7375 0.23916666666666667 0.726875 0.24416666666666664 0.724375 0.25083333333333335 0.7262500000000001 0.2625 0.725 0.2733333333333333 0.7275 0.2758333333333333 0.73125 0.28583333333333333 0.72875 0.29 0.73125 0.2966666666666667 0.7256250000000001 0.30666666666666664 0.7225 0.3091666666666667 0.726875 0.315 0.72875 0.3358333333333333 0.7275 0.3383333333333333 0.7306250000000001 0.345 0.726875 0.35 0.72875 0.35083333333333333 0.73375 0.35833333333333334 0.7375 0.36916666666666664 0.734375 0.36583333333333334 0.709375 0.3625 0.7056250000000001 0.36 0.69375 0.3591666666666667 0.6612500000000001 0.345 0.65375 0.3416666666666667 0.6368750000000001 0.33249999999999996 0.6300000000000001 0.3275 0.62875 0.32416666666666666 0.6318750000000001 0.31416666666666665 0.629375 0.2975 0.633125 0.2791666666666667 0.630625 0.265 0.635625 0.24083333333333332 0.63375 0.2 0.641875 0.1925 0.6412500000000001 0.18416666666666665 0.6368750000000001 0.16416666666666666 0.6431250000000001 0.14583333333333331 0.64375 0.13666666666666666 0.650625 0.1375 0.6631250000000001 0.14750000000000002 0.675625
0 0.2341666666666667 0.27875 0.23833333333333334 0.30875 0.2525 0.30812500000000004 0.26083333333333336 0.30562500000000004 0.2808333333333333 0.306875 0.2866666666666667 0.30500000000000005 0.315 0.30500000000000005 0.345 0.3 0.3625 0.30062500000000003 0.39249999999999996 0.296875 0.4216666666666667 0.296875 0.4491666666666666 0.293125 0.4525 0.294375 0.4691666666666666 0.288125 0.4833333333333333 0.28875 0.49333333333333335 0.29250000000000004 0.5083333333333333 0.28937500000000005 0.5116666666666666 0.285625 0.515 0.26 0.515 0.24000000000000005 0.5125 0.238125 0.5108333333333334 0.22625 0.5108333333333334 0.21812499999999999 0.5175 0.19437500000000002 0.5141666666666667 0.13687500000000002 0.5091666666666667 0.13187500000000002 0.5016666666666667 0.12875 0.49083333333333334 0.139375 0.48 0.133125 0.47333333333333333 0.133125 0.4683333333333334 0.14 0.46333333333333326 0.14250000000000002 0.4525 0.134375 0.44333333333333336 0.1375 0.43583333333333335 0.143125 0.42833333333333334 0.14125000000000001 0.425 0.1375 0.4208333333333333 0.1375 0.40499999999999997 0.146875 0.39666666666666667 0.140625 0.39166666666666666 0.140625 0.38 0.14875 0.37666666666666665 0.14875 0.36916666666666664 0.14250000000000002 0.3625 0.14125000000000001 0.33916666666666667 0.16062500000000002 0.32666666666666666 0.175 0.3183333333333333 0.18 0.3175 0.183125 0.3225 0.185625 0.32666666666666666 0.19187500000000002 0.32166666666666666 0.2 0.315 0.20187500000000003 0.31333333333333335 0.19 0.2991666666666667 0.1925 0.2991666666666667 0.19656250000000003 0.30416666666666664 0.19937500000000002 0.29583333333333334 0.20375000000000001 0.29333333333333333 0.20125 0.2866666666666667 0.20249999999999999 0.2833333333333333 0.20625 0.2833333333333333 0.210625 0.27416666666666667 0.213125 0.26083333333333336 0.22625 0.24416666666666664 0.23374999999999999 0.23333333333333334 0.2475 0.22833333333333333 0.26875 0.2341666666666667 0.27875