0 0.36916666666666664 0.990625 0.36666666666666664 0.9950000000000001 0.36916666666666664 0.999375 0.41583333333333333 0.999375 0.4166666666666667 0.9975000000000002 0.42000000000000004 0.999375 0.4383333333333333 0.999375 0.44416666666666665 0.9950000000000001 0.4408333333333333 0.983125 0.42833333333333334 0.975 0.41833333333333333 0.975 0.4175 0.9700000000000001 0.41083333333333333 0.9650000000000001 0.40750000000000003 0.96875 0.4058333333333334 0.9787500000000001 0.39583333333333337 0.975 0.3933333333333333 0.9700000000000001 0.39166666666666666 0.9712500000000001 0.38666666666666666 0.9693750000000001 0.38333333333333336 0.9725000000000001 0.38 0.9693750000000001 0.36916666666666664 0.9700000000000001 0.36583333333333334 0.9793750000000001 0.36916666666666664 0.990625
0 0.8453125 0.7578125 0.00078125 0.0015625
0 0.7758333333333333 0.7768750000000001 0.7825 0.7775000000000001 0.7933333333333333 0.7837500000000001 0.8 0.7825 0.8175000000000001 0.789375 0.8241666666666667 0.7887500000000001 0.8316666666666667 0.79375 0.8474999999999999 0.795 0.8516666666666666 0.7993750000000001 0.8708333333333333 0.803125 0.8833333333333334 0.81125 0.8908333333333334 0.813125 0.8933333333333333 0.8168750000000001 0.9191666666666667 0.798125 0.9533333333333334 0.78125 0.9666666666666666 0.77 0.9758333333333333 0.75625 0.9800000000000001 0.7550000000000001 0.9841666666666666 0.75 0.9875 0.7506250000000001 0.9941666666666666 0.744375 0.9941666666666666 0.6787500000000001 0.9891666666666665 0.6743750000000001 0.9591666666666667 0.68 0.9533333333333334 0.6825 0.9458333333333334 0.691875 0.9425000000000001 0.6900000000000001 0.9391666666666666 0.6950000000000001 0.925 0.703125 0.9116666666666667 0.704375 0.8941666666666667 0.7125 0.8666666666666666 0.72 0.8625 0.7237500000000001 0.8333333333333334 0.733125 0.8241666666666667 0.7368750000000001 0.8191666666666666 0.743125 0.8041666666666666 0.7518750000000001 0.7899999999999999 0.748125 0.7666666666666667 0.764375 0.7675 0.7725000000000001 0.7758333333333333 0.7768750000000001
0 0.9533333333333334 0.6518750000000001 0.9527083333333334 0.6524375000000001 0.9541228070175439 0.6528618421052632 0.9533333333333334 0.6518750000000001
0 0.9527083333333334 0.6524375000000001 0.9508333333333333 0.6518750000000001 0.9491666666666667 0.655625 0.9527083333333334 0.6524375000000001
0 0.9591666666666667 0.654375 0.9541228070175439 0.6528618421052632 0.9558333333333333 0.655 0.9591666666666667 0.654375
0 0.64 0.928125 0.6425 0.9256249999999999 0.64 0.9231250000000001 0.6375 0.925 0.64 0.928125
0 0.4491666666666666 0.900625 0.4533333333333333 0.9018750000000001 0.4491666666666666 0.905625 0.4525 0.9099999999999999 0.4725 0.9175000000000001 0.48083333333333333 0.92875 0.4883333333333333 0.928125 0.49416666666666664 0.9325000000000001 0.49833333333333335 0.931875 0.5016666666666667 0.93625 0.5083333333333333 0.93625 0.5158333333333334 0.94625 0.5258333333333333 0.9487500000000001 0.53 0.9550000000000001 0.5341666666666667 0.9568749999999999 0.5466666666666666 0.9568749999999999 0.5558333333333334 0.9543750000000001 0.5691666666666666 0.9450000000000001 0.5741666666666666 0.946875 0.5775 0.953125 0.5816666666666667 0.95375 0.585 0.9506249999999999 0.585 0.9425000000000001 0.5925 0.934375 0.6033333333333333 0.9243750000000001 0.6141666666666666 0.9225 0.6191666666666666 0.914375 0.615 0.906875 0.6224999999999999 0.906875 0.6241666666666666 0.9099999999999999 0.6366666666666666 0.913125 0.6433333333333333 0.9125 0.6541666666666667 0.9075000000000001 0.6516666666666666 0.89375 0.6358333333333334 0.8800000000000001 0.62 0.8706250000000001 0.6091666666666666 0.8675 0.5983333333333334 0.86 0.5808333333333333 0.851875 0.5725 0.8512500000000001 0.5616666666666666 0.8450000000000001 0.5541666666666667 0.846875 0.5491666666666666 0.850625 0.5375 0.851875 0.53 0.8575000000000002 0.5191666666666667 0.85875 0.5 0.865625 0.49416666666666664 0.8706250000000001 0.48 0.871875 0.4725 0.878125 0.46333333333333326 0.8800000000000001 0.4541666666666667 0.8887500000000002 0.4541666666666667 0.8956250000000001 0.4491666666666666 0.900625
0 0.36953125 0.96953125 0.00078125 0.00078125
0 0.36333333333333334 0.9225 0.36583333333333334 0.9525 0.36916666666666664 0.9556250000000001 0.38333333333333336 0.95625 0.38416666666666666 0.9481250000000001 0.39 0.946875 0.40750000000000003 0.9606250000000001 0.41500000000000004 0.961875 0.4216666666666667 0.9675 0.42833333333333334 0.9668750000000002 0.43083333333333335 0.961875 0.43499999999999994 0.961875 0.43916666666666665 0.9575000000000001 0.44000000000000006 0.9393750000000001 0.4425 0.934375 0.43916666666666665 0.91875 0.44000000000000006 0.8956250000000001 0.4458333333333333 0.890625 0.4458333333333333 0.883125 0.4425 0.8793750000000001 0.4408333333333333 0.885 0.43499999999999994 0.89 0.43166666666666664 0.8856250000000001 0.41833333333333333 0.883125 0.4133333333333333 0.8800000000000001 0.40750000000000003 0.889375 0.4058333333333334 0.8862500000000001 0.40083333333333326 0.8856250000000001 0.3933333333333333 0.8800000000000001 0.3975 0.8762500000000001 0.38583333333333336 0.8706250000000001 0.38666666666666666 0.865625 0.38249999999999995 0.858125 0.375 0.8568749999999999 0.37333333333333335 0.85875 0.36666666666666664 0.851875 0.3616666666666667 0.851875 0.35833333333333334 0.8575000000000002 0.35833333333333334 0.9125 0.36333333333333334 0.9225
0 0.7216666666666667 0.35187500000000005 0.7166666666666667 0.355625 0.7166666666666667 0.385625 0.72 0.39 0.7175 0.395 0.7191666666666666 0.40812499999999996 0.7166666666666667 0.425 0.7175 0.468125 0.72 0.473125 0.7175 0.47875000000000006 0.7183333333333334 0.6225 0.7216666666666667 0.62625 0.725 0.6475000000000001 0.7316666666666667 0.65 0.7441666666666666 0.6475000000000001 0.7508333333333332 0.64375 0.7575000000000001 0.64375 0.7658333333333334 0.63875 0.7783333333333333 0.6368750000000001 0.7891666666666667 0.6300000000000001 0.8216666666666667 0.624375 0.8266666666666665 0.619375 0.8275 0.6125 0.8233333333333333 0.6050000000000001 0.8258333333333333 0.6025 0.825 0.5943750000000001 0.8275 0.5875 0.8258333333333333 0.5231250000000001 0.8291666666666666 0.519375 0.8291666666666666 0.508125 0.8258333333333333 0.499375 0.8258333333333333 0.49000000000000005 0.8283333333333334 0.4875 0.8291666666666666 0.46687500000000004 0.8258333333333333 0.46312500000000006 0.8308333333333333 0.4443750000000001 0.835 0.43875000000000003 0.8333333333333334 0.434375 0.8358333333333332 0.42312500000000003 0.8316666666666667 0.41500000000000004 0.8233333333333333 0.41125 0.8283333333333334 0.40625 0.8300000000000001 0.3975 0.825 0.39 0.8258333333333333 0.37312500000000004 0.8283333333333334 0.36875 0.8258333333333333 0.359375 0.8208333333333334 0.355625 0.8266666666666665 0.34875 0.8233333333333333 0.350625 0.8208333333333334 0.34750000000000003 0.8266666666666665 0.343125 0.825 0.3275 0.8275 0.32062500000000005 0.82 0.319375 0.8166666666666667 0.32125000000000004 0.8066666666666666 0.31875 0.7966666666666666 0.32125000000000004 0.7891666666666667 0.31625000000000003 0.7758333333333333 0.321875 0.7658333333333334 0.31625000000000003 0.74 0.316875 0.7375 0.31875 0.73 0.31375000000000003 0.7274999999999999 0.316875 0.7191666666666666 0.316875 0.7191666666666666 0.32625000000000004 0.7233333333333334 0.33 0.7191666666666666 0.33062500000000006 0.72 0.333125 0.7233333333333334 0.33375000000000005 0.7175 0.34125 0.7175 0.34875 0.7216666666666667 0.35187500000000005
0 0.7825 0.309375 0.7858333333333334 0.314375 0.7916666666666667 0.30812500000000004 0.7966666666666666 0.311875 0.8 0.30812500000000004 0.8033333333333333 0.30875 0.8066666666666666 0.314375 0.8058333333333334 0.31062500000000004 0.8116666666666668 0.31062500000000004 0.8133333333333332 0.3125 0.8158333333333333 0.3075 0.8141666666666666 0.30250000000000005 0.8066666666666666 0.303125 0.8 0.29937500000000006 0.7941666666666667 0.301875 0.7925 0.3 0.7925 0.30562500000000004 0.7858333333333334 0.30062500000000003 0.7833333333333333 0.303125 0.7883333333333333 0.3075 0.7825 0.309375
0 0.725 0.30125 0.7191666666666666 0.304375 0.7208333333333333 0.30500000000000005 0.7258333333333333 0.30062500000000003 0.7258333333333333 0.296875 0.72 0.296875 0.7191666666666666 0.29875 0.725 0.30125
0 0.7333333333333333 0.3075 0.74 0.304375 0.7508333333333332 0.30812500000000004 0.755 0.311875 0.7583333333333333 0.30875 0.7675 0.306875 0.7649999999999999 0.295625 0.7575000000000001 0.29375 0.7466666666666667 0.295625 0.7375 0.294375 0.7325 0.29625 0.7308333333333333 0.3 0.7333333333333333 0.3075
0 0.4541666666666667 0.9793750000000001 0.4625 0.9818750000000002 0.4666666666666667 0.9862500000000001 0.47000000000000003 0.9856250000000001 0.4758333333333333 0.9943750000000001 0.4875 0.9918750000000001 0.49083333333333334 0.9950000000000001 0.52 0.996875 0.5233333333333333 0.999375 0.5508333333333333 0.999375 0.5516666666666666 0.9975000000000002 0.5658333333333333 0.9956250000000001 0.5858333333333333 0.9956250000000001 0.5925 0.999375 0.6033333333333333 0.999375 0.6041666666666667 0.9975000000000002 0.6166666666666667 0.9956250000000001 0.63 0.9975000000000002 0.6333333333333333 0.9943750000000001 0.6258333333333332 0.9875 0.6291666666666667 0.9850000000000001 0.6366666666666666 0.9850000000000001 0.6441666666666667 0.9881250000000001 0.65 0.98375 0.6508333333333333 0.9787500000000001 0.655 0.9793750000000001 0.6559803921568628 0.9830514705882354 0.6583333333333333 0.9818750000000002 0.6608333333333334 0.961875 0.6566666666666666 0.9556250000000001 0.6566666666666666 0.9393750000000001 0.6508333333333333 0.934375 0.6458333333333333 0.938125 0.6224999999999999 0.9425000000000001 0.61 0.9475 0.6025 0.953125 0.595 0.95375 0.5808333333333333 0.9600000000000002 0.5708333333333333 0.9668750000000002 0.5583333333333333 0.968125 0.55 0.9756250000000002 0.5433333333333333 0.978125 0.5358333333333334 0.978125 0.53 0.983125 0.5233333333333333 0.9806250000000001 0.5216666666666667 0.975 0.52 0.976875 0.5175 0.9756250000000002 0.515 0.9693750000000001 0.5125 0.9725000000000001 0.5066666666666666 0.9706250000000001 0.5066666666666666 0.9668750000000002 0.51 0.9643750000000001 0.5083333333333333 0.961875 0.495 0.9606250000000001 0.495 0.95625 0.49833333333333335 0.953125 0.495 0.9487500000000001 0.4883333333333333 0.9493750000000001 0.4875 0.951875 0.48083333333333333 0.9506249999999999 0.475 0.9543750000000001 0.4666666666666667 0.953125 0.45999999999999996 0.95625 0.4525 0.9525 0.45166666666666666 0.9493750000000001 0.4508333333333333 0.953125 0.45499999999999996 0.9550000000000001 0.45166666666666666 0.9575000000000001 0.4541666666666667 0.9793750000000001
0 0.5591666666666667 0.798125 0.5558333333333334 0.8243750000000001 0.5641666666666667 0.838125 0.5758333333333333 0.8474999999999999 0.585 0.8512500000000001 0.5983333333333334 0.8525 0.605 0.86 0.6191666666666666 0.865 0.6408333333333334 0.8787499999999999 0.6466666666666667 0.8800000000000001 0.6575 0.889375 0.6649999999999999 0.889375 0.6666666666666667 0.89125 0.6633333333333333 0.900625 0.6658333333333333 0.9043750000000002 0.67 0.905 0.6708333333333333 0.8981250000000001 0.675 0.8943749999999999 0.6733333333333333 0.8825000000000001 0.6783333333333333 0.8668750000000001 0.675 0.8487500000000001 0.6758333333333333 0.81125 0.7024999999999999 0.8 0.7125 0.7925000000000001 0.73 0.7862500000000001 0.7358333333333333 0.7768750000000001 0.745 0.7725000000000001 0.745 0.765625 0.7408333333333333 0.76375 0.7341666666666666 0.765625 0.7216666666666667 0.775625 0.7125 0.77375 0.7066666666666667 0.7775000000000001 0.6991666666666666 0.778125 0.6958333333333333 0.7825 0.7024999999999999 0.7862500000000001 0.6975 0.790625 0.6625 0.8043750000000001 0.6575 0.8012500000000001 0.6441666666666667 0.8006249999999999 0.6366666666666666 0.7975000000000001 0.6333333333333333 0.790625 0.6283333333333333 0.79375 0.6216666666666667 0.79375 0.6091666666666666 0.79 0.6033333333333333 0.7862500000000001 0.6 0.77625 0.595 0.771875 0.5883333333333333 0.7725000000000001 0.5883333333333333 0.77875 0.5858333333333333 0.78 0.5633333333333332 0.775 0.5566666666666666 0.7831250000000001 0.5558333333333334 0.79 0.5591666666666667 0.798125
0 0.7408333333333333 0.7550000000000001 0.7375 0.75375 0.7358333333333333 0.7550000000000001 0.7408333333333333 0.7550000000000001
0 0.9991666666666668 0.999375 0.9991666666666668 0.996875 0.9916666666666666 0.9975000000000002 0.9908333333333333 0.999375 0.9991666666666668 0.999375
0 0.89 0.9943750000000001 0.905 0.996875 0.9066666666666666 0.999375 0.9141666666666666 0.9956250000000001 0.9216666666666666 0.9975000000000002 0.9225 0.999375 0.9525 0.999375 0.9574999999999999 0.9956250000000001 0.9666666666666666 0.9943750000000001 0.9650000000000001 0.9887500000000001 0.9691666666666666 0.9712500000000001 0.9666666666666666 0.9625 0.96 0.9543750000000001 0.9550000000000001 0.9550000000000001 0.9525 0.9575000000000001 0.9458333333333334 0.95625 0.9175000000000001 0.978125 0.9108333333333333 0.98125 0.9075 0.9787500000000001 0.9008333333333333 0.984375 0.8933333333333333 0.983125 0.8958333333333334 0.9918750000000001 0.89 0.9943750000000001
0 0.7683333333333333 0.775 0.7675 0.779375 0.7708333333333333 0.78 0.7825 0.790625 0.7899999999999999 0.79 0.8008333333333333 0.795 0.8133333333333332 0.794375 0.8300000000000001 0.80375 0.8591666666666666 0.8099999999999999 0.8691666666666666 0.8162499999999999 0.8733333333333333 0.821875 0.8758333333333332 0.820625 0.8783333333333333 0.8225 0.8841666666666667 0.8325000000000001 0.89 0.8356250000000001 0.8966666666666667 0.8306250000000001 0.9041666666666666 0.8318749999999999 0.9308333333333334 0.8143750000000001 0.9633333333333333 0.8025 0.9675 0.795 0.9641666666666666 0.7768750000000001 0.9625 0.775 0.9558333333333333 0.775 0.9375 0.7862500000000001 0.9225 0.79125 0.9066666666666666 0.8 0.8949999999999999 0.8025 0.885 0.8006249999999999 0.8800000000000001 0.7975000000000001 0.8699999999999999 0.8006249999999999 0.8574999999999999 0.8 0.8458333333333334 0.795 0.8416666666666666 0.7887500000000001 0.8341666666666667 0.785625 0.8225 0.7875 0.8116666666666668 0.784375 0.7966666666666666 0.7831250000000001 0.7766666666666666 0.77375 0.77 0.765625 0.7675 0.765625 0.7649999999999999 0.76875 0.7683333333333333 0.775
0 0.5583333333333333 0.79625 0.5566666666666666 0.8075000000000001 0.5675 0.8168750000000001 0.5758333333333333 0.8175000000000001 0.595 0.8262500000000002 0.6174999999999999 0.8300000000000001 0.6508333333333333 0.843125 0.6583333333333333 0.84375 0.6641666666666667 0.8418750000000002 0.6666666666666667 0.83375 0.6633333333333333 0.8275 0.6658333333333333 0.8168750000000001 0.6708333333333333 0.8106250000000002 0.6691666666666667 0.8043750000000001 0.6608333333333334 0.805 0.655 0.8018750000000001 0.6433333333333333 0.8012500000000001 0.6316666666666666 0.79625 0.61 0.79125 0.5958333333333333 0.7837500000000001 0.5675 0.775 0.5633333333333332 0.775625 0.5558333333333334 0.7825 0.5549999999999999 0.79 0.5583333333333333 0.79625
0 0.4666666666666667 0.745 0.4741666666666666 0.748125 0.48083333333333333 0.7550000000000001 0.49083333333333334 0.75875 0.5016666666666667 0.759375 0.5116666666666666 0.7662500000000001 0.5133333333333333 0.765 0.5091666666666667 0.7618750000000001 0.515 0.76 0.5183333333333333 0.765625 0.5275000000000001 0.771875 0.5408333333333333 0.775 0.55 0.77375 0.55 0.765 0.5566666666666666 0.7550000000000001 0.5641666666666667 0.7550000000000001 0.5708333333333333 0.765 0.5716666666666667 0.758125 0.5775 0.7525000000000001 0.5833333333333333 0.75375 0.5883333333333333 0.7475 0.5916666666666667 0.74875 0.6091666666666666 0.738125 0.6166666666666667 0.740625 0.6158333333333333 0.745 0.6224999999999999 0.74375 0.6291666666666667 0.7375 0.6308333333333334 0.728125 0.6416666666666667 0.7306250000000001 0.6433333333333333 0.73875 0.6466666666666667 0.7368750000000001 0.6516666666666666 0.726875 0.6575 0.7275 0.6741666666666666 0.7225 0.6783333333333333 0.7193750000000001 0.6975 0.71625 0.7141666666666666 0.7106250000000001 0.7183333333333334 0.70625 0.71 0.6950000000000001 0.7091666666666667 0.681875 0.7024999999999999 0.675625 0.6991666666666666 0.6681250000000001 0.69 0.670625 0.6716666666666666 0.67125 0.6408333333333334 0.678125 0.6075 0.69125 0.5991666666666666 0.69125 0.5783333333333334 0.6993750000000001 0.5549999999999999 0.703125 0.525 0.7143750000000001 0.5075000000000001 0.715625 0.4841666666666667 0.7225 0.47333333333333333 0.729375 0.4666666666666667 0.7300000000000001 0.46333333333333326 0.7325 0.4625 0.7368750000000001 0.4666666666666667 0.745
0 0.4666666666666667 0.744375 0.4741666666666666 0.746875 0.48166666666666663 0.7550000000000001 0.4875 0.755625 0.49083333333333334 0.75875 0.515 0.76 0.5258333333333333 0.771875 0.5341666666666667 0.77375 0.54 0.779375 0.5508333333333333 0.78125 0.5566666666666666 0.7775000000000001 0.5516666666666666 0.766875 0.5525 0.76 0.5599999999999999 0.7518750000000001 0.5816666666666667 0.7518750000000001 0.6016666666666667 0.74 0.6141666666666666 0.738125 0.615 0.734375 0.6233333333333333 0.7306250000000001 0.6275000000000001 0.7206250000000001 0.6183333333333334 0.718125 0.6125 0.7125 0.6058333333333333 0.71625 0.5974999999999999 0.71625 0.5925 0.7100000000000001 0.5925 0.6993750000000001 0.5866666666666667 0.6975 0.58 0.700625 0.5741666666666666 0.6993750000000001 0.5541666666666667 0.703125 0.55 0.70625 0.5425 0.706875 0.5316666666666666 0.7125 0.5191666666666667 0.715625 0.5091666666666667 0.7150000000000001 0.48083333333333333 0.7237500000000001 0.4725 0.7300000000000001 0.46333333333333326 0.7325 0.4625 0.7362500000000001 0.4666666666666667 0.744375
0 0.6833333333333333 0.9043750000000002 0.7024999999999999 0.9043750000000002 0.7175 0.89875 0.7274999999999999 0.9075000000000001 0.7408333333333333 0.90625 0.745 0.9112500000000001 0.7474999999999999 0.9106250000000001 0.7508333333333332 0.913125 0.7649999999999999 0.911875 0.78 0.9262500000000001 0.775 0.9349999999999999 0.7758333333333333 0.940625 0.7758333333333333 0.9337500000000001 0.7791666666666667 0.9337500000000001 0.7866666666666666 0.9387500000000001 0.795 0.9293750000000001 0.8008333333333333 0.934375 0.8166666666666667 0.93625 0.8208333333333334 0.9331250000000001 0.8208333333333334 0.925 0.8308333333333333 0.911875 0.8375 0.914375 0.8441666666666666 0.911875 0.8491666666666667 0.9137500000000001 0.8625 0.9125 0.8716666666666667 0.9 0.8800000000000001 0.8975 0.8833333333333334 0.8943749999999999 0.8833333333333334 0.89 0.8758333333333332 0.8800000000000001 0.8758333333333332 0.87375 0.8733333333333333 0.875 0.8724999999999999 0.8800000000000001 0.8658333333333333 0.88375 0.8625 0.8825000000000001 0.8591666666666666 0.8862500000000001 0.8474999999999999 0.8787499999999999 0.8208333333333334 0.8875 0.8175000000000001 0.8868750000000001 0.8141666666666666 0.89375 0.8008333333333333 0.9 0.76 0.890625 0.7566666666666666 0.8875 0.7566666666666666 0.88375 0.7416666666666667 0.8762500000000001 0.7433333333333334 0.8724999999999999 0.7408333333333333 0.8700000000000001 0.7333333333333333 0.869375 0.7274999999999999 0.875625 0.7216666666666667 0.8731250000000002 0.7208333333333333 0.868125 0.7183333333333334 0.8668750000000001 0.7166666666666667 0.868125 0.7041666666666667 0.8668750000000001 0.6875 0.869375 0.6816666666666666 0.8668750000000001 0.675 0.8793750000000001 0.6766666666666666 0.89875 0.6833333333333333 0.9043750000000002
0 0.5841666666666667 0.713125 0.595 0.711875 0.6008333333333333 0.716875 0.6058333333333333 0.7150000000000001 0.6125 0.716875 0.6158333333333333 0.7206250000000001 0.6283333333333333 0.7225 0.6366666666666666 0.71875 0.64 0.7212500000000001 0.6533333333333333 0.7212500000000001 0.6666666666666667 0.718125 0.675 0.72 0.6925 0.718125 0.71 0.713125 0.7208333333333333 0.70625 0.72 0.701875 0.7233333333333334 0.7025 0.7183333333333334 0.700625 0.715 0.695625 0.7091666666666667 0.6637500000000001 0.6991666666666666 0.665 0.6916666666666667 0.669375 0.6625 0.670625 0.6091666666666666 0.690625 0.5983333333333334 0.690625 0.5808333333333333 0.7 0.58 0.709375 0.5841666666666667 0.713125
0 0.7224999999999999 0.7725000000000001 0.7208333333333333 0.771875 0.72 0.7731250000000001 0.7224999999999999 0.7725000000000001
0 0.8300000000000001 0.6431250000000001 0.835 0.6375 0.835 0.63375 0.8283333333333334 0.640625 0.8300000000000001 0.6431250000000001
0 0.7091666666666667 0.671875 0.715 0.6975 0.72 0.703125 0.7191666666666666 0.7075 0.7141666666666666 0.71125 0.6958333333333333 0.71875 0.6925 0.718125 0.6891666666666667 0.7206250000000001 0.69 0.723125 0.6925 0.724375 0.6958333333333333 0.721875 0.7008333333333333 0.7262500000000001 0.7066666666666667 0.7262500000000001 0.7108333333333333 0.73125 0.7166666666666667 0.731875 0.7266666666666667 0.738125 0.7308333333333333 0.7375 0.7333333333333333 0.7418750000000001 0.7375 0.74375 0.7416666666666667 0.7412500000000001 0.7408333333333333 0.734375 0.7458333333333333 0.729375 0.7566666666666666 0.7306250000000001 0.7633333333333333 0.721875 0.7725 0.726875 0.7758333333333333 0.7237500000000001 0.7825 0.7237500000000001 0.7866666666666666 0.7206250000000001 0.7983333333333333 0.7212500000000001 0.7991666666666666 0.7306250000000001 0.8099999999999999 0.7306250000000001 0.8183333333333334 0.72 0.8108333333333333 0.713125 0.7983333333333333 0.7193750000000001 0.7983333333333333 0.715625 0.7899999999999999 0.7050000000000001 0.7858333333333334 0.703125 0.7883333333333333 0.698125 0.7966666666666666 0.698125 0.8066666666666666 0.6925000000000001 0.8099999999999999 0.69625 0.8141666666666666 0.6950000000000001 0.8241666666666667 0.6993750000000001 0.8275 0.69625 0.8341666666666667 0.6893750000000001 0.8341666666666667 0.685 0.8283333333333334 0.681875 0.8275 0.6775 0.8308333333333333 0.6737500000000001 0.835 0.673125 0.8366666666666667 0.665625 0.8308333333333333 0.6631250000000001 0.8366666666666667 0.659375 0.8366666666666667 0.654375 0.8341666666666667 0.65 0.8308333333333333 0.65125 0.8241666666666667 0.646875 0.8266666666666665 0.64375 0.82 0.645 0.8150000000000001 0.64375 0.8133333333333332 0.640625 0.8108333333333333 0.641875 0.8091666666666667 0.639375 0.8125 0.63375 0.8041666666666666 0.6325000000000001 0.7916666666666667 0.635625 0.7666666666666667 0.64625 0.7483333333333333 0.649375 0.7416666666666667 0.653125 0.7125 0.6612500000000001 0.705 0.664375 0.7058333333333333 0.669375 0.6958333333333333 0.669375 0.6975 0.664375 0.69 0.6681250000000001 0.6916666666666667 0.671875 0.7091666666666667 0.671875
0 0.8683333333333334 0.32125000000000004 0.865 0.32375000000000004 0.8666666666666666 0.33 0.8641666666666665 0.334375 0.8591666666666666 0.32937500000000003 0.8591666666666666 0.332708125 0.8625 0.335 0.8591666666666666 0.33604187500000005 0.8591666666666666 0.33937500000000004 0.8633333333333333 0.338125 0.8675 0.34125 0.8675 0.34500000000000003 0.8633333333333333 0.34875 0.8666666666666666 0.36062500000000003 0.8641666666666665 0.366875 0.8666666666666666 0.36875 0.8699999999999999 0.39375 0.8699999999999999 0.46312500000000006 0.8666666666666666 0.476875 0.8699999999999999 0.48375 0.8683333333333334 0.4875 0.8724999999999999 0.490625 0.8708333333333333 0.5268750000000001 0.8741666666666668 0.529375 0.8716666666666667 0.530625 0.8708333333333333 0.541875 0.875 0.5537500000000001 0.8716666666666667 0.5631250000000001 0.8708333333333333 0.5850000000000001 0.8741666666666668 0.5875 0.8741666666666668 0.591875 0.8800000000000001 0.5925 0.8833333333333334 0.5962500000000001 0.89 0.595 0.8941666666666667 0.5975 0.9075 0.59125 0.9116666666666667 0.5925 0.9183333333333333 0.58875 0.9324999999999999 0.58625 0.9341666666666667 0.578125 0.9391666666666666 0.576875 0.9433333333333334 0.568125 0.9408333333333333 0.56375 0.9408333333333333 0.55125 0.9475 0.539375 0.9475 0.5206250000000001 0.945 0.5125 0.945 0.48250000000000004 0.9483333333333333 0.47000000000000003 0.9466666666666667 0.45562500000000006 0.9508333333333333 0.44750000000000006 0.945 0.4287500000000001 0.9491666666666667 0.421875 0.9491666666666667 0.41375 0.9466666666666667 0.41125 0.9483333333333333 0.40062500000000006 0.9466666666666667 0.39312500000000006 0.9425000000000001 0.39 0.9483333333333333 0.3625 0.9458333333333334 0.35875 0.95 0.35250000000000004 0.95 0.34500000000000003 0.9475 0.34187500000000004 0.9491666666666667 0.3325 0.945 0.325 0.945 0.31625000000000003 0.9491666666666667 0.314375 0.9491666666666667 0.31 0.9366666666666668 0.311875 0.9349999999999999 0.31 0.9199999999999999 0.309375 0.9183333333333333 0.3075 0.9108333333333333 0.30875 0.9016666666666666 0.30250000000000005 0.8975 0.303125 0.8949999999999999 0.3075 0.8908333333333334 0.30500000000000005 0.8866666666666667 0.3075 0.8833333333333334 0.303125 0.8716666666666667 0.30250000000000005 0.8683333333333334 0.3075 0.8633333333333333 0.31 0.8683333333333334 0.313125 0.8683333333333334 0.32125000000000004
0 0.9041666666666666 0.294375 0.9041666666666666 0.29250000000000004 0.9016666666666666 0.293125 0.9041666666666666 0.294375
0 0.8766666666666666 0.27937500000000004 0.8775000000000001 0.27375000000000005 0.8766666666666666 0.271875 0.8741666666666668 0.2725 0.8724999999999999 0.27625 0.8766666666666666 0.27937500000000004
0 0.8658333333333333 0.6793750000000001 0.8658333333333333 0.675625 0.8616666666666667 0.67625 0.86 0.6787500000000001 0.8658333333333333 0.6793750000000001
0 0.9208333333333334 0.634375 0.9241666666666667 0.63375 0.9266666666666665 0.62875 0.9216666666666666 0.6275000000000001 0.9175000000000001 0.6225 0.9108333333333333 0.6212500000000001 0.9099999999999999 0.630625 0.9208333333333334 0.634375
0 0.725 0.6825 0.7266666666666667 0.680625 0.7291666666666667 0.681875 0.7274999999999999 0.685625 0.7316666666666667 0.696875 0.7424999999999999 0.695625 0.7525 0.6975 0.7616666666666666 0.691875 0.76 0.6837500000000001 0.7625 0.681875 0.7575000000000001 0.6725000000000001 0.7583333333333333 0.665 0.7608333333333334 0.6631250000000001 0.7683333333333333 0.66625 0.7866666666666666 0.666875 0.7841666666666667 0.678125 0.7958333333333333 0.6825 0.7991666666666666 0.67625 0.8033333333333333 0.67625 0.8074999999999999 0.6787500000000001 0.8108333333333333 0.68875 0.8141666666666666 0.6837500000000001 0.8233333333333333 0.6825 0.8308333333333333 0.6725000000000001 0.8341666666666667 0.675625 0.8391666666666666 0.6725000000000001 0.8525 0.67625 0.8558333333333333 0.671875 0.85 0.6681250000000001 0.8516666666666666 0.65625 0.8591666666666666 0.653125 0.8641666666666665 0.654375 0.8724999999999999 0.65 0.8800000000000001 0.650625 0.8966666666666667 0.6412500000000001 0.9041666666666666 0.6412500000000001 0.9075 0.6368750000000001 0.9066666666666666 0.624375 0.9058333333333334 0.6225 0.8958333333333334 0.62375 0.8933333333333333 0.62875 0.8891666666666665 0.625 0.8866666666666667 0.6162500000000001 0.8833333333333334 0.62 0.8758333333333332 0.62 0.8691666666666666 0.615625 0.8658333333333333 0.6168750000000001 0.8625 0.6118750000000001 0.8558333333333333 0.6175 0.8383333333333333 0.623125 0.8308333333333333 0.63125 0.8241666666666667 0.62875 0.7966666666666666 0.633125 0.7741666666666667 0.64375 0.7325 0.65375 0.7158333333333333 0.6612500000000001 0.7166666666666667 0.6825 0.725 0.6825
0 0.845 0.8868750000000001 0.85 0.88375 0.8483333333333333 0.8800000000000001 0.8458333333333334 0.880625 0.8416666666666666 0.883125 0.845 0.8868750000000001
0 0.6758333333333333 0.8931250000000001 0.6783333333333333 0.91625 0.6808333333333334 0.911875 0.6858333333333333 0.911875 0.7 0.9168750000000001 0.7075 0.9112500000000001 0.7066666666666667 0.9081250000000001 0.7166666666666667 0.9025000000000001 0.7216666666666667 0.90625 0.7283333333333333 0.9181250000000001 0.735 0.9412499999999999 0.74 0.94375 0.75 0.9425000000000001 0.7516666666666667 0.94625 0.7583333333333333 0.9475 0.7883333333333333 0.9625 0.7966666666666666 0.9600000000000002 0.7933333333333333 0.9556250000000001 0.7991666666666666 0.95375 0.8016666666666665 0.9493750000000001 0.8166666666666667 0.94625 0.8175000000000001 0.9418750000000001 0.8233333333333333 0.9418750000000001 0.8275 0.9387500000000001 0.8258333333333333 0.93 0.8308333333333333 0.9225 0.845 0.9200000000000002 0.8533333333333333 0.9256249999999999 0.8741666666666668 0.9225 0.875 0.9137500000000001 0.8724999999999999 0.9099999999999999 0.8791666666666667 0.9099999999999999 0.8833333333333334 0.89625 0.8808333333333334 0.884375 0.8766666666666666 0.8800000000000001 0.8724999999999999 0.8793750000000001 0.8758333333333332 0.875625 0.8591666666666666 0.8868750000000001 0.8516666666666666 0.885 0.8466666666666667 0.8918750000000001 0.8383333333333333 0.8918750000000001 0.8358333333333332 0.89 0.8358333333333332 0.8856250000000001 0.8166666666666667 0.8881249999999999 0.8150000000000001 0.89375 0.8 0.9012500000000001 0.7541666666666667 0.89125 0.7508333333333332 0.883125 0.7391666666666666 0.878125 0.7266666666666667 0.878125 0.7166666666666667 0.871875 0.7058333333333333 0.869375 0.6816666666666666 0.86875 0.6741666666666666 0.881875 0.6733333333333333 0.89 0.6758333333333333 0.8931250000000001
0 0.9925 0.8006249999999999 0.9941666666666666 0.8075000000000001 0.9875 0.8099999999999999 0.9891666666666665 0.813125 0.9916666666666666 0.8143750000000001 0.9991666666666668 0.8125 0.9991666666666668 0.805955625 0.9958333333333333 0.806875 0.9958333333333333 0.803125 0.9991666666666668 0.8026837500000001 0.9991666666666668 0.7568750000000001 0.9766666666666666 0.763125 0.9716666666666667 0.7675000000000001 0.9724999999999999 0.7925000000000001 0.9925 0.8006249999999999
0 0.5599999999999999 0.8275 0.575 0.82875 0.585 0.8318749999999999 0.6091666666666666 0.8462500000000001 0.6266666666666667 0.85375 0.6325000000000001 0.8543750000000001 0.6366666666666666 0.8612500000000001 0.64 0.86 0.6541666666666667 0.868125 0.6691666666666667 0.865625 0.6683333333333333 0.844375 0.6649999999999999 0.8325000000000001 0.6583333333333333 0.8256249999999999 0.6516666666666666 0.826875 0.6425 0.820625 0.6333333333333333 0.820625 0.6258333333333332 0.8137500000000001 0.6174999999999999 0.8125 0.6075 0.806875 0.6016666666666667 0.809375 0.5941666666666666 0.809375 0.5875 0.815625 0.5841666666666667 0.815625 0.5816666666666667 0.8099999999999999 0.5658333333333333 0.80625 0.5641666666666667 0.7993750000000001 0.5591666666666667 0.8012500000000001 0.5566666666666666 0.805625 0.5549999999999999 0.821875 0.5599999999999999 0.8275
0 0.57109375 0.796875 0.0015625 0.00078125
0 0.96328125 0.97734375 0.00078125 0.003125
0 0.8975 0.9962500000000001 0.9008333333333333 0.999375 0.9083333333333334 0.999375 0.9133333333333333 0.9956250000000001 0.925 0.9956250000000001 0.9308333333333334 0.999375 0.9366666666666668 0.999375 0.9375 0.9975000000000002 0.9400000000000001 0.999375 0.9491666666666667 0.999375 0.9516666666666665 0.99 0.9425000000000001 0.9893750000000001 0.9358333333333333 0.98375 0.9425000000000001 0.9775 0.9458333333333334 0.98125 0.945 0.974375 0.9558333333333333 0.9650000000000001 0.9608333333333332 0.965625 0.9643553459119497 0.9686438679245285 0.9675 0.9668750000000002 0.9641666666666666 0.9637500000000001 0.9658333333333333 0.95625 0.9633333333333333 0.95375 0.9666666666666666 0.9450000000000001 0.9658333333333333 0.9268750000000001 0.9533333333333334 0.9256249999999999 0.9349999999999999 0.9337500000000001 0.9283333333333333 0.934375 0.8966666666666667 0.9525 0.8891666666666665 0.95375 0.885 0.95875 0.8841666666666667 0.9662500000000002 0.8908333333333334 0.983125 0.8841666666666667 0.990625 0.8841666666666667 0.9950000000000001 0.8975 0.9962500000000001
0 0.9379166666666666 0.7809375000000001 0.9400000000000001 0.779375 0.9383333333333332 0.77875 0.9379166666666666 0.7809375000000001
0 0.9400000000000001 0.7818750000000001 0.9378409090909091 0.7813352272727274 0.9375 0.7831250000000001 0.9400000000000001 0.7818750000000001
0 0.9358333333333333 0.7275 0.9333333333333333 0.728125 0.9349999999999999 0.734375 0.9358333333333333 0.7275
0 0.93515625 0.70625 0.00234375 0.00078125
0 0.9475 0.70625 0.945 0.7056250000000001 0.9416666666666667 0.706875 0.9475 0.70625
0 0.79609375 0.66875 0.00078125 0.00078125
0 0.7858333333333334 0.6681250000000001 0.7925 0.665 0.7875 0.6637500000000001 0.7833333333333333 0.665 0.7858333333333334 0.6681250000000001
0 0.7608333333333334 0.685625 0.7641666666666667 0.6893750000000001 0.7675 0.68875 0.7658333333333334 0.681875 0.7708333333333333 0.680625 0.7733333333333333 0.685625 0.7791666666666667 0.68875 0.7849999999999999 0.686875 0.7875 0.69625 0.795 0.700625 0.7849999999999999 0.70875 0.7741666666666667 0.7125 0.7708333333333333 0.724375 0.7783333333333333 0.7306250000000001 0.7716666666666667 0.740625 0.7683333333333333 0.7425 0.7649999999999999 0.7412500000000001 0.7591666666666667 0.746875 0.7591666666666667 0.75875 0.7616666666666666 0.763125 0.7641666666666667 0.7612500000000001 0.7691666666666667 0.763125 0.7649999999999999 0.7681250000000001 0.7683333333333333 0.7725000000000001 0.7725 0.76875 0.7775 0.7731250000000001 0.7825 0.7725000000000001 0.7808333333333334 0.765625 0.7858333333333334 0.764375 0.7916666666666667 0.77875 0.8066666666666666 0.7837500000000001 0.8099999999999999 0.786875 0.8208333333333334 0.7881250000000001 0.8275 0.7837500000000001 0.8316666666666667 0.789375 0.835 0.789375 0.8383333333333333 0.7931250000000001 0.8483333333333333 0.794375 0.8525 0.7993750000000001 0.8675 0.8 0.8791666666666667 0.8043750000000001 0.8833333333333334 0.80375 0.8858333333333333 0.806875 0.8933333333333333 0.8043750000000001 0.8975 0.805 0.9008333333333333 0.8012500000000001 0.9041666666666666 0.8012500000000001 0.9333333333333333 0.7862500000000001 0.9324999999999999 0.7837500000000001 0.925 0.7831250000000001 0.9141666666666666 0.771875 0.9166666666666666 0.7681250000000001 0.9108333333333333 0.765625 0.9133333333333333 0.7612500000000001 0.9058333333333334 0.75625 0.9075 0.7506250000000001 0.9016666666666666 0.74375 0.9041666666666666 0.7306250000000001 0.9183333333333333 0.718125 0.9183333333333333 0.7125 0.9324999999999999 0.7037500000000001 0.9333333333333333 0.7 0.9391666666666666 0.69625 0.9416666666666667 0.681875 0.9391666666666666 0.6775 0.9316666666666666 0.67625 0.9283333333333333 0.67125 0.9141666666666666 0.67125 0.9125 0.6743750000000001 0.9066666666666666 0.675625 0.9025000000000001 0.665 0.9041666666666666 0.655625 0.8966666666666667 0.6587500000000001 0.8933333333333333 0.655625 0.885 0.655625 0.8766666666666666 0.6518750000000001 0.8724999999999999 0.6518750000000001 0.8658333333333333 0.655625 0.8591666666666666 0.653125 0.8566666666666667 0.654375 0.8558333333333333 0.6681250000000001 0.8516666666666666 0.665 0.8483333333333333 0.66875 0.8416666666666666 0.670625 0.8316666666666667 0.669375 0.8291666666666666 0.67125 0.8333333333333334 0.675 0.8316666666666667 0.6825 0.8258333333333333 0.6825 0.8191666666666666 0.678125 0.8133333333333332 0.678125 0.8058333333333334 0.673125 0.805 0.675625 0.8083333333333333 0.678125 0.8066666666666666 0.680625 0.8 0.6825 0.7966666666666666 0.680625 0.7849999999999999 0.68625 0.7808333333333334 0.6837500000000001 0.7791666666666667 0.67625 0.7683333333333333 0.67625 0.7616666666666666 0.673125 0.7591666666666667 0.67625 0.7608333333333334 0.685625
0 0.8208333333333334 0.655625 0.82 0.650625 0.8166666666666667 0.6518750000000001 0.8208333333333334 0.655625
0 0.7783333333333333 0.7862500000000001 0.7941666666666667 0.7881250000000001 0.8 0.79375 0.8141666666666666 0.7931250000000001 0.8275 0.80375 0.835 0.80375 0.8416666666666666 0.8075000000000001 0.8583333333333334 0.8081250000000001 0.8775000000000001 0.8243750000000001 0.8783333333333333 0.8356250000000001 0.885 0.8550000000000001 0.8825 0.869375 0.885 0.89125 0.89 0.900625 0.8883333333333333 0.9125 0.8908333333333334 0.914375 0.9083333333333334 0.9081250000000001 0.9208333333333334 0.8981250000000001 0.9283333333333333 0.8956250000000001 0.9416666666666667 0.8862500000000001 0.9475 0.885 0.9608333333333332 0.875625 0.9650000000000001 0.865625 0.9633333333333333 0.8168750000000001 0.9666666666666666 0.805625 0.9658333333333333 0.7837500000000001 0.9633333333333333 0.78 0.95 0.78125 0.9041666666666666 0.80375 0.8891666666666665 0.8081250000000001 0.8833333333333334 0.8043750000000001 0.8800000000000001 0.806875 0.8691666666666666 0.8025 0.8525 0.8018750000000001 0.85 0.7993750000000001 0.8300000000000001 0.794375 0.8233333333333333 0.790625 0.8166666666666667 0.79125 0.8133333333333332 0.789375 0.8099999999999999 0.791875 0.8033333333333333 0.785625 0.7962499999999999 0.785 0.7933333333333333 0.7875 0.7908333333333333 0.784375 0.7849999999999999 0.7831250000000001 0.7816666666666666 0.77875 0.7758333333333333 0.779375 0.775 0.7825 0.7783333333333333 0.7862500000000001
0 0.4491666666666666 0.8868750000000001 0.4425 0.885 0.4416666666666667 0.89125 0.4491666666666666 0.8868750000000001
0 0.36083333333333334 0.88375 0.3591666666666667 0.89625 0.3625 0.9012500000000001 0.36583333333333334 0.903125 0.37 0.9018750000000001 0.38333333333333336 0.911875 0.4025 0.9137500000000001 0.4041666666666667 0.92125 0.40750000000000003 0.9243750000000001 0.4208333333333333 0.9268750000000001 0.42750000000000005 0.931875 0.42833333333333334 0.938125 0.43499999999999994 0.9400000000000001 0.44000000000000006 0.931875 0.4383333333333333 0.915 0.4416666666666667 0.9037499999999999 0.4383333333333333 0.8950000000000001 0.42833333333333334 0.8925000000000001 0.4216666666666667 0.88375 0.40083333333333326 0.884375 0.39499999999999996 0.87375 0.38666666666666666 0.8724999999999999 0.38416666666666666 0.8700000000000001 0.3808333333333333 0.85875 0.3775 0.8556250000000001 0.3625 0.8525 0.3575 0.859375 0.35666666666666663 0.8775000000000001 0.36083333333333334 0.88375
0 0.14375 0.21640625 0.00078125 0.0015625
0 0.0046875 0.178125 0.00078125 0.0015625
0 0.155 0.0425 0.15916666666666665 0.05625 0.16416666666666666 0.0625 0.16083333333333333 0.07250000000000001 0.15416666666666667 0.075 0.13999999999999999 0.07125000000000001 0.13833333333333334 0.074375 0.13999999999999999 0.099375 0.14333333333333334 0.10375000000000001 0.14916666666666667 0.10562500000000001 0.14416666666666667 0.109375 0.14833333333333334 0.11125 0.14916666666666667 0.11500000000000002 0.1575 0.11374999999999999 0.1625 0.11687499999999999 0.16416666666666666 0.12562500000000001 0.16083333333333333 0.134375 0.14250000000000002 0.13562500000000002 0.14416666666666667 0.15812500000000002 0.14833333333333334 0.1675 0.14583333333333331 0.18 0.15 0.1925 0.14750000000000002 0.19312500000000002 0.15416666666666667 0.19375 0.155 0.19625 0.14833333333333334 0.19812500000000002 0.14666666666666667 0.200625 0.15083333333333332 0.2375 0.15583333333333332 0.240625 0.14916666666666667 0.248125 0.15 0.263125 0.15333333333333332 0.270625 0.15166666666666667 0.28 0.15666666666666668 0.28937500000000005 0.155 0.296875 0.1575 0.304375 0.15416666666666667 0.31875 0.155 0.324375 0.15833333333333333 0.3275 0.15583333333333332 0.335 0.16 0.36062500000000003 0.16333333333333333 0.365625 0.16083333333333333 0.386875 0.16333333333333333 0.390625 0.1625 0.40499999999999997 0.16499999999999998 0.410625 0.16583333333333333 0.4287500000000001 0.17083333333333334 0.43375 0.16416666666666666 0.4425 0.17083333333333334 0.45687500000000003 0.17166666666666666 0.48625000000000007 0.17416666666666666 0.4912500000000001 0.17333333333333334 0.50875 0.17666666666666667 0.51375 0.17833333333333332 0.544375 0.18416666666666665 0.55 0.18416666666666665 0.5525 0.17833333333333332 0.5537500000000001 0.18416666666666665 0.606875 0.19333333333333333 0.6162500000000001 0.185 0.6162500000000001 0.18833333333333332 0.6175 0.185 0.6206250000000001 0.185 0.6300000000000001 0.18833333333333332 0.633125 0.18833333333333332 0.653125 0.19416666666666665 0.673125 0.19166666666666668 0.675 0.19083333333333333 0.681875 0.1925 0.6837500000000001 0.19749999999999998 0.6837500000000001 0.19749999999999998 0.6893750000000001 0.19166666666666668 0.6925000000000001 0.19666666666666666 0.6940625 0.19666666666666666 0.698125 0.19333333333333333 0.696875 0.19166666666666668 0.6993750000000001 0.19416666666666665 0.7025 0.19416666666666665 0.7212500000000001 0.19749999999999998 0.7237500000000001 0.195 0.7375 0.20083333333333334 0.74 0.19749999999999998 0.746875 0.19916666666666666 0.765 0.20666666666666664 0.7862500000000001 0.20666666666666664 0.7887500000000001 0.20249999999999999 0.79 0.20249999999999999 0.7975000000000001 0.2058333333333333 0.8025 0.2058333333333333 0.8325000000000001 0.21083333333333334 0.838125 0.20666666666666664 0.840625 0.20666666666666664 0.843125 0.20833333333333334 0.8481250000000001 0.2125 0.8512500000000001 0.20833333333333334 0.859375 0.20916666666666667 0.8762500000000001 0.21166666666666667 0.88375 0.21749999999999997 0.8875 0.2225 0.9 0.21583333333333332 0.9112500000000001 0.21666666666666665 0.9125 0.22333333333333333 0.909375 0.22666666666666666 0.9137500000000001 0.225 0.9243750000000001 0.22000000000000003 0.9231250000000001 0.2225 0.9275 0.21916666666666665 0.92875 0.21916666666666665 0.95375 0.22083333333333335 0.9568749999999999 0.22749999999999998 0.9581250000000001 0.22166666666666668 0.9643750000000001 0.2225 0.9787500000000001 0.22749999999999998 0.99375 0.2325 0.999375 0.23666666666666666 0.9950000000000001 0.24416666666666664 0.9975000000000002 0.25166666666666665 0.993125 0.26166666666666666 0.9950000000000001 0.2725 0.99 0.2791666666666667 0.993125 0.2891666666666667 0.9912500000000002 0.3025 0.9962500000000001 0.30666666666666664 0.9950000000000001 0.31 0.990625 0.32916666666666666 0.9925 0.3358333333333333 0.9950000000000001 0.3408333333333333 0.9893750000000001 0.345 0.9893750000000001 0.34833333333333333 0.9856250000000001 0.355 0.9887500000000001 0.36 0.96875 0.3591666666666667 0.9631250000000001 0.35333333333333333 0.95625 0.3575 0.95 0.3575 0.92875 0.35416666666666663 0.91875 0.355 0.9037499999999999 0.3491666666666667 0.8950000000000001 0.35416666666666663 0.8706250000000001 0.35333333333333333 0.8568749999999999 0.3516666666666667 0.851875 0.345 0.850625 0.3458333333333333 0.8450000000000001 0.3416666666666667 0.8387500000000001 0.3458333333333333 0.83125 0.3433333333333333 0.82875 0.3433333333333333 0.820625 0.33916666666666667 0.8175000000000001 0.33999999999999997 0.8099999999999999 0.3416666666666667 0.8081250000000001 0.345 0.8087500000000001 0.3458333333333333 0.8025 0.3416666666666667 0.7987500000000001 0.3383333333333333 0.8006249999999999 0.3283333333333333 0.798125 0.3275 0.79625 0.33249999999999996 0.7931250000000001 0.33249999999999996 0.790625 0.3416666666666667 0.7881250000000001 0.3416666666666667 0.785625 0.3375 0.785 0.3433333333333333 0.77 0.3491666666666667 0.769375 0.3516666666666667 0.77125 0.35416666666666663 0.7681250000000001 0.3591666666666667 0.77 0.36916666666666664 0.76 0.37333333333333335 0.7612500000000001 0.37666666666666665 0.75875 0.38666666666666666 0.758125 0.38666666666666666 0.75125 0.3908333333333333 0.75 0.39416666666666667 0.74375 0.4 0.75 0.4041666666666667 0.75125 0.4141666666666667 0.74375 0.41833333333333333 0.74875 0.4216666666666667 0.74875 0.42833333333333334 0.743125 0.43499999999999994 0.746875 0.44416666666666665 0.740625 0.44333333333333336 0.7375 0.4508333333333333 0.7325 0.4508333333333333 0.7237500000000001 0.4458333333333333 0.716875 0.4508333333333333 0.7100000000000001 0.45 0.703125 0.4541666666666667 0.696875 0.4533333333333333 0.6900000000000001 0.45999999999999996 0.6831250000000001 0.45999999999999996 0.671875 0.4575 0.669375 0.45999999999999996 0.6681250000000001 0.4525 0.6631250000000001 0.4533333333333333 0.65 0.4508333333333333 0.63875 0.45166666666666666 0.6 0.4491666666666666 0.59125 0.4541666666666667 0.5806250000000001 0.44666666666666666 0.570625 0.44666666666666666 0.5581250000000001 0.44416666666666665 0.5537500000000001 0.44749999999999995 0.5475000000000001 0.44833333333333336 0.5181250000000001 0.44416666666666665 0.499375 0.44666666666666666 0.47625 0.44333333333333336 0.468125 0.44333333333333336 0.45187499999999997 0.4458333333333333 0.441875 0.4491666666666666 0.43937499999999996 0.45 0.429375 0.4491666666666666 0.42625 0.445 0.4287500000000001 0.4425 0.42562500000000003 0.4416666666666667 0.37 0.4375 0.36 0.4383333333333333 0.35187500000000005 0.4333333333333333 0.345625 0.4333333333333333 0.34187500000000004 0.4375 0.338125 0.43499999999999994 0.321875 0.4375 0.31125 0.43666666666666665 0.29875 0.43166666666666664 0.27937500000000004 0.43583333333333335 0.25125000000000003 0.42833333333333334 0.230625 0.43166666666666664 0.22749999999999998 0.43166666666666664 0.216875 0.4341666666666667 0.213125 0.43166666666666664 0.175 0.43499999999999994 0.170625 0.43499999999999994 0.143125 0.43083333333333335 0.133125 0.4383333333333333 0.133125 0.43583333333333335 0.13187500000000002 0.43499999999999994 0.12625000000000003 0.43 0.12312500000000001 0.4333333333333333 0.11937500000000001 0.42833333333333334 0.11937500000000001 0.4258333333333333 0.11687499999999999 0.42750000000000005 0.10875000000000001 0.425 0.1 0.4216666666666667 0.0975 0.41833333333333333 0.098125 0.4066666666666666 0.08812500000000001 0.39583333333333337 0.0875 0.3908333333333333 0.08937500000000001 0.39 0.0875 0.38583333333333336 0.09125000000000001 0.37583333333333335 0.083125 0.35666666666666663 0.0775 0.3516666666666667 0.0775 0.34833333333333333 0.081875 0.33166666666666667 0.08 0.325 0.07625000000000001 0.32166666666666666 0.07062500000000001 0.3175 0.07250000000000001 0.31333333333333335 0.068125 0.3025 0.065 0.2991666666666667 0.065 0.29166666666666663 0.07 0.2891666666666667 0.0675 0.2816666666666666 0.0675 0.2783333333333333 0.060625000000000005 0.2725 0.059375 0.25083333333333335 0.058750000000000004 0.24166666666666664 0.06312500000000001 0.2375 0.05750000000000001 0.2341666666666667 0.059375 0.22583333333333333 0.05375 0.21000000000000002 0.048125 0.2058333333333333 0.052500000000000005 0.19 0.051875000000000004 0.18833333333333332 0.03937500000000001 0.17166666666666666 0.038125000000000006 0.1575 0.03375 0.15083333333333332 0.036250000000000004 0.15166666666666667 0.04 0.14833333333333334 0.043125000000000004 0.15083333333333332 0.044375000000000005 0.155 0.0425
0 0.7091666666666667 0.7300000000000001 0.7116666666666667 0.73375 0.71 0.7375 0.7308333333333333 0.7393750000000001 0.7333333333333333 0.744375 0.7391666666666666 0.748125 0.7441666666666666 0.759375 0.7533333333333333 0.7612500000000001 0.7583333333333333 0.7662500000000001 0.7625 0.7612500000000001 0.7716666666666667 0.758125 0.7766666666666666 0.75375 0.7858333333333334 0.75125 0.7933333333333333 0.754375 0.8033333333333333 0.745 0.8066666666666666 0.7456250000000001 0.8175000000000001 0.740625 0.8258333333333333 0.7325 0.8508333333333333 0.7237500000000001 0.8591666666666666 0.7100000000000001 0.8616666666666667 0.711875 0.8699999999999999 0.7100000000000001 0.8758333333333332 0.7125 0.8816666666666666 0.7100000000000001 0.8816666666666666 0.7056250000000001 0.875 0.6975 0.8658333333333333 0.7 0.8616666666666667 0.6950000000000001 0.8574999999999999 0.69625 0.8583333333333334 0.700625 0.8558333333333333 0.7037500000000001 0.8525 0.701875 0.845 0.7037500000000001 0.8425 0.693125 0.8383333333333333 0.690625 0.8416666666666666 0.6881250000000001 0.8241666666666667 0.684375 0.8208333333333334 0.680625 0.8133333333333332 0.681875 0.8099999999999999 0.678125 0.7941666666666667 0.6825 0.7883333333333333 0.681875 0.7858333333333334 0.68 0.7866666666666666 0.6725000000000001 0.7891666666666667 0.670625 0.7975 0.67125 0.8 0.6681250000000001 0.7916666666666667 0.6581250000000001 0.7833333333333333 0.6631250000000001 0.7791666666666667 0.6612500000000001 0.7666666666666667 0.665 0.7558333333333334 0.671875 0.7525 0.6840625 0.7483333333333333 0.684375 0.75 0.686875 0.7474999999999999 0.6875 0.7541666666666667 0.6881250000000001 0.76 0.6925000000000001 0.7558333333333334 0.69625 0.7474999999999999 0.693125 0.7441666666666666 0.696875 0.735 0.6987500000000001 0.7183333333333334 0.713125 0.7183333333333334 0.71875 0.7108333333333333 0.72 0.7125 0.7237500000000001 0.7091666666666667 0.7300000000000001
0 0.805 0.6525000000000001 0.8066666666666666 0.655 0.8066666666666666 0.6525000000000001 0.8033333333333333 0.6518750000000001 0.8008333333333333 0.654375 0.805 0.6525000000000001
0 0.35583333333333333 0.8418750000000002 0.36083333333333334 0.850625 0.3616666666666667 0.858125 0.37 0.8625 0.3716666666666667 0.8675 0.375 0.86875 0.38 0.865 0.38333333333333336 0.865 0.38583333333333336 0.8706250000000001 0.4025 0.884375 0.41 0.884375 0.41500000000000004 0.880625 0.42750000000000005 0.8887500000000002 0.43666666666666665 0.8887500000000002 0.44666666666666666 0.88125 0.45916666666666667 0.878125 0.47000000000000003 0.865625 0.47333333333333333 0.8700000000000001 0.4758333333333333 0.859375 0.48 0.8568749999999999 0.48666666666666664 0.8543750000000001 0.495 0.8556250000000001 0.49749999999999994 0.851875 0.515 0.853125 0.5208333333333333 0.85 0.5258333333333333 0.84375 0.5291666666666667 0.8450000000000001 0.5366666666666666 0.8400000000000001 0.5425 0.8162499999999999 0.5416666666666667 0.8 0.5358333333333334 0.785625 0.5325 0.7831250000000001 0.5291666666666667 0.784375 0.5225 0.775625 0.5133333333333333 0.77375 0.5083333333333333 0.76875 0.48250000000000004 0.7612500000000001 0.46333333333333326 0.7506250000000001 0.44416666666666665 0.746875 0.43583333333333335 0.753125 0.4325 0.75125 0.425 0.75125 0.42000000000000004 0.7568750000000001 0.4091666666666667 0.7550000000000001 0.4 0.7612500000000001 0.39 0.7618750000000001 0.38333333333333336 0.76875 0.37416666666666665 0.766875 0.36583333333333334 0.76875 0.3525 0.7837500000000001 0.35583333333333333 0.8125 0.35583333333333333 0.8418750000000002
0 0.8916666666666666 0.8106250000000002 0.89 0.8075000000000001 0.8891666666666665 0.8099999999999999 0.8916666666666666 0.8106250000000002
0 0.9608333333333332 0.79375 0.9666666666666666 0.7931250000000001 0.9633333333333333 0.786875 0.9616666666666667 0.789375 0.9641666666666666 0.790625 0.9608333333333332 0.79375
0 0.9116666666666667 0.713125 0.9175000000000001 0.7106250000000001 0.9225 0.7125 0.9283333333333333 0.711875 0.9324999999999999 0.7100000000000001 0.9324999999999999 0.706875 0.9241666666666667 0.7056250000000001 0.9316666666666666 0.7025 0.9333333333333333 0.6993750000000001 0.9283333333333333 0.6993750000000001 0.9183333333333333 0.70875 0.9116666666666667 0.7075 0.9083333333333334 0.7100000000000001 0.9116666666666667 0.713125
0 0.9425000000000001 0.70125 0.9458333333333334 0.700625 0.9458333333333334 0.6975 0.9416666666666667 0.6975 0.9400000000000001 0.6993750000000001 0.9425000000000001 0.70125
0 0.8966666666666667 0.7725000000000001 0.9008333333333333 0.77125 0.905 0.775625 0.9 0.784375 0.9108333333333333 0.791875 0.9041666666666666 0.7987500000000001 0.9 0.795625 0.9075 0.8025 0.9400000000000001 0.7875 0.9458333333333334 0.7887500000000001 0.9483333333333333 0.784375 0.96 0.7768750000000001 0.9633333333333333 0.7775000000000001 0.975 0.75625 0.9958333333333333 0.744375 0.9958333333333333 0.716875 0.9916666666666666 0.704375 0.9958333333333333 0.6881250000000001 0.9941666666666666 0.6775 0.9733333333333333 0.685 0.9625 0.6837500000000001 0.9616666666666667 0.685625 0.9658333333333333 0.68875 0.9625 0.6925000000000001 0.9641666666666666 0.695625 0.9591666666666667 0.6993750000000001 0.9558333333333333 0.6993750000000001 0.9483333333333333 0.7075 0.9466666666666667 0.70625 0.9491666666666667 0.7100000000000001 0.9425000000000001 0.711875 0.9425000000000001 0.733125 0.9341666666666667 0.733125 0.9308333333333334 0.724375 0.9233333333333332 0.726875 0.9225 0.7306250000000001 0.915 0.73375 0.915 0.7375 0.9075 0.740625 0.9075 0.744375 0.8975 0.7525000000000001 0.8975 0.7618750000000001 0.8941666666666667 0.7618750000000001 0.8933333333333333 0.7706250000000001 0.8966666666666667 0.7725000000000001
0 0.7203125 0.925 0.00078125 0.00078125
0 0.6791666666666667 0.9037499999999999 0.6741666666666666 0.914375 0.6758333333333333 0.920625 0.6783333333333333 0.92125 0.6849999999999999 0.914375 0.6883333333333332 0.92125 0.6941666666666666 0.91875 0.7058333333333333 0.9200000000000002 0.7183333333333334 0.9125 0.7216666666666667 0.9125 0.7241666666666666 0.914375 0.7216666666666667 0.9181250000000001 0.7274999999999999 0.920625 0.7283333333333333 0.925 0.7341666666666666 0.93125 0.7375 0.93 0.7391666666666666 0.931875 0.735 0.938125 0.7375 0.9425000000000001 0.7408333333333333 0.9418750000000001 0.7458333333333333 0.93625 0.7516666666666667 0.93625 0.7616666666666666 0.9493750000000001 0.7675 0.9525 0.7725 0.9506249999999999 0.7791666666666667 0.9575000000000001 0.7775 0.9550000000000001 0.7933333333333333 0.953125 0.7958333333333333 0.9481250000000001 0.8033333333333333 0.9487500000000001 0.8141666666666666 0.945625 0.8175000000000001 0.9412499999999999 0.8233333333333333 0.9412499999999999 0.8233333333333333 0.9356250000000002 0.8316666666666667 0.9231250000000001 0.8458333333333334 0.92125 0.8550000000000001 0.9256249999999999 0.8691666666666666 0.9225 0.8733333333333333 0.9237500000000001 0.8766666666666666 0.9225 0.8758333333333332 0.915 0.8833333333333334 0.915 0.8808333333333334 0.9125 0.8841666666666667 0.8981250000000001 0.8833333333333334 0.8875 0.8808333333333334 0.883125 0.8766666666666666 0.88125 0.8724999999999999 0.881875 0.8483333333333333 0.89625 0.8341666666666667 0.8943749999999999 0.8283333333333334 0.8956250000000001 0.8241666666666667 0.9 0.8166666666666667 0.900625 0.8158333333333333 0.9 0.8108333333333333 0.90625 0.7841666666666667 0.9018750000000001 0.7683333333333333 0.9018750000000001 0.7533333333333333 0.8956250000000001 0.7375 0.89375 0.7308333333333333 0.89125 0.7283333333333333 0.8868750000000001 0.7166666666666667 0.8793750000000001 0.7075 0.8768750000000001 0.6958333333333333 0.875625 0.6891666666666667 0.8800000000000001 0.6816666666666666 0.87375 0.675 0.8825000000000001 0.675 0.89125 0.6791666666666667 0.9037499999999999
0 0.7091666666666667 0.713125 0.7058333333333333 0.7125 0.6991666666666666 0.713125 0.7091666666666667 0.713125
0 0.6891666666666667 0.675625 0.6925 0.6775 0.6991666666666666 0.6737500000000001 0.7041666666666667 0.6768750000000001 0.7024999999999999 0.6831250000000001 0.7075 0.6881250000000001 0.7125 0.70125 0.7175 0.7056250000000001 0.7166666666666667 0.709375 0.7408333333333333 0.6987500000000001 0.7533333333333333 0.7 0.7641666666666667 0.6893750000000001 0.7666666666666667 0.680625 0.77 0.6787500000000001 0.7658333333333334 0.6737500000000001 0.7675 0.670625 0.7716666666666667 0.673125 0.7708333333333333 0.671875 0.7791666666666667 0.6681250000000001 0.8066666666666666 0.675625 0.8058333333333334 0.673125 0.8083333333333333 0.671875 0.8099999999999999 0.6737500000000001 0.8091666666666667 0.6581250000000001 0.8008333333333333 0.654375 0.8 0.650625 0.8025 0.641875 0.8125 0.633125 0.8066666666666666 0.6318750000000001 0.7925 0.635 0.7791666666666667 0.6431250000000001 0.7474999999999999 0.649375 0.7066666666666667 0.6625 0.6925 0.664375 0.6883333333333332 0.6681250000000001 0.6791666666666667 0.67125 0.6849999999999999 0.67625 0.6891666666666667 0.675625
0 0.9078125 0.99375 0.00078125 0.00078125
0 0.8333333333333334 0.8006249999999999 0.8416666666666666 0.805 0.8508333333333333 0.80375 0.845 0.7993750000000001 0.8366666666666667 0.8006249999999999 0.8275 0.798125 0.8283333333333334 0.8018750000000001 0.8333333333333334 0.8006249999999999
0 0.8033333333333333 0.79125 0.8041666666666666 0.789375 0.8016666666666665 0.7887500000000001 0.8 0.789375 0.8033333333333333 0.79125
0 0.8691666666666666 0.81125 0.8783333333333333 0.8243750000000001 0.8841666666666667 0.85 0.8816666666666666 0.8637500000000001 0.8841666666666667 0.8800000000000001 0.8808333333333334 0.89 0.8866666666666667 0.8975 0.8825 0.9037499999999999 0.8825 0.9099999999999999 0.885 0.931875 0.89 0.9400000000000001 0.8841666666666667 0.9493750000000001 0.885 0.9606250000000001 0.89 0.9731250000000001 0.9066666666666666 0.9850000000000001 0.9075 0.9893750000000001 0.9116666666666667 0.9818750000000002 0.9075 0.9775 0.9099999999999999 0.9712500000000001 0.9116666666666667 0.9700000000000001 0.9141666666666666 0.971875 0.9208333333333334 0.9693750000000001 0.9208333333333334 0.974375 0.9291666666666666 0.975 0.9316666666666666 0.9775 0.9358333333333333 0.9762500000000001 0.9383333333333332 0.9668750000000002 0.9483333333333333 0.959375 0.9625 0.9418750000000001 0.96 0.9325000000000001 0.9633333333333333 0.921875 0.9616666666666667 0.9099999999999999 0.9658333333333333 0.89875 0.9658333333333333 0.8375 0.9633333333333333 0.815625 0.9666666666666666 0.8012500000000001 0.9625 0.79625 0.9641666666666666 0.784375 0.9625 0.7818750000000001 0.9516666666666665 0.7825 0.9441666666666666 0.7875 0.9358333333333333 0.789375 0.9116666666666667 0.8012500000000001 0.8975 0.8106250000000002 0.8816666666666666 0.8099999999999999 0.8741666666666668 0.8081250000000001 0.8683333333333334 0.80375 0.8625 0.8043750000000001 0.8625 0.8081250000000001 0.8691666666666666 0.81125
0 0.8825 0.99375 0.885 0.996875 0.8966666666666667 0.9962500000000001 0.9 0.999375 0.9083333333333334 0.999375 0.9099999999999999 0.996875 0.9199999999999999 0.9962500000000001 0.9266666666666665 0.996875 0.9283333333333333 0.999375 0.95 0.999375 0.9566666666666667 0.9943750000000001 0.9533333333333334 0.9912500000000002 0.9550000000000001 0.9875 0.9641666666666666 0.9818750000000002 0.97 0.9700000000000001 0.9675 0.9637500000000001 0.9658333333333333 0.928125 0.9566666666666667 0.9231250000000001 0.9533333333333334 0.9237500000000001 0.9358333333333333 0.934375 0.9266666666666665 0.9356250000000002 0.9058333333333334 0.9475 0.8875 0.953125 0.885 0.9550000000000001 0.8833333333333334 0.9662500000000002 0.8875 0.9775 0.8825 0.99375
0 0.5591666666666667 0.7731250000000001 0.5983333333333334 0.7825 0.6091666666666666 0.79125 0.6275000000000001 0.795 0.6333333333333333 0.7987500000000001 0.6375 0.798125 0.6591666666666667 0.80375 0.675 0.8012500000000001 0.72 0.7768750000000001 0.73 0.77375 0.7341666666666666 0.775625 0.7408333333333333 0.769375 0.745 0.769375 0.7466666666666667 0.76375 0.7375 0.72 0.7325 0.713125 0.7241666666666666 0.711875 0.71 0.718125 0.6641666666666667 0.7212500000000001 0.6533333333333333 0.72875 0.65 0.728125 0.6475 0.721875 0.6341666666666667 0.7237500000000001 0.62 0.7306250000000001 0.6058333333333333 0.73375 0.6016666666666667 0.7368750000000001 0.5941666666666666 0.7375 0.5900000000000001 0.740625 0.5891666666666666 0.745 0.58 0.75125 0.5708333333333333 0.754375 0.5575 0.7518750000000001 0.5549999999999999 0.755625 0.5533333333333333 0.76875 0.5591666666666667 0.7731250000000001
0 0.8875 0.9387500000000001 0.8841666666666667 0.9475 0.8866666666666667 0.9668750000000002 0.8908333333333334 0.9737500000000001 0.8975 0.974375 0.9091666666666667 0.9668750000000002 0.915 0.9543750000000001 0.9266666666666665 0.9512500000000002 0.9275 0.9568749999999999 0.93 0.9581250000000001 0.9349999999999999 0.9525 0.945 0.9475 0.9483333333333333 0.9425000000000001 0.9525 0.9412499999999999 0.9550000000000001 0.930625 0.96 0.931875 0.9633333333333333 0.943125 0.9666666666666666 0.9393750000000001 0.9691666666666666 0.9125 0.9666666666666666 0.9081250000000001 0.9675 0.8925000000000001 0.9633333333333333 0.869375 0.9558333333333333 0.86625 0.9475 0.88125 0.9333333333333333 0.8862500000000001 0.9291666666666666 0.8918750000000001 0.9141666666666666 0.8981250000000001 0.9075 0.905625 0.9008333333333333 0.905 0.8966666666666667 0.9 0.8949999999999999 0.90625 0.89 0.9099999999999999 0.8833333333333334 0.9112500000000001 0.8841666666666667 0.9337500000000001 0.8875 0.9387500000000001
0 0.8766666666666666 0.978125 0.8800000000000001 0.9731250000000001 0.875 0.9712500000000001 0.8733333333333333 0.974375 0.8766666666666666 0.978125
0 0.6683333333333333 0.9393750000000001 0.6675 0.9475 0.675 0.9568749999999999 0.6941666666666666 0.9556250000000001 0.6983333333333334 0.9575000000000001 0.6975 0.9631250000000001 0.7058333333333333 0.9668750000000002 0.7133333333333333 0.9668750000000002 0.7166666666666667 0.96875 0.7224999999999999 0.9650000000000001 0.7283333333333333 0.9662500000000002 0.7308333333333333 0.976875 0.7383333333333333 0.9793750000000001 0.7441666666666666 0.9856250000000001 0.7483333333333333 0.9862500000000001 0.755 0.983125 0.7583333333333333 0.9862500000000001 0.7658333333333334 0.9818750000000002 0.7716666666666667 0.9875 0.7683333333333333 0.990625 0.7633333333333333 0.990625 0.7633333333333333 0.99375 0.7675 0.9962500000000001 0.775 0.9943750000000001 0.775 0.9912500000000002 0.7791666666666667 0.9893750000000001 0.7866666666666666 0.99 0.7891666666666667 0.9943750000000001 0.7966666666666666 0.9943750000000001 0.8 0.9925 0.8025 0.9943750000000001 0.8083333333333333 0.9943750000000001 0.8175000000000001 0.9893750000000001 0.8208333333333334 0.9912500000000002 0.825 0.990625 0.8241666666666667 0.9881250000000001 0.8333333333333334 0.9856250000000001 0.8383333333333333 0.9806250000000001 0.8416666666666666 0.9818750000000002 0.845 0.9775 0.8516666666666666 0.978125 0.8574999999999999 0.9662500000000002 0.8658333333333333 0.9662500000000002 0.8766666666666666 0.959375 0.8766666666666666 0.9425000000000001 0.8825 0.9331250000000001 0.8800000000000001 0.9112500000000001 0.8825 0.899375 0.8800000000000001 0.8875 0.8766666666666666 0.88375 0.8733333333333333 0.884375 0.8516666666666666 0.896875 0.835 0.899375 0.8300000000000001 0.905 0.8241666666666667 0.9081250000000001 0.8208333333333334 0.906875 0.8175000000000001 0.9112500000000001 0.8025 0.9081250000000001 0.7933333333333333 0.913125 0.78 0.9075000000000001 0.7616666666666666 0.906875 0.7558333333333334 0.900625 0.7516666666666667 0.9043750000000002 0.7441666666666666 0.903125 0.7408333333333333 0.905 0.7233333333333334 0.89625 0.7091666666666667 0.8931250000000001 0.6991666666666666 0.8943749999999999 0.6908333333333333 0.8975 0.6933333333333334 0.900625 0.6783333333333333 0.914375 0.6758333333333333 0.921875 0.67 0.928125 0.6708333333333333 0.9387500000000001 0.6683333333333333 0.9393750000000001
0 0.9724999999999999 0.798125 0.97 0.813125 0.9724999999999999 0.8418750000000002 0.97 0.8481250000000001 0.97 0.86625 0.9724999999999999 0.8800000000000001 0.97 0.88375 0.97 0.9018750000000001 0.9741666666666667 0.9112500000000001 0.9716666666666667 0.91875 0.9716666666666667 0.940625 0.975 0.9493750000000001 0.9724999999999999 0.95625 0.9724999999999999 0.976875 0.9800000000000001 0.9868750000000001 0.9816666666666667 0.9943750000000001 0.9891666666666665 0.999375 0.9991666666666668 0.999375 0.9991666666666668 0.759375 0.9941666666666666 0.75875 0.9775 0.765 0.9733333333333333 0.766875 0.9716666666666667 0.77125 0.97 0.7837500000000001 0.9724999999999999 0.798125
0 0.8925000000000001 0.9418750000000001 0.89 0.94625 0.8916666666666666 0.9493750000000001 0.8983333333333332 0.9493750000000001 0.9008333333333333 0.944375 0.925 0.9356250000000002 0.9283333333333333 0.928125 0.9383333333333332 0.928125 0.9558333333333333 0.9168750000000001 0.9625 0.921875 0.9666666666666666 0.9225 0.9683333333333334 0.914375 0.9650000000000001 0.9099999999999999 0.9683333333333334 0.903125 0.9683333333333334 0.8950000000000001 0.9616666666666667 0.875 0.9633333333333333 0.8731250000000002 0.9491666666666667 0.8825000000000001 0.9366666666666668 0.8862500000000001 0.9075 0.905625 0.8983333333333332 0.905625 0.8941666666666667 0.909375 0.8825 0.911875 0.8858333333333333 0.9325000000000001 0.8925000000000001 0.9418750000000001
0 0.8891666666666665 0.9 0.8866666666666667 0.9200000000000002 0.8933333333333333 0.9231250000000001 0.8975 0.9137500000000001 0.9391666666666666 0.89 0.9491666666666667 0.8887500000000002 0.9566666666666667 0.88375 0.9650000000000001 0.88375 0.9666666666666666 0.8568749999999999 0.9633333333333333 0.851875 0.96 0.8512500000000001 0.9491666666666667 0.8550000000000001 0.9358333333333333 0.8568749999999999 0.9316666666666666 0.8556250000000001 0.915 0.8637500000000001 0.9025000000000001 0.875 0.8941666666666667 0.8787499999999999 0.8908333333333334 0.8768750000000001 0.8858333333333333 0.8787499999999999 0.8833333333333334 0.8856250000000001 0.8891666666666665 0.9
0 0.8841666666666667 0.8637500000000001 0.8866666666666667 0.8943749999999999 0.8975 0.89625 0.9 0.9018750000000001 0.9083333333333334 0.9043750000000002 0.9141666666666666 0.89625 0.9208333333333334 0.89375 0.9208333333333334 0.89 0.9283333333333333 0.89125 0.93 0.889375 0.9266666666666665 0.8862500000000001 0.9349999999999999 0.8862500000000001 0.9525 0.8762500000000001 0.9483333333333333 0.8731250000000002 0.9558333333333333 0.868125 0.9633333333333333 0.868125 0.9683333333333334 0.83625 0.9675 0.8200000000000001 0.9625 0.803125 0.96 0.8025 0.95 0.8075000000000001 0.9216666666666666 0.815625 0.9141666666666666 0.819375 0.9099999999999999 0.82875 0.8958333333333334 0.83125 0.8866666666666667 0.8375 0.8866666666666667 0.8606250000000001 0.8841666666666667 0.8637500000000001
0 0.81015625 0.70234375 0.00078125 0.0015625
0 0.8625 0.65625 0.8633333333333333 0.65375 0.8591666666666666 0.6525000000000001 0.8566666666666667 0.654375 0.8625 0.65625
0 0.7546875 0.65078125 0.00078125 0.00078125
0 0.8483333333333333 0.645 0.8516666666666666 0.64 0.8625 0.645 0.8591666666666666 0.641875 0.8625 0.639375 0.8516666666666666 0.633125 0.8483333333333333 0.635625 0.8408333333333333 0.635625 0.8416666666666666 0.6456250000000001 0.8483333333333333 0.645
0 0.7391666666666666 0.678125 0.7408333333333333 0.68875 0.7333333333333333 0.691875 0.73 0.7037500000000001 0.7408333333333333 0.700625 0.7474999999999999 0.7037500000000001 0.7558333333333334 0.7025 0.7633333333333333 0.70625 0.7641666666666667 0.71375 0.7725 0.7237500000000001 0.7741666666666667 0.7212500000000001 0.7899999999999999 0.723125 0.795 0.726875 0.7958333333333333 0.73125 0.8008333333333333 0.73375 0.8 0.7375 0.8099999999999999 0.7412500000000001 0.8175000000000001 0.7375 0.8225 0.73125 0.8216666666666667 0.723125 0.8266666666666665 0.711875 0.8308333333333333 0.70875 0.8491666666666667 0.7100000000000001 0.8516666666666666 0.706875 0.8416666666666666 0.703125 0.8366666666666667 0.7037500000000001 0.8333333333333334 0.69625 0.8383333333333333 0.6881250000000001 0.8416666666666666 0.690625 0.8433333333333334 0.686875 0.8474999999999999 0.68625 0.8525 0.6950000000000001 0.8558333333333333 0.6950000000000001 0.8625 0.703125 0.8699999999999999 0.69625 0.8783333333333333 0.6950000000000001 0.8791666666666667 0.6925000000000001 0.8741666666666668 0.684375 0.8691666666666666 0.6831250000000001 0.8658333333333333 0.6787500000000001 0.8574999999999999 0.678125 0.8566666666666667 0.671875 0.8466666666666667 0.659375 0.8458333333333334 0.654375 0.8416666666666666 0.649375 0.8383333333333333 0.65 0.835 0.6475000000000001 0.8316666666666667 0.63875 0.8258333333333333 0.6431250000000001 0.8158333333333333 0.6431250000000001 0.8091666666666667 0.640625 0.8108333333333333 0.633125 0.8066666666666666 0.6325000000000001 0.7766666666666666 0.64375 0.7783333333333333 0.6475000000000001 0.7725 0.650625 0.77 0.650625 0.7683333333333333 0.6475000000000001 0.7683333333333333 0.65125 0.7625 0.654375 0.755 0.65625 0.7508333333333332 0.6525000000000001 0.745 0.654375 0.7458333333333333 0.6725000000000001 0.7391666666666666 0.678125
0 0.845 0.6318750000000001 0.85 0.63125 0.8491666666666667 0.629375 0.845 0.629375 0.845 0.6318750000000001
0 0.3591666666666667 0.8512500000000001 0.36916666666666664 0.8543750000000001 0.3725 0.8625 0.38249999999999995 0.8643750000000001 0.38666666666666666 0.8712500000000001 0.39499999999999996 0.875625 0.3983333333333333 0.880625 0.41833333333333333 0.883125 0.4291666666666667 0.890625 0.43666666666666665 0.89 0.44749999999999995 0.881875 0.45999999999999996 0.878125 0.47000000000000003 0.869375 0.47333333333333333 0.8706250000000001 0.48 0.865625 0.4841666666666667 0.85875 0.4875 0.859375 0.4966666666666667 0.8556250000000001 0.5091666666666667 0.8556250000000001 0.5216666666666667 0.8512500000000001 0.5258333333333333 0.8474999999999999 0.5291666666666667 0.8487500000000001 0.5358333333333334 0.8456250000000001 0.54 0.840625 0.5441666666666667 0.828125 0.5441666666666667 0.820625 0.5391666666666667 0.81125 0.5266666666666666 0.8137500000000001 0.5125 0.813125 0.505 0.8175000000000001 0.49916666666666665 0.8175000000000001 0.49416666666666664 0.825 0.485 0.826875 0.47333333333333333 0.83375 0.46749999999999997 0.83375 0.45999999999999996 0.8425 0.45583333333333337 0.840625 0.4458333333333333 0.840625 0.43666666666666665 0.8456250000000001 0.42833333333333334 0.8462500000000001 0.4125 0.840625 0.4041666666666667 0.8400000000000001 0.39416666666666667 0.835 0.39416666666666667 0.8306250000000001 0.38666666666666666 0.8318749999999999 0.37916666666666665 0.828125 0.36583333333333334 0.82875 0.3625 0.8256249999999999 0.3575 0.825 0.35583333333333333 0.820625 0.355 0.843125 0.3591666666666667 0.8512500000000001
0 0.49416666666666664 0.95625 0.49749999999999994 0.95375 0.4958333333333333 0.9493750000000001 0.48916666666666664 0.9493750000000001 0.4883333333333333 0.9550000000000001 0.49416666666666664 0.95625
0 0.45583333333333337 0.9556250000000001 0.45166666666666666 0.9568749999999999 0.4533333333333333 0.9800000000000001 0.45999999999999996 0.9825000000000002 0.4758333333333333 0.9956250000000001 0.4883333333333333 0.9950000000000001 0.49749999999999994 0.999375 0.5 0.9975000000000002 0.5033333333333333 0.9975000000000002 0.5041666666666667 0.999375 0.5608333333333333 0.999375 0.5658333333333333 0.996875 0.575 0.999375 0.58 0.9962500000000001 0.5858333333333333 0.9962500000000001 0.5891666666666666 0.999375 0.6091666666666666 0.999375 0.6116666666666666 0.996875 0.63 0.999375 0.635 0.9943750000000001 0.6333333333333333 0.99 0.6366666666666666 0.99 0.64 0.99375 0.6508333333333333 0.9881250000000001 0.6575 0.9925 0.6599999999999999 0.9875 0.6608333333333334 0.9600000000000002 0.6566666666666666 0.95375 0.6566666666666666 0.9393750000000001 0.6508333333333333 0.9349999999999999 0.645 0.9387500000000001 0.6224999999999999 0.943125 0.6 0.9543750000000001 0.595 0.95375 0.5816666666666667 0.9600000000000002 0.575 0.965625 0.5591666666666667 0.968125 0.55 0.9762500000000001 0.5433333333333333 0.9787500000000001 0.5375 0.978125 0.5291666666666667 0.98375 0.5233333333333333 0.9806250000000001 0.5216666666666667 0.976875 0.5175 0.976875 0.515 0.9706250000000001 0.5125 0.9731250000000001 0.5066666666666666 0.9712500000000001 0.5058333333333334 0.9662500000000002 0.5083333333333333 0.9625 0.4883333333333333 0.96125 0.48583333333333334 0.959375 0.48666666666666664 0.9525 0.4841666666666667 0.9506249999999999 0.48083333333333333 0.9506249999999999 0.47750000000000004 0.95375 0.4666666666666667 0.953125 0.4575 0.95625 0.4525 0.9487500000000001 0.4508333333333333 0.951875 0.45583333333333337 0.9556250000000001
0 0.4666666666666667 0.75125 0.48250000000000004 0.75875 0.4883333333333333 0.759375 0.49749999999999994 0.765625 0.505 0.7662500000000001 0.5116666666666666 0.77125 0.5216666666666667 0.77375 0.54 0.7881250000000001 0.5466666666666666 0.7887500000000001 0.5516666666666666 0.78 0.5483333333333333 0.7662500000000001 0.55 0.755625 0.5541666666666667 0.7462500000000001 0.5599999999999999 0.744375 0.5566666666666666 0.74 0.5508333333333333 0.746875 0.5433333333333333 0.7412500000000001 0.5358333333333334 0.74375 0.5333333333333333 0.7306250000000001 0.5283333333333333 0.729375 0.52 0.74375 0.515 0.745 0.4958333333333333 0.7325 0.49083333333333334 0.7362500000000001 0.485 0.731875 0.48250000000000004 0.7256250000000001 0.47333333333333333 0.72875 0.4666666666666667 0.728125 0.4625 0.7306250000000001 0.45999999999999996 0.7350000000000001 0.4666666666666667 0.75125
0 0.4984375 0.7203125 0.00390625 0.00078125
0 0.5116666666666666 0.7193750000000001 0.5175 0.7175 0.5083333333333333 0.71625 0.5066666666666666 0.716875 0.5116666666666666 0.7193750000000001
0 0.36416666666666664 0.9243750000000001 0.36333333333333334 0.94625 0.36916666666666664 0.9731250000000001 0.3683333333333333 0.98375 0.37333333333333335 0.9912500000000002 0.3716666666666667 0.9943750000000001 0.37416666666666665 0.996875 0.38249999999999995 0.9950000000000001 0.41083333333333333 0.9943750000000001 0.4208333333333333 0.9962500000000001 0.42416666666666664 0.999375 0.4416666666666667 0.9962500000000001 0.4425 0.9825000000000002 0.44749999999999995 0.978125 0.44749999999999995 0.9650000000000001 0.4408333333333333 0.951875 0.44416666666666665 0.9275 0.44000000000000006 0.9200000000000002 0.43916666666666665 0.9112500000000001 0.44000000000000006 0.89625 0.44666666666666666 0.890625 0.4458333333333333 0.8862500000000001 0.4425 0.884375 0.43499999999999994 0.8925000000000001 0.43166666666666664 0.89 0.4291666666666667 0.890625 0.42750000000000005 0.8868750000000001 0.42416666666666664 0.8856250000000001 0.4175 0.8862500000000001 0.4116666666666666 0.884375 0.41083333333333333 0.89125 0.39249999999999996 0.8800000000000001 0.3933333333333333 0.8762500000000001 0.3908333333333333 0.874375 0.38583333333333336 0.8731250000000002 0.38249999999999995 0.85875 0.37 0.858125 0.37083333333333335 0.8556250000000001 0.36333333333333334 0.851875 0.3591666666666667 0.85625 0.3591666666666667 0.9137500000000001 0.36416666666666664 0.9243750000000001
0 0.4666666666666667 0.745 0.47333333333333333 0.7475 0.48166666666666663 0.7550000000000001 0.49083333333333334 0.75875 0.5058333333333334 0.76 0.51 0.76375 0.5091666666666667 0.765625 0.5175 0.764375 0.5258333333333333 0.771875 0.5349999999999999 0.774375 0.54 0.77875 0.5508333333333333 0.78 0.5549999999999999 0.77625 0.5508333333333333 0.76375 0.5558333333333334 0.75375 0.5599999999999999 0.7506250000000001 0.5641666666666667 0.7506250000000001 0.5675 0.753125 0.5816666666666667 0.7518750000000001 0.5933333333333334 0.74375 0.5941666666666666 0.7375 0.6 0.733125 0.6041666666666667 0.73375 0.6041666666666667 0.738125 0.6133333333333333 0.7375 0.6125 0.734375 0.6233333333333333 0.7306250000000001 0.625 0.726875 0.6333333333333333 0.7212500000000001 0.6341666666666667 0.716875 0.6333333333333333 0.7150000000000001 0.63 0.716875 0.6208333333333333 0.715625 0.6141666666666666 0.71125 0.6116666666666666 0.704375 0.605 0.7 0.5875 0.69625 0.5775 0.700625 0.5725 0.6993750000000001 0.5675 0.701875 0.5533333333333333 0.703125 0.55 0.70625 0.5433333333333333 0.70625 0.5325 0.711875 0.5208333333333333 0.7150000000000001 0.5083333333333333 0.7150000000000001 0.48166666666666663 0.723125 0.47333333333333333 0.729375 0.46333333333333326 0.731875 0.4616666666666666 0.734375 0.4666666666666667 0.745
0 0.6308333333333334 0.686875 0.6416666666666667 0.681875 0.635 0.681875 0.6258333333333332 0.685625 0.6308333333333334 0.686875
0 0.8191666666666666 0.718125 0.8216666666666667 0.71625 0.8175000000000001 0.713125 0.8141666666666666 0.716875 0.8191666666666666 0.718125
0 0.7649999999999999 0.686875 0.7616666666666666 0.6825 0.76 0.6837500000000001 0.7616666666666666 0.6875 0.7649999999999999 0.686875
0 0.7616666666666666 0.680625 0.7708333333333333 0.6787500000000001 0.7691666666666667 0.6775 0.7616666666666666 0.6768750000000001 0.7616666666666666 0.680625
0 0.86640625 0.6640625 0.00078125 0.0015625
0 0.8083333333333333 0.686875 0.8066666666666666 0.68875 0.8 0.6893750000000001 0.8074999999999999 0.6893750000000001 0.8099999999999999 0.6975 0.8191666666666666 0.704375 0.8241666666666667 0.706875 0.8275 0.7050000000000001 0.845 0.709375 0.8550000000000001 0.7175 0.8558333333333333 0.7081250000000001 0.86 0.7050000000000001 0.8724999999999999 0.7025 0.8858333333333333 0.7025 0.8875 0.7 0.8908333333333334 0.7025 0.89 0.6987500000000001 0.8933333333333333 0.6950000000000001 0.9033333333333333 0.690625 0.9108333333333333 0.700625 0.915 0.700625 0.9216666666666666 0.69625 0.9291666666666666 0.695625 0.9391666666666666 0.6893750000000001 0.9383333333333332 0.6775 0.9308333333333334 0.67625 0.9216666666666666 0.670625 0.9075 0.669375 0.9016666666666666 0.6625 0.8933333333333333 0.6631250000000001 0.8925000000000001 0.66625 0.8875 0.66875 0.8841666666666667 0.666875 0.8800000000000001 0.66875 0.8783333333333333 0.665 0.8724999999999999 0.664375 0.8724999999999999 0.675 0.8699999999999999 0.6768750000000001 0.8583333333333334 0.6768750000000001 0.8558333333333333 0.675 0.8525 0.6631250000000001 0.8441666666666666 0.664375 0.8391666666666666 0.66875 0.8275 0.66875 0.8241666666666667 0.675625 0.8175000000000001 0.67 0.8183333333333334 0.671875 0.8066666666666666 0.675 0.8091666666666667 0.67625 0.8083333333333333 0.686875
0 0.8008333333333333 0.6681250000000001 0.8016666666666665 0.665 0.7966666666666666 0.6631250000000001 0.7858333333333334 0.6631250000000001 0.7825 0.665 0.8008333333333333 0.6681250000000001
0 0.9041666666666666 0.66 0.9041666666666666 0.655 0.9008333333333333 0.6568750000000001 0.9008333333333333 0.659375 0.9041666666666666 0.66
0 0.875 0.655 0.8701063829787234 0.6556117021276596 0.8724999999999999 0.6581250000000001 0.8775000000000001 0.654375 0.875 0.653125 0.875 0.655
0 0.8608333333333332 0.6587500000000001 0.8633333333333333 0.654375 0.8591666666666666 0.653125 0.8566666666666667 0.6575 0.8608333333333332 0.6587500000000001
0 0.9475 0.5956250000000001 0.9475 0.6125 0.9525 0.623125 0.9583333333333334 0.624375 0.9633333333333333 0.62875 0.97 0.6225 0.9724999999999999 0.6225 0.9833333333333334 0.634375 0.9941666666666666 0.635 0.9991666666666668 0.628125 0.9991666666666668 0.6006250000000001 0.9941666666666666 0.59375 0.9841666666666666 0.590625 0.9808333333333333 0.5943750000000001 0.9666666666666666 0.59375 0.96 0.5956250000000001 0.9516666666666665 0.590625 0.9483333333333333 0.590625 0.9466666666666667 0.59375 0.9425000000000001 0.59125 0.9391666666666666 0.5925 0.9475 0.5956250000000001
0 0.9883333333333333 0.5856250000000001 0.9908333333333333 0.590625 0.9941666666666666 0.58625 0.9941666666666666 0.578125 0.9908333333333333 0.5787500000000001 0.9816666666666667 0.58125 0.9883333333333333 0.5856250000000001
0 0.6708333333333333 0.9725000000000001 0.6683333333333333 0.9818750000000002 0.6691666666666667 0.9943750000000001 0.6783333333333333 0.999375 0.6875 0.999375 0.6883333333333332 0.9975000000000002 0.6908333333333333 0.999375 0.7733333333333333 0.999375 0.7758333333333333 0.9962500000000001 0.7849999999999999 0.9975000000000002 0.7858333333333334 0.999375 0.8724999999999999 0.999375 0.875 0.996875 0.8800000000000001 0.999375 0.8841666666666667 0.9950000000000001 0.8833333333333334 0.983125 0.8766666666666666 0.965625 0.8791666666666667 0.95625 0.8775000000000001 0.946875 0.8766666666666666 0.943125 0.8733333333333333 0.9418750000000001 0.865 0.94625 0.8608333333333332 0.9525 0.8491666666666667 0.95625 0.8433333333333334 0.961875 0.8291666666666666 0.9675 0.82 0.976875 0.8008333333333333 0.9887500000000001 0.7783333333333333 0.9850000000000001 0.7725 0.978125 0.7558333333333334 0.974375 0.745 0.9662500000000002 0.7308333333333333 0.9637500000000001 0.725 0.959375 0.7233333333333334 0.9512500000000002 0.7216666666666667 0.9550000000000001 0.7191666666666666 0.9550000000000001 0.7033333333333334 0.94625 0.6916666666666667 0.9450000000000001 0.6849999999999999 0.9525 0.6808333333333334 0.9556250000000001 0.675 0.95625 0.6683333333333333 0.9631250000000001 0.6675 0.9668750000000002 0.6708333333333333 0.9725000000000001
0 0.7625 0.779375 0.7725 0.7837500000000001 0.7825 0.7925000000000001 0.7916666666666667 0.79125 0.8008333333333333 0.79625 0.8141666666666666 0.796875 0.8300000000000001 0.805 0.8383333333333333 0.805625 0.8433333333333334 0.8087500000000001 0.8608333333333332 0.8125 0.8691666666666666 0.8168750000000001 0.8733333333333333 0.8225 0.8775000000000001 0.8225 0.885 0.835 0.8908333333333334 0.835 0.8966666666666667 0.8306250000000001 0.9041666666666666 0.8318749999999999 0.9216666666666666 0.8168750000000001 0.9608333333333332 0.8018750000000001 0.9675 0.794375 0.9641666666666666 0.77625 0.9583333333333334 0.774375 0.9358333333333333 0.786875 0.9233333333333332 0.79 0.9183333333333333 0.794375 0.9075 0.7987500000000001 0.8908333333333334 0.8012500000000001 0.8808333333333334 0.795625 0.8699999999999999 0.7987500000000001 0.8558333333333333 0.798125 0.8425 0.786875 0.8416666666666666 0.7831250000000001 0.835 0.779375 0.825 0.785 0.8058333333333334 0.7825 0.7966666666666666 0.775 0.7808333333333334 0.7706250000000001 0.7733333333333333 0.7612500000000001 0.7633333333333333 0.7681250000000001 0.7649999999999999 0.77625 0.7625 0.779375
0 0.8066666666666666 0.7768750000000001 0.8099999999999999 0.78 0.8116666666666668 0.778125 0.8108333333333333 0.775 0.7966666666666666 0.774375 0.7991666666666666 0.78 0.8066666666666666 0.7768750000000001
0 0.7458333333333333 0.70625 0.7525 0.703125 0.7416666666666667 0.7025 0.7416666666666667 0.7056250000000001 0.7458333333333333 0.70625
0 0.7424999999999999 0.745 0.7474999999999999 0.75875 0.7591666666666667 0.7625 0.7725 0.759375 0.7791666666666667 0.754375 0.7858333333333334 0.754375 0.7933333333333333 0.759375 0.7966666666666666 0.758125 0.8033333333333333 0.7462500000000001 0.82 0.7393750000000001 0.8316666666666667 0.7300000000000001 0.8491666666666667 0.7256250000000001 0.8591666666666666 0.71375 0.8758333333333332 0.71375 0.8833333333333334 0.7100000000000001 0.8841666666666667 0.7050000000000001 0.8758333333333332 0.6950000000000001 0.8658333333333333 0.7 0.8625 0.6943750000000001 0.8433333333333334 0.6943750000000001 0.8416666666666666 0.6900000000000001 0.8383333333333333 0.69125 0.835 0.6881250000000001 0.8175000000000001 0.6893750000000001 0.8141666666666666 0.6950000000000001 0.8058333333333334 0.68875 0.7991666666666666 0.6881250000000001 0.7875 0.6925000000000001 0.7883333333333333 0.70125 0.8 0.70625 0.8 0.7106250000000001 0.7941666666666667 0.7175 0.7891666666666667 0.71625 0.7858333333333334 0.7100000000000001 0.7758333333333333 0.7106250000000001 0.7616666666666666 0.7143750000000001 0.76 0.718125 0.7541666666666667 0.72 0.7466666666666667 0.7275 0.7424999999999999 0.7375 0.7424999999999999 0.745
0 0.8208333333333334 0.686875 0.8191666666666666 0.685 0.8175000000000001 0.6881250000000001 0.8208333333333334 0.686875
0 0.596875 0.69609375 0.00234375 0.00078125
0 0.61 0.6975 0.6125 0.6925000000000001 0.6083333333333333 0.6925000000000001 0.6066666666666667 0.69625 0.61 0.6975
0 0.6183333333333334 0.69625 0.6241666666666666 0.7025 0.625 0.7100000000000001 0.63 0.71125 0.6333333333333333 0.7100000000000001 0.6325000000000001 0.695625 0.6233333333333333 0.68875 0.62 0.6900000000000001 0.6174999999999999 0.6925000000000001 0.6183333333333334 0.69625
0 0.6391666666666667 0.6900000000000001 0.64 0.69375 0.6358333333333334 0.6950000000000001 0.6466666666666667 0.695625 0.6525 0.704375 0.6441666666666667 0.713125 0.6525 0.715625 0.6658333333333333 0.711875 0.6791666666666667 0.71875 0.7033333333333334 0.71625 0.71 0.7143750000000001 0.7216666666666667 0.706875 0.7291666666666667 0.6993750000000001 0.7274999999999999 0.693125 0.7191666666666666 0.6881250000000001 0.7175 0.6825 0.7191666666666666 0.6768750000000001 0.7233333333333334 0.6743750000000001 0.7274999999999999 0.675 0.7283333333333333 0.67 0.7274999999999999 0.6681250000000001 0.7241666666666666 0.67 0.7191666666666666 0.66875 0.7216666666666667 0.6612500000000001 0.7083333333333333 0.6612500000000001 0.6766666666666666 0.67 0.6666666666666667 0.67 0.6525 0.675 0.64 0.681875 0.6416666666666667 0.68875 0.6366666666666666 0.68875 0.6358333333333334 0.69125 0.6391666666666667 0.6900000000000001
0 0.36083333333333334 0.883125 0.35833333333333334 0.8918750000000001 0.36083333333333334 0.9037499999999999 0.3591666666666667 0.9112500000000001 0.36583333333333334 0.9243750000000001 0.36583333333333334 0.93625 0.3683333333333333 0.9393750000000001 0.37583333333333335 0.9387500000000001 0.38416666666666666 0.9425000000000001 0.3933333333333333 0.94375 0.4091666666666667 0.95375 0.41083333333333333 0.9575000000000001 0.41833333333333333 0.959375 0.42333333333333334 0.9575000000000001 0.42666666666666664 0.953125 0.4325 0.9525 0.43916666666666665 0.94625 0.44333333333333336 0.9325000000000001 0.43916666666666665 0.9181250000000001 0.4416666666666667 0.8956250000000001 0.4491666666666666 0.8868750000000001 0.4425 0.8856250000000001 0.43583333333333335 0.8950000000000001 0.4216666666666667 0.8868750000000001 0.41833333333333333 0.8887500000000002 0.41500000000000004 0.8887500000000002 0.4141666666666667 0.8868750000000001 0.4133333333333333 0.89125 0.40750000000000003 0.890625 0.39249999999999996 0.8800000000000001 0.39 0.87375 0.38333333333333336 0.8706250000000001 0.3808333333333333 0.8724999999999999 0.37916666666666665 0.8712500000000001 0.3775 0.86625 0.38333333333333336 0.865 0.37916666666666665 0.858125 0.375 0.85875 0.375 0.8643750000000001 0.37083333333333335 0.86625 0.36666666666666664 0.8625 0.3675 0.85875 0.36416666666666664 0.8550000000000001 0.3625 0.8543750000000001 0.35833333333333334 0.85875 0.3575 0.8768750000000001 0.36083333333333334 0.883125
0 0.8466666666666667 0.75875 0.845 0.7568750000000001 0.8433333333333334 0.760625 0.8466666666666667 0.75875
0 0.8208333333333334 0.7412500000000001 0.8208333333333334 0.73875 0.8175000000000001 0.740625 0.8208333333333334 0.7412500000000001
0 0.7916666666666667 0.748125 0.8 0.75125 0.8016666666666665 0.7550000000000001 0.8033333333333333 0.75375 0.8074999999999999 0.755625 0.8125 0.75125 0.8083333333333333 0.7456250000000001 0.8116666666666668 0.74 0.8108333333333333 0.7375 0.805 0.7375 0.805 0.7412500000000001 0.7916666666666667 0.748125
0 0.8466666666666667 0.7375 0.8474999999999999 0.7425 0.8533333333333333 0.740625 0.8574999999999999 0.734375 0.85 0.731875 0.8416666666666666 0.733125 0.8416666666666666 0.735625 0.8466666666666667 0.7375
0 0.8203125 0.71640625 0.00078125 0.00078125
0 0.8158333333333333 0.7193750000000001 0.8150000000000001 0.713125 0.8099999999999999 0.71125 0.8091666666666667 0.7193750000000001 0.8158333333333333 0.7193750000000001
0 0.7858333333333334 0.7150000000000001 0.7858333333333334 0.7100000000000001 0.7816666666666666 0.7100000000000001 0.7808333333333334 0.7143750000000001 0.7858333333333334 0.7150000000000001
0 0.9491666666666667 0.6625 0.95 0.6568750000000001 0.9425000000000001 0.65125 0.9416666666666667 0.6525000000000001 0.9416666666666667 0.6575 0.9491666666666667 0.6625
0 0.7458333333333333 0.654375 0.7458333333333333 0.6575 0.7558333333333334 0.6631250000000001 0.7625 0.654375 0.7541666666666667 0.650625 0.7533333333333333 0.653125 0.7458333333333333 0.654375
0 0.9491666666666667 0.6456250000000001 0.9491666666666667 0.6431250000000001 0.9433333333333334 0.64 0.9425000000000001 0.64875 0.9491666666666667 0.6456250000000001
0 0.7583333333333333 0.696875 0.7716666666666667 0.6900000000000001 0.7766666666666666 0.685 0.7858333333333334 0.68625 0.8 0.69375 0.8033333333333333 0.693125 0.8099999999999999 0.6993750000000001 0.8108333333333333 0.7056250000000001 0.8141666666666666 0.696875 0.825 0.7025 0.8316666666666667 0.695625 0.8383333333333333 0.6943750000000001 0.8408333333333333 0.698125 0.8400000000000001 0.7081250000000001 0.85 0.71125 0.8533333333333333 0.7150000000000001 0.8533333333333333 0.7193750000000001 0.8558333333333333 0.72 0.8591666666666666 0.716875 0.8633333333333333 0.716875 0.8625 0.7143750000000001 0.8591666666666666 0.71625 0.8550000000000001 0.713125 0.8566666666666667 0.7081250000000001 0.8616666666666667 0.7050000000000001 0.8800000000000001 0.700625 0.8858333333333333 0.7050000000000001 0.8941666666666667 0.7056250000000001 0.9383333333333332 0.69125 0.9416666666666667 0.6831250000000001 0.95 0.6787500000000001 0.95 0.67 0.9558333333333333 0.6681250000000001 0.9574999999999999 0.664375 0.9491666666666667 0.6675000000000001 0.9391666666666666 0.666875 0.9349999999999999 0.664375 0.9324999999999999 0.669375 0.9275 0.6681250000000001 0.9241666666666667 0.64375 0.9291666666666666 0.62625 0.925 0.6225 0.9208333333333334 0.6225 0.9008333333333333 0.6143750000000001 0.8975 0.61375 0.8933333333333333 0.6175 0.8925000000000001 0.610625 0.89 0.609375 0.8791666666666667 0.61875 0.8625 0.6125 0.8558333333333333 0.618125 0.8491666666666667 0.619375 0.8316666666666667 0.630625 0.8241666666666667 0.62875 0.8208333333333334 0.6318750000000001 0.8025 0.633125 0.7925 0.63875 0.775 0.64375 0.7733333333333333 0.646875 0.7649999999999999 0.6475000000000001 0.7649999999999999 0.6681250000000001 0.7616666666666666 0.67 0.7583333333333333 0.6681250000000001 0.7533333333333333 0.669375 0.7433333333333334 0.68 0.7483333333333333 0.6975 0.7583333333333333 0.696875
0 0.8716666666666667 0.999375 0.8724999999999999 0.9975000000000002 0.8808333333333334 0.9962500000000001 0.8816666666666666 0.984375 0.8800000000000001 0.9818750000000002 0.8675 0.98125 0.8591666666666666 0.976875 0.8425 0.9868750000000001 0.8324999999999999 0.9956250000000001 0.8316666666666667 0.999375 0.8716666666666667 0.999375
0 0.6683333333333333 0.9950000000000001 0.6733333333333333 0.999375 0.6875 0.999375 0.6883333333333332 0.9975000000000002 0.6908333333333333 0.999375 0.7691666666666667 0.999375 0.77 0.9975000000000002 0.7691666666666667 0.993125 0.7583333333333333 0.993125 0.7516666666666667 0.9893750000000001 0.7433333333333334 0.9881250000000001 0.7283333333333333 0.98125 0.7191666666666666 0.9737500000000001 0.7024999999999999 0.9725000000000001 0.69 0.9631250000000001 0.6866666666666666 0.9631250000000001 0.6816666666666666 0.9706250000000001 0.675 0.9731250000000001 0.6691666666666667 0.9850000000000001 0.6708333333333333 0.9912500000000002 0.6683333333333333 0.9950000000000001
0 0.6766666666666666 0.846875 0.6825 0.8668750000000001 0.6925 0.87375 0.7 0.8712500000000001 0.71 0.874375 0.7391666666666666 0.8918750000000001 0.7474999999999999 0.8918750000000001 0.7649999999999999 0.9 0.7725 0.8981250000000001 0.7833333333333333 0.9 0.7891666666666667 0.903125 0.8066666666666666 0.9037499999999999 0.8074999999999999 0.900625 0.8141666666666666 0.899375 0.8166666666666667 0.8956250000000001 0.8208333333333334 0.900625 0.8241666666666667 0.8975 0.8241666666666667 0.8931250000000001 0.8275 0.8956250000000001 0.8483333333333333 0.89375 0.875 0.8762500000000001 0.8758333333333332 0.8637500000000001 0.8833333333333334 0.8481250000000001 0.8775000000000001 0.8387500000000001 0.8708333333333333 0.835 0.8699999999999999 0.820625 0.8591666666666666 0.8125 0.8483333333333333 0.8137500000000001 0.8375 0.80625 0.8308333333333333 0.805 0.8275 0.806875 0.8158333333333333 0.7987500000000001 0.8033333333333333 0.7993750000000001 0.795 0.7925000000000001 0.7825 0.7925000000000001 0.7725 0.7862500000000001 0.7616666666666666 0.7862500000000001 0.7516666666666667 0.77875 0.7474999999999999 0.77875 0.7266666666666667 0.79125 0.7125 0.7931250000000001 0.7 0.8018750000000001 0.6858333333333333 0.80625 0.6775 0.811875 0.6791666666666667 0.8318749999999999 0.6766666666666666 0.846875
0 0.8889518900343643 0.9904059278350517 0.8949999999999999 0.9943750000000001 0.9066666666666666 0.996875 0.9183333333333333 0.9943750000000001 0.9175000000000001 0.9893750000000001 0.9125 0.9875 0.9133333333333333 0.984375 0.9208333333333334 0.9800000000000001 0.9341666666666667 0.9787500000000001 0.9425000000000001 0.968125 0.9525 0.961875 0.9616666666666667 0.9625 0.9666666666666666 0.9575000000000001 0.9666666666666666 0.9200000000000002 0.9591666666666667 0.915 0.9275 0.93125 0.9216666666666666 0.93625 0.9075 0.940625 0.9 0.945625 0.8966666666666667 0.945625 0.8933333333333333 0.9412499999999999 0.8933333333333333 0.945625 0.8841666666666667 0.95 0.885 0.9700000000000001 0.8933333333333333 0.9800000000000001 0.8925000000000001 0.9881250000000001 0.8889518900343643 0.9904059278350517
0 0.8416666666666666 0.790625 0.8416666666666666 0.780625 0.8391666666666666 0.7825 0.8383333333333333 0.789375 0.8416666666666666 0.790625
0 0.8033333333333333 0.774375 0.8066666666666666 0.771875 0.8033333333333333 0.771875 0.8033333333333333 0.774375
0 0.8775000000000001 0.77125 0.8724999999999999 0.7731250000000001 0.8766666666666666 0.7775000000000001 0.8783333333333333 0.771875 0.8766666666666666 0.7675000000000001 0.8741666666666668 0.7675000000000001 0.8724999999999999 0.76875 0.8775000000000001 0.77125
0 0.90390625 0.753125 0.00078125 0.00390625
0 0.8133333333333332 0.755625 0.8150000000000001 0.754375 0.8099999999999999 0.753125 0.8150000000000001 0.7506250000000001 0.8141666666666666 0.749375 0.8108333333333333 0.75125 0.8074999999999999 0.7550000000000001 0.8133333333333332 0.755625
0 0.8316666666666667 0.738125 0.8241666666666667 0.7350000000000001 0.8208333333333334 0.7375 0.8208333333333334 0.7425 0.8316666666666667 0.738125
0 0.7649999999999999 0.7506250000000001 0.7683333333333333 0.7550000000000001 0.7758333333333333 0.7525000000000001 0.7791666666666667 0.75875 0.7808333333333334 0.7568750000000001 0.7866666666666666 0.758125 0.7899999999999999 0.763125 0.7966666666666666 0.764375 0.7975 0.75875 0.8008333333333333 0.755625 0.8016666666666665 0.74 0.795 0.7375 0.7958333333333333 0.734375 0.7933333333333333 0.7325 0.7891666666666667 0.734375 0.7899999999999999 0.7375 0.7825 0.743125 0.7791666666666667 0.7412500000000001 0.7758333333333333 0.7456250000000001 0.7725 0.738125 0.7649999999999999 0.7393750000000001 0.7616666666666666 0.7425 0.7616666666666666 0.7518750000000001 0.7649999999999999 0.7506250000000001
0 0.7441666666666666 0.7418750000000001 0.7441666666666666 0.728125 0.7391666666666666 0.73375 0.7383333333333333 0.7412500000000001 0.7441666666666666 0.7418750000000001
0 0.8216666666666667 0.73125 0.8241666666666667 0.72875 0.8283333333333334 0.7306250000000001 0.8275 0.726875 0.82 0.726875 0.8183333333333334 0.7306250000000001 0.8216666666666667 0.73125
0 0.6125 0.726875 0.6075 0.7262500000000001 0.6091666666666666 0.728125 0.6125 0.726875
0 0.7649999999999999 0.734375 0.7691666666666667 0.73375 0.7716666666666667 0.7362500000000001 0.7716666666666667 0.72 0.7683333333333333 0.7206250000000001 0.7666666666666667 0.7262500000000001 0.7675 0.7325 0.7649999999999999 0.734375
0 0.8425 0.728125 0.845 0.7300000000000001 0.8375 0.7412500000000001 0.8400000000000001 0.744375 0.8283333333333334 0.754375 0.8324999999999999 0.769375 0.8358333333333332 0.771875 0.8324999999999999 0.7731250000000001 0.8358333333333332 0.774375 0.8333333333333334 0.77625 0.835 0.7775000000000001 0.8375 0.7706250000000001 0.8416666666666666 0.77125 0.845 0.7618750000000001 0.85 0.759375 0.8550000000000001 0.7518750000000001 0.8574999999999999 0.75 0.8625 0.753125 0.8658333333333333 0.7518750000000001 0.8791666666666667 0.7412500000000001 0.8833333333333334 0.734375 0.8808333333333334 0.7306250000000001 0.8783333333333333 0.73125 0.8808333333333334 0.726875 0.8766666666666666 0.731875 0.8708333333333333 0.734375 0.8591666666666666 0.733125 0.8550000000000001 0.7275 0.8491666666666667 0.726875 0.8483333333333333 0.723125 0.8550000000000001 0.7193750000000001 0.8550000000000001 0.7143750000000001 0.8491666666666667 0.716875 0.845 0.715625 0.8441666666666666 0.725 0.8416666666666666 0.726875 0.8341666666666667 0.726875 0.8375 0.729375 0.8425 0.728125
0 0.6983333333333334 0.713125 0.6958333333333333 0.7100000000000001 0.6966666666666667 0.71375 0.6983333333333334 0.713125
0 0.875 0.713125 0.8816666666666666 0.7100000000000001 0.8816666666666666 0.7081250000000001 0.8775000000000001 0.7075 0.8741666666666668 0.7100000000000001 0.875 0.713125
0 0.9383333333333332 0.70625 0.9358333333333333 0.7056250000000001 0.9349999999999999 0.71625 0.9383333333333332 0.70625
0 0.6783333333333333 0.71125 0.6816666666666666 0.7143750000000001 0.6858333333333333 0.7125 0.6891666666666667 0.70625 0.6849999999999999 0.7037500000000001 0.6791666666666667 0.7050000000000001 0.6725 0.7125 0.6716666666666666 0.7175 0.6783333333333333 0.71125
0 0.9525 0.6993750000000001 0.9491666666666667 0.6987500000000001 0.9491666666666667 0.700625 0.9525 0.6993750000000001
0 0.4725 0.73875 0.47750000000000004 0.7412500000000001 0.47833333333333333 0.7462500000000001 0.5 0.748125 0.49749999999999994 0.7518750000000001 0.5008333333333332 0.7475 0.5058333333333334 0.75125 0.5116666666666666 0.7518750000000001 0.5258333333333333 0.75875 0.5308333333333334 0.7568750000000001 0.5391666666666667 0.746875 0.5483333333333333 0.744375 0.5458333333333333 0.7412500000000001 0.5533333333333333 0.7325 0.5575 0.73375 0.5583333333333333 0.7418750000000001 0.5675 0.75 0.5708333333333333 0.75 0.5733333333333334 0.7475 0.5816666666666667 0.7456250000000001 0.5933333333333334 0.729375 0.5933333333333334 0.7262500000000001 0.5900000000000001 0.7237500000000001 0.5900000000000001 0.715625 0.5866666666666667 0.713125 0.5883333333333333 0.70625 0.595 0.7050000000000001 0.5991666666666666 0.700625 0.6058333333333333 0.7056250000000001 0.6108333333333333 0.7 0.6066666666666667 0.69625 0.61 0.69625 0.6141666666666666 0.6925000000000001 0.6091666666666666 0.6925000000000001 0.6008333333333333 0.6993750000000001 0.5974999999999999 0.695625 0.5941666666666666 0.695625 0.5916666666666667 0.698125 0.585 0.698125 0.5775 0.7025 0.5575 0.7050000000000001 0.5475 0.7100000000000001 0.5391666666666667 0.7100000000000001 0.5258333333333333 0.71625 0.5116666666666666 0.71625 0.495 0.72 0.4833333333333333 0.7237500000000001 0.47333333333333333 0.7306250000000001 0.47000000000000003 0.734375 0.4725 0.73875
0 0.6849999999999999 0.701875 0.6866666666666666 0.6993750000000001 0.6833333333333333 0.695625 0.6858333333333333 0.6881250000000001 0.6791666666666667 0.691875 0.6775 0.6975 0.6849999999999999 0.701875
0 0.6258333333333332 0.6900000000000001 0.6224999999999999 0.693125 0.6333333333333333 0.6875 0.6441666666666667 0.6881250000000001 0.6533333333333333 0.6787500000000001 0.6458333333333333 0.6787500000000001 0.6258333333333332 0.685625 0.6224999999999999 0.68875 0.6258333333333332 0.6900000000000001
0 0.97734375 0.66796875 0.00078125 0.00078125
0 0.97734375 0.65390625 0.00078125 0.003125
0 0.95 0.64875 0.9533333333333334 0.64375 0.9491666666666667 0.634375 0.9466666666666667 0.64 0.9466666666666667 0.6475000000000001 0.95 0.64875
0 0.6833333333333333 0.6775 0.7091666666666667 0.675625 0.7108333333333333 0.6893750000000001 0.7175 0.6893750000000001 0.7233333333333334 0.70125 0.73 0.6993750000000001 0.7383333333333333 0.691875 0.7441666666666666 0.69125 0.7483333333333333 0.6943750000000001 0.755 0.691875 0.77 0.690625 0.775 0.6793750000000001 0.775 0.6725000000000001 0.7825 0.675 0.7833333333333333 0.67125 0.7858333333333334 0.671875 0.7775 0.6681250000000001 0.7825 0.665625 0.7925 0.665625 0.795 0.6675000000000001 0.795 0.675 0.8041666666666666 0.675 0.8091666666666667 0.678125 0.8041666666666666 0.6875 0.8091666666666667 0.6925000000000001 0.8141666666666666 0.6925000000000001 0.8091666666666667 0.698125 0.8099999999999999 0.7037500000000001 0.8116666666666668 0.704375 0.8141666666666666 0.6993750000000001 0.8150000000000001 0.69125 0.8175000000000001 0.6893750000000001 0.8241666666666667 0.690625 0.8258333333333333 0.693125 0.8216666666666667 0.69625 0.8241666666666667 0.7025 0.8275 0.701875 0.8308333333333333 0.7056250000000001 0.8416666666666666 0.70625 0.8425 0.7081250000000001 0.8400000000000001 0.709375 0.8425 0.713125 0.8441666666666666 0.6993750000000001 0.8491666666666667 0.6993750000000001 0.85 0.701875 0.8533333333333333 0.7025 0.8591666666666666 0.6975 0.8666666666666666 0.7025 0.8733333333333333 0.701875 0.8833333333333334 0.6950000000000001 0.8875 0.696875 0.8966666666666667 0.69375 0.9083333333333334 0.69625 0.9216666666666666 0.685625 0.9275 0.6950000000000001 0.9316666666666666 0.6943750000000001 0.9383333333333332 0.6993750000000001 0.9391666666666666 0.6831250000000001 0.9308333333333334 0.6831250000000001 0.9341666666666667 0.6775 0.9391666666666666 0.6787500000000001 0.9416666666666667 0.675 0.9491666666666667 0.6775 0.9558333333333333 0.67 0.9625 0.673125 0.9658333333333333 0.67125 0.9675 0.6681250000000001 0.9641666666666666 0.6637500000000001 0.9675 0.6568750000000001 0.9633333333333333 0.65375 0.9574999999999999 0.6575 0.9491666666666667 0.65375 0.9416666666666667 0.655 0.9400000000000001 0.6525000000000001 0.9441666666666666 0.65 0.9425000000000001 0.6481250000000001 0.9383333333333332 0.65125 0.9225 0.649375 0.9191666666666667 0.6431250000000001 0.9241666666666667 0.640625 0.9266666666666665 0.635 0.925 0.619375 0.9216666666666666 0.6175 0.9025000000000001 0.6168750000000001 0.8941666666666667 0.61375 0.89 0.6168750000000001 0.8883333333333333 0.61375 0.8816666666666666 0.613125 0.8800000000000001 0.610625 0.8758333333333332 0.61375 0.8625 0.613125 0.8358333333333332 0.62875 0.8241666666666667 0.629375 0.8208333333333334 0.633125 0.8041666666666666 0.63375 0.7933333333333333 0.639375 0.755 0.65 0.7508333333333332 0.65375 0.7283333333333333 0.6575 0.7241666666666666 0.6612500000000001 0.7158333333333333 0.6631250000000001 0.6991666666666666 0.664375 0.6883333333333332 0.670625 0.6783333333333333 0.67125 0.6775 0.675625 0.6833333333333333 0.6775
0 0.5966666666666667 0.7050000000000001 0.5991666666666666 0.7050000000000001 0.6016666666666667 0.70125 0.605 0.7037500000000001 0.6191666666666666 0.7025 0.6216666666666667 0.7143750000000001 0.6266666666666667 0.716875 0.6358333333333334 0.711875 0.6508333333333333 0.7175 0.6666666666666667 0.711875 0.6758333333333333 0.718125 0.6925 0.718125 0.71 0.71375 0.7274999999999999 0.7 0.7241666666666666 0.6943750000000001 0.7191666666666666 0.6950000000000001 0.7166666666666667 0.686875 0.7175 0.67125 0.715 0.6681250000000001 0.72 0.6612500000000001 0.7166666666666667 0.660625 0.7083333333333333 0.6612500000000001 0.6933333333333334 0.6675000000000001 0.6849999999999999 0.66625 0.6758333333333333 0.67 0.6641666666666667 0.67 0.6408333333333334 0.6787500000000001 0.6333333333333333 0.685625 0.6224999999999999 0.686875 0.6025 0.69375 0.5983333333333334 0.691875 0.5933333333333334 0.695625 0.5966666666666667 0.7050000000000001
0 0.4666666666666667 0.7475 0.48 0.7550000000000001 0.49000000000000005 0.75875 0.5116666666666666 0.7568750000000001 0.5183333333333333 0.76 0.5266666666666666 0.76 0.5391666666666667 0.765625 0.5425 0.765 0.5466666666666666 0.7706250000000001 0.5475 0.760625 0.5416666666666667 0.758125 0.545 0.753125 0.5466666666666666 0.7518750000000001 0.55 0.7550000000000001 0.5599999999999999 0.744375 0.5591666666666667 0.740625 0.5633333333333332 0.73875 0.5675 0.738125 0.5691666666666666 0.7418750000000001 0.5741666666666666 0.744375 0.585 0.7325 0.5866666666666667 0.72 0.58 0.716875 0.5791666666666667 0.7125 0.58 0.7056250000000001 0.5841666666666667 0.701875 0.5825 0.703125 0.5741666666666666 0.6993750000000001 0.5608333333333333 0.700625 0.5483333333333333 0.7056250000000001 0.5416666666666667 0.7056250000000001 0.5325 0.7106250000000001 0.5166666666666667 0.7143750000000001 0.5083333333333333 0.71375 0.4833333333333333 0.7212500000000001 0.4625 0.73125 0.4608333333333333 0.7368750000000001 0.4666666666666667 0.7475
0 0.58125 0.72421875 0.00078125 0.00078125
0 0.4691666666666666 0.75125 0.49833333333333335 0.764375 0.5058333333333334 0.765625 0.5116666666666666 0.77 0.5216666666666667 0.7725000000000001 0.5466666666666666 0.785 0.5508333333333333 0.78 0.5483333333333333 0.769375 0.55 0.75375 0.5541666666666667 0.7475 0.5608333333333333 0.744375 0.5608333333333333 0.7375 0.5558333333333334 0.7368750000000001 0.5608333333333333 0.73375 0.5599999999999999 0.731875 0.55 0.7375 0.5441666666666667 0.726875 0.5358333333333334 0.726875 0.5258333333333333 0.7206250000000001 0.5316666666666666 0.716875 0.5291666666666667 0.7150000000000001 0.5083333333333333 0.715625 0.49000000000000005 0.723125 0.48083333333333333 0.7237500000000001 0.47333333333333333 0.728125 0.4666666666666667 0.728125 0.4625 0.7306250000000001 0.45999999999999996 0.7350000000000001 0.4691666666666666 0.75125
0 0.9208333333333334 0.709375 0.9316666666666666 0.7106250000000001 0.9333333333333333 0.6993750000000001 0.9283333333333333 0.698125 0.9241666666666667 0.701875 0.9199999999999999 0.70625 0.9208333333333334 0.709375
0 0.9483333333333333 0.7100000000000001 0.9425000000000001 0.7206250000000001 0.9433333333333334 0.7375 0.9349999999999999 0.74 0.925 0.738125 0.9241666666666667 0.744375 0.9199999999999999 0.7475 0.9241666666666667 0.75875 0.9316666666666666 0.759375 0.9358333333333333 0.75375 0.9408333333333333 0.7550000000000001 0.9416666666666667 0.763125 0.9291666666666666 0.771875 0.9291666666666666 0.775 0.9375 0.7775000000000001 0.9383333333333332 0.7831250000000001 0.945 0.78 0.9508333333333333 0.780625 0.9566666666666667 0.775 0.9633333333333333 0.77625 0.9733333333333333 0.7612500000000001 0.9841666666666666 0.75375 0.9908333333333333 0.7518750000000001 0.9991666666666668 0.744375 0.9991666666666668 0.726875 0.9966666666666667 0.725 0.9966666666666667 0.715625 0.9925 0.709375 0.9958333333333333 0.6900000000000001 0.9933333333333334 0.669375 0.9908333333333333 0.6675000000000001 0.9766666666666666 0.675625 0.9633333333333333 0.6787500000000001 0.9550000000000001 0.685625 0.9583333333333334 0.6900000000000001 0.9541666666666666 0.698125 0.9491666666666667 0.6993750000000001 0.9475 0.695625 0.9433333333333334 0.6950000000000001 0.9391666666666666 0.6993750000000001 0.9466666666666667 0.7050000000000001 0.9483333333333333 0.7100000000000001
0 0.9941666666666666 0.64 0.9916666666666666 0.639375 0.9941666666666666 0.646875 0.9941666666666666 0.64
0 0.9458333333333334 0.66625 0.9425000000000001 0.6675000000000001 0.9475 0.6681250000000001 0.9458333333333334 0.66625
0 0.95625 0.66484375 0.00078125 0.00078125
0 0.7766666666666666 0.6587500000000001 0.7758333333333333 0.655 0.7741666666666667 0.65625 0.7733333333333333 0.6575 0.7766666666666666 0.6587500000000001
0 0.7741666666666667 0.650625 0.7758333333333333 0.65375 0.7833333333333333 0.64875 0.7891666666666667 0.6518750000000001 0.8 0.649375 0.8058333333333334 0.650625 0.8133333333333332 0.6575 0.8091666666666667 0.661875 0.8008333333333333 0.6637500000000001 0.8008333333333333 0.6681250000000001 0.8091666666666667 0.6775 0.8108333333333333 0.6831250000000001 0.8216666666666667 0.6831250000000001 0.825 0.68 0.8308333333333333 0.6787500000000001 0.8341666666666667 0.6825 0.8383333333333333 0.68125 0.8416666666666666 0.6831250000000001 0.8458333333333334 0.680625 0.8525 0.68625 0.8625 0.6875 0.8741666666666668 0.67625 0.8816666666666666 0.6793750000000001 0.8841666666666667 0.68875 0.8916666666666666 0.695625 0.905 0.6893750000000001 0.9058333333333334 0.680625 0.9108333333333333 0.680625 0.9133333333333333 0.67125 0.9183333333333333 0.671875 0.925 0.664375 0.9233333333333332 0.6575 0.9275 0.65 0.9241666666666667 0.64375 0.9283333333333333 0.640625 0.9358333333333333 0.641875 0.9383333333333332 0.639375 0.9425000000000001 0.6431250000000001 0.9433333333333334 0.639375 0.9358333333333333 0.635 0.9391666666666666 0.62875 0.9366666666666668 0.621875 0.9283333333333333 0.621875 0.925 0.619375 0.9216666666666666 0.6206250000000001 0.9141666666666666 0.6125 0.9141666666666666 0.609375 0.9066666666666666 0.61375 0.9041666666666666 0.609375 0.9008333333333333 0.6112500000000001 0.8958333333333334 0.6056250000000001 0.8925000000000001 0.6050000000000001 0.8833333333333334 0.615 0.8733333333333333 0.615625 0.8625 0.6125 0.8550000000000001 0.61875 0.8416666666666666 0.623125 0.8425 0.6268750000000001 0.8383333333333333 0.6268750000000001 0.8341666666666667 0.6325000000000001 0.8283333333333334 0.635625 0.8241666666666667 0.6300000000000001 0.825 0.633125 0.8066666666666666 0.6325000000000001 0.7975 0.6362500000000001 0.7933333333333333 0.641875 0.7816666666666666 0.644375 0.7816666666666666 0.64875 0.7741666666666667 0.650625
0 0.9058333333333334 0.62875 0.9099999999999999 0.633125 0.9025000000000001 0.640625 0.8766666666666666 0.654375 0.8816666666666666 0.6575 0.8800000000000001 0.664375 0.8833333333333334 0.670625 0.8833333333333334 0.68875 0.8866666666666667 0.695625 0.8966666666666667 0.700625 0.8975 0.7037500000000001 0.9033333333333333 0.7037500000000001 0.9075 0.7 0.9116666666666667 0.7056250000000001 0.9199999999999999 0.706875 0.9291666666666666 0.706875 0.9316666666666666 0.7025 0.9391666666666666 0.703125 0.9400000000000001 0.709375 0.9433333333333334 0.713125 0.9391666666666666 0.72 0.9408333333333333 0.7237500000000001 0.9383333333333332 0.728125 0.9416666666666667 0.73375 0.9458333333333334 0.73375 0.95 0.7262500000000001 0.945 0.718125 0.945 0.71125 0.9525 0.70875 0.9666666666666666 0.69625 0.9591666666666667 0.681875 0.9841666666666666 0.678125 0.9916666666666666 0.6737500000000001 0.9949999999999999 0.6612500000000001 0.9941666666666666 0.6275000000000001 0.9800000000000001 0.61875 0.9775 0.6206250000000001 0.9591666666666667 0.621875 0.9425000000000001 0.6212500000000001 0.9366666666666668 0.618125 0.925 0.62375 0.925 0.6300000000000001 0.9216666666666666 0.6318750000000001 0.9133333333333333 0.6212500000000001 0.9191666666666667 0.6125 0.915 0.6075 0.8966666666666667 0.6100000000000001 0.8916666666666666 0.619375 0.8925000000000001 0.624375 0.9058333333333334 0.62875
0 0.8933333333333333 0.60875 0.8949999999999999 0.6056250000000001 0.89 0.604375 0.8883333333333333 0.606875 0.8933333333333333 0.60875
0 0.9991666666666668 0.9575000000000001 0.9991666666666668 0.953125 0.9941666666666666 0.951875 0.9941666666666666 0.9556250000000001 0.9991666666666668 0.9575000000000001
0 0.9741666666666667 0.98375 0.9791666666666666 0.990625 0.9783333333333333 0.993125 0.9741666666666667 0.9943750000000001 0.9800000000000001 0.9962500000000001 0.9824999999999999 0.999375 0.9991666666666668 0.999375 0.9991666666666668 0.9637500000000001 0.9941666666666666 0.9643750000000001 0.9800000000000001 0.95 0.9766666666666666 0.9506249999999999 0.9724999999999999 0.959375 0.9683333333333334 0.9806250000000001 0.9741666666666667 0.98375
0 0.5599999999999999 0.999375 0.5583333333333333 0.9975000000000002 0.5533333333333333 0.9975000000000002 0.5525 0.999375 0.5599999999999999 0.999375
0 0.5641666666666667 0.999375 0.5695833333333333 0.999375 0.5700000000000001 0.9975000000000002 0.575 0.999375 0.575 0.9975000000000002 0.5683333333333334 0.9962500000000001 0.5683333333333334 0.9943750000000001 0.5641666666666667 0.9943750000000001 0.5641666666666667 0.999375
0 0.4491666666666666 0.999375 0.4525 0.9975000000000002 0.45583333333333337 0.9975000000000002 0.45666666666666667 0.999375 0.48166666666666663 0.999375 0.4875 0.9962500000000001 0.49000000000000005 0.999375 0.5008333333333332 0.999375 0.5016666666666667 0.9943750000000001 0.49833333333333335 0.990625 0.47750000000000004 0.976875 0.4716666666666667 0.976875 0.4666666666666667 0.9806250000000001 0.45999999999999996 0.9787500000000001 0.4491666666666666 0.9868750000000001 0.4491666666666666 0.999375
0 0.6025 0.999375 0.6608333333333334 0.999375 0.6599999999999999 0.976875 0.6535908440629471 0.9714672746781117 0.6441666666666667 0.9756250000000002 0.6391666666666667 0.9737500000000001 0.6174999999999999 0.9787500000000001 0.6158333333333333 0.9806250000000001 0.6191666666666666 0.984375 0.6091666666666666 0.9925 0.6025 0.9918750000000001 0.5966666666666667 0.9962500000000001 0.595 0.993125 0.5883333333333333 0.99375 0.5941666666666666 0.999375 0.5983333333333334 0.999375 0.5991666666666666 0.996875 0.6025 0.999375
0 0.835 0.8 0.8275 0.798125 0.825 0.8 0.835 0.8
0 0.81796875 0.79609375 0.0015625 0.00078125
0 0.8783333333333333 0.8225 0.8858333333333333 0.8393750000000001 0.8866666666666667 0.850625 0.8933333333333333 0.8568749999999999 0.8991666666666667 0.8556250000000001 0.9041666666666666 0.8575000000000002 0.9066666666666666 0.8456250000000001 0.9175000000000001 0.8387500000000001 0.9216666666666666 0.8387500000000001 0.9275 0.8331250000000001 0.9324999999999999 0.8331250000000001 0.9349999999999999 0.838125 0.9383333333333332 0.8393750000000001 0.9400000000000001 0.8375 0.9358333333333333 0.83125 0.9375 0.8293750000000001 0.9441666666666666 0.8262500000000002 0.9491666666666667 0.8275 0.9525 0.82125 0.9558333333333333 0.819375 0.9633333333333333 0.8200000000000001 0.9675 0.8137500000000001 0.9675 0.7987500000000001 0.9633333333333333 0.78125 0.95 0.7825 0.9458333333333334 0.7862500000000001 0.9125 0.8012500000000001 0.8966666666666667 0.811875 0.89 0.8099999999999999 0.8791666666666667 0.8106250000000002 0.8658333333333333 0.80375 0.8608333333333332 0.80375 0.8616666666666667 0.8106250000000002 0.8783333333333333 0.8225
0 0.7308333333333333 0.77375 0.73 0.7706250000000001 0.7216666666666667 0.7725000000000001 0.7224999999999999 0.77625 0.7308333333333333 0.77375
0 0.7375 0.778125 0.7316666666666667 0.7818750000000001 0.7325 0.7837500000000001 0.7375 0.7825 0.7391666666666666 0.7768750000000001 0.7441666666666666 0.775625 0.7466666666666667 0.7706250000000001 0.7508333333333332 0.76875 0.7474999999999999 0.76375 0.7441666666666666 0.766875 0.7366666666666666 0.77625 0.7375 0.778125
0 0.8515625 0.71640625 0.00078125 0.0015625
0 0.7075 0.7368750000000001 0.7241666666666666 0.74 0.7375 0.75125 0.7375 0.7550000000000001 0.7424999999999999 0.7568750000000001 0.7441666666666666 0.7612500000000001 0.7541666666666667 0.760625 0.7658333333333334 0.75875 0.7766666666666666 0.7475 0.7933333333333333 0.745 0.7991666666666666 0.740625 0.8108333333333333 0.7393750000000001 0.8158333333333333 0.7368750000000001 0.8225 0.73125 0.8275 0.7300000000000001 0.8316666666666667 0.7212500000000001 0.8383333333333333 0.723125 0.8425 0.716875 0.8416666666666666 0.70125 0.8383333333333333 0.701875 0.8366666666666667 0.7 0.835 0.68875 0.825 0.685625 0.8208333333333334 0.68125 0.8141666666666666 0.6825 0.8099999999999999 0.6793750000000001 0.8074999999999999 0.68125 0.8033333333333333 0.680625 0.8 0.685 0.7849999999999999 0.68125 0.7858333333333334 0.671875 0.7883333333333333 0.669375 0.7966666666666666 0.670625 0.8 0.6681250000000001 0.795 0.6612500000000001 0.7958333333333333 0.6575 0.7891666666666667 0.6575 0.7833333333333333 0.6625 0.7766666666666666 0.660625 0.7683333333333333 0.664375 0.7649999999999999 0.661875 0.7483333333333333 0.6787500000000001 0.745 0.691875 0.7416666666666667 0.695625 0.735 0.6975 0.7166666666666667 0.713125 0.7041666666666667 0.72 0.7016666666666667 0.724375 0.7075 0.7368750000000001
0 0.805 0.654375 0.8 0.653125 0.8 0.6568750000000001 0.805 0.654375
0 0.6675 0.9012500000000001 0.6683333333333333 0.8956250000000001 0.6658333333333333 0.8956250000000001 0.6641666666666667 0.900625 0.6675 0.9012500000000001
0 0.5583333333333333 0.798125 0.5558333333333334 0.825 0.5633333333333332 0.8375 0.5766666666666667 0.8481250000000001 0.5858333333333333 0.851875 0.5983333333333334 0.853125 0.605 0.8606250000000001 0.62 0.865625 0.6408333333333334 0.8793750000000001 0.6466666666666667 0.880625 0.6541666666666667 0.8875 0.6691666666666667 0.889375 0.6775 0.8668750000000001 0.6733333333333333 0.8487500000000001 0.6758333333333333 0.8387500000000001 0.6733333333333333 0.81875 0.675 0.81125 0.6791666666666667 0.8075000000000001 0.6925 0.80375 0.7083333333333333 0.79375 0.7274999999999999 0.7862500000000001 0.7283333333333333 0.78 0.7166666666666667 0.7818750000000001 0.7008333333333333 0.79125 0.6849999999999999 0.79625 0.6766666666666666 0.8012500000000001 0.6616666666666666 0.805 0.6541666666666667 0.8012500000000001 0.6433333333333333 0.8006249999999999 0.6325000000000001 0.794375 0.6233333333333333 0.794375 0.6108333333333333 0.790625 0.5916666666666667 0.78 0.585 0.780625 0.5633333333333332 0.775 0.5566666666666666 0.7818750000000001 0.5549999999999999 0.7887500000000001 0.5583333333333333 0.798125
0 0.7424999999999999 0.76875 0.7408333333333333 0.7681250000000001 0.7391666666666666 0.76875 0.7424999999999999 0.76875
0 0.5591666666666667 0.836875 0.5708333333333333 0.8481250000000001 0.5983333333333334 0.858125 0.61 0.865625 0.6191666666666666 0.8675 0.6525 0.8881249999999999 0.6591666666666667 0.8950000000000001 0.6608333333333334 0.9037499999999999 0.6683333333333333 0.9043750000000002 0.6708333333333333 0.875625 0.675 0.865625 0.6675 0.865625 0.6666666666666667 0.8625 0.6708333333333333 0.8612500000000001 0.6716666666666666 0.85875 0.6616666666666666 0.85 0.63 0.8412499999999999 0.6241666666666666 0.834375 0.6108333333333333 0.834375 0.605 0.8306250000000001 0.595 0.82875 0.585 0.8231250000000001 0.5691666666666666 0.819375 0.5599999999999999 0.8143750000000001 0.5566666666666666 0.8150000000000001 0.5558333333333334 0.818125 0.5549999999999999 0.826875 0.5591666666666667 0.836875
0 0.9991666666666668 0.89 0.9991666666666668 0.8862500000000001 0.9966666666666667 0.8862500000000001 0.9875 0.8868750000000001 0.9991666666666668 0.89
0 0.9691666666666666 0.811875 0.9741666666666667 0.8356250000000001 0.9733333333333333 0.853125 0.975 0.85875 0.9808333333333333 0.8631249999999999 0.9875 0.8643750000000001 0.9916666666666666 0.8618750000000001 0.9991666666666668 0.8612500000000001 0.9991666666666668 0.7612500000000001 0.9925 0.77625 0.9833333333333334 0.775 0.9791666666666666 0.76875 0.9733333333333333 0.77 0.9708333333333334 0.77875 0.9716666666666667 0.7987500000000001 0.9691666666666666 0.811875
0 0.6725 0.9400000000000001 0.6675 0.940625 0.6658333333333333 0.9487500000000001 0.675 0.95625 0.6816666666666666 0.95875 0.6883333333333332 0.95625 0.6908333333333333 0.9543750000000001 0.6908333333333333 0.9493750000000001 0.6950000000000001 0.9487500000000001 0.7016666666666667 0.9556250000000001 0.7024999999999999 0.9643750000000001 0.7066666666666667 0.9637500000000001 0.7125 0.9662500000000002 0.725 0.9650000000000001 0.7316666666666667 0.9700000000000001 0.7341666666666666 0.976875 0.7441666666666666 0.984375 0.7649999999999999 0.98125 0.7758333333333333 0.9887500000000001 0.7866666666666666 0.9893750000000001 0.7933333333333333 0.9918750000000001 0.8066666666666666 0.990625 0.8141666666666666 0.984375 0.8341666666666667 0.9825000000000002 0.8366666666666667 0.978125 0.8416666666666666 0.978125 0.8441666666666666 0.975 0.8516666666666666 0.976875 0.8474999999999999 0.9756250000000002 0.8474999999999999 0.9700000000000001 0.8516666666666666 0.9725000000000001 0.8516666666666666 0.9693750000000001 0.8591666666666666 0.9625 0.8658333333333333 0.965625 0.8683333333333334 0.9606250000000001 0.8741666666666668 0.9581250000000001 0.8783333333333333 0.953125 0.8766666666666666 0.9418750000000001 0.8800000000000001 0.936875 0.8800000000000001 0.930625 0.8775000000000001 0.928125 0.8724999999999999 0.9331250000000001 0.8658333333333333 0.9325000000000001 0.8633333333333333 0.928125 0.8525 0.928125 0.8483333333333333 0.9331250000000001 0.8416666666666666 0.93625 0.8375 0.9356250000000002 0.8316666666666667 0.9393750000000001 0.8291666666666666 0.945625 0.8175000000000001 0.953125 0.8133333333333332 0.95875 0.8066666666666666 0.9575000000000001 0.8041666666666666 0.959375 0.8 0.9550000000000001 0.7916666666666667 0.9575000000000001 0.7866666666666666 0.9525 0.7825 0.95375 0.7716666666666667 0.944375 0.7683333333333333 0.9450000000000001 0.7641666666666667 0.9418750000000001 0.7616666666666666 0.9412499999999999 0.7583333333333333 0.944375 0.755 0.9425000000000001 0.7525 0.9450000000000001 0.7474999999999999 0.94375 0.7458333333333333 0.9375 0.7375 0.930625 0.72 0.9237500000000001 0.715 0.925 0.7083333333333333 0.92125 0.6916666666666667 0.9237500000000001 0.6816666666666666 0.9200000000000002 0.6708333333333333 0.9293750000000001 0.6691666666666667 0.9356250000000002 0.6725 0.9400000000000001
0 0.9316666666666666 0.9956250000000001 0.9349999999999999 0.9943750000000001 0.9400000000000001 0.996875 0.9491666666666667 0.9975000000000002 0.9633333333333333 0.99375 0.9708333333333334 0.99375 0.9724999999999999 0.9956250000000001 0.9741666666666667 0.9925 0.9800000000000001 0.999375 0.9991666666666668 0.999375 0.9991666666666668 0.9875 0.9883333333333333 0.9818750000000002 0.9841666666666666 0.9818750000000002 0.9766666666666666 0.974375 0.9741666666666667 0.9675 0.9691666666666666 0.9700000000000001 0.9641666666666666 0.9643750000000001 0.9525 0.9637500000000001 0.9425000000000001 0.9712500000000001 0.9358333333333333 0.9806250000000001 0.9391666666666666 0.9850000000000001 0.9316666666666666 0.9956250000000001
0 0.8800000000000001 0.9775 0.8800000000000001 0.968125 0.8741666666666668 0.96875 0.8733333333333333 0.976875 0.8800000000000001 0.9775
0 0.675 0.9581250000000001 0.6783333333333333 0.9575000000000001 0.6816666666666666 0.9606250000000001 0.6925 0.9606250000000001 0.7024999999999999 0.96875 0.7091666666666667 0.968125 0.7216666666666667 0.9725000000000001 0.73 0.98125 0.7383333333333333 0.983125 0.7474999999999999 0.9887500000000001 0.7575000000000001 0.990625 0.7625 0.9956250000000001 0.7683333333333333 0.9975000000000002 0.775 0.9950000000000001 0.8025 0.9956250000000001 0.8141666666666666 0.996875 0.8175000000000001 0.999375 0.8241666666666667 0.9956250000000001 0.835 0.9943750000000001 0.8441666666666666 0.9862500000000001 0.8541666666666666 0.9818750000000002 0.8583333333333334 0.974375 0.865 0.9693750000000001 0.8766666666666666 0.9643750000000001 0.8808333333333334 0.9581250000000001 0.8766666666666666 0.9349999999999999 0.8558333333333333 0.9349999999999999 0.8483333333333333 0.9425000000000001 0.845 0.9425000000000001 0.8391666666666666 0.9506249999999999 0.8283333333333334 0.95375 0.8216666666666667 0.96125 0.8 0.9675 0.7825 0.9650000000000001 0.7725 0.9581250000000001 0.74 0.94625 0.7208333333333333 0.9349999999999999 0.7075 0.930625 0.6849999999999999 0.938125 0.6816666666666666 0.943125 0.6783333333333333 0.9425000000000001 0.6783333333333333 0.945625 0.675 0.9481250000000001 0.6675 0.946875 0.6675 0.9512500000000002 0.675 0.9581250000000001
0 0.37666666666666665 0.9400000000000001 0.38333333333333336 0.944375 0.39416666666666667 0.945625 0.4116666666666666 0.959375 0.4175 0.96125 0.4333333333333333 0.95375 0.43916666666666665 0.946875 0.4416666666666667 0.9337500000000001 0.43916666666666665 0.9237500000000001 0.43345238095238087 0.9194642857142858 0.4291666666666667 0.921875 0.4166666666666667 0.915 0.4175 0.9106250000000001 0.4066666666666666 0.911875 0.40166666666666667 0.909375 0.3908333333333333 0.9087500000000001 0.3908333333333333 0.903125 0.38666666666666666 0.9037499999999999 0.38166666666666665 0.89875 0.3725 0.89875 0.36583333333333334 0.8931250000000001 0.36083333333333334 0.89375 0.36 0.911875 0.365 0.9231250000000001 0.36583333333333334 0.9400000000000001 0.37666666666666665 0.9400000000000001
0 0.9949999999999999 0.7456250000000001 0.9902314814814815 0.7438368055555556 0.9775 0.75625 0.9683333333333334 0.75875 0.9666666666666666 0.765625 0.9608333333333332 0.76875 0.9633333333333333 0.7706250000000001 0.9925 0.7518750000000001 0.9949999999999999 0.7456250000000001
0 0.9941666666666666 0.7350000000000001 0.9941666666666666 0.7300000000000001 0.9916666666666666 0.7306250000000001 0.9941666666666666 0.7350000000000001
0 0.8925000000000001 0.721875 0.8991666666666667 0.72 0.8891666666666665 0.7193750000000001 0.8875 0.72 0.8925000000000001 0.721875
0 0.9066666666666666 0.716875 0.9041666666666666 0.715625 0.9033333333333333 0.71875 0.9066666666666666 0.716875
0 0.8949999999999999 0.660625 0.8916666666666666 0.665625 0.8975 0.665 0.9075 0.6681250000000001 0.9108333333333333 0.675 0.9 0.678125 0.9008333333333333 0.6825 0.8866666666666667 0.685 0.8891666666666665 0.6875 0.89 0.695625 0.8933333333333333 0.6975 0.9 0.6943750000000001 0.9058333333333334 0.69625 0.9066666666666666 0.7 0.9016666666666666 0.7025 0.9083333333333334 0.700625 0.9099999999999999 0.71125 0.9183333333333333 0.71125 0.9216666666666666 0.709375 0.9358333333333333 0.7100000000000001 0.9391666666666666 0.713125 0.9366666666666668 0.716875 0.925 0.72 0.9333333333333333 0.7237500000000001 0.9316666666666666 0.7306250000000001 0.9391666666666666 0.738125 0.945 0.74 0.95 0.73875 0.9566666666666667 0.73125 0.9666666666666666 0.7350000000000001 0.9675 0.7306250000000001 0.9608333333333332 0.726875 0.9633333333333333 0.7206250000000001 0.9616666666666667 0.7125 0.97 0.706875 0.9758333333333333 0.70625 0.9758333333333333 0.6900000000000001 0.9783333333333333 0.686875 0.9833333333333334 0.6831250000000001 0.9941666666666666 0.6831250000000001 0.9916666666666666 0.68125 0.9941666666666666 0.67953125 0.9949999999999999 0.6681250000000001 0.9949999999999999 0.624375 0.9808333333333333 0.6175 0.9691666666666666 0.6212500000000001 0.9458333333333334 0.623125 0.9375 0.6256250000000001 0.9375 0.6300000000000001 0.9333333333333333 0.63375 0.9208333333333334 0.63875 0.9141666666666666 0.63875 0.9066666666666666 0.645 0.9008333333333333 0.6475000000000001 0.8933333333333333 0.6475000000000001 0.8916666666666666 0.65 0.8916666666666666 0.655625 0.8949999999999999 0.660625
0 0.6783333333333333 0.8474999999999999 0.6808333333333334 0.851875 0.6816666666666666 0.8675 0.6775 0.88375 0.6808333333333334 0.89375 0.6866666666666666 0.89875 0.6883333333333332 0.9037499999999999 0.6833333333333333 0.911875 0.6791666666666667 0.914375 0.6725 0.9275 0.6725 0.9356250000000002 0.6766666666666666 0.94375 0.67 0.9493750000000001 0.6741666666666666 0.953125 0.6816666666666666 0.9550000000000001 0.6941666666666666 0.94625 0.7041666666666667 0.9525 0.7125 0.961875 0.72 0.9606250000000001 0.7316666666666667 0.9637500000000001 0.7375 0.9700000000000001 0.7375 0.9775 0.745 0.9793750000000001 0.7474999999999999 0.9775 0.755 0.9787500000000001 0.7616666666666666 0.9762500000000001 0.7758333333333333 0.9868750000000001 0.7791666666666667 0.9856250000000001 0.7816666666666666 0.9881250000000001 0.7925 0.99 0.8041666666666666 0.9881250000000001 0.8208333333333334 0.9787500000000001 0.8258333333333333 0.96875 0.8291666666666666 0.9668750000000002 0.835 0.9668750000000002 0.845 0.9625 0.8491666666666667 0.9643750000000001 0.8550000000000001 0.9606250000000001 0.8641666666666665 0.95875 0.8675 0.95625 0.8675 0.9412499999999999 0.875 0.9337500000000001 0.8766666666666666 0.9375 0.8800000000000001 0.9356250000000002 0.8791666666666667 0.9325000000000001 0.8683333333333334 0.9349999999999999 0.8633333333333333 0.931875 0.8791666666666667 0.91875 0.8783333333333333 0.9043750000000002 0.8825 0.89375 0.8775000000000001 0.883125 0.8800000000000001 0.8775000000000001 0.8775000000000001 0.86 0.8808333333333334 0.8481250000000001 0.8691666666666666 0.8356250000000001 0.8691666666666666 0.8243750000000001 0.8658333333333333 0.8175000000000001 0.8574999999999999 0.8162499999999999 0.8558333333333333 0.82125 0.8366666666666667 0.8075000000000001 0.8308333333333333 0.806875 0.8308333333333333 0.809375 0.8266666666666665 0.8106250000000002 0.8216666666666667 0.80375 0.8150000000000001 0.8 0.8033333333333333 0.8012500000000001 0.7941666666666667 0.7931250000000001 0.7833333333333333 0.79375 0.7725 0.7875 0.7658333333333334 0.785625 0.7616666666666666 0.786875 0.7508333333333332 0.77875 0.7466666666666667 0.779375 0.7391666666666666 0.7862500000000001 0.7308333333333333 0.7881250000000001 0.7274999999999999 0.79125 0.7125 0.7931250000000001 0.6933333333333334 0.805625 0.6841666666666667 0.806875 0.6775 0.813125 0.6799999999999999 0.825 0.6783333333333333 0.8474999999999999
0 0.92578125 0.60546875 0.00078125 0.00078125
0 0.9466666666666667 0.6012500000000001 0.9525 0.615 0.9558333333333333 0.613125 0.9733333333333333 0.6143750000000001 0.9783333333333333 0.6118750000000001 0.9949999999999999 0.6143750000000001 0.9991666666666668 0.6075 0.9991666666666668 0.576875 0.9675 0.58125 0.93 0.595 0.9308333333333334 0.6006250000000001 0.9466666666666667 0.6012500000000001
0 0.4491666666666666 0.9525 0.45499999999999996 0.9800000000000001 0.4616666666666666 0.98125 0.4666666666666667 0.9862500000000001 0.47000000000000003 0.9850000000000001 0.4766666666666667 0.9950000000000001 0.4875 0.993125 0.49749999999999994 0.9975000000000002 0.5091666666666667 0.9975000000000002 0.51 0.999375 0.5558333333333334 0.999375 0.5566666666666666 0.9975000000000002 0.5616666666666666 0.996875 0.5708333333333333 0.996875 0.575 0.999375 0.58 0.9962500000000001 0.585 0.9962500000000001 0.5891666666666666 0.999375 0.6066666666666667 0.999375 0.6125 0.9962500000000001 0.6208333333333333 0.9962500000000001 0.6233333333333333 0.999375 0.63 0.999375 0.6325000000000001 0.9943750000000001 0.6266666666666667 0.9875 0.6366666666666666 0.983125 0.64 0.9875 0.645 0.9875 0.6516666666666666 0.9775 0.6541666666666667 0.976875 0.6575 0.9793750000000001 0.6608333333333334 0.9668750000000002 0.6608333333333334 0.959375 0.6566666666666666 0.95375 0.6575 0.9400000000000001 0.6508333333333333 0.9337500000000001 0.6441666666666667 0.938125 0.6224999999999999 0.9418750000000001 0.61 0.946875 0.6016666666666667 0.953125 0.5933333333333334 0.95375 0.5808333333333333 0.959375 0.5716666666666667 0.9662500000000002 0.5675 0.9650000000000001 0.5558333333333334 0.96875 0.5491666666666666 0.9756250000000002 0.5366666666666666 0.9775 0.5291666666666667 0.983125 0.5241666666666667 0.9806250000000001 0.5241666666666667 0.9737500000000001 0.5216666666666667 0.9725000000000001 0.5191666666666667 0.9756250000000002 0.515 0.968125 0.5116666666666666 0.9725000000000001 0.5075000000000001 0.9712500000000001 0.51 0.9625 0.5008333333333332 0.9600000000000002 0.4875 0.9600000000000002 0.49000000000000005 0.9556250000000001 0.49833333333333335 0.95375 0.495 0.9487500000000001 0.4841666666666667 0.9487500000000001 0.475 0.95375 0.4658333333333333 0.9525 0.45999999999999996 0.9568749999999999 0.4541666666666667 0.9543750000000001 0.45166666666666666 0.9487500000000001 0.4491666666666666 0.9493750000000001 0.4491666666666666 0.9525
0 0.45583333333333337 0.9418750000000001 0.4525 0.9556250000000001 0.45583333333333337 0.9631250000000001 0.4583333333333333 0.9631250000000001 0.45999999999999996 0.9600000000000002 0.4741666666666666 0.95625 0.4766666666666667 0.96125 0.4841666666666667 0.9668750000000002 0.49416666666666664 0.965625 0.4958333333333333 0.9706250000000001 0.5025000000000001 0.9725000000000001 0.5133333333333333 0.9806250000000001 0.5258333333333333 0.9850000000000001 0.5425 0.98125 0.5533333333333333 0.9756250000000002 0.5641666666666667 0.9762500000000001 0.5708333333333333 0.9725000000000001 0.5741666666666666 0.9737500000000001 0.5766666666666667 0.9693750000000001 0.5891666666666666 0.9706250000000001 0.5941666666666666 0.9668750000000002 0.595 0.9606250000000001 0.5983333333333334 0.9637500000000001 0.6025 0.9568749999999999 0.6216666666666667 0.951875 0.6366666666666666 0.9412499999999999 0.6408333333333334 0.9412499999999999 0.6466666666666667 0.9493750000000001 0.6533333333333333 0.9493750000000001 0.6441666666666667 0.945625 0.645 0.9425000000000001 0.6541666666666667 0.936875 0.6541666666666667 0.9325000000000001 0.6583333333333333 0.9268750000000001 0.6583333333333333 0.9225 0.6533333333333333 0.915 0.6566666666666666 0.9 0.6475 0.8875 0.6266666666666667 0.875625 0.6208333333333333 0.8700000000000001 0.6091666666666666 0.8675 0.5966666666666667 0.859375 0.5808333333333333 0.851875 0.5725 0.8512500000000001 0.5616666666666666 0.8450000000000001 0.5533333333333333 0.8474999999999999 0.55 0.850625 0.5408333333333333 0.8512500000000001 0.5291666666666667 0.8575000000000002 0.5191666666666667 0.85875 0.5116666666666666 0.8631249999999999 0.49916666666666665 0.86625 0.49416666666666664 0.8706250000000001 0.4841666666666667 0.8706250000000001 0.47333333333333333 0.878125 0.46333333333333326 0.8800000000000001 0.45499999999999996 0.8862500000000001 0.44749999999999995 0.903125 0.44666666666666666 0.9193749999999999 0.45583333333333337 0.9418750000000001
0 0.9108333333333333 0.896875 0.9075 0.8943749999999999 0.9075 0.8981250000000001 0.9108333333333333 0.896875
0 0.5591666666666667 0.771875 0.5741666666666666 0.77375 0.6091666666666666 0.789375 0.6191666666666666 0.79 0.6258333333333332 0.79375 0.63 0.7925000000000001 0.6333333333333333 0.795 0.6375 0.794375 0.6441666666666667 0.8 0.6675 0.80375 0.7016666666666667 0.789375 0.7125 0.78 0.7216666666666667 0.78 0.7283333333333333 0.77625 0.7341666666666666 0.7775000000000001 0.7383333333333333 0.7731250000000001 0.745 0.7706250000000001 0.7474999999999999 0.765 0.7441666666666666 0.75875 0.7408333333333333 0.735625 0.7483333333333333 0.72 0.7441666666666666 0.713125 0.7366666666666666 0.7125 0.7308333333333333 0.7025 0.7058333333333333 0.71375 0.69 0.7150000000000001 0.6808333333333334 0.711875 0.6816666666666666 0.7056250000000001 0.6666666666666667 0.704375 0.6625 0.70625 0.6575 0.713125 0.6475 0.713125 0.645 0.7175 0.6366666666666666 0.7193750000000001 0.6333333333333333 0.715625 0.6183333333333334 0.7300000000000001 0.6033333333333333 0.734375 0.5983333333333334 0.7393750000000001 0.595 0.738125 0.5916666666666667 0.7412500000000001 0.5925 0.75125 0.5891666666666666 0.7550000000000001 0.5825 0.754375 0.5708333333333333 0.7568750000000001 0.5683333333333334 0.754375 0.5616666666666666 0.75625 0.5575 0.754375 0.5558333333333334 0.758125 0.5549999999999999 0.76875 0.5591666666666667 0.771875
0 0.63 0.7568750000000001 0.6333333333333333 0.754375 0.6358333333333334 0.7568750000000001 0.64 0.7568750000000001 0.6475 0.7525000000000001 0.6491666666666667 0.7475 0.6533333333333333 0.744375 0.6475 0.7412500000000001 0.64 0.7412500000000001 0.63 0.7475 0.6224999999999999 0.7462500000000001 0.6233333333333333 0.7568750000000001 0.63 0.7568750000000001
0 0.6224999999999999 0.7418750000000001 0.6208333333333333 0.7393750000000001 0.6191666666666666 0.7418750000000001 0.6224999999999999 0.7418750000000001
0 0.584375 0.703125 0.00078125 0.0015625
0 0.5991666666666666 0.715625 0.605 0.70625 0.6174999999999999 0.70625 0.6174999999999999 0.7150000000000001 0.6224999999999999 0.7225 0.6191666666666666 0.7275 0.6208333333333333 0.72875 0.64 0.72875 0.645 0.7262500000000001 0.6475 0.7275 0.6475 0.7350000000000001 0.6508333333333333 0.7350000000000001 0.6508333333333333 0.7325 0.6541666666666667 0.731875 0.6641666666666667 0.738125 0.6683333333333333 0.7368750000000001 0.675 0.7425 0.6816666666666666 0.740625 0.6875 0.73375 0.6866666666666666 0.7300000000000001 0.6908333333333333 0.726875 0.7091666666666667 0.723125 0.7141666666666666 0.713125 0.7233333333333334 0.7075 0.7274999999999999 0.7 0.7233333333333334 0.6950000000000001 0.7191666666666666 0.69625 0.7125 0.691875 0.7108333333333333 0.6631250000000001 0.6966666666666667 0.664375 0.6883333333333332 0.66875 0.6716666666666666 0.671875 0.6683333333333333 0.675625 0.6541666666666667 0.6743750000000001 0.6216666666666667 0.686875 0.6166666666666667 0.690625 0.6083333333333333 0.691875 0.6025 0.69625 0.5991666666666666 0.6943750000000001 0.5941666666666666 0.695625 0.5925 0.7081250000000001 0.5991666666666666 0.715625
0 0.775 0.851875 0.7725 0.8568749999999999 0.7791666666666667 0.85375 0.7858333333333334 0.8612500000000001 0.7866666666666666 0.8550000000000001 0.7833333333333333 0.8525 0.7866666666666666 0.850625 0.7791666666666667 0.8462500000000001 0.7733333333333333 0.846875 0.7708333333333333 0.8487500000000001 0.775 0.851875
0 0.76875 0.8375 0.00078125 0.00078125
0 0.7583333333333333 0.838125 0.7541666666666667 0.8375 0.7525 0.838125 0.7583333333333333 0.838125
0 0.7583333333333333 0.8262500000000002 0.7558333333333334 0.8275 0.7591666666666667 0.828125 0.7583333333333333 0.8262500000000002
0 0.7675 0.82125 0.7641666666666667 0.8200000000000001 0.7625 0.820625 0.7675 0.82125
0 0.6725 0.89 0.6849999999999999 0.90625 0.7033333333333334 0.9075000000000001 0.7133333333333333 0.905625 0.7158333333333333 0.903125 0.72 0.9043750000000002 0.7233333333333334 0.9075000000000001 0.7241666666666666 0.91625 0.73 0.9193749999999999 0.7341666666666666 0.9262500000000001 0.7408333333333333 0.9268750000000001 0.7466666666666667 0.9325000000000001 0.7575000000000001 0.9375 0.7725 0.9349999999999999 0.7758333333333333 0.9393750000000001 0.7816666666666666 0.9418750000000001 0.7825 0.94625 0.7925 0.9481250000000001 0.8066666666666666 0.9475 0.8066666666666666 0.9425000000000001 0.8216666666666667 0.93625 0.8225 0.928125 0.8308333333333333 0.92125 0.8466666666666667 0.9193749999999999 0.8558333333333333 0.921875 0.8583333333333334 0.9193749999999999 0.8633333333333333 0.9200000000000002 0.8708333333333333 0.91625 0.8716666666666667 0.9106250000000001 0.8758333333333332 0.9087500000000001 0.8791666666666667 0.911875 0.8816666666666666 0.9087500000000001 0.8808333333333334 0.9037499999999999 0.8858333333333333 0.89375 0.8833333333333334 0.8793750000000001 0.8841666666666667 0.8450000000000001 0.8808333333333334 0.8418750000000002 0.8808333333333334 0.83125 0.8766666666666666 0.826875 0.8733333333333333 0.828125 0.8733333333333333 0.8331250000000001 0.8699999999999999 0.8356250000000001 0.8625 0.8331250000000001 0.8583333333333334 0.8412499999999999 0.8550000000000001 0.843125 0.8483333333333333 0.8387500000000001 0.845 0.840625 0.8458333333333334 0.849375 0.8391666666666666 0.851875 0.8375 0.86625 0.8324999999999999 0.871875 0.8300000000000001 0.8720831250000002 0.8266666666666665 0.859375 0.8208333333333334 0.8550000000000001 0.8133333333333332 0.8556250000000001 0.8133333333333332 0.8612500000000001 0.8066666666666666 0.86625 0.8 0.8637500000000001 0.7958333333333333 0.86875 0.7883333333333333 0.8675 0.7858333333333334 0.865 0.7833333333333333 0.871875 0.7858333333333334 0.883125 0.7783333333333333 0.8868750000000001 0.7758333333333333 0.89125 0.7716666666666667 0.8875 0.7758333333333333 0.8800000000000001 0.7733333333333333 0.8762500000000001 0.7758333333333333 0.8724999999999999 0.7725 0.869375 0.7716666666666667 0.858125 0.7666666666666667 0.8568749999999999 0.7616666666666666 0.846875 0.7583333333333333 0.8450000000000001 0.7575000000000001 0.8543750000000001 0.7483333333333333 0.86 0.7466666666666667 0.8550000000000001 0.7491666666666666 0.85 0.7383333333333333 0.843125 0.7408333333333333 0.835 0.7316666666666667 0.8418750000000002 0.7316666666666667 0.846875 0.725 0.850625 0.7191666666666666 0.8487500000000001 0.7166666666666667 0.8387500000000001 0.7024999999999999 0.8556250000000001 0.7008333333333333 0.849375 0.7041666666666667 0.838125 0.6966666666666667 0.8300000000000001 0.6958333333333333 0.8200000000000001 0.6933333333333334 0.826875 0.6891666666666667 0.828125 0.6858333333333333 0.8325000000000001 0.6816666666666666 0.8300000000000001 0.6791666666666667 0.8331250000000001 0.675 0.8575000000000002 0.6758333333333333 0.8775000000000001 0.6725 0.89
0 0.7024999999999999 0.8243750000000001 0.705 0.825 0.7108333333333333 0.82125 0.71 0.819375 0.7058333333333333 0.819375 0.7016666666666667 0.8200000000000001 0.7024999999999999 0.8243750000000001
0 0.8641666666666665 0.821875 0.8608333333333332 0.8256249999999999 0.865 0.82125 0.8616666666666667 0.818125 0.86 0.820625 0.8641666666666665 0.821875
0 0.8140625 0.8171875 0.00078125 0.0015625
0 0.6891666666666667 0.8175000000000001 0.6891666666666667 0.8137500000000001 0.6858333333333333 0.8143750000000001 0.6849999999999999 0.8175000000000001 0.6891666666666667 0.8175000000000001
0 0.7716666666666667 0.835 0.7741666666666667 0.83375 0.7791666666666667 0.8356250000000001 0.7816666666666666 0.8325000000000001 0.7891666666666667 0.8318749999999999 0.7908333333333333 0.835 0.7849999999999999 0.838125 0.7891666666666667 0.8487500000000001 0.795 0.8450000000000001 0.7933333333333333 0.8418750000000002 0.7975 0.8393750000000001 0.8033333333333333 0.84375 0.8041666666666666 0.8418750000000002 0.8008333333333333 0.8412499999999999 0.8041666666666666 0.838125 0.8074999999999999 0.838125 0.805 0.834375 0.8108333333333333 0.834375 0.8116666666666668 0.8318749999999999 0.8074999999999999 0.826875 0.8150000000000001 0.8243750000000001 0.8116666666666668 0.820625 0.8099999999999999 0.825 0.8041666666666666 0.8225 0.8058333333333334 0.820625 0.8 0.82125 0.7966666666666666 0.819375 0.7991666666666666 0.8143750000000001 0.7958333333333333 0.8125 0.7858333333333334 0.819375 0.7891666666666667 0.821875 0.7849999999999999 0.826875 0.7808333333333334 0.8231250000000001 0.7716666666666667 0.820625 0.7741666666666667 0.8225 0.7733333333333333 0.8262500000000002 0.7649999999999999 0.8275 0.7625 0.83125 0.7716666666666667 0.835
0 0.6991666666666666 0.8175000000000001 0.7024999999999999 0.8125 0.6975 0.8125 0.6991666666666666 0.8175000000000001
0 0.8175000000000001 0.8275 0.8208333333333334 0.82875 0.8300000000000001 0.820625 0.835 0.825 0.835 0.8231250000000001 0.8408333333333333 0.820625 0.8366666666666667 0.8175000000000001 0.8391666666666666 0.8162499999999999 0.8391666666666666 0.8125 0.8341666666666667 0.81125 0.8316666666666667 0.815625 0.8275 0.8125 0.825 0.8137500000000001 0.8258333333333333 0.8175000000000001 0.82 0.8200000000000001 0.8266666666666665 0.8225 0.8175000000000001 0.8275
0 0.8333333333333334 0.8075000000000001 0.8316666666666667 0.80625 0.8308333333333333 0.8075000000000001 0.8333333333333334 0.8075000000000001
0 0.7941666666666667 0.8075000000000001 0.7925 0.805 0.7899999999999999 0.805625 0.7891666666666667 0.809375 0.7941666666666667 0.8075000000000001
0 0.64 0.75125 0.6441666666666667 0.744375 0.6391666666666667 0.744375 0.6375 0.748125 0.64 0.75125
0 0.6216666666666667 0.740625 0.62 0.7375 0.6191666666666666 0.7412500000000001 0.6216666666666667 0.740625
0 0.5816666666666667 0.734375 0.5883333333333333 0.738125 0.5925 0.7368750000000001 0.5941666666666666 0.731875 0.5916666666666667 0.7262500000000001 0.5883333333333333 0.72875 0.5841666666666667 0.728125 0.5816666666666667 0.7300000000000001 0.5816666666666667 0.734375
0 0.5566666666666666 0.71375 0.5650000000000001 0.71625 0.5708333333333333 0.713125 0.5816666666666667 0.7206250000000001 0.5908333333333333 0.7225 0.5941666666666666 0.71875 0.5983333333333334 0.718125 0.6025 0.7225 0.6066666666666667 0.7225 0.6083333333333333 0.733125 0.62 0.733125 0.635 0.7275 0.6808333333333334 0.723125 0.71 0.71375 0.7175 0.709375 0.7208333333333333 0.7037500000000001 0.7116666666666667 0.6943750000000001 0.7066666666666667 0.67125 0.7024999999999999 0.665625 0.6991666666666666 0.665625 0.69 0.67 0.6675 0.67125 0.6366666666666666 0.6787500000000001 0.6325000000000001 0.6825 0.6191666666666666 0.6875 0.6058333333333333 0.69125 0.5983333333333334 0.69125 0.5883333333333333 0.6950000000000001 0.5775 0.70125 0.5599999999999999 0.70625 0.5583333333333333 0.70875 0.5533333333333333 0.70625 0.5549999999999999 0.7075 0.55 0.7106250000000001 0.55 0.7175 0.5566666666666666 0.71375
0 0.3683333333333333 0.9731250000000001 0.36666666666666664 0.9806250000000001 0.3716666666666667 0.99 0.3683333333333333 0.9943750000000001 0.37 0.999375 0.3775 0.999375 0.38 0.996875 0.39 0.9956250000000001 0.39666666666666667 0.9975000000000002 0.4116666666666666 0.9956250000000001 0.41916666666666663 0.996875 0.4208333333333333 0.999375 0.4425 0.999375 0.44416666666666665 0.98375 0.4491666666666666 0.978125 0.45 0.9693750000000001 0.43916666666666665 0.9493750000000001 0.4175 0.95375 0.41083333333333333 0.9493750000000001 0.40083333333333326 0.9481250000000001 0.39 0.9375 0.36583333333333334 0.9375 0.36416666666666664 0.9606250000000001 0.3683333333333333 0.9731250000000001
0 0.655 0.8 0.6608333333333334 0.7993750000000001 0.6675 0.8018750000000001 0.6741666666666666 0.8 0.6733333333333333 0.79625 0.6775 0.79625 0.6616666666666666 0.795 0.6599999999999999 0.7987500000000001 0.655 0.8
0 0.6483333333333333 0.7987500000000001 0.6491666666666667 0.795 0.6475 0.7931250000000001 0.645 0.794375 0.6441666666666667 0.7975000000000001 0.6483333333333333 0.7987500000000001
0 0.6341666666666667 0.7928125 0.6316666666666666 0.785 0.62 0.7881250000000001 0.6183333333333334 0.7925000000000001 0.6266666666666667 0.7931250000000001 0.6311434108527132 0.7953633720930233 0.6341666666666667 0.7928125
0 0.6541666666666667 0.79 0.6541666666666667 0.784375 0.6508333333333333 0.784375 0.65 0.7862500000000001 0.6541666666666667 0.79
0 0.6475 0.77375 0.6441666666666667 0.775 0.6491666666666667 0.775625 0.6475 0.77375
0 0.6608333333333334 0.7775000000000001 0.6641666666666667 0.771875 0.6599999999999999 0.76875 0.6566666666666666 0.7731250000000001 0.6608333333333334 0.7775000000000001
0 0.7191666666666666 0.7725000000000001 0.72 0.76875 0.7166666666666667 0.766875 0.715 0.76875 0.7141666666666666 0.7725000000000001 0.7191666666666666 0.7725000000000001
0 0.6783333333333333 0.740625 0.6741666666666666 0.73875 0.675 0.74375 0.6783333333333333 0.740625
0 0.7133333333333333 0.733125 0.715 0.7306250000000001 0.7141666666666666 0.728125 0.7116666666666667 0.728125 0.7108333333333333 0.73125 0.7133333333333333 0.733125
0 0.7266666666666667 0.7237500000000001 0.73 0.72 0.73 0.713125 0.7233333333333334 0.7175 0.7224999999999999 0.7212500000000001 0.7266666666666667 0.7237500000000001
0 0.7591666666666667 0.713125 0.7583333333333333 0.71125 0.7558333333333334 0.711875 0.7541666666666667 0.716875 0.7591666666666667 0.713125
0 0.4666666666666667 0.743125 0.49083333333333334 0.758125 0.5158333333333334 0.75875 0.5233333333333333 0.7625 0.525 0.766875 0.5291666666666667 0.7625 0.5425 0.77125 0.5533333333333333 0.75875 0.5566666666666666 0.7612500000000001 0.5549999999999999 0.76875 0.5575 0.7706250000000001 0.5658333333333333 0.77375 0.5775 0.774375 0.5833333333333333 0.779375 0.595 0.7831250000000001 0.5991666666666666 0.7825 0.6008333333333333 0.785625 0.605 0.786875 0.6133333333333333 0.78 0.6174999999999999 0.77125 0.62 0.77 0.6233333333333333 0.77375 0.6275000000000001 0.76875 0.6191666666666666 0.7675000000000001 0.6158333333333333 0.7612500000000001 0.63 0.75875 0.6333333333333333 0.75375 0.6366666666666666 0.7575000000000001 0.6483333333333333 0.7518750000000001 0.6508333333333333 0.7456250000000001 0.6491666666666667 0.734375 0.6533333333333333 0.73125 0.6683333333333333 0.72875 0.7024999999999999 0.748125 0.7024999999999999 0.745 0.6991666666666666 0.744375 0.7008333333333333 0.743125 0.7083333333333333 0.7425 0.7166666666666667 0.745 0.7241666666666666 0.7425 0.7266666666666667 0.7393750000000001 0.73 0.744375 0.7391666666666666 0.74375 0.7408333333333333 0.74 0.7375 0.7375 0.7416666666666667 0.731875 0.7391666666666666 0.729375 0.7441666666666666 0.729375 0.745 0.726875 0.7424999999999999 0.7275 0.7416666666666667 0.7256250000000001 0.7458333333333333 0.723125 0.7458333333333333 0.72 0.7416666666666667 0.7175 0.745 0.71625 0.745 0.713125 0.725 0.703125 0.73 0.6993750000000001 0.7291666666666667 0.686875 0.7333333333333333 0.684375 0.7358333333333333 0.68875 0.7408333333333333 0.6893750000000001 0.7408333333333333 0.68 0.7375 0.6775 0.7366666666666666 0.670625 0.73 0.6612500000000001 0.73 0.6575 0.7233333333333334 0.6625 0.7191666666666666 0.6612500000000001 0.7166666666666667 0.6631250000000001 0.7008333333333333 0.6637500000000001 0.6883333333333332 0.669375 0.6533333333333333 0.6743750000000001 0.6366666666666666 0.6793750000000001 0.6183333333333334 0.6881250000000001 0.6133333333333333 0.6881250000000001 0.605 0.691875 0.5974999999999999 0.691875 0.5775 0.7 0.5716666666666667 0.6993750000000001 0.5675 0.701875 0.5566666666666666 0.703125 0.5483333333333333 0.7075 0.5391666666666667 0.7081250000000001 0.5208333333333333 0.715625 0.5083333333333333 0.715625 0.4833333333333333 0.7225 0.47333333333333333 0.729375 0.4666666666666667 0.7300000000000001 0.46333333333333326 0.7325 0.4625 0.735625 0.4666666666666667 0.743125
0 0.7578125 0.653125 0.00078125 0.003125
0 0.9078125 0.6921875 0.00078125 0.00078125
0 0.9208333333333334 0.69375 0.9283333333333333 0.6943750000000001 0.9366666666666668 0.68875 0.9308333333333334 0.681875 0.9308333333333334 0.6787500000000001 0.925 0.6743750000000001 0.9158333333333333 0.678125 0.9075 0.6775 0.9141666666666666 0.6975 0.9208333333333334 0.69375
0 0.8975 0.66875 0.9041666666666666 0.675 0.9016666666666666 0.671875 0.905 0.670625 0.9033333333333333 0.6675000000000001 0.8925000000000001 0.6625 0.8916666666666666 0.6675000000000001 0.8975 0.66875
0 0.7525 0.701875 0.7666666666666667 0.71125 0.7708333333333333 0.7256250000000001 0.7791666666666667 0.7275 0.7791666666666667 0.73125 0.775 0.73375 0.7741666666666667 0.743125 0.7683333333333333 0.744375 0.7649999999999999 0.7418750000000001 0.7608333333333334 0.7475 0.7616666666666666 0.7506250000000001 0.7666666666666667 0.753125 0.7616666666666666 0.758125 0.7641666666666667 0.76 0.7741666666666667 0.7550000000000001 0.7758333333333333 0.75125 0.7791666666666667 0.7518750000000001 0.7849999999999999 0.7475 0.7925 0.7518750000000001 0.7975 0.7506250000000001 0.8 0.7550000000000001 0.8066666666666666 0.7550000000000001 0.8074999999999999 0.7525000000000001 0.8208333333333334 0.744375 0.8316666666666667 0.7300000000000001 0.835 0.73125 0.8358333333333332 0.72875 0.8591666666666666 0.718125 0.8766666666666666 0.7143750000000001 0.8875 0.706875 0.8983333333333332 0.7025 0.8925000000000001 0.6943750000000001 0.8933333333333333 0.678125 0.8858333333333333 0.6768750000000001 0.89 0.6681250000000001 0.8783333333333333 0.6625 0.8775000000000001 0.6575 0.8800000000000001 0.65375 0.8766666666666666 0.65125 0.8658333333333333 0.65375 0.8591666666666666 0.6518750000000001 0.8558333333333333 0.65375 0.8558333333333333 0.6587500000000001 0.8591666666666666 0.6612500000000001 0.8558333333333333 0.66625 0.8508333333333333 0.661875 0.8416666666666666 0.661875 0.8391666666666666 0.655625 0.8433333333333334 0.655625 0.8433333333333334 0.65375 0.8375 0.654375 0.8341666666666667 0.6525000000000001 0.8300000000000001 0.655 0.8208333333333334 0.6475000000000001 0.8099999999999999 0.6475000000000001 0.8033333333333333 0.6431250000000001 0.7966666666666666 0.65 0.7958333333333333 0.655 0.7875 0.65625 0.7825 0.659375 0.775 0.6575 0.7608333333333334 0.66875 0.7558333333333334 0.67 0.7525 0.6787500000000001 0.7474999999999999 0.6837500000000001 0.7466666666666667 0.701875 0.7525 0.701875
0 0.8550000000000001 0.640625 0.8625 0.641875 0.8625 0.639375 0.8558333333333333 0.6368750000000001 0.8525 0.6368750000000001 0.8550000000000001 0.640625
0 0.5675 0.81875 0.5816666666666667 0.821875 0.5941666666666666 0.8300000000000001 0.5991666666666666 0.8293750000000001 0.6125 0.8331250000000001 0.6158333333333333 0.836875 0.6191666666666666 0.8356250000000001 0.625 0.8375 0.6275000000000001 0.840625 0.6558333333333334 0.8481250000000001 0.6558333333333334 0.8525 0.6583333333333333 0.85375 0.6608333333333334 0.8525 0.6616666666666666 0.8474999999999999 0.675 0.8425 0.6758333333333333 0.8243750000000001 0.6733333333333333 0.8175000000000001 0.6775 0.8106250000000002 0.7033333333333334 0.8 0.7108333333333333 0.79375 0.7233333333333334 0.79125 0.7308333333333333 0.7862500000000001 0.7375 0.775625 0.745 0.7725000000000001 0.7458333333333333 0.76875 0.7441666666666666 0.765625 0.74 0.765 0.7341666666666666 0.766875 0.73 0.77375 0.7216666666666667 0.775625 0.7125 0.774375 0.7075 0.77875 0.7108333333333333 0.7825 0.7058333333333333 0.786875 0.6625 0.80375 0.6541666666666667 0.8 0.6425 0.7993750000000001 0.6333333333333333 0.794375 0.6224999999999999 0.79375 0.61 0.79 0.6 0.7818750000000001 0.595 0.774375 0.5883333333333333 0.775625 0.5891666666666666 0.779375 0.5641666666666667 0.774375 0.5566666666666666 0.78125 0.5566666666666666 0.8081250000000001 0.5675 0.81875
0 0.4525 0.9956250000000001 0.45916666666666667 0.999375 0.58 0.999375 0.5808333333333333 0.9975000000000002 0.585 0.9975000000000002 0.5858333333333333 0.999375 0.6608333333333334 0.999375 0.6616666666666666 0.9631250000000001 0.6599999999999999 0.959375 0.6483333333333333 0.9525 0.65 0.9487500000000001 0.6316666666666666 0.965625 0.625 0.961875 0.62 0.961875 0.615 0.9650000000000001 0.6091666666666666 0.965625 0.5883333333333333 0.9825000000000002 0.5741666666666666 0.9875 0.5575 0.9875 0.5533333333333333 0.99 0.5366666666666666 0.993125 0.5191666666666667 0.9868750000000001 0.49749999999999994 0.984375 0.4883333333333333 0.978125 0.47000000000000003 0.9731250000000001 0.46333333333333326 0.96875 0.4575 0.9700000000000001 0.4575 0.975 0.4491666666666666 0.983125 0.4491666666666666 0.999375 0.4525 0.9956250000000001
0 0.59140625 0.8203125 0.00078125 0.0015625
0 0.8416666666666666 0.700625 0.8408333333333333 0.695625 0.8375 0.6943750000000001 0.8375 0.698125 0.8416666666666666 0.700625
0 0.35833333333333334 0.8143750000000001 0.37 0.818125 0.38 0.825 0.39583333333333337 0.8275 0.40750000000000003 0.8375 0.4291666666666667 0.8425 0.45916666666666667 0.8412499999999999 0.4666666666666667 0.8331250000000001 0.49416666666666664 0.825 0.51 0.813125 0.5208333333333333 0.8099999999999999 0.5325 0.803125 0.5316666666666666 0.8 0.5358333333333334 0.798125 0.5391666666666667 0.790625 0.5333333333333333 0.7825 0.5291666666666667 0.7825 0.5225 0.775 0.5133333333333333 0.7731250000000001 0.5058333333333334 0.766875 0.4833333333333333 0.760625 0.4658333333333333 0.75125 0.44749999999999995 0.7462500000000001 0.44000000000000006 0.748125 0.43499999999999994 0.7525000000000001 0.43166666666666664 0.7506250000000001 0.425 0.75125 0.41833333333333333 0.75625 0.4083333333333333 0.7550000000000001 0.39916666666666667 0.7612500000000001 0.3875 0.763125 0.38333333333333336 0.7681250000000001 0.37416666666666665 0.7662500000000001 0.36583333333333334 0.7681250000000001 0.3525 0.7837500000000001 0.35416666666666663 0.8075000000000001 0.35833333333333334 0.8143750000000001
0 0.49416666666666664 0.1925 0.4925 0.23000000000000004 0.495 0.236875 0.49333333333333335 0.25125000000000003 0.4966666666666667 0.25875000000000004 0.5041666666666667 0.261875 0.5116666666666666 0.261875 0.5258333333333333 0.27 0.53 0.26812500000000006 0.5325 0.27125000000000005 0.5391666666666667 0.27125000000000005 0.545 0.27375000000000005 0.6058333333333333 0.27437500000000004 0.6291666666666667 0.2775 0.64 0.28125 0.6433333333333333 0.28500000000000003 0.6433333333333333 0.29000000000000004 0.6441666666666667 0.28625 0.6491666666666667 0.288125 0.6575 0.28625 0.6666666666666667 0.28 0.6641666666666667 0.275 0.6683333333333333 0.2725 0.6683333333333333 0.26125000000000004 0.6725 0.25562500000000005 0.6708333333333333 0.244375 0.675 0.238125 0.6725 0.23374999999999999 0.6766666666666666 0.22375000000000003 0.675 0.19937500000000002 0.6799999999999999 0.18875000000000003 0.6799999999999999 0.17750000000000002 0.6833333333333333 0.16875 0.6808333333333334 0.15875 0.6758333333333333 0.154375 0.6783333333333333 0.15250000000000002 0.6775 0.149375 0.6533333333333333 0.14250000000000002 0.6391666666666667 0.14187500000000003 0.62 0.135 0.6133333333333333 0.13687500000000002 0.6016666666666667 0.135 0.5650000000000001 0.11937500000000001 0.5591666666666667 0.12000000000000002 0.5008333333333332 0.10562500000000001 0.49000000000000005 0.11187500000000002 0.49000000000000005 0.17875000000000002 0.49416666666666664 0.1925
0 0.36583333333333334 0.9631250000000001 0.3683333333333333 0.9712500000000001 0.36666666666666664 0.98375 0.37 0.99 0.36916666666666664 0.999375 0.38166666666666665 0.999375 0.38249999999999995 0.9975000000000002 0.38666666666666666 0.999375 0.39 0.996875 0.3933333333333333 0.999375 0.44333333333333336 0.999375 0.45 0.9700000000000001 0.43916666666666665 0.95375 0.42833333333333334 0.9550000000000001 0.425 0.959375 0.4141666666666667 0.9606250000000001 0.39166666666666666 0.94375 0.3775 0.9393750000000001 0.3683333333333333 0.940625 0.36583333333333334 0.9418750000000001 0.36583333333333334 0.9631250000000001
0 0.9991666666666668 0.9662500000000002 0.9958333333333333 0.9643750000000001 0.9991666666666668 0.961875 0.9908333333333333 0.9575000000000001 0.9908333333333333 0.9625 0.9991666666666668 0.9662500000000002
0 0.97 0.8856250000000001 0.97 0.9025000000000001 0.9741666666666667 0.9099999999999999 0.9733333333333333 0.9412499999999999 0.9783333333333333 0.9450000000000001 0.9875 0.9450000000000001 0.9941666666666666 0.953125 0.9991666666666668 0.9525 0.9991666666666668 0.8918750000000001 0.9941666666666666 0.8881249999999999 0.9866666666666667 0.8868750000000001 0.9791666666666666 0.8731250000000002 0.9733333333333333 0.8700000000000001 0.9733333333333333 0.8793750000000001 0.97 0.8856250000000001
0 0.8908333333333334 0.89125 0.8966666666666667 0.8825000000000001 0.9 0.8856250000000001 0.9058333333333334 0.88375 0.9108333333333333 0.8731250000000002 0.925 0.865 0.9291666666666666 0.85875 0.9358333333333333 0.8568749999999999 0.9391666666666666 0.86 0.9525 0.85625 0.9608333333333332 0.8575000000000002 0.9641666666666666 0.8556250000000001 0.97 0.838125 0.9650000000000001 0.8025 0.9591666666666667 0.8025 0.9216666666666666 0.815625 0.9125 0.821875 0.9083333333333334 0.82875 0.8941666666666667 0.8318749999999999 0.8866666666666667 0.838125 0.8866666666666667 0.8856250000000001 0.8908333333333334 0.89125
0 0.6783333333333333 0.938125 0.6966666666666667 0.9375 0.7024999999999999 0.9337500000000001 0.71 0.936875 0.7175 0.9349999999999999 0.7316666666666667 0.94375 0.7483333333333333 0.9487500000000001 0.755 0.9550000000000001 0.7608333333333334 0.9550000000000001 0.7716666666666667 0.959375 0.7758333333333333 0.9631250000000001 0.7758333333333333 0.9668750000000002 0.8 0.968125 0.8266666666666665 0.9606250000000001 0.8283333333333334 0.9568749999999999 0.8341666666666667 0.9550000000000001 0.845 0.94625 0.8516666666666666 0.9475 0.8516666666666666 0.9425000000000001 0.8591666666666666 0.9337500000000001 0.8741666666666668 0.93625 0.8783333333333333 0.9349999999999999 0.8825 0.9200000000000002 0.8825 0.890625 0.8800000000000001 0.8856250000000001 0.8733333333333333 0.885 0.8516666666666666 0.896875 0.8416666666666666 0.9 0.8216666666666667 0.9112500000000001 0.8150000000000001 0.91875 0.8091666666666667 0.9193749999999999 0.8033333333333333 0.9231250000000001 0.7883333333333333 0.9243750000000001 0.7791666666666667 0.914375 0.7758333333333333 0.915 0.7641666666666667 0.9087500000000001 0.755 0.9081250000000001 0.75 0.905 0.7424999999999999 0.905 0.7166666666666667 0.8956250000000001 0.7108333333333333 0.89625 0.7041666666666667 0.9 0.6975 0.89875 0.6758333333333333 0.914375 0.6741666666666666 0.9337500000000001 0.6783333333333333 0.938125
0 0.3591666666666667 0.9112500000000001 0.36416666666666664 0.9231250000000001 0.36333333333333334 0.946875 0.36916666666666664 0.9731250000000001 0.37916666666666665 0.9737500000000001 0.38166666666666665 0.9775 0.39249999999999996 0.98375 0.3908333333333333 0.9856250000000001 0.38333333333333336 0.984375 0.3933333333333333 0.9943750000000001 0.39583333333333337 0.9875 0.40083333333333326 0.98375 0.40750000000000003 0.9912500000000002 0.4116666666666666 0.9912500000000002 0.41583333333333333 0.9881250000000001 0.4175 0.9950000000000001 0.41833333333333333 0.9912500000000002 0.425 0.9962500000000001 0.4416666666666667 0.9950000000000001 0.43916666666666665 0.99 0.4416666666666667 0.983125 0.44749999999999995 0.9775 0.44833333333333336 0.9662500000000002 0.4408333333333333 0.95 0.44333333333333336 0.928125 0.43916666666666665 0.921875 0.4383333333333333 0.915 0.43499999999999994 0.913125 0.42833333333333334 0.92125 0.42416666666666664 0.91625 0.4216666666666667 0.915 0.4175 0.9168750000000001 0.4166666666666667 0.911875 0.4116666666666666 0.9112500000000001 0.4166666666666667 0.9087500000000001 0.41500000000000004 0.9075000000000001 0.41 0.911875 0.4041666666666667 0.9099999999999999 0.38666666666666666 0.9112500000000001 0.3808333333333333 0.9075000000000001 0.38333333333333336 0.900625 0.38 0.8981250000000001 0.3716666666666667 0.8975 0.36583333333333334 0.89125 0.3625 0.8918750000000001 0.3591666666666667 0.89375 0.3591666666666667 0.9112500000000001