0 0.31171875 0.993127147766323 0.36328125 0.993127147766323 0.36640625 0.9862542955326461 0.36640625 0.9776632302405499 0.36171875 0.9759450171821307 0.35234375 0.9553264604810998 0.34140625 0.9518900343642611 0.3390625 0.9467353951890034 0.33984375 0.936426116838488 0.328125 0.9158075601374571 0.28671875 0.9140893470790379 0.28359375 0.9209621993127148 0.28203125 0.9140893470790379 0.2796875 0.9381443298969072 0.26953125 0.9312714776632303 0.26953125 0.9398625429553265 0.31171875 0.993127147766323
0 0.3421875 0.9810996563573884 0.33828125 0.9776632302405499 0.334375 0.9793814432989691 0.3421875 0.9810996563573884
0 0.35546875 0.9862542955326461 0.35703125 0.9793814432989691 0.35234375 0.9759450171821307 0.35 0.9793814432989691 0.35546875 0.9862542955326461
0 0.26640625 0.9347079037800687 0.309375 0.9879725085910653 0.3171875 0.9879725085910653 0.32421875 0.9810996563573884 0.32734375 0.9621993127147768 0.3328125 0.9621993127147768 0.3375 0.9690721649484537 0.34609375 0.9621993127147768 0.32578125 0.957044673539519 0.32578125 0.9518900343642611 0.33203125 0.9432989690721649 0.33359375 0.9278350515463918 0.33203125 0.9209621993127148 0.325 0.9140893470790379 0.2796875 0.9158075601374571 0.27578125 0.9261168384879725 0.26640625 0.9347079037800687
0 0.38359375 0.6340206185567011 0.45234375 0.6185567010309279 0.453125 0.5945017182130584 0.4484375 0.5584192439862543 0.453125 0.5017182130584193 0.4515625 0.47594501718213056 0.43515625 0.4742268041237113 0.38828125 0.49312714776632305 0.38359375 0.5103092783505155 0.3765625 0.5618556701030928 0.37578125 0.6082474226804124 0.38359375 0.6340206185567011
0 0.49296875 0.7491408934707905 0.49375 0.7680412371134021 0.50390625 0.7920962199312716 0.51484375 0.7920962199312716 0.52578125 0.7835051546391754 0.55078125 0.7852233676975946 0.55234375 0.7783505154639176 0.5609375 0.7835051546391754 0.5609375 0.7766323024054984 0.55546875 0.7680412371134021 0.55859375 0.7611683848797252 0.55390625 0.7302405498281788 0.53671875 0.725085910652921 0.53671875 0.7147766323024055 0.509375 0.7164948453608248 0.503125 0.7233676975945018 0.5046875 0.7336769759450172 0.50234375 0.738831615120275 0.490625 0.7268041237113403 0.4875 0.7353951890034365 0.49296875 0.7491408934707905
0 0.54296875 0.6546391752577321 0.5375 0.6494845360824744 0.53515625 0.6512027491408936 0.54296875 0.6546391752577321
0 0.47734375 0.6958762886597938 0.48046875 0.7079037800687286 0.48984375 0.7233676975945018 0.50546875 0.718213058419244 0.51484375 0.7216494845360826 0.51875 0.7130584192439863 0.54140625 0.711340206185567 0.5484375 0.7044673539518901 0.54453125 0.6580756013745706 0.53671875 0.6426116838487973 0.5 0.6494845360824744 0.475 0.661512027491409 0.47265625 0.668384879725086 0.47734375 0.6958762886597938
0 0.23359375 0.8917525773195877 0.2578125 0.9278350515463918 0.28671875 0.9553264604810998 0.30390625 0.9793814432989691 0.30859375 0.9656357388316152 0.303125 0.9536082474226806 0.3046875 0.9381443298969072 0.3125 0.9381443298969072 0.315625 0.9329896907216495 0.32734375 0.9381443298969072 0.33203125 0.9278350515463918 0.32734375 0.9140893470790379 0.3203125 0.9106529209621994 0.31796875 0.8934707903780069 0.3015625 0.8745704467353953 0.29296875 0.8505154639175257 0.29140625 0.8556701030927837 0.28984375 0.8505154639175257 0.2875 0.8642611683848799 0.2765625 0.8694158075601376 0.275 0.8659793814432991 0.27109375 0.8728522336769761 0.24375 0.879725085910653 0.2328125 0.8900343642611684 0.22734375 0.8814432989690723 0.22734375 0.8883161512027492 0.23359375 0.8917525773195877
0 0.27578125 0.8298969072164949 0.284375 0.8384879725085911 0.2859375 0.8247422680412372 0.2828125 0.8213058419243987 0.290625 0.816151202749141 0.2859375 0.8075601374570448 0.278125 0.8178694158075602 0.275 0.8230240549828179 0.27578125 0.8298969072164949
0 0.30234375 0.7989690721649485 0.296875 0.79553264604811 0.29609375 0.8006872852233677 0.30234375 0.7989690721649485
0 0.2671875 0.7938144329896908 0.27578125 0.8058419243986255 0.271875 0.8178694158075602 0.28046875 0.8109965635738833 0.26875 0.7869415807560138 0.26484375 0.79553264604811 0.265625 0.8058419243986255 0.2671875 0.7938144329896908
0 0.284375 0.6993127147766324 0.28203125 0.6993127147766324 0.2828125 0.7096219931271478 0.284375 0.6993127147766324
0 0.26796875 0.7371134020618557 0.26796875 0.7749140893470792 0.2609375 0.7989690721649485 0.2625 0.809278350515464 0.2671875 0.816151202749141 0.2640625 0.8213058419243987 0.271875 0.8316151202749141 0.26953125 0.8367697594501718 0.259375 0.8367697594501718 0.2484375 0.845360824742268 0.22578125 0.845360824742268 0.2203125 0.8573883161512029 0.2125 0.8625429553264606 0.215625 0.8762886597938145 0.22265625 0.8780068728522338 0.2265625 0.8900343642611684 0.246875 0.9106529209621994 0.2546875 0.8934707903780069 0.24609375 0.8917525773195877 0.24375 0.88659793814433 0.25078125 0.8780068728522338 0.26484375 0.8728522336769761 0.27578125 0.8762886597938145 0.29296875 0.8676975945017184 0.28671875 0.845360824742268 0.271875 0.8195876288659795 0.2703125 0.809278350515464 0.271875 0.7646048109965636 0.27578125 0.752577319587629 0.27421875 0.7353951890034365 0.284375 0.7079037800687286 0.28359375 0.6993127147766324 0.28046875 0.6975945017182131 0.27890625 0.711340206185567 0.26796875 0.7371134020618557
0 0.2859375 0.6718213058419245 0.2890625 0.6735395189003437 0.2890625 0.6649484536082475 0.29296875 0.6580756013745706 0.2890625 0.6529209621993128 0.28671875 0.6597938144329898 0.28828125 0.6666666666666667 0.2859375 0.6718213058419245
0 0.334375 0.9484536082474226 0.3390625 0.9467353951890034 0.340625 0.9381443298969072 0.33828125 0.936426116838488 0.33125 0.9432989690721649 0.334375 0.9484536082474226
0 0.3359375 0.9054982817869417 0.33828125 0.8934707903780069 0.33046875 0.8969072164948454 0.3359375 0.9054982817869417
0 0.34296875 0.9209621993127148 0.3453125 0.9261168384879725 0.34296875 0.9432989690721649 0.3484375 0.9518900343642611 0.35703125 0.9536082474226806 0.3578125 0.9656357388316152 0.3625 0.9759450171821307 0.35546875 0.9845360824742269 0.33828125 0.9810996563573884 0.31640625 0.993127147766323 0.3314734375 0.9948453608247423 0.33515625 0.9896907216494846 0.3357140625 0.9948453608247423 0.34419609375000004 0.9948453608247423 0.3453125 0.9862542955326461 0.3484375 0.9879725085910653 0.3484375 0.9948453608247423 0.440625 0.993127147766323 0.4375 0.9793814432989691 0.43203125 0.9725085910652922 0.4328125 0.9656357388316152 0.425 0.9553264604810998 0.43203125 0.9381443298969072 0.428125 0.9398625429553265 0.42734375 0.9312714776632303 0.425 0.936426116838488 0.4234375 0.9312714776632303 0.4140625 0.929553264604811 0.41484375 0.9243986254295533 0.403125 0.9037800687285223 0.40234375 0.8951890034364262 0.39375 0.88659793814433 0.38203125 0.8883161512027492 0.378125 0.8951890034364262 0.359375 0.9054982817869417 0.353125 0.9037800687285223 0.3484375 0.9192439862542956 0.33828125 0.9209621993127148 0.33828125 0.9278350515463918 0.34296875 0.9209621993127148
0 0.3875 0.88046875 0.0015625 0.0015625
0 0.29453125 0.9329896907216495 0.2875 0.9175257731958764 0.284375 0.9175257731958764 0.29375 0.9398625429553265 0.2875 0.9518900343642611 0.2875 0.9587628865979383 0.28984375 0.957044673539519 0.28984375 0.963917525773196 0.3 0.9793814432989691 0.31484375 0.9948453608247423 0.3671875 0.9914089347079038 0.3671875 0.9759450171821307 0.359375 0.9690721649484537 0.3515625 0.9501718213058419 0.3421875 0.9484536082474226 0.34140625 0.9381443298969072 0.33515625 0.9312714776632303 0.33203125 0.9209621993127148 0.315625 0.9158075601374571 0.29609375 0.9192439862542956 0.29453125 0.9329896907216495
0 0.5296875 0.32817869415807566 0.58828125 0.30584192439862545 0.58203125 0.2714776632302406 0.58359375 0.2680412371134021 0.58046875 0.25945017182130586 0.578125 0.2302405498281787 0.56015625 0.23195876288659795 0.53203125 0.24398625429553267 0.52734375 0.2508591065292097 0.52578125 0.3075601374570447 0.5296875 0.32817869415807566
0 0.46015625 0.3539518900343643 0.46328125 0.35738831615120276 0.4921875 0.3436426116838488 0.51796875 0.3384879725085911 0.52109375 0.32817869415807566 0.52109375 0.26460481099656363 0.51875 0.2560137457044674 0.46796875 0.27491408934707906 0.4625 0.29381443298969073 0.45859375 0.3436426116838488 0.46015625 0.3539518900343643
0 0.6203125 0.7680412371134021 0.615625 0.7577319587628867 0.6140625 0.7646048109965636 0.6203125 0.7680412371134021
0 0.55390625 0.6735395189003437 0.5484375 0.6786941580756014 0.5515625 0.6975945017182131 0.5515625 0.7302405498281788 0.56328125 0.7542955326460482 0.559375 0.7886597938144331 0.5625 0.7972508591065293 0.56171875 0.8058419243986255 0.5671875 0.8195876288659795 0.57578125 0.8075601374570448 0.578125 0.809278350515464 0.57421875 0.7989690721649485 0.575 0.7938144329896908 0.59140625 0.7869415807560138 0.59453125 0.7817869415807561 0.5953125 0.7714776632302407 0.6046875 0.7680412371134021 0.60859375 0.7611683848797252 0.603125 0.752577319587629 0.584375 0.7594501718213059 0.58125 0.7508591065292097 0.58984375 0.7302405498281788 0.59921875 0.7233676975945018 0.60234375 0.7336769759450172 0.6140625 0.7336769759450172 0.61484375 0.7439862542955327 0.61953125 0.7439862542955327 0.61640625 0.7371134020618557 0.6234375 0.7199312714776632 0.6203125 0.7130584192439863 0.61640625 0.7130584192439863 0.61953125 0.6975945017182131 0.62265625 0.6941580756013745 0.62265625 0.6855670103092784 0.61875 0.6786941580756014 0.62109375 0.6718213058419245 0.61953125 0.6649484536082475 0.615625 0.6597938144329898 0.60546875 0.6649484536082475 0.5890625 0.6632302405498283 0.58046875 0.6735395189003437 0.5796875 0.6666666666666667 0.578125 0.6769759450171822 0.56953125 0.6786941580756014 0.55546875 0.6752577319587629 0.55625 0.6580756013745706 0.565625 0.6512027491408936 0.553125 0.6529209621993128 0.55 0.661512027491409 0.5546875 0.6649484536082475 0.55390625 0.6735395189003437
0 0.24453125 0.9106529209621994 0.296875 0.8917525773195877 0.303125 0.8831615120274915 0.3015625 0.8745704467353953 0.2953125 0.8694158075601376 0.22578125 0.879725085910653 0.2265625 0.8900343642611684 0.24453125 0.9106529209621994
0 0.26875 0.7972508591065293 0.26875 0.7663230240549829 0.26484375 0.8006872852233677 0.26875 0.7972508591065293
0 0.2828125 0.7130584192439863 0.284375 0.7096219931271478 0.28125 0.6993127147766324 0.284375 0.6975945017182131 0.28203125 0.6907216494845361 0.27890625 0.7079037800687286 0.2828125 0.7130584192439863
0 0.290625 0.6597938144329898 0.2890625 0.6563573883161513 0.28828125 0.6649484536082475 0.290625 0.6597938144329898
0 0.853125 0.26975945017182135 0.8609375 0.281786941580756 0.8609375 0.29553264604810997 0.86484375 0.30068728522336774 0.90546875 0.29553264604810997 0.9109375 0.2852233676975945 0.9046875 0.2611683848797251 0.896875 0.24742268041237114 0.8546875 0.2560137457044674 0.85234375 0.2611683848797251 0.853125 0.26975945017182135
0 0.56015625 0.7542955326460482 0.5609375 0.7886597938144331 0.57109375 0.8470790378006873 0.578125 0.8487972508591065 0.58046875 0.8419243986254296 0.58515625 0.8470790378006873 0.5828125 0.8316151202749141 0.57890625 0.8264604810996564 0.59453125 0.8127147766323025 0.6 0.8264604810996564 0.603125 0.8230240549828179 0.6109375 0.8316151202749141 0.6125 0.8384879725085911 0.61328125 0.8333333333333334 0.61875 0.8333333333333334 0.62578125 0.8230240549828179 0.6234375 0.816151202749141 0.6265625 0.8058419243986255 0.6265625 0.7164948453608248 0.62265625 0.7027491408934708 0.5921875 0.7027491408934708 0.55625 0.7164948453608248 0.5546875 0.7285223367697595 0.56015625 0.7542955326460482
0 0.56328125 0.7147766323024055 0.5683498475609756 0.7115916519989942 0.56640625 0.7044673539518901 0.55390625 0.6993127147766324 0.55234375 0.7096219931271478 0.55859375 0.7233676975945018 0.56171875 0.7233676975945018 0.56328125 0.7147766323024055
0 0.59765625 0.7027491408934708 0.5984375 0.6975945017182131 0.60234375 0.7010309278350516 0.5984375 0.6907216494845361 0.59453125 0.6890034364261168 0.59453125 0.7027491408934708 0.59765625 0.7027491408934708
0 0.590625 0.6890034364261168 0.58828125 0.6855670103092784 0.5875 0.6890034364261168 0.590625 0.6890034364261168
0 0.59140625 0.66953125 0.0015625 0.0015625
0 0.60859375 0.668384879725086 0.61015625 0.661512027491409 0.60703125 0.6597938144329898 0.603125 0.6632302405498283 0.60859375 0.668384879725086
0 0.59375 0.6580756013745706 0.59140625 0.6546391752577321 0.58984375 0.6563573883161513 0.59375 0.6580756013745706
0 0.55 0.6580756013745706 0.5484375 0.6821305841924399 0.55 0.6924398625429553 0.55390625 0.6958762886597938 0.5625 0.6769759450171822 0.56484375 0.6786941580756014 0.55625 0.6580756013745706 0.56015625 0.6512027491408936 0.5703125 0.6512027491408936 0.5875 0.6408934707903781 0.61015625 0.6426116838487973 0.61796875 0.6357388316151203 0.6234375 0.6185567010309279 0.615625 0.5910652920962199 0.55390625 0.6099656357388317 0.5453125 0.6185567010309279 0.54453125 0.6271477663230242 0.54375 0.6408934707903781 0.55 0.6580756013745706
0 0.42890625 0.8969072164948454 0.4296875 0.8934707903780069 0.4265625 0.8917525773195877 0.425 0.8969072164948454 0.42890625 0.8969072164948454
0 0.446875 0.9106529209621994 0.45546875 0.9278350515463918 0.44921875 0.936426116838488 0.44765625 0.9450171821305842 0.45234375 0.9467353951890034 0.4515625 0.9518900343642611 0.45390625 0.9553264604810998 0.434375 0.9810996563573884 0.4421875 0.9742268041237114 0.440625 0.9862542955326461 0.44453125 0.993127147766323 0.5125 0.993127147766323 0.51171875 0.9518900343642611 0.509375 0.9415807560137457 0.509375 0.879725085910653 0.50625 0.8728522336769761 0.509375 0.8642611683848799 0.5078125 0.8436426116838488 0.50078125 0.8230240549828179 0.4921875 0.8247422680412372 0.4890625 0.8384879725085911 0.48359375 0.8402061855670103 0.48046875 0.8487972508591065 0.4859375 0.8694158075601376 0.48203125 0.8762886597938145 0.48125 0.88659793814433 0.46953125 0.88659793814433 0.459375 0.8951890034364262 0.459375 0.9003436426116839 0.45703125 0.8900343642611684 0.4515625 0.8900343642611684 0.45078125 0.8986254295532646 0.44609375 0.8900343642611684 0.4453125 0.8934707903780069 0.45 0.9037800687285223 0.446875 0.9106529209621994
0 0.484375 0.7680412371134021 0.48046875 0.7646048109965636 0.48046875 0.7697594501718215 0.484375 0.7680412371134021
0 0.31328125 0.803125 0.0015625 0.0015625
0 0.35234375 0.6907216494845361 0.35625 0.6855670103092784 0.35234375 0.6838487972508591 0.35234375 0.6907216494845361
0 0.3546875 0.6563573883161513 0.35546875 0.6718213058419245 0.35859375 0.6786941580756014 0.3625 0.6752577319587629 0.37109375 0.6872852233676976 0.37109375 0.6924398625429553 0.359375 0.7044673539518901 0.35703125 0.7147766323024055 0.3515625 0.7164948453608248 0.3484375 0.711340206185567 0.34765625 0.7233676975945018 0.35078125 0.7268041237113403 0.34375 0.7336769759450172 0.346875 0.7439862542955327 0.340625 0.7611683848797252 0.340625 0.7852233676975946 0.35 0.8058419243986255 0.34609375 0.8109965635738833 0.346875 0.8195876288659795 0.33828125 0.8213058419243987 0.340625 0.8109965635738833 0.3390625 0.816151202749141 0.334375 0.8109965635738833 0.31953125 0.8109965635738833 0.31640625 0.8144329896907218 0.31640625 0.8213058419243987 0.30703125 0.8264604810996564 0.28359375 0.8247422680412372 0.29140625 0.8264604810996564 0.2875 0.8333333333333334 0.2890625 0.8419243986254296 0.29453125 0.8487972508591065 0.29609375 0.8573883161512029 0.30390625 0.8591065292096222 0.30625 0.8780068728522338 0.31953125 0.8883161512027492 0.32578125 0.9072164948453609 0.334375 0.9158075601374571 0.3453125 0.9123711340206186 0.34453125 0.9209621993127148 0.34765625 0.9072164948453609 0.3859375 0.88659793814433 0.36484375 0.8144329896907218 0.3703125 0.7886597938144331 0.3796875 0.711340206185567 0.3796875 0.6941580756013745 0.37578125 0.6786941580756014 0.37890625 0.668384879725086 0.378125 0.6546391752577321 0.37578125 0.6426116838487973 0.36953125 0.6374570446735396 0.3609375 0.6408934707903781 0.3609375 0.6494845360824744 0.3546875 0.6563573883161513
0 0.325 0.6426116838487973 0.32421875 0.6374570446735396 0.32265625 0.6408934707903781 0.325 0.6426116838487973
0 0.33515625 0.6374570446735396 0.334375 0.6340206185567011 0.3328125 0.6357388316151203 0.33515625 0.6374570446735396
0 0.35390625 0.6305841924398626 0.35078125 0.6288659793814434 0.3484375 0.6374570446735396 0.35390625 0.6305841924398626
0 0.66875 0.67421875 0.00234375 0.0015625
0 0.6328125 0.8367697594501718 0.64609375 0.8384879725085911 0.6921875 0.8247422680412372 0.7015625 0.7268041237113403 0.70078125 0.7061855670103093 0.703125 0.6872852233676976 0.69921875 0.6804123711340206 0.70390625 0.6752577319587629 0.69765625 0.6701030927835052 0.703125 0.6623711340206186 0.703125 0.6529209621993128 0.698828125 0.6529209621993128 0.69765625 0.661512027491409 0.69375 0.6597938144329898 0.69453125 0.6529209621993128 0.690625 0.661512027491409 0.690234375 0.6529209621993128 0.66875 0.6563573883161513 0.6671875 0.6580756013745706 0.66953125 0.668384879725086 0.67578125 0.6735395189003437 0.67734375 0.6838487972508591 0.66328125 0.6804123711340206 0.65703125 0.6924398625429553 0.65703125 0.6804123711340206 0.65546875 0.6890034364261168 0.653125 0.6872852233676976 0.65703125 0.6993127147766324 0.65546875 0.7079037800687286 0.646875 0.711340206185567 0.6328125 0.7044673539518901 0.63046875 0.7061855670103093 0.6296875 0.7164948453608248 0.62890625 0.7835051546391754 0.6328125 0.8367697594501718
0 0.24375 0.9106529209621994 0.27109375 0.8986254295532646 0.29609375 0.8951890034364262 0.30546875 0.88659793814433 0.30078125 0.8728522336769761 0.29140625 0.8659793814432991 0.240625 0.8728522336769761 0.22578125 0.879725085910653 0.2265625 0.8900343642611684 0.24375 0.9106529209621994
0 0.26875 0.8109965635738833 0.27265625 0.7749140893470792 0.27265625 0.7680412371134021 0.26875 0.7663230240549829 0.26328125 0.7989690721649485 0.26875 0.8109965635738833
0 0.26875 0.7542955326460482 0.271875 0.7508591065292097 0.27421875 0.7560137457044674 0.27890625 0.7405498281786942 0.278125 0.7233676975945018 0.2859375 0.7079037800687286 0.28671875 0.6838487972508591 0.278125 0.6958762886597938 0.278125 0.7096219931271478 0.2703125 0.738831615120275 0.271875 0.7439862542955327 0.26875 0.7542955326460482
0 0.2890625 0.6821305841924399 0.29375 0.6563573883161513 0.2890625 0.6512027491408936 0.284375 0.6632302405498283 0.2828125 0.6752577319587629 0.2890625 0.6821305841924399
0 0.58984375 0.281786941580756 0.5921875 0.2972508591065292 0.596875 0.30584192439862545 0.66171875 0.2800687285223368 0.65625 0.23711340206185566 0.64765625 0.20790378006872853 0.61328125 0.21821305841924402 0.58828125 0.23367697594501718 0.58671875 0.24742268041237114 0.58984375 0.281786941580756
0 0.503125 0.809278350515464 0.51015625 0.8316151202749141 0.51171875 0.8505154639175257 0.515625 0.8556701030927837 0.53828125 0.8487972508591065 0.53984375 0.8436426116838488 0.54296875 0.8470790378006873 0.54453125 0.8384879725085911 0.5484375 0.8384879725085911 0.54921875 0.845360824742268 0.565625 0.8419243986254296 0.5625 0.7938144329896908 0.56015625 0.7766323024054984 0.55625 0.7680412371134021 0.54375 0.7680412371134021 0.54140625 0.7766323024054984 0.53828125 0.7697594501718215 0.52890625 0.7697594501718215 0.52421875 0.7783505154639176 0.52109375 0.7731958762886599 0.50234375 0.7783505154639176 0.50078125 0.79553264604811 0.503125 0.809278350515464
0 0.35859375 0.9587628865979383 0.365625 0.9484536082474226 0.35546875 0.9381443298969072 0.35078125 0.9398625429553265 0.346875 0.9484536082474226 0.35859375 0.9587628865979383
0 0.2796875 0.8230240549828179 0.29296875 0.8556701030927837 0.30234375 0.8591065292096222 0.30625 0.879725085910653 0.31328125 0.8848797250859107 0.32265625 0.9072164948453609 0.33515625 0.9192439862542956 0.3375 0.9278350515463918 0.3453125 0.9329896907216495 0.3484375 0.9261168384879725 0.3515625 0.9278350515463918 0.3609375 0.9054982817869417 0.38515625 0.8917525773195877 0.38671875 0.8780068728522338 0.37578125 0.8539518900343642 0.365625 0.8144329896907218 0.37578125 0.7439862542955327 0.375 0.7268041237113403 0.37890625 0.6975945017182131 0.37109375 0.6975945017182131 0.36484375 0.7079037800687286 0.365625 0.7336769759450172 0.36015625 0.7542955326460482 0.359375 0.7766323024054984 0.353125 0.7869415807560138 0.34375 0.7817869415807561 0.3390625 0.7852233676975946 0.34453125 0.7903780068728523 0.34609375 0.802405498281787 0.32265625 0.79553264604811 0.3 0.8041237113402062 0.296875 0.8144329896907218 0.2859375 0.8127147766323025 0.284375 0.8213058419243987 0.2796875 0.8230240549828179
0 0.37421875 0.6580756013745706 0.37421875 0.6529209621993128 0.37109375 0.6529209621993128 0.3703125 0.6580756013745706 0.37421875 0.6580756013745706
0 0.3171875 0.82421875 0.00234375 0.0015625
0 0.36484375 0.7783505154639176 0.3640625 0.8006872852233677 0.359375 0.809278350515464 0.36484375 0.8178694158075602 0.36328125 0.8213058419243987 0.3453125 0.8247422680412372 0.34765625 0.8333333333333334 0.34375 0.8350515463917526 0.33984375 0.8350515463917526 0.340625 0.8247422680412372 0.3375 0.8316151202749141 0.33671875 0.8470790378006873 0.32421875 0.8419243986254296 0.30703125 0.8591065292096222 0.31015625 0.8642611683848799 0.3140625 0.8573883161512029 0.32265625 0.8728522336769761 0.31875 0.8934707903780069 0.32421875 0.9072164948453609 0.33203125 0.9123711340206186 0.33828125 0.9312714776632303 0.3375 0.9398625429553265 0.33046875 0.9415807560137457 0.33125 0.9518900343642611 0.35078125 0.9536082474226806 0.36171875 0.9759450171821307 0.3578125 0.9845360824742269 0.31953125 0.993127147766323 0.32109375 0.9948453608247423 0.343125 0.9948453608247423 0.34296875 0.9879725085910653 0.34765625 0.9948453608247423 0.3515625 0.9896907216494846 0.35546875 0.9896907216494846 0.35625 0.9948453608247423 0.369140625 0.9948453608247423 0.37109375 0.9896907216494846 0.3734375 0.9948453608247423 0.38203125 0.9948453608247423 0.38359375 0.993127147766323 0.3703125 0.9845360824742269 0.38125 0.9673539518900345 0.3875 0.9690721649484537 0.3875 0.9587628865979383 0.38359375 0.9518900343642611 0.38671875 0.9450171821305842 0.41015625 0.9467353951890034 0.4140625 0.9381443298969072 0.4109375 0.9243986254295533 0.4046875 0.9175257731958764 0.403125 0.9020618556701031 0.3953125 0.8917525773195877 0.38828125 0.8728522336769761 0.3828125 0.8694158075601376 0.3828125 0.8625429553264606 0.3734375 0.8436426116838488 0.3703125 0.8230240549828179 0.36640625 0.8178694158075602 0.36953125 0.8109965635738833 0.3703125 0.7783505154639176 0.3734375 0.7611683848797252 0.36875 0.7646048109965636 0.36640625 0.7594501718213059 0.36953125 0.7766323024054984 0.36484375 0.7783505154639176
0 0.375 0.7422680412371134 0.375 0.7353951890034365 0.37265625 0.7336769759450172 0.371875 0.7405498281786942 0.375 0.7422680412371134
0 0.3765625 0.7096219931271478 0.37265625 0.7061855670103093 0.371875 0.7130584192439863 0.3765625 0.7096219931271478
0 0.50859375 0.9948453608247423 0.5109375 0.9862542955326461 0.5078125 0.9828178694158076 0.50546875 0.993127147766323 0.4890625 0.9896907216494846 0.48828125 0.993127147766323 0.50859375 0.9948453608247423
0 0.46328125 0.9914089347079038 0.471875 0.9793814432989691 0.45625 0.9810996563573884 0.4546875 0.9828178694158076 0.46328125 0.9914089347079038
0 0.4296875 0.6666666666666667 0.428125 0.6563573883161513 0.42734375 0.6666666666666667 0.4296875 0.6666666666666667
0 0.41640625 0.6580756013745706 0.4140625 0.6529209621993128 0.415625 0.6512027491408936 0.41328125 0.6512027491408936 0.4140625 0.6769759450171822 0.41640625 0.6580756013745706
0 0.3703125 0.8144329896907218 0.37265625 0.8264604810996564 0.3796875 0.8367697594501718 0.3828125 0.8539518900343642 0.38671875 0.8573883161512029 0.39765625 0.8900343642611684 0.4015625 0.8917525773195877 0.409375 0.9140893470790379 0.425 0.936426116838488 0.42109375 0.9518900343642611 0.42421875 0.9467353951890034 0.425 0.9518900343642611 0.42578125 0.9450171821305842 0.43203125 0.9398625429553265 0.44296875 0.9415807560137457 0.43984375 0.9381443298969072 0.4421875 0.9312714776632303 0.45625 0.929553264604811 0.46953125 0.9415807560137457 0.46640625 0.9450171821305842 0.46640625 0.9518900343642611 0.46328125 0.9484536082474226 0.46015625 0.9553264604810998 0.4484375 0.9553264604810998 0.44921875 0.9690721649484537 0.4609375 0.9621993127147768 0.49453125 0.963917525773196 0.49765625 0.9587628865979383 0.5046875 0.963917525773196 0.50859375 0.9759450171821307 0.51171875 0.9553264604810998 0.509375 0.9381443298969072 0.51015625 0.8900343642611684 0.50625 0.8556701030927837 0.5078125 0.8436426116838488 0.48359375 0.7405498281786942 0.47421875 0.7268041237113403 0.47265625 0.7044673539518901 0.46953125 0.6993127147766324 0.47109375 0.6941580756013745 0.46015625 0.6460481099656358 0.4421875 0.6408934707903781 0.440625 0.6426116838487973 0.44375 0.6477663230240551 0.4390625 0.6546391752577321 0.4390625 0.6632302405498283 0.43359375 0.668384879725086 0.4359375 0.6907216494845361 0.428125 0.6924398625429553 0.425 0.668384879725086 0.421875 0.6924398625429553 0.41484375 0.6975945017182131 0.4109375 0.6804123711340206 0.40703125 0.7010309278350516 0.40078125 0.6924398625429553 0.40390625 0.6838487972508591 0.4015625 0.6855670103092784 0.4015625 0.6580756013745706 0.40390625 0.6512027491408936 0.40078125 0.6512027491408936 0.3984375 0.661512027491409 0.39375 0.6563573883161513 0.390625 0.6597938144329898 0.38515625 0.6993127147766324 0.39140625 0.6958762886597938 0.38984375 0.7061855670103093 0.39296875 0.7130584192439863 0.38828125 0.7199312714776632 0.38515625 0.711340206185567 0.38203125 0.7302405498281788 0.384375 0.731958762886598 0.3875 0.7216494845360826 0.39296875 0.725085910652921 0.38984375 0.7680412371134021 0.38671875 0.7800687285223369 0.3796875 0.7783505154639176 0.3765625 0.7697594501718215 0.37265625 0.7920962199312716 0.3734375 0.8075601374570448 0.3703125 0.8144329896907218
0 0.1859375 0.8350515463917526 0.18359375 0.8264604810996564 0.18203125 0.8350515463917526 0.1859375 0.8350515463917526
0 0.25625 0.7353951890034365 0.25390625 0.7371134020618557 0.2546875 0.7422680412371134 0.25877403846153846 0.7377742532381708 0.25625 0.7353951890034365
0 0.26171875 0.7405498281786942 0.259375 0.7371134020618557 0.25877403846153846 0.7377742532381708 0.26171875 0.7405498281786942
0 0.203125 0.8178694158075602 0.203125 0.8298969072164949 0.19609375 0.8316151202749141 0.1921875 0.8384879725085911 0.1921875 0.8470790378006873 0.2 0.852233676975945 0.203125 0.8625429553264606 0.2109375 0.8659793814432991 0.21484375 0.8762886597938145 0.2234375 0.8780068728522338 0.22734375 0.88659793814433 0.25078125 0.8728522336769761 0.290625 0.8625429553264606 0.284375 0.8436426116838488 0.2671875 0.8127147766323025 0.26875 0.7875137457044674 0.26484375 0.7869415807560138 0.2640625 0.7817869415807561 0.26875 0.7783505154639176 0.2703125 0.7542955326460482 0.2421875 0.7577319587628867 0.23828125 0.7474226804123713 0.24609375 0.7405498281786942 0.2421875 0.7353951890034365 0.23828125 0.745704467353952 0.234375 0.7439862542955327 0.2359375 0.7353951890034365 0.22734375 0.7405498281786942 0.23359375 0.7542955326460482 0.2203125 0.7611683848797252 0.21953125 0.7731958762886599 0.215625 0.7663230240549829 0.2140625 0.7714776632302407 0.21171875 0.7680412371134021 0.2140625 0.7783505154639176 0.2171875 0.7783505154639176 0.21953125 0.7938144329896908 0.20625 0.802405498281787 0.20234375 0.7989690721649485 0.19921875 0.8075601374570448 0.19609375 0.8058419243986255 0.1953125 0.816151202749141 0.203125 0.8178694158075602
0 0.26875 0.7422680412371134 0.271875 0.7422680412371134 0.275 0.7233676975945018 0.2703125 0.7268041237113403 0.2671875 0.7371134020618557 0.26875 0.7422680412371134
0 0.2375 0.6494845360824744 0.2390625 0.6580756013745706 0.28984375 0.6460481099656358 0.30078125 0.6219931271477663 0.30390625 0.5979381443298969 0.30859375 0.5876288659793815 0.30859375 0.5738831615120275 0.3125 0.563573883161512 0.3109375 0.5498281786941581 0.31328125 0.5309278350515465 0.30625 0.5240549828178694 0.26484375 0.5429553264604812 0.2484375 0.6013745704467355 0.246875 0.6168384879725086 0.2375 0.6494845360824744
0 0.35546875 0.3247422680412372 0.38671875 0.31271477663230246 0.40078125 0.31271477663230246 0.409375 0.2852233676975945 0.4140625 0.23883161512027495 0.4109375 0.22680412371134023 0.40703125 0.22508591065292097 0.3703125 0.24226804123711343 0.35859375 0.2577319587628866 0.35390625 0.2800687285223368 0.35078125 0.30927835051546393 0.35546875 0.3247422680412372
0 0.3453125 0.993127147766323 0.34140625 0.9914089347079038 0.3359375 0.993127147766323 0.3453125 0.993127147766323
0 0.421875 0.990625 0.00078125 0.0015625
0 0.36796875 0.7371134020618557 0.3703125 0.7439862542955327 0.365625 0.7508591065292097 0.36484375 0.7611683848797252 0.3640625 0.7852233676975946 0.3703125 0.7920962199312716 0.36875 0.8195876288659795 0.3640625 0.8195876288659795 0.36171875 0.8058419243986255 0.36328125 0.8230240549828179 0.359375 0.8281786941580757 0.3546875 0.8230240549828179 0.353125 0.8298969072164949 0.35390625 0.8384879725085911 0.35703125 0.8384879725085911 0.35625 0.8470790378006873 0.3375 0.8505154639175257 0.3359375 0.8591065292096222 0.3328125 0.8505154639175257 0.33046875 0.8556701030927837 0.328125 0.8505154639175257 0.3265625 0.8556701030927837 0.32265625 0.852233676975945 0.328125 0.8711340206185568 0.32265625 0.8934707903780069 0.3234375 0.9003436426116839 0.334375 0.9123711340206186 0.3375 0.9278350515463918 0.34375 0.9329896907216495 0.34453125 0.9450171821305842 0.3578125 0.957044673539519 0.3609375 0.9673539518900345 0.359375 0.993127147766323 0.36171875 0.9879725085910653 0.36328125 0.9948453608247423 0.36953125 0.9896907216494846 0.3765625 0.9948453608247423 0.3765625 0.9896907216494846 0.38046875 0.9948453608247423 0.3859375 0.993127147766323 0.378125 0.9793814432989691 0.3796875 0.970790378006873 0.39375 0.9793814432989691 0.3984375 0.9725085910652922 0.3984375 0.9621993127147768 0.403125 0.9518900343642611 0.4109375 0.9518900343642611 0.4171875 0.9381443298969072 0.40625 0.9175257731958764 0.4078125 0.9140893470790379 0.40390625 0.9106529209621994 0.403125 0.9003436426116839 0.39609375 0.8883161512027492 0.39296875 0.8728522336769761 0.38515625 0.8711340206185568 0.38125 0.852233676975945 0.37578125 0.8470790378006873 0.37265625 0.8350515463917526 0.3703125 0.7749140893470792 0.375 0.7594501718213059 0.37890625 0.7061855670103093 0.37265625 0.7027491408934708 0.371875 0.7233676975945018 0.36796875 0.7371134020618557
0 0.459375 0.604810996563574 0.4640625 0.6082474226804124 0.4609375 0.6185567010309279 0.465625 0.6288659793814434 0.46875 0.6477663230240551 0.475 0.6580756013745706 0.5015625 0.6460481099656358 0.53203125 0.6443298969072165 0.53984375 0.6340206185567011 0.5328125 0.5567010309278351 0.52890625 0.5429553264604812 0.53125 0.527491408934708 0.5296875 0.5 0.52734375 0.5103092783505155 0.521875 0.5103092783505155 0.51484375 0.5240549828178694 0.51640625 0.5326460481099657 0.5140625 0.5378006872852235 0.5046875 0.5378006872852235 0.496875 0.5463917525773196 0.50625 0.5618556701030928 0.50234375 0.5721649484536082 0.49140625 0.5721649484536082 0.47578125 0.5807560137457045 0.4734375 0.5876288659793815 0.46328125 0.5876288659793815 0.459375 0.5962199312714777 0.459375 0.604810996563574
0 0.38984375 0.4810996563573884 0.45078125 0.46563573883161513 0.4546875 0.44158075601374575 0.45625 0.37457044673539525 0.44765625 0.3694158075601375 0.4 0.3917525773195877 0.39609375 0.40034364261168387 0.3890625 0.4450171821305842 0.3875 0.4604810996563574 0.38984375 0.4810996563573884
0 0.62265625 0.5085910652920963 0.6296875 0.5326460481099657 0.65390625 0.5292096219931273 0.6625 0.5171821305841925 0.66953125 0.5171821305841925 0.678125 0.5257731958762888 0.71640625 0.5189003436426117 0.71328125 0.4810996563573884 0.6921875 0.39003436426116844 0.67421875 0.39003436426116844 0.66640625 0.3969072164948454 0.64765625 0.39862542955326463 0.615625 0.4123711340206186 0.61484375 0.4312714776632303 0.62265625 0.5085910652920963
0 0.69921875 0.738831615120275 0.69765625 0.731958762886598 0.69609375 0.7336769759450172 0.69921875 0.738831615120275
0 0.6328125 0.7439862542955327 0.6296875 0.7508591065292097 0.6296875 0.7663230240549829 0.6328125 0.7749140893470792 0.65 0.7766323024054984 0.675 0.7663230240549829 0.6859375 0.7697594501718215 0.6953125 0.7817869415807561 0.69765625 0.7474226804123713 0.690625 0.745704467353952 0.68984375 0.731958762886598 0.67109375 0.7336769759450172 0.66796875 0.7216494845360826 0.68359375 0.7147766323024055 0.7 0.718213058419244 0.70546875 0.6786941580756014 0.70625 0.6580756013745706 0.70390625 0.6494845360824744 0.67734375 0.6494845360824744 0.6296875 0.661512027491409 0.6296875 0.7302405498281788 0.6328125 0.7439862542955327
0 0.44765625 0.9432989690721649 0.4484375 0.9501718213058419 0.45234375 0.9450171821305842 0.44453125 0.9381443298969072 0.4421875 0.9415807560137457 0.44765625 0.9432989690721649
0 0.428125 0.802405498281787 0.42890625 0.7989690721649485 0.428125 0.79553264604811 0.428125 0.802405498281787
0 0.3953125 0.8402061855670103 0.403125 0.8402061855670103 0.40234375 0.852233676975945 0.40546875 0.8591065292096222 0.39375 0.8745704467353953 0.40625 0.8900343642611684 0.41171875 0.9020618556701031 0.41015625 0.9106529209621994 0.41796875 0.9243986254295533 0.425 0.929553264604811 0.43046875 0.9226804123711341 0.43671875 0.9329896907216495 0.45234375 0.929553264604811 0.46796875 0.9415807560137457 0.46640625 0.9518900343642611 0.459375 0.957044673539519 0.45234375 0.9518900343642611 0.44921875 0.9553264604810998 0.44921875 0.963917525773196 0.4421875 0.9776632302405499 0.4484375 0.993127147766323 0.4671875 0.993127147766323 0.46875 0.9810996563573884 0.478125 0.9793814432989691 0.48125 0.9810996563573884 0.48203125 0.993127147766323 0.4828125 0.9879725085910653 0.4890625 0.9948453608247423 0.51171875 0.9948453608247423 0.50859375 0.8436426116838488 0.484375 0.7405498281786942 0.4734375 0.7268041237113403 0.4734375 0.7061855670103093 0.46796875 0.6993127147766324 0.4703125 0.6941580756013745 0.4640625 0.6769759450171822 0.4640625 0.6649484536082475 0.459375 0.6460481099656358 0.4546875 0.6460481099656358 0.45625 0.6512027491408936 0.45234375 0.6597938144329898 0.4515625 0.6769759450171822 0.44765625 0.6924398625429553 0.4484375 0.7302405498281788 0.44296875 0.7749140893470792 0.44140625 0.7714776632302407 0.44375 0.7852233676975946 0.44140625 0.802405498281787 0.4359375 0.809278350515464 0.425 0.809278350515464 0.41484375 0.8178694158075602 0.4109375 0.8127147766323025 0.39609375 0.816151202749141 0.3953125 0.8230240549828179 0.4 0.8333333333333334 0.3953125 0.8402061855670103
0 0.459375 0.44158075601374575 0.4734375 0.4295532646048111 0.4953125 0.4261168384879725 0.52265625 0.41065292096219935 0.521875 0.35738831615120276 0.51953125 0.3436426116838488 0.496875 0.3470790378006873 0.48046875 0.359106529209622 0.4734375 0.359106529209622 0.4609375 0.36769759450171824 0.45859375 0.3762886597938145 0.45625 0.42439862542955326 0.459375 0.44158075601374575
0 0.4171875 0.29896907216494845 0.4578125 0.281786941580756 0.4625 0.2714776632302406 0.46328125 0.22336769759450173 0.45703125 0.21993127147766325 0.43828125 0.22680412371134023 0.42265625 0.23883161512027495 0.41484375 0.281786941580756 0.4140625 0.29381443298969073 0.4171875 0.29896907216494845
0 0.54140625 0.5996563573883162 0.5421875 0.6340206185567011 0.55078125 0.6512027491408936 0.58515625 0.6357388316151203 0.61171875 0.6340206185567011 0.61953125 0.6219931271477663 0.61640625 0.5996563573883162 0.621875 0.577319587628866 0.61640625 0.5498281786941581 0.61953125 0.5292096219931273 0.6125 0.5257731958762888 0.6125 0.5309278350515465 0.6015625 0.5309278350515465 0.5984375 0.5257731958762888 0.59921875 0.5154639175257733 0.59453125 0.5085910652920963 0.584375 0.5154639175257733 0.57578125 0.5120274914089348 0.5671875 0.5292096219931273 0.57109375 0.5360824742268042 0.56796875 0.5429553264604812 0.55546875 0.5360824742268042 0.55546875 0.5446735395189004 0.546875 0.5532646048109966 0.54375 0.5652920962199313 0.53984375 0.5652920962199313 0.5375 0.577319587628866 0.54140625 0.5996563573883162
0 0.57109375 0.513745704467354 0.57890625 0.5034364261168386 0.58984375 0.5034364261168386 0.58984375 0.49828178694158076 0.575 0.5051546391752578 0.56953125 0.5 0.56796875 0.5051546391752578 0.57109375 0.513745704467354
0 0.3140625 0.3556701030927835 0.3546875 0.33676975945017185 0.35546875 0.3298969072164949 0.34921875 0.30927835051546393 0.353125 0.27835051546391754 0.32109375 0.2920962199312715 0.30859375 0.34192439862542956 0.3078125 0.3539518900343643 0.3140625 0.3556701030927835
0 0.6265625 0.5893470790378007 0.6796875 0.5670103092783505 0.7125 0.5687285223367697 0.71484375 0.563573883161512 0.7171875 0.5103092783505155 0.71328125 0.5 0.70234375 0.5068728522336771 0.70234375 0.5171821305841925 0.6890625 0.5171821305841925 0.6859375 0.5223367697594502 0.68125 0.5189003436426117 0.6796875 0.5240549828178694 0.67578125 0.5240549828178694 0.6734375 0.5171821305841925 0.65859375 0.5171821305841925 0.65390625 0.5085910652920963 0.64609375 0.520618556701031 0.63671875 0.5120274914089348 0.63515625 0.5223367697594502 0.62734375 0.527491408934708 0.628125 0.5378006872852235 0.621875 0.5515463917525774 0.621875 0.5670103092783505 0.6265625 0.5893470790378007
0 0.63359375 0.4725085910652921 0.6328125 0.46563573883161513 0.63125 0.4690721649484536 0.63359375 0.4725085910652921
0 0.709375 0.47079037800687284 0.71015625 0.46563573883161513 0.7078125 0.4639175257731959 0.70625 0.46563573883161513 0.709375 0.47079037800687284
0 0.66328125 0.45704467353951894 0.66171875 0.4484536082474227 0.6609375 0.46219931271477666 0.66328125 0.45704467353951894
0 0.646875 0.45704467353951894 0.64765625 0.4518900343642612 0.6453125 0.4484536082474227 0.64375 0.4518900343642612 0.646875 0.45704467353951894
0 0.62265625 0.44673539518900346 0.625 0.4450171821305842 0.62265625 0.4347079037800688 0.61640625 0.4312714776632303 0.62265625 0.44673539518900346
0 0.65 0.43125 0.00078125 0.003125
0 0.6921875 0.4639175257731959 0.69375 0.45017182130584193 0.6984375 0.4450171821305842 0.7046875 0.44673539518900346 0.7 0.42783505154639184 0.69765625 0.43298969072164956 0.69296875 0.42783505154639184 0.6875 0.4347079037800688 0.68671875 0.42783505154639184 0.68515625 0.4312714776632303 0.6921875 0.4639175257731959
0 0.61953125 0.41953125 0.0046875 0.003125
0 0.62890625 0.43298969072164956 0.62734375 0.4450171821305842 0.63046875 0.45360824742268047 0.63046875 0.43298969072164956 0.62578125 0.4175257731958763 0.625 0.42783505154639184 0.62890625 0.43298969072164956
0 0.6265625 0.4123711340206186 0.62578125 0.4072164948453609 0.621875 0.41065292096219935 0.6265625 0.4123711340206186
0 0.640625 0.4209621993127148 0.6421875 0.4037800687285224 0.6390625 0.4037800687285224 0.640625 0.4209621993127148
0 0.672265625 0.3969072164948454 0.6671875 0.3969072164948454 0.66796875 0.41065292096219935 0.671875 0.41408934707903783 0.67109375 0.42439862542955326 0.67734375 0.3969072164948454 0.67421875 0.4020618556701031 0.672265625 0.3969072164948454
0 0.68203125 0.4037800687285224 0.690625 0.3969072164948454 0.68125 0.3917525773195877 0.6796875 0.3969072164948454 0.68203125 0.4037800687285224
0 0.38125 0.993127147766323 0.37578125 0.9914089347079038 0.3734375 0.993127147766323 0.38125 0.993127147766323
0 0.30703125 0.8694158075601376 0.3125 0.8642611683848799 0.31328125 0.8728522336769761 0.3203125 0.8711340206185568 0.32421875 0.8814432989690723 0.32109375 0.8951890034364262 0.32421875 0.9037800687285223 0.33359375 0.9123711340206186 0.3375 0.9278350515463918 0.34453125 0.936426116838488 0.34296875 0.9432989690721649 0.3453125 0.9484536082474226 0.35546875 0.9536082474226806 0.359375 0.9656357388316152 0.365625 0.970790378006873 0.36640625 0.9759450171821307 0.359375 0.993127147766323 0.36171875 0.9948453608247423 0.3671875 0.9776632302405499 0.36953125 0.9896907216494846 0.3671875 0.9948453608247423 0.371875 0.993127147766323 0.371875 0.9810996563573884 0.3796875 0.9621993127147768 0.3859375 0.9587628865979383 0.3828125 0.9501718213058419 0.38671875 0.9432989690721649 0.40625 0.9467353951890034 0.41328125 0.9381443298969072 0.41171875 0.9278350515463918 0.40390625 0.9175257731958764 0.40546875 0.9140893470790379 0.40234375 0.9003436426116839 0.3953125 0.8900343642611684 0.390625 0.8728522336769761 0.38515625 0.8694158075601376 0.36875 0.8195876288659795 0.37109375 0.7749140893470792 0.3765625 0.7542955326460482 0.38046875 0.7164948453608248 0.3796875 0.6958762886597938 0.371875 0.7010309278350516 0.36640625 0.7371134020618557 0.36953125 0.7439862542955327 0.36484375 0.7474226804123713 0.36328125 0.7903780068728523 0.359375 0.8075601374570448 0.36328125 0.8178694158075602 0.3609375 0.8230240549828179 0.34296875 0.8264604810996564 0.334375 0.8419243986254296 0.3265625 0.8402061855670103 0.3140625 0.8591065292096222 0.31015625 0.8591065292096222 0.31015625 0.8659793814432991 0.30703125 0.8694158075601376
0 0.5609375 0.7542955326460482 0.56015625 0.7628865979381444 0.56328125 0.7886597938144331 0.56953125 0.7972508591065293 0.56640625 0.8041237113402062 0.56953125 0.8109965635738833 0.57109375 0.8058419243986255 0.575 0.809278350515464 0.571875 0.8041237113402062 0.571875 0.7938144329896908 0.590625 0.7869415807560138 0.609375 0.7680412371134021 0.6203125 0.7714776632302407 0.6265625 0.7560137457044674 0.62578125 0.711340206185567 0.62265625 0.7044673539518901 0.5984375 0.7061855670103093 0.59296875 0.7096219931271478 0.590625 0.7216494845360826 0.58671875 0.7268041237113403 0.57578125 0.7216494845360826 0.559375 0.7268041237113403 0.5578125 0.7405498281786942 0.5609375 0.7542955326460482
0 0.503125 0.79553264604811 0.51796875 0.7886597938144331 0.5171875 0.7817869415807561 0.51328125 0.7817869415807561 0.51328125 0.7903780068728523 0.51015625 0.7920962199312716 0.5078125 0.7835051546391754 0.50234375 0.7886597938144331 0.503125 0.79553264604811
0 0.53203125 0.7817869415807561 0.52109375 0.7817869415807561 0.5203125 0.7886597938144331 0.53203125 0.7817869415807561
0 0.50859375 0.77578125 0.003125 0.0015625
0 0.484375 0.6305841924398626 0.490625 0.6202749140893471 0.47578125 0.6237113402061857 0.4734375 0.6271477663230242 0.484375 0.6305841924398626
0 0.50234375 0.6288659793814434 0.5015625 0.6219931271477663 0.49765625 0.6185567010309279 0.4984375 0.6288659793814434 0.50234375 0.6288659793814434
0 0.50390625 0.615625 0.0046875 0.0015625
0 0.47421875 0.6718213058419245 0.47734375 0.7010309278350516 0.4921875 0.752577319587629 0.515625 0.7474226804123713 0.52890625 0.738831615120275 0.553125 0.738831615120275 0.5484375 0.7147766323024055 0.5484375 0.6941580756013745 0.54375 0.6769759450171822 0.54453125 0.6580756013745706 0.53984375 0.6460481099656358 0.53828125 0.6305841924398626 0.53359375 0.6237113402061857 0.5359375 0.6134020618556701 0.5328125 0.6202749140893471 0.53046875 0.6185567010309279 0.53125 0.6134020618556701 0.5296875 0.6151202749140894 0.53125 0.6271477663230242 0.5078125 0.6323024054982819 0.50625 0.6408934707903781 0.47890625 0.6426116838487973 0.46640625 0.6374570446735396 0.465625 0.6494845360824744 0.47421875 0.6718213058419245
0 0.31015625 0.9862542955326461 0.31640625 0.9948453608247423 0.39328124999999997 0.993127147766323 0.3953125 0.9845360824742269 0.3978125 0.993127147766323 0.4015625 0.9845360824742269 0.40234375 0.993127147766323 0.40234375 0.9828178694158076 0.41171875 0.9845360824742269 0.41145859375000005 0.9759450171821307 0.41588515625 0.9759450171821307 0.41953125 0.993127147766323 0.42578125 0.993127147766323 0.43046875 0.9810996563573884 0.4015625 0.9621993127147768 0.38984375 0.9604810996563575 0.375 0.9467353951890034 0.36640625 0.9467353951890034 0.3625 0.9347079037800687 0.35546875 0.929553264604811 0.3484375 0.9381443298969072 0.33125 0.9347079037800687 0.328125 0.9415807560137457 0.3203125 0.9415807560137457 0.315625 0.9484536082474226 0.3203125 0.9759450171821307 0.31015625 0.9862542955326461
0 0.4046875 0.925 0.00390625 0.0015625
0 0.3828125 0.9450171821305842 0.3859375 0.936426116838488 0.38359375 0.9243986254295533 0.38125 0.929553264604811 0.3828125 0.9450171821305842
0 0.63828125 0.6460481099656358 0.63515625 0.6460481099656358 0.6328125 0.6512027491408936 0.63828125 0.6460481099656358
0 0.63046875 0.6408934707903781 0.6421875 0.6340206185567011 0.64921875 0.6391752577319588 0.65078125 0.6323024054982819 0.653125 0.6391752577319588 0.65625 0.6288659793814434 0.6640625 0.6271477663230242 0.66953125 0.6305841924398626 0.66484375 0.6357388316151203 0.6640625 0.6477663230240551 0.66484375 0.6408934707903781 0.66822890625 0.6477663230240551 0.70625 0.6460481099656358 0.7125 0.577319587628866 0.71015625 0.5687285223367697 0.69921875 0.563573883161512 0.678125 0.5670103092783505 0.66484375 0.5601374570446735 0.6578125 0.5790378006872853 0.6328125 0.584192439862543 0.6234375 0.6013745704467355 0.63046875 0.6408934707903781
0 0.4953125 0.745704467353952 0.49609375 0.7680412371134021 0.5109375 0.8333333333333334 0.51171875 0.8487972508591065 0.515625 0.8539518900343642 0.52578125 0.8539518900343642 0.5375 0.8470790378006873 0.53671875 0.8419243986254296 0.54140625 0.8367697594501718 0.5484375 0.8384879725085911 0.55 0.845360824742268 0.565625 0.8402061855670103 0.56328125 0.7749140893470792 0.55703125 0.7628865979381444 0.5578125 0.7508591065292097 0.55390625 0.725085910652921 0.54609375 0.7079037800687286 0.5359375 0.7147766323024055 0.5125 0.7147766323024055 0.48984375 0.7268041237113403 0.49140625 0.738831615120275 0.4953125 0.745704467353952
0 0.625 0.584192439862543 0.63125 0.5893470790378007 0.68125 0.5652920962199313 0.71328125 0.5687285223367697 0.71640625 0.5395189003436427 0.71484375 0.5257731958762888 0.71171875 0.5223367697594502 0.67421875 0.527491408934708 0.66328125 0.520618556701031 0.659375 0.5309278350515465 0.64375 0.5326460481099657 0.621875 0.5532646048109966 0.62109375 0.5618556701030928 0.625 0.584192439862543
0 0.58515625 0.7130584192439863 0.58125 0.7096219931271478 0.578125 0.7130584192439863 0.58515625 0.7130584192439863
0 0.56953125 0.7714776632302407 0.56484375 0.7886597938144331 0.571875 0.8487972508591065 0.61328125 0.8402061855670103 0.62734375 0.8230240549828179 0.628125 0.7852233676975946 0.6234375 0.7371134020618557 0.625 0.711340206185567 0.62265625 0.7044673539518901 0.590625 0.7079037800687286 0.5890625 0.7130584192439863 0.5875 0.7096219931271478 0.5859375 0.7268041237113403 0.575 0.7285223367697595 0.575 0.7371134020618557 0.56875 0.7439862542955327 0.578125 0.7628865979381444 0.56953125 0.7714776632302407
0 0.6265625 0.6546391752577321 0.63046875 0.668384879725086 0.6609375 0.6546391752577321 0.703125 0.6512027491408936 0.70859375 0.6408934707903781 0.7109375 0.5945017182130584 0.70859375 0.570446735395189 0.7 0.570446735395189 0.70234375 0.5807560137457045 0.70078125 0.584192439862543 0.6859375 0.5945017182130584 0.6828125 0.6013745704467355 0.671875 0.5927835051546392 0.66484375 0.5945017182130584 0.6609375 0.5876288659793815 0.653125 0.5962199312714777 0.64921875 0.5859106529209622 0.63125 0.5945017182130584 0.625 0.6013745704467355 0.6265625 0.6546391752577321
0 0.46875 0.6512027491408936 0.475 0.6597938144329898 0.50234375 0.6477663230240551 0.53359375 0.6460481099656358 0.540625 0.6374570446735396 0.5375 0.6082474226804124 0.53515625 0.6013745704467355 0.52890625 0.5979381443298969 0.5015625 0.5979381443298969 0.4984375 0.604810996563574 0.496875 0.6013745704467355 0.484375 0.6134020618556701 0.46640625 0.6151202749140894 0.46328125 0.6237113402061857 0.46875 0.6512027491408936
0 0.265625 0.91015625 0.00078125 0.00546875
0 0.296875 0.9518900343642611 0.3 0.9415807560137457 0.303125 0.9432989690721649 0.303125 0.936426116838488 0.325 0.9347079037800687 0.32890625 0.9278350515463918 0.3265625 0.9175257731958764 0.3171875 0.9140893470790379 0.3140625 0.9054982817869417 0.30859375 0.9072164948453609 0.3078125 0.9123711340206186 0.29609375 0.9123711340206186 0.296875 0.9072164948453609 0.28984375 0.8951890034364262 0.28515625 0.8986254295532646 0.2859375 0.9089347079037802 0.27421875 0.9175257731958764 0.2609375 0.9140893470790379 0.259375 0.9226804123711341 0.25530598958333334 0.9155211912943872 0.2546875 0.9209621993127148 0.2578125 0.9278350515463918 0.2984375 0.9742268041237114 0.30703125 0.9656357388316152 0.296875 0.9518900343642611
0 0.31171875 0.9450171821305842 0.31328125 0.9415807560137457 0.31015625 0.9381443298969072 0.30859375 0.9432989690721649 0.31171875 0.9450171821305842
0 0.353125 0.9140893470790379 0.3546875 0.9072164948453609 0.3515625 0.9072164948453609 0.35078125 0.9140893470790379 0.353125 0.9140893470790379
0 0.31484375 0.9518900343642611 0.31953125 0.9587628865979383 0.32109375 0.9759450171821307 0.31640625 0.9828178694158076 0.3112331081081081 0.9839556050896258 0.3140625 0.9948453608247423 0.37003671875 0.9948453608247423 0.371875 0.9879725085910653 0.37403515625 0.9948453608247423 0.376953125 0.9896907216494846 0.3780328125 0.9948453608247423 0.3875 0.993127147766323 0.3859375 0.9810996563573884 0.39375 0.9810996563573884 0.39375 0.9759450171821307 0.39765625 0.9725085910652922 0.39921875 0.9450171821305842 0.40859375 0.9432989690721649 0.4109375 0.9381443298969072 0.4078125 0.9209621993127148 0.396875 0.9209621993127148 0.39765625 0.9106529209621994 0.40078125 0.9072164948453609 0.39140625 0.9020618556701031 0.378125 0.9072164948453609 0.36953125 0.9209621993127148 0.371875 0.9243986254295533 0.3703125 0.9312714776632303 0.36171875 0.9329896907216495 0.353125 0.9209621993127148 0.34609375 0.9261168384879725 0.34375 0.9209621993127148 0.34453125 0.9072164948453609 0.33828125 0.8934707903780069 0.32734375 0.8900343642611684 0.32421875 0.9003436426116839 0.33359375 0.9158075601374571 0.32734375 0.9381443298969072 0.3203125 0.9398625429553265 0.31484375 0.9518900343642611
0 0.36796875 0.79553264604811 0.36640625 0.7938144329896908 0.365625 0.7972508591065293 0.36796875 0.79553264604811
0 0.37265625 0.7886597938144331 0.37421875 0.809278350515464 0.3765625 0.8144329896907218 0.3828125 0.8144329896907218 0.4140625 0.8075601374570448 0.43515625 0.809278350515464 0.44140625 0.8041237113402062 0.4453125 0.7817869415807561 0.45546875 0.7646048109965636 0.45 0.7542955326460482 0.4578125 0.7474226804123713 0.45390625 0.7302405498281788 0.45625 0.7268041237113403 0.4484375 0.7027491408934708 0.45234375 0.6941580756013745 0.45078125 0.6426116838487973 0.44609375 0.6391752577319588 0.43984375 0.6443298969072165 0.39296875 0.6512027491408936 0.38671875 0.6752577319587629 0.3796875 0.7474226804123713 0.37265625 0.7886597938144331
0 0.4140625 0.87890625 0.00078125 0.0015625
0 0.4203125 0.8711340206185568 0.41796875 0.8642611683848799 0.4140625 0.8642611683848799 0.41484375 0.8728522336769761 0.4203125 0.8711340206185568
0 0.4421875 0.8934707903780069 0.44453125 0.8986254295532646 0.44296875 0.9054982817869417 0.43671875 0.8900343642611684 0.43203125 0.9089347079037802 0.4296875 0.9037800687285223 0.43125 0.8883161512027492 0.42265625 0.8900343642611684 0.421875 0.8969072164948454 0.41796875 0.8969072164948454 0.4234375 0.8986254295532646 0.43125 0.9175257731958764 0.44375 0.9175257731958764 0.44765625 0.9209621993127148 0.4453125 0.9243986254295533 0.453125 0.9278350515463918 0.44453125 0.9381443298969072 0.45 0.9518900343642611 0.44453125 0.9690721649484537 0.43515625 0.9793814432989691 0.440625 0.9828178694158076 0.44140625 0.9896907216494846 0.4390625 0.993127147766323 0.51328125 0.993127147766323 0.509375 0.879725085910653 0.50703125 0.8728522336769761 0.509375 0.8694158075601376 0.50859375 0.845360824742268 0.49765625 0.809278350515464 0.49140625 0.802405498281787 0.4859375 0.802405498281787 0.484375 0.809278350515464 0.4828125 0.802405498281787 0.478125 0.8247422680412372 0.475 0.8127147766323025 0.47109375 0.8127147766323025 0.47890625 0.8350515463917526 0.47421875 0.8539518900343642 0.4671875 0.8487972508591065 0.46875 0.852233676975945 0.465625 0.8573883161512029 0.44088515624999997 0.8625429553264606 0.4390625 0.8694158075601376 0.43671875 0.8625429553264606 0.44453125 0.8883161512027492 0.4421875 0.8934707903780069
0 0.49375 0.79609375 0.0015625 0.0015625
0 0.48515625 0.7920962199312716 0.4828125 0.7920962199312716 0.484375 0.7972508591065293 0.48515625 0.7920962199312716
0 0.47265625 0.7800687285223369 0.4828125 0.7697594501718215 0.4875 0.7714776632302407 0.4859375 0.7646048109965636 0.48125 0.7611683848797252 0.47578125 0.7646048109965636 0.47734375 0.7680412371134021 0.47265625 0.7800687285223369
0 0.509375 0.7886597938144331 0.50859375 0.7852233676975946 0.50625 0.7886597938144331 0.509375 0.7886597938144331
0 0.4859375 0.7010309278350516 0.4828125 0.7096219931271478 0.48671875 0.7233676975945018 0.4859375 0.731958762886598 0.49453125 0.7491408934707905 0.55390625 0.7353951890034365 0.5484375 0.6941580756013745 0.54453125 0.6838487972508591 0.53984375 0.6838487972508591 0.5359375 0.7010309278350516 0.528125 0.7010309278350516 0.51171875 0.6872852233676976 0.51015625 0.6941580756013745 0.50703125 0.6890034364261168 0.4953125 0.6907216494845361 0.4921875 0.6993127147766324 0.491015625 0.6907216494845361 0.48359375 0.6924398625429553 0.48203125 0.6993127147766324 0.4859375 0.7010309278350516
0 0.36640625 0.993127147766323 0.365625 0.9810996563573884 0.36171875 0.993127147766323 0.36640625 0.993127147766323
0 0.31875 0.8848797250859107 0.325 0.9072164948453609 0.33125 0.9106529209621994 0.33828125 0.929553264604811 0.34375 0.9347079037800687 0.34375 0.9467353951890034 0.35546875 0.9553264604810998 0.36015625 0.9656357388316152 0.36640625 0.9656357388316152 0.36875 0.9725085910652922 0.37109375 0.970790378006873 0.37109375 0.963917525773196 0.37265625 0.9656357388316152 0.3734375 0.9501718213058419 0.3796875 0.9415807560137457 0.40234375 0.9415807560137457 0.409375 0.936426116838488 0.4078125 0.9261168384879725 0.4 0.9278350515463918 0.4 0.9192439862542956 0.403125 0.9140893470790379 0.4015625 0.9003436426116839 0.39609375 0.8969072164948454 0.38984375 0.8762886597938145 0.384375 0.8694158075601376 0.36796875 0.8195876288659795 0.37109375 0.7749140893470792 0.375 0.7611683848797252 0.3796875 0.7216494845360826 0.38046875 0.6941580756013745 0.3765625 0.6924398625429553 0.36484375 0.7061855670103093 0.365625 0.7336769759450172 0.36171875 0.752577319587629 0.36328125 0.7697594501718215 0.35625 0.7852233676975946 0.35859375 0.7920962199312716 0.353125 0.8144329896907218 0.3453125 0.8230240549828179 0.3234375 0.8247422680412372 0.31875 0.8195876288659795 0.3125 0.8247422680412372 0.32421875 0.8316151202749141 0.3171875 0.8419243986254296 0.31328125 0.8402061855670103 0.30625 0.8573883161512029 0.30625 0.8762886597938145 0.31875 0.8848797250859107
0 0.37265625 0.6666666666666667 0.37421875 0.6546391752577321 0.371875 0.6529209621993128 0.3703125 0.6580756013745706 0.37265625 0.6666666666666667
0 0.28515625 0.8831615120274915 0.2828125 0.8814432989690723 0.28046875 0.8831615120274915 0.28515625 0.8831615120274915
0 0.2890625 0.8848797250859107 0.28984375 0.8900343642611684 0.296875 0.8883161512027492 0.29620949074074077 0.8824614992999873 0.2890625 0.8848797250859107
0 0.21328125 0.8642611683848799 0.21328125 0.8694158075601376 0.2171875 0.8676975945017184 0.2171875 0.8762886597938145 0.2234375 0.8780068728522338 0.22578125 0.8900343642611684 0.24375 0.9106529209621994 0.25859375 0.8951890034364262 0.2796875 0.8900343642611684 0.27734375 0.88659793814433 0.2796875 0.8762886597938145 0.29296875 0.8659793814432991 0.2859375 0.8470790378006873 0.27578125 0.8316151202749141 0.2734375 0.8505154639175257 0.26796875 0.845360824742268 0.2625 0.852233676975945 0.2515625 0.8487972508591065 0.240625 0.8556701030927837 0.228125 0.8539518900343642 0.22109375 0.8659793814432991 0.21328125 0.8642611683848799
0 0.26171875 0.7989690721649485 0.26875 0.816151202749141 0.271875 0.7680412371134021 0.26875 0.7646048109965636 0.27265625 0.752577319587629 0.26875 0.7542955326460482 0.26640625 0.7869415807560138 0.26171875 0.7989690721649485
0 0.27421875 0.7491408934707905 0.271875 0.7371134020618557 0.27109375 0.7491408934707905 0.27421875 0.7491408934707905
0 0.27421875 0.7302405498281788 0.2765625 0.7268041237113403 0.27578125 0.7199312714776632 0.27265625 0.7268041237113403 0.27421875 0.7302405498281788
0 0.28203125 0.7130584192439863 0.2828125 0.6975945017182131 0.28125 0.7010309278350516 0.2796875 0.7061855670103093 0.28203125 0.7130584192439863
0 0.2890625 0.65859375 0.0015625 0.00546875
0 0.50390625 0.8127147766323025 0.51015625 0.8333333333333334 0.5109375 0.8505154639175257 0.5140625 0.8556701030927837 0.55703125 0.8470790378006873 0.5671875 0.8402061855670103 0.56171875 0.7766323024054984 0.55625 0.7663230240549829 0.528125 0.7663230240549829 0.5015625 0.7766323024054984 0.5 0.7817869415807561 0.50390625 0.8127147766323025
0 0.553125 0.7515625 0.00234375 0.0015625
0 0.5125 0.7484375 0.0015625 0.0015625
0 0.51640625 0.7474226804123713 0.521875 0.7508591065292097 0.52109375 0.7577319587628867 0.525 0.7577319587628867 0.528125 0.7439862542955327 0.5234375 0.7491408934707905 0.52109375 0.7439862542955327 0.52109375 0.7491408934707905 0.51640625 0.7474226804123713
0 0.2046875 0.8608247422680414 0.2109375 0.8642611683848799 0.215625 0.8762886597938145 0.2265625 0.8831615120274915 0.2640625 0.8694158075601376 0.28203125 0.8694158075601376 0.2921875 0.8625429553264606 0.27890625 0.8350515463917526 0.2375 0.845360824742268 0.2140625 0.8436426116838488 0.20390625 0.8505154639175257 0.20234375 0.8556701030927837 0.2046875 0.8608247422680414
0 0.36328125 0.9879725085910653 0.36796875 0.993127147766323 0.36640625 0.9828178694158076 0.36171875 0.9896907216494846 0.3609375 0.993127147766323 0.36328125 0.9879725085910653
0 0.39765625 0.9347079037800687 0.39921875 0.9398625429553265 0.40546875 0.9312714776632303 0.4078125 0.9381443298969072 0.40859375 0.9347079037800687 0.4078125 0.929553264604811 0.396875 0.9312714776632303 0.3953125 0.9381443298969072 0.39765625 0.9347079037800687
0 0.3796875 0.9278350515463918 0.38125 0.9381443298969072 0.384375 0.9381443298969072 0.3828125 0.9261168384879725 0.38125 0.9312714776632303 0.3796875 0.9278350515463918
0 0.30546875 0.8573883161512029 0.30625 0.8762886597938145 0.31796875 0.88659793814433 0.32421875 0.9072164948453609 0.33046875 0.9106529209621994 0.33828125 0.929553264604811 0.34453125 0.936426116838488 0.34375 0.9467353951890034 0.35390625 0.9536082474226806 0.359375 0.963917525773196 0.36796875 0.963917525773196 0.37421875 0.9432989690721649 0.36328125 0.9398625429553265 0.35859375 0.9329896907216495 0.359375 0.9278350515463918 0.36875 0.9192439862542956 0.3859375 0.9226804123711341 0.4015625 0.9140893470790379 0.40078125 0.9003436426116839 0.390625 0.8969072164948454 0.38984375 0.8780068728522338 0.378125 0.8539518900343642 0.36796875 0.8195876288659795 0.37109375 0.7749140893470792 0.3796875 0.718213058419244 0.3796875 0.6941580756013745 0.37109375 0.6975945017182131 0.365625 0.7079037800687286 0.36640625 0.731958762886598 0.3625 0.7491408934707905 0.36328125 0.7680412371134021 0.3578125 0.7817869415807561 0.36015625 0.7920962199312716 0.35625 0.8075601374570448 0.3453125 0.8230240549828179 0.334375 0.8195876288659795 0.325 0.8247422680412372 0.321875 0.8213058419243987 0.321875 0.8281786941580757 0.31640625 0.8213058419243987 0.3125 0.8247422680412372 0.31328125 0.8402061855670103 0.30546875 0.8573883161512029
0 0.37421875 0.6563573883161513 0.37265625 0.6529209621993128 0.371875 0.6580756013745706 0.37421875 0.6563573883161513
0 0.340625 0.9484536082474226 0.33203125 0.9415807560137457 0.33125 0.9501718213058419 0.340625 0.9484536082474226
0 0.35859375 0.9604810996563575 0.3625 0.9587628865979383 0.36640625 0.9484536082474226 0.35546875 0.9381443298969072 0.34375 0.9432989690721649 0.34296875 0.9501718213058419 0.35859375 0.9604810996563575
0 0.365625 0.7302405498281788 0.36171875 0.7422680412371134 0.35625 0.7817869415807561 0.3484375 0.7852233676975946 0.34140625 0.7800687285223369 0.33203125 0.7972508591065293 0.32734375 0.7920962199312716 0.30859375 0.7989690721649485 0.2984375 0.7972508591065293 0.2828125 0.8144329896907218 0.2765625 0.8109965635738833 0.27890625 0.8144329896907218 0.278125 0.8230240549828179 0.29296875 0.8573883161512029 0.30390625 0.8625429553264606 0.303125 0.8762886597938145 0.3140625 0.8917525773195877 0.3140625 0.8986254295532646 0.34296875 0.9329896907216495 0.35234375 0.9278350515463918 0.3625 0.9054982817869417 0.36953125 0.9020618556701031 0.3765625 0.9089347079037802 0.37734375 0.8986254295532646 0.3859375 0.8917525773195877 0.3859375 0.8780068728522338 0.37578125 0.8556701030927837 0.365625 0.816151202749141 0.36640625 0.7989690721649485 0.36953125 0.7920962199312716 0.3734375 0.7628865979381444 0.37578125 0.738831615120275 0.37421875 0.725085910652921 0.37734375 0.7096219931271478 0.37421875 0.6993127147766324 0.36953125 0.6975945017182131 0.36328125 0.7079037800687286 0.365625 0.7302405498281788
0 0.3734375 0.6580756013745706 0.371875 0.6529209621993128 0.3703125 0.6580756013745706 0.3734375 0.6580756013745706
0 0.26328125 0.9312714776632303 0.309375 0.9879725085910653 0.31328125 0.9828178694158076 0.31484375 0.9879725085910653 0.3140625 0.9810996563573884 0.3203125 0.9793814432989691 0.31328125 0.9621993127147768 0.33125 0.9329896907216495 0.33046875 0.9209621993127148 0.321875 0.9140893470790379 0.2796875 0.9123711340206186 0.27578125 0.9261168384879725 0.26328125 0.9312714776632303
0 0.92890625 0.24398625429553267 0.9265625 0.24742268041237114 0.9390625 0.25429553264604815 0.96875 0.30584192439862545 0.99453125 0.30584192439862545 0.99921875 0.29553264604810997 0.99921875 0.2577319587628866 0.99609375 0.2508591065292097 0.99921875 0.24398625429553267 0.99921875 0.21477663230240554 0.9953125 0.20962199312714777 0.99609375 0.20103092783505155 0.99921875 0.19931271477663232 0.99921875 0.18556701030927836 0.996875 0.18384879725085912 0.99765625 0.1752577319587629 0.99453125 0.16838487972508592 0.99921875 0.1632302405498282 0.99921875 0.15635738831615123 0.99453125 0.15292096219931273 0.97734375 0.17010309278350516 0.9625 0.17010309278350516 0.9640625 0.1752577319587629 0.96171875 0.17869415807560138 0.95859375 0.1752577319587629 0.95390625 0.18041237113402064 0.953125 0.17353951890034364 0.953125 0.18213058419243988 0.9609375 0.18041237113402064 0.96171875 0.18728522336769762 0.925 0.21305841924398625 0.92109375 0.22680412371134023 0.92890625 0.24398625429553267
0 0.46640625 0.2731958762886598 0.51484375 0.2525773195876289 0.51796875 0.24742268041237114 0.515625 0.19243986254295536 0.50546875 0.19243986254295536 0.47109375 0.20962199312714777 0.46640625 0.21649484536082478 0.46484375 0.22680412371134023 0.46328125 0.26632302405498287 0.46640625 0.2731958762886598
0 0.6046875 0.7869415807560138 0.5671875 0.7972508591065293 0.5703125 0.8487972508591065 0.575 0.852233676975945 0.61953125 0.8402061855670103 0.62734375 0.8247422680412372 0.628125 0.8127147766323025 0.6234375 0.7920962199312716 0.6265625 0.7886597938144331 0.62265625 0.7817869415807561 0.61796875 0.7817869415807561 0.61640625 0.7903780068728523 0.6046875 0.7869415807560138
0 0.36640625 0.9656357388316152 0.36875 0.9793814432989691 0.36015625 0.993127147766323 0.36328125 0.9896907216494846 0.36640625 0.9948453608247423 0.36953125 0.9879725085910653 0.371875 0.9948453608247423 0.43203125 0.9948453608247423 0.43671875 0.9862542955326461 0.43359375 0.9656357388316152 0.425 0.9553264604810998 0.425 0.9450171821305842 0.4109375 0.9329896907216495 0.4109375 0.9226804123711341 0.4078125 0.9175257731958764 0.3984375 0.9226804123711341 0.396875 0.929553264604811 0.39375 0.9243986254295533 0.3953125 0.936426116838488 0.390625 0.9381443298969072 0.38359375 0.9261168384879725 0.3796875 0.9261168384879725 0.38046875 0.9381443298969072 0.3703125 0.9484536082474226 0.371875 0.9553264604810998 0.36640625 0.9656357388316152
0 0.2515625 0.91484375 0.00234375 0.0015625
0 0.26953125 0.929553264604811 0.26875 0.936426116838488 0.2734375 0.9381443298969072 0.271875 0.9415807560137457 0.27578125 0.9415807560137457 0.271875 0.9312714776632303 0.27421875 0.9209621993127148 0.28984375 0.936426116838488 0.29140625 0.9450171821305842 0.2828125 0.9518900343642611 0.315625 0.993127147766323 0.3203125 0.993127147766323 0.32109375 0.9862542955326461 0.32388359375000003 0.993127147766323 0.33671875 0.993127147766323 0.3375 0.9845360824742269 0.3404015625 0.993127147766323 0.34453125 0.993127147766323 0.34453125 0.9828178694158076 0.34921875 0.9810996563573884 0.35390625 0.9896907216494846 0.36171875 0.9914089347079038 0.36640625 0.9845360824742269 0.35234375 0.9621993127147768 0.35546875 0.9484536082474226 0.3453125 0.9467353951890034 0.33671875 0.9312714776632303 0.33984375 0.9072164948453609 0.3265625 0.9037800687285223 0.31875 0.8917525773195877 0.3 0.8900343642611684 0.2828125 0.9003436426116839 0.28359375 0.9054982817869417 0.27421875 0.9054982817869417 0.26484375 0.9175257731958764 0.26484375 0.9312714776632303 0.26953125 0.929553264604811
0 0.28046875 0.809278350515464 0.2765625 0.8075601374570448 0.27421875 0.809278350515464 0.28046875 0.809278350515464
0 0.2890625 0.8195876288659795 0.296875 0.8144329896907218 0.2953125 0.8109965635738833 0.3015625 0.7989690721649485 0.29609375 0.7989690721649485 0.2953125 0.8041237113402062 0.28515625 0.809278350515464 0.28515625 0.8144329896907218 0.2890625 0.8195876288659795
0 0.30546875 0.8195876288659795 0.3078125 0.8264604810996564 0.309375 0.8213058419243987 0.3203125 0.8230240549828179 0.2984375 0.8178694158075602 0.296875 0.8144329896907218 0.29765625 0.8281786941580757 0.29921875 0.8195876288659795 0.30234375 0.8281786941580757 0.30546875 0.8195876288659795
0 0.32578125 0.7972508591065293 0.325 0.79553264604811 0.321875 0.7972508591065293 0.3234375 0.8041237113402062 0.32578125 0.7972508591065293
0 0.40546875 0.3814432989690722 0.44921875 0.36769759450171824 0.4546875 0.3539518900343643 0.459375 0.31099656357388317 0.459375 0.288659793814433 0.4484375 0.2852233676975945 0.41796875 0.29896907216494845 0.41328125 0.3041237113402062 0.41015625 0.3230240549828179 0.40390625 0.3694158075601375 0.40546875 0.3814432989690722
0 0.53515625 0.5515463917525774 0.5375 0.5807560137457045 0.5453125 0.6116838487972509 0.5578125 0.6116838487972509 0.5671875 0.6013745704467355 0.60234375 0.5962199312714777 0.61796875 0.5876288659793815 0.615625 0.5790378006872853 0.61796875 0.5738831615120275 0.61640625 0.5549828178694158 0.621875 0.527491408934708 0.61953125 0.5154639175257733 0.6203125 0.5017182130584193 0.61328125 0.4604810996563574 0.61171875 0.42439862542955326 0.6046875 0.3969072164948454 0.5640625 0.40034364261168387 0.55859375 0.4072164948453609 0.53984375 0.41065292096219935 0.534375 0.4209621993127148 0.5328125 0.45704467353951894 0.53515625 0.5515463917525774
0 0.56484375 0.7371134020618557 0.56015625 0.7353951890034365 0.56015625 0.7405498281786942 0.56328125 0.745704467353952 0.5640625 0.7577319587628867 0.56328125 0.7989690721649485 0.571875 0.8487972508591065 0.61328125 0.8402061855670103 0.6265625 0.8230240549828179 0.62734375 0.7835051546391754 0.62265625 0.7302405498281788 0.625 0.7130584192439863 0.62265625 0.7061855670103093 0.58046875 0.7096219931271478 0.57734375 0.7130584192439863 0.58125 0.7164948453608248 0.57890625 0.7216494845360826 0.5703125 0.7268041237113403 0.5671875 0.7233676975945018 0.56796875 0.731958762886598 0.56484375 0.7371134020618557
0 0.4546875 0.9793814432989691 0.4609375 0.9845360824742269 0.46015625 0.9793814432989691 0.45234375 0.9759450171821307 0.45234375 0.9862542955326461 0.4546875 0.9793814432989691
0 0.47265625 0.7903780068728523 0.46953125 0.79553264604811 0.46953125 0.8109965635738833 0.471875 0.8230240549828179 0.47734375 0.8264604810996564 0.4734375 0.8333333333333334 0.478125 0.8539518900343642 0.4765625 0.8642611683848799 0.48046875 0.8694158075601376 0.47578125 0.8762886597938145 0.4765625 0.8900343642611684 0.47265625 0.8969072164948454 0.47578125 0.8951890034364262 0.47578125 0.9054982817869417 0.4828125 0.9140893470790379 0.4734375 0.9243986254295533 0.47734375 0.9278350515463918 0.4765625 0.9329896907216495 0.46953125 0.9347079037800687 0.4703125 0.9398625429553265 0.4734375 0.9347079037800687 0.4765625 0.9484536082474226 0.471875 0.9518900343642611 0.47421875 0.9553264604810998 0.46953125 0.9621993127147768 0.4734375 0.9656357388316152 0.471875 0.9725085910652922 0.48203125 0.9845360824742269 0.48125 0.993127147766323 0.5125 0.9948453608247423 0.50859375 0.8402061855670103 0.50234375 0.8230240549828179 0.49453125 0.7800687285223369 0.48515625 0.7542955326460482 0.4765625 0.752577319587629 0.471875 0.7680412371134021 0.46328125 0.7749140893470792 0.46328125 0.7800687285223369 0.47265625 0.7903780068728523
0 0.34453125 0.993127147766323 0.34140625 0.9879725085910653 0.3359375 0.993127147766323 0.34453125 0.993127147766323
0 0.36171875 0.993127147766323 0.365625 0.993127147766323 0.3671875 0.9776632302405499 0.3625 0.9759450171821307 0.35859375 0.9845360824742269 0.36171875 0.993127147766323
0 0.2953125 0.8171875 0.0046875 0.0015625
0 0.325 0.8015625 0.00234375 0.0015625
0 0.29375 0.8436426116838488 0.3 0.8333333333333334 0.30234375 0.8367697594501718 0.30625 0.845360824742268 0.30546875 0.852233676975945 0.303125 0.852233676975945 0.3046875 0.8762886597938145 0.31484375 0.8848797250859107 0.32265625 0.9072164948453609 0.334375 0.9209621993127148 0.328125 0.9450171821305842 0.33125 0.9518900343642611 0.3296875 0.9415807560137457 0.3375 0.9415807560137457 0.3390625 0.9518900343642611 0.34921875 0.9536082474226806 0.3609375 0.9656357388316152 0.3703125 0.9518900343642611 0.3703125 0.9432989690721649 0.359375 0.9398625429553265 0.35625 0.9329896907216495 0.3578125 0.9226804123711341 0.3625 0.9226804123711341 0.36484375 0.9158075601374571 0.371875 0.9209621993127148 0.38671875 0.9209621993127148 0.40078125 0.9140893470790379 0.40078125 0.9003436426116839 0.390625 0.8969072164948454 0.3875 0.8780068728522338 0.3765625 0.8556701030927837 0.365625 0.8178694158075602 0.375 0.7439862542955327 0.37578125 0.7302405498281788 0.37265625 0.7233676975945018 0.3765625 0.7199312714776632 0.375 0.7147766323024055 0.37734375 0.7061855670103093 0.375 0.7027491408934708 0.37265625 0.7010309278350516 0.36796875 0.7130584192439863 0.36796875 0.7336769759450172 0.3640625 0.7508591065292097 0.36484375 0.7646048109965636 0.359375 0.7817869415807561 0.3625 0.7903780068728523 0.35859375 0.79553264604811 0.35703125 0.8058419243986255 0.3421875 0.8178694158075602 0.31796875 0.816151202749141 0.31015625 0.8230240549828179 0.2875 0.8247422680412372 0.28984375 0.8419243986254296 0.29375 0.8436426116838488
0 0.31015625 0.6357388316151203 0.3453125 0.6288659793814434 0.35 0.6237113402061857 0.35546875 0.6237113402061857 0.3625 0.6340206185567011 0.36953125 0.6305841924398626 0.371875 0.6185567010309279 0.36796875 0.6116838487972509 0.36875 0.5927835051546392 0.37265625 0.5807560137457045 0.37265625 0.5532646048109966 0.37890625 0.5223367697594502 0.378125 0.5034364261168386 0.37421875 0.4965635738831615 0.36953125 0.4965635738831615 0.328125 0.513745704467354 0.3203125 0.5412371134020619 0.30859375 0.6030927835051547 0.30625 0.6288659793814434 0.31015625 0.6357388316151203
0 0.5015625 0.7938144329896908 0.50625 0.7989690721649485 0.51328125 0.7989690721649485 0.525 0.7869415807560138 0.5515625 0.7886597938144331 0.56171875 0.7835051546391754 0.553125 0.7285223367697595 0.54140625 0.7336769759450172 0.5359375 0.725085910652921 0.53046875 0.725085910652921 0.53046875 0.7199312714776632 0.52578125 0.7147766323024055 0.51328125 0.7147766323024055 0.5046875 0.7233676975945018 0.51328125 0.7285223367697595 0.515625 0.7336769759450172 0.5140625 0.7371134020618557 0.49296875 0.7422680412371134 0.49375 0.7680412371134021 0.5015625 0.7938144329896908
0 0.5078125 0.8213058419243987 0.5109375 0.8505154639175257 0.515625 0.8573883161512029 0.55859375 0.8470790378006873 0.5671875 0.8402061855670103 0.5625 0.79553264604811 0.5578125 0.7886597938144331 0.52890625 0.7920962199312716 0.5109375 0.8058419243986255 0.51171875 0.8127147766323025 0.5078125 0.8213058419243987
0 0.53359375 0.5463917525773196 0.53984375 0.570446735395189 0.56015625 0.5670103092783505 0.58125 0.5549828178694158 0.61640625 0.5498281786941581 0.61953125 0.5446735395189004 0.62265625 0.527491408934708 0.6203125 0.4948453608247423 0.61328125 0.45360824742268047 0.6125 0.4209621993127148 0.60546875 0.3969072164948454 0.5875 0.39518900343642616 0.53984375 0.41065292096219935 0.534375 0.4175257731958763 0.5328125 0.43814432989690727 0.53515625 0.49828178694158076 0.53359375 0.5463917525773196
0 0.340625 0.8573883161512029 0.3453125 0.852233676975945 0.340625 0.8505154639175257 0.33828125 0.852233676975945 0.340625 0.8573883161512029
0 0.33359375 0.9123711340206186 0.3390625 0.9312714776632303 0.3390625 0.9381443298969072 0.33125 0.9415807560137457 0.334375 0.9432989690721649 0.33125 0.9484536082474226 0.3546875 0.9553264604810998 0.35703125 0.963917525773196 0.3390625 0.9879725085910653 0.31875 0.993127147766323 0.3203125 0.9948453608247423 0.34244765625 0.9948453608247423 0.340625 0.9862542955326461 0.34609375 0.9896907216494846 0.346875 0.9948453608247423 0.35234375 0.9948453608247423 0.35625 0.9879725085910653 0.35859375 0.9948453608247423 0.42890625 0.993127147766323 0.4296875 0.9810996563573884 0.415625 0.9621993127147768 0.41640625 0.9467353951890034 0.4203125 0.9381443298969072 0.4078125 0.9175257731958764 0.3921875 0.8728522336769761 0.38515625 0.8711340206185568 0.3765625 0.8505154639175257 0.371875 0.8505154639175257 0.3734375 0.8419243986254296 0.3703125 0.8350515463917526 0.37109375 0.8247422680412372 0.36640625 0.8195876288659795 0.3703125 0.8109965635738833 0.36953125 0.7783505154639176 0.36640625 0.7817869415807561 0.365625 0.8006872852233677 0.36171875 0.8127147766323025 0.365625 0.816151202749141 0.36328125 0.8247422680412372 0.371875 0.8436426116838488 0.37109375 0.8573883161512029 0.36015625 0.8711340206185568 0.35703125 0.8711340206185568 0.35546875 0.8625429553264606 0.34453125 0.8676975945017184 0.34375 0.8745704467353953 0.33125 0.8780068728522338 0.321875 0.8934707903780069 0.32578125 0.9054982817869417 0.33359375 0.9123711340206186
0 0.3734375 0.7625 0.00078125 0.003125
0 0.37578125 0.7439862542955327 0.3734375 0.7336769759450172 0.371875 0.7405498281786942 0.37578125 0.7439862542955327
0 0.6953125 0.7766323024054984 0.69453125 0.7714776632302407 0.690625 0.7749140893470792 0.6953125 0.7766323024054984
0 0.6359375 0.7285223367697595 0.68125 0.711340206185567 0.7015625 0.7130584192439863 0.70546875 0.6580756013745706 0.69765625 0.6494845360824744 0.67890625 0.6512027491408936 0.65625 0.6563573883161513 0.64765625 0.6632302405498283 0.63359375 0.6632302405498283 0.6296875 0.6701030927835052 0.6296875 0.725085910652921 0.6359375 0.7285223367697595
0 0.521875 0.2457044673539519 0.57578125 0.22508591065292097 0.57734375 0.21993127147766325 0.575 0.18213058419243988 0.57109375 0.16666666666666669 0.521875 0.18900343642611686 0.51953125 0.1941580756013746 0.521875 0.2457044673539519
0 0.35234375 0.4089347079037801 0.390625 0.3934707903780069 0.39453125 0.38487972508591073 0.396875 0.3625429553264605 0.403125 0.3384879725085911 0.403125 0.3195876288659794 0.38359375 0.31615120274914094 0.36171875 0.3298969072164949 0.3484375 0.39518900343642616 0.34765625 0.40549828178694164 0.35234375 0.4089347079037801
0 0.35703125 0.9398625429553265 0.36796875 0.9518900343642611 0.3640625 0.9656357388316152 0.36953125 0.9793814432989691 0.36015625 0.993127147766323 0.3703125 0.9948453608247423 0.371875 0.9879725085910653 0.37442734375 0.9948453608247423 0.43203125 0.9948453608247423 0.4359375 0.9896907216494846 0.43359375 0.9656357388316152 0.42578125 0.9501718213058419 0.428125 0.9347079037800687 0.41484375 0.9278350515463918 0.40390625 0.9054982817869417 0.4015625 0.9158075601374571 0.39765625 0.9158075601374571 0.396875 0.9106529209621994 0.39296875 0.9140893470790379 0.39322890625 0.9192439862542956 0.36953125 0.9175257731958764 0.37265625 0.9243986254295533 0.3703125 0.9312714776632303 0.3515625 0.9312714776632303 0.34921875 0.9381443298969072 0.35703125 0.9398625429553265
0 0.4015625 0.9003436426116839 0.40234375 0.8969072164948454 0.39921875 0.8934707903780069 0.39765625 0.8969072164948454 0.4015625 0.9003436426116839
0 0.390625 0.8745704467353953 0.39375 0.8883161512027492 0.396875 0.8900343642611684 0.39375 0.8762886597938145 0.39609375 0.8711340206185568 0.39375 0.8694158075601376 0.390625 0.8676975945017184 0.390625 0.8745704467353953
0 0.3859375 0.8230240549828179 0.3828125 0.8195876288659795 0.38203125 0.8230240549828179 0.3859375 0.8230240549828179
0 0.371875 0.8127147766323025 0.36953125 0.809278350515464 0.36953125 0.8144329896907218 0.371875 0.8127147766323025
0 0.29296875 0.4347079037800688 0.3390625 0.4209621993127148 0.3453125 0.40549828178694164 0.3546875 0.34879725085910657 0.353125 0.3436426116838488 0.34140625 0.3436426116838488 0.30703125 0.3608247422680413 0.29140625 0.41408934707903783 0.290625 0.4261168384879725 0.29296875 0.4347079037800688
0 0.271875 0.5360824742268042 0.29140625 0.5240549828178694 0.3234375 0.513745704467354 0.3265625 0.5068728522336771 0.3265625 0.4914089347079038 0.3328125 0.4553264604810997 0.3359375 0.4518900343642612 0.3390625 0.43298969072164956 0.33671875 0.42783505154639184 0.3203125 0.42783505154639184 0.28984375 0.44158075601374575 0.28515625 0.4484536082474227 0.26796875 0.5085910652920963 0.2671875 0.527491408934708 0.271875 0.5360824742268042
0 0.1765625 0.8127147766323025 0.18125 0.8350515463917526 0.18828125 0.8367697594501718 0.1921875 0.8487972508591065 0.2015625 0.852233676975945 0.20625 0.8625429553264606 0.21328125 0.8625429553264606 0.2203125 0.8539518900343642 0.22421875 0.8659793814432991 0.228125 0.852233676975945 0.240625 0.845360824742268 0.27265625 0.8436426116838488 0.27578125 0.8367697594501718 0.2640625 0.8109965635738833 0.265625 0.7920962199312716 0.2703125 0.7680412371134021 0.2703125 0.7508591065292097 0.278125 0.7130584192439863 0.2828125 0.7061855670103093 0.28359375 0.6804123711340206 0.28828125 0.6701030927835052 0.290625 0.6512027491408936 0.2828125 0.6477663230240551 0.2125 0.6701030927835052 0.2109375 0.6890034364261168 0.2046875 0.6975945017182131 0.2046875 0.7147766323024055 0.19921875 0.7216494845360826 0.19765625 0.738831615120275 0.19140625 0.7508591065292097 0.19140625 0.7680412371134021 0.18359375 0.7783505154639176 0.184375 0.7989690721649485 0.1765625 0.8127147766323025
0 0.63359375 0.8006872852233677 0.64296875 0.7920962199312716 0.64609375 0.7972508591065293 0.64765625 0.7852233676975946 0.6453125 0.7817869415807561 0.65078125 0.7783505154639176 0.665625 0.7766323024054984 0.69609375 0.7852233676975946 0.70546875 0.6752577319587629 0.70546875 0.6546391752577321 0.703125 0.6494845360824744 0.665625 0.6529209621993128 0.63046875 0.6649484536082475 0.6296875 0.7766323024054984 0.63359375 0.8006872852233677
0 0.49296875 0.5652920962199313 0.49296875 0.5721649484536082 0.48203125 0.563573883161512 0.4765625 0.5790378006872853 0.465625 0.5738831615120275 0.46015625 0.5807560137457045 0.45625 0.5738831615120275 0.459375 0.5824742268041238 0.45625 0.5893470790378007 0.4578125 0.6082474226804124 0.4625 0.6254295532646049 0.4703125 0.6288659793814434 0.50703125 0.6099656357388317 0.5359375 0.6134020618556701 0.53671875 0.5910652920962199 0.52890625 0.5515463917525774 0.51796875 0.5532646048109966 0.5140625 0.5463917525773196 0.51953125 0.5395189003436427 0.5171875 0.5360824742268042 0.51953125 0.5309278350515465 0.515625 0.5378006872852235 0.5015625 0.5378006872852235 0.5 0.5532646048109966 0.49609375 0.5463917525773196 0.49453125 0.5326460481099657 0.49140625 0.5326460481099657 0.49765625 0.5584192439862543 0.49296875 0.5652920962199313
0 0.52890625 0.5429553264604812 0.52890625 0.5240549828178694 0.5234375 0.527491408934708 0.52109375 0.5292096219931273 0.52890625 0.5429553264604812
0 0.45625 0.5265625 0.00078125 0.00859375
0 0.52890625 0.5085910652920963 0.528125 0.5 0.5234375 0.5051546391752578 0.52890625 0.5085910652920963
0 0.515625 0.50078125 0.00078125 0.0015625
0 0.5 0.47594501718213056 0.4984375 0.4725085910652921 0.49765625 0.4776632302405499 0.5 0.47594501718213056
0 0.5640625 0.84140625 0.00078125 0.0015625
0 0.50390625 0.8109965635738833 0.51171875 0.8350515463917526 0.51640625 0.8367697594501718 0.51171875 0.8470790378006873 0.51484375 0.8487972508591065 0.51796875 0.8384879725085911 0.52265625 0.8436426116838488 0.525 0.8367697594501718 0.5265625 0.8419243986254296 0.5296875 0.8402061855670103 0.52421875 0.8350515463917526 0.52578125 0.8247422680412372 0.5375 0.816151202749141 0.56328125 0.8195876288659795 0.56171875 0.7938144329896908 0.55546875 0.7680412371134021 0.54921875 0.7680412371134021 0.54140625 0.7817869415807561 0.53671875 0.7835051546391754 0.50390625 0.7817869415807561 0.5015625 0.7869415807560138 0.50390625 0.8109965635738833
0 0.3640625 0.9484536082474226 0.35078125 0.9467353951890034 0.3578125 0.9553264604810998 0.3640625 0.9484536082474226
0 0.35390625 0.9421875 0.003125 0.0015625
0 0.296875 0.8298969072164949 0.29140625 0.8333333333333334 0.28984375 0.8367697594501718 0.296875 0.8298969072164949
0 0.353125 0.7972508591065293 0.353125 0.7886597938144331 0.35078125 0.7886597938144331 0.35 0.79553264604811 0.353125 0.7972508591065293
0 0.3125 0.8316151202749141 0.31171875 0.8419243986254296 0.30390625 0.8573883161512029 0.3046875 0.8762886597938145 0.31796875 0.8883161512027492 0.325 0.9072164948453609 0.33984375 0.9226804123711341 0.3390625 0.9278350515463918 0.340625 0.9243986254295533 0.3453125 0.9312714776632303 0.3578125 0.9020618556701031 0.37578125 0.8969072164948454 0.38671875 0.88659793814433 0.3859375 0.8762886597938145 0.37578125 0.8539518900343642 0.365625 0.8195876288659795 0.3765625 0.7439862542955327 0.3796875 0.6941580756013745 0.36875 0.6975945017182131 0.36328125 0.7079037800687286 0.3640625 0.7268041237113403 0.3609375 0.7353951890034365 0.35859375 0.7783505154639176 0.35546875 0.7852233676975946 0.35859375 0.7920962199312716 0.35234375 0.816151202749141 0.346875 0.8230240549828179 0.33828125 0.8230240549828179 0.32734375 0.8127147766323025 0.32734375 0.8195876288659795 0.32109375 0.8213058419243987 0.3203125 0.8298969072164949 0.31640625 0.8213058419243987 0.30390625 0.8281786941580757 0.30703125 0.8367697594501718 0.3125 0.8316151202749141
0 0.3734375 0.6804123711340206 0.37734375 0.668384879725086 0.375 0.6477663230240551 0.36953125 0.6477663230240551 0.36640625 0.6580756013745706 0.36640625 0.6735395189003437 0.3734375 0.6804123711340206
0 0.17734375 0.8075601374570448 0.18046875 0.8350515463917526 0.18828125 0.8384879725085911 0.19296875 0.852233676975945 0.2015625 0.8539518900343642 0.20625 0.8642611683848799 0.21328125 0.8659793814432991 0.22109375 0.8556701030927837 0.22265625 0.8625429553264606 0.2203125 0.8659793814432991 0.2234375 0.8676975945017184 0.23046875 0.8505154639175257 0.2734375 0.8402061855670103 0.275 0.8350515463917526 0.271875 0.8281786941580757 0.26875 0.8281786941580757 0.26328125 0.8109965635738833 0.26640625 0.8058419243986255 0.265625 0.7852233676975946 0.26875 0.7714776632302407 0.26875 0.7594501718213059 0.26640625 0.7542955326460482 0.23203125 0.7577319587628867 0.22265625 0.7663230240549829 0.21015625 0.7680412371134021 0.19765625 0.7628865979381444 0.18515625 0.7749140893470792 0.18671875 0.79553264604811 0.17734375 0.8075601374570448
0 0.19609375 0.7508591065292097 0.20078125 0.7474226804123713 0.19609375 0.7439862542955327 0.19375 0.7474226804123713 0.19609375 0.7508591065292097
0 0.24140625 0.7336769759450172 0.23359375 0.7371134020618557 0.23203125 0.7405498281786942 0.24140625 0.7336769759450172
0 0.271875 0.7265625 0.00078125 0.003125
0 0.203125 0.72265625 0.0015625 0.0015625
0 0.49296875 0.5910652920962199 0.49453125 0.5996563573883162 0.46015625 0.6134020618556701 0.46640625 0.6477663230240551 0.4703125 0.6563573883161513 0.48359375 0.661512027491409 0.51171875 0.6477663230240551 0.534375 0.6477663230240551 0.540625 0.6391752577319588 0.5375 0.6065292096219932 0.53046875 0.570446735395189 0.509375 0.5721649484536082 0.5046875 0.5807560137457045 0.5015625 0.5738831615120275 0.4984375 0.5876288659793815 0.49296875 0.5910652920962199
0 0.5046875 0.8144329896907218 0.51328125 0.8556701030927837 0.528125 0.8556701030927837 0.5671875 0.8402061855670103 0.5625 0.7938144329896908 0.559375 0.7869415807560138 0.5203125 0.7938144329896908 0.515625 0.7886597938144331 0.50859375 0.7938144329896908 0.5046875 0.802405498281787 0.5046875 0.8144329896907218
0 0.45234375 0.534364261168385 0.4515625 0.563573883161512 0.46015625 0.6134020618556701 0.46875 0.6151202749140894 0.50234375 0.5979381443298969 0.53359375 0.5979381443298969 0.5328125 0.5601374570446735 0.53046875 0.5498281786941581 0.53203125 0.5 0.5296875 0.4312714776632303 0.52578125 0.4209621993127148 0.51171875 0.41924398625429554 0.4953125 0.4295532646048111 0.4671875 0.43642611683848803 0.45859375 0.4484536082474227 0.45625 0.46219931271477666 0.45546875 0.5171821305841925 0.45234375 0.534364261168385
0 0.4875 0.7353951890034365 0.49296875 0.7474226804123713 0.49296875 0.7680412371134021 0.49765625 0.7749140893470792 0.49921875 0.79553264604811 0.509375 0.8316151202749141 0.51171875 0.852233676975945 0.525 0.8556701030927837 0.565625 0.8419243986254296 0.5609375 0.7749140893470792 0.55546875 0.7646048109965636 0.55625 0.7508591065292097 0.553125 0.7302405498281788 0.54609375 0.7096219931271478 0.53828125 0.7147766323024055 0.51015625 0.7147766323024055 0.4921875 0.7233676975945018 0.4875 0.7268041237113403 0.4875 0.7353951890034365
0 0.83046875 0.29553264604810997 0.8375 0.3195876288659794 0.83515625 0.34536082474226804 0.8453125 0.359106529209622 0.878125 0.3608247422680413 0.89609375 0.3556701030927835 0.91484375 0.3608247422680413 0.91484375 0.34536082474226804 0.9234375 0.3298969072164949 0.9203125 0.3041237113402062 0.91171875 0.288659793814433 0.9046875 0.2628865979381444 0.8953125 0.24742268041237114 0.85703125 0.25429553264604815 0.85 0.26460481099656363 0.83125 0.2611683848797251 0.82734375 0.26460481099656363 0.82421875 0.2766323024054983 0.82421875 0.2852233676975945 0.83046875 0.29553264604810997
0 0.60703125 0.7886597938144331 0.60546875 0.7869415807560138 0.603125 0.7886597938144331 0.60703125 0.7886597938144331
0 0.5625 0.7542955326460482 0.5609375 0.7611683848797252 0.56328125 0.7886597938144331 0.56953125 0.816151202749141 0.5859375 0.8127147766323025 0.58828125 0.809278350515464 0.58671875 0.7972508591065293 0.5984375 0.7920962199312716 0.6078125 0.7783505154639176 0.61484375 0.7852233676975946 0.61328125 0.79553264604811 0.615625 0.8006872852233677 0.6265625 0.8041237113402062 0.62734375 0.725085910652921 0.625 0.6855670103092784 0.61328125 0.7010309278350516 0.58125 0.7027491408934708 0.55859375 0.718213058419244 0.55703125 0.7336769759450172 0.5625 0.7542955326460482
0 0.5875 0.7817869415807561 0.584375 0.7800687285223369 0.58203125 0.7817869415807561 0.5875 0.7817869415807561
0 0.62265625 0.7697594501718215 0.6203125 0.7646048109965636 0.6171875 0.7646048109965636 0.62265625 0.7697594501718215
0 0.56015625 0.7371134020618557 0.5859375 0.7336769759450172 0.5921875 0.718213058419244 0.59765625 0.7130584192439863 0.6125 0.7233676975945018 0.615625 0.7302405498281788 0.6234375 0.7268041237113403 0.62421875 0.6580756013745706 0.62265625 0.6443298969072165 0.6171875 0.6340206185567011 0.5828125 0.6374570446735396 0.55546875 0.6494845360824744 0.54921875 0.6649484536082475 0.5515625 0.7096219931271478 0.56015625 0.7371134020618557
0 0.58671875 0.7027491408934708 0.598046875 0.7027491408934708 0.60390625 0.6941580756013745 0.603125 0.7027491408934708 0.609375 0.6958762886597938 0.5984375 0.6855670103092784 0.5921875 0.6924398625429553 0.5890625 0.6855670103092784 0.58671875 0.6890034364261168 0.584375 0.6993127147766324 0.58671875 0.7027491408934708
0 0.575 0.6752577319587629 0.571875 0.6752577319587629 0.5703125 0.6786941580756014 0.575 0.6752577319587629
0 0.59375 0.6666666666666667 0.59140625 0.6649484536082475 0.590625 0.6718213058419245 0.59375 0.6666666666666667
0 0.59921875 0.6632302405498283 0.6015625 0.668384879725086 0.6109375 0.6649484536082475 0.609375 0.6580756013745706 0.60078125 0.6597938144329898 0.58984375 0.6529209621993128 0.5859375 0.6580756013745706 0.59921875 0.6632302405498283
0 0.55390625 0.6975945017182131 0.553125 0.7130584192439863 0.55859375 0.7233676975945018 0.5625 0.7233676975945018 0.5751805904522613 0.7053221433628625 0.5546875 0.6993127147766324 0.56015625 0.6821305841924399 0.565625 0.6786941580756014 0.55625 0.668384879725086 0.559375 0.6512027491408936 0.57109375 0.6529209621993128 0.6 0.6408934707903781 0.61015625 0.6460481099656358 0.61875 0.6374570446735396 0.6234375 0.6219931271477663 0.6171875 0.5910652920962199 0.57109375 0.6030927835051547 0.5546875 0.6099656357388317 0.5453125 0.6202749140893471 0.54375 0.6391752577319588 0.55 0.6580756013745706 0.5484375 0.6821305841924399 0.55390625 0.6975945017182131
0 0.6390625 0.8436426116838488 0.69296875 0.8281786941580757 0.69609375 0.8109965635738833 0.69609375 0.7903780068728523 0.67421875 0.7920962199312716 0.66328125 0.7886597938144331 0.6625 0.7817869415807561 0.65703125 0.7800687285223369 0.65625 0.7869415807560138 0.653125 0.7835051546391754 0.65546875 0.7972508591065293 0.65390625 0.802405498281787 0.63203125 0.8058419243986255 0.63125 0.8384879725085911 0.6390625 0.8436426116838488
0 0.56015625 0.738831615120275 0.5625 0.738831615120275 0.5625 0.7439862542955327 0.56484375 0.7405498281786942 0.571875 0.745704467353952 0.5703125 0.752577319587629 0.57421875 0.7594501718213059 0.57421875 0.7663230240549829 0.56796875 0.7714776632302407 0.56875 0.7783505154639176 0.5640625 0.7869415807560138 0.5640625 0.802405498281787 0.56875 0.8195876288659795 0.571875 0.8470790378006873 0.57734375 0.8487972508591065 0.58359375 0.8419243986254296 0.58515625 0.8470790378006873 0.58671875 0.8264604810996564 0.59140625 0.8230240549828179 0.59453125 0.8298969072164949 0.6109375 0.8333333333333334 0.61875 0.8333333333333334 0.6265625 0.8247422680412372 0.62578125 0.711340206185567 0.62265625 0.7027491408934708 0.6125 0.7079037800687286 0.6015625 0.7044673539518901 0.5796875 0.7096219931271478 0.57421875 0.7147766323024055 0.571875 0.725085910652921 0.565625 0.7302405498281788 0.56015625 0.7268041237113403 0.5625 0.7371134020618557 0.56015625 0.738831615120275
0 0.42890625 0.8969072164948454 0.42890625 0.8917525773195877 0.4265625 0.8917525773195877 0.425 0.8951890034364262 0.42890625 0.8969072164948454
0 0.50859375 0.8694158075601376 0.50859375 0.8591065292096222 0.5046875 0.8573883161512029 0.50234375 0.8625429553264606 0.50859375 0.8694158075601376
0 0.4484375 0.9158075601374571 0.45546875 0.9278350515463918 0.44921875 0.9347079037800687 0.446875 0.9450171821305842 0.45234375 0.9432989690721649 0.45390625 0.9553264604810998 0.44921875 0.9587628865979383 0.44453125 0.9725085910652922 0.434375 0.9793814432989691 0.44140625 0.9759450171821307 0.4421875 0.993127147766323 0.5125 0.993127147766323 0.50859375 0.9243986254295533 0.509375 0.8814432989690723 0.50546875 0.8728522336769761 0.49921875 0.8711340206185568 0.5 0.8642611683848799 0.49609375 0.8591065292096222 0.5078125 0.852233676975945 0.50546875 0.8316151202749141 0.50078125 0.8230240549828179 0.49375 0.8230240549828179 0.48984375 0.8384879725085911 0.48359375 0.8402061855670103 0.484375 0.8436426116838488 0.48046875 0.8487972508591065 0.484375 0.8556701030927837 0.48359375 0.8642611683848799 0.4859375 0.8694158075601376 0.48125 0.88659793814433 0.46796875 0.8883161512027492 0.46328125 0.9003436426116839 0.45859375 0.8986254295532646 0.45703125 0.8900343642611684 0.45390625 0.8969072164948454 0.451953125 0.8900343642611684 0.45 0.8969072164948454 0.44609375 0.8917525773195877 0.44921875 0.8969072164948454 0.4484375 0.9158075601374571
0 0.484375 0.7680412371134021 0.48203125 0.7646048109965636 0.48046875 0.7697594501718215 0.484375 0.7680412371134021
0 0.2640625 0.9329896907216495 0.27890625 0.9261168384879725 0.28359375 0.929553264604811 0.2859375 0.9226804123711341 0.29296875 0.9192439862542956 0.31171875 0.9175257731958764 0.3171875 0.9072164948453609 0.31328125 0.8900343642611684 0.29375 0.8676975945017184 0.28046875 0.8745704467353953 0.25 0.8762886597938145 0.2265625 0.88659793814433 0.2640625 0.9329896907216495
0 0.26875 0.8109965635738833 0.27109375 0.8006872852233677 0.2671875 0.7886597938144331 0.26875 0.7835051546391754 0.2625 0.7989690721649485 0.26875 0.8109965635738833
0 0.284375 0.7044673539518901 0.28203125 0.7010309278350516 0.2828125 0.7096219931271478 0.284375 0.7044673539518901
0 0.415625 0.993127147766323 0.41328125 0.9914089347079038 0.4078125 0.993127147766323 0.415625 0.993127147766323
0 0.4296875 0.9673539518900345 0.43671875 0.963917525773196 0.4265625 0.9604810996563575 0.425 0.963917525773196 0.4296875 0.9673539518900345
0 0.4234375 0.9467353951890034 0.425 0.9536082474226806 0.4265625 0.9518900343642611 0.42578125 0.9450171821305842 0.41796875 0.9501718213058419 0.41953125 0.9536082474226806 0.4234375 0.9467353951890034
0 0.43125 0.8328125 0.00078125 0.0015625
0 0.4234375 0.8178694158075602 0.41953125 0.816151202749141 0.42109375 0.8230240549828179 0.4234375 0.8178694158075602
0 0.40234375 0.8298969072164949 0.41171875 0.8178694158075602 0.4109375 0.8127147766323025 0.39609375 0.816151202749141 0.39609375 0.8230240549828179 0.40234375 0.8298969072164949
0 0.4390625 0.81015625 0.003125 0.0015625
0 0.40390625 0.8780068728522338 0.40859375 0.8969072164948454 0.4140625 0.9037800687285223 0.4125 0.9106529209621994 0.41484375 0.9209621993127148 0.421875 0.9261168384879725 0.42890625 0.9209621993127148 0.4359375 0.929553264604811 0.43125 0.9381443298969072 0.43359375 0.9415807560137457 0.4328125 0.9518900343642611 0.43984375 0.9518900343642611 0.4421875 0.957044673539519 0.43984375 0.9690721649484537 0.43203125 0.9793814432989691 0.43125 0.993127147766323 0.434375 0.9862542955326461 0.4390625 0.9948453608247423 0.5125 0.993127147766323 0.5078125 0.8419243986254296 0.4875 0.7646048109965636 0.48203125 0.7542955326460482 0.471875 0.752577319587629 0.46953125 0.7594501718213059 0.46171875 0.7611683848797252 0.459375 0.7766323024054984 0.4546875 0.7817869415807561 0.4640625 0.7920962199312716 0.4609375 0.8041237113402062 0.45390625 0.809278350515464 0.4546875 0.8178694158075602 0.44765625 0.8316151202749141 0.44375 0.8281786941580757 0.44453125 0.8230240549828179 0.44375 0.8264604810996564 0.4390625 0.8213058419243987 0.44140625 0.8384879725085911 0.4390625 0.8367697594501718 0.44375 0.8591065292096222 0.421875 0.8625429553264606 0.4140625 0.8573883161512029 0.4 0.8694158075601376 0.39921875 0.8745704467353953 0.40390625 0.8780068728522338
0 0.4453125 0.7800687285223369 0.44921875 0.7903780068728523 0.4453125 0.7895189003436427 0.4453125 0.7989690721649485 0.45078125 0.79553264604811 0.4484375 0.7783505154639176 0.45390625 0.7714776632302407 0.45 0.7577319587628867 0.4546875 0.7508591065292097 0.44765625 0.7508591065292097 0.44921875 0.7646048109965636 0.4453125 0.7800687285223369
0 0.55 0.6512027491408936 0.58125 0.6374570446735396 0.61328125 0.6340206185567011 0.621875 0.6219931271477663 0.61640625 0.5893470790378007 0.578125 0.5996563573883162 0.5453125 0.6151202749140894 0.54375 0.6408934707903781 0.55 0.6512027491408936
0 0.50078125 0.7835051546391754 0.540625 0.7749140893470792 0.55625 0.7646048109965636 0.5578125 0.7594501718213059 0.553125 0.7336769759450172 0.53984375 0.7371134020618557 0.5359375 0.7302405498281788 0.52578125 0.738831615120275 0.49453125 0.7508591065292097 0.49296875 0.7646048109965636 0.50078125 0.7835051546391754
0 0.47578125 0.661512027491409 0.51015625 0.6477663230240551 0.5390625 0.6460481099656358 0.54140625 0.6357388316151203 0.5359375 0.6013745704467355 0.53125 0.5996563573883162 0.521875 0.6013745704467355 0.5203125 0.6065292096219932 0.5078125 0.6013745704467355 0.50703125 0.6065292096219932 0.49140625 0.6099656357388317 0.48984375 0.6151202749140894 0.4875 0.6116838487972509 0.48671875 0.6168384879725086 0.46484375 0.6219931271477663 0.46640625 0.6477663230240551 0.47578125 0.661512027491409
0 0.53671875 0.69140625 0.0015625 0.0015625
0 0.4875 0.6786941580756014 0.49765625 0.6838487972508591 0.49765625 0.6789232531500573 0.49140625 0.6752577319587629 0.4875 0.6786941580756014
0 0.503125 0.6821305841924399 0.49886363636363634 0.6796313651983755 0.50078125 0.6838487972508591 0.503125 0.6821305841924399
0 0.47109375 0.661512027491409 0.475 0.6632302405498283 0.4734375 0.668384879725086 0.47890625 0.6666666666666667 0.4765625 0.6804123711340206 0.4828125 0.6993127147766324 0.48359375 0.7147766323024055 0.48828125 0.7233676975945018 0.4875 0.7371134020618557 0.49453125 0.752577319587629 0.525 0.738831615120275 0.5515625 0.7336769759450172 0.54765625 0.7216494845360826 0.54765625 0.7079037800687286 0.54375 0.6993127147766324 0.54609375 0.6941580756013745 0.53046875 0.7044673539518901 0.5265625 0.6975945017182131 0.52265625 0.6993127147766324 0.521875 0.6924398625429553 0.52734375 0.6855670103092784 0.52578125 0.6821305841924399 0.51796875 0.6890034364261168 0.50859375 0.6821305841924399 0.51171875 0.6941580756013745 0.50625 0.6975945017182131 0.50546875 0.6907216494845361 0.5015625 0.6941580756013745 0.484375 0.6838487972508591 0.48046875 0.6769759450171822 0.47890625 0.6632302405498283 0.49453125 0.661512027491409 0.50234375 0.6546391752577321 0.5296875 0.6529209621993128 0.54140625 0.6580756013745706 0.540625 0.6323024054982819 0.5359375 0.6013745704467355 0.53203125 0.5962199312714777 0.51875 0.6030927835051547 0.5015625 0.6013745704467355 0.4984375 0.6099656357388317 0.465625 0.6219931271477663 0.46484375 0.6477663230240551 0.47109375 0.661512027491409
0 0.56953125 0.8436426116838488 0.57265625 0.8505154639175257 0.615625 0.8402061855670103 0.62734375 0.8247422680412372 0.6265625 0.7731958762886599 0.62109375 0.7577319587628867 0.5890625 0.7731958762886599 0.58671875 0.7835051546391754 0.5765625 0.7903780068728523 0.56640625 0.7903780068728523 0.5640625 0.7989690721649485 0.56953125 0.8436426116838488
0 0.61640625 0.74296875 0.00625 0.0015625
0 0.54609375 0.6099656357388317 0.61640625 0.5910652920962199 0.6203125 0.5876288659793815 0.621875 0.5790378006872853 0.6203125 0.5618556701030928 0.61484375 0.5515463917525774 0.5796875 0.5532646048109966 0.57734375 0.5584192439862543 0.55 0.5652920962199313 0.53828125 0.5738831615120275 0.5375 0.5859106529209622 0.54609375 0.6099656357388317
0 0.23125 0.8900343642611684 0.24375 0.9106529209621994 0.2828125 0.9553264604810998 0.2875 0.9553264604810998 0.28984375 0.963917525773196 0.3 0.9759450171821307 0.303125 0.9604810996563575 0.3078125 0.9656357388316152 0.30390625 0.9381443298969072 0.3203125 0.9329896907216495 0.32421875 0.9398625429553265 0.33203125 0.9243986254295533 0.328125 0.9123711340206186 0.3328125 0.9072164948453609 0.321875 0.9089347079037802 0.321875 0.9003436426116839 0.3171875 0.88659793814433 0.3125 0.8883161512027492 0.30703125 0.8814432989690723 0.29296875 0.8505154639175257 0.2890625 0.8556701030927837 0.28828125 0.8505154639175257 0.2875 0.8608247422680414 0.2828125 0.8659793814432991 0.2265625 0.8814432989690723 0.22734375 0.8900343642611684 0.23125 0.8900343642611684
0 0.31328125 0.7984375 0.0015625 0.0015625
0 0.30390625 0.7989690721649485 0.29609375 0.79553264604811 0.29609375 0.8041237113402062 0.30390625 0.7989690721649485
0 0.28671875 0.8419243986254296 0.2859375 0.8298969072164949 0.29296875 0.816151202749141 0.2984375 0.8264604810996564 0.30390625 0.8247422680412372 0.29140625 0.8127147766323025 0.28671875 0.7989690721649485 0.2828125 0.7989690721649485 0.2796875 0.8058419243986255 0.27421875 0.802405498281787 0.27109375 0.7920962199312716 0.2720666273584906 0.7803280814368152 0.26875 0.7817869415807561 0.26484375 0.79553264604811 0.2640625 0.8006872852233677 0.26875 0.8144329896907218 0.28203125 0.8402061855670103 0.28671875 0.8419243986254296
0 0.275 0.7560137457044674 0.275 0.745704467353952 0.271875 0.7542955326460482 0.275 0.7560137457044674
0 0.2859375 0.7044673539518901 0.28515625 0.6993127147766324 0.28203125 0.7010309278350516 0.2828125 0.7147766323024055 0.2859375 0.7044673539518901
0 0.55703125 0.40549828178694164 0.56328125 0.39862542955326463 0.59453125 0.3934707903780069 0.59921875 0.38316151202749144 0.5921875 0.3230240549828179 0.58828125 0.31271477663230246 0.5640625 0.3178694158075602 0.52578125 0.3402061855670103 0.52890625 0.41408934707903783 0.55703125 0.40549828178694164
0 0.559375 0.80390625 0.00078125 0.003125
0 0.4875 0.7405498281786942 0.49375 0.7560137457044674 0.4984375 0.7560137457044674 0.49765625 0.7749140893470792 0.50078125 0.7972508591065293 0.51171875 0.8247422680412372 0.5140625 0.816151202749141 0.51015625 0.8058419243986255 0.51796875 0.7972508591065293 0.53125 0.7903780068728523 0.55703125 0.7903780068728523 0.5609375 0.7852233676975946 0.5609375 0.7766323024054984 0.55390625 0.7611683848797252 0.5546875 0.7302405498281788 0.546875 0.7027491408934708 0.54609375 0.6907216494845361 0.54375 0.7044673539518901 0.5375 0.7079037800687286 0.515625 0.7079037800687286 0.48671875 0.7199312714776632 0.48515625 0.7285223367697595 0.4875 0.7405498281786942
0 0.5859375 0.22508591065292097 0.621875 0.20962199312714777 0.63828125 0.20790378006872853 0.6421875 0.20274914089347082 0.640625 0.17697594501718214 0.63125 0.14261168384879724 0.60703125 0.14948453608247422 0.57734375 0.16838487972508592 0.58046875 0.20790378006872853 0.5859375 0.22508591065292097
0 0.28359375 0.9398625429553265 0.27578125 0.9398625429553265 0.271875 0.9329896907216495 0.26875 0.936426116838488 0.31015625 0.9914089347079038 0.33828125 0.9948453608247423 0.365625 0.9896907216494846 0.36640625 0.9776632302405499 0.36171875 0.9759450171821307 0.35234375 0.9518900343642611 0.34296875 0.9467353951890034 0.32890625 0.9140893470790379 0.31796875 0.9072164948453609 0.30859375 0.9158075601374571 0.28828125 0.9140893470790379 0.284375 0.9209621993127148 0.2828125 0.9140893470790379 0.28125 0.9278350515463918 0.28359375 0.9398625429553265
0 0.3796875 0.49312714776632305 0.390625 0.41580756013745707 0.390625 0.3969072164948454 0.37578125 0.39862542955326463 0.3453125 0.41408934707903783 0.3296875 0.4828178694158076 0.3296875 0.5085910652920963 0.3796875 0.49312714776632305
0 0.51015625 0.993127147766323 0.50859375 0.9862542955326461 0.50390625 0.993127147766323 0.51015625 0.993127147766323
0 0.44765625 0.7611683848797252 0.45 0.7697594501718215 0.4453125 0.7766323024054984 0.4453125 0.7938144329896908 0.44921875 0.79553264604811 0.45234375 0.8109965635738833 0.4578125 0.8213058419243987 0.45546875 0.8230240549828179 0.45703125 0.8281786941580757 0.4546875 0.8333333333333334 0.4421875 0.8376740821124977 0.4421875 0.8436426116838488 0.45234375 0.8556701030927837 0.453125 0.8694158075601376 0.45546875 0.8642611683848799 0.45703125 0.8762886597938145 0.446875 0.879725085910653 0.45546875 0.8831615120274915 0.45625 0.8934707903780069 0.45234375 0.8969072164948454 0.45546875 0.8951890034364262 0.45625 0.9020618556701031 0.465625 0.9072164948453609 0.475 0.9226804123711341 0.484375 0.9278350515463918 0.4859375 0.9175257731958764 0.4921875 0.9209621993127148 0.4984375 0.9140893470790379 0.50078125 0.9243986254295533 0.4984375 0.9329896907216495 0.5 0.9450171821305842 0.50546875 0.9450171821305842 0.50625 0.9621993127147768 0.509375 0.963917525773196 0.51015625 0.9020618556701031 0.50859375 0.8814432989690723 0.50625 0.8780068728522338 0.50859375 0.8694158075601376 0.50625 0.8556701030927837 0.51015625 0.8436426116838488 0.50703125 0.8316151202749141 0.50859375 0.8264604810996564 0.503125 0.8195876288659795 0.50625 0.79553264604811 0.49765625 0.7852233676975946 0.4921875 0.7646048109965636 0.4921875 0.7542955326460482 0.4859375 0.738831615120275 0.4796875 0.7336769759450172 0.4765625 0.7216494845360826 0.47890625 0.7164948453608248 0.471875 0.6993127147766324 0.47265625 0.6907216494845361 0.4640625 0.6718213058419245 0.46328125 0.6512027491408936 0.459375 0.6529209621993128 0.46171875 0.661512027491409 0.46015625 0.6701030927835052 0.45234375 0.668384879725086 0.45234375 0.7405498281786942 0.4484375 0.7474226804123713 0.45 0.7542955326460482 0.44765625 0.7611683848797252
0 0.509375 0.8316151202749141 0.51015625 0.8487972508591065 0.5140625 0.8556701030927837 0.56640625 0.8402061855670103 0.559375 0.7852233676975946 0.56015625 0.7766323024054984 0.55625 0.7680412371134021 0.5296875 0.7663230240549829 0.5 0.7766323024054984 0.50234375 0.8109965635738833 0.509375 0.8316151202749141
0 0.5 0.7542955326460482 0.4953125 0.7542955326460482 0.49453125 0.7577319587628867 0.5 0.7542955326460482
0 0.51328125 0.7508591065292097 0.51171875 0.7474226804123713 0.51015625 0.7508591065292097 0.51328125 0.7508591065292097
0 0.5203125 0.7577319587628867 0.521875 0.752577319587629 0.52578125 0.7577319587628867 0.52265625 0.7491408934707905 0.52578125 0.7439862542955327 0.51640625 0.7474226804123713 0.51484375 0.7577319587628867 0.5203125 0.7577319587628867
0 0.27890625 0.8075601374570448 0.3140625 0.8058419243986255 0.32109375 0.8109965635738833 0.32421875 0.8058419243986255 0.31875 0.7989690721649485 0.32109375 0.7938144329896908 0.33359375 0.7938144329896908 0.33828125 0.7886597938144331 0.340625 0.7886597938144331 0.33984375 0.79553264604811 0.3421875 0.7920962199312716 0.35703125 0.802405498281787 0.3625 0.7422680412371134 0.36640625 0.7336769759450172 0.36640625 0.7130584192439863 0.36953125 0.7079037800687286 0.37109375 0.6872852233676976 0.37109375 0.6649484536082475 0.36796875 0.6477663230240551 0.353125 0.6254295532646049 0.3 0.6443298969072165 0.28828125 0.6924398625429553 0.2875 0.711340206185567 0.28125 0.7285223367697595 0.2765625 0.7663230240549829 0.27265625 0.7783505154639176 0.271875 0.7938144329896908 0.27890625 0.8075601374570448
0 0.36484375 0.9914089347079038 0.3671875 0.9810996563573884 0.3625 0.9776632302405499 0.359375 0.9845360824742269 0.36484375 0.9914089347079038
0 0.34453125 0.7852233676975946 0.34140625 0.7817869415807561 0.3390625 0.7869415807560138 0.34453125 0.7852233676975946
0 0.29296875 0.852233676975945 0.3 0.8419243986254296 0.30234375 0.8470790378006873 0.3 0.852233676975945 0.30546875 0.8625429553264606 0.3046875 0.8762886597938145 0.3140625 0.8848797250859107 0.3203125 0.9037800687285223 0.334375 0.9209621993127148 0.328125 0.9450171821305842 0.33046875 0.9501718213058419 0.3296875 0.9415807560137457 0.3375 0.9415807560137457 0.33828125 0.9518900343642611 0.34921875 0.9536082474226806 0.3625 0.963917525773196 0.36953125 0.9518900343642611 0.3703125 0.9415807560137457 0.35859375 0.9398625429553265 0.35546875 0.9329896907216495 0.35859375 0.9226804123711341 0.36328125 0.9226804123711341 0.365625 0.9158075601374571 0.371875 0.9209621993127148 0.38671875 0.9209621993127148 0.40078125 0.9140893470790379 0.4 0.9003436426116839 0.38984375 0.8969072164948454 0.38671875 0.8780068728522338 0.37578125 0.8539518900343642 0.365625 0.8178694158075602 0.3765625 0.7302405498281788 0.375 0.7164948453608248 0.37734375 0.7061855670103093 0.3734375 0.7010309278350516 0.36484375 0.7061855670103093 0.36640625 0.7336769759450172 0.3625 0.752577319587629 0.3625 0.7749140893470792 0.35 0.7886597938144331 0.35 0.7938144329896908 0.34140625 0.79553264604811 0.33984375 0.802405498281787 0.32734375 0.7938144329896908 0.3125 0.7989690721649485 0.30859375 0.802405498281787 0.3046875 0.816151202749141 0.3 0.8075601374570448 0.29921875 0.8144329896907218 0.2890625 0.816151202749141 0.28515625 0.8281786941580757 0.29296875 0.852233676975945
0 0.6015625 0.38487972508591073 0.609375 0.3969072164948454 0.6296875 0.39862542955326463 0.6515625 0.3883161512027492 0.67890625 0.38659793814432997 0.6828125 0.3814432989690722 0.68125 0.3556701030927835 0.6703125 0.3041237113402062 0.66171875 0.2852233676975945 0.6125 0.3041237113402062 0.59765625 0.3144329896907217 0.6 0.3762886597938145 0.6015625 0.38487972508591073
0 0.5515625 0.6890034364261168 0.55234375 0.7096219931271478 0.55703125 0.718213058419244 0.56640625 0.7164948453608248 0.58046875 0.7044673539518901 0.6203125 0.7010309278350516 0.62421875 0.6958762886597938 0.6234375 0.6443298969072165 0.61796875 0.6340206185567011 0.5828125 0.6374570446735396 0.55390625 0.6494845360824744 0.54921875 0.6597938144329898 0.54765625 0.6786941580756014 0.5515625 0.6890034364261168
0 0.33203125 0.8247422680412372 0.33046875 0.8230240549828179 0.325 0.8247422680412372 0.33203125 0.8247422680412372
0 0.32265625 0.8247422680412372 0.31484375 0.8230240549828179 0.31328125 0.8264604810996564 0.32265625 0.8247422680412372
0 0.365625 0.7371134020618557 0.3640625 0.7680412371134021 0.359375 0.7835051546391754 0.36171875 0.79553264604811 0.35703125 0.809278350515464 0.3625 0.8195876288659795 0.3375 0.8247422680412372 0.33828125 0.8298969072164949 0.334375 0.8281786941580757 0.3328125 0.8367697594501718 0.32734375 0.8350515463917526 0.31328125 0.8436426116838488 0.3046875 0.8591065292096222 0.30625 0.8780068728522338 0.31640625 0.8848797250859107 0.3234375 0.9054982817869417 0.3328125 0.9123711340206186 0.3390625 0.9278350515463918 0.34921875 0.9312714776632303 0.34921875 0.9484536082474226 0.359375 0.9587628865979383 0.36875 0.9518900343642611 0.3640625 0.9415807560137457 0.3546875 0.9347079037800687 0.35625 0.9226804123711341 0.36484375 0.9089347079037802 0.3796875 0.9123711340206186 0.38671875 0.9020618556701031 0.390625 0.9123711340206186 0.40078125 0.9072164948453609 0.40078125 0.9003436426116839 0.39765625 0.9003436426116839 0.3984375 0.9054982817869417 0.39140625 0.9020618556701031 0.38828125 0.8762886597938145 0.365625 0.8195876288659795 0.37421875 0.7474226804123713 0.3765625 0.7439862542955327 0.3765625 0.7268041237113403 0.3796875 0.718213058419244 0.3796875 0.7010309278350516 0.37265625 0.6993127147766324 0.36875 0.7079037800687286 0.36875 0.7336769759450172 0.365625 0.7371134020618557