0 0.23833333333333334 0.9606250000000001 0.23833333333333334 0.9581250000000001 0.23583333333333334 0.9581250000000001 0.23500000000000001 0.959375 0.23833333333333334 0.9606250000000001
0 0.175 0.92875 0.17083333333333334 0.9268750000000001 0.17083333333333334 0.92875 0.175 0.92875
0 0.3375 0.92109375 0.0015625 0.00078125
0 0.1575 0.9225 0.16916666666666666 0.925 0.175 0.91875 0.185 0.9237500000000001 0.19333333333333333 0.920625 0.21000000000000002 0.9268750000000001 0.21666666666666665 0.9325000000000001 0.22833333333333333 0.93625 0.24416666666666664 0.9575000000000001 0.255 0.9581250000000001 0.25833333333333336 0.9600000000000002 0.27083333333333337 0.9481250000000001 0.2816666666666666 0.9493750000000001 0.2816666666666666 0.94375 0.2875 0.938125 0.29333333333333333 0.9375 0.2991666666666667 0.9243750000000001 0.30333333333333334 0.920625 0.30666666666666664 0.920625 0.31333333333333335 0.9137500000000001 0.3183333333333333 0.914375 0.3308333333333333 0.9099999999999999 0.3358333333333333 0.911875 0.3383333333333333 0.9075000000000001 0.345 0.905 0.3516666666666667 0.913125 0.3625 0.9037499999999999 0.36083333333333334 0.890625 0.36583333333333334 0.883125 0.36333333333333334 0.878125 0.365 0.8643750000000001 0.36 0.85625 0.3625 0.8487500000000001 0.36083333333333334 0.8481250000000001 0.35833333333333334 0.853125 0.345 0.8618750000000001 0.3416666666666667 0.8618750000000001 0.335 0.8556250000000001 0.3308333333333333 0.85875 0.32 0.8556250000000001 0.30833333333333335 0.8606250000000001 0.3 0.8706250000000001 0.2925 0.87375 0.2866666666666667 0.880625 0.275 0.885 0.2725 0.8868750000000001 0.2725 0.89125 0.26666666666666666 0.8931250000000001 0.2475 0.890625 0.24083333333333332 0.884375 0.2375 0.883125 0.2308333333333333 0.885 0.22666666666666666 0.88125 0.22000000000000003 0.8793750000000001 0.21666666666666665 0.880625 0.20416666666666666 0.874375 0.195 0.8787499999999999 0.18833333333333332 0.8787499999999999 0.17833333333333332 0.874375 0.16833333333333333 0.865625 0.15666666666666668 0.871875 0.15583333333333332 0.878125 0.15416666666666667 0.9043750000000002 0.1575 0.9225
0 0.36916666666666664 0.7206250000000001 0.36916666666666664 0.725 0.37333333333333335 0.7325 0.38249999999999995 0.7393750000000001 0.38333333333333336 0.744375 0.385 0.734375 0.3975 0.733125 0.40083333333333326 0.7368750000000001 0.4083333333333333 0.7362500000000001 0.41833333333333333 0.73875 0.43166666666666664 0.7456250000000001 0.4508333333333333 0.748125 0.45999999999999996 0.754375 0.4658333333333333 0.765 0.47333333333333333 0.76875 0.47750000000000004 0.765625 0.4791666666666667 0.76875 0.485 0.7675000000000001 0.4875 0.769375 0.5016666666666667 0.769375 0.5116666666666666 0.75875 0.51 0.7550000000000001 0.5183333333333333 0.7550000000000001 0.5341666666666667 0.740625 0.5383333333333333 0.73125 0.55 0.726875 0.5566666666666666 0.71625 0.5583333333333333 0.696875 0.5575 0.691875 0.5516666666666666 0.685625 0.5358333333333334 0.693125 0.5325 0.691875 0.5166666666666667 0.709375 0.5066666666666666 0.716875 0.49416666666666664 0.7212500000000001 0.48083333333333333 0.7175 0.4766666666666667 0.71875 0.46749999999999997 0.7125 0.45499999999999996 0.713125 0.425 0.703125 0.39583333333333337 0.6993750000000001 0.38333333333333336 0.6993750000000001 0.37083333333333335 0.70875 0.3725 0.716875 0.36916666666666664 0.7206250000000001
0 0.55390625 0.74140625 0.00078125 0.0015625
0 0.5566666666666666 0.7618750000000001 0.5575 0.775625 0.5641666666666667 0.7887500000000001 0.5708333333333333 0.7887500000000001 0.5758333333333333 0.780625 0.6016666666666667 0.7618750000000001 0.6183333333333334 0.7575000000000001 0.6233333333333333 0.760625 0.6241666666666666 0.75875 0.6216666666666667 0.759375 0.62 0.7568750000000001 0.625 0.754375 0.6275000000000001 0.74875 0.6275000000000001 0.74375 0.6208333333333333 0.73125 0.6108333333333333 0.7262500000000001 0.6008333333333333 0.726875 0.595 0.7306250000000001 0.5916666666666667 0.7412500000000001 0.5875 0.7393750000000001 0.5741666666666666 0.7456250000000001 0.5599999999999999 0.7456250000000001 0.5608333333333333 0.763125 0.5566666666666666 0.7618750000000001
0 0.6258333333333332 0.7225 0.6216666666666667 0.723125 0.6224999999999999 0.7300000000000001 0.6266666666666667 0.721875 0.6224999999999999 0.718125 0.6233333333333333 0.715625 0.6266666666666667 0.71625 0.6233333333333333 0.71375 0.6216666666666667 0.71875 0.6258333333333332 0.7225
0 0.5566666666666666 0.7706250000000001 0.5566666666666666 0.77875 0.5608333333333333 0.785 0.5608333333333333 0.82875 0.5633333333333332 0.834375 0.5683333333333334 0.83625 0.5716666666666667 0.834375 0.5725 0.8231250000000001 0.5758333333333333 0.8175000000000001 0.585 0.815625 0.5941666666666666 0.8006249999999999 0.6125 0.785 0.6166666666666667 0.7881250000000001 0.6166666666666667 0.7975000000000001 0.62 0.798125 0.6174999999999999 0.789375 0.62 0.7889581250000001 0.6233333333333333 0.78125 0.6241666666666666 0.771875 0.6216666666666667 0.765625 0.6233333333333333 0.754375 0.6191666666666666 0.7418750000000001 0.6141666666666666 0.744375 0.6183333333333334 0.748125 0.6174999999999999 0.75125 0.5983333333333334 0.75625 0.5891666666666666 0.766875 0.5741666666666666 0.775625 0.5599999999999999 0.7681250000000001 0.5616666666666666 0.77125 0.5566666666666666 0.7706250000000001
0 0.07666666666666666 0.828125 0.0775 0.8243750000000001 0.07416666666666667 0.8175000000000001 0.06833333333333333 0.818125 0.0675 0.8275 0.07666666666666666 0.828125
0 0.0325 0.7350000000000001 0.03666666666666667 0.7375 0.034166666666666665 0.75125 0.03833333333333333 0.760625 0.03666666666666667 0.7725000000000001 0.04166666666666667 0.77875 0.03916666666666667 0.7887500000000001 0.045 0.7987500000000001 0.043333333333333335 0.8075000000000001 0.049166666666666664 0.81125 0.05 0.819375 0.052500000000000005 0.82125 0.057499999999999996 0.820625 0.052500000000000005 0.8168750000000001 0.052500000000000005 0.81125 0.057499999999999996 0.8106250000000002 0.05583333333333333 0.805625 0.052500000000000005 0.80375 0.056666666666666664 0.7993750000000001 0.06 0.8012500000000001 0.07833333333333334 0.8006249999999999 0.0875 0.805625 0.09833333333333333 0.8075000000000001 0.1025 0.8125 0.11166666666666666 0.8175000000000001 0.11000000000000001 0.820625 0.1125 0.820625 0.11416666666666667 0.8162499999999999 0.12166666666666666 0.813125 0.12250000000000001 0.8099999999999999 0.12916666666666668 0.8137500000000001 0.13916666666666666 0.811875 0.14166666666666666 0.8 0.1375 0.779375 0.1375 0.759375 0.13416666666666666 0.7506250000000001 0.13999999999999999 0.731875 0.135 0.726875 0.135 0.72 0.12583333333333332 0.71625 0.12 0.7100000000000001 0.12416666666666668 0.6987500000000001 0.11583333333333332 0.695625 0.11333333333333333 0.6987500000000001 0.10916666666666666 0.6987500000000001 0.10333333333333332 0.703125 0.09416666666666666 0.703125 0.0875 0.6993750000000001 0.08083333333333334 0.7037500000000001 0.07833333333333334 0.70875 0.07333333333333333 0.7081250000000001 0.07083333333333333 0.71375 0.06166666666666667 0.709375 0.06083333333333333 0.7037500000000001 0.05333333333333333 0.70875 0.04 0.6987500000000001 0.034999999999999996 0.700625 0.0325 0.7075 0.029166666666666667 0.728125 0.0325 0.7350000000000001
0 0.0325 0.696875 0.034999999999999996 0.69625 0.0325 0.693125 0.0325 0.696875
0 0.07583333333333334 0.685625 0.06833333333333333 0.685 0.07083333333333333 0.6875 0.07583333333333334 0.685625
0 0.03166666666666666 0.6681250000000001 0.029166666666666667 0.665625 0.029166666666666667 0.67 0.03166666666666666 0.6681250000000001
0 0.011666666666666667 0.578125 0.018333333333333333 0.5875 0.015 0.601875 0.02 0.608125 0.019166666666666665 0.6206250000000001 0.025 0.623125 0.035833333333333335 0.6225 0.03916666666666667 0.6162500000000001 0.049166666666666664 0.60875 0.065 0.6112500000000001 0.07583333333333334 0.6143750000000001 0.0875 0.6212500000000001 0.09166666666666666 0.6206250000000001 0.10083333333333333 0.62375 0.10166666666666666 0.6275000000000001 0.095 0.62875 0.09833333333333333 0.6368750000000001 0.10416666666666667 0.633125 0.1025 0.629375 0.11000000000000001 0.628125 0.1125 0.6256250000000001 0.11833333333333333 0.6256250000000001 0.12666666666666665 0.61875 0.13 0.6125 0.1275 0.601875 0.145 0.5856250000000001 0.175 0.5775 0.17833333333333332 0.570625 0.185 0.5743750000000001 0.19 0.5743750000000001 0.2033333333333333 0.5725 0.21666666666666665 0.5675000000000001 0.2308333333333333 0.559375 0.23166666666666663 0.55125 0.22999999999999998 0.5487500000000001 0.21666666666666665 0.545625 0.21000000000000002 0.553125 0.19083333333333333 0.559375 0.185 0.5587500000000001 0.18 0.56375 0.16499999999999998 0.5643750000000001 0.16333333333333333 0.560625 0.1575 0.559375 0.15666666666666668 0.5643750000000001 0.1525 0.5675000000000001 0.15 0.5675000000000001 0.14333333333333334 0.560625 0.14250000000000002 0.565625 0.13666666666666666 0.568125 0.13333333333333333 0.5737500000000001 0.12 0.57625 0.10500000000000001 0.57625 0.08916666666666666 0.570625 0.08416666666666667 0.5737500000000001 0.07333333333333333 0.5700000000000001 0.0675 0.5700000000000001 0.06 0.56625 0.057499999999999996 0.560625 0.05416666666666666 0.559375 0.05166666666666666 0.560625 0.05333333333333333 0.5643750000000001 0.045 0.5643750000000001 0.04 0.561875 0.03666666666666667 0.5643750000000001 0.03 0.5625 0.018333333333333333 0.56375 0.014166666666666666 0.56125 0.011666666666666667 0.56375 0.011666666666666667 0.578125
0 0.14416666666666667 0.7375 0.13583333333333333 0.74875 0.13583333333333333 0.755625 0.13999999999999999 0.7612500000000001 0.14333333333333334 0.775625 0.15583333333333332 0.785 0.1575 0.790625 0.17166666666666666 0.7993750000000001 0.19416666666666665 0.8018750000000001 0.19916666666666666 0.7975000000000001 0.2033333333333333 0.8 0.21000000000000002 0.8137500000000001 0.22000000000000003 0.8168750000000001 0.22583333333333333 0.8162499999999999 0.24 0.8275 0.25166666666666665 0.8275 0.25416666666666665 0.8175000000000001 0.26 0.8143750000000001 0.265 0.8150000000000001 0.26916666666666667 0.8106250000000002 0.27166666666666667 0.811875 0.2783333333333333 0.803125 0.2808333333333333 0.80375 0.28250000000000003 0.8087500000000001 0.29333333333333333 0.8087500000000001 0.30666666666666664 0.8025 0.31416666666666665 0.7925000000000001 0.32916666666666666 0.795625 0.335 0.7931250000000001 0.34833333333333333 0.79375 0.35083333333333333 0.79125 0.35833333333333334 0.77625 0.35666666666666663 0.76875 0.3591666666666667 0.7506250000000001 0.35666666666666663 0.74375 0.36083333333333334 0.7375 0.35833333333333334 0.73125 0.36 0.72 0.35583333333333333 0.7075 0.35833333333333334 0.6975 0.3516666666666667 0.6787500000000001 0.3433333333333333 0.68625 0.335 0.6893750000000001 0.33166666666666667 0.69375 0.32416666666666666 0.6925000000000001 0.3 0.7037500000000001 0.29583333333333334 0.703125 0.2966666666666667 0.6975 0.29 0.698125 0.2841666666666667 0.7037500000000001 0.2791666666666667 0.703125 0.27166666666666667 0.706875 0.26916666666666667 0.70625 0.27083333333333337 0.71375 0.265 0.71375 0.2525 0.725 0.24416666666666664 0.7212500000000001 0.24083333333333332 0.725 0.23166666666666663 0.7237500000000001 0.22333333333333333 0.7256250000000001 0.21333333333333332 0.71875 0.20666666666666664 0.7175 0.19916666666666666 0.70875 0.1925 0.71125 0.18166666666666667 0.71125 0.16916666666666666 0.703125 0.155 0.7037500000000001 0.15083333333333332 0.6993750000000001 0.13999999999999999 0.7050000000000001 0.13666666666666666 0.711875 0.14416666666666667 0.726875 0.14416666666666667 0.7375
0 0.6358333333333334 0.51375 0.64 0.54 0.6458333333333333 0.536875 0.6525 0.536875 0.6758333333333333 0.54125 0.7041666666666667 0.54125 0.7433333333333334 0.55 0.7558333333333334 0.55 0.7616666666666666 0.545625 0.7683333333333333 0.525625 0.7649999999999999 0.519375 0.7675 0.5025000000000001 0.7649999999999999 0.49812500000000004 0.7583333333333333 0.49437500000000006 0.7466666666666667 0.4912500000000001 0.7375 0.49312500000000004 0.7158333333333333 0.491875 0.7024999999999999 0.4875 0.6825 0.48937500000000006 0.6725 0.48687500000000006 0.645 0.48687500000000006 0.64 0.490625 0.6416666666666667 0.49812500000000004 0.6358333333333334 0.51375
0 0.47750000000000004 0.8800000000000001 0.47333333333333333 0.8775000000000001 0.47333333333333333 0.88125 0.47750000000000004 0.8800000000000001
0 0.37083333333333335 0.8025 0.37083333333333335 0.8162499999999999 0.37666666666666665 0.836875 0.37916666666666665 0.834375 0.3908333333333333 0.834375 0.3975 0.840625 0.4 0.8375 0.42833333333333334 0.8400000000000001 0.4616666666666666 0.868125 0.4875 0.8712500000000001 0.4958333333333333 0.875 0.49749999999999994 0.8793750000000001 0.5 0.8793750000000001 0.5083333333333333 0.8731250000000002 0.5108333333333334 0.86625 0.5158333333333334 0.86625 0.515 0.8643750000000001 0.5108333333333334 0.865 0.5125 0.859375 0.5241666666666667 0.853125 0.5291666666666667 0.8525 0.5308333333333334 0.8418750000000002 0.5341666666666667 0.8400000000000001 0.5425 0.8400000000000001 0.55 0.8356250000000001 0.55 0.8275 0.5549999999999999 0.815625 0.5549999999999999 0.795625 0.5516666666666666 0.786875 0.5533333333333333 0.77125 0.55 0.7625 0.5508333333333333 0.755625 0.5458333333333333 0.7525000000000001 0.5508333333333333 0.7506250000000001 0.5491666666666666 0.74875 0.5366666666666666 0.748125 0.5358333333333334 0.7525000000000001 0.5183333333333333 0.758125 0.515 0.764375 0.505 0.77125 0.49916666666666665 0.7725000000000001 0.49083333333333334 0.784375 0.4833333333333333 0.780625 0.48250000000000004 0.775625 0.4766666666666667 0.7725000000000001 0.46333333333333326 0.7706250000000001 0.45999999999999996 0.7681250000000001 0.4375 0.76875 0.4375 0.77125 0.43166666666666664 0.77375 0.41500000000000004 0.769375 0.4116666666666666 0.7618750000000001 0.4091666666666667 0.763125 0.4041666666666667 0.759375 0.39416666666666667 0.76 0.3908333333333333 0.758125 0.3875 0.760625 0.37666666666666665 0.760625 0.3716666666666667 0.765 0.375 0.79375 0.37083333333333335 0.8025
0 0.6333333333333333 0.7425 0.6425 0.744375 0.6475 0.7418750000000001 0.6575 0.744375 0.6683333333333333 0.743125 0.6783333333333333 0.746875 0.6950000000000001 0.749375 0.7308333333333333 0.75 0.7441666666666666 0.75375 0.75 0.75125 0.7533333333333333 0.7412500000000001 0.7508333333333332 0.72875 0.7325 0.7206250000000001 0.7183333333333334 0.72 0.6950000000000001 0.7150000000000001 0.6808333333333334 0.7150000000000001 0.6758333333333333 0.723125 0.6675 0.728125 0.6608333333333334 0.723125 0.6425 0.7193750000000001 0.6333333333333333 0.711875 0.6291666666666667 0.7206250000000001 0.6283333333333333 0.7362500000000001 0.6333333333333333 0.7425
0 0.8491666666666667 0.65375 0.8550000000000001 0.654375 0.8516666666666666 0.650625 0.8483333333333333 0.650625 0.8491666666666667 0.65375
0 0.7633333333333333 0.608125 0.7616666666666666 0.6268750000000001 0.7675 0.633125 0.7691666666666667 0.64375 0.7899999999999999 0.6525000000000001 0.7966666666666666 0.6518750000000001 0.8066666666666666 0.65625 0.8125 0.65375 0.8208333333333334 0.65625 0.8258333333333333 0.655625 0.8341666666666667 0.654375 0.8358333333333332 0.6475000000000001 0.8416666666666666 0.641875 0.865 0.64625 0.8675 0.645 0.8716666666666667 0.630625 0.8766666666666666 0.623125 0.8708333333333333 0.6112500000000001 0.8766666666666666 0.599375 0.8783333333333333 0.58125 0.8866666666666667 0.5775 0.8933333333333333 0.570625 0.8908333333333334 0.56875 0.8516666666666666 0.5650000000000001 0.845 0.56 0.8416666666666666 0.561875 0.8383333333333333 0.560625 0.8266666666666665 0.5625 0.8141666666666666 0.56 0.7925 0.56 0.7849999999999999 0.5575 0.7725 0.5625 0.7625 0.5875 0.7658333333333334 0.604375 0.7633333333333333 0.608125
0 0.6666666666666667 0.52875 0.6683333333333333 0.53125 0.67 0.52875 0.6683333333333333 0.530625 0.6666666666666667 0.52875
0 0.6366666666666666 0.5206250000000001 0.6366666666666666 0.5743750000000001 0.64 0.5787500000000001 0.6441666666666667 0.5737500000000001 0.6516666666666666 0.5743750000000001 0.6525 0.578125 0.6491666666666667 0.58125 0.6508333333333333 0.5856250000000001 0.6541666666666667 0.5856250000000001 0.6583333333333333 0.5806250000000001 0.6716666666666666 0.5787500000000001 0.6991666666666666 0.5787500000000001 0.725 0.5856250000000001 0.7525 0.5850000000000001 0.7558333333333334 0.5800000000000001 0.7508333333333332 0.5700000000000001 0.7625 0.5675000000000001 0.7583333333333333 0.5643750000000001 0.7625 0.56375 0.7566666666666666 0.5537500000000001 0.7616666666666666 0.548125 0.7616666666666666 0.535 0.7366666666666666 0.5325 0.7274999999999999 0.540625 0.7166666666666667 0.536875 0.7016666666666667 0.536875 0.6991666666666666 0.535 0.6816666666666666 0.5381250000000001 0.6683333333333333 0.5337500000000001 0.6641666666666667 0.534375 0.6583333333333333 0.530625 0.6475 0.53125 0.6458333333333333 0.529375 0.6516666666666666 0.525625 0.6475 0.5231250000000001 0.64 0.5112500000000001 0.6383333333333333 0.515 0.64 0.51875 0.6366666666666666 0.5206250000000001
0 0.4525 0.575 0.4533333333333333 0.573125 0.4525 0.57125 0.4525 0.575
0 0.37416666666666665 0.59125 0.37583333333333335 0.6050000000000001 0.38 0.6112500000000001 0.39416666666666667 0.6112500000000001 0.4058333333333334 0.6162500000000001 0.41500000000000004 0.6162500000000001 0.43083333333333335 0.6206250000000001 0.43666666666666665 0.618125 0.44666666666666666 0.619375 0.4508333333333333 0.6225 0.45999999999999996 0.623125 0.46333333333333326 0.6275000000000001 0.48583333333333334 0.63125 0.5033333333333333 0.63125 0.5116666666666666 0.6362500000000001 0.5158333333333334 0.630625 0.5158333333333334 0.6256250000000001 0.5483333333333333 0.618125 0.5599999999999999 0.6206250000000001 0.5641666666666667 0.6268750000000001 0.5708333333333333 0.630625 0.5725 0.63375 0.5675 0.6362500000000001 0.5675 0.63875 0.5741666666666666 0.64 0.5775 0.6375 0.5833333333333333 0.64 0.5866666666666667 0.6375 0.5858333333333333 0.633125 0.5883333333333333 0.629375 0.6 0.6256250000000001 0.6116666666666666 0.61875 0.6191666666666666 0.618125 0.6283333333333333 0.6112500000000001 0.6275000000000001 0.588125 0.63 0.5825 0.6308333333333334 0.56125 0.6283333333333333 0.5518750000000001 0.62 0.546875 0.605 0.5487500000000001 0.595 0.5525 0.5741666666666666 0.553125 0.5641666666666667 0.55625 0.5566666666666666 0.553125 0.5475 0.5625 0.5383333333333333 0.566875 0.5366666666666666 0.571875 0.5325 0.570625 0.5325 0.5675000000000001 0.5291666666666667 0.5675000000000001 0.5275000000000001 0.57125 0.5216666666666667 0.57125 0.5116666666666666 0.578125 0.5083333333333333 0.5775 0.5008333333333332 0.58625 0.49416666666666664 0.58625 0.48916666666666664 0.58875 0.48250000000000004 0.588125 0.4741666666666666 0.58125 0.4625 0.5800000000000001 0.45999999999999996 0.58375 0.4575 0.58125 0.44833333333333336 0.5825 0.44416666666666665 0.581875 0.43916666666666665 0.576875 0.42833333333333334 0.5775 0.425 0.575 0.4208333333333333 0.576875 0.39416666666666667 0.5775 0.37916666666666665 0.573125 0.3716666666666667 0.5825 0.37083333333333335 0.588125 0.37416666666666665 0.59125
0 0.3716666666666667 0.63375 0.3783333333333333 0.65375 0.38583333333333336 0.653125 0.40750000000000003 0.6587500000000001 0.4141666666666667 0.6587500000000001 0.43083333333333335 0.665625 0.43916666666666665 0.665 0.4458333333333333 0.66875 0.45916666666666667 0.670625 0.4683333333333334 0.67 0.4841666666666667 0.67625 0.5008333333333332 0.675625 0.5125 0.68125 0.5266666666666666 0.671875 0.5366666666666666 0.6681250000000001 0.5383333333333333 0.6631250000000001 0.5458333333333333 0.66 0.5549999999999999 0.6612500000000001 0.5583333333333333 0.6575 0.5583333333333333 0.64625 0.5616666666666666 0.6368750000000001 0.5599999999999999 0.625 0.5575 0.6206250000000001 0.5441666666666667 0.6125 0.5291666666666667 0.618125 0.5225 0.6162500000000001 0.5041666666666667 0.629375 0.495 0.63125 0.47750000000000004 0.6275000000000001 0.47333333333333333 0.621875 0.45666666666666667 0.624375 0.4491666666666666 0.62375 0.43916666666666665 0.61875 0.4216666666666667 0.6206250000000001 0.41833333333333333 0.61875 0.40083333333333326 0.618125 0.3933333333333333 0.62 0.39 0.6162500000000001 0.38166666666666665 0.6143750000000001 0.3783333333333333 0.6143750000000001 0.375 0.61875 0.37583333333333335 0.625 0.3716666666666667 0.63375
0 0.7558333333333334 0.71375 0.755 0.7375 0.7583333333333333 0.74875 0.7758333333333333 0.7525000000000001 0.7875 0.753125 0.7899999999999999 0.75125 0.7916666666666667 0.754375 0.8 0.7550000000000001 0.8074999999999999 0.7475 0.8125 0.7475 0.8141666666666666 0.7518750000000001 0.8141666666666666 0.748125 0.8183333333333334 0.746875 0.8275 0.7525000000000001 0.8341666666666667 0.7518750000000001 0.8400000000000001 0.7618750000000001 0.845 0.7618750000000001 0.845 0.7568750000000001 0.8483333333333333 0.754375 0.8516666666666666 0.75625 0.8525 0.7550000000000001 0.8616666666666667 0.7350000000000001 0.8625 0.713125 0.8591666666666666 0.7106250000000001 0.8474999999999999 0.713125 0.8041666666666666 0.703125 0.7716666666666667 0.7 0.7649999999999999 0.6975 0.7583333333333333 0.690625 0.7566666666666666 0.6950000000000001 0.7591666666666667 0.70625 0.7558333333333334 0.71375
0 0.5741666666666666 0.56 0.5858333333333333 0.5581250000000001 0.6 0.5518750000000001 0.6158333333333333 0.553125 0.6224999999999999 0.550625 0.63 0.550625 0.6341666666666667 0.5431250000000001 0.6341666666666667 0.508125 0.6291666666666667 0.50625 0.5816666666666667 0.52125 0.5741666666666666 0.5206250000000001 0.5708333333333333 0.5175000000000001 0.5666666666666667 0.530625 0.5666666666666667 0.553125 0.5741666666666666 0.56
0 0.15416666666666667 0.58125 0.15 0.579375 0.14833333333333334 0.58125 0.15416666666666667 0.58125
0 0.1609375 0.57734375 0.00078125 0.00078125
0 0.017499999999999998 0.5875 0.014166666666666666 0.601875 0.018333333333333333 0.606875 0.019166666666666665 0.623125 0.027500000000000004 0.62375 0.03916666666666667 0.6175 0.043333333333333335 0.619375 0.049166666666666664 0.610625 0.0675 0.6118750000000001 0.09833333333333333 0.621875 0.1 0.624375 0.095 0.6300000000000001 0.09833333333333333 0.634375 0.10333333333333332 0.6325000000000001 0.09916666666666667 0.62875 0.10083333333333333 0.625 0.11000000000000001 0.6268750000000001 0.125 0.618125 0.12583333333333332 0.601875 0.14583333333333331 0.58125 0.13999999999999999 0.576875 0.13 0.579375 0.10416666666666667 0.5800000000000001 0.08833333333333333 0.575 0.08416666666666667 0.57625 0.05333333333333333 0.56625 0.034999999999999996 0.566875 0.023333333333333334 0.5650000000000001 0.0125 0.566875 0.011666666666666667 0.578125 0.017499999999999998 0.5875
0 0.73203125 0.66484375 0.0015625 0.00078125
0 0.7546875 0.57109375 0.00078125 0.00078125
0 0.6316666666666666 0.5900000000000001 0.6316666666666666 0.601875 0.6375 0.65375 0.6508333333333333 0.66 0.6608333333333334 0.6575 0.6666666666666667 0.6631250000000001 0.6741666666666666 0.6631250000000001 0.6775 0.6612500000000001 0.6766666666666666 0.655 0.6683333333333333 0.65125 0.6716666666666666 0.64875 0.69 0.649375 0.6958333333333333 0.6518750000000001 0.7016666666666667 0.650625 0.7058333333333333 0.654375 0.7233333333333334 0.6575 0.735 0.6568750000000001 0.7433333333333334 0.6612500000000001 0.7541666666666667 0.659375 0.7616666666666666 0.63375 0.7583333333333333 0.630625 0.7608333333333334 0.6012500000000001 0.7533333333333333 0.58875 0.7416666666666667 0.5806250000000001 0.7375 0.5825 0.7258333333333333 0.58125 0.72 0.578125 0.7058333333333333 0.579375 0.6925 0.57625 0.6849999999999999 0.5775 0.6775 0.5743750000000001 0.6783333333333333 0.571875 0.6716666666666666 0.568125 0.6591666666666667 0.570625 0.6575 0.566875 0.6541666666666667 0.56875 0.6433333333333333 0.568125 0.64 0.5643750000000001 0.6408333333333334 0.56625 0.6366666666666666 0.568125 0.6366666666666666 0.578125 0.6316666666666666 0.5900000000000001
0 0.6416666666666667 0.56 0.6375 0.56 0.64 0.5631250000000001 0.6416666666666667 0.56
0 0.9358333333333333 0.48500000000000004 0.9691666666666666 0.491875 0.9925 0.4912500000000001 0.9991666666666668 0.495 0.9949999999999999 0.491875 0.9991666666666668 0.4909375000000001 0.9991666666666668 0.4600000000000001 0.9908333333333333 0.45687500000000003 0.9800000000000001 0.465 0.9741666666666667 0.45875000000000005 0.9666666666666666 0.45562500000000006 0.9525 0.46187500000000004 0.9475 0.471875 0.9358333333333333 0.48500000000000004
0 0.8191666666666666 0.534375 0.8208333333333334 0.5318750000000001 0.8183333333333334 0.5325 0.8191666666666666 0.534375
0 0.7758333333333333 0.5231250000000001 0.7808333333333334 0.525 0.7833333333333333 0.5325 0.7883333333333333 0.5362500000000001 0.7933333333333333 0.5362500000000001 0.8 0.53125 0.8074999999999999 0.5362500000000001 0.8108333333333333 0.5337500000000001 0.8125 0.5362500000000001 0.8150000000000001 0.521875 0.8308333333333333 0.5268750000000001 0.8300000000000001 0.534375 0.8341666666666667 0.54 0.8658333333333333 0.544375 0.8766666666666666 0.541875 0.8883333333333333 0.546875 0.8941666666666667 0.546875 0.8975 0.54375 0.8949999999999999 0.5381250000000001 0.8966666666666667 0.534375 0.9058333333333334 0.535625 0.9208333333333334 0.529375 0.9225 0.5175000000000001 0.9175000000000001 0.5075000000000001 0.9083333333333334 0.505625 0.8800000000000001 0.505625 0.85 0.499375 0.8341666666666667 0.5006250000000001 0.8275 0.496875 0.8208333333333334 0.49625 0.8066666666666666 0.4987500000000001 0.8008333333333333 0.4956250000000001 0.7908333333333333 0.4956250000000001 0.78 0.48937500000000006 0.775 0.4912500000000001 0.7716666666666667 0.49625 0.7691666666666667 0.515625 0.7758333333333333 0.5231250000000001
0 0.7558333333333334 0.77 0.7525 0.779375 0.7533333333333333 0.805 0.7508333333333332 0.828125 0.755 0.83125 0.755 0.834375 0.7649999999999999 0.8393750000000001 0.7725 0.834375 0.775 0.8293750000000001 0.7858333333333334 0.83125 0.8108333333333333 0.811875 0.8283333333333334 0.806875 0.8391666666666666 0.806875 0.85 0.8 0.8508333333333333 0.789375 0.8566666666666667 0.7825 0.8558333333333333 0.775625 0.8616666666666667 0.7568750000000001 0.8616666666666667 0.713125 0.8566666666666667 0.7100000000000001 0.8525 0.7143750000000001 0.8474999999999999 0.7150000000000001 0.8416666666666666 0.711875 0.8258333333333333 0.7106250000000001 0.8108333333333333 0.7056250000000001 0.7875 0.701875 0.7683333333333333 0.70125 0.7616666666666666 0.6987500000000001 0.7583333333333333 0.70875 0.7608333333333334 0.713125 0.76 0.718125 0.7516666666666667 0.7375 0.7558333333333334 0.74875 0.7558333333333334 0.77
0 0.41328125 0.490625 0.0015625 0.00078125
0 0.43916666666666665 0.46625000000000005 0.44000000000000006 0.464375 0.4341666666666667 0.4625 0.44000000000000006 0.459375 0.43666666666666665 0.45437500000000003 0.43166666666666664 0.4525 0.43083333333333335 0.45437500000000003 0.43 0.4600000000000001 0.43916666666666665 0.46625000000000005
0 0.5703125 0.42109375 0.00078125 0.0015625
0 0.43 0.4443750000000001 0.43166666666666664 0.44625000000000004 0.43583333333333335 0.43875000000000003 0.44749999999999995 0.4425 0.445 0.45187499999999997 0.44749999999999995 0.459375 0.4458333333333333 0.47000000000000003 0.45 0.47375 0.44666666666666666 0.48375 0.4541666666666667 0.48812500000000003 0.47333333333333333 0.48937500000000006 0.4766666666666667 0.4912500000000001 0.5016666666666667 0.48875 0.505 0.4912500000000001 0.515 0.49312500000000004 0.5183333333333333 0.490625 0.525 0.49250000000000005 0.5291666666666667 0.49000000000000005 0.5391666666666667 0.49000000000000005 0.5433333333333333 0.4875 0.5466666666666666 0.48937500000000006 0.5566666666666666 0.48937500000000006 0.5616666666666666 0.49375 0.5683333333333334 0.4956250000000001 0.5916666666666667 0.4912500000000001 0.6075 0.479375 0.6058333333333333 0.47000000000000003 0.5958333333333333 0.46749999999999997 0.5966666666666667 0.46312500000000006 0.5866666666666667 0.459375 0.595 0.45625 0.585 0.45562500000000006 0.5775 0.4625 0.5733333333333334 0.46312500000000006 0.5766666666666667 0.449375 0.5808333333333333 0.44375 0.58 0.43875000000000003 0.5716666666666667 0.4325 0.5683333333333334 0.42312500000000003 0.5583333333333333 0.41937500000000005 0.55 0.42312500000000003 0.5433333333333333 0.41875 0.5366666666666666 0.42312500000000003 0.5333333333333333 0.42312500000000003 0.5325 0.42125 0.5225 0.42250000000000004 0.5208333333333333 0.416875 0.5183333333333333 0.41625000000000006 0.49833333333333335 0.42312500000000003 0.49083333333333334 0.421875 0.49333333333333335 0.42437500000000006 0.4875 0.428125 0.4841666666666667 0.425 0.48166666666666663 0.43 0.47750000000000004 0.426875 0.4716666666666667 0.429375 0.47000000000000003 0.42250000000000004 0.45999999999999996 0.43125 0.45583333333333337 0.426875 0.44833333333333336 0.428125 0.43916666666666665 0.436875 0.43583333333333335 0.43624999999999997 0.43583333333333335 0.43187500000000006 0.43166666666666664 0.43187500000000006 0.42666666666666664 0.43624999999999997 0.4216666666666667 0.434375 0.425 0.445625 0.43 0.4443750000000001
0 0.5633333333333332 0.8318749999999999 0.5691666666666666 0.834375 0.5700000000000001 0.8306250000000001 0.5641666666666667 0.8256249999999999 0.5666666666666667 0.82875 0.5633333333333332 0.8318749999999999
0 0.5591666666666667 0.723125 0.5599999999999999 0.744375 0.5625 0.7506250000000001 0.5599999999999999 0.760625 0.5608333333333333 0.79625 0.5641666666666667 0.8025 0.5641666666666667 0.813125 0.5775 0.813125 0.5841666666666667 0.8106250000000002 0.5833333333333333 0.8 0.5875 0.796875 0.5916666666666667 0.798125 0.6033333333333333 0.7831250000000001 0.6108333333333333 0.78 0.6191666666666666 0.7831250000000001 0.6224999999999999 0.77625 0.6224999999999999 0.7375 0.6283333333333333 0.7175 0.6266666666666667 0.64625 0.6191666666666666 0.644375 0.6066666666666667 0.6525000000000001 0.5974999999999999 0.65375 0.595 0.6581250000000001 0.5883333333333333 0.661875 0.5841666666666667 0.6612500000000001 0.5741666666666666 0.673125 0.5641666666666667 0.6743750000000001 0.5633333333333332 0.68125 0.5641666666666667 0.690625 0.5591666666666667 0.723125
0 0.6116666666666666 0.6375 0.6066666666666667 0.640625 0.6091666666666666 0.6425000000000001 0.615 0.64 0.6083333333333333 0.634375 0.6066666666666667 0.6362500000000001 0.6116666666666666 0.6375
0 0.23666666666666666 0.7975000000000001 0.2325 0.8 0.23500000000000001 0.8006249999999999 0.2375 0.79625 0.23583333333333334 0.7931250000000001 0.23333333333333334 0.7931250000000001 0.2325 0.79625 0.23666666666666666 0.7975000000000001
0 0.1775 0.77875 0.18333333333333332 0.77625 0.17833333333333332 0.77125 0.17333333333333334 0.775625 0.1775 0.77875
0 0.135 0.7081250000000001 0.135 0.7175 0.14166666666666666 0.7262500000000001 0.14416666666666667 0.7375 0.13916666666666666 0.7518750000000001 0.14416666666666667 0.76 0.145 0.76875 0.1525 0.77625 0.16 0.77625 0.17416666666666666 0.763125 0.17916666666666667 0.765625 0.1825 0.7625 0.18333333333333332 0.76875 0.19166666666666668 0.77375 0.20249999999999999 0.775625 0.21416666666666667 0.77375 0.21583333333333332 0.7768750000000001 0.21333333333333332 0.779375 0.21749999999999997 0.7818750000000001 0.24 0.786875 0.2475 0.7825 0.2525 0.789375 0.265 0.786875 0.2683333333333333 0.7818750000000001 0.2791666666666667 0.778125 0.28250000000000003 0.78 0.2891666666666667 0.78 0.29333333333333333 0.7775000000000001 0.2966666666666667 0.77875 0.2966666666666667 0.775625 0.31666666666666665 0.771875 0.3183333333333333 0.77 0.32416666666666666 0.77375 0.3258333333333333 0.77125 0.3225 0.77 0.32333333333333336 0.7681250000000001 0.3283333333333333 0.769375 0.3308333333333333 0.7675000000000001 0.33333333333333337 0.7706250000000001 0.3383333333333333 0.7706250000000001 0.3433333333333333 0.765625 0.33999999999999997 0.758125 0.3416666666666667 0.7568750000000001 0.34833333333333333 0.760625 0.355 0.754375 0.355 0.75125 0.35083333333333333 0.7475 0.3591666666666667 0.7375 0.35666666666666663 0.7350000000000001 0.3516666666666667 0.735625 0.35083333333333333 0.731875 0.3591666666666667 0.7237500000000001 0.35666666666666663 0.7081250000000001 0.3591666666666667 0.69375 0.35416666666666663 0.67125 0.3491666666666667 0.666875 0.345 0.6675000000000001 0.3358333333333333 0.6737500000000001 0.32416666666666666 0.67625 0.3158333333333333 0.68125 0.2966666666666667 0.6875 0.2758333333333333 0.68875 0.2725 0.695625 0.265 0.700625 0.2533333333333333 0.6987500000000001 0.23583333333333334 0.701875 0.23166666666666663 0.6993750000000001 0.2325 0.6950000000000001 0.22833333333333333 0.691875 0.22000000000000003 0.696875 0.20916666666666667 0.690625 0.2058333333333333 0.690625 0.2058333333333333 0.685625 0.19749999999999998 0.6846875000000001 0.19666666666666666 0.678125 0.1925 0.6825 0.18583333333333335 0.6825 0.18083333333333335 0.6875 0.17083333333333334 0.680625 0.1625 0.680625 0.15583333333333332 0.675625 0.15416666666666667 0.665 0.14250000000000002 0.67625 0.13833333333333334 0.6881250000000001 0.13999999999999999 0.695625 0.135 0.7081250000000001
0 0.7575000000000001 0.9943750000000001 0.7541666666666667 0.993125 0.7533333333333333 0.9943750000000001 0.7575000000000001 0.9943750000000001
0 0.76171875 0.99375 0.00546875 0.0015625
0 0.8625 0.95 0.8633333333333333 0.945625 0.8608333333333332 0.94625 0.86 0.9493750000000001 0.8625 0.95
0 0.7175 0.945625 0.7091666666666667 0.9512500000000002 0.7091666666666667 0.95625 0.7208333333333333 0.9631250000000001 0.7175 0.9700000000000001 0.72 0.9712500000000001 0.7233333333333334 0.96875 0.7274999999999999 0.974375 0.7483333333333333 0.974375 0.7591666666666667 0.9806250000000001 0.7649999999999999 0.9868750000000001 0.7683333333333333 0.9856250000000001 0.7716666666666667 0.9887500000000001 0.7766666666666666 0.9862500000000001 0.7825 0.9862500000000001 0.7883333333333333 0.9893750000000001 0.7891666666666667 0.9950000000000001 0.8108333333333333 0.9943750000000001 0.8066666666666666 0.9875 0.8141666666666666 0.983125 0.8208333333333334 0.9856250000000001 0.8216666666666667 0.9943750000000001 0.8416666666666666 0.996875 0.8441666666666666 0.999375 0.8541666666666666 0.999375 0.8583333333333334 0.9962500000000001 0.8658333333333333 0.9956250000000001 0.8916666666666666 0.9975000000000002 0.8925000000000001 0.999375 0.9 0.996875 0.9041666666666666 0.996875 0.9058333333333334 0.999375 0.9349999999999999 0.999375 0.9375 0.9762500000000001 0.9616666666666667 0.9481250000000001 0.9641666666666666 0.94625 0.9741666666666667 0.946875 0.9766666666666666 0.944375 0.9766666666666666 0.9393750000000001 0.9808333333333333 0.9356250000000002 0.9800000000000001 0.9175000000000001 0.9766666666666666 0.9106250000000001 0.9808333333333333 0.9075000000000001 0.9766666666666666 0.90625 0.9758333333333333 0.911875 0.9666666666666666 0.9112500000000001 0.9491666666666667 0.9268750000000001 0.9508333333333333 0.9349999999999999 0.9416666666666667 0.9393750000000001 0.9425000000000001 0.946875 0.9391666666666666 0.95 0.9316666666666666 0.951875 0.9008333333333333 0.9725000000000001 0.8958333333333334 0.9712500000000001 0.885 0.9600000000000002 0.8766666666666666 0.9568749999999999 0.8716666666666667 0.9581250000000001 0.8691666666666666 0.95625 0.8666666666666666 0.961875 0.8516666666666666 0.961875 0.8491666666666667 0.951875 0.845 0.9481250000000001 0.8383333333333333 0.951875 0.8316666666666667 0.9481250000000001 0.8275 0.9425000000000001 0.8266666666666665 0.9356250000000002 0.8141666666666666 0.928125 0.77 0.914375 0.7641666666666667 0.915625 0.7608333333333334 0.9081250000000001 0.7508333333333332 0.9025000000000001 0.7441666666666666 0.9018750000000001 0.7341666666666666 0.9075000000000001 0.7233333333333334 0.9037499999999999 0.7191666666666666 0.9075000000000001 0.7216666666666667 0.9168750000000001 0.7116666666666667 0.928125 0.72 0.9356250000000002 0.7175 0.945625
0 0.14166666666666666 0.484375 0.15 0.484375 0.15666666666666668 0.4875 0.19416666666666665 0.48937500000000006 0.23166666666666663 0.5006250000000001 0.23833333333333334 0.49812500000000004 0.24166666666666664 0.4912500000000001 0.2375 0.48812500000000003 0.23916666666666667 0.47875000000000006 0.25166666666666665 0.46875 0.25833333333333336 0.46875 0.2683333333333333 0.4625 0.2791666666666667 0.4600000000000001 0.29 0.4525 0.2841666666666667 0.45125000000000004 0.27999999999999997 0.4575 0.27666666666666667 0.45187499999999997 0.25083333333333335 0.45187499999999997 0.21833333333333332 0.45562500000000006 0.21333333333333332 0.458125 0.18916666666666665 0.45875000000000005 0.17833333333333332 0.46312500000000006 0.17416666666666666 0.46125 0.1675 0.46187500000000004 0.16166666666666668 0.465 0.15333333333333332 0.46312500000000006 0.14666666666666667 0.468125 0.13666666666666666 0.465625 0.13 0.473125 0.13 0.47875000000000006 0.14166666666666666 0.484375
0 0.7725 0.559375 0.7899999999999999 0.55625 0.7975 0.5587500000000001 0.8166666666666667 0.559375 0.8291666666666666 0.561875 0.8416666666666666 0.560625 0.845 0.56375 0.8591666666666666 0.561875 0.8666666666666666 0.5650000000000001 0.8966666666666667 0.566875 0.905 0.560625 0.9058333333333334 0.5537500000000001 0.9108333333333333 0.55 0.9108333333333333 0.54375 0.905 0.536875 0.8949999999999999 0.5475000000000001 0.8883333333333333 0.5475000000000001 0.8800000000000001 0.544375 0.865 0.545625 0.845 0.54375 0.8308333333333333 0.54 0.7958333333333333 0.54 0.7825 0.536875 0.7758333333333333 0.528125 0.7691666666666667 0.535625 0.7649999999999999 0.54625 0.7649999999999999 0.553125 0.7725 0.559375
0 0.5703125 0.765625 0.00078125 0.0015625
0 0.6816666666666666 0.76875 0.6783333333333333 0.7575000000000001 0.6783333333333333 0.771875 0.6816666666666666 0.76875
0 0.6675 0.755625 0.6583333333333333 0.760625 0.6583333333333333 0.763125 0.6633333333333333 0.77 0.6683333333333333 0.771875 0.67 0.7681250000000001 0.6641666666666667 0.765 0.6633333333333333 0.7618750000000001 0.67 0.75375 0.675 0.75125 0.675 0.748125 0.6708333333333333 0.7456250000000001 0.6641666666666667 0.7462500000000001 0.6633333333333333 0.748125 0.6633333333333333 0.7525000000000001 0.6675 0.755625
0 0.5675 0.760625 0.5716666666666667 0.759375 0.5741666666666666 0.7550000000000001 0.5875 0.758125 0.5883333333333333 0.766875 0.5933333333333334 0.7662500000000001 0.5974999999999999 0.7618750000000001 0.5983333333333334 0.754375 0.5958333333333333 0.748125 0.6008333333333333 0.745 0.6125 0.745 0.6166666666666667 0.748125 0.6141666666666666 0.7550000000000001 0.6191666666666666 0.765625 0.6224999999999999 0.7675000000000001 0.64 0.760625 0.6458333333333333 0.7518750000000001 0.6558333333333334 0.7550000000000001 0.6508333333333333 0.749375 0.6483333333333333 0.75125 0.6458333333333333 0.75 0.6466666666666667 0.7475 0.6508333333333333 0.7462500000000001 0.6383333333333333 0.745 0.6366666666666666 0.7425 0.6325000000000001 0.7425 0.6325000000000001 0.711875 0.6283333333333333 0.703125 0.6258333333333332 0.6875 0.6224999999999999 0.6900000000000001 0.62 0.709375 0.5916666666666667 0.7300000000000001 0.5875 0.7375 0.5766666666666667 0.7418750000000001 0.58 0.7462500000000001 0.5716666666666667 0.7456250000000001 0.5650000000000001 0.74875 0.5641666666666667 0.7550000000000001 0.5675 0.760625
0 0.97 0.83125 0.9733333333333333 0.828125 0.9724999999999999 0.8200000000000001 0.97 0.8175000000000001 0.9666666666666666 0.81875 0.9650000000000001 0.8243750000000001 0.97 0.83125
0 0.99375 0.80078125 0.00078125 0.0015625
0 0.8733333333333333 0.76875 0.8766666666666666 0.766875 0.8791666666666667 0.769375 0.8800000000000001 0.7681250000000001 0.8758333333333332 0.7662500000000001 0.8733333333333333 0.7662500000000001 0.8733333333333333 0.76875
0 0.99 0.633125 0.9866666666666667 0.6318750000000001 0.9875 0.635625 0.99 0.633125
0 0.9800000000000001 0.6300000000000001 0.9766666666666666 0.629375 0.975 0.6300000000000001 0.9800000000000001 0.6300000000000001
0 0.885 0.63125 0.8883333333333333 0.6325000000000001 0.885 0.634375 0.8866666666666667 0.635625 0.8933333333333333 0.630625 0.8975 0.630625 0.8925000000000001 0.628125 0.8933333333333333 0.6256250000000001 0.8908333333333334 0.6268750000000001 0.8866666666666667 0.624375 0.8858333333333333 0.62625 0.8875 0.628125 0.885 0.63125
0 0.8683333333333334 0.7256250000000001 0.8716666666666667 0.73875 0.8800000000000001 0.7525000000000001 0.8841666666666667 0.7550000000000001 0.885 0.759375 0.8866666666666667 0.76 0.89 0.755625 0.8966666666666667 0.7575000000000001 0.9008333333333333 0.7618750000000001 0.9 0.766875 0.8933333333333333 0.7681250000000001 0.8941666666666667 0.775625 0.8983333333333332 0.77875 0.8958333333333334 0.7818750000000001 0.8975 0.7875 0.9008333333333333 0.789375 0.9108333333333333 0.78125 0.9183333333333333 0.7825 0.9275 0.779375 0.9366666666666668 0.7881250000000001 0.9366666666666668 0.803125 0.9416666666666667 0.80625 0.9483333333333333 0.7993750000000001 0.96 0.8025 0.9666666666666666 0.7993750000000001 0.9691666666666666 0.795 0.9741666666666667 0.795 0.9775 0.7975000000000001 0.9841666666666666 0.791875 0.9875 0.7931250000000001 0.9875 0.775 0.9991666666666668 0.7618750000000001 0.9991666666666668 0.7368750000000001 0.9966666666666667 0.73375 0.9991666666666668 0.71125 0.9966666666666667 0.7050000000000001 0.9966666666666667 0.69125 0.9908333333333333 0.6787500000000001 0.9949999999999999 0.661875 0.9949999999999999 0.653125 0.9908333333333333 0.6456250000000001 0.9833333333333334 0.645 0.9833333333333334 0.639375 0.9800000000000001 0.6375 0.975 0.644375 0.9625 0.6481250000000001 0.9566666666666667 0.641875 0.9558333333333333 0.6275000000000001 0.9508333333333333 0.628125 0.9508333333333333 0.62625 0.9400000000000001 0.621875 0.9199999999999999 0.6225 0.9175000000000001 0.624375 0.9125 0.619375 0.9058333333333334 0.619375 0.9066666666666666 0.624375 0.9091666666666667 0.6256250000000001 0.9066666666666666 0.628125 0.9108333333333333 0.6325000000000001 0.9083333333333334 0.635625 0.9033333333333333 0.6375 0.8975 0.635625 0.8925000000000001 0.638125 0.8800000000000001 0.6375 0.8766666666666666 0.65 0.8800000000000001 0.6575 0.8724999999999999 0.6768750000000001 0.8716666666666667 0.7150000000000001 0.8683333333333334 0.7256250000000001
0 0.9875 0.6118750000000001 0.9875 0.6056250000000001 0.9833333333333334 0.60875 0.9875 0.6118750000000001
0 0.1408333333333333 0.48500000000000004 0.15166666666666667 0.48562500000000003 0.1575 0.48937500000000006 0.17166666666666666 0.48937500000000006 0.1775 0.491875 0.18833333333333332 0.4912500000000001 0.195 0.49437500000000006 0.20833333333333334 0.49625 0.21333333333333332 0.50125 0.21666666666666665 0.510625 0.22333333333333333 0.51 0.22916666666666666 0.51375 0.2341666666666667 0.52875 0.2375 0.530625 0.24166666666666664 0.53 0.24500000000000002 0.52375 0.24333333333333332 0.5075000000000001 0.24583333333333335 0.49625 0.24416666666666664 0.4912500000000001 0.2375 0.48500000000000004 0.2375 0.47625 0.22999999999999998 0.46749999999999997 0.22666666666666666 0.47062499999999996 0.22000000000000003 0.46625000000000005 0.2125 0.471875 0.21000000000000002 0.47062499999999996 0.20083333333333334 0.4756250000000001 0.18083333333333335 0.475 0.1725 0.478125 0.14916666666666667 0.47750000000000004 0.13999999999999999 0.47250000000000003 0.1375 0.46687500000000004 0.13833333333333334 0.46937500000000004 0.13333333333333333 0.46937500000000004 0.13 0.47875000000000006 0.1408333333333333 0.48500000000000004
0 0.15390625 0.4671875 0.0015625 0.0015625
0 0.21000000000000002 0.46937500000000004 0.20916666666666667 0.4600000000000001 0.2058333333333333 0.46749999999999997 0.21000000000000002 0.46937500000000004
0 0.22000000000000003 0.46187500000000004 0.2225 0.4600000000000001 0.22000000000000003 0.45625 0.215 0.4600000000000001 0.22000000000000003 0.46187500000000004
0 0.23333333333333334 0.460625 0.23916666666666667 0.45875000000000005 0.24416666666666664 0.4600000000000001 0.2575 0.45687500000000003 0.26083333333333336 0.453125 0.25166666666666665 0.4525 0.2475 0.45499999999999996 0.23861083333333336 0.45499999999999996 0.23833333333333334 0.458125 0.2341666666666667 0.45499999999999996 0.22749999999999998 0.4575 0.23333333333333334 0.460625
0 0.15 0.849375 0.15833333333333333 0.8556250000000001 0.1575 0.8625 0.16083333333333333 0.865625 0.1675 0.865625 0.16916666666666666 0.869375 0.17583333333333334 0.87375 0.1925 0.8800000000000001 0.2033333333333333 0.875625 0.21583333333333332 0.8793750000000001 0.22416666666666668 0.8787499999999999 0.22999999999999998 0.88375 0.24166666666666664 0.8862500000000001 0.24833333333333335 0.8925000000000001 0.2533333333333333 0.89375 0.27166666666666667 0.8943749999999999 0.2758333333333333 0.885 0.2866666666666667 0.88125 0.2966666666666667 0.871875 0.32 0.85875 0.3258333333333333 0.8643750000000001 0.33333333333333337 0.8668750000000001 0.34750000000000003 0.8625 0.35666666666666663 0.8568749999999999 0.36333333333333334 0.8450000000000001 0.3625 0.81125 0.35833333333333334 0.8081250000000001 0.34833333333333333 0.8081250000000001 0.345 0.8099999999999999 0.3408333333333333 0.8043750000000001 0.33416666666666667 0.8025 0.3275 0.80375 0.32666666666666666 0.806875 0.31416666666666665 0.8150000000000001 0.2991666666666667 0.8168750000000001 0.29333333333333333 0.82125 0.28250000000000003 0.821875 0.27749999999999997 0.834375 0.26749999999999996 0.838125 0.24083333333333332 0.8375 0.23583333333333334 0.8393750000000001 0.22749999999999998 0.834375 0.23166666666666663 0.83125 0.22416666666666668 0.8293750000000001 0.21583333333333332 0.8200000000000001 0.20916666666666667 0.82125 0.20166666666666666 0.8175000000000001 0.20083333333333334 0.8225 0.19583333333333333 0.8256249999999999 0.18583333333333335 0.82125 0.18916666666666665 0.813125 0.17833333333333332 0.8075000000000001 0.17833333333333332 0.8125 0.17333333333333334 0.8137500000000001 0.16999999999999998 0.811875 0.16583333333333333 0.8143750000000001 0.1575 0.8143750000000001 0.155 0.8237500000000001 0.14916666666666667 0.825 0.14750000000000002 0.8318749999999999 0.15 0.849375
0 0.4541666666666667 0.92125 0.4875 0.930625 0.49416666666666664 0.930625 0.49916666666666665 0.928125 0.5125 0.915 0.52 0.903125 0.5466666666666666 0.8800000000000001 0.5575 0.86625 0.5525 0.8568749999999999 0.5541666666666667 0.8462500000000001 0.55 0.8375 0.5441666666666667 0.840625 0.5358333333333334 0.8400000000000001 0.5325 0.843125 0.5275000000000001 0.85875 0.5208333333333333 0.8625 0.515 0.8724999999999999 0.51 0.875625 0.5075000000000001 0.89 0.5008333333333332 0.89375 0.47750000000000004 0.89 0.47333333333333333 0.8856250000000001 0.4625 0.883125 0.45666666666666667 0.8787499999999999 0.445 0.878125 0.43916666666666665 0.874375 0.44000000000000006 0.86625 0.43666666666666665 0.871875 0.43499999999999994 0.8700000000000001 0.4333333333333333 0.87375 0.425 0.875 0.41833333333333333 0.86875 0.41083333333333333 0.868125 0.4025 0.8631249999999999 0.38333333333333336 0.8631249999999999 0.37583333333333335 0.8612500000000001 0.3725 0.8637500000000001 0.37333333333333335 0.89375 0.4541666666666667 0.92125
0 0.6325000000000001 0.5893750000000001 0.64 0.6162500000000001 0.6475 0.623125 0.6533333333333333 0.623125 0.6583333333333333 0.619375 0.6583333333333333 0.615 0.6641666666666667 0.609375 0.6775 0.60875 0.6891666666666667 0.609375 0.6941666666666666 0.6125 0.7166666666666667 0.610625 0.7224999999999999 0.613125 0.7333333333333333 0.613125 0.7383333333333333 0.6162500000000001 0.7533333333333333 0.62 0.7583333333333333 0.619375 0.7616666666666666 0.6025 0.7583333333333333 0.5900000000000001 0.7616666666666666 0.5737500000000001 0.7458333333333333 0.5743750000000001 0.7333333333333333 0.57125 0.7266666666666667 0.575 0.7175 0.5700000000000001 0.7033333333333334 0.5737500000000001 0.6966666666666667 0.57125 0.6908333333333333 0.571875 0.6683333333333333 0.56 0.6516666666666666 0.56 0.645 0.556875 0.64 0.556875 0.6366666666666666 0.56 0.6358333333333334 0.5800000000000001 0.6325000000000001 0.5893750000000001
0 0.019166666666666665 0.62375 0.0225 0.62625 0.018333333333333333 0.6368750000000001 0.023333333333333334 0.6456250000000001 0.021666666666666667 0.6581250000000001 0.02583333333333333 0.664375 0.02583333333333333 0.680625 0.0325 0.6837500000000001 0.04416666666666667 0.680625 0.05333333333333333 0.6831250000000001 0.06083333333333333 0.681875 0.06416666666666666 0.685 0.06666666666666667 0.68125 0.07083333333333333 0.680625 0.08 0.685625 0.07666666666666666 0.68875 0.08083333333333334 0.691875 0.09416666666666666 0.6881250000000001 0.11916666666666667 0.6993750000000001 0.12833333333333333 0.685 0.12833333333333333 0.661875 0.12250000000000001 0.65 0.12166666666666666 0.64375 0.125 0.639375 0.12083333333333332 0.630625 0.12166666666666666 0.623125 0.1125 0.621875 0.10583333333333333 0.62375 0.09833333333333333 0.619375 0.095 0.6206250000000001 0.08833333333333333 0.6162500000000001 0.07416666666666667 0.615 0.052500000000000005 0.609375 0.03916666666666667 0.60875 0.034999999999999996 0.6056250000000001 0.02583333333333333 0.604375 0.021666666666666667 0.6056250000000001 0.021666666666666667 0.61375 0.019166666666666665 0.615625 0.021666666666666667 0.619375 0.019166666666666665 0.62375
0 0.140625 0.7125 0.00078125 0.0015625
0 0.13666666666666666 0.649375 0.13666666666666666 0.64625 0.13416666666666666 0.6456250000000001 0.13666666666666666 0.6431250000000001 0.13333333333333333 0.6456250000000001 0.13333333333333333 0.649375 0.13666666666666666 0.649375
0 0.14166666666666666 0.6993750000000001 0.14333333333333334 0.70625 0.15416666666666667 0.7056250000000001 0.16 0.7100000000000001 0.15916666666666665 0.71375 0.1625 0.7143750000000001 0.16499999999999998 0.711875 0.175 0.709375 0.20083333333333334 0.716875 0.2058333333333333 0.7206250000000001 0.21916666666666665 0.725 0.2308333333333333 0.724375 0.2375 0.726875 0.24500000000000002 0.726875 0.25083333333333335 0.7300000000000001 0.25833333333333336 0.7275 0.26083333333333336 0.7306250000000001 0.26666666666666666 0.731875 0.27 0.728125 0.27749999999999997 0.729375 0.2816666666666666 0.7275 0.28500000000000003 0.7237500000000001 0.28500000000000003 0.71625 0.28833333333333333 0.71625 0.2891666666666667 0.718125 0.29166666666666663 0.713125 0.30333333333333334 0.7193750000000001 0.31416666666666665 0.71375 0.32166666666666666 0.71375 0.3275 0.7100000000000001 0.33333333333333337 0.709375 0.3383333333333333 0.7050000000000001 0.345 0.70625 0.35083333333333333 0.7025 0.35 0.695625 0.35666666666666663 0.685625 0.35416666666666663 0.66625 0.3575 0.655625 0.3525 0.6481250000000001 0.3525 0.633125 0.3491666666666667 0.629375 0.3433333333333333 0.629375 0.3383333333333333 0.633125 0.32 0.633125 0.2925 0.6481250000000001 0.2866666666666667 0.64875 0.27749999999999997 0.65625 0.2725 0.65375 0.2725 0.650625 0.26916666666666667 0.6525000000000001 0.2625 0.6518750000000001 0.2575 0.6575 0.26166666666666666 0.67125 0.25916666666666666 0.675625 0.255 0.6775 0.24166666666666664 0.675625 0.23833333333333334 0.670625 0.22333333333333333 0.6725000000000001 0.21749999999999997 0.66875 0.21666666666666665 0.665 0.21166666666666667 0.6612500000000001 0.21166666666666667 0.6575 0.20750000000000002 0.6575 0.2058333333333333 0.65375 0.20416666666666666 0.654375 0.20750000000000002 0.6581250000000001 0.20666666666666664 0.6612500000000001 0.20249999999999999 0.665625 0.19916666666666666 0.6581250000000001 0.18916666666666665 0.659375 0.18416666666666665 0.6625 0.17916666666666667 0.66 0.17833333333333332 0.6568750000000001 0.175 0.6581250000000001 0.16916666666666666 0.655625 0.16416666666666666 0.65625 0.16083333333333333 0.65375 0.14583333333333331 0.655 0.1375 0.65125 0.13 0.67 0.13333333333333333 0.693125 0.14166666666666666 0.6993750000000001
0 0.02583333333333333 0.68875 0.025 0.695625 0.0325 0.703125 0.03166666666666666 0.716875 0.03833333333333333 0.729375 0.035833333333333335 0.734375 0.04166666666666667 0.734375 0.045 0.726875 0.05 0.7262500000000001 0.056666666666666664 0.7325 0.06 0.7262500000000001 0.06833333333333333 0.7262500000000001 0.08 0.728125 0.095 0.7350000000000001 0.12583333333333332 0.7425 0.13333333333333333 0.7262500000000001 0.13083333333333333 0.7143750000000001 0.135 0.6993750000000001 0.13333333333333333 0.690625 0.13 0.69125 0.11916666666666667 0.68125 0.09166666666666666 0.68 0.08499999999999999 0.675625 0.08083333333333334 0.6768750000000001 0.0725 0.6737500000000001 0.06 0.6737500000000001 0.05 0.669375 0.04 0.6681250000000001 0.029166666666666667 0.661875 0.02583333333333333 0.6637500000000001 0.0225 0.681875 0.02583333333333333 0.68875
0 0.48916666666666664 0.6681250000000001 0.4875 0.66625 0.48666666666666664 0.6681250000000001 0.48916666666666664 0.6681250000000001
0 0.43499999999999994 0.6575 0.4325 0.65375 0.43166666666666664 0.6568750000000001 0.43499999999999994 0.6575
0 0.505 0.5725 0.505 0.5675000000000001 0.5016666666666667 0.566875 0.5 0.56875 0.49916666666666665 0.571875 0.505 0.5725
0 0.3716666666666667 0.5943750000000001 0.3716666666666667 0.6300000000000001 0.37666666666666665 0.64 0.38249999999999995 0.645 0.38666666666666666 0.640625 0.3908333333333333 0.64625 0.41833333333333333 0.65625 0.43166666666666664 0.64875 0.43666666666666665 0.65 0.43666666666666665 0.654375 0.4375 0.6518750000000001 0.445 0.655 0.46416666666666667 0.65375 0.4666666666666667 0.6581250000000001 0.4691666666666666 0.65375 0.4925 0.655625 0.5008333333333332 0.653125 0.5025000000000001 0.655625 0.4958333333333333 0.664375 0.5008333333333332 0.6681250000000001 0.505 0.6631250000000001 0.5216666666666667 0.6575 0.525 0.653125 0.5333333333333333 0.654375 0.5425 0.6456250000000001 0.55 0.6431250000000001 0.5591666666666667 0.63125 0.5650000000000001 0.60625 0.5599999999999999 0.571875 0.5616666666666666 0.5625 0.5541666666666667 0.54625 0.5475 0.553125 0.5491666666666666 0.556875 0.5458333333333333 0.56125 0.5425 0.5625 0.5358333333333334 0.5587500000000001 0.53 0.5650000000000001 0.5225 0.56375 0.5183333333333333 0.5675000000000001 0.5191666666666667 0.57125 0.5166666666666667 0.5737500000000001 0.515 0.575 0.5116666666666666 0.573125 0.5041666666666667 0.5787500000000001 0.49833333333333335 0.575625 0.4958333333333333 0.57625 0.49333333333333335 0.573125 0.495 0.57125 0.49083333333333334 0.5693750000000001 0.48666666666666664 0.5693750000000001 0.4841666666666667 0.571875 0.4725 0.5700000000000001 0.4658333333333333 0.565625 0.4533333333333333 0.56375 0.4425 0.5643750000000001 0.4325 0.5675000000000001 0.42833333333333334 0.57125 0.4216666666666667 0.57125 0.41583333333333333 0.566875 0.41083333333333333 0.5675000000000001 0.4041666666666667 0.575 0.4 0.575 0.39666666666666667 0.5775 0.39 0.57125 0.38 0.571875 0.37083333333333335 0.578125 0.36916666666666664 0.5893750000000001 0.3716666666666667 0.5943750000000001
0 0.024166666666666666 0.64875 0.0225 0.659375 0.02583333333333333 0.661875 0.03333333333333333 0.6625 0.04 0.6681250000000001 0.05 0.664375 0.056666666666666664 0.669375 0.06999999999999999 0.669375 0.08083333333333334 0.6743750000000001 0.08583333333333333 0.673125 0.095 0.6793750000000001 0.09833333333333333 0.67625 0.10666666666666666 0.681875 0.11916666666666667 0.680625 0.12583333333333332 0.675 0.12250000000000001 0.6725000000000001 0.1275 0.666875 0.12666666666666665 0.6575 0.12333333333333334 0.6525000000000001 0.12666666666666665 0.641875 0.12333333333333334 0.6325000000000001 0.12583333333333332 0.6206250000000001 0.11499999999999999 0.621875 0.11083333333333334 0.62625 0.10583333333333333 0.6268750000000001 0.09833333333333333 0.634375 0.09333333333333334 0.6268750000000001 0.09166666666666666 0.61875 0.08083333333333334 0.615625 0.0725 0.62 0.06916666666666667 0.615625 0.06916666666666667 0.618125 0.06416666666666666 0.618125 0.06416666666666666 0.6125 0.06083333333333333 0.6125 0.05 0.6212500000000001 0.04583333333333333 0.6206250000000001 0.045 0.6162500000000001 0.04 0.6143750000000001 0.02 0.62875 0.018333333333333333 0.6368750000000001 0.024166666666666666 0.64875
0 0.2791666666666667 0.6675000000000001 0.2816666666666666 0.664375 0.27416666666666667 0.665 0.2791666666666667 0.6675000000000001
0 0.13333333333333333 0.71375 0.1408333333333333 0.724375 0.14583333333333331 0.7418750000000001 0.15083333333333332 0.745 0.1525 0.743125 0.16 0.74375 0.16416666666666666 0.7475 0.16333333333333333 0.7525000000000001 0.1675 0.75625 0.16833333333333333 0.7525000000000001 0.17416666666666666 0.749375 0.1775 0.75125 0.18916666666666665 0.749375 0.2058333333333333 0.758125 0.21583333333333332 0.76 0.22333333333333333 0.765625 0.2525 0.766875 0.2925 0.748125 0.31083333333333335 0.74375 0.32083333333333336 0.748125 0.32166666666666666 0.74 0.32666666666666666 0.7368750000000001 0.33249999999999996 0.7368750000000001 0.3416666666666667 0.7237500000000001 0.33916666666666667 0.7212500000000001 0.3408333333333333 0.7175 0.3466666666666667 0.71625 0.3516666666666667 0.7237500000000001 0.35583333333333333 0.7212500000000001 0.3525 0.70875 0.3591666666666667 0.6950000000000001 0.35333333333333333 0.67125 0.3491666666666667 0.66875 0.3375 0.675625 0.32416666666666666 0.6768750000000001 0.315 0.681875 0.27666666666666667 0.690625 0.275 0.695625 0.2625 0.7025 0.255 0.6993750000000001 0.23583333333333334 0.701875 0.2308333333333333 0.6993750000000001 0.2308333333333333 0.695625 0.22749999999999998 0.693125 0.22000000000000003 0.696875 0.2058333333333333 0.6893750000000001 0.2058333333333333 0.685 0.19916666666666666 0.685 0.19583333333333333 0.680625 0.19416666666666665 0.6831250000000001 0.18666666666666668 0.6837500000000001 0.18166666666666667 0.6875 0.16916666666666666 0.680625 0.16166666666666668 0.680625 0.15583333333333332 0.675625 0.1575 0.664375 0.15416666666666667 0.661875 0.14166666666666666 0.669375 0.14250000000000002 0.675625 0.13583333333333333 0.68875 0.13833333333333334 0.69625 0.13333333333333333 0.71375
0 0.6358333333333334 0.655625 0.6441666666666667 0.6612500000000001 0.6416666666666667 0.6681250000000001 0.6466666666666667 0.67125 0.6533333333333333 0.671875 0.6575 0.6637500000000001 0.6683333333333333 0.6725000000000001 0.6791666666666667 0.675625 0.6816666666666666 0.675 0.6833333333333333 0.670625 0.6858333333333333 0.671875 0.6808333333333334 0.665625 0.6841666666666667 0.6637500000000001 0.6925 0.665 0.6958333333333333 0.6625 0.6991666666666666 0.6631250000000001 0.7024999999999999 0.6675000000000001 0.7133333333333333 0.66875 0.7175 0.66625 0.7233333333333334 0.67125 0.7283333333333333 0.671875 0.735 0.671875 0.7408333333333333 0.66875 0.7516666666666667 0.669375 0.7558333333333334 0.659375 0.7566666666666666 0.6475000000000001 0.7616666666666666 0.6375 0.7616666666666666 0.633125 0.7516666666666667 0.6212500000000001 0.74 0.619375 0.7266666666666667 0.623125 0.7175 0.6125 0.7 0.6162500000000001 0.6825 0.6143750000000001 0.6783333333333333 0.6118750000000001 0.6641666666666667 0.609375 0.6583333333333333 0.610625 0.655 0.613125 0.655 0.6165625 0.6525 0.6162500000000001 0.6491666666666667 0.60875 0.6416666666666667 0.604375 0.6383333333333333 0.6056250000000001 0.6333333333333333 0.618125 0.6325000000000001 0.6368750000000001 0.6358333333333334 0.655625
0 0.7683333333333333 0.8456250000000001 0.7758333333333333 0.8387500000000001 0.7866666666666666 0.835 0.8 0.825 0.8141666666666666 0.813125 0.8175000000000001 0.806875 0.8383333333333333 0.8075000000000001 0.8441666666666666 0.803125 0.8416666666666666 0.8006249999999999 0.8275 0.7987500000000001 0.8233333333333333 0.8006249999999999 0.8208333333333334 0.806875 0.8033333333333333 0.8012500000000001 0.7933333333333333 0.80375 0.7775 0.8012500000000001 0.7649999999999999 0.794375 0.7591666666666667 0.7975000000000001 0.7525 0.796875 0.7458333333333333 0.8262500000000002 0.7466666666666667 0.838125 0.7683333333333333 0.8456250000000001
0 0.7546875 0.78984375 0.00078125 0.00078125
0 0.3725 0.6987500000000001 0.3725 0.703125 0.36916666666666664 0.706875 0.3725 0.7081250000000001 0.38166666666666665 0.70625 0.38666666666666666 0.7100000000000001 0.39249999999999996 0.7106250000000001 0.3975 0.7081250000000001 0.4041666666666667 0.7100000000000001 0.40750000000000003 0.7075 0.41083333333333333 0.71125 0.4166666666666667 0.7056250000000001 0.43 0.716875 0.4375 0.71625 0.45 0.7237500000000001 0.4625 0.7237500000000001 0.47000000000000003 0.728125 0.4766666666666667 0.72875 0.4833333333333333 0.7237500000000001 0.5083333333333333 0.7237500000000001 0.5175 0.71625 0.5225 0.7056250000000001 0.5591666666666667 0.6787500000000001 0.5599999999999999 0.671875 0.5558333333333334 0.669375 0.5566666666666666 0.6612500000000001 0.55 0.65625 0.5391666666666667 0.6568750000000001 0.5108333333333334 0.673125 0.4925 0.6768750000000001 0.4833333333333333 0.6768750000000001 0.47000000000000003 0.671875 0.45916666666666667 0.673125 0.43083333333333335 0.6637500000000001 0.42333333333333334 0.6637500000000001 0.4141666666666667 0.660625 0.39916666666666667 0.660625 0.39249999999999996 0.6575 0.38249999999999995 0.65625 0.37916666666666665 0.6575 0.3783333333333333 0.6612500000000001 0.3675 0.67125 0.36666666666666664 0.675625 0.3675 0.6925000000000001 0.3725 0.6987500000000001
0 0.155 0.9168750000000001 0.1575 0.9237500000000001 0.25833333333333336 0.9712500000000001 0.26749999999999996 0.9700000000000001 0.28500000000000003 0.9600000000000002 0.30833333333333335 0.9393750000000001 0.3416666666666667 0.921875 0.36583333333333334 0.9037499999999999 0.36583333333333334 0.896875 0.3625 0.89125 0.365 0.881875 0.3625 0.86875 0.3591666666666667 0.86625 0.3416666666666667 0.868125 0.33249999999999996 0.874375 0.33166666666666667 0.878125 0.32083333333333336 0.8793750000000001 0.31666666666666665 0.884375 0.30666666666666664 0.8856250000000001 0.3 0.8925000000000001 0.28583333333333333 0.9 0.27166666666666667 0.900625 0.26916666666666667 0.9037499999999999 0.2625 0.900625 0.25666666666666665 0.9043750000000002 0.2475 0.899375 0.22999999999999998 0.9 0.21666666666666665 0.8950000000000001 0.21000000000000002 0.889375 0.19583333333333333 0.883125 0.17833333333333332 0.8793750000000001 0.1675 0.87375 0.1575 0.8800000000000001 0.155 0.899375 0.155 0.9168750000000001
0 0.6366666666666666 0.675 0.65 0.675625 0.6541666666666667 0.6775 0.6575 0.6737500000000001 0.6616666666666666 0.673125 0.6825 0.681875 0.7 0.6837500000000001 0.7133333333333333 0.68125 0.7366666666666666 0.6875 0.75 0.6875 0.7525 0.685625 0.7575000000000001 0.671875 0.755 0.6625 0.7366666666666666 0.6525000000000001 0.7266666666666667 0.65125 0.72 0.646875 0.7158333333333333 0.64875 0.6866666666666666 0.6481250000000001 0.6683333333333333 0.640625 0.6541666666666667 0.6425000000000001 0.6466666666666667 0.640625 0.6333333333333333 0.64375 0.63 0.67 0.6366666666666666 0.675
0 0.6483333333333333 0.638125 0.6541666666666667 0.640625 0.6716666666666666 0.64 0.6799999999999999 0.644375 0.6908333333333333 0.646875 0.7166666666666667 0.6456250000000001 0.7183333333333334 0.6475000000000001 0.7308333333333333 0.649375 0.7525 0.65625 0.7616666666666666 0.6368750000000001 0.7541666666666667 0.61875 0.7283333333333333 0.6175 0.7208333333333333 0.6100000000000001 0.72 0.60625 0.7133333333333333 0.6075 0.7066666666666667 0.6125 0.6991666666666666 0.613125 0.6916666666666667 0.613125 0.6783333333333333 0.608125 0.6641666666666667 0.6075 0.6583333333333333 0.6112500000000001 0.6558333333333334 0.62 0.6491666666666667 0.62375 0.6425 0.619375 0.6408333333333334 0.615 0.6366666666666666 0.618125 0.6366666666666666 0.6412500000000001 0.6483333333333333 0.638125
0 0.9141666666666666 0.45375000000000004 0.9141666666666666 0.45187499999999997 0.9108333333333333 0.453125 0.9141666666666666 0.45375000000000004
0 0.9183333333333333 0.445625 0.915 0.4443750000000001 0.915 0.44625000000000004 0.9183333333333333 0.445625
0 0.7725 0.4956250000000001 0.7725 0.515625 0.7758333333333333 0.52 0.7858333333333334 0.516875 0.8033333333333333 0.52 0.8241666666666667 0.52 0.8300000000000001 0.5225000000000001 0.8383333333333333 0.5206250000000001 0.845 0.52375 0.8666666666666666 0.525625 0.875 0.529375 0.8791666666666667 0.5275000000000001 0.8833333333333334 0.529375 0.8975 0.52875 0.9016666666666666 0.5325 0.9199999999999999 0.52875 0.9258333333333333 0.48375 0.9358333333333333 0.47000000000000003 0.9341666666666667 0.46687500000000004 0.9366666666666668 0.46125 0.9324999999999999 0.458125 0.9133333333333333 0.460625 0.9075 0.45562500000000006 0.9058333333333334 0.460625 0.9025000000000001 0.46187500000000004 0.8991666666666667 0.45687500000000003 0.8916666666666666 0.45375000000000004 0.89 0.448125 0.8858333333333333 0.446875 0.8833333333333334 0.43937499999999996 0.8724999999999999 0.44000000000000006 0.8666666666666666 0.449375 0.8608333333333332 0.445625 0.8541666666666666 0.45 0.8466666666666667 0.46125 0.8275 0.46125 0.8208333333333334 0.465625 0.8125 0.465625 0.8041666666666666 0.47000000000000003 0.8 0.46625000000000005 0.7975 0.47000000000000003 0.7925 0.47000000000000003 0.7925 0.47375 0.7858333333333334 0.478125 0.7825 0.476875 0.7833333333333333 0.48125 0.7758333333333333 0.48187500000000005 0.7741666666666667 0.48375 0.7758333333333333 0.4875 0.7725 0.4956250000000001
0 0.9324999999999999 0.45375000000000004 0.9349999999999999 0.45125000000000004 0.9383333333333332 0.4525 0.9383333333333332 0.43937499999999996 0.9283333333333333 0.43375 0.9241666666666667 0.4375 0.9233333333333332 0.453125 0.9324999999999999 0.45375000000000004
0 0.6508333333333333 0.718125 0.6483333333333333 0.7193750000000001 0.6516666666666666 0.72 0.6508333333333333 0.718125
0 0.7233333333333334 0.716875 0.72 0.715625 0.7191666666666666 0.716875 0.7233333333333334 0.716875
0 0.6283333333333333 0.67125 0.6316666666666666 0.675 0.6308333333333334 0.686875 0.6341666666666667 0.7056250000000001 0.6475 0.7037500000000001 0.6491666666666667 0.6993750000000001 0.6525 0.698125 0.6691666666666667 0.698125 0.675 0.69625 0.6875 0.70125 0.6941666666666666 0.7 0.7083333333333333 0.7037500000000001 0.7175 0.701875 0.7233333333333334 0.70875 0.7266666666666667 0.709375 0.7308333333333333 0.706875 0.7441666666666666 0.7056250000000001 0.7525 0.698125 0.7566666666666666 0.6837500000000001 0.7566666666666666 0.67125 0.7541666666666667 0.664375 0.7424999999999999 0.6575 0.7033333333333334 0.65 0.6841666666666667 0.64875 0.6616666666666666 0.641875 0.6541666666666667 0.64375 0.6408333333333334 0.6431250000000001 0.6341666666666667 0.65 0.6283333333333333 0.664375 0.6283333333333333 0.67125
0 0.6283333333333333 0.704375 0.6291666666666667 0.7368750000000001 0.6333333333333333 0.7412500000000001 0.6433333333333333 0.743125 0.6508333333333333 0.738125 0.6575 0.745 0.6633333333333333 0.746875 0.6683333333333333 0.7456250000000001 0.6925 0.749375 0.7041666666666667 0.748125 0.74 0.754375 0.7483333333333333 0.7525000000000001 0.7516666666666667 0.744375 0.7516666666666667 0.71875 0.7541666666666667 0.709375 0.7516666666666667 0.7 0.7525 0.6881250000000001 0.7483333333333333 0.685 0.7516666666666667 0.681875 0.7483333333333333 0.6787500000000001 0.745 0.6793750000000001 0.7441666666666666 0.675 0.7366666666666666 0.67625 0.7375 0.6831250000000001 0.735 0.68625 0.7233333333333334 0.6837500000000001 0.7141666666666666 0.6787500000000001 0.6991666666666666 0.678125 0.6950000000000001 0.68125 0.6891666666666667 0.675625 0.6758333333333333 0.675625 0.675 0.6681250000000001 0.6649999999999999 0.664375 0.6541666666666667 0.6625 0.6516666666666666 0.6681250000000001 0.6466666666666667 0.66875 0.6441666666666667 0.665 0.6466666666666667 0.6612500000000001 0.6408333333333334 0.659375 0.6366666666666666 0.6612500000000001 0.6375 0.664375 0.6325000000000001 0.673125 0.6283333333333333 0.685625 0.6283333333333333 0.704375
0 0.7583333333333333 0.6793750000000001 0.755 0.6925000000000001 0.7616666666666666 0.713125 0.76 0.7193750000000001 0.755 0.725 0.755 0.746875 0.76 0.7612500000000001 0.7616666666666666 0.76375 0.7766666666666666 0.764375 0.7899999999999999 0.77125 0.7983333333333333 0.7725000000000001 0.8058333333333334 0.77625 0.82 0.7775000000000001 0.8275 0.774375 0.8416666666666666 0.78 0.8458333333333334 0.7768750000000001 0.8425 0.7725000000000001 0.8433333333333334 0.77 0.845 0.7681250000000001 0.8483333333333333 0.76875 0.8533333333333333 0.759375 0.8566666666666667 0.7418750000000001 0.8541666666666666 0.738125 0.8641666666666665 0.7125 0.8641666666666665 0.7056250000000001 0.86 0.69625 0.8633333333333333 0.684375 0.8591666666666666 0.6787500000000001 0.8625 0.67625 0.8625 0.664375 0.8583333333333334 0.664375 0.8483333333333333 0.655625 0.845 0.655 0.8383333333333333 0.6575 0.8291666666666666 0.6568750000000001 0.8208333333333334 0.661875 0.8099999999999999 0.660625 0.805 0.6631250000000001 0.7866666666666666 0.6631250000000001 0.7825 0.659375 0.7741666666666667 0.6575 0.7849999999999999 0.655 0.7816666666666666 0.650625 0.7658333333333334 0.64625 0.7616666666666666 0.649375 0.7633333333333333 0.6725000000000001 0.7583333333333333 0.6793750000000001
0 0.36583333333333334 0.6300000000000001 0.36583333333333334 0.63375 0.3716666666666667 0.640625 0.3725 0.654375 0.375 0.655625 0.38916666666666666 0.655 0.40166666666666667 0.6568750000000001 0.45666666666666667 0.670625 0.4683333333333334 0.669375 0.4833333333333333 0.675 0.4916666666666667 0.675 0.5141666666666667 0.669375 0.5458333333333333 0.649375 0.5533333333333333 0.65625 0.5566666666666666 0.655625 0.5558333333333334 0.65125 0.5516666666666666 0.6518750000000001 0.5483333333333333 0.649375 0.5608333333333333 0.63875 0.5608333333333333 0.630625 0.5566666666666666 0.6225 0.5391666666666667 0.6225 0.5333333333333333 0.63125 0.5083333333333333 0.64375 0.5016666666666667 0.64375 0.49749999999999994 0.64875 0.4791666666666667 0.640625 0.48166666666666663 0.63375 0.4691666666666666 0.6300000000000001 0.4625 0.6300000000000001 0.45999999999999996 0.6325000000000001 0.45 0.62625 0.4216666666666667 0.623125 0.4133333333333333 0.619375 0.3933333333333333 0.6212500000000001 0.3875 0.6162500000000001 0.38333333333333336 0.6212500000000001 0.37583333333333335 0.6212500000000001 0.37333333333333335 0.6256250000000001 0.36583333333333334 0.6300000000000001
0 0.505 0.623125 0.5041666666666667 0.6212500000000001 0.5008333333333332 0.623125 0.505 0.623125
0 0.3775 0.5987500000000001 0.375 0.6012500000000001 0.37666666666666665 0.610625 0.3908333333333333 0.613125 0.3975 0.6168750000000001 0.4033333333333333 0.6162500000000001 0.4041666666666667 0.61375 0.41083333333333333 0.615625 0.4141666666666667 0.6100000000000001 0.4216666666666667 0.61375 0.43166666666666664 0.606875 0.4491666666666666 0.6075 0.4533333333333333 0.60875 0.45166666666666666 0.613125 0.45583333333333337 0.62 0.47000000000000003 0.6206250000000001 0.4741666666666666 0.6168750000000001 0.4841666666666667 0.625 0.4875 0.625 0.49416666666666664 0.62 0.49416666666666664 0.615625 0.5016666666666667 0.6112500000000001 0.5066666666666666 0.6118750000000001 0.5083333333333333 0.615625 0.52 0.615 0.5258333333333333 0.6118750000000001 0.5325 0.6143750000000001 0.5466666666666666 0.608125 0.55 0.609375 0.5566666666666666 0.603125 0.5608333333333333 0.6025 0.5641666666666667 0.5987500000000001 0.5616666666666666 0.59125 0.5641666666666667 0.58875 0.5666666666666667 0.5631250000000001 0.5641666666666667 0.56 0.5583333333333333 0.559375 0.5533333333333333 0.55625 0.5433333333333333 0.56375 0.5366666666666666 0.56125 0.5258333333333333 0.5675000000000001 0.5225 0.5675000000000001 0.5216666666666667 0.57125 0.515 0.575 0.5066666666666666 0.5737500000000001 0.5016666666666667 0.57625 0.49416666666666664 0.575625 0.4875 0.5850000000000001 0.4833333333333333 0.58375 0.48083333333333333 0.5743750000000001 0.47333333333333333 0.5743750000000001 0.4666666666666667 0.56625 0.44833333333333336 0.56375 0.4291666666666667 0.56375 0.4216666666666667 0.566875 0.4066666666666666 0.5650000000000001 0.40083333333333326 0.56875 0.38333333333333336 0.565625 0.37583333333333335 0.5675000000000001 0.3625 0.5806250000000001 0.3625 0.5875 0.3775 0.5987500000000001
0 0.11166666666666666 0.75625 0.1125 0.754375 0.10833333333333332 0.7525000000000001 0.10666666666666666 0.75625 0.11166666666666666 0.75625
0 0.03916666666666667 0.765625 0.043333333333333335 0.7731250000000001 0.03916666666666667 0.7825 0.03916666666666667 0.79 0.043333333333333335 0.796875 0.04166666666666667 0.8075000000000001 0.04666666666666667 0.8137500000000001 0.043333333333333335 0.82125 0.05 0.8306250000000001 0.05333333333333333 0.8318749999999999 0.056666666666666664 0.8300000000000001 0.06416666666666666 0.8300000000000001 0.08833333333333333 0.836875 0.09833333333333333 0.8425 0.10666666666666666 0.8418750000000002 0.10916666666666666 0.8387500000000001 0.11750000000000001 0.8375 0.12250000000000001 0.840625 0.12666666666666665 0.8400000000000001 0.1325 0.844375 0.13333333333333333 0.849375 0.13999999999999999 0.853125 0.14333333333333334 0.843125 0.1408333333333333 0.828125 0.145 0.8175000000000001 0.145 0.8025 0.13999999999999999 0.790625 0.13666666666666666 0.764375 0.13333333333333333 0.758125 0.12916666666666668 0.758125 0.13 0.755625 0.11583333333333332 0.7706250000000001 0.1125 0.765 0.10666666666666666 0.7618750000000001 0.10583333333333333 0.7575000000000001 0.09833333333333333 0.75375 0.09416666666666666 0.75375 0.08833333333333333 0.7575000000000001 0.07666666666666666 0.7550000000000001 0.07666666666666666 0.75875 0.07083333333333333 0.76375 0.06166666666666667 0.75875 0.06166666666666667 0.7550000000000001 0.056666666666666664 0.75 0.05333333333333333 0.754375 0.042499999999999996 0.746875 0.04 0.7506250000000001 0.04416666666666667 0.75875 0.03916666666666667 0.765625
0 0.13833333333333334 0.678125 0.14333333333333334 0.6787500000000001 0.14833333333333334 0.67625 0.1575 0.6793750000000001 0.16083333333333333 0.6775 0.1675 0.681875 0.17083333333333334 0.6768750000000001 0.17916666666666667 0.6775 0.18166666666666667 0.681875 0.18583333333333335 0.6837500000000001 0.19916666666666666 0.6837500000000001 0.2033333333333333 0.68875 0.2033333333333333 0.6925000000000001 0.21666666666666665 0.696875 0.21833333333333332 0.6993750000000001 0.23333333333333334 0.70125 0.25166666666666665 0.7 0.255 0.69125 0.26166666666666666 0.6925000000000001 0.2683333333333333 0.6900000000000001 0.2725 0.69375 0.27749999999999997 0.6881250000000001 0.2891666666666667 0.6881250000000001 0.29833333333333334 0.685625 0.3075 0.678125 0.31666666666666665 0.6787500000000001 0.3275 0.6737500000000001 0.33166666666666667 0.675 0.3416666666666667 0.666875 0.3575 0.6612500000000001 0.36083333333333334 0.6525000000000001 0.3591666666666667 0.6362500000000001 0.3516666666666667 0.62 0.3458333333333333 0.625 0.3175 0.6318750000000001 0.31416666666666665 0.635625 0.30833333333333335 0.6375 0.2975 0.63875 0.2978937728937729 0.6375686813186814 0.2783333333333333 0.640625 0.2758333333333333 0.6431250000000001 0.26166666666666666 0.6475000000000001 0.2475 0.64875 0.23500000000000001 0.65375 0.22000000000000003 0.654375 0.21416666666666667 0.65 0.2058333333333333 0.649375 0.2033333333333333 0.6475000000000001 0.2033333333333333 0.6431250000000001 0.19833333333333333 0.645 0.1875 0.644375 0.1825 0.640625 0.1625 0.638125 0.15666666666666668 0.63875 0.15333333333333332 0.641875 0.14583333333333331 0.641875 0.14166666666666666 0.64 0.13999999999999999 0.63375 0.1325 0.6325000000000001 0.13 0.635625 0.1275 0.65125 0.13333333333333333 0.6581250000000001 0.13083333333333333 0.6681250000000001 0.13833333333333334 0.678125
0 0.8533333333333333 0.9943750000000001 0.8483333333333333 0.993125 0.8483333333333333 0.9950000000000001 0.8533333333333333 0.9943750000000001
0 0.92421875 0.96640625 0.00078125 0.0015625
0 0.7234375 0.959375 0.00078125 0.00078125
0 0.7216666666666667 0.89 0.715 0.903125 0.7158333333333333 0.9112500000000001 0.72 0.914375 0.725 0.913125 0.7308333333333333 0.91875 0.7408333333333333 0.91875 0.7508333333333332 0.925 0.755 0.9237500000000001 0.7616666666666666 0.92875 0.7683333333333333 0.9293750000000001 0.7825 0.936875 0.7899999999999999 0.934375 0.7908333333333333 0.943125 0.7983333333333333 0.9425000000000001 0.8183333333333334 0.953125 0.8241666666666667 0.953125 0.8458333333333334 0.968125 0.8516666666666666 0.9693750000000001 0.8558333333333333 0.9737500000000001 0.8641666666666665 0.974375 0.8800000000000001 0.9818750000000002 0.8833333333333334 0.9868750000000001 0.89 0.9887500000000001 0.9008333333333333 0.9868750000000001 0.9041666666666666 0.9893750000000001 0.9183333333333333 0.978125 0.9233333333333332 0.9706250000000001 0.9183333333333333 0.9631250000000001 0.9216666666666666 0.9606250000000001 0.925 0.9625 0.9291666666666666 0.9550000000000001 0.9400000000000001 0.9512500000000002 0.9491666666666667 0.953125 0.9558333333333333 0.9475 0.96 0.9493750000000001 0.96 0.9243750000000001 0.9658333333333333 0.9200000000000002 0.9733333333333333 0.9231250000000001 0.9716666666666667 0.920625 0.9758333333333333 0.915625 0.975 0.906875 0.9824999999999999 0.899375 0.9916666666666666 0.881875 0.9808333333333333 0.8612500000000001 0.9741666666666667 0.85875 0.9625 0.8481250000000001 0.9425000000000001 0.8481250000000001 0.9333333333333333 0.840625 0.9258333333333333 0.8375 0.9183333333333333 0.836875 0.9099999999999999 0.840625 0.9058333333333334 0.8356250000000001 0.8916666666666666 0.8275 0.8766666666666666 0.8300000000000001 0.8699999999999999 0.820625 0.865 0.818125 0.8583333333333334 0.8175000000000001 0.8483333333333333 0.8200000000000001 0.845 0.813125 0.8383333333333333 0.809375 0.8275 0.8099999999999999 0.8216666666666667 0.8137500000000001 0.8066666666666666 0.818125 0.8008333333333333 0.8256249999999999 0.7916666666666667 0.8300000000000001 0.7858333333333334 0.83625 0.775 0.8393750000000001 0.7691666666666667 0.8474999999999999 0.7283333333333333 0.869375 0.715 0.8800000000000001 0.7141666666666666 0.883125 0.7216666666666667 0.89
0 0.24916666666666668 0.55625 0.26083333333333336 0.556875 0.2683333333333333 0.560625 0.27999999999999997 0.556875 0.29 0.556875 0.32333333333333336 0.5643750000000001 0.345 0.565625 0.35583333333333333 0.56375 0.36 0.56 0.3616666666666667 0.548125 0.3591666666666667 0.545 0.35416666666666663 0.54375 0.3441666666666666 0.545625 0.335 0.5425000000000001 0.32999999999999996 0.5431250000000001 0.32416666666666666 0.540625 0.3175 0.540625 0.31416666666666665 0.5375 0.31 0.539375 0.30833333333333335 0.5375 0.2966666666666667 0.536875 0.2866666666666667 0.53125 0.2808333333333333 0.535 0.26749999999999996 0.535 0.25916666666666666 0.53125 0.24416666666666664 0.5318750000000001 0.24166666666666664 0.535 0.24166666666666664 0.55 0.24916666666666668 0.55625
0 0.36916666666666664 0.678125 0.3716666666666667 0.68 0.3775 0.678125 0.38 0.681875 0.38333333333333336 0.6793750000000001 0.3883333333333333 0.6900000000000001 0.39583333333333337 0.6881250000000001 0.4175 0.68875 0.4291666666666667 0.696875 0.4425 0.7025 0.4491666666666666 0.703125 0.45583333333333337 0.7100000000000001 0.4658333333333333 0.70625 0.47333333333333333 0.70625 0.47833333333333333 0.71125 0.485 0.71375 0.5016666666666667 0.713125 0.5191666666666667 0.693125 0.5325 0.686875 0.54 0.6875 0.545 0.685 0.5549999999999999 0.6787500000000001 0.5599999999999999 0.671875 0.5575 0.6587500000000001 0.5433333333333333 0.65375 0.5225 0.6631250000000001 0.515 0.664375 0.51 0.669375 0.49833333333333335 0.670625 0.49083333333333334 0.6737500000000001 0.48250000000000004 0.673125 0.46749999999999997 0.664375 0.425 0.66 0.38333333333333336 0.6518750000000001 0.36916666666666664 0.6625 0.36666666666666664 0.6681250000000001 0.36916666666666664 0.678125
0 0.9741666666666667 0.999375 0.9786108333333334 0.999375 0.9808333333333333 0.996875 0.9830558333333332 0.999375 0.9875 0.999375 0.9875 0.993125 0.9816666666666667 0.9943750000000001 0.9741666666666667 0.996875 0.9741666666666667 0.999375
0 0.9824999999999999 0.9425000000000001 0.9766666666666666 0.9493750000000001 0.9791666666666666 0.95375 0.9875 0.95625 0.9875 0.95875 0.9949999999999999 0.9556250000000001 0.9991666666666668 0.9493750000000001 0.9991666666666668 0.8875 0.9958333333333333 0.88375 0.9891666666666665 0.89375 0.99 0.903125 0.9833333333333334 0.913125 0.9808333333333333 0.938125 0.9824999999999999 0.9425000000000001
0 0.9933333333333334 0.8675 0.9926016260162601 0.8699695121951221 0.9966666666666667 0.86875 0.9949999999999999 0.86625 0.9933333333333334 0.8675
0 0.9916666666666666 0.8731250000000002 0.9949999999999999 0.875 0.9966666666666667 0.8724999999999999 0.9925786163522012 0.8700471698113208 0.9916666666666666 0.8731250000000002
0 0.8683333333333334 0.785 0.8666666666666666 0.796875 0.8699999999999999 0.8 0.8691666666666666 0.8075000000000001 0.8733333333333333 0.811875 0.9066666666666666 0.8231250000000001 0.9383333333333332 0.8300000000000001 0.9591666666666667 0.838125 0.9775 0.83625 0.9991666666666668 0.8418750000000002 0.9991666666666668 0.821875 0.9966666666666667 0.820625 0.9991666666666668 0.79625 0.9966666666666667 0.795 0.9941666666666666 0.7862500000000001 0.9958333333333333 0.7675000000000001 0.9991666666666668 0.763125 0.9991666666666668 0.733125 0.9949999999999999 0.726875 0.9941666666666666 0.71875 0.9908333333333333 0.71875 0.9875 0.723125 0.975 0.7256250000000001 0.9591666666666667 0.7206250000000001 0.9291666666666666 0.715625 0.9183333333333333 0.715625 0.9075 0.71875 0.8949999999999999 0.70875 0.8866666666666667 0.70875 0.8741666666666668 0.7050000000000001 0.8658333333333333 0.72 0.8675 0.74875 0.86 0.7612500000000001 0.8591666666666666 0.775625 0.8683333333333334 0.785
0 0.24140625 0.8453125 0.00078125 0.0015625
0 0.29583333333333334 0.8243750000000001 0.29333333333333333 0.8237500000000001 0.29333333333333333 0.8256249999999999 0.29583333333333334 0.8243750000000001
0 0.31416666666666665 0.826875 0.3183333333333333 0.8243750000000001 0.31416666666666665 0.819375 0.31166666666666665 0.82125 0.31416666666666665 0.826875
0 0.14833333333333334 0.859375 0.15583333333333332 0.8768750000000001 0.1575 0.906875 0.16166666666666668 0.9081250000000001 0.17333333333333334 0.905625 0.18583333333333335 0.9125 0.20083333333333334 0.909375 0.22000000000000003 0.928125 0.225 0.928125 0.23833333333333334 0.9349999999999999 0.2475 0.93125 0.2658333333333333 0.9325000000000001 0.26916666666666667 0.930625 0.2791666666666667 0.9331250000000001 0.2791666666666667 0.930625 0.27416666666666667 0.9268750000000001 0.2783333333333333 0.9168750000000001 0.2816666666666666 0.915 0.28583333333333333 0.91625 0.30083333333333334 0.905625 0.30666666666666664 0.9043750000000002 0.31 0.9 0.31666666666666665 0.8981250000000001 0.3283333333333333 0.8887500000000002 0.33416666666666667 0.8868750000000001 0.3416666666666667 0.8887500000000002 0.3441666666666666 0.88375 0.3625 0.8731250000000002 0.36416666666666664 0.8456250000000001 0.35833333333333334 0.835 0.35666666666666663 0.8225 0.35333333333333333 0.819375 0.345 0.8225 0.3358333333333333 0.809375 0.3258333333333333 0.8137500000000001 0.33416666666666667 0.820625 0.3275 0.825 0.32416666666666666 0.8243750000000001 0.32333333333333336 0.83125 0.30666666666666664 0.838125 0.3025 0.8481250000000001 0.2925 0.853125 0.28500000000000003 0.8543750000000001 0.2791666666666667 0.8625 0.2683333333333333 0.8618750000000001 0.2658333333333333 0.86 0.2658333333333333 0.8543750000000001 0.2783333333333333 0.846875 0.2841666666666667 0.838125 0.28250000000000003 0.836875 0.27416666666666667 0.8375 0.2625 0.844375 0.26166666666666666 0.8474999999999999 0.255 0.8450000000000001 0.26083333333333336 0.849375 0.255 0.8550000000000001 0.24500000000000002 0.850625 0.22749999999999998 0.8550000000000001 0.21666666666666665 0.849375 0.21666666666666665 0.8450000000000001 0.21333333333333332 0.8418750000000002 0.20249999999999999 0.843125 0.20249999999999999 0.838125 0.19833333333333333 0.840625 0.19791666666666669 0.838125 0.19 0.836875 0.18166666666666667 0.8306250000000001 0.17833333333333332 0.8325000000000001 0.175 0.8275 0.1675 0.826875 0.16 0.8306250000000001 0.1575 0.8243750000000001 0.15083333333333332 0.8237500000000001 0.14666666666666667 0.828125 0.15 0.8412499999999999 0.14833333333333334 0.859375
0 0.3383333333333333 0.80375 0.3383333333333333 0.8012500000000001 0.33416666666666667 0.8 0.335 0.805 0.3383333333333333 0.80375
0 0.7758333333333333 0.5125 0.7716666666666667 0.515625 0.7741666666666667 0.5225000000000001 0.7708333333333333 0.550625 0.7766666666666666 0.55625 0.7875 0.5543750000000001 0.7991666666666666 0.556875 0.8341666666666667 0.5587500000000001 0.8416666666666666 0.5543750000000001 0.8491666666666667 0.560625 0.8591666666666666 0.5581250000000001 0.8691666666666666 0.5625 0.8791666666666667 0.56375 0.8858333333333333 0.56125 0.8908333333333334 0.561875 0.8933333333333333 0.559375 0.8975 0.560625 0.8949999999999999 0.5537500000000001 0.8983333333333332 0.550625 0.9091666666666667 0.548125 0.9116666666666667 0.535625 0.9199999999999999 0.529375 0.9216666666666666 0.514375 0.9158333333333333 0.509375 0.8891666666666665 0.5118750000000001 0.8800000000000001 0.5112500000000001 0.8775000000000001 0.50875 0.8699999999999999 0.5075000000000001 0.8525 0.50875 0.8474999999999999 0.5068750000000001 0.8441666666666666 0.509375 0.835 0.5050000000000001 0.825 0.5075000000000001 0.82 0.504375 0.8166666666666667 0.5125 0.8066666666666666 0.5181250000000001 0.7783333333333333 0.51375 0.7825 0.504375 0.7899999999999999 0.50125 0.7716666666666667 0.5018750000000001 0.7708333333333333 0.509375 0.7758333333333333 0.5125
0 0.9991666666666668 0.834375 0.9991666666666668 0.8243750000000001 0.9925 0.825 0.9916666666666666 0.834375 0.9991666666666668 0.834375
0 0.8791666666666667 0.809375 0.8866666666666667 0.806875 0.8833333333333334 0.80375 0.8866666666666667 0.8034375 0.8866666666666667 0.8 0.8825 0.803125 0.8800000000000001 0.8025 0.875 0.806875 0.8791666666666667 0.809375
0 0.88046875 0.78984375 0.00078125 0.0015625
0 0.8775000000000001 0.755625 0.8724999999999999 0.769375 0.8791666666666667 0.769375 0.8783333333333333 0.779375 0.8800000000000001 0.7818750000000001 0.8825 0.778125 0.8866666666666667 0.780625 0.885 0.789375 0.8966666666666667 0.79625 0.8975 0.79125 0.9041666666666666 0.7875 0.9108333333333333 0.786875 0.9216666666666666 0.7818750000000001 0.9266666666666665 0.7825 0.9258333333333333 0.79375 0.9233333333333332 0.795625 0.9141666666666666 0.795625 0.9175000000000001 0.8 0.9025000000000001 0.80375 0.9075 0.820625 0.915 0.82125 0.9183333333333333 0.8175000000000001 0.9208333333333334 0.821875 0.9291666666666666 0.82125 0.9316666666666666 0.8262500000000002 0.9483333333333333 0.828125 0.9583333333333334 0.8331250000000001 0.9633333333333333 0.83125 0.9658333333333333 0.83375 0.975 0.8318749999999999 0.9833333333333334 0.834375 0.9875 0.8318749999999999 0.99 0.834375 0.9808333333333333 0.8168750000000001 0.9883333333333333 0.8175000000000001 0.985 0.81125 0.9883333333333333 0.809375 0.9941666666666666 0.8125 0.9925 0.81125 0.9991666666666668 0.805 0.9991666666666668 0.8018750000000001 0.9933333333333334 0.79625 0.9949999999999999 0.789375 0.9916666666666666 0.785625 0.9941666666666666 0.7825 0.9908333333333333 0.779375 0.9949999999999999 0.765625 0.9991666666666668 0.7625 0.9991666666666668 0.74 0.9958333333333333 0.7275 0.9991666666666668 0.7237500000000001 0.9991666666666668 0.71375 0.9966666666666667 0.7106250000000001 0.9958333333333333 0.6925000000000001 0.9858333333333332 0.675 0.9908333333333333 0.67125 0.9941666666666666 0.6625 0.9933333333333334 0.6575 0.9875 0.6518750000000001 0.9716666666666667 0.6518750000000001 0.9666666666666666 0.65 0.9625 0.655625 0.9558333333333333 0.6568750000000001 0.9525 0.6475000000000001 0.9458333333333334 0.64625 0.9375 0.649375 0.9275 0.649375 0.925 0.646875 0.9183333333333333 0.6475000000000001 0.9141666666666666 0.650625 0.9041666666666666 0.645 0.8941666666666667 0.655 0.8858333333333333 0.6568750000000001 0.8833333333333334 0.6612500000000001 0.8791666666666667 0.6612500000000001 0.875 0.675625 0.8758333333333332 0.6837500000000001 0.8708333333333333 0.69625 0.8716666666666667 0.711875 0.8675 0.7237500000000001 0.8724999999999999 0.75125 0.8775000000000001 0.755625
0 0.92890625 0.6265625 0.0015625 0.0015625
0 0.5700000000000001 0.75625 0.5741666666666666 0.746875 0.5941666666666666 0.7412500000000001 0.6041666666666667 0.73125 0.61 0.7306250000000001 0.62 0.733125 0.6224999999999999 0.71125 0.6266666666666667 0.7037500000000001 0.6266666666666667 0.680625 0.6183333333333334 0.665 0.6125 0.6675000000000001 0.6091666666666666 0.66625 0.6066666666666667 0.67 0.5974999999999999 0.675 0.5925 0.681875 0.5916666666666667 0.69125 0.585 0.7 0.5741666666666666 0.7037500000000001 0.5633333333333332 0.70125 0.5608333333333333 0.7125 0.5608333333333333 0.7412500000000001 0.5700000000000001 0.75625
0 0.9841666666666666 0.6581250000000001 0.9833333333333334 0.65625 0.9816666666666667 0.6575 0.9841666666666666 0.6581250000000001
0 0.8766666666666666 0.665 0.8675 0.6775 0.8675 0.6825 0.8724999999999999 0.6875 0.8675 0.698125 0.8699999999999999 0.701875 0.8758333333333332 0.70125 0.8833333333333334 0.70625 0.8975 0.7056250000000001 0.9099999999999999 0.7125 0.9408333333333333 0.7150000000000001 0.9708333333333334 0.724375 0.9941666666666666 0.7237500000000001 0.9991666666666668 0.7193750000000001 0.9991666666666668 0.68125 0.9941666666666666 0.6787500000000001 0.9949999999999999 0.666875 0.9916666666666666 0.6637500000000001 0.9866666666666667 0.666875 0.96 0.66 0.9541666666666666 0.664375 0.9425000000000001 0.666875 0.9391666666666666 0.664375 0.9275 0.664375 0.925 0.660625 0.9133333333333333 0.661875 0.9075 0.6575 0.9008333333333333 0.6575 0.8941666666666667 0.6631250000000001 0.89 0.6568750000000001 0.8758333333333332 0.655 0.8724999999999999 0.6575 0.8766666666666666 0.6612500000000001 0.8766666666666666 0.665
0 0.1375 0.480625 0.1408333333333333 0.484375 0.15 0.484375 0.15833333333333333 0.48875 0.16916666666666666 0.48812500000000003 0.17833333333333332 0.4912500000000001 0.19 0.490625 0.19583333333333333 0.49375 0.20916666666666667 0.4956250000000001 0.21666666666666665 0.503125 0.23166666666666663 0.509375 0.2341666666666667 0.521875 0.2375 0.525625 0.24166666666666664 0.5225000000000001 0.24166666666666664 0.508125 0.24500000000000002 0.496875 0.2341666666666667 0.47750000000000004 0.22749999999999998 0.47750000000000004 0.22000000000000003 0.473125 0.21333333333333332 0.47875000000000006 0.2058333333333333 0.47750000000000004 0.20249999999999999 0.48125 0.195 0.476875 0.17083333333333334 0.4831250000000001 0.16416666666666666 0.48125 0.15416666666666667 0.48187500000000005 0.13666666666666666 0.47750000000000004 0.135 0.46937500000000004 0.13 0.47375 0.13 0.47875000000000006 0.1375 0.480625
0 0.2341666666666667 0.458125 0.23583333333333334 0.45625 0.2325 0.45562500000000006 0.22916666666666666 0.45625 0.2341666666666667 0.458125
0 0.24166666666666664 0.45625 0.25083333333333335 0.45687500000000003 0.25916666666666666 0.453125 0.25083333333333335 0.4525 0.24916666666666668 0.45499999999999996 0.24166666666666664 0.45625
0 0.29083333333333333 0.764375 0.29333333333333333 0.7612500000000001 0.2891666666666667 0.759375 0.28833333333333333 0.7625 0.29083333333333333 0.764375
0 0.14333333333333334 0.7306250000000001 0.145 0.75125 0.15083333333333332 0.7518750000000001 0.15166666666666667 0.746875 0.1575 0.744375 0.1625 0.748125 0.16 0.75625 0.16583333333333333 0.76 0.17166666666666666 0.75125 0.18916666666666665 0.75125 0.2058333333333333 0.76 0.215 0.760625 0.2225 0.766875 0.2341666666666667 0.7675000000000001 0.2375 0.771875 0.24083333333333332 0.7725000000000001 0.2475 0.769375 0.25166666666666665 0.77125 0.2558333333333333 0.77 0.265 0.7612500000000001 0.275 0.75625 0.2891666666666667 0.754375 0.29333333333333333 0.749375 0.31083333333333335 0.7456250000000001 0.3225 0.75125 0.3225 0.74 0.3283333333333333 0.73875 0.33166666666666667 0.7418750000000001 0.3408333333333333 0.74 0.34249999999999997 0.7275 0.345 0.7256250000000001 0.34833333333333333 0.728125 0.3575 0.721875 0.35416666666666663 0.70625 0.3591666666666667 0.6943750000000001 0.3516666666666667 0.671875 0.34833333333333333 0.671875 0.335 0.6793750000000001 0.32416666666666666 0.681875 0.3175 0.6881250000000001 0.3091666666666667 0.685 0.30333333333333334 0.68875 0.2925 0.6893750000000001 0.2841666666666667 0.6925000000000001 0.2725 0.7025 0.25916666666666666 0.7081250000000001 0.2558333333333333 0.70625 0.2475 0.70625 0.24500000000000002 0.7106250000000001 0.23916666666666667 0.711875 0.22666666666666666 0.713125 0.21833333333333332 0.703125 0.21333333333333332 0.701875 0.20833333333333334 0.695625 0.20249999999999999 0.69375 0.19416666666666665 0.693125 0.18833333333333332 0.700625 0.18416666666666665 0.70125 0.17166666666666666 0.690625 0.16833333333333333 0.69625 0.16416666666666666 0.695625 0.16083333333333333 0.690625 0.1575 0.690625 0.14833333333333334 0.6943750000000001 0.14333333333333334 0.691875 0.14250000000000002 0.695625 0.13666666666666666 0.6993750000000001 0.13416666666666666 0.716875 0.14333333333333334 0.7306250000000001
0 0.38166666666666665 0.875625 0.39166666666666666 0.8768750000000001 0.39249999999999996 0.8724999999999999 0.38333333333333336 0.8706250000000001 0.3808333333333333 0.8724999999999999 0.38166666666666665 0.875625
0 0.3783333333333333 0.8724999999999999 0.37583333333333335 0.8706250000000001 0.37666666666666665 0.875 0.3783333333333333 0.8724999999999999
0 0.3808333333333333 0.7887500000000001 0.3725 0.8012500000000001 0.37333333333333335 0.836875 0.37666666666666665 0.8425 0.38 0.8393750000000001 0.3975 0.8487500000000001 0.39416666666666667 0.8512500000000001 0.39 0.85 0.37666666666666665 0.851875 0.38 0.8612500000000001 0.38916666666666666 0.865 0.40083333333333326 0.865 0.4141666666666667 0.874375 0.41833333333333333 0.8731250000000002 0.42666666666666664 0.8800000000000001 0.425 0.88375 0.42833333333333334 0.883125 0.43 0.8868750000000001 0.44416666666666665 0.89 0.4491666666666666 0.8875 0.45166666666666666 0.8943749999999999 0.4683333333333334 0.89875 0.4875 0.9106250000000001 0.49416666666666664 0.9099999999999999 0.4966666666666667 0.9043750000000002 0.5016666666666667 0.903125 0.5041666666666667 0.89875 0.5083333333333333 0.896875 0.5108333333333334 0.890625 0.5216666666666667 0.883125 0.5233333333333333 0.8762500000000001 0.5308333333333334 0.8706250000000001 0.5366666666666666 0.869375 0.55 0.853125 0.5558333333333334 0.8175000000000001 0.5525 0.7681250000000001 0.5508333333333333 0.7575000000000001 0.5483333333333333 0.755625 0.55 0.75125 0.5458333333333333 0.75625 0.54 0.753125 0.5349999999999999 0.753125 0.5266666666666666 0.75875 0.5191666666666667 0.75875 0.5008333333333332 0.775625 0.5033333333333333 0.779375 0.49749999999999994 0.78 0.49083333333333334 0.785625 0.48250000000000004 0.78 0.48166666666666663 0.77625 0.47333333333333333 0.7725000000000001 0.465 0.775625 0.45999999999999996 0.77125 0.4508333333333333 0.7725000000000001 0.44833333333333336 0.76875 0.44333333333333336 0.76875 0.445 0.771875 0.4425 0.77375 0.43083333333333335 0.775 0.425 0.7725000000000001 0.41500000000000004 0.771875 0.41083333333333333 0.7681250000000001 0.40750000000000003 0.769375 0.40166666666666667 0.7618750000000001 0.3933333333333333 0.764375 0.39 0.7612500000000001 0.37583333333333335 0.763125 0.3725 0.765625 0.37333333333333335 0.7768750000000001 0.3808333333333333 0.7887500000000001
0 0.7016666666666667 0.8243750000000001 0.6983333333333334 0.8237500000000001 0.6991666666666666 0.8256249999999999 0.7016666666666667 0.8243750000000001
0 0.6341666666666667 0.80375 0.6333333333333333 0.8075000000000001 0.6358333333333334 0.8075000000000001 0.64 0.8025 0.6508333333333333 0.8087500000000001 0.6683333333333333 0.8075000000000001 0.6716666666666666 0.805 0.675 0.811875 0.6825 0.8106250000000002 0.6858333333333333 0.8075000000000001 0.6925 0.8099999999999999 0.6966666666666667 0.8099999999999999 0.7 0.8075000000000001 0.7133333333333333 0.8150000000000001 0.7183333333333334 0.8275 0.7224999999999999 0.83125 0.7358333333333333 0.83125 0.7416666666666667 0.8231250000000001 0.7474999999999999 0.8018750000000001 0.745 0.7831250000000001 0.7408333333333333 0.7825 0.7341666666666666 0.775 0.725 0.7731250000000001 0.7191666666666666 0.77625 0.7175 0.771875 0.7116666666666667 0.771875 0.7066666666666667 0.775625 0.7041666666666667 0.76875 0.6991666666666666 0.7681250000000001 0.6908333333333333 0.76875 0.6825 0.774375 0.6633333333333333 0.77375 0.6558333333333334 0.771875 0.6441666666666667 0.7625 0.63 0.7662500000000001 0.6266666666666667 0.769375 0.6266666666666667 0.796875 0.6341666666666667 0.80375
0 0.04 0.79 0.04416666666666667 0.796875 0.04166666666666667 0.806875 0.04583333333333333 0.8125 0.043333333333333335 0.8225 0.049166666666666664 0.8300000000000001 0.0475 0.8412499999999999 0.052500000000000005 0.8487500000000001 0.05083333333333333 0.85875 0.05416666666666666 0.865625 0.05333333333333333 0.8762500000000001 0.059166666666666666 0.8800000000000001 0.14833333333333334 0.9112500000000001 0.14750000000000002 0.899375 0.15 0.89375 0.14916666666666667 0.8793750000000001 0.14333333333333334 0.8612500000000001 0.145 0.840625 0.14166666666666666 0.8325000000000001 0.14250000000000002 0.80375 0.13833333333333334 0.8 0.13833333333333334 0.79625 0.13166666666666665 0.79125 0.13333333333333333 0.779375 0.12916666666666668 0.7925000000000001 0.11083333333333334 0.795 0.09583333333333334 0.79375 0.08833333333333333 0.7875 0.08 0.79 0.056666666666666664 0.779375 0.05 0.78 0.04583333333333333 0.778125 0.04 0.7825 0.04 0.79
0 0.09916666666666667 0.7662500000000001 0.09916666666666667 0.7612500000000001 0.09416666666666666 0.7612500000000001 0.09416666666666666 0.7662500000000001 0.09916666666666667 0.7662500000000001
0 0.24666666666666667 0.525 0.24416666666666664 0.534375 0.24583333333333335 0.5431250000000001 0.2533333333333333 0.550625 0.26166666666666666 0.5537500000000001 0.27166666666666667 0.5537500000000001 0.27999999999999997 0.55125 0.32416666666666666 0.5631250000000001 0.3308333333333333 0.559375 0.33916666666666667 0.5631250000000001 0.3441666666666666 0.56125 0.35583333333333333 0.561875 0.3591666666666667 0.5587500000000001 0.36583333333333334 0.539375 0.365 0.525 0.375 0.509375 0.3725 0.50375 0.35083333333333333 0.50375 0.3375 0.5006250000000001 0.3091666666666667 0.5 0.25916666666666666 0.49250000000000005 0.24916666666666668 0.49437500000000006 0.24666666666666667 0.49750000000000005 0.24416666666666664 0.5075000000000001 0.24666666666666667 0.525
0 0.3375 0.623125 0.3308333333333333 0.621875 0.33166666666666667 0.624375 0.3375 0.623125
0 0.32416666666666666 0.6225 0.32083333333333336 0.6212500000000001 0.32083333333333336 0.62375 0.32416666666666666 0.6225
0 0.33916666666666667 0.6175 0.33999999999999997 0.615625 0.335 0.6162500000000001 0.33916666666666667 0.6175
0 0.13999999999999999 0.603125 0.14250000000000002 0.6100000000000001 0.14416666666666667 0.6118750000000001 0.15166666666666667 0.6125 0.14916666666666667 0.6143750000000001 0.15083333333333332 0.619375 0.15916666666666665 0.615625 0.17083333333333334 0.6206250000000001 0.18083333333333335 0.61875 0.185 0.62625 0.1925 0.62 0.2033333333333333 0.6212500000000001 0.20916666666666667 0.6256250000000001 0.21333333333333332 0.62375 0.21916666666666665 0.62625 0.22416666666666668 0.6256250000000001 0.22999999999999998 0.630625 0.24916666666666668 0.634375 0.2575 0.644375 0.2633333333333333 0.64375 0.25666666666666665 0.630625 0.26166666666666666 0.6206250000000001 0.27 0.62625 0.2758333333333333 0.621875 0.2783333333333333 0.62375 0.2833333333333333 0.6225 0.29583333333333334 0.615625 0.30333333333333334 0.60875 0.31 0.60875 0.31333333333333335 0.6050000000000001 0.3491666666666667 0.6056250000000001 0.35583333333333333 0.5956250000000001 0.34833333333333333 0.5743750000000001 0.3441666666666666 0.570625 0.3383333333333333 0.5675000000000001 0.3258333333333333 0.5675000000000001 0.3075 0.561875 0.29333333333333333 0.56125 0.2875 0.5587500000000001 0.2791666666666667 0.559375 0.2725 0.5625 0.26083333333333336 0.559375 0.24333333333333332 0.56375 0.2341666666666667 0.56375 0.19916666666666666 0.578125 0.1925 0.5775 0.1675 0.58125 0.15333333333333332 0.5900000000000001 0.15083333333333332 0.5893750000000001 0.145 0.595 0.1408333333333333 0.595 0.14250000000000002 0.5987500000000001 0.13999999999999999 0.603125
0 0.27666666666666667 0.7612500000000001 0.2841666666666667 0.7612500000000001 0.2841666666666667 0.758125 0.275 0.76 0.2733333333333333 0.758125 0.2791666666666667 0.765625 0.27666666666666667 0.7612500000000001
0 0.15083333333333332 0.7675000000000001 0.14416666666666667 0.7681250000000001 0.15166666666666667 0.775 0.14666666666666667 0.7818750000000001 0.145 0.7925000000000001 0.14750000000000002 0.7987500000000001 0.14583333333333331 0.82875 0.15 0.834375 0.15833333333333333 0.8256249999999999 0.16583333333333333 0.821875 0.17833333333333332 0.8256249999999999 0.19 0.834375 0.19583333333333333 0.83125 0.20166666666666666 0.836875 0.20833333333333334 0.8375 0.21333333333333332 0.8418750000000002 0.21666666666666665 0.8400000000000001 0.22083333333333335 0.843125 0.2375 0.84375 0.24083333333333332 0.8487500000000001 0.2558333333333333 0.853125 0.26916666666666667 0.8487500000000001 0.2808333333333333 0.8387500000000001 0.2833333333333333 0.8306250000000001 0.2975 0.828125 0.3091666666666667 0.82125 0.3175 0.8200000000000001 0.32999999999999996 0.8137500000000001 0.33416666666666667 0.8168750000000001 0.335 0.8243750000000001 0.3375 0.8262500000000002 0.3458333333333333 0.8256249999999999 0.35333333333333333 0.82125 0.36 0.8137500000000001 0.36083333333333334 0.795 0.3575 0.786875 0.3591666666666667 0.775 0.35583333333333333 0.763125 0.3466666666666667 0.7550000000000001 0.3516666666666667 0.7518750000000001 0.3516666666666667 0.748125 0.3491666666666667 0.744375 0.3458333333333333 0.74375 0.35583333333333333 0.7262500000000001 0.3516666666666667 0.731875 0.345 0.72875 0.3383333333333333 0.731875 0.3308333333333333 0.729375 0.3283333333333333 0.7306250000000001 0.3308333333333333 0.743125 0.3383333333333333 0.744375 0.3375 0.74875 0.33166666666666667 0.7506250000000001 0.3283333333333333 0.749375 0.32083333333333336 0.755625 0.3175 0.75375 0.315 0.7575000000000001 0.3158333333333333 0.7618750000000001 0.31 0.766875 0.3025 0.765 0.30166666666666664 0.76875 0.2975 0.77125 0.28250000000000003 0.769375 0.2808333333333333 0.7725000000000001 0.2683333333333333 0.779375 0.25833333333333336 0.77625 0.25833333333333336 0.77125 0.255 0.774375 0.25083333333333335 0.771875 0.25083333333333335 0.775625 0.24666666666666667 0.77875 0.2475 0.7831250000000001 0.24166666666666664 0.7887500000000001 0.23500000000000001 0.7825 0.23500000000000001 0.77625 0.23833333333333334 0.7731250000000001 0.23583333333333334 0.7681250000000001 0.22999999999999998 0.76875 0.225 0.7725000000000001 0.22000000000000003 0.765625 0.22000000000000003 0.769375 0.215 0.771875 0.21666666666666665 0.775 0.21083333333333334 0.7775000000000001 0.20249999999999999 0.7768750000000001 0.19749999999999998 0.7731250000000001 0.19749999999999998 0.7706250000000001 0.20416666666666666 0.76875 0.20083333333333334 0.7625 0.195 0.758125 0.19583333333333333 0.75375 0.18833333333333332 0.754375 0.1825 0.75875 0.17833333333333332 0.75875 0.175 0.7681250000000001 0.16916666666666666 0.7662500000000001 0.16573529411764704 0.7606740196078431 0.16333333333333333 0.7618750000000001 0.16833333333333333 0.765 0.1575 0.7706250000000001 0.15083333333333332 0.7675000000000001
0 0.5641666666666667 0.571875 0.5650000000000001 0.5962500000000001 0.5683333333333334 0.6 0.5808333333333333 0.6 0.5916666666666667 0.5925 0.6125 0.58375 0.6233333333333333 0.58625 0.6275000000000001 0.5850000000000001 0.6333333333333333 0.571875 0.6333333333333333 0.5431250000000001 0.63 0.530625 0.6266666666666667 0.530625 0.6233333333333333 0.525625 0.6183333333333334 0.525625 0.6141666666666666 0.5318750000000001 0.5983333333333334 0.5325 0.5958333333333333 0.535625 0.58 0.5425000000000001 0.5683333333333334 0.541875 0.5641666666666667 0.546875 0.5616666666666666 0.5650000000000001 0.5641666666666667 0.571875
0 0.0225 0.681875 0.02583333333333333 0.68875 0.02583333333333333 0.69625 0.03166666666666666 0.701875 0.029166666666666667 0.724375 0.034166666666666665 0.7300000000000001 0.034166666666666665 0.735625 0.03833333333333333 0.738125 0.05 0.74 0.05500000000000001 0.745 0.06833333333333333 0.743125 0.07833333333333334 0.7350000000000001 0.08166666666666667 0.744375 0.09083333333333334 0.74 0.09833333333333333 0.7393750000000001 0.1025 0.74375 0.11416666666666667 0.743125 0.12583333333333332 0.7456250000000001 0.13666666666666666 0.7375 0.13333333333333333 0.7350000000000001 0.13416666666666666 0.71875 0.13166666666666665 0.713125 0.13583333333333333 0.7025 0.135 0.69125 0.13416666666666666 0.685625 0.1275 0.6768750000000001 0.12833333333333333 0.6637500000000001 0.12583333333333332 0.6581250000000001 0.11583333333333332 0.653125 0.1125 0.6581250000000001 0.10916666666666666 0.6568750000000001 0.10583333333333333 0.66 0.09416666666666666 0.6612500000000001 0.09416666666666666 0.67125 0.08833333333333333 0.673125 0.08249999999999999 0.67125 0.07583333333333334 0.671875 0.06833333333333333 0.666875 0.0675 0.6587500000000001 0.06999999999999999 0.654375 0.0675 0.65625 0.05583333333333333 0.6525000000000001 0.05 0.655 0.052500000000000005 0.65125 0.04166666666666667 0.64875 0.03833333333333333 0.65125 0.026666666666666665 0.65 0.023333333333333334 0.6568750000000001 0.025 0.669375 0.0225 0.681875
0 0.3675 0.6300000000000001 0.37416666666666665 0.638125 0.3783333333333333 0.65125 0.38249999999999995 0.6481250000000001 0.3875 0.6481250000000001 0.4141666666666667 0.6575 0.4216666666666667 0.6581250000000001 0.42833333333333334 0.655625 0.4341666666666667 0.659375 0.45583333333333337 0.6581250000000001 0.4583333333333333 0.66 0.46333333333333326 0.659375 0.4658333333333333 0.661875 0.47000000000000003 0.6612500000000001 0.4708333333333333 0.6575 0.475 0.65625 0.48 0.66 0.48166666666666663 0.6681250000000001 0.48666666666666664 0.67125 0.5016666666666667 0.66875 0.505 0.665625 0.5116666666666666 0.665625 0.515 0.661875 0.5366666666666666 0.654375 0.5433333333333333 0.6475000000000001 0.5508333333333333 0.6456250000000001 0.5608333333333333 0.63375 0.5591666666666667 0.619375 0.5533333333333333 0.6125 0.55 0.61375 0.5433333333333333 0.610625 0.5225 0.6206250000000001 0.5191666666666667 0.61875 0.515 0.619375 0.5025000000000001 0.62875 0.4966666666666667 0.630625 0.47833333333333333 0.6275000000000001 0.47333333333333333 0.621875 0.4666666666666667 0.624375 0.45999999999999996 0.6212500000000001 0.4491666666666666 0.6212500000000001 0.4458333333333333 0.61875 0.42833333333333334 0.615 0.425 0.6168750000000001 0.3975 0.6168750000000001 0.385 0.613125 0.38416666666666666 0.60875 0.37916666666666665 0.609375 0.37333333333333335 0.615625 0.3725 0.624375 0.3675 0.6300000000000001
0 0.05234375 0.49453125 0.0046875 0.00078125
0 0.08 0.48875 0.08083333333333334 0.49375 0.08499999999999999 0.495 0.08583333333333333 0.490625 0.07916666666666666 0.4875 0.07583333333333334 0.4875 0.08 0.48875
0 0.0125 0.52875 0.011666666666666667 0.5425000000000001 0.014166666666666666 0.545 0.013333333333333332 0.56125 0.01583333333333333 0.56375 0.024166666666666666 0.5625 0.04 0.565625 0.05333333333333333 0.5631250000000001 0.0625 0.5693750000000001 0.075 0.568125 0.08083333333333334 0.571875 0.09333333333333334 0.571875 0.10166666666666666 0.57625 0.12083333333333332 0.575625 0.1408333333333333 0.5725 0.1575 0.5675000000000001 0.16083333333333333 0.56875 0.18833333333333332 0.560625 0.19916666666666666 0.555 0.20249999999999999 0.555625 0.21416666666666667 0.550625 0.22000000000000003 0.544375 0.22333333333333333 0.546875 0.23166666666666663 0.54625 0.22916666666666666 0.5381250000000001 0.23166666666666663 0.53 0.2308333333333333 0.5125 0.22666666666666666 0.50875 0.22000000000000003 0.5118750000000001 0.21749999999999997 0.510625 0.21000000000000002 0.49750000000000005 0.18916666666666665 0.49250000000000005 0.1575 0.4912500000000001 0.15083333333333332 0.4875 0.13999999999999999 0.48687500000000006 0.13666666666666666 0.48375 0.11499999999999999 0.4831250000000001 0.1025 0.490625 0.09916666666666667 0.48687500000000006 0.09625 0.49000000000000005 0.09166666666666666 0.48687500000000006 0.08916666666666666 0.48875 0.08833333333333333 0.4875 0.08499999999999999 0.499375 0.0775 0.50125 0.07416666666666667 0.49625 0.0725 0.4987500000000001 0.057499999999999996 0.5025000000000001 0.052500000000000005 0.5025000000000001 0.05083333333333333 0.5006250000000001 0.042499999999999996 0.5025000000000001 0.04166666666666667 0.5006250000000001 0.0325 0.49812500000000004 0.02583333333333333 0.499375 0.0225 0.49750000000000005 0.019166666666666665 0.503125 0.008333333333333333 0.5118750000000001 0.0075 0.51875 0.0125 0.52875
0 0.7666666666666667 0.6012500000000001 0.7641666666666667 0.62 0.7658333333333334 0.6256250000000001 0.7708333333333333 0.6300000000000001 0.7775 0.62875 0.7825 0.624375 0.7866666666666666 0.6268750000000001 0.7916666666666667 0.6268750000000001 0.7966666666666666 0.630625 0.8033333333333333 0.6300000000000001 0.8133333333333332 0.634375 0.8208333333333334 0.635 0.8283333333333334 0.6325000000000001 0.8400000000000001 0.6368750000000001 0.8483333333333333 0.6375 0.8625 0.633125 0.8616666666666667 0.62625 0.8675 0.6225 0.8691666666666666 0.6125 0.8766666666666666 0.599375 0.8791666666666667 0.5831250000000001 0.89 0.57625 0.8941666666666667 0.570625 0.89 0.568125 0.8724999999999999 0.568125 0.8566666666666667 0.56375 0.8483333333333333 0.56375 0.845 0.56 0.8425 0.561875 0.8283333333333334 0.5625 0.8241666666666667 0.560625 0.7941666666666667 0.56 0.7849999999999999 0.5575 0.7741666666666667 0.560625 0.7675 0.5737500000000001 0.7625 0.5875 0.7666666666666667 0.6012500000000001
0 0.37416666666666665 0.7025 0.36916666666666664 0.7050000000000001 0.36916666666666664 0.7106250000000001 0.37583333333333335 0.716875 0.37583333333333335 0.723125 0.3933333333333333 0.7193750000000001 0.41 0.724375 0.41833333333333333 0.724375 0.4225 0.7275 0.4216666666666667 0.7306250000000001 0.42833333333333334 0.734375 0.45999999999999996 0.7418750000000001 0.46749999999999997 0.749375 0.4766666666666667 0.75 0.4833333333333333 0.755625 0.49000000000000005 0.7575000000000001 0.49749999999999994 0.75375 0.5033333333333333 0.75375 0.5058333333333334 0.7518750000000001 0.5066666666666666 0.745 0.515 0.740625 0.5225 0.733125 0.5316666666666666 0.73125 0.5383333333333333 0.7237500000000001 0.55 0.71875 0.5583333333333333 0.7075 0.5591666666666667 0.6925000000000001 0.5541666666666667 0.68875 0.5508333333333333 0.681875 0.5433333333333333 0.684375 0.5325 0.6831250000000001 0.5291666666666667 0.68625 0.5258333333333333 0.6837500000000001 0.5216666666666667 0.684375 0.5166666666666667 0.695625 0.5008333333333332 0.70875 0.49416666666666664 0.70875 0.4916666666666667 0.71125 0.48083333333333333 0.7106250000000001 0.4791666666666667 0.7056250000000001 0.4741666666666666 0.703125 0.4583333333333333 0.7037500000000001 0.45 0.698125 0.4458333333333333 0.6987500000000001 0.43916666666666665 0.6950000000000001 0.4341666666666667 0.69625 0.4225 0.6925000000000001 0.4175 0.6881250000000001 0.40083333333333326 0.6893750000000001 0.3975 0.685625 0.38666666666666666 0.6875 0.37916666666666665 0.684375 0.37333333333333335 0.685 0.36916666666666664 0.6881250000000001 0.3683333333333333 0.6925000000000001 0.37416666666666665 0.7025
0 0.8091666666666667 0.60875 0.8066666666666666 0.60625 0.8074999999999999 0.6100000000000001 0.8091666666666667 0.60875
0 0.7625 0.588125 0.7691666666666667 0.5956250000000001 0.7766666666666666 0.596875 0.7791666666666667 0.6075 0.7875 0.610625 0.7975 0.60625 0.8 0.601875 0.8091666666666667 0.5987500000000001 0.8208333333333334 0.6012500000000001 0.8324999999999999 0.6 0.845 0.603125 0.8699999999999999 0.604375 0.8766666666666666 0.5975 0.8816666666666666 0.5825 0.8966666666666667 0.570625 0.89 0.566875 0.8724999999999999 0.566875 0.8591666666666666 0.5643750000000001 0.8558333333333333 0.56125 0.8025 0.559375 0.7891666666666667 0.55625 0.7741666666666667 0.56 0.7675 0.56625 0.7666666666666667 0.5806250000000001 0.7625 0.588125
0 0.9349999999999999 0.535625 0.9525 0.5362500000000001 0.9625 0.5431250000000001 0.9666666666666666 0.5431250000000001 0.9733333333333333 0.5387500000000001 0.9875 0.5375 0.9933333333333334 0.540625 0.9991666666666668 0.539375 0.9991666666666668 0.5181250000000001 0.9775 0.5175000000000001 0.9691666666666666 0.514375 0.9316666666666666 0.5118750000000001 0.9283333333333333 0.513125 0.9275 0.53 0.9349999999999999 0.535625
0 0.4390625 0.49453125 0.0015625 0.00078125
0 0.45666666666666667 0.4956250000000001 0.5016666666666667 0.4956250000000001 0.5191666666666667 0.504375 0.5441666666666667 0.5025000000000001 0.5516666666666666 0.505625 0.5591666666666667 0.513125 0.5608333333333333 0.5206250000000001 0.5675 0.52625 0.5683333333333334 0.535 0.5733333333333334 0.5431250000000001 0.5983333333333334 0.5331250000000001 0.6066666666666667 0.525 0.6291666666666667 0.5225000000000001 0.6316666666666666 0.52 0.635 0.5018750000000001 0.6341666666666667 0.48812500000000003 0.6325000000000001 0.484375 0.6233333333333333 0.4800000000000001 0.6125 0.48375 0.6058333333333333 0.48250000000000004 0.5933333333333334 0.48875 0.5808333333333333 0.48875 0.575 0.491875 0.5675 0.491875 0.5541666666666667 0.484375 0.5583333333333333 0.476875 0.5533333333333333 0.47625 0.55 0.47375 0.5508333333333333 0.46937500000000004 0.5475 0.46875 0.5458333333333333 0.47250000000000003 0.5391666666666667 0.47250000000000003 0.5308333333333334 0.47750000000000004 0.5325 0.484375 0.5291666666666667 0.49000000000000005 0.5258333333333333 0.48937500000000006 0.5216666666666667 0.484375 0.5183333333333333 0.48812500000000003 0.5116666666666666 0.48812500000000003 0.5033333333333333 0.480625 0.5091666666666667 0.476875 0.5033333333333333 0.475 0.49916666666666665 0.475 0.4966666666666667 0.480625 0.48666666666666664 0.48562500000000003 0.45999999999999996 0.4800000000000001 0.45166666666666666 0.48375 0.4508333333333333 0.49250000000000005 0.45666666666666667 0.4956250000000001
0 0.015 0.5700000000000001 0.028333333333333332 0.5650000000000001 0.03666666666666667 0.568125 0.05416666666666666 0.5650000000000001 0.08416666666666667 0.5743750000000001 0.0925 0.5737500000000001 0.10583333333333333 0.579375 0.14250000000000002 0.576875 0.15416666666666667 0.571875 0.1575 0.5725 0.16166666666666668 0.5775 0.1875 0.57125 0.1925 0.56125 0.21166666666666667 0.559375 0.22000000000000003 0.555625 0.22583333333333333 0.5581250000000001 0.22999999999999998 0.5575 0.23583333333333334 0.55 0.2375 0.5362500000000001 0.2341666666666667 0.5337500000000001 0.21916666666666665 0.5337500000000001 0.2125 0.528125 0.20249999999999999 0.53125 0.19916666666666666 0.53 0.19583333333333333 0.534375 0.18833333333333332 0.535625 0.1825 0.539375 0.17416666666666666 0.539375 0.16833333333333333 0.54375 0.15833333333333333 0.546875 0.14416666666666667 0.5493750000000001 0.12250000000000001 0.55 0.10583333333333333 0.555625 0.08083333333333334 0.555625 0.075 0.5518750000000001 0.03666666666666667 0.55 0.024166666666666666 0.545625 0.015 0.54625 0.0125 0.5525 0.011666666666666667 0.56625 0.015 0.5700000000000001
0 0.13666666666666666 0.6581250000000001 0.13666666666666666 0.6787500000000001 0.14166666666666666 0.685625 0.14166666666666666 0.6975 0.13583333333333333 0.7100000000000001 0.14833333333333334 0.7306250000000001 0.14750000000000002 0.738125 0.15416666666666667 0.7362500000000001 0.17083333333333334 0.743125 0.17833333333333332 0.7418750000000001 0.19583333333333333 0.745 0.19916666666666666 0.75125 0.21166666666666667 0.755625 0.22000000000000003 0.75375 0.22333333333333333 0.7568750000000001 0.22749999999999998 0.755625 0.23166666666666663 0.75875 0.2375 0.75625 0.24083333333333332 0.75875 0.24416666666666664 0.7575000000000001 0.24666666666666667 0.759375 0.25833333333333336 0.759375 0.26166666666666666 0.75375 0.265 0.753125 0.265 0.7550000000000001 0.2683333333333333 0.7475 0.2783333333333333 0.7475 0.28250000000000003 0.743125 0.28583333333333333 0.745 0.28500000000000003 0.7412500000000001 0.2875 0.7393750000000001 0.29583333333333334 0.738125 0.30333333333333334 0.7425 0.30666666666666664 0.7412500000000001 0.30666666666666664 0.735625 0.31333333333333335 0.733125 0.32083333333333336 0.7350000000000001 0.325 0.7225 0.33416666666666667 0.71625 0.35083333333333333 0.709375 0.3575 0.696875 0.35416666666666663 0.6893750000000001 0.3525 0.671875 0.3491666666666667 0.66875 0.35416666666666663 0.6575 0.35083333333333333 0.65125 0.355 0.641875 0.3525 0.628125 0.35416666666666663 0.6118750000000001 0.3516666666666667 0.606875 0.35333333333333333 0.596875 0.3516666666666667 0.593125 0.3458333333333333 0.595 0.3433333333333333 0.59375 0.33666666666666667 0.576875 0.33249999999999996 0.575 0.3275 0.575625 0.32083333333333336 0.5693750000000001 0.31416666666666665 0.56875 0.3058333333333333 0.5643750000000001 0.26916666666666667 0.566875 0.26749999999999996 0.5650000000000001 0.25166666666666665 0.5631250000000001 0.24416666666666664 0.565625 0.22749999999999998 0.566875 0.21416666666666667 0.575625 0.20916666666666667 0.5743750000000001 0.2058333333333333 0.5775 0.19583333333333333 0.578125 0.1925 0.5831250000000001 0.18166666666666667 0.58375 0.17833333333333332 0.5893750000000001 0.1575 0.5893750000000001 0.15416666666666667 0.59375 0.14750000000000002 0.591875 0.145 0.59375 0.14333333333333334 0.591875 0.14833333333333334 0.6100000000000001 0.14416666666666667 0.6143750000000001 0.13666666666666666 0.613125 0.13333333333333333 0.61875 0.1325 0.649375 0.13666666666666666 0.6581250000000001
0 0.9425000000000001 0.9706250000000001 0.9349999999999999 0.96875 0.9349999999999999 0.9731250000000001 0.9425000000000001 0.9706250000000001
0 0.6991666666666666 0.9943750000000001 0.6991666666666666 0.999375 0.7591666666666667 0.999375 0.7641666666666667 0.9962500000000001 0.7691666666666667 0.999375 0.8058333333333334 0.999375 0.8066666666666666 0.9975000000000002 0.8125 0.9962500000000001 0.8208333333333334 0.9962500000000001 0.8241666666666667 0.999375 0.8675 0.999375 0.8683333333333334 0.9975000000000002 0.8766666666666666 0.9975000000000002 0.8775000000000001 0.999375 0.9366666666666668 0.999375 0.9383333333333332 0.9950000000000001 0.9349999999999999 0.975 0.9283333333333333 0.975 0.9108333333333333 0.9887500000000001 0.8933333333333333 0.9893750000000001 0.8699999999999999 0.9762500000000001 0.8574999999999999 0.975 0.85 0.971875 0.8416666666666666 0.9637500000000001 0.8241666666666667 0.953125 0.8133333333333332 0.95 0.8066666666666666 0.9450000000000001 0.7966666666666666 0.943125 0.7933333333333333 0.9268750000000001 0.7908333333333333 0.93 0.7858333333333334 0.93 0.7833333333333333 0.9337500000000001 0.7791666666666667 0.9349999999999999 0.77 0.93125 0.7625 0.931875 0.7566666666666666 0.93 0.7433333333333334 0.9193749999999999 0.7383333333333333 0.9181250000000001 0.7466666666666667 0.913125 0.7508333333333332 0.915625 0.7533333333333333 0.914375 0.7474999999999999 0.90625 0.7341666666666666 0.915 0.7233333333333334 0.9106250000000001 0.71 0.9243750000000001 0.71 0.9325000000000001 0.7133333333333333 0.9375 0.7058333333333333 0.9550000000000001 0.7125 0.9631250000000001 0.7016666666666667 0.975 0.7058333333333333 0.9856250000000001 0.6991666666666666 0.9943750000000001
0 0.7133333333333333 0.9112500000000001 0.7158333333333333 0.9037499999999999 0.7091666666666667 0.9037499999999999 0.7091666666666667 0.909375 0.7133333333333333 0.9112500000000001
0 0.04416666666666667 0.79625 0.042499999999999996 0.8081250000000001 0.04666666666666667 0.8137500000000001 0.043333333333333335 0.8243750000000001 0.05 0.8300000000000001 0.0625 0.82875 0.10166666666666666 0.8412499999999999 0.10916666666666666 0.836875 0.12 0.8356250000000001 0.1325 0.8393750000000001 0.13583333333333333 0.84375 0.1408333333333333 0.8456250000000001 0.14333333333333334 0.8418750000000002 0.1408333333333333 0.8293750000000001 0.14583333333333331 0.8137500000000001 0.145 0.80375 0.13999999999999999 0.8 0.13833333333333334 0.795 0.11583333333333332 0.795625 0.10583333333333333 0.79 0.0925 0.79125 0.08833333333333333 0.786875 0.08166666666666667 0.79 0.07333333333333333 0.784375 0.0625 0.7818750000000001 0.056666666666666664 0.778125 0.05 0.780625 0.0475 0.778125 0.043333333333333335 0.78 0.04 0.7831250000000001 0.04416666666666667 0.79625
0 0.09833333333333333 0.7662500000000001 0.09833333333333333 0.7612500000000001 0.09416666666666666 0.7612500000000001 0.09333333333333334 0.765625 0.09833333333333333 0.7662500000000001
0 0.3625 0.5856250000000001 0.3625 0.588125 0.3725 0.5987500000000001 0.37 0.6056250000000001 0.3716666666666667 0.615625 0.38333333333333336 0.625 0.38916666666666666 0.61875 0.3975 0.619375 0.4041666666666667 0.6175 0.42333333333333334 0.62 0.43083333333333335 0.623125 0.4383333333333333 0.621875 0.4625 0.628125 0.4708333333333333 0.6275000000000001 0.48250000000000004 0.63125 0.5033333333333333 0.63125 0.5083333333333333 0.63375 0.5116666666666666 0.62875 0.5191666666666667 0.625 0.5216666666666667 0.6256250000000001 0.5258333333333333 0.6212500000000001 0.5316666666666666 0.6212500000000001 0.5458333333333333 0.61375 0.55 0.615 0.5516666666666666 0.609375 0.5616666666666666 0.604375 0.5608333333333333 0.5743750000000001 0.5541666666666667 0.5700000000000001 0.5441666666666667 0.57625 0.5258333333333333 0.58125 0.5308333333333334 0.5831250000000001 0.5291666666666667 0.586875 0.5233333333333333 0.58875 0.5191666666666667 0.586875 0.5116666666666666 0.588125 0.5125 0.591875 0.5058333333333334 0.59375 0.49416666666666664 0.590625 0.4841666666666667 0.59375 0.47333333333333333 0.58625 0.45666666666666667 0.58625 0.4533333333333333 0.58375 0.4425 0.5825 0.4383333333333333 0.579375 0.41583333333333333 0.57625 0.39499999999999996 0.5775 0.38666666666666666 0.5737500000000001 0.37666666666666665 0.5743750000000001 0.36666666666666664 0.584375 0.3625 0.5856250000000001
0 0.7633333333333333 0.66875 0.7665079365079366 0.6693452380952382 0.7683333333333333 0.6625 0.7791666666666667 0.660625 0.7858333333333334 0.664375 0.8 0.665625 0.8041666666666666 0.66875 0.8116666666666668 0.66875 0.8166666666666667 0.671875 0.8358333333333332 0.67625 0.8425 0.675625 0.845 0.673125 0.8550000000000001 0.675 0.8566666666666667 0.669375 0.8633333333333333 0.675 0.8691666666666666 0.671875 0.8699999999999999 0.64 0.8625 0.6325000000000001 0.8550000000000001 0.6375 0.8458333333333334 0.639375 0.8333333333333334 0.635625 0.8083333333333333 0.634375 0.7841666666666667 0.628125 0.7683333333333333 0.6275000000000001 0.7658333333333334 0.6225 0.7633333333333333 0.6256250000000001 0.7591666666666667 0.645 0.7616666666666666 0.65 0.7608333333333334 0.664375 0.7633333333333333 0.66875
0 0.7583333333333333 0.68125 0.7625 0.69625 0.7925 0.70125 0.8041666666666666 0.70125 0.8400000000000001 0.70875 0.8474999999999999 0.70875 0.8550000000000001 0.7056250000000001 0.8625 0.69625 0.865 0.678125 0.8733333333333333 0.6681250000000001 0.8699999999999999 0.6637500000000001 0.8591666666666666 0.661875 0.845 0.65 0.8383333333333333 0.654375 0.8324999999999999 0.655 0.8266666666666665 0.65375 0.8241666666666667 0.650625 0.8216666666666667 0.655 0.8066666666666666 0.654375 0.8 0.65125 0.7891666666666667 0.650625 0.7766666666666666 0.64375 0.7708333333333333 0.6362500000000001 0.7683333333333333 0.6362500000000001 0.7616666666666666 0.64375 0.76 0.65 0.7608333333333334 0.671875 0.7583333333333333 0.68125
0 0.03666666666666667 0.734375 0.034166666666666665 0.7325 0.0325 0.734375 0.03666666666666667 0.734375
0 0.0375 0.7618750000000001 0.034999999999999996 0.7731250000000001 0.03916666666666667 0.78125 0.03916666666666667 0.7887500000000001 0.043333333333333335 0.794375 0.04833333333333333 0.7931250000000001 0.05 0.7887500000000001 0.057499999999999996 0.7875 0.06416666666666666 0.791875 0.07083333333333333 0.7925000000000001 0.09083333333333334 0.8 0.1025 0.8 0.11083333333333334 0.8075000000000001 0.11499999999999999 0.806875 0.12583333333333332 0.7993750000000001 0.13166666666666665 0.8012500000000001 0.1375 0.8075000000000001 0.13999999999999999 0.8 0.13583333333333333 0.78 0.13833333333333334 0.76375 0.13333333333333333 0.7525000000000001 0.13333333333333333 0.74375 0.11666666666666667 0.74375 0.11499999999999999 0.744375 0.11750000000000001 0.7475 0.10583333333333333 0.75125 0.1025 0.7475 0.09833333333333333 0.748125 0.09333333333333334 0.744375 0.09166666666666666 0.73875 0.0875 0.73875 0.08499999999999999 0.73375 0.06916666666666667 0.726875 0.06583333333333333 0.726875 0.056666666666666664 0.7393750000000001 0.049166666666666664 0.74 0.03916666666666667 0.7368750000000001 0.035833333333333335 0.7425 0.034166666666666665 0.7550000000000001 0.0375 0.7618750000000001
0 0.64 0.505625 0.6366666666666666 0.514375 0.6425 0.510625 0.6425 0.5181250000000001 0.6366666666666666 0.51875 0.64 0.52125 0.6433333333333333 0.51875 0.6433333333333333 0.51 0.6466666666666667 0.510625 0.6508333333333333 0.5068750000000001 0.6583333333333333 0.50875 0.6599999999999999 0.513125 0.6558333333333334 0.5162500000000001 0.6641666666666667 0.521875 0.6866666666666666 0.5225000000000001 0.6950000000000001 0.52625 0.7008333333333333 0.524375 0.7058333333333333 0.5268750000000001 0.7258333333333333 0.5275000000000001 0.7366666666666666 0.53 0.7508333333333332 0.52875 0.7541666666666667 0.525625 0.7525 0.5206250000000001 0.7666666666666667 0.515625 0.7666666666666667 0.499375 0.7583333333333333 0.49250000000000005 0.7508333333333332 0.49000000000000005 0.7116666666666667 0.48625000000000007 0.6775 0.4875 0.6708333333333333 0.48500000000000004 0.6525 0.48500000000000004 0.6475 0.48187500000000005 0.64 0.4831250000000001 0.6375 0.48812500000000003 0.6366666666666666 0.49812500000000004 0.64 0.505625
0 0.6609375 0.48125 0.00078125 0.00078125
0 0.034999999999999996 0.63375 0.03166666666666666 0.63125 0.03 0.633125 0.034999999999999996 0.63375
0 0.017499999999999998 0.58625 0.015 0.6025 0.018333333333333333 0.60625 0.018333333333333333 0.623125 0.029166666666666667 0.62875 0.03833333333333333 0.62875 0.03916666666666667 0.634375 0.0475 0.63375 0.05333333333333333 0.635625 0.057499999999999996 0.63375 0.06833333333333333 0.6362500000000001 0.075 0.635625 0.07833333333333334 0.6325000000000001 0.08083333333333334 0.6368750000000001 0.10333333333333332 0.641875 0.10916666666666666 0.6456250000000001 0.11916666666666667 0.640625 0.12 0.628125 0.12666666666666665 0.6206250000000001 0.12916666666666668 0.61375 0.1275 0.6025 0.135 0.593125 0.14333333333333334 0.58625 0.17166666666666666 0.578125 0.17666666666666667 0.5675000000000001 0.17083333333333334 0.56625 0.16333333333333333 0.5693750000000001 0.13999999999999999 0.5725 0.1325 0.57625 0.12 0.5787500000000001 0.1025 0.5787500000000001 0.08916666666666666 0.575625 0.08499999999999999 0.576875 0.0775 0.573125 0.06 0.5700000000000001 0.05333333333333333 0.566875 0.019166666666666665 0.5650000000000001 0.013333333333333332 0.568125 0.011666666666666667 0.575625 0.017499999999999998 0.58625
0 0.18583333333333335 0.57125 0.20666666666666664 0.57125 0.22333333333333333 0.56375 0.2225 0.560625 0.2308333333333333 0.55625 0.2308333333333333 0.5525 0.22583333333333333 0.55125 0.21333333333333332 0.5575 0.195 0.559375 0.18416666666666665 0.5643750000000001 0.18333333333333332 0.56875 0.18583333333333335 0.57125
0 0.203125 0.70625 0.00078125 0.0015625
0 0.12833333333333333 0.675625 0.13999999999999999 0.6950000000000001 0.15166666666666667 0.69375 0.1575 0.690625 0.16083333333333333 0.695625 0.16833333333333333 0.69625 0.17333333333333334 0.6881250000000001 0.19583333333333333 0.691875 0.19916666666666666 0.696875 0.20666666666666664 0.6987500000000001 0.2058333333333333 0.7037500000000001 0.21666666666666665 0.7081250000000001 0.22749999999999998 0.716875 0.23916666666666667 0.71375 0.24416666666666664 0.7081250000000001 0.25 0.7056250000000001 0.25833333333333336 0.70625 0.26749999999999996 0.703125 0.27666666666666667 0.703125 0.2866666666666667 0.691875 0.30666666666666664 0.6893750000000001 0.31 0.685625 0.3175 0.6881250000000001 0.33416666666666667 0.6837500000000001 0.3383333333333333 0.685 0.3525 0.675625 0.35833333333333334 0.6625 0.35833333333333334 0.653125 0.34833333333333333 0.6300000000000001 0.3358333333333333 0.6362500000000001 0.32999999999999996 0.6362500000000001 0.3258333333333333 0.63375 0.32 0.635 0.305 0.6431250000000001 0.29500000000000004 0.65125 0.29416666666666663 0.654375 0.2875 0.65625 0.28250000000000003 0.661875 0.2791666666666667 0.6637500000000001 0.27 0.6631250000000001 0.26749999999999996 0.67 0.25666666666666665 0.67625 0.24083333333333332 0.67625 0.23666666666666666 0.671875 0.21083333333333334 0.671875 0.21166666666666667 0.660625 0.20666666666666664 0.65375 0.19583333333333333 0.650625 0.19333333333333333 0.655 0.18166666666666667 0.6587500000000001 0.175 0.646875 0.16833333333333333 0.646875 0.16166666666666668 0.650625 0.1575 0.64875 0.15416666666666667 0.655625 0.14583333333333331 0.653125 0.13 0.6587500000000001 0.1275 0.6612500000000001 0.12833333333333333 0.675625
0 0.13416666666666666 0.7175 0.1408333333333333 0.723125 0.14416666666666667 0.7300000000000001 0.14250000000000002 0.75125 0.15 0.754375 0.15333333333333332 0.7518750000000001 0.15583333333333332 0.7525000000000001 0.15416666666666667 0.7618750000000001 0.16166666666666668 0.766875 0.15583333333333332 0.76875 0.1575 0.771875 0.16833333333333333 0.763125 0.16999999999999998 0.754375 0.175 0.7518750000000001 0.18166666666666667 0.7525000000000001 0.18583333333333335 0.749375 0.20249999999999999 0.76 0.20249999999999999 0.76875 0.20833333333333334 0.766875 0.2033333333333333 0.765625 0.20416666666666666 0.7612500000000001 0.21333333333333332 0.760625 0.22666666666666666 0.77 0.22999999999999998 0.7675000000000001 0.2341666666666667 0.7675000000000001 0.23666666666666666 0.77375 0.24666666666666667 0.77 0.25083333333333335 0.7731250000000001 0.25666666666666665 0.7731250000000001 0.26416666666666666 0.76875 0.26166666666666666 0.765 0.275 0.7575000000000001 0.28250000000000003 0.759375 0.2816666666666666 0.76875 0.29 0.7681250000000001 0.29500000000000004 0.765625 0.2966666666666667 0.7618750000000001 0.29416666666666663 0.7550000000000001 0.29583333333333334 0.75375 0.30333333333333334 0.75125 0.30666666666666664 0.75375 0.31333333333333335 0.7506250000000001 0.3175 0.75375 0.32416666666666666 0.7550000000000001 0.3275 0.75125 0.32416666666666666 0.7412500000000001 0.3275 0.7393750000000001 0.335 0.740625 0.3383333333333333 0.73875 0.3383333333333333 0.73375 0.3441666666666666 0.724375 0.35416666666666663 0.724375 0.3591666666666667 0.7206250000000001 0.35416666666666663 0.7100000000000001 0.3591666666666667 0.700625 0.3591666666666667 0.693125 0.3516666666666667 0.67125 0.34833333333333333 0.67125 0.3433333333333333 0.67625 0.33416666666666667 0.68 0.325 0.680625 0.3175 0.684375 0.3091666666666667 0.684375 0.2966666666666667 0.6900000000000001 0.29083333333333333 0.6893750000000001 0.28250000000000003 0.691875 0.2725 0.701875 0.2633333333333333 0.7050000000000001 0.2341666666666667 0.7056250000000001 0.22999999999999998 0.701875 0.215 0.70125 0.20833333333333334 0.695625 0.19583333333333333 0.69125 0.17833333333333332 0.690625 0.17166666666666666 0.685 0.16833333333333333 0.684375 0.16333333333333333 0.6881250000000001 0.16166666666666668 0.685625 0.15166666666666667 0.6837500000000001 0.14750000000000002 0.685 0.14416666666666667 0.6831250000000001 0.14666666666666667 0.685 0.13666666666666666 0.6987500000000001 0.13333333333333333 0.711875 0.13416666666666666 0.7175
0 0.5974999999999999 0.460625 0.6025 0.458125 0.6008333333333333 0.45437500000000003 0.5941666666666666 0.45562500000000006 0.5933333333333334 0.458125 0.5974999999999999 0.460625
0 0.6984375 0.4078125 0.00078125 0.0015625
0 0.5983333333333334 0.41187500000000005 0.6091666666666666 0.414375 0.6091666666666666 0.41125 0.6033333333333333 0.40812499999999996 0.605 0.40437500000000004 0.5991666666666666 0.40437500000000004 0.5925 0.41000000000000003 0.595 0.414375 0.5983333333333334 0.41187500000000005
0 0.6133333333333333 0.40750000000000003 0.6166666666666667 0.40812499999999996 0.6183333333333334 0.405625 0.63 0.40750000000000003 0.63 0.4025 0.6258333333333332 0.403125 0.6241666666666666 0.40062500000000006 0.6216666666666667 0.40499999999999997 0.6191666666666666 0.40437500000000004 0.6183333333333334 0.40062500000000006 0.6166666666666667 0.40125 0.6125 0.40437500000000004 0.6133333333333333 0.40750000000000003
0 0.6091666666666666 0.445625 0.6158333333333333 0.448125 0.6191666666666666 0.446875 0.6216666666666667 0.449375 0.6233333333333333 0.4525 0.6174999999999999 0.459375 0.6208333333333333 0.46375 0.6258333333333332 0.465625 0.635 0.46375 0.6383333333333333 0.465625 0.6366666666666666 0.476875 0.64 0.48500000000000004 0.6441666666666667 0.48375 0.6466666666666667 0.4800000000000001 0.6608333333333334 0.48375 0.6641666666666667 0.48187500000000005 0.6766666666666666 0.48187500000000005 0.6799999999999999 0.479375 0.6858333333333333 0.48125 0.6849999999999999 0.476875 0.6866666666666666 0.4756250000000001 0.6891666666666667 0.478125 0.6883333333333332 0.47000000000000003 0.6916666666666667 0.46749999999999997 0.6983333333333334 0.46937500000000004 0.7108333333333333 0.46875 0.7133333333333333 0.47250000000000003 0.72 0.47125000000000006 0.7208333333333333 0.47437500000000005 0.7166666666666667 0.476875 0.72 0.47750000000000004 0.7258333333333333 0.48375 0.73 0.48375 0.7274999999999999 0.465625 0.7325 0.46687500000000004 0.7341666666666666 0.46312500000000006 0.7258333333333333 0.465625 0.7216666666666667 0.46312500000000006 0.7283333333333333 0.45625 0.725 0.44875 0.7391666666666666 0.440625 0.7516666666666667 0.43937499999999996 0.7541666666666667 0.429375 0.7616666666666666 0.43500000000000005 0.7608333333333334 0.433125 0.7649999999999999 0.4325 0.7633333333333333 0.42250000000000004 0.7458333333333333 0.41000000000000003 0.7408333333333333 0.414375 0.7416666666666667 0.418125 0.735 0.42000000000000004 0.7308333333333333 0.41187500000000005 0.7224999999999999 0.41125 0.7258333333333333 0.40812499999999996 0.7241666666666666 0.40625 0.7158333333333333 0.409375 0.7141666666666666 0.405625 0.71 0.40499999999999997 0.7066666666666667 0.41125 0.7041666666666667 0.4131250000000001 0.7024999999999999 0.410625 0.6983333333333334 0.41375 0.6950000000000001 0.41000000000000003 0.6883333333333332 0.410625 0.6841666666666667 0.405625 0.6808333333333334 0.40750000000000003 0.6849999999999999 0.410625 0.6816666666666666 0.41375 0.6716666666666666 0.41375 0.6675 0.416875 0.6575 0.40625 0.6491666666666667 0.40875000000000006 0.6458333333333333 0.40750000000000003 0.6441666666666667 0.40375000000000005 0.6482926829268293 0.3993292682926829 0.6466666666666667 0.3975 0.64 0.4025 0.6358333333333334 0.40125 0.6366666666666666 0.40750000000000003 0.63 0.414375 0.6241666666666666 0.414375 0.6191666666666666 0.41125 0.6191666666666666 0.42000000000000004 0.615 0.42000000000000004 0.6108333333333333 0.425 0.615 0.426875 0.615 0.433125 0.61 0.43875000000000003 0.6091666666666666 0.445625
0 0.709375 0.59453125 0.00078125 0.00078125
0 0.6458333333333333 0.5900000000000001 0.6558333333333334 0.5900000000000001 0.6616666666666666 0.58125 0.6675 0.579375 0.6816666666666666 0.5800000000000001 0.6849999999999999 0.581875 0.7024999999999999 0.58125 0.7108333333333333 0.5825 0.72 0.586875 0.7341666666666666 0.5850000000000001 0.7408333333333333 0.588125 0.7583333333333333 0.588125 0.7683333333333333 0.5643750000000001 0.76 0.55625 0.74 0.55 0.7241666666666666 0.5493750000000001 0.7175 0.54625 0.7024999999999999 0.54375 0.6849999999999999 0.544375 0.6741666666666666 0.541875 0.6599999999999999 0.541875 0.6408333333333334 0.536875 0.635 0.553125 0.6366666666666666 0.593125 0.6458333333333333 0.5900000000000001
0 0.7391666666666666 0.670625 0.7391666666666666 0.6737500000000001 0.7433333333333334 0.67625 0.7408333333333333 0.68 0.7508333333333332 0.675 0.7516666666666667 0.671875 0.7516666666666667 0.665 0.7433333333333334 0.659375 0.7441666666666666 0.66625 0.7391666666666666 0.670625
0 0.6333333333333333 0.7412500000000001 0.6441666666666667 0.7418750000000001 0.6516666666666666 0.73875 0.6575 0.743125 0.6683333333333333 0.74375 0.6775 0.746875 0.7175 0.749375 0.7408333333333333 0.754375 0.7491666666666666 0.7525000000000001 0.7533333333333333 0.7425 0.7516666666666667 0.734375 0.7541666666666667 0.7081250000000001 0.7525 0.68625 0.7491666666666666 0.685 0.7516666666666667 0.6825 0.7458333333333333 0.685 0.7408333333333333 0.6825 0.7308333333333333 0.68625 0.7266666666666667 0.6837500000000001 0.7216666666666667 0.684375 0.7116666666666667 0.6787500000000001 0.6983333333333334 0.678125 0.6950000000000001 0.680625 0.6883333333333332 0.675 0.6758333333333333 0.675 0.6808333333333334 0.6681250000000001 0.675 0.660625 0.6849999999999999 0.6612500000000001 0.6833333333333333 0.6581250000000001 0.6925 0.653125 0.7033333333333334 0.65375 0.705 0.65625 0.6958333333333333 0.6612500000000001 0.6991666666666666 0.66 0.7024999999999999 0.661875 0.7058333333333333 0.6581250000000001 0.7075 0.661875 0.7241666666666666 0.661875 0.73 0.6675000000000001 0.7266666666666667 0.6625 0.7308333333333333 0.6612500000000001 0.7366666666666666 0.655 0.7416666666666667 0.6581250000000001 0.7383333333333333 0.654375 0.7325 0.655625 0.73 0.650625 0.72 0.6481250000000001 0.7166666666666667 0.644375 0.6991666666666666 0.649375 0.6816666666666666 0.64625 0.6783333333333333 0.65 0.6766666666666666 0.6587500000000001 0.67 0.65625 0.6725 0.6475000000000001 0.6683333333333333 0.6456250000000001 0.6616666666666666 0.6456250000000001 0.6591666666666667 0.65 0.6475 0.6481250000000001 0.6466666666666667 0.64375 0.64 0.6431250000000001 0.6366666666666666 0.64625 0.64 0.655 0.6333333333333333 0.661875 0.6291666666666667 0.685 0.6283333333333333 0.735625 0.6333333333333333 0.7412500000000001
0 0.3625 0.588125 0.37 0.599375 0.37 0.613125 0.37666666666666665 0.6256250000000001 0.38416666666666666 0.62875 0.3875 0.6268750000000001 0.38666666666666666 0.6225 0.38916666666666666 0.6212500000000001 0.39666666666666667 0.623125 0.4033333333333333 0.6206250000000001 0.4208333333333333 0.6212500000000001 0.4258333333333333 0.62625 0.41833333333333333 0.6300000000000001 0.4258333333333333 0.633125 0.42416666666666664 0.6368750000000001 0.42750000000000005 0.63875 0.43583333333333335 0.63375 0.43499999999999994 0.6300000000000001 0.4425 0.625 0.4525 0.630625 0.445 0.633125 0.445 0.6365625 0.44833333333333336 0.6375 0.445 0.64 0.44666666666666666 0.6412500000000001 0.4525 0.640625 0.45 0.635 0.45583333333333337 0.629375 0.45999999999999996 0.63125 0.47833333333333333 0.63125 0.4841666666666667 0.635 0.49000000000000005 0.6325000000000001 0.5025000000000001 0.6318750000000001 0.5116666666666666 0.638125 0.5183333333333333 0.62875 0.5225 0.629375 0.5258333333333333 0.6275000000000001 0.5291666666666667 0.629375 0.5325 0.623125 0.5466666666666666 0.61875 0.5575 0.62 0.5599999999999999 0.615 0.5708333333333333 0.60875 0.5658333333333333 0.60625 0.5658333333333333 0.5631250000000001 0.5533333333333333 0.546875 0.5466666666666666 0.5537500000000001 0.5433333333333333 0.56125 0.5358333333333334 0.5575 0.5291666666666667 0.5631250000000001 0.5208333333333333 0.56375 0.5158333333333334 0.570625 0.5083333333333333 0.5737500000000001 0.505 0.566875 0.5008333333333332 0.566875 0.49749999999999994 0.570625 0.49083333333333334 0.56875 0.48250000000000004 0.5700000000000001 0.47333333333333333 0.5693750000000001 0.46333333333333326 0.5643750000000001 0.4416666666666667 0.56375 0.4216666666666667 0.568125 0.41 0.56625 0.40083333333333326 0.571875 0.38 0.568125 0.3675 0.5775 0.3625 0.5825 0.3625 0.588125
0 0.1515625 0.796875 0.0015625 0.00078125
0 0.15833333333333333 0.798125 0.15916666666666665 0.79625 0.15666666666666668 0.795625 0.155 0.796875 0.15833333333333333 0.798125
0 0.16166666666666668 0.79 0.15583333333333332 0.785625 0.1525 0.785625 0.15166666666666667 0.79 0.16166666666666668 0.79
0 0.14750000000000002 0.8256249999999999 0.14750000000000002 0.8318749999999999 0.155 0.8375 0.155 0.8418750000000002 0.15083333333333332 0.8418750000000002 0.15166666666666667 0.8450000000000001 0.16333333333333333 0.8556250000000001 0.15916666666666665 0.85875 0.16083333333333333 0.865 0.16666666666666669 0.8631249999999999 0.16999999999999998 0.869375 0.17583333333333334 0.8731250000000002 0.19083333333333333 0.8768750000000001 0.19583333333333333 0.8800000000000001 0.21000000000000002 0.881875 0.21416666666666667 0.8793750000000001 0.22000000000000003 0.8856250000000001 0.22749999999999998 0.8825000000000001 0.24083333333333332 0.8881249999999999 0.24833333333333335 0.89375 0.265 0.89125 0.2725 0.8950000000000001 0.2758333333333333 0.8943749999999999 0.2725 0.890625 0.2725 0.8862500000000001 0.28500000000000003 0.88125 0.29333333333333333 0.8862500000000001 0.29583333333333334 0.880625 0.29333333333333333 0.8762500000000001 0.31 0.859375 0.3275 0.8543750000000001 0.32666666666666666 0.8631249999999999 0.33666666666666667 0.8668750000000001 0.355 0.8568749999999999 0.35833333333333334 0.8525 0.36083333333333334 0.8106250000000002 0.3575 0.79625 0.35083333333333333 0.79625 0.34249999999999997 0.7931250000000001 0.34249999999999997 0.79 0.3525 0.7825 0.35583333333333333 0.7831250000000001 0.355 0.754375 0.3525 0.76 0.3441666666666666 0.75875 0.345 0.7550000000000001 0.3408333333333333 0.7618750000000001 0.33249999999999996 0.765 0.33666666666666667 0.765 0.335 0.7681250000000001 0.32916666666666666 0.7681250000000001 0.3308333333333333 0.775625 0.31666666666666665 0.785625 0.315 0.7931250000000001 0.30666666666666664 0.803125 0.30666666666666664 0.8075000000000001 0.29416666666666663 0.809375 0.29 0.8081250000000001 0.29083333333333333 0.803125 0.28500000000000003 0.8025 0.2808333333333333 0.796875 0.28583333333333333 0.7887500000000001 0.2816666666666666 0.7818750000000001 0.275 0.7768750000000001 0.275 0.8075000000000001 0.26166666666666666 0.8168750000000001 0.26166666666666666 0.82125 0.255 0.8293750000000001 0.2475 0.8300000000000001 0.24416666666666664 0.8275 0.24416666666666664 0.8237500000000001 0.22749999999999998 0.821875 0.22583333333333333 0.8168750000000001 0.21000000000000002 0.809375 0.2058333333333333 0.8106250000000002 0.20416666666666666 0.806875 0.19916666666666666 0.8075000000000001 0.19583333333333333 0.803125 0.19166666666666668 0.8025 0.185 0.805625 0.17666666666666667 0.8018750000000001 0.16833333333333333 0.80625 0.16583333333333333 0.80625 0.16083333333333333 0.8006249999999999 0.15416666666666667 0.803125 0.155 0.82125 0.14750000000000002 0.8256249999999999
0 0.9908333333333333 0.8525 0.9949999999999999 0.8512500000000001 0.9941666666666666 0.8462500000000001 0.9933333333333334 0.8512500000000001 0.9908333333333333 0.8525
0 0.8675 0.7818750000000001 0.8699999999999999 0.7862500000000001 0.8666666666666666 0.794375 0.8683333333333334 0.806875 0.8766666666666666 0.8150000000000001 0.8866666666666667 0.819375 0.8966666666666667 0.81875 0.9075 0.8231250000000001 0.9191666666666667 0.825 0.9483333333333333 0.834375 0.9591666666666667 0.8400000000000001 0.9675 0.8375 0.9816666666666667 0.8375 0.9941666666666666 0.844375 0.9991666666666668 0.84375 0.9991666666666668 0.820625 0.9966666666666667 0.819375 0.9991666666666668 0.796875 0.9949999999999999 0.79375 0.9941666666666666 0.7887500000000001 0.9875 0.7862500000000001 0.9949999999999999 0.7831250000000001 0.9925 0.77625 0.9941666666666666 0.774375 0.9908333333333333 0.7731250000000001 0.9941666666666666 0.7706250000000001 0.9558333333333333 0.7675000000000001 0.9508333333333333 0.764375 0.9349999999999999 0.765 0.925 0.7575000000000001 0.9216666666666666 0.758125 0.9175000000000001 0.755625 0.9075 0.75875 0.9041666666666666 0.75625 0.8975 0.75625 0.8833333333333334 0.7518750000000001 0.8724999999999999 0.7525000000000001 0.86 0.76875 0.86 0.779375 0.8675 0.7818750000000001
0 0.1408333333333333 0.48500000000000004 0.15 0.48500000000000004 0.1575 0.48875 0.19 0.49000000000000005 0.21000000000000002 0.495 0.22333333333333333 0.5025000000000001 0.23833333333333334 0.504375 0.24166666666666664 0.50125 0.24083333333333332 0.49375 0.23666666666666666 0.4875 0.24 0.47000000000000003 0.2475 0.46187500000000004 0.25416666666666665 0.4625 0.265 0.4600000000000001 0.2725 0.453125 0.25416666666666665 0.45187499999999997 0.23666666666666666 0.45375000000000004 0.21749999999999997 0.45625 0.21333333333333332 0.45875000000000005 0.18833333333333332 0.459375 0.17916666666666667 0.46375 0.16999999999999998 0.46187500000000004 0.16166666666666668 0.465625 0.15416666666666667 0.46312500000000006 0.14583333333333331 0.46875 0.13666666666666666 0.465625 0.12916666666666668 0.47375 0.12916666666666668 0.4800000000000001 0.1408333333333333 0.48500000000000004
0 0.4033333333333333 0.8256249999999999 0.4058333333333334 0.8275 0.4033333333333333 0.8243750000000001 0.40083333333333326 0.828125 0.4033333333333333 0.8256249999999999
0 0.37333333333333335 0.7887500000000001 0.37916666666666665 0.79375 0.37583333333333335 0.8 0.38249999999999995 0.8025 0.3783333333333333 0.8106250000000002 0.37916666666666665 0.8137500000000001 0.385 0.8137500000000001 0.38249999999999995 0.8175000000000001 0.38666666666666666 0.821875 0.39499999999999996 0.82125 0.3883333333333333 0.813125 0.39166666666666666 0.811875 0.39583333333333337 0.8137500000000001 0.3983333333333333 0.805 0.4041666666666667 0.8025 0.4091666666666667 0.805 0.41833333333333333 0.8012500000000001 0.425 0.8012500000000001 0.43083333333333335 0.8043750000000001 0.4333333333333333 0.8099999999999999 0.445 0.8099999999999999 0.4491666666666666 0.8162499999999999 0.45999999999999996 0.820625 0.45999999999999996 0.8243750000000001 0.46416666666666667 0.8275 0.4725 0.8300000000000001 0.47750000000000004 0.8293750000000001 0.48250000000000004 0.834375 0.4883333333333333 0.8331250000000001 0.49833333333333335 0.835 0.5091666666666667 0.83125 0.5091666666666667 0.8162499999999999 0.515 0.8125 0.5225 0.811875 0.5233333333333333 0.806875 0.5275000000000001 0.803125 0.5316666666666666 0.8012500000000001 0.5366666666666666 0.803125 0.5516666666666666 0.7975000000000001 0.5549999999999999 0.775625 0.5525 0.765 0.5575 0.7618750000000001 0.5583333333333333 0.7575000000000001 0.5549999999999999 0.7393750000000001 0.55 0.734375 0.54 0.734375 0.5383333333333333 0.738125 0.525 0.749375 0.5175 0.754375 0.5116666666666666 0.7550000000000001 0.505 0.766875 0.49083333333333334 0.774375 0.465 0.7675000000000001 0.45999999999999996 0.7618750000000001 0.45666666666666667 0.7618750000000001 0.4525 0.765625 0.43916666666666665 0.758125 0.43166666666666664 0.7568750000000001 0.42833333333333334 0.75875 0.4208333333333333 0.753125 0.37916666666666665 0.75375 0.3725 0.75625 0.37 0.7612500000000001 0.37 0.78125 0.37333333333333335 0.7887500000000001
0 0.5625 0.5787500000000001 0.5591666666666667 0.5956250000000001 0.5633333333333332 0.6056250000000001 0.5633333333333332 0.623125 0.5675 0.629375 0.5708333333333333 0.63125 0.5775 0.628125 0.5866666666666667 0.6275000000000001 0.6033333333333333 0.6206250000000001 0.6191666666666666 0.6175 0.6224999999999999 0.6143750000000001 0.63 0.6162500000000001 0.6333333333333333 0.56625 0.6308333333333334 0.5537500000000001 0.6266666666666667 0.55 0.6183333333333334 0.5487500000000001 0.6058333333333333 0.550625 0.5883333333333333 0.5575 0.5708333333333333 0.5543750000000001 0.5608333333333333 0.5675000000000001 0.5591666666666667 0.5725 0.5625 0.5787500000000001
0 0.37333333333333335 0.738125 0.36916666666666664 0.7456250000000001 0.37333333333333335 0.75375 0.37333333333333335 0.7662500000000001 0.37583333333333335 0.7681250000000001 0.38333333333333336 0.764375 0.38916666666666666 0.7675000000000001 0.4041666666666667 0.765625 0.4125 0.771875 0.4208333333333333 0.77375 0.43583333333333335 0.77 0.43916666666666665 0.77 0.4425 0.77375 0.45916666666666667 0.7731250000000001 0.46333333333333326 0.775625 0.46333333333333326 0.780625 0.48083333333333333 0.785 0.48583333333333334 0.7887500000000001 0.49416666666666664 0.7875 0.49833333333333335 0.79125 0.515 0.77625 0.5216666666666667 0.775 0.5291666666666667 0.7681250000000001 0.5408333333333333 0.765 0.55 0.755625 0.5566666666666666 0.744375 0.5566666666666666 0.71875 0.5533333333333333 0.7125 0.5483333333333333 0.7143750000000001 0.5466666666666666 0.7175 0.5425 0.713125 0.5408333333333333 0.718125 0.5358333333333334 0.718125 0.5333333333333333 0.724375 0.5208333333333333 0.726875 0.5166666666666667 0.7368750000000001 0.5083333333333333 0.7393750000000001 0.5025000000000001 0.7456250000000001 0.49749999999999994 0.7462500000000001 0.49833333333333335 0.75125 0.4875 0.75625 0.48 0.754375 0.4741666666666666 0.7475 0.4658333333333333 0.7456250000000001 0.45666666666666667 0.7325 0.45499999999999996 0.7375 0.45166666666666666 0.73875 0.445 0.7368750000000001 0.43916666666666665 0.731875 0.4208333333333333 0.73125 0.41500000000000004 0.7237500000000001 0.4091666666666667 0.725 0.3933333333333333 0.718125 0.37916666666666665 0.71875 0.375 0.716875 0.37 0.71875 0.36916666666666664 0.725 0.37333333333333335 0.738125
0 0.5208333333333333 0.7143750000000001 0.5225 0.709375 0.5183333333333333 0.7100000000000001 0.515 0.713125 0.5208333333333333 0.7143750000000001
0 0.5433333333333333 0.691875 0.5516666666666666 0.68875 0.5491666666666666 0.685 0.5425 0.68875 0.5433333333333333 0.691875
0 0.027500000000000004 0.596875 0.026666666666666665 0.601875 0.019166666666666665 0.6056250000000001 0.017499999999999998 0.618125 0.02 0.6275000000000001 0.019166666666666665 0.638125 0.024166666666666666 0.646875 0.0225 0.6575 0.02583333333333333 0.6612500000000001 0.03333333333333333 0.6612500000000001 0.03916666666666667 0.66625 0.05 0.6625 0.05583333333333333 0.6681250000000001 0.06 0.6681250000000001 0.06416666666666666 0.66625 0.06583333333333333 0.6575 0.07166666666666667 0.655 0.07416666666666667 0.6568750000000001 0.07416666666666667 0.6612500000000001 0.08 0.6631250000000001 0.08166666666666667 0.6725000000000001 0.09833333333333333 0.671875 0.10666666666666666 0.680625 0.11916666666666667 0.68125 0.12250000000000001 0.6768750000000001 0.12166666666666666 0.67 0.12583333333333332 0.665625 0.12083333333333332 0.6612500000000001 0.12166666666666666 0.650625 0.12583333333333332 0.6425000000000001 0.12333333333333334 0.63125 0.12666666666666665 0.623125 0.12583333333333332 0.615 0.11916666666666667 0.6143750000000001 0.11499999999999999 0.6168750000000001 0.10166666666666666 0.61875 0.09666666666666666 0.61375 0.08499999999999999 0.608125 0.0775 0.613125 0.04583333333333333 0.606875 0.03916666666666667 0.6050000000000001 0.026666666666666665 0.5962500000000001 0.0225 0.590625 0.018333333333333333 0.5943750000000001 0.019166666666666665 0.5975 0.027500000000000004 0.596875
0 0.8703125 0.69921875 0.0015625 0.00078125
0 0.9800000000000001 0.660625 0.9891666666666665 0.6581250000000001 0.9941666666666666 0.6625 0.9941666666666666 0.655 0.99 0.6581250000000001 0.9875 0.6568750000000001 0.9875 0.653125 0.9758333333333333 0.653125 0.975 0.6568750000000001 0.9800000000000001 0.660625
0 0.8758333333333332 0.665625 0.8675 0.68 0.8766666666666666 0.6881250000000001 0.875 0.6975 0.8841666666666667 0.7037500000000001 0.8966666666666667 0.70625 0.9075 0.7143750000000001 0.9408333333333333 0.7143750000000001 0.9650000000000001 0.725 0.9941666666666666 0.7237500000000001 0.9974999999999999 0.716875 0.9966666666666667 0.7125 0.9991666666666668 0.71125 0.9991666666666668 0.6925000000000001 0.9966666666666667 0.690625 0.9966666666666667 0.681875 0.9933333333333334 0.6787500000000001 0.9949999999999999 0.666875 0.9908333333333333 0.665 0.9916666666666666 0.6637500000000001 0.9875 0.666875 0.9800000000000001 0.6625 0.97 0.661875 0.9716666666666667 0.65625 0.9666666666666666 0.65375 0.9641666666666666 0.6568750000000001 0.9591666666666667 0.6568750000000001 0.9574999999999999 0.650625 0.9491666666666667 0.6456250000000001 0.9358333333333333 0.649375 0.9183333333333333 0.6456250000000001 0.9133333333333333 0.650625 0.9108333333333333 0.6475000000000001 0.8975 0.6431250000000001 0.8941666666666667 0.64 0.8833333333333334 0.640625 0.8816666666666666 0.6431250000000001 0.8858333333333333 0.645 0.8816666666666666 0.6475000000000001 0.8808333333333334 0.6518750000000001 0.8766666666666666 0.65125 0.8716666666666667 0.6575 0.8758333333333332 0.661875 0.8758333333333332 0.665625
0 0.07421875 0.68515625 0.0015625 0.00078125
0 0.02583333333333333 0.6925000000000001 0.030833333333333334 0.69375 0.034166666666666665 0.70125 0.028333333333333332 0.72 0.029166666666666667 0.729375 0.0325 0.7362500000000001 0.04583333333333333 0.74375 0.05 0.75125 0.05500000000000001 0.75125 0.06333333333333332 0.744375 0.07083333333333333 0.745 0.07416666666666667 0.740625 0.08583333333333333 0.748125 0.09083333333333334 0.758125 0.09416666666666666 0.76 0.09833333333333333 0.76 0.1025 0.7550000000000001 0.11750000000000001 0.75625 0.13 0.753125 0.13333333333333333 0.7425 0.1375 0.738125 0.1375 0.7325 0.13583333333333333 0.7193750000000001 0.1325 0.71375 0.13583333333333333 0.7025 0.12666666666666665 0.691875 0.11916666666666667 0.69375 0.11499999999999999 0.69125 0.10166666666666666 0.69625 0.09833333333333333 0.6893750000000001 0.095 0.68875 0.09666666666666666 0.69375 0.09333333333333334 0.6950000000000001 0.09 0.693125 0.08083333333333334 0.696875 0.07916666666666666 0.6925000000000001 0.07166666666666667 0.69125 0.0675 0.685625 0.06333333333333332 0.6875 0.04833333333333333 0.680625 0.045 0.6831250000000001 0.045 0.69375 0.04166666666666667 0.695625 0.034166666666666665 0.69125 0.03333333333333333 0.685 0.028333333333333332 0.686875 0.029166666666666667 0.6925000000000001 0.02583333333333333 0.6925000000000001
0 0.056666666666666664 0.8800000000000001 0.12 0.9025000000000001 0.13916666666666666 0.9112500000000001 0.14666666666666667 0.913125 0.1525 0.911875 0.15166666666666667 0.89625 0.14750000000000002 0.8875 0.14416666666666667 0.885 0.135 0.885 0.13166666666666665 0.883125 0.12833333333333333 0.8800000000000001 0.13 0.8712500000000001 0.11833333333333333 0.8768750000000001 0.11666666666666667 0.871875 0.1125 0.8731250000000002 0.1025 0.8706250000000001 0.0975 0.8637500000000001 0.08499999999999999 0.8550000000000001 0.08083333333333334 0.8556250000000001 0.07333333333333333 0.853125 0.065 0.85625 0.05333333333333333 0.8556250000000001 0.052500000000000005 0.8768750000000001 0.056666666666666664 0.8800000000000001
0 0.7758333333333333 0.5587500000000001 0.7899999999999999 0.556875 0.7991666666666666 0.56 0.8141666666666666 0.5587500000000001 0.8233333333333333 0.56125 0.8416666666666666 0.561875 0.8483333333333333 0.5650000000000001 0.8933333333333333 0.5650000000000001 0.9025000000000001 0.559375 0.9 0.5525 0.9108333333333333 0.548125 0.9141666666666666 0.5381250000000001 0.9133333333333333 0.5318750000000001 0.9191666666666667 0.528125 0.9175000000000001 0.5268750000000001 0.9066666666666666 0.530625 0.9016666666666666 0.529375 0.8983333333333332 0.524375 0.8925000000000001 0.5268750000000001 0.8766666666666666 0.524375 0.8708333333333333 0.5268750000000001 0.85 0.52125 0.845 0.52375 0.8416666666666666 0.521875 0.8283333333333334 0.5225000000000001 0.8208333333333334 0.519375 0.8133333333333332 0.521875 0.8008333333333333 0.5206250000000001 0.795 0.5181250000000001 0.7783333333333333 0.5181250000000001 0.7741666666666667 0.521875 0.7675 0.545625 0.7675 0.5537500000000001 0.7758333333333333 0.5587500000000001
0 0.9183333333333333 0.525 0.9216666666666666 0.5225000000000001 0.9216666666666666 0.515 0.9166666666666666 0.510625 0.9091666666666667 0.5112500000000001 0.9166666666666666 0.51875 0.9183333333333333 0.525
0 0.9341666666666667 0.5318750000000001 0.9416666666666667 0.535 0.9541666666666666 0.5362500000000001 0.9633333333333333 0.5431250000000001 0.9724999999999999 0.5381250000000001 0.9883333333333333 0.5375 0.9941666666666666 0.539375 0.9991666666666668 0.536875 0.9991666666666668 0.48937500000000006 0.9966666666666667 0.48812500000000003 0.9949999999999999 0.479375 0.9949999999999999 0.47000000000000003 0.9991666666666668 0.46625000000000005 0.9991666666666668 0.4625 0.9941666666666666 0.45875000000000005 0.9841666666666666 0.46312500000000006 0.9808333333333333 0.47000000000000003 0.9716666666666667 0.45875000000000005 0.9658333333333333 0.4575 0.9566666666666667 0.4600000000000001 0.9483333333333333 0.47250000000000003 0.9308333333333334 0.4831250000000001 0.9258333333333333 0.49437500000000006 0.9291666666666666 0.52875 0.9341666666666667 0.5318750000000001
0 0.9349999999999999 0.835 0.9400000000000001 0.8400000000000001 0.9466666666666667 0.8400000000000001 0.95 0.8450000000000001 0.9625 0.8456250000000001 0.9741666666666667 0.85625 0.9824999999999999 0.85875 0.9875 0.8731250000000002 0.9958333333333333 0.8793750000000001 0.9866666666666667 0.89375 0.9800000000000001 0.9262500000000001 0.9824999999999999 0.943125 0.9783333333333333 0.9475 0.9808333333333333 0.9543750000000001 0.9841666666666666 0.953125 0.9916666666666666 0.95625 0.9958333333333333 0.95375 0.9958333333333333 0.9425000000000001 0.9991666666666668 0.9356250000000002 0.9991666666666668 0.880925625 0.9966666666666667 0.8793750000000001 0.9991666666666668 0.8777081250000001 0.9991666666666668 0.8487500000000001 0.9966666666666667 0.8418750000000002 0.9949999999999999 0.8400000000000001 0.9841666666666666 0.840625 0.9808333333333333 0.8387500000000001 0.9583333333333334 0.8400000000000001 0.9391666666666666 0.834375 0.9375 0.83625 0.9349999999999999 0.835
0 0.9208333333333334 0.8318749999999999 0.9229761904761906 0.8313392857142856 0.9225 0.8306250000000001 0.9208333333333334 0.8318749999999999
0 0.925 0.834375 0.9233333333333332 0.83125 0.9229761904761906 0.8313392857142856 0.925 0.834375
0 0.5583333333333333 0.664375 0.5616666666666666 0.6787500000000001 0.5633333333333332 0.7081250000000001 0.5658333333333333 0.7106250000000001 0.5716666666666667 0.7106250000000001 0.615 0.6787500000000001 0.6216666666666667 0.6793750000000001 0.625 0.673125 0.63 0.67125 0.6308333333333334 0.64625 0.6258333333333332 0.62 0.6066666666666667 0.62 0.5983333333333334 0.62625 0.5925 0.6275000000000001 0.585 0.641875 0.5741666666666666 0.64375 0.575 0.6475000000000001 0.5708333333333333 0.653125 0.5675 0.65 0.5633333333333332 0.650625 0.5683333333333334 0.65125 0.5583333333333333 0.664375
0 0.5549999999999999 0.835 0.5591666666666667 0.858125 0.5650000000000001 0.865625 0.5725 0.86625 0.5783333333333334 0.8625 0.5966666666666667 0.838125 0.6233333333333333 0.81125 0.6224999999999999 0.791875 0.625 0.77375 0.62 0.765 0.6216666666666667 0.7550000000000001 0.6191666666666666 0.7525000000000001 0.6125 0.758125 0.605 0.75875 0.5983333333333334 0.765625 0.595 0.764375 0.5891666666666666 0.77125 0.58 0.775625 0.5783333333333334 0.7831250000000001 0.5641666666666667 0.778125 0.5616666666666666 0.779375 0.5608333333333333 0.79625 0.5566666666666666 0.8087500000000001 0.5583333333333333 0.8175000000000001 0.5549999999999999 0.835
0 0.8533333333333333 0.671875 0.8474999999999999 0.67 0.8474999999999999 0.6725000000000001 0.8533333333333333 0.671875
0 0.765625 0.66484375 0.00078125 0.0015625
0 0.8546875 0.6609375 0.0015625 0.00078125
0 0.8483333333333333 0.6631250000000001 0.8533333333333333 0.65375 0.8508333333333333 0.650625 0.845 0.649375 0.8441666666666666 0.653125 0.8483333333333333 0.6631250000000001
0 0.7625 0.61875 0.7625 0.6268750000000001 0.7675 0.6325000000000001 0.7649999999999999 0.644375 0.7741666666666667 0.650625 0.7741666666666667 0.654375 0.7649999999999999 0.6581250000000001 0.7691666666666667 0.6568750000000001 0.775 0.6612500000000001 0.7833333333333333 0.66 0.7866666666666666 0.665625 0.8066666666666666 0.6631250000000001 0.8150000000000001 0.655625 0.8175000000000001 0.6587500000000001 0.8141666666666666 0.664375 0.8183333333333334 0.66625 0.82 0.67125 0.82 0.6675000000000001 0.8241666666666667 0.6681250000000001 0.8275 0.665 0.8341666666666667 0.6743750000000001 0.8416666666666666 0.6725000000000001 0.8425 0.67 0.8341666666666667 0.660625 0.8358333333333332 0.650625 0.825 0.6475000000000001 0.8166666666666667 0.65 0.8141666666666666 0.646875 0.8208333333333334 0.639375 0.8266666666666665 0.638125 0.8591666666666666 0.641875 0.8666666666666666 0.6456250000000001 0.8766666666666666 0.624375 0.8716666666666667 0.6100000000000001 0.8775000000000001 0.5987500000000001 0.8775000000000001 0.586875 0.8800000000000001 0.581875 0.89 0.57625 0.8933333333333333 0.5693750000000001 0.8883333333333333 0.5675000000000001 0.8491666666666667 0.5650000000000001 0.8458333333333334 0.560625 0.8283333333333334 0.5631250000000001 0.8133333333333332 0.56 0.7991666666666666 0.560625 0.7849999999999999 0.556875 0.7725 0.5631250000000001 0.7633333333333333 0.586875 0.7666666666666667 0.599375 0.7625 0.61875
0 0.7484375 0.65 0.00234375 0.00078125
0 0.6649999999999999 0.63875 0.6708333333333333 0.6375 0.6683333333333333 0.634375 0.6625 0.635 0.6599999999999999 0.6368750000000001 0.6649999999999999 0.63875
0 0.6541666666666667 0.635625 0.6575 0.629375 0.6758333333333333 0.628125 0.6791666666666667 0.6300000000000001 0.6933333333333334 0.6300000000000001 0.7083333333333333 0.635 0.7183333333333334 0.63375 0.7341666666666666 0.63875 0.7416666666666667 0.6375 0.7516666666666667 0.6412500000000001 0.7516666666666667 0.629375 0.76 0.619375 0.7616666666666666 0.604375 0.7566666666666666 0.5900000000000001 0.7566666666666666 0.5850000000000001 0.7616666666666666 0.58125 0.7566666666666666 0.56875 0.7541666666666667 0.5675000000000001 0.7458333333333333 0.571875 0.7441666666666666 0.5693750000000001 0.7516666666666667 0.561875 0.7516666666666667 0.5525 0.7375 0.553125 0.735 0.55 0.73 0.5487500000000001 0.7233333333333334 0.5581250000000001 0.72 0.556125 0.72 0.56625 0.71 0.5625 0.7008333333333333 0.5625 0.7 0.559375 0.6966666666666667 0.56375 0.6925 0.5650000000000001 0.6741666666666666 0.559375 0.6525 0.5587500000000001 0.6425 0.555 0.6408333333333334 0.55 0.6358333333333334 0.5587500000000001 0.6358333333333334 0.5800000000000001 0.6325000000000001 0.593125 0.6375 0.6300000000000001 0.64 0.634375 0.6541666666666667 0.635625
0 0.09833333333333333 0.88375 0.09916666666666667 0.8825000000000001 0.09833333333333333 0.88125 0.09833333333333333 0.88375
0 0.052500000000000005 0.846875 0.05 0.86 0.056666666666666664 0.865 0.06666666666666667 0.8631249999999999 0.0725 0.8643750000000001 0.075 0.8618750000000001 0.08083333333333334 0.86875 0.09166666666666666 0.868125 0.095 0.874375 0.09833333333333333 0.87375 0.10916666666666666 0.8800000000000001 0.12916666666666668 0.885 0.13999999999999999 0.890625 0.1408333333333333 0.8875 0.14833333333333334 0.88375 0.14416666666666667 0.8375 0.13999999999999999 0.835 0.12 0.828125 0.10583333333333333 0.826875 0.1025 0.8306250000000001 0.09666666666666666 0.8325000000000001 0.095 0.83125 0.09666666666666666 0.835 0.0925 0.8356250000000001 0.07416666666666667 0.8256249999999999 0.0675 0.82875 0.05583333333333333 0.8256249999999999 0.05 0.828125 0.0475 0.8375 0.04666666666666667 0.8412499999999999 0.052500000000000005 0.846875
0 0.635 0.716875 0.6366666666666666 0.7193750000000001 0.6483333333333333 0.7237500000000001 0.6683333333333333 0.729375 0.6775 0.7256250000000001 0.6816666666666666 0.7175 0.6941666666666666 0.716875 0.7158333333333333 0.721875 0.7274999999999999 0.7225 0.7474999999999999 0.731875 0.7516666666666667 0.7275 0.7558333333333334 0.7100000000000001 0.7508333333333332 0.6925000000000001 0.7474999999999999 0.693125 0.7375 0.68875 0.7283333333333333 0.6893750000000001 0.72 0.685625 0.7075 0.6837500000000001 0.6958333333333333 0.684375 0.6883333333333332 0.681875 0.6783333333333333 0.681875 0.6675 0.6775 0.6616666666666666 0.68 0.6575 0.6775 0.65 0.6837500000000001 0.6475 0.6825 0.65 0.6787500000000001 0.6475 0.67625 0.6366666666666666 0.67625 0.63 0.684375 0.6308333333333334 0.7050000000000001 0.635 0.716875
0 0.5633333333333332 0.5787500000000001 0.5633333333333332 0.6225 0.5666666666666667 0.629375 0.5716666666666667 0.6318750000000001 0.5791666666666667 0.62875 0.5983333333333334 0.62625 0.605 0.6225 0.6208333333333333 0.62 0.6233333333333333 0.615625 0.63 0.61875 0.6325000000000001 0.6143750000000001 0.6316666666666666 0.588125 0.6341666666666667 0.5831250000000001 0.6333333333333333 0.56 0.63 0.55125 0.6174999999999999 0.5487500000000001 0.605 0.5518750000000001 0.5891666666666666 0.56 0.5708333333333333 0.555 0.5599999999999999 0.5675000000000001 0.5591666666666667 0.57125 0.5633333333333332 0.5787500000000001
0 0.6483333333333333 0.49812500000000004 0.6466666666666667 0.4956250000000001 0.6458333333333333 0.49812500000000004 0.6483333333333333 0.49812500000000004
0 0.73671875 0.43828125 0.0015625 0.0015625
0 0.6291666666666667 0.4425 0.6241666666666666 0.460625 0.6291666666666667 0.46375 0.6341666666666667 0.46312500000000006 0.6383333333333333 0.46625000000000005 0.6366666666666666 0.48250000000000004 0.64 0.49000000000000005 0.6508333333333333 0.48375 0.6541666666666667 0.4875 0.6649999999999999 0.48375 0.6891666666666667 0.484375 0.6891666666666667 0.47062499999999996 0.6925 0.46749999999999997 0.6991666666666666 0.47000000000000003 0.7083333333333333 0.46875 0.7116666666666667 0.47062499999999996 0.7125 0.476875 0.7166666666666667 0.480625 0.7166666666666667 0.4875 0.72 0.484375 0.735 0.4875 0.7325 0.48625000000000007 0.7333333333333333 0.4800000000000001 0.7283333333333333 0.47437500000000005 0.7325 0.46375 0.7258333333333333 0.46312500000000006 0.7258333333333333 0.459375 0.73 0.45625 0.7274999999999999 0.449375 0.7341666666666666 0.44312500000000005 0.7341666666666666 0.4287500000000001 0.73 0.42250000000000004 0.7258333333333333 0.42125 0.7216666666666667 0.42625 0.7191666666666666 0.42750000000000005 0.7166666666666667 0.42562500000000003 0.7083333333333333 0.43062500000000004 0.7058333333333333 0.421875 0.6908333333333333 0.42062499999999997 0.6849999999999999 0.418125 0.675 0.42312500000000003 0.6716666666666666 0.42125 0.6708333333333333 0.42625 0.6675 0.4287500000000001 0.6541666666666667 0.418125 0.65 0.42062499999999997 0.6466666666666667 0.414375 0.6458333333333333 0.416875 0.6391666666666667 0.418125 0.6275000000000001 0.4287500000000001 0.6325000000000001 0.43937499999999996 0.6291666666666667 0.4425
0 0.4725 0.78125 0.4716666666666667 0.7725000000000001 0.45999999999999996 0.77375 0.4608333333333333 0.784375 0.4725 0.78125
0 0.38666666666666666 0.758125 0.3875 0.7550000000000001 0.38333333333333336 0.754375 0.38249999999999995 0.75625 0.38666666666666666 0.758125
0 0.5641666666666667 0.7462500000000001 0.5633333333333332 0.74375 0.5616666666666666 0.744375 0.5641666666666667 0.7462500000000001
0 0.3975 0.74875 0.4 0.744375 0.38916666666666666 0.738125 0.38666666666666666 0.7456250000000001 0.3975 0.74875
0 0.5078125 0.7234375 0.0015625 0.00078125
0 0.4083333333333333 0.7618750000000001 0.40750000000000003 0.765625 0.41916666666666663 0.7725000000000001 0.43 0.7706250000000001 0.4341666666666667 0.774375 0.4341666666666667 0.78 0.44416666666666665 0.7825 0.44416666666666665 0.77625 0.45166666666666666 0.769375 0.45 0.763125 0.4525 0.7618750000000001 0.45583333333333337 0.765 0.45999999999999996 0.765 0.46749999999999997 0.760625 0.47750000000000004 0.7706250000000001 0.4741666666666666 0.7825 0.47750000000000004 0.7862500000000001 0.48 0.7825 0.48250000000000004 0.785 0.48250000000000004 0.789375 0.4766666666666667 0.791875 0.4766666666666667 0.794375 0.485 0.7975000000000001 0.4883333333333333 0.79625 0.49000000000000005 0.7887500000000001 0.49416666666666664 0.7875 0.49749999999999994 0.7931250000000001 0.5016666666666667 0.79125 0.5116666666666666 0.76875 0.5191666666666667 0.77 0.5366666666666666 0.754375 0.545 0.755625 0.5516666666666666 0.75125 0.5541666666666667 0.7462500000000001 0.5525 0.73375 0.5575 0.72 0.5525 0.71375 0.5508333333333333 0.724375 0.5341666666666667 0.73125 0.5333333333333333 0.738125 0.5266666666666666 0.744375 0.5266666666666666 0.749375 0.5183333333333333 0.75125 0.52 0.755625 0.5108333333333334 0.766875 0.5008333333333332 0.7706250000000001 0.4966666666666667 0.7775000000000001 0.4875 0.775625 0.49083333333333334 0.7725000000000001 0.49083333333333334 0.7675000000000001 0.48583333333333334 0.765625 0.4883333333333333 0.7618750000000001 0.48666666666666664 0.763125 0.48 0.760625 0.4766666666666667 0.7568750000000001 0.4666666666666667 0.7568750000000001 0.46333333333333326 0.754375 0.45666666666666667 0.75875 0.45666666666666667 0.7550000000000001 0.44666666666666666 0.746875 0.43583333333333335 0.748125 0.43499999999999994 0.744375 0.4225 0.743125 0.41916666666666663 0.745 0.4208333333333333 0.7518750000000001 0.41583333333333333 0.75625 0.41 0.754375 0.41083333333333333 0.75125 0.40750000000000003 0.7518750000000001 0.40499999999999997 0.7575000000000001 0.4083333333333333 0.7618750000000001
0 0.5958333333333333 0.709375 0.595 0.704375 0.5916666666666667 0.7081250000000001 0.5883333333333333 0.7050000000000001 0.5883333333333333 0.70875 0.5958333333333333 0.709375
0 0.5575 0.71125 0.5599999999999999 0.7100000000000001 0.5599999999999999 0.70625 0.5549999999999999 0.704375 0.5533333333333333 0.706875 0.5575 0.71125
0 0.38583333333333336 0.6900000000000001 0.39166666666666666 0.68875 0.38333333333333336 0.6881250000000001 0.38333333333333336 0.69375 0.38583333333333336 0.6900000000000001
0 0.585 0.6950000000000001 0.595 0.695625 0.6 0.6925000000000001 0.595 0.6881250000000001 0.5916666666666667 0.6893750000000001 0.5883333333333333 0.68625 0.5841666666666667 0.6875 0.5816666666666667 0.684375 0.5791666666666667 0.68625 0.5816666666666667 0.696875 0.585 0.6950000000000001
0 0.38916666666666666 0.68 0.39666666666666667 0.681875 0.4 0.6787500000000001 0.4033333333333333 0.6787500000000001 0.40750000000000003 0.68625 0.41 0.686875 0.40750000000000003 0.6925000000000001 0.4175 0.6893750000000001 0.4216666666666667 0.70125 0.4425 0.7025 0.4491666666666666 0.7056250000000001 0.45499999999999996 0.7125 0.45583333333333337 0.7193750000000001 0.4616666666666666 0.718125 0.4658333333333333 0.7212500000000001 0.4683333333333334 0.7206250000000001 0.4708333333333333 0.711875 0.4741666666666666 0.711875 0.4766666666666667 0.715625 0.4883333333333333 0.713125 0.495 0.71625 0.49749999999999994 0.723125 0.5033333333333333 0.7237500000000001 0.505 0.718125 0.5158333333333334 0.718125 0.5225 0.71375 0.5208333333333333 0.7100000000000001 0.5266666666666666 0.6993750000000001 0.5383333333333333 0.690625 0.5491666666666666 0.6943750000000001 0.5566666666666666 0.6950000000000001 0.5591666666666667 0.6925000000000001 0.5583333333333333 0.6900000000000001 0.5508333333333333 0.68625 0.5525 0.681875 0.5575 0.6793750000000001 0.5591666666666667 0.670625 0.5566666666666666 0.6681250000000001 0.5575 0.6612500000000001 0.55 0.655 0.54 0.65625 0.53 0.660625 0.5216666666666667 0.6681250000000001 0.4916666666666667 0.67625 0.4841666666666667 0.67625 0.47000000000000003 0.67 0.4583333333333333 0.670625 0.41500000000000004 0.660625 0.39583333333333337 0.660625 0.38416666666666666 0.65625 0.38 0.6575 0.3783333333333333 0.66875 0.38916666666666666 0.68
0 0.4758333333333333 0.560625 0.48 0.556875 0.47000000000000003 0.553125 0.4691666666666666 0.560625 0.4758333333333333 0.560625
0 0.425 0.555625 0.42833333333333334 0.555 0.4291666666666667 0.55125 0.425 0.55125 0.4225 0.5537500000000001 0.425 0.555625
0 0.4408333333333333 0.556875 0.45166666666666666 0.5581250000000001 0.4583333333333333 0.55625 0.4583333333333333 0.5525 0.4525 0.548125 0.445 0.55 0.4408333333333333 0.553125 0.4408333333333333 0.556875
0 0.3725 0.53 0.3875 0.5337500000000001 0.39249999999999996 0.539375 0.3908333333333333 0.54375 0.385 0.54375 0.38416666666666666 0.54 0.38166666666666665 0.54 0.38 0.54625 0.3883333333333333 0.5475000000000001 0.39 0.544375 0.3933333333333333 0.546875 0.4 0.546875 0.4041666666666667 0.550625 0.4141666666666667 0.546875 0.41833333333333333 0.548125 0.4208333333333333 0.54125 0.425 0.5387500000000001 0.43499999999999994 0.5381250000000001 0.43916666666666665 0.54 0.44666666666666666 0.5362500000000001 0.45583333333333337 0.5387500000000001 0.45999999999999996 0.545 0.46416666666666667 0.5431250000000001 0.4658333333333333 0.5387500000000001 0.4708333333333333 0.5387500000000001 0.47333333333333333 0.5431250000000001 0.47833333333333333 0.5431250000000001 0.4758333333333333 0.545625 0.47833333333333333 0.548125 0.4841666666666667 0.546875 0.48250000000000004 0.5425000000000001 0.485 0.540625 0.495 0.5387500000000001 0.495 0.544375 0.5025000000000001 0.545625 0.5116666666666666 0.55125 0.5166666666666667 0.5487500000000001 0.5183333333333333 0.5425000000000001 0.5283333333333333 0.5331250000000001 0.5366666666666666 0.5318750000000001 0.54 0.535625 0.5458333333333333 0.5275000000000001 0.55 0.530625 0.5633333333333332 0.525625 0.5683333333333334 0.51875 0.5675 0.515 0.5583333333333333 0.5112500000000001 0.5558333333333334 0.503125 0.5516666666666666 0.5 0.5375 0.5025000000000001 0.53 0.49750000000000005 0.515 0.5 0.5108333333333334 0.49625 0.49749999999999994 0.4956250000000001 0.4916666666666667 0.49312500000000004 0.4766666666666667 0.49375 0.4708333333333333 0.4912500000000001 0.4533333333333333 0.49312500000000004 0.44749999999999995 0.490625 0.4416666666666667 0.490625 0.42666666666666664 0.496875 0.4116666666666666 0.49625 0.39249999999999996 0.5006250000000001 0.38416666666666666 0.50375 0.375 0.51375 0.375 0.525625 0.3725 0.53
0 0.9208333333333334 0.685625 0.9166666666666666 0.684375 0.9183333333333333 0.6875 0.9208333333333334 0.685625
0 0.8775000000000001 0.6325000000000001 0.8758333333333332 0.650625 0.8941666666666667 0.664375 0.9091666666666667 0.6681250000000001 0.9108333333333333 0.6775 0.9075 0.685 0.9133333333333333 0.685625 0.9099999999999999 0.6825 0.9125 0.680625 0.9116666666666667 0.678125 0.9175000000000001 0.6775 0.925 0.6725000000000001 0.9283333333333333 0.678125 0.9333333333333333 0.67625 0.9333333333333333 0.6837500000000001 0.9283333333333333 0.68875 0.9333333333333333 0.6900000000000001 0.9358333333333333 0.6881250000000001 0.9400000000000001 0.6950000000000001 0.9541666666666666 0.696875 0.9591666666666667 0.6993750000000001 0.9625 0.696875 0.9650000000000001 0.6993750000000001 0.9733333333333333 0.7 0.9775 0.696875 0.9891666666666665 0.7025 0.9941666666666666 0.7025 0.9991666666666668 0.6950000000000001 0.9925 0.6925000000000001 0.9925 0.690625 0.9991666666666668 0.6893750000000001 0.99 0.6881250000000001 0.9883333333333333 0.6775 0.9841666666666666 0.67625 0.9833333333333334 0.6737500000000001 0.9916666666666666 0.66875 0.9991666666666668 0.655625 0.9991666666666668 0.5925 0.9958333333333333 0.588125 0.9966666666666667 0.5806250000000001 0.9991666666666668 0.579375 0.9991666666666668 0.546875 0.9883333333333333 0.54375 0.9841666666666666 0.544375 0.9816666666666667 0.54 0.9758333333333333 0.54 0.9675 0.545625 0.9558333333333333 0.546875 0.95 0.545 0.95 0.539375 0.9291666666666666 0.5431250000000001 0.915 0.5525 0.9108333333333333 0.560625 0.9008333333333333 0.5693750000000001 0.8983333333333332 0.5775 0.8866666666666667 0.581875 0.8775000000000001 0.608125 0.8816666666666666 0.62375 0.8775000000000001 0.6325000000000001
0 0.755 0.8 0.7533333333333333 0.8106250000000002 0.755 0.81875 0.7583333333333333 0.8200000000000001 0.7558333333333334 0.8243750000000001 0.7583333333333333 0.8256249999999999 0.7608333333333334 0.820625 0.7649999999999999 0.8231250000000001 0.7641666666666667 0.825 0.7725 0.8256249999999999 0.7791666666666667 0.82125 0.7866666666666666 0.8243750000000001 0.7941666666666667 0.820625 0.8025 0.81125 0.8066666666666666 0.8125 0.8091666666666667 0.8099999999999999 0.8383333333333333 0.805 0.8491666666666667 0.8 0.8516666666666666 0.79 0.8558333333333333 0.7862500000000001 0.8541666666666666 0.77 0.8275 0.765625 0.8166666666666667 0.7731250000000001 0.8099999999999999 0.7731250000000001 0.8058333333333334 0.76875 0.7883333333333333 0.764375 0.7858333333333334 0.758125 0.7691666666666667 0.7625 0.7583333333333333 0.760625 0.7525 0.775625 0.7516666666666667 0.7925000000000001 0.755 0.8
0 0.625 0.798125 0.6266666666666667 0.813125 0.63 0.815625 0.6333333333333333 0.8175000000000001 0.6458333333333333 0.818125 0.6516666666666666 0.82125 0.6616666666666666 0.82125 0.6666666666666667 0.8243750000000001 0.6958333333333333 0.8306250000000001 0.7116666666666667 0.8306250000000001 0.7141666666666666 0.835 0.7341666666666666 0.838125 0.7366666666666666 0.83625 0.7458333333333333 0.819375 0.7483333333333333 0.805625 0.7474999999999999 0.7775000000000001 0.7508333333333332 0.7725000000000001 0.7483333333333333 0.7418750000000001 0.7458333333333333 0.73125 0.7424999999999999 0.7275 0.7308333333333333 0.7237500000000001 0.72 0.7237500000000001 0.7108333333333333 0.7193750000000001 0.6858333333333333 0.716875 0.6841666666666667 0.72 0.6891666666666667 0.723125 0.69 0.728125 0.6841666666666667 0.7300000000000001 0.6783333333333333 0.726875 0.6683333333333333 0.7300000000000001 0.6366666666666666 0.7225 0.6333333333333333 0.7143750000000001 0.6291666666666667 0.7262500000000001 0.6283333333333333 0.7525000000000001 0.6258333333333332 0.758125 0.6275000000000001 0.7725000000000001 0.625 0.798125
0 0.9508333333333333 0.9762500000000001 0.9508333333333333 0.98125 0.9541666666666666 0.984375 0.9533333333333334 0.9943750000000001 0.9583333333333334 0.999375 0.9908333333333333 0.999375 0.9941666666666666 0.9956250000000001 0.9991666666666668 0.9943750000000001 0.9991666666666668 0.9637500000000001 0.9916666666666666 0.9600000000000002 0.9949999999999999 0.9568749999999999 0.9949999999999999 0.951875 0.9875 0.944375 0.9800000000000001 0.9506249999999999 0.9833333333333334 0.9543750000000001 0.9800000000000001 0.95625 0.9824999999999999 0.9581250000000001 0.9800000000000001 0.9637500000000001 0.9766666666666666 0.9650000000000001 0.9733333333333333 0.96125 0.9658333333333333 0.9606250000000001 0.9558333333333333 0.9675 0.9541666666666666 0.9737500000000001 0.9508333333333333 0.9762500000000001
0 0.04166666666666667 0.806875 0.04583333333333333 0.8125 0.04416666666666667 0.8225 0.049166666666666664 0.8306250000000001 0.0475 0.8412499999999999 0.05333333333333333 0.8487500000000001 0.05333333333333333 0.8606250000000001 0.05583333333333333 0.8612500000000001 0.06 0.8568749999999999 0.0775 0.86 0.08499999999999999 0.85875 0.09083333333333334 0.86625 0.095 0.8668750000000001 0.11750000000000001 0.8800000000000001 0.12916666666666668 0.8825000000000001 0.13916666666666666 0.8875 0.14333333333333334 0.884375 0.14666666666666667 0.885 0.14750000000000002 0.87375 0.14250000000000002 0.869375 0.14583333333333331 0.843125 0.14250000000000002 0.8318749999999999 0.145 0.8150000000000001 0.14333333333333334 0.8025 0.13999999999999999 0.8 0.13666666666666666 0.7875 0.1327540650406504 0.783391768292683 0.1325 0.7862500000000001 0.125 0.791875 0.11833333333333333 0.7931250000000001 0.11583333333333332 0.79625 0.09583333333333334 0.79375 0.08833333333333333 0.7875 0.08 0.789375 0.06666666666666667 0.7818750000000001 0.06 0.7818750000000001 0.05333333333333333 0.77875 0.05 0.78 0.04666666666666667 0.7768750000000001 0.04083333333333333 0.7825 0.042499999999999996 0.7862500000000001 0.04 0.789375 0.04416666666666667 0.795625 0.04166666666666667 0.806875
0 0.0921875 0.771875 0.00078125 0.00078125
0 0.09916666666666667 0.765625 0.09833333333333333 0.7618750000000001 0.095 0.7618750000000001 0.09416666666666666 0.765625 0.09916666666666667 0.765625
0 0.64375 0.4703125 0.00078125 0.0015625
0 0.6716666666666666 0.41000000000000003 0.6733333333333333 0.40750000000000003 0.67 0.405625 0.6675 0.40812499999999996 0.6716666666666666 0.41000000000000003
0 0.6016666666666667 0.40750000000000003 0.6025 0.40437500000000004 0.6 0.40437500000000004 0.5991666666666666 0.40750000000000003 0.6016666666666667 0.40750000000000003
0 0.6158333333333333 0.40750000000000003 0.6174999999999999 0.40437500000000004 0.615 0.40375000000000005 0.6133333333333333 0.40437500000000004 0.6158333333333333 0.40750000000000003
0 0.6325000000000001 0.43562500000000004 0.6291666666666667 0.449375 0.6383333333333333 0.45187499999999997 0.645 0.465625 0.6525 0.47000000000000003 0.6533333333333333 0.47250000000000003 0.6491666666666667 0.473125 0.6516666666666666 0.47375 0.6491666666666667 0.476875 0.6541666666666667 0.480625 0.6583333333333333 0.479375 0.6608333333333334 0.48125 0.6849999999999999 0.48187500000000005 0.6908333333333333 0.476875 0.69 0.47000000000000003 0.6933333333333334 0.46875 0.6991666666666666 0.473125 0.71 0.47375 0.7191666666666666 0.484375 0.7266666666666667 0.48812500000000003 0.7308333333333333 0.48625000000000007 0.7375 0.4875 0.7366666666666666 0.48375 0.74 0.47750000000000004 0.7383333333333333 0.459375 0.7408333333333333 0.4575 0.7508333333333332 0.4600000000000001 0.755 0.458125 0.7591666666666667 0.460625 0.7658333333333334 0.458125 0.7725 0.459375 0.7758333333333333 0.45625 0.7825 0.46375 0.7875 0.4600000000000001 0.7849999999999999 0.45625 0.7875 0.45062500000000005 0.7858333333333334 0.4425 0.7741666666666667 0.43624999999999997 0.7716666666666667 0.42062499999999997 0.7575000000000001 0.40875000000000006 0.7541666666666667 0.403125 0.7474999999999999 0.40125 0.7458333333333333 0.403125 0.7408333333333333 0.40125 0.7333333333333333 0.40687500000000004 0.7274999999999999 0.40125 0.7233333333333334 0.4025 0.72 0.4 0.7133333333333333 0.39937500000000004 0.7041666666666667 0.40687500000000004 0.7016666666666667 0.40437500000000004 0.7041666666666667 0.40062500000000006 0.6975 0.3975 0.6991666666666666 0.39375 0.6950000000000001 0.3925 0.6908333333333333 0.39375 0.69 0.398125 0.6858333333333333 0.398125 0.6775 0.40750000000000003 0.6799999999999999 0.41187500000000005 0.6708333333333333 0.4125 0.6675 0.41625000000000006 0.6658333333333333 0.41000000000000003 0.6583333333333333 0.40499999999999997 0.6541666666666667 0.405625 0.65 0.3975 0.6458333333333333 0.3975 0.64 0.40125 0.6358333333333334 0.40062500000000006 0.6375 0.40750000000000003 0.6341666666666667 0.41125 0.6333333333333333 0.418125 0.6233333333333333 0.42562500000000003 0.6224999999999999 0.4287500000000001 0.6325000000000001 0.43562500000000004
0 0.6296875 0.63671875 0.00078125 0.0015625
0 0.5650000000000001 0.6325000000000001 0.5658333333333333 0.653125 0.5675 0.655 0.5741666666666666 0.655 0.5808333333333333 0.650625 0.5858333333333333 0.65375 0.5925 0.6475000000000001 0.5933333333333334 0.6425000000000001 0.6008333333333333 0.640625 0.6008333333333333 0.6362500000000001 0.6083333333333333 0.628125 0.6275000000000001 0.6268750000000001 0.6291666666666667 0.625 0.6325000000000001 0.6162500000000001 0.63 0.5743750000000001 0.6258333333333332 0.573125 0.6233333333333333 0.57625 0.615 0.5787500000000001 0.6108333333333333 0.575 0.6116666666666666 0.570625 0.6066666666666667 0.56625 0.6025 0.56625 0.5974999999999999 0.571875 0.6016666666666667 0.5737500000000001 0.6058333333333333 0.5725 0.6075 0.575 0.6033333333333333 0.576875 0.6016666666666667 0.58375 0.5858333333333333 0.591875 0.5808333333333333 0.58875 0.5708333333333333 0.588125 0.5658333333333333 0.591875 0.5675 0.595 0.5625 0.604375 0.5616666666666666 0.623125 0.5650000000000001 0.6325000000000001
0 0.6265625 0.5640625 0.00078125 0.0046875
0 0.6941666666666666 0.72875 0.6958333333333333 0.7262500000000001 0.6925 0.7256250000000001 0.6916666666666667 0.728125 0.6941666666666666 0.72875
0 0.6316666666666666 0.7837500000000001 0.6383333333333333 0.79 0.6366666666666666 0.7931250000000001 0.64 0.7931250000000001 0.6416666666666667 0.7887500000000001 0.6475 0.7887500000000001 0.6599999999999999 0.7931250000000001 0.6816666666666666 0.7931250000000001 0.6858333333333333 0.789375 0.6783333333333333 0.786875 0.6775 0.7825 0.6891666666666667 0.78 0.6991666666666666 0.7825 0.7083333333333333 0.7887500000000001 0.6991666666666666 0.789375 0.6991666666666666 0.794375 0.7024999999999999 0.7975000000000001 0.71 0.79625 0.7116666666666667 0.79375 0.7224999999999999 0.8 0.7283333333333333 0.8 0.7333333333333333 0.7975000000000001 0.7341666666666666 0.8 0.7358333333333333 0.7975000000000001 0.7441666666666666 0.79625 0.7441666666666666 0.7925000000000001 0.7483333333333333 0.7875 0.7483333333333333 0.779375 0.7525 0.7725000000000001 0.75 0.7300000000000001 0.7474999999999999 0.7262500000000001 0.7341666666666666 0.7225 0.7216666666666667 0.7225 0.7116666666666667 0.718125 0.6983333333333334 0.7193750000000001 0.6925 0.715625 0.6841666666666667 0.716875 0.6875 0.72 0.6816666666666666 0.7262500000000001 0.6658333333333333 0.7262500000000001 0.6575 0.71875 0.6466666666666667 0.723125 0.6383333333333333 0.7206250000000001 0.6433333333333333 0.71875 0.645 0.7125 0.6433333333333333 0.7106250000000001 0.64 0.71125 0.6333333333333333 0.7050000000000001 0.6341666666666667 0.70875 0.6316666666666666 0.7100000000000001 0.635 0.709375 0.6366666666666666 0.7125 0.6308333333333334 0.71625 0.6283333333333333 0.73125 0.6266666666666667 0.765625 0.6316666666666666 0.7837500000000001
0 0.5016666666666667 0.550625 0.5025000000000001 0.546875 0.4966666666666667 0.5487500000000001 0.4958333333333333 0.550625 0.5016666666666667 0.550625
0 0.5225 0.548125 0.5216666666666667 0.5431250000000001 0.52 0.546875 0.5225 0.548125
0 0.4225 0.5431250000000001 0.42666666666666664 0.54375 0.42738888888888893 0.5399583333333333 0.42416666666666664 0.5387500000000001 0.4225 0.5431250000000001
0 0.4325 0.541875 0.4284259259259259 0.5403472222222223 0.43166666666666664 0.54375 0.43916666666666665 0.540625 0.43666666666666665 0.54125 0.43499999999999994 0.539375 0.4325 0.541875
0 0.41 0.54 0.4133333333333333 0.54 0.41083333333333333 0.5362500000000001 0.4083333333333333 0.5362500000000001 0.41 0.54
0 0.38671875 0.5359375 0.00078125 0.0015625
0 0.3716666666666667 0.5737500000000001 0.3683333333333333 0.588125 0.37333333333333335 0.5943750000000001 0.37416666666666665 0.60625 0.3716666666666667 0.613125 0.37416666666666665 0.629375 0.38 0.6412500000000001 0.38333333333333336 0.640625 0.38666666666666666 0.6362500000000001 0.3908333333333333 0.635625 0.40083333333333326 0.6475000000000001 0.41500000000000004 0.64 0.41833333333333333 0.64375 0.4258333333333333 0.6425000000000001 0.43166666666666664 0.645 0.45 0.646875 0.45916666666666667 0.65125 0.4683333333333334 0.65 0.4916666666666667 0.653125 0.505 0.65 0.525 0.6412500000000001 0.5283333333333333 0.646875 0.5341666666666667 0.64875 0.54 0.6425000000000001 0.5441666666666667 0.6431250000000001 0.55 0.64 0.5633333333333332 0.609375 0.5641666666666667 0.5800000000000001 0.5616666666666666 0.5693750000000001 0.5650000000000001 0.5643750000000001 0.5575 0.539375 0.5516666666666666 0.5325 0.545 0.535625 0.5433333333333333 0.5325 0.5433333333333333 0.5425000000000001 0.5375 0.5387500000000001 0.5291666666666667 0.541875 0.5266666666666666 0.5487500000000001 0.53 0.55 0.53 0.5537500000000001 0.5275000000000001 0.555625 0.5233333333333333 0.55625 0.5158333333333334 0.553125 0.5116666666666666 0.55625 0.5083333333333333 0.5643750000000001 0.49916666666666665 0.5625 0.4916666666666667 0.566875 0.4841666666666667 0.5631250000000001 0.4741666666666666 0.565625 0.47000000000000003 0.5643750000000001 0.46416666666666667 0.560625 0.46333333333333326 0.555625 0.45916666666666667 0.55625 0.4608333333333333 0.56125 0.42666666666666664 0.56 0.42000000000000004 0.556875 0.41083333333333333 0.561875 0.4066666666666666 0.556875 0.4 0.556875 0.3975 0.56 0.3933333333333333 0.556875 0.39666666666666667 0.56 0.39166666666666666 0.56375 0.38249999999999995 0.55625 0.3875 0.5525 0.37666666666666665 0.550625 0.37333333333333335 0.5537500000000001 0.38 0.565625 0.3716666666666667 0.5737500000000001
0 0.47734375 0.5296875 0.00078125 0.0015625
0 0.91171875 0.69609375 0.00234375 0.00078125
0 0.91015625 0.684375 0.00078125 0.00234375
0 0.8800000000000001 0.6175 0.8841666666666667 0.621875 0.8791666666666667 0.633125 0.8833333333333334 0.650625 0.9008333333333333 0.664375 0.9116666666666667 0.6681250000000001 0.9141666666666666 0.675625 0.9175000000000001 0.6737500000000001 0.9225 0.675 0.9216666666666666 0.67625 0.925 0.6743750000000001 0.9275 0.678125 0.9308333333333334 0.6787500000000001 0.9283333333333333 0.681875 0.9358333333333333 0.6881250000000001 0.9375 0.6950000000000001 0.9349999999999999 0.6993750000000001 0.9425000000000001 0.704375 0.9408333333333333 0.6987500000000001 0.945 0.6987500000000001 0.9525 0.69125 0.9541666666666666 0.6950000000000001 0.96 0.698125 0.9633333333333333 0.69625 0.9733333333333333 0.7 0.985 0.6993750000000001 0.9941666666666666 0.703125 0.9958333333333333 0.6900000000000001 0.9841666666666666 0.6743750000000001 0.9949999999999999 0.6575 0.9991666666666668 0.655 0.9991666666666668 0.593125 0.9958333333333333 0.58875 0.9991666666666668 0.5806250000000001 0.9991666666666668 0.54375 0.9908333333333333 0.536875 0.985 0.536875 0.9816666666666667 0.534375 0.9741666666666667 0.5375 0.9466666666666667 0.534375 0.9366666666666668 0.535 0.9341666666666667 0.540625 0.915 0.5518750000000001 0.9125 0.56 0.9008333333333333 0.570625 0.8983333333333332 0.578125 0.8891666666666665 0.58125 0.885 0.5875 0.8783333333333333 0.60875 0.8800000000000001 0.6175
0 0.28583333333333333 0.525625 0.28250000000000003 0.525 0.28250000000000003 0.5268750000000001 0.28583333333333333 0.525625
0 0.30083333333333334 0.5325 0.30333333333333334 0.5275000000000001 0.29333333333333333 0.524375 0.2966666666666667 0.5325 0.30083333333333334 0.5325
0 0.2558333333333333 0.52625 0.2633333333333333 0.528125 0.2683333333333333 0.524375 0.2725 0.528125 0.2758333333333333 0.5275000000000001 0.27666666666666667 0.525625 0.2733333333333333 0.5231250000000001 0.2758333333333333 0.5181250000000001 0.2891666666666667 0.519375 0.29333333333333333 0.521875 0.2991666666666667 0.52 0.30333333333333334 0.524375 0.32166666666666666 0.52375 0.32999999999999996 0.5268750000000001 0.32916666666666666 0.5325 0.33249999999999996 0.54 0.3358333333333333 0.54125 0.35666666666666663 0.539375 0.36083333333333334 0.525625 0.37583333333333335 0.50875 0.37416666666666665 0.504375 0.37 0.5025000000000001 0.30333333333333334 0.4987500000000001 0.2966666666666667 0.4956250000000001 0.27749999999999997 0.49375 0.265 0.49437500000000006 0.255 0.49250000000000005 0.2475 0.49437500000000006 0.24583333333333335 0.49812500000000004 0.24416666666666664 0.50875 0.2558333333333333 0.52625
0 0.3683333333333333 0.805 0.37666666666666665 0.8168750000000001 0.37666666666666665 0.820625 0.38333333333333336 0.82125 0.39 0.825 0.4033333333333333 0.8237500000000001 0.4033333333333333 0.826875 0.4083333333333333 0.828125 0.4116666666666666 0.8275 0.41500000000000004 0.8231250000000001 0.4225 0.826875 0.425 0.8325000000000001 0.43 0.8331250000000001 0.4383333333333333 0.83125 0.43666666666666665 0.8243750000000001 0.4408333333333333 0.8231250000000001 0.44333333333333336 0.8243750000000001 0.4491666666666666 0.8393750000000001 0.46749999999999997 0.8393750000000001 0.47333333333333333 0.8450000000000001 0.4875 0.8412499999999999 0.49416666666666664 0.846875 0.49749999999999994 0.846875 0.5 0.84375 0.5066666666666666 0.843125 0.5191666666666667 0.8356250000000001 0.525 0.825 0.5325 0.821875 0.5366666666666666 0.8168750000000001 0.5416666666666667 0.8162499999999999 0.5466666666666666 0.8225 0.5525 0.8137500000000001 0.5525 0.805625 0.5566666666666666 0.8 0.5566666666666666 0.795625 0.5533333333333333 0.786875 0.5541666666666667 0.77125 0.55 0.759375 0.5466666666666666 0.7612500000000001 0.5416666666666667 0.760625 0.5266666666666666 0.76875 0.5191666666666667 0.7768750000000001 0.5116666666666666 0.779375 0.5091666666666667 0.785 0.5025000000000001 0.786875 0.5008333333333332 0.7931250000000001 0.49416666666666664 0.79 0.4841666666666667 0.7887500000000001 0.48 0.7825 0.4741666666666666 0.7825 0.47000000000000003 0.785 0.45999999999999996 0.779375 0.45916666666666667 0.77375 0.45 0.775625 0.445 0.774375 0.4408333333333333 0.775625 0.43916666666666665 0.77875 0.43083333333333335 0.780625 0.425 0.77625 0.4083333333333333 0.7725000000000001 0.4033333333333333 0.7662500000000001 0.39583333333333337 0.7662500000000001 0.3975 0.763125 0.3933333333333333 0.7681250000000001 0.39166666666666666 0.7618750000000001 0.38416666666666666 0.765 0.37416666666666665 0.764375 0.3716666666666667 0.7681250000000001 0.3716666666666667 0.79375 0.3683333333333333 0.805
0 0.675 0.48046875 0.0015625 0.00078125
0 0.70625 0.4765625 0.00078125 0.00078125
0 0.6883333333333332 0.47250000000000003 0.6849999999999999 0.46875 0.6858333333333333 0.47750000000000004 0.6883333333333332 0.47250000000000003
0 0.73046875 0.43203125 0.00078125 0.0015625
0 0.7158333333333333 0.45 0.7158333333333333 0.4525 0.7058333333333333 0.45625 0.7066666666666667 0.46375 0.7116666666666667 0.46937500000000004 0.7083333333333333 0.47375 0.715 0.4800000000000001 0.7141666666666666 0.4875 0.7266666666666667 0.49375 0.7333333333333333 0.491875 0.7483333333333333 0.491875 0.7516666666666667 0.49437500000000006 0.7625 0.49437500000000006 0.7683333333333333 0.496875 0.7758333333333333 0.48875 0.7875 0.48625000000000007 0.7899999999999999 0.4831250000000001 0.8108333333333333 0.4831250000000001 0.82 0.48125 0.8241666666666667 0.476875 0.8383333333333333 0.480625 0.8416666666666666 0.47750000000000004 0.8441666666666666 0.480625 0.8474999999999999 0.480625 0.8508333333333333 0.47750000000000004 0.8474999999999999 0.46625000000000005 0.8366666666666667 0.4600000000000001 0.835 0.45187499999999997 0.8191666666666666 0.45375000000000004 0.8108333333333333 0.44375 0.8016666666666665 0.440625 0.7958333333333333 0.441875 0.7933333333333333 0.44000000000000006 0.7933333333333333 0.43562500000000004 0.7783333333333333 0.43937499999999996 0.7775 0.436875 0.7816666666666666 0.43187500000000006 0.7783333333333333 0.434375 0.7766666666666666 0.428125 0.7683333333333333 0.42125 0.7608333333333334 0.425 0.7583333333333333 0.436875 0.755 0.43500000000000005 0.7408333333333333 0.441875 0.7375 0.43937499999999996 0.7233333333333334 0.43937499999999996 0.7208333333333333 0.44312500000000005 0.7141666666666666 0.44375 0.7133333333333333 0.449375 0.7158333333333333 0.45
0 0.3716666666666667 0.74375 0.375 0.7475 0.375 0.75875 0.37916666666666665 0.76 0.37583333333333335 0.765 0.38458333333333333 0.76 0.39916666666666667 0.75875 0.41500000000000004 0.7625 0.43 0.763125 0.4416666666666667 0.7675000000000001 0.45583333333333337 0.7681250000000001 0.4841666666666667 0.7775000000000001 0.49833333333333335 0.778125 0.5175 0.76 0.5258333333333333 0.758125 0.5316666666666666 0.759375 0.545 0.755625 0.5566666666666666 0.7418750000000001 0.5533333333333333 0.7256250000000001 0.55 0.7237500000000001 0.5425 0.7237500000000001 0.5325 0.729375 0.5266666666666666 0.7300000000000001 0.5216666666666667 0.73375 0.5216666666666667 0.73875 0.5083333333333333 0.7425 0.5058333333333334 0.7462500000000001 0.5066666666666666 0.7518750000000001 0.5041666666666667 0.75375 0.495 0.7568750000000001 0.48666666666666664 0.75625 0.4791666666666667 0.7518750000000001 0.4766666666666667 0.7475 0.465 0.744375 0.46333333333333326 0.74 0.45916666666666667 0.7375 0.45916666666666667 0.734375 0.45499999999999996 0.73875 0.45166666666666666 0.73875 0.43916666666666665 0.7325 0.42833333333333334 0.73125 0.4258333333333333 0.726875 0.4216666666666667 0.7275 0.41500000000000004 0.7237500000000001 0.4025 0.721875 0.3933333333333333 0.718125 0.38 0.7193750000000001 0.37583333333333335 0.7175 0.36916666666666664 0.7193750000000001 0.3683333333333333 0.726875 0.3716666666666667 0.74375
0 0.22333333333333333 0.5162500000000001 0.22416666666666668 0.5125 0.22166666666666668 0.514375 0.22333333333333333 0.5162500000000001
0 0.011666666666666667 0.524375 0.0125 0.535625 0.01583333333333333 0.540625 0.056666666666666664 0.55 0.0675 0.546875 0.07916666666666666 0.5475000000000001 0.095 0.5518750000000001 0.11916666666666667 0.546875 0.14750000000000002 0.546875 0.1525 0.5425000000000001 0.16583333333333333 0.54125 0.175 0.536875 0.18083333333333335 0.52875 0.1925 0.5231250000000001 0.2125 0.525 0.21916666666666665 0.515625 0.21000000000000002 0.496875 0.19583333333333333 0.49437500000000006 0.18916666666666665 0.490625 0.15666666666666668 0.48937500000000006 0.13083333333333333 0.480625 0.11750000000000001 0.480625 0.10500000000000001 0.48625000000000007 0.095 0.48500000000000004 0.08499999999999999 0.4875 0.07333333333333333 0.48687500000000006 0.06333333333333332 0.491875 0.05333333333333333 0.491875 0.043333333333333335 0.49750000000000005 0.02583333333333333 0.495 0.02 0.49812500000000004 0.008333333333333333 0.5112500000000001 0.006666666666666666 0.5175000000000001 0.011666666666666667 0.524375
0 0.6383333333333333 0.524375 0.6433333333333333 0.524375 0.6433333333333333 0.5331250000000001 0.6608333333333334 0.534375 0.6641666666666667 0.5362500000000001 0.675 0.535 0.6775 0.539375 0.6816666666666666 0.539375 0.6925 0.5362500000000001 0.6925 0.53125 0.6958333333333333 0.5331250000000001 0.7033333333333334 0.53125 0.71 0.5362500000000001 0.7133333333333333 0.5318750000000001 0.7166666666666667 0.534375 0.7183333333333334 0.5318750000000001 0.7224999999999999 0.53125 0.7541666666666667 0.5325 0.7575000000000001 0.530625 0.7625 0.5225000000000001 0.7675 0.5006250000000001 0.7649999999999999 0.495 0.7566666666666666 0.4875 0.755 0.47750000000000004 0.7508333333333332 0.47250000000000003 0.7274999999999999 0.47750000000000004 0.7233333333333334 0.473125 0.71 0.471875 0.7041666666666667 0.47625 0.7066666666666667 0.48375 0.6958333333333333 0.48500000000000004 0.6916666666666667 0.48250000000000004 0.6866666666666666 0.46187500000000004 0.6799999999999999 0.460625 0.6599999999999999 0.46749999999999997 0.6558333333333334 0.46749999999999997 0.6508333333333333 0.46312500000000006 0.6383333333333333 0.47375 0.6358333333333334 0.52 0.6383333333333333 0.524375
0 0.7233333333333334 0.45437500000000003 0.7180701754385965 0.45542763157894744 0.7241666666666666 0.4600000000000001 0.7233333333333334 0.45437500000000003
0 0.7108333333333333 0.45687500000000003 0.7091666666666667 0.4600000000000001 0.7125 0.46187500000000004 0.7166666666666667 0.4600000000000001 0.7174066091954023 0.4555603448275862 0.7108333333333333 0.45687500000000003
0 0.7166666666666667 0.6206250000000001 0.7175 0.61875 0.7133333333333333 0.6175 0.7108333333333333 0.619375 0.7166666666666667 0.6206250000000001
0 0.635 0.675 0.6333333333333333 0.686875 0.6366666666666666 0.6950000000000001 0.6358333333333334 0.7 0.6475 0.700625 0.6558333333333334 0.69375 0.6716666666666666 0.695625 0.6766666666666666 0.693125 0.6858333333333333 0.698125 0.6925 0.6975 0.7091666666666667 0.701875 0.7208333333333333 0.709375 0.72 0.7150000000000001 0.7283333333333333 0.7143750000000001 0.73 0.7081250000000001 0.7375 0.706875 0.7458333333333333 0.6975 0.7508333333333332 0.695625 0.7525 0.691875 0.7516666666666667 0.681875 0.7566666666666666 0.673125 0.755 0.660625 0.7575000000000001 0.63375 0.755 0.629375 0.7441666666666666 0.6300000000000001 0.7391666666666666 0.6375 0.7325 0.638125 0.7241666666666666 0.634375 0.72 0.635 0.7166666666666667 0.63125 0.7125 0.63125 0.7058333333333333 0.6275000000000001 0.6983333333333334 0.6268750000000001 0.6958333333333333 0.62375 0.6908333333333333 0.62375 0.69 0.6162500000000001 0.6849999999999999 0.6162500000000001 0.6783333333333333 0.619375 0.6783333333333333 0.6275000000000001 0.6508333333333333 0.62625 0.6433333333333333 0.6225 0.64 0.6168750000000001 0.6366666666666666 0.6168750000000001 0.6333333333333333 0.62375 0.6325000000000001 0.671875 0.635 0.675
0 0.6416666666666667 0.5675000000000001 0.6441666666666667 0.56875 0.6458333333333333 0.566875 0.6425 0.56375 0.645 0.56625 0.6416666666666667 0.5675000000000001
0 0.6416666666666667 0.52875 0.6383333333333333 0.5337500000000001 0.6408333333333334 0.5325 0.6441666666666667 0.534375 0.6383333333333333 0.5387500000000001 0.6391666666666667 0.5525 0.6408333333333334 0.555 0.6533333333333333 0.559375 0.6691666666666667 0.5575 0.6708333333333333 0.5537500000000001 0.6766666666666666 0.55 0.6741666666666666 0.546875 0.6766666666666666 0.545 0.7016666666666667 0.546875 0.705 0.55 0.7 0.560625 0.7066666666666667 0.56125 0.7133333333333333 0.5650000000000001 0.7266666666666667 0.5631250000000001 0.7358333333333333 0.5650000000000001 0.7408333333333333 0.5631250000000001 0.7483333333333333 0.56375 0.7516666666666667 0.556875 0.7575000000000001 0.5537500000000001 0.7625 0.5537500000000001 0.7641666666666667 0.55125 0.7666666666666667 0.5362500000000001 0.7616666666666666 0.5325 0.72 0.5325 0.7141666666666666 0.529375 0.7024999999999999 0.53125 0.6950000000000001 0.52875 0.6858333333333333 0.52875 0.6791666666666667 0.53125 0.6641666666666667 0.52625 0.6608333333333334 0.5331250000000001 0.6466666666666667 0.535 0.6425 0.528125 0.6466666666666667 0.525625 0.6408333333333334 0.521875 0.6383333333333333 0.5225000000000001 0.6375 0.5275000000000001 0.6416666666666667 0.52875
0 0.6266666666666667 0.8168750000000001 0.6716666666666666 0.828125 0.6858333333333333 0.8293750000000001 0.7166666666666667 0.838125 0.7408333333333333 0.840625 0.7408333333333333 0.82875 0.7441666666666666 0.820625 0.7424999999999999 0.8125 0.7408333333333333 0.8081250000000001 0.7341666666666666 0.80625 0.73 0.8025 0.7175 0.8012500000000001 0.7066666666666667 0.796875 0.6991666666666666 0.798125 0.6891666666666667 0.7931250000000001 0.6675 0.795625 0.6608333333333334 0.795 0.6475 0.789375 0.6366666666666666 0.790625 0.6333333333333333 0.785625 0.6275000000000001 0.7831250000000001 0.625 0.7862500000000001 0.6233333333333333 0.8137500000000001 0.6266666666666667 0.8168750000000001
0 0.8716666666666667 0.7456250000000001 0.8658333333333333 0.75875 0.8625 0.7612500000000001 0.86 0.775625 0.8683333333333334 0.784375 0.8683333333333334 0.8075000000000001 0.8724999999999999 0.813125 0.8858333333333333 0.8200000000000001 0.9183333333333333 0.825 0.93 0.8306250000000001 0.9341666666666667 0.835 0.9433333333333334 0.83625 0.9550000000000001 0.8425 0.9616666666666667 0.843125 0.97 0.8375 0.975 0.8375 0.9758333333333333 0.8418750000000002 0.9833333333333334 0.8450000000000001 0.9841666666666666 0.850625 0.9949999999999999 0.8556250000000001 0.9916666666666666 0.8724999999999999 0.9991666666666668 0.87375 0.9991666666666668 0.821875 0.9958333333333333 0.819375 0.9991666666666668 0.7975000000000001 0.9958333333333333 0.7931250000000001 0.9941666666666666 0.78 0.9958333333333333 0.766875 0.9991666666666668 0.764375 0.9991666666666668 0.7306250000000001 0.9958333333333333 0.7275 0.9966666666666667 0.72 0.9941666666666666 0.715625 0.9724999999999999 0.724375 0.9658333333333333 0.7212500000000001 0.9324999999999999 0.715625 0.9216666666666666 0.7143750000000001 0.9108333333333333 0.71625 0.9008333333333333 0.7125 0.8966666666666667 0.70875 0.8766666666666666 0.703125 0.8724999999999999 0.7050000000000001 0.8666666666666666 0.723125 0.8716666666666667 0.7375 0.8716666666666667 0.7456250000000001
0 0.485 0.58125 0.49000000000000005 0.58125 0.49416666666666664 0.5775 0.4925 0.575625 0.4841666666666667 0.575 0.485 0.58125
0 0.3725 0.52875 0.3725 0.5375 0.37666666666666665 0.5643750000000001 0.38333333333333336 0.5650000000000001 0.38666666666666666 0.5675000000000001 0.39416666666666667 0.5650000000000001 0.4025 0.56875 0.41083333333333333 0.5625 0.41833333333333333 0.566875 0.4216666666666667 0.566875 0.425 0.5631250000000001 0.42833333333333334 0.566875 0.43666666666666665 0.56375 0.44666666666666666 0.5643750000000001 0.4533333333333333 0.5625 0.46416666666666667 0.5643750000000001 0.47000000000000003 0.56875 0.49083333333333334 0.56875 0.5008333333333332 0.5787500000000001 0.505 0.5787500000000001 0.5108333333333334 0.5725 0.515 0.5743750000000001 0.5175 0.57125 0.5158333333333334 0.5675000000000001 0.52 0.5643750000000001 0.5258333333333333 0.5625 0.5291666666666667 0.5650000000000001 0.5358333333333334 0.559375 0.5441666666666667 0.56 0.5458333333333333 0.553125 0.5608333333333333 0.539375 0.5599999999999999 0.5331250000000001 0.5641666666666667 0.53125 0.5666666666666667 0.5206250000000001 0.5650000000000001 0.515 0.5591666666666667 0.513125 0.5525 0.50125 0.5375 0.503125 0.5291666666666667 0.49812500000000004 0.5158333333333334 0.5018750000000001 0.5091666666666667 0.49750000000000005 0.4966666666666667 0.496875 0.49083333333333334 0.49375 0.4766666666666667 0.495 0.4683333333333334 0.49312500000000004 0.45499999999999996 0.495 0.4458333333333333 0.490625 0.4258333333333333 0.49750000000000005 0.4116666666666666 0.496875 0.38416666666666666 0.504375 0.375 0.515 0.37583333333333335 0.52625 0.3725 0.52875
0 0.6325000000000001 0.675 0.6291666666666667 0.685 0.6316666666666666 0.703125 0.6458333333333333 0.7206250000000001 0.655 0.7212500000000001 0.6616666666666666 0.716875 0.6608333333333334 0.7143750000000001 0.6658333333333333 0.7100000000000001 0.6725 0.709375 0.6808333333333334 0.713125 0.7058333333333333 0.71375 0.7125 0.7175 0.7408333333333333 0.72 0.7483333333333333 0.724375 0.75 0.7225 0.755 0.68125 0.7474999999999999 0.67 0.7408333333333333 0.66875 0.7358333333333333 0.6725000000000001 0.7233333333333334 0.6725000000000001 0.7058333333333333 0.6775 0.6966666666666667 0.6775 0.6875 0.673125 0.6791666666666667 0.673125 0.6766666666666666 0.6681250000000001 0.6716666666666666 0.66875 0.6658333333333333 0.664375 0.6583333333333333 0.6625 0.6558333333333334 0.6625 0.6491666666666667 0.66875 0.6483333333333333 0.6612500000000001 0.6425 0.6575 0.6391666666666667 0.6575 0.63 0.666875 0.6291666666666667 0.67125 0.6325000000000001 0.675
0 0.5125 0.4987500000000001 0.52 0.50125 0.5291666666666667 0.50125 0.53 0.49750000000000005 0.5208333333333333 0.49375 0.515 0.49437500000000006 0.5116666666666666 0.496875 0.5125 0.4987500000000001
0 0.5658333333333333 0.51875 0.5616666666666666 0.5225000000000001 0.5599999999999999 0.52875 0.5599999999999999 0.5325 0.5633333333333332 0.535625 0.5650000000000001 0.555625 0.5599999999999999 0.56375 0.5641666666666667 0.57625 0.5633333333333332 0.5956250000000001 0.5675 0.60375 0.5708333333333333 0.60375 0.5741666666666666 0.6075 0.5816666666666667 0.608125 0.585 0.60625 0.5908333333333333 0.595 0.61 0.586875 0.6208333333333333 0.5850000000000001 0.6233333333333333 0.576875 0.6308333333333334 0.57125 0.63 0.5537500000000001 0.6333333333333333 0.5475000000000001 0.6341666666666667 0.5112500000000001 0.6325000000000001 0.49000000000000005 0.6275000000000001 0.484375 0.6208333333333333 0.484375 0.5891666666666666 0.49375 0.5741666666666666 0.495 0.5708333333333333 0.496875 0.5616666666666666 0.495 0.5549999999999999 0.49812500000000004 0.5558333333333334 0.5075000000000001 0.5658333333333333 0.51875
0 0.03833333333333333 0.76 0.035833333333333335 0.774375 0.03916666666666667 0.77875 0.03916666666666667 0.79 0.045 0.7993750000000001 0.042499999999999996 0.805 0.042499999999999996 0.8081250000000001 0.0475 0.8125 0.045 0.821875 0.05 0.8293750000000001 0.065 0.828125 0.08499999999999999 0.8331250000000001 0.09833333333333333 0.8393750000000001 0.10416666666666667 0.83375 0.10916666666666666 0.835 0.11000000000000001 0.83125 0.11750000000000001 0.8275 0.12916666666666668 0.835 0.13666666666666666 0.835 0.14166666666666666 0.8225 0.14416666666666667 0.8025 0.13833333333333334 0.779375 0.1375 0.76 0.13333333333333333 0.7525000000000001 0.13416666666666666 0.74375 0.10583333333333333 0.743125 0.1025 0.746875 0.09833333333333333 0.746875 0.09083333333333334 0.74 0.07833333333333334 0.74 0.07416666666666667 0.731875 0.0675 0.7325 0.06666666666666667 0.7375 0.057499999999999996 0.7412500000000001 0.05333333333333333 0.7418750000000001 0.043333333333333335 0.73875 0.03833333333333333 0.74 0.035833333333333335 0.744375 0.03833333333333333 0.76
0 0.7808333333333334 0.460625 0.7808333333333334 0.45875000000000005 0.7783333333333333 0.4600000000000001 0.7808333333333334 0.460625
0 0.7683333333333333 0.43624999999999997 0.7641666666666667 0.425 0.7575000000000001 0.42374999999999996 0.7616666666666666 0.43624999999999997 0.7683333333333333 0.43624999999999997
0 0.64 0.43875000000000003 0.6333333333333333 0.44312500000000005 0.6291666666666667 0.449375 0.6341666666666667 0.45499999999999996 0.6333333333333333 0.4600000000000001 0.64 0.465625 0.6375 0.479375 0.6408333333333334 0.48625000000000007 0.6516666666666666 0.48375 0.6591666666666667 0.48625000000000007 0.6741666666666666 0.48500000000000004 0.6908333333333333 0.48687500000000006 0.7058333333333333 0.48250000000000004 0.71 0.48875 0.7233333333333334 0.49375 0.7383333333333333 0.49250000000000005 0.745 0.48875 0.7466666666666667 0.48125 0.7516666666666667 0.48187500000000005 0.755 0.47875000000000006 0.7616666666666666 0.46312500000000006 0.7683333333333333 0.4575 0.7725 0.460625 0.7741666666666667 0.458125 0.7725 0.45375000000000004 0.7675 0.45499999999999996 0.7649999999999999 0.453125 0.77 0.449375 0.7683333333333333 0.445625 0.7708333333333333 0.4425 0.7641666666666667 0.44125000000000003 0.7575000000000001 0.44375 0.75 0.43562500000000004 0.7516666666666667 0.43187500000000006 0.7483333333333333 0.436875 0.7441666666666666 0.436875 0.7341666666666666 0.42312500000000003 0.7266666666666667 0.418125 0.7224999999999999 0.418125 0.7133333333333333 0.42562500000000003 0.71 0.42250000000000004 0.6983333333333334 0.41875 0.6916666666666667 0.42000000000000004 0.6849999999999999 0.418125 0.6775 0.42312500000000003 0.6716666666666666 0.42125 0.6683333333333333 0.426875 0.6533333333333333 0.418125 0.6483333333333333 0.42437500000000006 0.6433333333333333 0.42312500000000003 0.6441666666666667 0.41937500000000005 0.6416666666666667 0.42312500000000003 0.635 0.42625 0.6391666666666667 0.43187500000000006 0.64 0.43875000000000003
0 0.6921875 0.415625 0.00078125 0.00078125
0 0.7666666666666667 0.6 0.7633333333333333 0.608125 0.7633333333333333 0.6225 0.7683333333333333 0.6300000000000001 0.7883333333333333 0.629375 0.8041666666666666 0.63125 0.8141666666666666 0.635 0.8291666666666666 0.634375 0.8441666666666666 0.638125 0.8583333333333334 0.635625 0.865 0.638125 0.8691666666666666 0.6375 0.8758333333333332 0.62375 0.8716666666666667 0.609375 0.8766666666666666 0.6 0.8783333333333333 0.581875 0.8916666666666666 0.575 0.8925000000000001 0.570625 0.89 0.56875 0.8716666666666667 0.5700000000000001 0.8641666666666665 0.56625 0.8558333333333333 0.56625 0.8516666666666666 0.56875 0.8391666666666666 0.5631250000000001 0.8308333333333333 0.5643750000000001 0.8091666666666667 0.560625 0.8041666666666666 0.5643750000000001 0.7966666666666666 0.565625 0.7883333333333333 0.5725 0.7866666666666666 0.566875 0.7899999999999999 0.560625 0.7825 0.559375 0.7741666666666667 0.5643750000000001 0.7783333333333333 0.570625 0.7725 0.57125 0.7683333333333333 0.575625 0.7633333333333333 0.5875 0.7666666666666667 0.6
0 0.7341666666666666 0.635 0.7408333333333333 0.633125 0.7408333333333333 0.6300000000000001 0.73 0.63125 0.7291666666666667 0.633125 0.7341666666666666 0.635
0 0.6391666666666667 0.6225 0.6466666666666667 0.62625 0.6608333333333334 0.623125 0.6683333333333333 0.62625 0.675 0.6225 0.6783333333333333 0.615625 0.705 0.61875 0.7041666666666667 0.62625 0.71 0.630625 0.7141666666666666 0.6300000000000001 0.715 0.625 0.7125 0.623125 0.7158333333333333 0.6225 0.72 0.6175 0.7233333333333334 0.619375 0.7341666666666666 0.619375 0.7391666666666666 0.62375 0.7441666666666666 0.625 0.7558333333333334 0.624375 0.7608333333333334 0.619375 0.7616666666666666 0.6006250000000001 0.7583333333333333 0.595 0.7358333333333333 0.5856250000000001 0.7191666666666666 0.58625 0.6991666666666666 0.58125 0.675 0.5800000000000001 0.6666666666666667 0.5775 0.6583333333333333 0.5806250000000001 0.655 0.588125 0.6516666666666666 0.58875 0.6466666666666667 0.5850000000000001 0.6475 0.5806250000000001 0.6441666666666667 0.57625 0.64 0.59125 0.6383333333333333 0.618125 0.6391666666666667 0.6225
0 0.5558333333333334 0.8387500000000001 0.5566666666666666 0.8575000000000002 0.5625 0.865625 0.5716666666666667 0.8668750000000001 0.5808333333333333 0.8606250000000001 0.5958333333333333 0.8400000000000001 0.6216666666666667 0.8143750000000001 0.6233333333333333 0.803125 0.6208333333333333 0.7975000000000001 0.6191666666666666 0.77375 0.615 0.77375 0.6025 0.7831250000000001 0.5958333333333333 0.785625 0.5925 0.7931250000000001 0.5775 0.805625 0.5675 0.80625 0.5641666666666667 0.80375 0.5641666666666667 0.8006249999999999 0.5608333333333333 0.806875 0.5616666666666666 0.8175000000000001 0.5558333333333334 0.8387500000000001
0 0.6366666666666666 0.6425000000000001 0.6458333333333333 0.640625 0.6658333333333333 0.6412500000000001 0.6808333333333334 0.64625 0.7108333333333333 0.6481250000000001 0.7158333333333333 0.650625 0.7241666666666666 0.649375 0.7341666666666666 0.654375 0.7416666666666667 0.654375 0.7516666666666667 0.6581250000000001 0.7541666666666667 0.6568750000000001 0.755 0.64875 0.7608333333333334 0.6368750000000001 0.7575000000000001 0.6268750000000001 0.76 0.601875 0.7583333333333333 0.598125 0.7516666666666667 0.595 0.7508333333333332 0.591875 0.74 0.588125 0.7474999999999999 0.595 0.7483333333333333 0.5987500000000001 0.745 0.6012500000000001 0.7408333333333333 0.6006250000000001 0.7375 0.603125 0.7316666666666667 0.6012500000000001 0.7241666666666666 0.598125 0.7283333333333333 0.595 0.7266666666666667 0.59375 0.7208333333333333 0.6006250000000001 0.7166666666666667 0.6006250000000001 0.7066666666666667 0.595 0.7058333333333333 0.588125 0.6991666666666666 0.590625 0.6941666666666666 0.588125 0.69 0.58125 0.6841666666666667 0.581875 0.6833333333333333 0.588125 0.6808333333333334 0.58875 0.675 0.58625 0.6683333333333333 0.5787500000000001 0.6533333333333333 0.5806250000000001 0.65 0.5787500000000001 0.65 0.575 0.6408333333333334 0.5700000000000001 0.6333333333333333 0.586875 0.6341666666666667 0.6368750000000001 0.6366666666666666 0.6425000000000001
0 0.6516666666666666 0.47000000000000003 0.6483333333333333 0.47750000000000004 0.6525 0.480625 0.6599999999999999 0.4831250000000001 0.6816666666666666 0.4831250000000001 0.6849999999999999 0.48562500000000003 0.6958333333333333 0.48375 0.6991666666666666 0.4800000000000001 0.7058333333333333 0.480625 0.7091666666666667 0.4875 0.7241666666666666 0.49375 0.7391666666666666 0.49250000000000005 0.7458333333333333 0.49000000000000005 0.755 0.484375 0.7616666666666666 0.4756250000000001 0.775 0.475 0.7791666666666667 0.480625 0.7783333333333333 0.476875 0.7958333333333333 0.476875 0.8025 0.46937500000000004 0.8150000000000001 0.465625 0.8150000000000001 0.460625 0.8099999999999999 0.453125 0.8133333333333332 0.45 0.8116666666666668 0.44750000000000006 0.8033333333333333 0.446875 0.8 0.4443750000000001 0.7958333333333333 0.44750000000000006 0.7891666666666667 0.43937499999999996 0.7783333333333333 0.43937499999999996 0.7741666666666667 0.43375 0.7733333333333333 0.42437500000000006 0.7691666666666667 0.42000000000000004 0.7649999999999999 0.418125 0.7533333333333333 0.42062499999999997 0.7441666666666666 0.4325 0.7366666666666666 0.42374999999999996 0.7291666666666667 0.42125 0.7341666666666666 0.416875 0.7341666666666666 0.41375 0.73 0.41375 0.7291666666666667 0.418125 0.7241666666666666 0.41875 0.7141666666666666 0.42750000000000005 0.7083333333333333 0.42374999999999996 0.6925 0.4287500000000001 0.6950000000000001 0.43062500000000004 0.6941666666666666 0.43875000000000003 0.69 0.445625 0.6925 0.45187499999999997 0.6858333333333333 0.45625 0.6816666666666666 0.45375000000000004 0.6741666666666666 0.45499999999999996 0.6691666666666667 0.45875000000000005 0.6616666666666666 0.45687500000000003 0.6575 0.45875000000000005 0.65 0.45625 0.6475 0.46125 0.6516666666666666 0.47000000000000003
0 0.925 0.6143750000000001 0.9283333333333333 0.61375 0.9316666666666666 0.60875 0.9283333333333333 0.606875 0.9233333333333332 0.608125 0.9216666666666666 0.6118750000000001 0.925 0.6143750000000001
0 0.8933333333333333 0.606875 0.9 0.60625 0.9033333333333333 0.6025 0.8949999999999999 0.6 0.8908333333333334 0.6012500000000001 0.89 0.6050000000000001 0.8933333333333333 0.606875
0 0.9941666666666666 0.58625 0.9933333333333334 0.584375 0.9916666666666666 0.5850000000000001 0.9941666666666666 0.58625
0 0.9016666666666666 0.586875 0.8941666666666667 0.5875 0.8933333333333333 0.5893750000000001 0.9041666666666666 0.5956250000000001 0.9075 0.593125 0.9125 0.59375 0.9141666666666666 0.59125 0.9199999999999999 0.591875 0.9166666666666666 0.595 0.9275 0.595 0.9316666666666666 0.59125 0.9383333333333332 0.595 0.9433333333333334 0.595 0.9516666666666665 0.5900000000000001 0.9566666666666667 0.5775 0.9666666666666666 0.58125 0.9666666666666666 0.591875 0.9733333333333333 0.598125 0.9875 0.59125 0.99 0.588125 0.99 0.578125 0.9991666666666668 0.5693750000000001 0.9966666666666667 0.544375 0.9875 0.5387500000000001 0.9716666666666667 0.539375 0.9616666666666667 0.54375 0.9583333333333334 0.539375 0.9516666666666665 0.5362500000000001 0.9425000000000001 0.5362500000000001 0.9166666666666666 0.5493750000000001 0.9075 0.56375 0.8991666666666667 0.57125 0.8983333333333332 0.5787500000000001 0.9016666666666666 0.586875
0 0.13833333333333334 0.633125 0.13999999999999999 0.6481250000000001 0.15083333333333332 0.6475000000000001 0.15583333333333332 0.6368750000000001 0.16083333333333333 0.635 0.16416666666666666 0.638125 0.185 0.6431250000000001 0.2125 0.655 0.2375 0.65625 0.24416666666666664 0.65125 0.2533333333333333 0.6518750000000001 0.2816666666666666 0.6425000000000001 0.29 0.6431250000000001 0.30416666666666664 0.639375 0.31333333333333335 0.634375 0.33333333333333337 0.6318750000000001 0.33666666666666667 0.62875 0.34833333333333333 0.6256250000000001 0.35583333333333333 0.6162500000000001 0.35416666666666663 0.6056250000000001 0.35666666666666663 0.595 0.3516666666666667 0.581875 0.3408333333333333 0.568125 0.3258333333333333 0.568125 0.3091666666666667 0.5625 0.2808333333333333 0.5587500000000001 0.2725 0.5625 0.25083333333333335 0.56125 0.24416666666666664 0.56375 0.23166666666666663 0.56375 0.22000000000000003 0.5700000000000001 0.21166666666666667 0.570625 0.2033333333333333 0.5743750000000001 0.19583333333333333 0.5743750000000001 0.18166666666666667 0.579375 0.16583333333333333 0.5806250000000001 0.14333333333333334 0.58875 0.1375 0.5956250000000001 0.13416666666666666 0.608125 0.13333333333333333 0.6268750000000001 0.13833333333333334 0.633125
0 0.32166666666666666 0.48875 0.32166666666666666 0.49437500000000006 0.32416666666666666 0.4956250000000001 0.32416666666666666 0.490625 0.3283333333333333 0.48875 0.3275 0.4800000000000001 0.31666666666666665 0.479375 0.31666666666666665 0.484375 0.32166666666666666 0.48875
0 0.31083333333333335 0.476875 0.31166666666666665 0.47062499999999996 0.3091666666666667 0.47000000000000003 0.30833333333333335 0.47437500000000005 0.31083333333333335 0.476875
0 0.328125 0.46640625 0.00078125 0.0015625
0 0.33416666666666667 0.464375 0.335 0.46625000000000005 0.33999999999999997 0.4600000000000001 0.335 0.45875000000000005 0.3383333333333333 0.46125 0.33416666666666667 0.464375
0 0.475 0.4525 0.47333333333333333 0.449375 0.4725 0.453125 0.475 0.4525
0 0.34833333333333333 0.44875 0.35 0.445625 0.3458333333333333 0.441875 0.3383333333333333 0.4425 0.33916666666666667 0.44750000000000006 0.34833333333333333 0.44875
0 0.43 0.43875000000000003 0.4225 0.43812500000000004 0.425 0.445625 0.43 0.43875000000000003
0 0.35083333333333333 0.50375 0.37 0.50375 0.37666666666666665 0.5075000000000001 0.38583333333333336 0.50125 0.40083333333333326 0.49625 0.4258333333333333 0.495 0.445 0.4875 0.44749999999999995 0.48187500000000005 0.4425 0.47250000000000003 0.4525 0.471875 0.4683333333333334 0.459375 0.4666666666666667 0.4575 0.45999999999999996 0.458125 0.44666666666666666 0.44750000000000006 0.44000000000000006 0.45187499999999997 0.43499999999999994 0.449375 0.43166666666666664 0.45125000000000004 0.42416666666666664 0.45125000000000004 0.4175 0.45687500000000003 0.41 0.449375 0.4083333333333333 0.44312500000000005 0.40499999999999997 0.441875 0.4066666666666666 0.43937499999999996 0.3883333333333333 0.43562500000000004 0.37416666666666665 0.43812500000000004 0.3725 0.440625 0.36916666666666664 0.43875000000000003 0.37666666666666665 0.4443750000000001 0.38666666666666666 0.445 0.39249999999999996 0.453125 0.3875 0.45437500000000003 0.38333333333333336 0.45187499999999997 0.37916666666666665 0.45499999999999996 0.37083333333333335 0.45437500000000003 0.36583333333333334 0.459375 0.36666666666666664 0.465 0.36 0.47375 0.3516666666666667 0.47875000000000006 0.34833333333333333 0.47625 0.32999999999999996 0.4912500000000001 0.33166666666666667 0.4987500000000001 0.35083333333333333 0.50375
0 0.5108333333333334 0.49812500000000004 0.5183333333333333 0.5025000000000001 0.5308333333333334 0.50125 0.5316666666666666 0.49750000000000005 0.5358333333333334 0.4956250000000001 0.5225 0.490625 0.5125 0.49250000000000005 0.51 0.49437500000000006 0.5108333333333334 0.49812500000000004
0 0.4791666666666667 0.4912500000000001 0.4766666666666667 0.49000000000000005 0.47333333333333333 0.4912500000000001 0.4791666666666667 0.4912500000000001
0 0.5808333333333333 0.491875 0.5708333333333333 0.495 0.5533333333333333 0.49437500000000006 0.5549999999999999 0.505625 0.5683333333333334 0.5181250000000001 0.575 0.534375 0.585 0.5362500000000001 0.5925 0.525625 0.6058333333333333 0.5181250000000001 0.6125 0.52 0.6258333333333332 0.5175000000000001 0.63 0.51875 0.6308333333333334 0.508125 0.635 0.5018750000000001 0.6341666666666667 0.4875 0.6291666666666667 0.48250000000000004 0.6183333333333334 0.48250000000000004 0.5891666666666666 0.491875 0.5808333333333333 0.491875
0 0.155 0.920625 0.15916666666666665 0.925 0.22749999999999998 0.9568749999999999 0.23666666666666666 0.9631250000000001 0.26166666666666666 0.9731250000000001 0.2791666666666667 0.9650000000000001 0.31083333333333335 0.9400000000000001 0.3433333333333333 0.921875 0.36333333333333334 0.9075000000000001 0.3675 0.9 0.36416666666666664 0.8931250000000001 0.365 0.8800000000000001 0.3616666666666667 0.875625 0.3516666666666667 0.8762500000000001 0.3416666666666667 0.884375 0.32999999999999996 0.8862500000000001 0.31416666666666665 0.8981250000000001 0.3091666666666667 0.89875 0.2991666666666667 0.9043750000000002 0.28833333333333333 0.914375 0.27666666666666667 0.9168750000000001 0.27083333333333337 0.928125 0.2633333333333333 0.93125 0.25 0.93 0.24500000000000002 0.9275 0.23833333333333334 0.93 0.22333333333333333 0.92875 0.22166666666666668 0.921875 0.21583333333333332 0.915625 0.22000000000000003 0.9075000000000001 0.21083333333333334 0.9075000000000001 0.2058333333333333 0.9037499999999999 0.19583333333333333 0.9025000000000001 0.19166666666666668 0.8981250000000001 0.1925 0.89375 0.185 0.8950000000000001 0.1825 0.9 0.175 0.9025000000000001 0.17166666666666666 0.9 0.1675 0.900625 0.16416666666666666 0.89625 0.16083333333333333 0.89875 0.1575 0.8975 0.15666666666666668 0.9012500000000001 0.15416666666666667 0.915 0.155 0.920625
0 0.8641666666666665 0.71875 0.8658333333333333 0.73875 0.8724999999999999 0.7462500000000001 0.8841666666666667 0.7462500000000001 0.9041666666666666 0.7550000000000001 0.9283333333333333 0.7462500000000001 0.9358333333333333 0.754375 0.9491666666666667 0.753125 0.9558333333333333 0.7625 0.9841666666666666 0.765 0.9875 0.766875 0.9991666666666668 0.764375 0.9991666666666668 0.7306250000000001 0.9966666666666667 0.728125 0.9941666666666666 0.7143750000000001 0.99 0.71375 0.9800000000000001 0.72 0.97 0.721875 0.9525 0.718125 0.9491666666666667 0.7125 0.9283333333333333 0.71375 0.9141666666666666 0.711875 0.9066666666666666 0.7100000000000001 0.9041666666666666 0.70625 0.9008333333333333 0.706875 0.8975 0.701875 0.8891666666666665 0.704375 0.8841666666666667 0.7037500000000001 0.8783333333333333 0.6975 0.8766666666666666 0.691875 0.8724999999999999 0.691875 0.8724999999999999 0.7025 0.8641666666666665 0.71875
0 0.7575000000000001 0.6925000000000001 0.7616666666666666 0.6993750000000001 0.7866666666666666 0.704375 0.805 0.703125 0.8474999999999999 0.71375 0.8566666666666667 0.713125 0.8616666666666667 0.7100000000000001 0.86 0.7025 0.865 0.690625 0.8666666666666666 0.678125 0.8733333333333333 0.669375 0.8716666666666667 0.6637500000000001 0.8658333333333333 0.6575 0.8658333333333333 0.641875 0.8483333333333333 0.641875 0.8283333333333334 0.6375 0.82 0.639375 0.8150000000000001 0.6362500000000001 0.8066666666666666 0.635625 0.7983333333333333 0.6368750000000001 0.7983333333333333 0.640625 0.7933333333333333 0.6431250000000001 0.7883333333333333 0.640625 0.7916666666666667 0.6368750000000001 0.7899999999999999 0.6325000000000001 0.7683333333333333 0.630625 0.7591666666666667 0.650625 0.76 0.671875 0.7575000000000001 0.6925000000000001
0 0.6683333333333333 0.7862500000000001 0.6666666666666667 0.785 0.6633333333333333 0.7862500000000001 0.6683333333333333 0.7862500000000001
0 0.625 0.763125 0.6308333333333334 0.7725000000000001 0.6316666666666666 0.77875 0.6383333333333333 0.784375 0.6591666666666667 0.784375 0.6625 0.78 0.6683333333333333 0.7818750000000001 0.6816666666666666 0.778125 0.7024999999999999 0.780625 0.7175 0.7862500000000001 0.7391666666666666 0.786875 0.7458333333333333 0.785 0.7525 0.775 0.7525 0.7618750000000001 0.7474999999999999 0.75375 0.74 0.75375 0.73 0.75 0.6958333333333333 0.74875 0.6775 0.745 0.6708333333333333 0.740625 0.6683333333333333 0.734375 0.6575 0.73875 0.6366666666666666 0.7393750000000001 0.6333333333333333 0.7425 0.63 0.7418750000000001 0.6266666666666667 0.746875 0.6283333333333333 0.7518750000000001 0.625 0.763125
0 0.17166666666666666 0.8868750000000001 0.16833333333333333 0.8862500000000001 0.16583333333333333 0.8868750000000001 0.17166666666666666 0.8868750000000001
0 0.1575 0.874375 0.1675 0.874375 0.175 0.8793750000000001 0.18166666666666667 0.8793750000000001 0.20750000000000002 0.8875 0.21749999999999997 0.896875 0.2525 0.909375 0.265 0.9087500000000001 0.275 0.89875 0.28250000000000003 0.896875 0.28583333333333333 0.8981250000000001 0.29416666666666663 0.8943749999999999 0.30333333333333334 0.8862500000000001 0.31416666666666665 0.8856250000000001 0.32166666666666666 0.8787499999999999 0.325 0.8787499999999999 0.3275 0.88375 0.335 0.88375 0.3383333333333333 0.880625 0.3416666666666667 0.88125 0.33916666666666667 0.8762500000000001 0.345 0.868125 0.3525 0.8731250000000002 0.35583333333333333 0.8731250000000002 0.3625 0.8675 0.36 0.85625 0.36333333333333334 0.85 0.3625 0.809375 0.35583333333333333 0.8 0.3466666666666667 0.8006249999999999 0.3408333333333333 0.79625 0.3275 0.796875 0.32 0.795 0.31666666666666665 0.8 0.3175 0.8043750000000001 0.31333333333333335 0.8087500000000001 0.28250000000000003 0.8143750000000001 0.2783333333333333 0.82125 0.26916666666666667 0.828125 0.24833333333333335 0.8325000000000001 0.22749999999999998 0.825 0.22083333333333335 0.8175000000000001 0.21000000000000002 0.8125 0.19916666666666666 0.81125 0.19583333333333333 0.8081250000000001 0.1925 0.809375 0.18583333333333335 0.8075000000000001 0.18 0.803125 0.16833333333333333 0.8043750000000001 0.15666666666666668 0.8006249999999999 0.15333333333333332 0.80375 0.15333333333333332 0.8175000000000001 0.14583333333333331 0.8262500000000002 0.14916666666666667 0.859375 0.1575 0.874375
0 0.24833333333333335 0.496875 0.255 0.496875 0.25916666666666666 0.49375 0.265 0.496875 0.27749999999999997 0.4956250000000001 0.28500000000000003 0.4987500000000001 0.2991666666666667 0.4987500000000001 0.30333333333333334 0.5006250000000001 0.3183333333333333 0.4987500000000001 0.3308333333333333 0.5018750000000001 0.335 0.5006250000000001 0.34833333333333333 0.5075000000000001 0.35583333333333333 0.505625 0.3625 0.508125 0.36916666666666664 0.504375 0.37666666666666665 0.50625 0.38666666666666666 0.499375 0.39916666666666667 0.4956250000000001 0.41500000000000004 0.49312500000000004 0.4225 0.49437500000000006 0.44000000000000006 0.48812500000000003 0.44416666666666665 0.480625 0.4375 0.47000000000000003 0.4416666666666667 0.46687500000000004 0.4491666666666666 0.46687500000000004 0.45499999999999996 0.46312500000000006 0.4458333333333333 0.44875 0.4425 0.45062500000000005 0.4383333333333333 0.448125 0.43499999999999994 0.44875 0.43166666666666664 0.45562500000000006 0.4225 0.45062500000000005 0.41833333333333333 0.445625 0.4216666666666667 0.4425 0.425 0.44375 0.42833333333333334 0.43875000000000003 0.4216666666666667 0.43812500000000004 0.41500000000000004 0.4443750000000001 0.40750000000000003 0.4425 0.40083333333333326 0.44875 0.3983333333333333 0.4425 0.40083333333333326 0.43937499999999996 0.3975 0.44000000000000006 0.3908333333333333 0.43624999999999997 0.38333333333333336 0.43562500000000004 0.36916666666666664 0.43875000000000003 0.3525 0.43875000000000003 0.32 0.4425 0.3 0.44875 0.2658333333333333 0.453125 0.26166666666666666 0.46312500000000006 0.25166666666666665 0.45375000000000004 0.24833333333333335 0.45437500000000003 0.24500000000000002 0.45625 0.25416666666666665 0.4600000000000001 0.2525 0.46625000000000005 0.24500000000000002 0.468125 0.2375 0.478125 0.2375 0.48687500000000006 0.24833333333333335 0.496875