0 0.19833333333333333 0.9943750000000001 0.19666666666666666 0.9925 0.18583333333333335 0.9918750000000001 0.185 0.99 0.18166666666666667 0.993125 0.18083333333333335 0.9943750000000001 0.19833333333333333 0.9943750000000001
0 0.1775 0.9762500000000001 0.1825 0.9881250000000001 0.185 0.9862500000000001 0.1925 0.9881250000000001 0.20249999999999999 0.9862500000000001 0.20666666666666664 0.9943750000000001 0.21000000000000002 0.9962500000000001 0.2925 0.9962500000000001 0.29833333333333334 0.9925 0.3058333333333333 0.9956250000000001 0.31083333333333335 0.9943750000000001 0.3258333333333333 0.9962500000000001 0.32916666666666666 0.9943750000000001 0.32666666666666666 0.9850000000000001 0.3308333333333333 0.9825000000000002 0.33249999999999996 0.978125 0.33416666666666667 0.9325000000000001 0.32083333333333336 0.9256249999999999 0.31 0.9262500000000001 0.30666666666666664 0.9193749999999999 0.3 0.91875 0.2966666666666667 0.9256249999999999 0.28583333333333333 0.9243750000000001 0.28250000000000003 0.9275 0.26083333333333336 0.9275 0.25833333333333336 0.93125 0.2525 0.92875 0.24833333333333335 0.9325000000000001 0.2375 0.9262500000000001 0.22333333333333333 0.9256249999999999 0.21416666666666667 0.93 0.21083333333333334 0.93625 0.18833333333333332 0.9412499999999999 0.17666666666666667 0.9481250000000001 0.175 0.9575000000000001 0.1775 0.9762500000000001
0 0.21000000000000002 0.911875 0.20916666666666667 0.909375 0.20666666666666664 0.9112500000000001 0.21000000000000002 0.911875
0 0.22583333333333333 0.9099999999999999 0.23166666666666663 0.906875 0.23666666666666666 0.9087500000000001 0.23500000000000001 0.90625 0.2375 0.9043750000000002 0.22416666666666668 0.906875 0.22333333333333333 0.9087500000000001 0.22583333333333333 0.9099999999999999
0 0.33166666666666667 0.9025000000000001 0.33333333333333337 0.9 0.32999999999999996 0.8975 0.32916666666666666 0.900625 0.33166666666666667 0.9025000000000001
0 0.22333333333333333 0.8981250000000001 0.22416666666666668 0.89625 0.22083333333333335 0.8975 0.22333333333333333 0.8981250000000001
0 0.3175 0.8943749999999999 0.31666666666666665 0.8931250000000001 0.315 0.89375 0.3175 0.8943749999999999
0 0.26484375 0.890625 0.00078125 0.00078125
0 0.18416666666666665 0.996875 0.20249999999999999 0.9962500000000001 0.2058333333333333 0.999375 0.20750000000000002 0.9975000000000002 0.21333333333333332 0.999375 0.21583333333333332 0.996875 0.23333333333333334 0.9962500000000001 0.2966666666666667 0.996875 0.30416666666666664 0.99375 0.305 0.9956250000000001 0.31166666666666665 0.9943750000000001 0.32166666666666666 0.9962500000000001 0.3283333333333333 0.9943750000000001 0.33416666666666667 0.9775 0.3308333333333333 0.96125 0.32083333333333336 0.9568749999999999 0.30083333333333334 0.9568749999999999 0.29416666666666663 0.9550000000000001 0.2658333333333333 0.9606250000000001 0.2558333333333333 0.9600000000000002 0.255 0.95625 0.25166666666666665 0.95625 0.24833333333333335 0.959375 0.24416666666666664 0.95625 0.2375 0.9556250000000001 0.225 0.959375 0.22000000000000003 0.9581250000000001 0.21916666666666665 0.9637500000000001 0.21416666666666667 0.9668750000000002 0.19749999999999998 0.9712500000000001 0.18916666666666665 0.9706250000000001 0.1775 0.976875 0.1775 0.9943750000000001 0.18416666666666665 0.996875
0 0.5291666666666667 0.9425000000000001 0.5283333333333333 0.940625 0.525 0.9425000000000001 0.5291666666666667 0.9425000000000001
0 0.5441666666666667 0.9387500000000001 0.5433333333333333 0.936875 0.5391666666666667 0.9375 0.5366666666666666 0.9387500000000001 0.5441666666666667 0.9387500000000001
0 0.5616666666666666 0.9349999999999999 0.5599999999999999 0.9325000000000001 0.5566666666666666 0.9337500000000001 0.5583333333333333 0.9387500000000001 0.5616666666666666 0.9349999999999999
0 0.5008333333333332 0.82875 0.505 0.8318749999999999 0.5108333333333334 0.8300000000000001 0.5083333333333333 0.8168750000000001 0.505 0.818125 0.5008333333333332 0.8243750000000001 0.5008333333333332 0.82875
0 0.4875 0.915625 0.49000000000000005 0.9168750000000001 0.4875 0.91875 0.4958333333333333 0.9325000000000001 0.5 0.934375 0.5108333333333334 0.9325000000000001 0.5191666666666667 0.9337500000000001 0.5258333333333333 0.930625 0.5366666666666666 0.931875 0.5441666666666667 0.93 0.5616666666666666 0.93 0.5641666666666667 0.9256249999999999 0.5641666666666667 0.9075000000000001 0.5700000000000001 0.89 0.5691666666666666 0.8731250000000002 0.5733333333333334 0.8450000000000001 0.5691666666666666 0.838125 0.5683333333333334 0.828125 0.5725 0.8243750000000001 0.5725 0.820625 0.5666666666666667 0.818125 0.5650000000000001 0.813125 0.5566666666666666 0.8099999999999999 0.5599999999999999 0.80625 0.5683333333333334 0.8075000000000001 0.5708333333333333 0.805625 0.5758333333333333 0.8081250000000001 0.5741666666666666 0.8025 0.5541666666666667 0.8 0.5541666666666667 0.79625 0.5491666666666666 0.8006249999999999 0.5466666666666666 0.7987500000000001 0.5433333333333333 0.8006249999999999 0.5258333333333333 0.8006249999999999 0.5166666666666667 0.7881250000000001 0.5116666666666666 0.7881250000000001 0.5091666666666667 0.79375 0.515 0.80375 0.5116666666666666 0.805 0.5108333333333334 0.8087500000000001 0.515 0.8099999999999999 0.5158333333333334 0.8125 0.5116666666666666 0.8143750000000001 0.5175 0.8137500000000001 0.5225 0.8175000000000001 0.5183333333333333 0.818125 0.5133333333333333 0.83125 0.5225 0.83125 0.5275000000000001 0.838125 0.5158333333333334 0.8462500000000001 0.51 0.8450000000000001 0.5008333333333332 0.8474999999999999 0.5008333333333332 0.8556250000000001 0.49749999999999994 0.85875 0.49749999999999994 0.8800000000000001 0.48916666666666664 0.8881249999999999 0.49083333333333334 0.90625 0.4875 0.915625
0 0.5391666666666667 0.846875 0.5358333333333334 0.84375 0.5358333333333334 0.846875 0.5391666666666667 0.846875
0 0.5675 0.8387500000000001 0.5633333333333332 0.8375 0.5608333333333333 0.838125 0.5675 0.8387500000000001
0 0.5016666666666667 0.83625 0.5016666666666667 0.8400000000000001 0.5041666666666667 0.8487500000000001 0.515 0.8512500000000001 0.5175 0.84375 0.5258333333333333 0.8474999999999999 0.5291666666666667 0.8412499999999999 0.5258333333333333 0.834375 0.5191666666666667 0.83625 0.5116666666666666 0.834375 0.5083333333333333 0.8375 0.5016666666666667 0.83625
0 0.5671875 0.7828125 0.0015625 0.00078125
0 0.48666666666666664 0.7568750000000001 0.49333333333333335 0.765 0.5016666666666667 0.785625 0.505 0.7875 0.5125 0.784375 0.5133333333333333 0.778125 0.5175 0.775 0.5650000000000001 0.77375 0.5716666666666667 0.775 0.5808333333333333 0.780625 0.5841666666666667 0.7768750000000001 0.5891666666666666 0.765 0.5891666666666666 0.7568750000000001 0.5866666666666667 0.7475 0.5816666666666667 0.74375 0.54 0.743125 0.505 0.7456250000000001 0.49416666666666664 0.744375 0.48916666666666664 0.738125 0.4841666666666667 0.7368750000000001 0.4833333333333333 0.74375 0.48666666666666664 0.7568750000000001
0 0.17416666666666666 0.9125 0.17666666666666667 0.915 0.175 0.91625 0.18166666666666667 0.9125 0.18666666666666668 0.914375 0.19166666666666668 0.9099999999999999 0.19916666666666666 0.915625 0.20249999999999999 0.913125 0.20666666666666664 0.914375 0.21333333333333332 0.9099999999999999 0.21749999999999997 0.9137500000000001 0.21416666666666667 0.925 0.20249999999999999 0.930625 0.205 0.9356250000000002 0.20249999999999999 0.9412499999999999 0.19833333333333333 0.943125 0.18833333333333332 0.9393750000000001 0.18333333333333332 0.9418750000000001 0.18333333333333332 0.9506249999999999 0.17833333333333332 0.9506249999999999 0.18166666666666667 0.951875 0.17833333333333332 0.9540625 0.18083333333333335 0.9543750000000001 0.17833333333333332 0.9575000000000001 0.18333333333333332 0.9568749999999999 0.18666666666666668 0.9600000000000002 0.18 0.9631250000000001 0.17916666666666667 0.9706250000000001 0.18166666666666667 0.971875 0.1925 0.9668750000000002 0.20416666666666666 0.9668750000000002 0.20750000000000002 0.9637500000000001 0.20750000000000002 0.95875 0.21416666666666667 0.959375 0.21666666666666665 0.9662500000000002 0.21916666666666665 0.9643750000000001 0.22666666666666666 0.9650000000000001 0.22916666666666666 0.9606250000000001 0.22583333333333333 0.951875 0.2225 0.95 0.23166666666666663 0.945625 0.23583333333333334 0.945625 0.24 0.9575000000000001 0.24416666666666664 0.9606250000000001 0.2533333333333333 0.951875 0.25833333333333336 0.95375 0.26 0.9581250000000001 0.265 0.95625 0.27 0.959375 0.2791666666666667 0.95625 0.28250000000000003 0.9506249999999999 0.28583333333333333 0.951875 0.2925 0.95 0.2991666666666667 0.953125 0.315 0.953125 0.3275 0.95 0.32999999999999996 0.943125 0.3275 0.934375 0.32083333333333336 0.936875 0.3183333333333333 0.934375 0.3125 0.9356250000000002 0.3091666666666667 0.9337500000000001 0.30666666666666664 0.92125 0.30333333333333334 0.921875 0.30333333333333334 0.9268750000000001 0.3 0.9256249999999999 0.29583333333333334 0.928125 0.28250000000000003 0.920625 0.2791666666666667 0.920625 0.27 0.9012500000000001 0.275 0.89625 0.29833333333333334 0.89875 0.32416666666666666 0.89625 0.3308333333333333 0.89875 0.33416666666666667 0.8956250000000001 0.335 0.88125 0.33166666666666667 0.8668750000000001 0.33166666666666667 0.8512500000000001 0.32916666666666666 0.846875 0.32999999999999996 0.8412499999999999 0.33333333333333337 0.8387500000000001 0.33249999999999996 0.8300000000000001 0.3258333333333333 0.826875 0.3283333333333333 0.8231250000000001 0.33166666666666667 0.8243750000000001 0.3283333333333333 0.8225 0.3308333333333333 0.81875 0.31666666666666665 0.82875 0.31222249999999996 0.82875 0.30833333333333335 0.820625 0.30666666666666664 0.8200000000000001 0.30833333333333335 0.821875 0.305 0.8231250000000001 0.29833333333333334 0.81875 0.28250000000000003 0.8225 0.2791666666666667 0.81875 0.26916666666666667 0.818125 0.25916666666666666 0.8237500000000001 0.25083333333333335 0.82125 0.24166666666666664 0.8225 0.23666666666666666 0.8256249999999999 0.22000000000000003 0.8225 0.20750000000000002 0.8256249999999999 0.2033333333333333 0.8306250000000001 0.195 0.8306250000000001 0.19416666666666665 0.838125 0.19166666666666668 0.8400000000000001 0.17166666666666666 0.8456250000000001 0.17166666666666666 0.8950000000000001 0.17416666666666666 0.9125
0 0.2558333333333333 0.8 0.2529054054054054 0.7998310810810811 0.25416666666666665 0.8012500000000001 0.2558333333333333 0.8
0 0.2516101694915255 0.7997563559322034 0.24500000000000002 0.7993750000000001 0.24666666666666667 0.8018750000000001 0.2516101694915255 0.7997563559322034
0 0.3 0.795625 0.2975 0.8 0.3 0.8012500000000001 0.30333333333333334 0.7987500000000001 0.3 0.7975000000000001 0.30333333333333334 0.795625 0.3025 0.7925000000000001 0.31166666666666665 0.789375 0.2966666666666667 0.789375 0.2966666666666667 0.7931250000000001 0.3 0.795625
0 0.255 0.795625 0.2683333333333333 0.795 0.2683333333333333 0.8 0.27416666666666667 0.7993750000000001 0.26916666666666667 0.7987500000000001 0.27 0.79625 0.27416666666666667 0.795625 0.2725 0.789375 0.26166666666666666 0.7881250000000001 0.2475 0.789375 0.24416666666666664 0.791875 0.24500000000000002 0.79375 0.255 0.795625
0 0.16833333333333333 0.8400000000000001 0.17333333333333334 0.8418750000000002 0.18916666666666665 0.838125 0.1925 0.8356250000000001 0.20249999999999999 0.83625 0.21000000000000002 0.8300000000000001 0.21916666666666665 0.8300000000000001 0.22333333333333333 0.826875 0.22666666666666666 0.8306250000000001 0.2308333333333333 0.83125 0.2375 0.828125 0.24833333333333335 0.828125 0.25083333333333335 0.8256249999999999 0.2558333333333333 0.828125 0.25833333333333336 0.8256249999999999 0.27749999999999997 0.821875 0.3308333333333333 0.8262500000000002 0.33416666666666667 0.8231250000000001 0.335 0.795 0.3308333333333333 0.789375 0.3158333333333333 0.7875 0.31 0.7825 0.30333333333333334 0.7825 0.2991666666666667 0.7862500000000001 0.29 0.786875 0.28250000000000003 0.784375 0.2758333333333333 0.7875 0.25833333333333336 0.785 0.24166666666666664 0.7887500000000001 0.21916666666666665 0.79 0.2125 0.79375 0.20666666666666664 0.791875 0.1925 0.7925000000000001 0.185 0.79625 0.175 0.806875 0.1675 0.8081250000000001 0.16666666666666669 0.8331250000000001 0.16833333333333333 0.8400000000000001
0 0.675 0.81875 0.6741666666666666 0.8175000000000001 0.6775 0.8162499999999999 0.6791666666666667 0.81875 0.6816666666666666 0.8143750000000001 0.6725 0.8175000000000001 0.675 0.81875
0 0.5708333333333333 0.94375 0.575 0.94375 0.6166666666666667 0.936875 0.6391666666666667 0.9356250000000002 0.6541666666666667 0.931875 0.6649999999999999 0.921875 0.6733333333333333 0.9181250000000001 0.6775 0.909375 0.6775 0.896875 0.6825 0.883125 0.6816666666666666 0.8724999999999999 0.6866666666666666 0.8612500000000001 0.6858333333333333 0.850625 0.6758333333333333 0.8456250000000001 0.6825 0.8418750000000002 0.6775 0.838125 0.6775 0.83125 0.6875 0.8243750000000001 0.6849999999999999 0.8225 0.6575 0.8231250000000001 0.6491666666666667 0.821875 0.6441666666666667 0.818125 0.6366666666666666 0.820625 0.6258333333333332 0.8143750000000001 0.6174999999999999 0.820625 0.6208333333333333 0.8231250000000001 0.6291666666666667 0.8231250000000001 0.63 0.8262500000000002 0.6241666666666666 0.826875 0.6241666666666666 0.8325000000000001 0.6191666666666666 0.8325000000000001 0.62 0.8300000000000001 0.6075 0.83125 0.6125 0.835 0.6158333333333333 0.835 0.6158333333333333 0.8418750000000002 0.5841666666666667 0.846875 0.5741666666666666 0.8706250000000001 0.5675 0.92125 0.5675 0.940625 0.5708333333333333 0.94375
0 0.6191666666666666 0.803125 0.6224999999999999 0.80625 0.6391666666666667 0.80375 0.63 0.8043750000000001 0.6233333333333333 0.8018750000000001 0.615 0.80375 0.6191666666666666 0.803125
0 0.42333333333333334 0.99375 0.4208333333333333 0.9918750000000001 0.4216666666666667 0.9950000000000001 0.42333333333333334 0.99375
0 0.36666666666666664 0.9943750000000001 0.36583333333333334 0.9875 0.36 0.9943750000000001 0.36666666666666664 0.9943750000000001
0 0.39 0.9868750000000001 0.3908333333333333 0.9787500000000001 0.38333333333333336 0.9793750000000001 0.38583333333333336 0.9856250000000001 0.39 0.9868750000000001
0 0.345 0.83625 0.3441666666666666 0.838125 0.3416666666666667 0.8375 0.3416666666666667 0.84375 0.35083333333333333 0.82875 0.34833333333333333 0.81875 0.345 0.8200000000000001 0.34249999999999997 0.8275 0.3416666666666667 0.834375 0.345 0.83625
0 0.38333333333333336 0.8025 0.38583333333333336 0.7987500000000001 0.39416666666666667 0.796875 0.3908333333333333 0.796875 0.3908333333333333 0.7931250000000001 0.38666666666666666 0.79375 0.38249999999999995 0.8 0.38333333333333336 0.8025
0 0.3375 0.9325000000000001 0.3408333333333333 0.9606250000000001 0.3383333333333333 0.9643750000000001 0.3383333333333333 0.9943750000000001 0.35416666666666663 0.9943750000000001 0.3525 0.9912500000000002 0.35666666666666663 0.9862500000000001 0.3591666666666667 0.984375 0.3625 0.9856250000000001 0.365 0.9818750000000002 0.36916666666666664 0.9818750000000002 0.37333333333333335 0.9756250000000002 0.38 0.978125 0.39666666666666667 0.9731250000000001 0.40083333333333326 0.9787500000000001 0.40499999999999997 0.9775 0.4066666666666666 0.98375 0.41083333333333333 0.9850000000000001 0.4125 0.9806250000000001 0.41 0.976875 0.4208333333333333 0.9725000000000001 0.42666666666666664 0.9756250000000002 0.43 0.9806250000000001 0.4291666666666667 0.98375 0.4425 0.9956250000000001 0.4416666666666667 0.99375 0.4458333333333333 0.9925 0.44722249999999997 0.9956250000000001 0.4508333333333333 0.9925 0.45194416666666665 0.9956250000000001 0.4741666666666666 0.9956250000000001 0.47750000000000004 0.9912500000000002 0.4766666666666667 0.9828125 0.4716666666666667 0.9818750000000002 0.4766666666666667 0.97921875 0.475 0.9762500000000001 0.47750000000000004 0.975 0.4741666666666666 0.9725000000000001 0.47750000000000004 0.9715625000000001 0.48 0.9643750000000001 0.485 0.9356250000000002 0.48083333333333333 0.9181250000000001 0.48166666666666663 0.9112500000000001 0.4875 0.9043750000000002 0.48583333333333334 0.8875 0.4916666666666667 0.878125 0.4916666666666667 0.8556250000000001 0.49416666666666664 0.851875 0.4916666666666667 0.8356250000000001 0.49416666666666664 0.83125 0.49416666666666664 0.8200000000000001 0.4916666666666667 0.8162499999999999 0.495 0.811875 0.495 0.80625 0.48916666666666664 0.8006249999999999 0.48916666666666664 0.794375 0.4841666666666667 0.794375 0.47833333333333333 0.7987500000000001 0.47333333333333333 0.7987500000000001 0.47000000000000003 0.7975000000000001 0.4708333333333333 0.7925000000000001 0.4666666666666667 0.7875 0.4533333333333333 0.7993750000000001 0.44833333333333336 0.7993750000000001 0.445 0.795625 0.4458333333333333 0.7931250000000001 0.43916666666666665 0.790625 0.43583333333333335 0.794375 0.4383333333333333 0.79625 0.43666666666666665 0.7975000000000001 0.425 0.7993750000000001 0.41583333333333333 0.79125 0.4141666666666667 0.786875 0.4125 0.79125 0.39499999999999996 0.80625 0.39416666666666667 0.813125 0.3883333333333333 0.81125 0.38416666666666666 0.8137500000000001 0.3975 0.8150000000000001 0.40083333333333326 0.8175000000000001 0.39 0.8237500000000001 0.3683333333333333 0.8225 0.36416666666666664 0.8243750000000001 0.365 0.828125 0.37416666666666665 0.8293750000000001 0.39 0.8256249999999999 0.39583333333333337 0.8318749999999999 0.39583333333333337 0.8356250000000001 0.39 0.8400000000000001 0.37916666666666665 0.843125 0.3775 0.8487500000000001 0.37333333333333335 0.8512500000000001 0.3491666666666667 0.85 0.345 0.8450000000000001 0.3416666666666667 0.846875 0.33916666666666667 0.869375 0.33999999999999997 0.92125 0.3375 0.9325000000000001
0 0.4109375 0.7828125 0.00078125 0.00078125
0 0.41953125 0.7796875 0.003125 0.00078125
0 0.47109375 0.77890625 0.0015625 0.00078125
0 0.45916666666666667 0.779375 0.45583333333333337 0.77875 0.45499999999999996 0.7831250000000001 0.45916666666666667 0.779375
0 0.44749999999999995 0.780625 0.45 0.785 0.45166666666666666 0.7825 0.445 0.778125 0.44333333333333336 0.78 0.44749999999999995 0.780625
0 0.53203125 0.8515625 0.0046875 0.00078125
0 0.4766666666666667 0.724375 0.48166666666666663 0.72875 0.4833333333333333 0.74375 0.49833333333333335 0.778125 0.5083333333333333 0.7931250000000001 0.5091666666666667 0.806875 0.5025000000000001 0.82875 0.5108333333333334 0.8331250000000001 0.5116666666666666 0.8400000000000001 0.5241666666666667 0.8450000000000001 0.5258333333333333 0.8481250000000001 0.5291666666666667 0.843125 0.5341666666666667 0.8450000000000001 0.5366666666666666 0.85 0.5425 0.8512500000000001 0.55 0.846875 0.5549999999999999 0.8512500000000001 0.5599999999999999 0.851875 0.5675 0.8487500000000001 0.5641666666666667 0.843125 0.5708333333333333 0.8387500000000001 0.5708333333333333 0.83125 0.5766666666666667 0.8243750000000001 0.5783333333333334 0.7931250000000001 0.5875 0.7725000000000001 0.5875 0.765 0.5841666666666667 0.7612500000000001 0.5925 0.744375 0.595 0.73125 0.6 0.724375 0.5983333333333334 0.71625 0.5916666666666667 0.713125 0.5433333333333333 0.713125 0.5275000000000001 0.7150000000000001 0.5158333333333334 0.7125 0.5066666666666666 0.715625 0.4841666666666667 0.71625 0.4766666666666667 0.72 0.4766666666666667 0.724375
0 0.6825 0.9337500000000001 0.6983333333333334 0.9331250000000001 0.7266666666666667 0.9275 0.7791666666666667 0.92125 0.7825 0.91875 0.7825 0.906875 0.7775 0.9087500000000001 0.7458333333333333 0.9087500000000001 0.7358333333333333 0.913125 0.72 0.914375 0.71 0.9175000000000001 0.6991666666666666 0.9175000000000001 0.6916666666666667 0.920625 0.6783333333333333 0.9200000000000002 0.6775 0.92875 0.6825 0.9337500000000001
0 0.7491666666666666 0.905 0.7516666666666667 0.900625 0.7474999999999999 0.9 0.7466666666666667 0.9043750000000002 0.7491666666666666 0.905
0 0.725 0.7275 0.7241666666666666 0.734375 0.7266666666666667 0.738125 0.7441666666666666 0.734375 0.7683333333333333 0.734375 0.7899999999999999 0.7306250000000001 0.8266666666666665 0.7306250000000001 0.835 0.72 0.8383333333333333 0.7056250000000001 0.8416666666666666 0.7025 0.8433333333333334 0.6775 0.8466666666666667 0.675 0.8425 0.671875 0.8425 0.665 0.8308333333333333 0.66625 0.8275 0.6637500000000001 0.8208333333333334 0.666875 0.8108333333333333 0.6631250000000001 0.805 0.6681250000000001 0.8091666666666667 0.671875 0.8033333333333333 0.671875 0.8016666666666665 0.6737500000000001 0.7983333333333333 0.6725000000000001 0.7975 0.6681250000000001 0.7891666666666667 0.669375 0.7858333333333334 0.666875 0.7816666666666666 0.669375 0.775 0.665 0.7691666666666667 0.664375 0.7691666666666667 0.6575 0.7666666666666667 0.6575 0.7666666666666667 0.654375 0.7583333333333333 0.65375 0.755 0.654375 0.7575000000000001 0.6625 0.74 0.6743750000000001 0.7391666666666666 0.681875 0.7316666666666667 0.685625 0.73 0.68875 0.7333333333333333 0.71375 0.725 0.7275
0 0.6091666666666666 0.7143750000000001 0.6141666666666666 0.7150000000000001 0.6308333333333334 0.71375 0.64 0.715625 0.6616666666666666 0.711875 0.6983333333333334 0.71375 0.7066666666666667 0.711875 0.7166666666666667 0.71375 0.7233333333333334 0.71125 0.7283333333333333 0.7056250000000001 0.725 0.684375 0.7208333333333333 0.680625 0.7024999999999999 0.680625 0.6883333333333332 0.6775 0.6458333333333333 0.678125 0.6366666666666666 0.6793750000000001 0.63 0.6831250000000001 0.625 0.6825 0.6224999999999999 0.6787500000000001 0.6125 0.68125 0.6108333333333333 0.686875 0.6041666666666667 0.69375 0.6025 0.7081250000000001 0.6091666666666666 0.7143750000000001
0 0.5599999999999999 0.93625 0.5591666666666667 0.934375 0.5575 0.9356250000000002 0.5599999999999999 0.93625
0 0.5341666666666667 0.704375 0.5433333333333333 0.7037500000000001 0.5408333333333333 0.698125 0.5483333333333333 0.6925000000000001 0.5491666666666666 0.685625 0.5366666666666666 0.685 0.5325 0.6900000000000001 0.5325 0.70875 0.5341666666666667 0.704375
0 0.5833333333333333 0.690625 0.5833333333333333 0.685625 0.5816666666666667 0.6837500000000001 0.5783333333333334 0.685 0.5791666666666667 0.6943750000000001 0.5833333333333333 0.690625
0 0.48166666666666663 0.713125 0.4833333333333333 0.716875 0.47750000000000004 0.7237500000000001 0.48250000000000004 0.72875 0.48666666666666664 0.7550000000000001 0.5075000000000001 0.796875 0.5075000000000001 0.8025 0.5033333333333333 0.806875 0.5016666666666667 0.83125 0.49749999999999994 0.836875 0.49749999999999994 0.8456250000000001 0.5016666666666667 0.8556250000000001 0.49749999999999994 0.8625 0.49916666666666665 0.883125 0.49083333333333334 0.890625 0.49333333333333335 0.8925000000000001 0.49416666666666664 0.903125 0.49916666666666665 0.9112500000000001 0.4925 0.921875 0.4925 0.9268750000000001 0.4966666666666667 0.9337500000000001 0.505 0.9387500000000001 0.5058333333333334 0.94375 0.5083333333333333 0.94375 0.5108333333333334 0.9425000000000001 0.5083333333333333 0.9387500000000001 0.5108333333333334 0.9331250000000001 0.52 0.9349999999999999 0.5275000000000001 0.930625 0.5433333333333333 0.93125 0.5375 0.9387500000000001 0.5416666666666667 0.9393750000000001 0.5483333333333333 0.934375 0.5475 0.9337500000000001 0.5491666666666666 0.930625 0.5575 0.93 0.5616666666666666 0.9256249999999999 0.5625 0.9175000000000001 0.5591666666666667 0.9099999999999999 0.5625 0.900625 0.5616666666666666 0.8887500000000002 0.5675 0.8775000000000001 0.5675 0.8625 0.5733333333333334 0.85 0.5775 0.8025 0.5816666666666667 0.796875 0.5833333333333333 0.7825 0.5883333333333333 0.76875 0.5875 0.749375 0.5925 0.7362500000000001 0.5941666666666666 0.7193750000000001 0.5875 0.71125 0.5883333333333333 0.7081250000000001 0.5808333333333333 0.71375 0.575 0.7143750000000001 0.5608333333333333 0.7125 0.5241666666666667 0.7143750000000001 0.5225 0.70125 0.5183333333333333 0.7037500000000001 0.5125 0.7 0.5233333333333333 0.68875 0.5183333333333333 0.68625 0.515 0.69125 0.5083333333333333 0.6837500000000001 0.505 0.68625 0.49749999999999994 0.685 0.49083333333333334 0.6881250000000001 0.48583333333333334 0.6993750000000001 0.48666666666666664 0.703125 0.48166666666666663 0.713125
0 0.5966666666666667 0.6881250000000001 0.5958333333333333 0.691875 0.5925 0.69125 0.595 0.6950000000000001 0.5974999999999999 0.68875 0.595 0.6831250000000001 0.5933333333333334 0.6837500000000001 0.5925 0.686875 0.5966666666666667 0.6881250000000001
0 0.5599999999999999 0.6893750000000001 0.5625 0.685625 0.5575 0.68125 0.5516666666666666 0.681875 0.5533333333333333 0.6925000000000001 0.5599999999999999 0.6893750000000001
0 0.5966666666666667 0.6787500000000001 0.5941666666666666 0.678125 0.595 0.680625 0.5966666666666667 0.6787500000000001
0 0.0075 0.9631250000000001 0.005 0.96125 0.005 0.9650000000000001 0.0075 0.9631250000000001
0 0.14583333333333331 0.945625 0.1575 0.9450000000000001 0.16833333333333333 0.9487500000000001 0.16916666666666666 0.9475 0.16416666666666666 0.945625 0.16916666666666666 0.9425000000000001 0.16416666666666666 0.9393750000000001 0.16583333333333333 0.93625 0.16833333333333333 0.93625 0.1675 0.9337500000000001 0.1575 0.9412499999999999 0.14750000000000002 0.940625 0.145 0.9425000000000001 0.14583333333333331 0.945625
0 0.16499999999999998 0.914375 0.1625 0.913125 0.16083333333333333 0.915 0.16499999999999998 0.914375
0 0.03984375 0.8390625 0.00078125 0.00234375
0 0 0.89625 0 0.9125 0.005 0.9175000000000001 0.005 0.928125 0 0.93125 0 0.9512500000000002 0.01 0.9487500000000001 0.02 0.95375 0.021666666666666667 0.9600000000000002 0.027500000000000004 0.959375 0.029166666666666667 0.95625 0.034166666666666665 0.9556250000000001 0.035833333333333335 0.9600000000000002 0.052500000000000005 0.95375 0.07083333333333333 0.951875 0.0775 0.95375 0.08166666666666667 0.9506249999999999 0.08499999999999999 0.9525 0.11499999999999999 0.9506249999999999 0.11916666666666667 0.9487500000000001 0.13083333333333333 0.95 0.14250000000000002 0.94625 0.14250000000000002 0.93125 0.13999999999999999 0.9243750000000001 0.1375 0.9268750000000001 0.13 0.9275 0.1275 0.925 0.13416666666666666 0.9181250000000001 0.12666666666666665 0.909375 0.12833333333333333 0.903125 0.13416666666666666 0.9012500000000001 0.1275 0.8975 0.1275 0.89 0.1325 0.8868750000000001 0.15416666666666667 0.8868750000000001 0.16083333333333333 0.899375 0.16583333333333333 0.8943749999999999 0.16416666666666666 0.8575000000000002 0.16083333333333333 0.853125 0.16083333333333333 0.843125 0.15666666666666668 0.8450000000000001 0.155 0.838125 0.15166666666666667 0.83625 0.15416666666666667 0.83375 0.14583333333333331 0.8393750000000001 0.14416666666666667 0.838125 0.1408333333333333 0.840625 0.13666666666666666 0.838125 0.12666666666666665 0.844375 0.11666666666666667 0.8425 0.1125 0.8375 0.10583333333333333 0.8387500000000001 0.09833333333333333 0.8356250000000001 0.0875 0.840625 0.07416666666666667 0.8393750000000001 0.07083333333333333 0.8425 0.065 0.84375 0.05583333333333333 0.843125 0.05 0.8487500000000001 0.04583333333333333 0.8474999999999999 0.042499999999999996 0.8418750000000002 0.03916666666666667 0.8418750000000002 0.03333333333333333 0.8462500000000001 0.03333333333333333 0.8543750000000001 0.03 0.8575000000000002 0.02583333333333333 0.85375 0.020833333333333336 0.853125 0.017499999999999998 0.86 0.004166666666666667 0.8618750000000001 0.003333333333333333 0.8925000000000001 0 0.89625
0 0.15703125 0.83125 0.00078125 0.0015625
0 0.07083333333333333 0.8231250000000001 0.07166666666666667 0.820625 0.06666666666666667 0.82125 0.07083333333333333 0.8231250000000001
0 0.0125 0.8243750000000001 0.010833333333333334 0.820625 0.016666666666666666 0.8175000000000001 0.015 0.8162499999999999 0.011666666666666667 0.819375 0.008333333333333333 0.8175000000000001 0.005833333333333334 0.82125 0.0125 0.8243750000000001
0 0.043333333333333335 0.818125 0.05333333333333333 0.8200000000000001 0.05333333333333333 0.821875 0.06416666666666666 0.8143750000000001 0.07083333333333333 0.8137500000000001 0.07416666666666667 0.81125 0.07833333333333334 0.8125 0.08916666666666666 0.8087500000000001 0.0925 0.813125 0.10166666666666666 0.8150000000000001 0.10583333333333333 0.809375 0.10916666666666666 0.8143750000000001 0.11666666666666667 0.8106250000000002 0.11916666666666667 0.821875 0.12583333333333332 0.818125 0.13333333333333333 0.81875 0.13333333333333333 0.8167500000000001 0.12333333333333334 0.815625 0.11916666666666667 0.81125 0.12 0.806875 0.11499999999999999 0.80375 0.10583333333333333 0.80625 0.10166666666666666 0.80375 0.08833333333333333 0.8075000000000001 0.08583333333333333 0.80625 0.08666666666666667 0.8081250000000001 0.08333333333333334 0.8087500000000001 0.07916666666666666 0.805625 0.06916666666666667 0.803125 0.06166666666666667 0.8081250000000001 0.042499999999999996 0.805625 0.03916666666666667 0.8087500000000001 0.03333333333333333 0.8099999999999999 0.021666666666666667 0.8099999999999999 0.0225 0.820625 0.02583333333333333 0.819375 0.030833333333333334 0.82125 0.043333333333333335 0.818125
0 0.5016666666666667 0.775625 0.5 0.779375 0.5083333333333333 0.795 0.51 0.8043750000000001 0.5091666666666667 0.811875 0.5008333333333332 0.8243750000000001 0.5016666666666667 0.8325000000000001 0.49833333333333335 0.836875 0.5 0.85625 0.49749999999999994 0.859375 0.49749999999999994 0.881875 0.49000000000000005 0.8887500000000002 0.4925 0.9018750000000001 0.49083333333333334 0.913125 0.4958333333333333 0.914375 0.49333333333333335 0.91625 0.4875 0.91625 0.4875 0.9181250000000001 0.49083333333333334 0.928125 0.5033333333333333 0.9387500000000001 0.495 0.945625 0.5 0.945625 0.5041666666666667 0.943125 0.505 0.945625 0.5108333333333334 0.9425000000000001 0.5066666666666666 0.93625 0.5108333333333334 0.9337500000000001 0.5166666666666667 0.934375 0.5183333333333333 0.938125 0.5225 0.9356250000000002 0.5258333333333333 0.9387500000000001 0.5241666666666667 0.9425000000000001 0.5283333333333333 0.9425000000000001 0.5333333333333333 0.938125 0.54 0.9400000000000001 0.5533333333333333 0.936875 0.5583333333333333 0.9387500000000001 0.5616666666666666 0.93625 0.5716666666666667 0.858125 0.5758333333333333 0.8450000000000001 0.5741666666666666 0.8275 0.5775 0.82125 0.5783333333333334 0.7881250000000001 0.5833333333333333 0.778125 0.5808333333333333 0.775625 0.5666666666666667 0.77375 0.5566666666666666 0.769375 0.55 0.771875 0.5366666666666666 0.771875 0.5325 0.77375 0.5125 0.771875 0.5058333333333334 0.7681250000000001 0.5016666666666667 0.7618750000000001 0.49749999999999994 0.7612500000000001 0.49416666666666664 0.76375 0.49749999999999994 0.77375 0.5016666666666667 0.775625
0 0.5691666666666666 0.920625 0.5700000000000001 0.9331250000000001 0.5675 0.9356250000000002 0.5691666666666666 0.9425000000000001 0.5858333333333333 0.9425000000000001 0.5925 0.9393750000000001 0.635 0.93625 0.6541666666666667 0.931875 0.6649999999999999 0.9225 0.6716666666666666 0.92125 0.6766666666666666 0.914375 0.6858333333333333 0.858125 0.6783333333333333 0.8575000000000002 0.6758333333333333 0.853125 0.6691666666666667 0.85 0.6608333333333334 0.849375 0.6508333333333333 0.8375 0.6441666666666667 0.8450000000000001 0.645 0.8487500000000001 0.6283333333333333 0.851875 0.6233333333333333 0.858125 0.6191666666666666 0.8550000000000001 0.5966666666666667 0.8556250000000001 0.5875 0.858125 0.585 0.8643750000000001 0.5808333333333333 0.865625 0.5775 0.8706250000000001 0.5766666666666667 0.8787499999999999 0.5708333333333333 0.8887500000000002 0.5733333333333334 0.9043750000000002 0.5691666666666666 0.920625
0 0.6091666666666666 0.709375 0.6083333333333333 0.704375 0.6058333333333333 0.70625 0.6091666666666666 0.709375
0 0.5791666666666667 0.62625 0.6083333333333333 0.6612500000000001 0.6075 0.680625 0.6125 0.68875 0.6075 0.6925000000000001 0.6091666666666666 0.700625 0.6208333333333333 0.7 0.6266666666666667 0.7025 0.6333333333333333 0.698125 0.6358333333333334 0.7037500000000001 0.6325000000000001 0.70625 0.6366666666666666 0.709375 0.64 0.709375 0.6433333333333333 0.7050000000000001 0.6466666666666667 0.7050000000000001 0.6533333333333333 0.7106250000000001 0.6658333333333333 0.7100000000000001 0.6683333333333333 0.70625 0.675 0.7075 0.6766666666666666 0.7100000000000001 0.6825 0.7100000000000001 0.6849999999999999 0.706875 0.6933333333333334 0.7100000000000001 0.7083333333333333 0.7100000000000001 0.7233333333333334 0.704375 0.7241666666666666 0.685 0.7325 0.6787500000000001 0.735 0.6675000000000001 0.7308333333333333 0.659375 0.6883333333333332 0.618125 0.6625 0.6143750000000001 0.6425 0.6143750000000001 0.64 0.6168750000000001 0.6308333333333334 0.61375 0.6158333333333333 0.6168750000000001 0.5808333333333333 0.6168750000000001 0.5783333333333334 0.619375 0.5791666666666667 0.62625
0 0.3416666666666667 0.9200000000000002 0.3383333333333333 0.9275 0.3383333333333333 0.943125 0.3433333333333333 0.953125 0.355 0.95375 0.37333333333333335 0.9493750000000001 0.38 0.9506249999999999 0.3875 0.9475 0.4058333333333334 0.9450000000000001 0.4458333333333333 0.94375 0.4575 0.9412499999999999 0.48083333333333333 0.9425000000000001 0.4841666666666667 0.936875 0.48083333333333333 0.9099999999999999 0.485 0.9012500000000001 0.4841666666666667 0.8868750000000001 0.49083333333333334 0.8768750000000001 0.49083333333333334 0.8606250000000001 0.495 0.850625 0.495 0.8262500000000002 0.4916666666666667 0.82125 0.475 0.8175000000000001 0.4766666666666667 0.8099999999999999 0.4683333333333334 0.8099999999999999 0.4658333333333333 0.8150000000000001 0.45999999999999996 0.8175000000000001 0.4491666666666666 0.818125 0.4416666666666667 0.8150000000000001 0.43083333333333335 0.819375 0.4208333333333333 0.818125 0.4208333333333333 0.8137500000000001 0.425 0.8137500000000001 0.4216666666666667 0.813125 0.4216666666666667 0.8106250000000002 0.4141666666666667 0.809375 0.4116666666666666 0.8099999999999999 0.4133333333333333 0.8137500000000001 0.3975 0.821875 0.36583333333333334 0.8225 0.36 0.8256249999999999 0.3525 0.8256249999999999 0.34833333333333333 0.821875 0.34249999999999997 0.8275 0.33999999999999997 0.838125 0.33916666666666667 0.8943749999999999 0.3416666666666667 0.9200000000000002
0 0.41833333333333333 0.796875 0.41833333333333333 0.7931250000000001 0.4141666666666667 0.791875 0.4141666666666667 0.795625 0.41833333333333333 0.796875
0 0.4125 0.5575 0.4175 0.5743750000000001 0.4216666666666667 0.58125 0.42666666666666664 0.584375 0.45583333333333337 0.58125 0.5141666666666667 0.58125 0.5233333333333333 0.575625 0.5241666666666667 0.57125 0.5208333333333333 0.56375 0.5133333333333333 0.5518750000000001 0.5058333333333334 0.545 0.4375 0.544375 0.4166666666666667 0.54625 0.4125 0.5493750000000001 0.4125 0.5575
0 0.2475 0.9425000000000001 0.24500000000000002 0.9425000000000001 0.24416666666666664 0.94625 0.2475 0.9425000000000001
0 0.2633333333333333 0.945625 0.26916666666666667 0.946875 0.27416666666666667 0.943125 0.27 0.9418750000000001 0.26166666666666666 0.943125 0.2633333333333333 0.945625
0 0.23500000000000001 0.931875 0.23333333333333334 0.92875 0.2308333333333333 0.931875 0.23500000000000001 0.931875
0 0.2791666666666667 0.93 0.2816666666666666 0.928125 0.28250000000000003 0.925 0.2783333333333333 0.9231250000000001 0.2733333333333333 0.9293750000000001 0.2791666666666667 0.93
0 0.2791666666666667 0.920625 0.2783333333333333 0.9137500000000001 0.27666666666666667 0.915 0.2791666666666667 0.920625
0 0.21916666666666665 0.914375 0.22083333333333335 0.9181250000000001 0.21749999999999997 0.9200000000000002 0.21749999999999997 0.9262500000000001 0.20249999999999999 0.928125 0.20249999999999999 0.9325000000000001 0.2058333333333333 0.9356250000000002 0.21583333333333332 0.93625 0.21666666666666665 0.930625 0.22000000000000003 0.928125 0.22333333333333333 0.928125 0.22666666666666666 0.9243750000000001 0.2325 0.9256249999999999 0.23500000000000001 0.921875 0.22583333333333333 0.9181250000000001 0.22916666666666666 0.914375 0.22333333333333333 0.9099999999999999 0.2225 0.913125 0.21916666666666665 0.914375
0 0.1825 0.9075000000000001 0.18833333333333332 0.9106250000000001 0.19083333333333333 0.9081250000000001 0.18916666666666665 0.90625 0.195 0.9087500000000001 0.19833333333333333 0.9075000000000001 0.195 0.900625 0.18833333333333332 0.900625 0.18833333333333332 0.905625 0.185 0.905 0.1825 0.906875 0.1775 0.900625 0.175 0.9087500000000001 0.1825 0.9075000000000001
0 0.20916666666666667 0.9081250000000001 0.21666666666666665 0.9081250000000001 0.21833333333333332 0.9037499999999999 0.22333333333333333 0.9018750000000001 0.22333333333333333 0.9 0.21666666666666665 0.8975 0.2058333333333333 0.900625 0.20916666666666667 0.9081250000000001
0 0.19166666666666668 0.8918750000000001 0.195 0.8943749999999999 0.2 0.8931250000000001 0.20416666666666666 0.8868750000000001 0.20249999999999999 0.8856250000000001 0.19916666666666666 0.8881249999999999 0.19583333333333333 0.883125 0.19166666666666668 0.8856250000000001 0.19166666666666668 0.8918750000000001
0 0.17166666666666666 0.874375 0.175 0.8775000000000001 0.18583333333333335 0.8762500000000001 0.19083333333333333 0.87375 0.2325 0.8724999999999999 0.23333333333333334 0.8768750000000001 0.22333333333333333 0.8793750000000001 0.22666666666666666 0.88125 0.22083333333333335 0.8856250000000001 0.215 0.8825000000000001 0.215 0.8868750000000001 0.2225 0.890625 0.23333333333333334 0.8868750000000001 0.24083333333333332 0.8875 0.24416666666666664 0.889375 0.23916666666666667 0.89375 0.24666666666666667 0.900625 0.255 0.89625 0.26916666666666667 0.9 0.2758333333333333 0.8931250000000001 0.28833333333333333 0.89375 0.30083333333333334 0.8975 0.3091666666666667 0.8950000000000001 0.33166666666666667 0.8950000000000001 0.33416666666666667 0.8925000000000001 0.33416666666666667 0.885 0.3275 0.88375 0.32916666666666666 0.875625 0.3258333333333333 0.869375 0.33249999999999996 0.8625 0.335 0.85375 0.335 0.8243750000000001 0.33166666666666667 0.8143750000000001 0.32 0.8162499999999999 0.31166666666666665 0.8200000000000001 0.2841666666666667 0.8200000000000001 0.27749999999999997 0.8175000000000001 0.23583333333333334 0.8237500000000001 0.22000000000000003 0.8225 0.20750000000000002 0.8243750000000001 0.19833333333333333 0.82875 0.18833333333333332 0.8300000000000001 0.18666666666666668 0.83625 0.18166666666666667 0.8393750000000001 0.17583333333333334 0.8400000000000001 0.17083333333333334 0.844375 0.16999999999999998 0.86625 0.17166666666666666 0.874375
0 0.22833333333333333 0.795 0.24416666666666664 0.796875 0.2725 0.795 0.2758333333333333 0.791875 0.29833333333333334 0.795625 0.31083333333333335 0.791875 0.3275 0.7931250000000001 0.32416666666666666 0.785 0.3175 0.780625 0.305 0.780625 0.29583333333333334 0.785 0.28583333333333333 0.7825 0.2791666666666667 0.7875 0.2525 0.784375 0.24166666666666664 0.7875 0.23333333333333334 0.786875 0.22916666666666666 0.789375 0.22666666666666666 0.7925000000000001 0.22833333333333333 0.795
0 0.7458333333333333 0.76875 0.7341666666666666 0.7681250000000001 0.7291666666666667 0.76875 0.7458333333333333 0.76875
0 0.705 0.8243750000000001 0.7016666666666667 0.8275 0.7024999999999999 0.8474999999999999 0.7141666666666666 0.8450000000000001 0.72 0.8412499999999999 0.7291666666666667 0.8425 0.7341666666666666 0.8400000000000001 0.7424999999999999 0.8412499999999999 0.7658333333333334 0.838125 0.7649999999999999 0.8318749999999999 0.7716666666666667 0.835 0.7858333333333334 0.834375 0.795 0.83625 0.8 0.83375 0.8033333333333333 0.83625 0.8066666666666666 0.83125 0.8074999999999999 0.8168750000000001 0.8125 0.81125 0.8150000000000001 0.7887500000000001 0.8208333333333334 0.778125 0.8208333333333334 0.7706250000000001 0.8166666666666667 0.7662500000000001 0.8074999999999999 0.77125 0.8033333333333333 0.77125 0.7991666666666666 0.76875 0.8025 0.7618750000000001 0.8008333333333333 0.76375 0.7975 0.7618750000000001 0.7933333333333333 0.7625 0.7825 0.7675000000000001 0.775 0.7675000000000001 0.7691666666666667 0.771875 0.7649999999999999 0.77125 0.7633333333333333 0.7731250000000001 0.7583333333333333 0.77 0.755 0.7831250000000001 0.7516666666666667 0.786875 0.7474999999999999 0.7881250000000001 0.7441666666666666 0.785 0.7366666666666666 0.785625 0.7341666666666666 0.789375 0.7266666666666667 0.78125 0.7175 0.7818750000000001 0.7033333333333334 0.79125 0.7008333333333333 0.79625 0.7016666666666667 0.818125 0.705 0.8243750000000001
0 0.02578125 0.9421875 0.0015625 0.00078125
0 0.12333333333333334 0.94375 0.12666666666666665 0.946875 0.12416666666666668 0.9425000000000001 0.12 0.9418750000000001 0.11916666666666667 0.94375 0.12333333333333334 0.94375
0 0.009166666666666667 0.9425000000000001 0.008333333333333333 0.936875 0.006666666666666666 0.9375 0.004166666666666667 0.94375 0.009166666666666667 0.9425000000000001
0 0.05583333333333333 0.945625 0.05583333333333333 0.9506249999999999 0.075 0.9506249999999999 0.07833333333333334 0.9493750000000001 0.0775 0.940625 0.08833333333333333 0.9349999999999999 0.08416666666666667 0.936875 0.08083333333333334 0.934375 0.0775 0.9375 0.07083333333333333 0.9337500000000001 0.06416666666666666 0.93625 0.06 0.9356250000000002 0.06 0.9400000000000001 0.05333333333333333 0.9400000000000001 0.05 0.9450000000000001 0.05583333333333333 0.945625
0 0.0640625 0.9328125 0.00078125 0.0015625
0 0.09083333333333334 0.9425000000000001 0.0925 0.9493750000000001 0.1025 0.9493750000000001 0.10916666666666666 0.944375 0.1125 0.9481250000000001 0.11416666666666667 0.9450000000000001 0.11000000000000001 0.9418750000000001 0.11666666666666667 0.936875 0.11666666666666667 0.9337500000000001 0.10583333333333333 0.93125 0.1025 0.93625 0.09916666666666667 0.9356250000000002 0.09833333333333333 0.9393750000000001 0.09083333333333334 0.9425000000000001
0 0.0025 0.9275 0 0.9337500000000001 0.005833333333333334 0.93625 0.013333333333333332 0.928125 0.005833333333333334 0.9193749999999999 0.003333333333333333 0.92125 0.0075 0.9243750000000001 0.0025 0.9275
0 0.1234375 0.91484375 0.0015625 0.00078125
0 0.056666666666666664 0.920625 0.07083333333333333 0.9231250000000001 0.0725 0.915625 0.06833333333333333 0.913125 0.06083333333333333 0.914375 0.056666666666666664 0.9175000000000001 0.056666666666666664 0.920625
0 0.05 0.749375 0.05 0.746875 0.04666666666666667 0.746875 0.04583333333333333 0.74875 0.05 0.749375
0 0.006666666666666666 0.77375 0.0025 0.785 0 0.7862500000000001 0.005 0.7987500000000001 0.0025 0.80375 0.0025 0.8325000000000001 0 0.83375 0.004166666666666667 0.8462500000000001 0.0025 0.87375 0 0.875625 0 0.8956250000000001 0.0025 0.896875 0.0016666666666666666 0.900625 0.005 0.906875 0.005 0.9168750000000001 0.01583333333333333 0.911875 0.025 0.9181250000000001 0.025 0.9243750000000001 0.03 0.925 0.0325 0.9231250000000001 0.035833333333333335 0.9256249999999999 0.03916666666666667 0.9237500000000001 0.043333333333333335 0.925 0.04833333333333333 0.92125 0.045 0.9181250000000001 0.04666666666666667 0.91625 0.05416666666666666 0.915625 0.06 0.909375 0.07166666666666667 0.9075000000000001 0.08083333333333334 0.9106250000000001 0.0775 0.913125 0.07916666666666666 0.9181250000000001 0.08249999999999999 0.915625 0.08583333333333333 0.9181250000000001 0.08083333333333334 0.9112500000000001 0.08333333333333334 0.9087500000000001 0.0925 0.9087500000000001 0.10833333333333332 0.9037499999999999 0.11416666666666667 0.9043750000000002 0.12250000000000001 0.9 0.12583333333333332 0.900625 0.10916666666666666 0.8943749999999999 0.10500000000000001 0.8956250000000001 0.10083333333333333 0.890625 0.10333333333333332 0.8875 0.11416666666666667 0.8856250000000001 0.12583333333333332 0.8881249999999999 0.13333333333333333 0.885 0.15 0.88375 0.16166666666666668 0.885 0.16499999999999998 0.88125 0.16416666666666666 0.859375 0.16083333333333333 0.8543750000000001 0.16166666666666668 0.843125 0.15833333333333333 0.8387500000000001 0.16166666666666668 0.83125 0.16166666666666668 0.78125 0.16083333333333333 0.775 0.15 0.765 0.15083333333333332 0.754375 0.14750000000000002 0.754375 0.14333333333333334 0.758125 0.13833333333333334 0.75375 0.13333333333333333 0.753125 0.12250000000000001 0.759375 0.11916666666666667 0.75125 0.11499999999999999 0.75125 0.11583333333333332 0.748125 0.11166666666666666 0.744375 0.1125 0.74 0.0975 0.74 0.09916666666666667 0.73375 0.09416666666666666 0.7262500000000001 0.09083333333333334 0.725 0.08166666666666667 0.7275 0.0775 0.725 0.07083333333333333 0.725 0.059166666666666666 0.735625 0.0625 0.738125 0.07416666666666667 0.735625 0.0775 0.7393750000000001 0.0775 0.748125 0.08 0.7506250000000001 0.07166666666666667 0.7550000000000001 0.059166666666666666 0.75375 0.056666666666666664 0.7518750000000001 0.05083333333333333 0.754375 0.05083333333333333 0.758125 0.0475 0.759375 0.042499999999999996 0.75875 0.042499999999999996 0.7550000000000001 0.04 0.75375 0.030833333333333334 0.75875 0.029166666666666667 0.7550000000000001 0.0325 0.764375 0.029166666666666667 0.77125 0.0225 0.7681250000000001 0.0125 0.77 0.006666666666666666 0.76875 0.011666666666666667 0.77 0.006666666666666666 0.77375
0 0.06583333333333333 0.72 0.06333333333333332 0.7193750000000001 0.06416666666666666 0.7225 0.06583333333333333 0.72
0 0.11583333333333332 0.73375 0.12 0.7393750000000001 0.13 0.735625 0.13333333333333333 0.7375 0.13583333333333333 0.734375 0.1408333333333333 0.734375 0.14583333333333331 0.73125 0.15083333333333332 0.733125 0.15333333333333332 0.7375 0.15416666666666667 0.73375 0.15166666666666667 0.7325 0.15416666666666667 0.7306250000000001 0.15166666666666667 0.729375 0.155 0.726875 0.1575 0.7193750000000001 0.15416666666666667 0.715625 0.15166666666666667 0.71625 0.14333333333333334 0.728125 0.12250000000000001 0.7256250000000001 0.11916666666666667 0.7225 0.11666666666666667 0.7256250000000001 0.11833333333333333 0.7306250000000001 0.11583333333333332 0.73375
0 0.12916666666666668 0.70875 0.13416666666666666 0.70625 0.12916666666666668 0.7056250000000001 0.12416666666666668 0.70625 0.12916666666666668 0.70875
0 0.5908333333333333 0.836875 0.5974999999999999 0.83375 0.6008333333333333 0.8418750000000002 0.5883333333333333 0.8474999999999999 0.5833333333333333 0.851875 0.5833333333333333 0.8550000000000001 0.5983333333333334 0.8612500000000001 0.6016666666666667 0.86625 0.5983333333333334 0.86875 0.5916666666666667 0.86625 0.5883333333333333 0.8706250000000001 0.5816666666666667 0.8668750000000001 0.5783333333333334 0.871875 0.5808333333333333 0.881875 0.5741666666666666 0.8887500000000002 0.5741666666666666 0.8931250000000001 0.5775 0.8943749999999999 0.5741666666666666 0.8975 0.5791666666666667 0.89625 0.5808333333333333 0.9012500000000001 0.5974999999999999 0.9012500000000001 0.6016666666666667 0.8956250000000001 0.6058333333333333 0.8981250000000001 0.6091666666666666 0.8956250000000001 0.6125 0.8981250000000001 0.6166666666666667 0.8931250000000001 0.6241666666666666 0.8975 0.6333333333333333 0.89875 0.6458333333333333 0.896875 0.6483333333333333 0.8931250000000001 0.6616666666666666 0.8925000000000001 0.6708333333333333 0.889375 0.675 0.890625 0.6799999999999999 0.883125 0.6791666666666667 0.87375 0.6849999999999999 0.86625 0.6858333333333333 0.8512500000000001 0.6933333333333334 0.8387500000000001 0.6925 0.826875 0.7 0.8150000000000001 0.6975 0.7987500000000001 0.7033333333333334 0.7931250000000001 0.7075 0.784375 0.7024999999999999 0.765 0.6866666666666666 0.7618750000000001 0.6716666666666666 0.754375 0.6633333333333333 0.75625 0.6608333333333334 0.75875 0.6566666666666666 0.7550000000000001 0.6525 0.754375 0.6466666666666667 0.75875 0.6333333333333333 0.763125 0.6291666666666667 0.76 0.6316666666666666 0.748125 0.6258333333333332 0.748125 0.6241666666666666 0.75 0.62 0.748125 0.625 0.75125 0.6224999999999999 0.7612500000000001 0.6091666666666666 0.760625 0.6058333333333333 0.7575000000000001 0.595 0.760625 0.5933333333333334 0.7725000000000001 0.5875 0.7825 0.5875 0.798125 0.5841666666666667 0.8081250000000001 0.585 0.835 0.5908333333333333 0.836875
0 0.645 0.749375 0.6508333333333333 0.753125 0.6475 0.744375 0.6375 0.745 0.6341666666666667 0.748125 0.645 0.749375
0 0.49416666666666664 0.89125 0.4958333333333333 0.8950000000000001 0.5008333333333332 0.896875 0.5025000000000001 0.9037499999999999 0.4958333333333333 0.9043750000000002 0.4958333333333333 0.9075000000000001 0.485 0.914375 0.48916666666666664 0.9337500000000001 0.48583333333333334 0.9412499999999999 0.4875 0.9493750000000001 0.52 0.94375 0.5391666666666667 0.9425000000000001 0.5466666666666666 0.9393750000000001 0.5591666666666667 0.9400000000000001 0.5625 0.938125 0.5650000000000001 0.9231250000000001 0.5641666666666667 0.899375 0.5599999999999999 0.89125 0.5433333333333333 0.8931250000000001 0.5391666666666667 0.89 0.54 0.8856250000000001 0.5366666666666666 0.880625 0.5275000000000001 0.88125 0.5175 0.8856250000000001 0.515 0.8856250000000001 0.5166666666666667 0.883125 0.5141666666666667 0.8825000000000001 0.5075000000000001 0.8868750000000001 0.5033333333333333 0.885 0.49083333333333334 0.8868750000000001 0.49083333333333334 0.89125 0.49416666666666664 0.89125
0 0.546875 0.8796875 0.0015625 0.00078125
0 0.7841666666666667 0.883125 0.7883333333333333 0.8800000000000001 0.78 0.8775000000000001 0.775 0.8787499999999999 0.775 0.880625 0.7841666666666667 0.883125
0 0.7658333333333334 0.883125 0.7683333333333333 0.8800000000000001 0.7658333333333334 0.8768750000000001 0.7625 0.8775000000000001 0.76 0.880625 0.7658333333333334 0.883125
0 0.7166666666666667 0.825 0.7133333333333333 0.8325000000000001 0.7166666666666667 0.8306250000000001 0.7224999999999999 0.8356250000000001 0.7375 0.835 0.7441666666666666 0.8393750000000001 0.7516666666666667 0.840625 0.7541666666666667 0.8387500000000001 0.7533333333333333 0.8318749999999999 0.7566666666666666 0.8293750000000001 0.7583333333333333 0.8325000000000001 0.7616666666666666 0.826875 0.7783333333333333 0.834375 0.7825 0.8331250000000001 0.7925 0.83625 0.8 0.8318749999999999 0.8033333333333333 0.8356250000000001 0.8066666666666666 0.826875 0.8066666666666666 0.8168750000000001 0.8125 0.81125 0.8158333333333333 0.789375 0.8225 0.775625 0.82 0.765 0.8175000000000001 0.7618750000000001 0.8108333333333333 0.760625 0.7708333333333333 0.760625 0.7216666666666667 0.76875 0.7158333333333333 0.7725000000000001 0.71 0.7875 0.7024999999999999 0.796875 0.7041666666666667 0.815625 0.7166666666666667 0.825
0 0.17833333333333332 0.8700000000000001 0.18916666666666665 0.8625 0.19583333333333333 0.865625 0.20416666666666666 0.865625 0.21166666666666667 0.8631249999999999 0.22083333333333335 0.8631249999999999 0.22749999999999998 0.865625 0.23666666666666666 0.8631249999999999 0.24333333333333332 0.85875 0.2558333333333333 0.8612500000000001 0.26749999999999996 0.858125 0.28583333333333333 0.8575000000000002 0.29 0.8543750000000001 0.2991666666666667 0.8550000000000001 0.30666666666666664 0.851875 0.32083333333333336 0.8525 0.32416666666666666 0.8575000000000002 0.3283333333333333 0.8575000000000002 0.33249999999999996 0.8556250000000001 0.33416666666666667 0.8512500000000001 0.335 0.836875 0.32999999999999996 0.828125 0.32 0.826875 0.3158333333333333 0.82875 0.305 0.82875 0.2966666666666667 0.826875 0.2833333333333333 0.8293750000000001 0.2733333333333333 0.8243750000000001 0.26749999999999996 0.8243750000000001 0.2558333333333333 0.8306250000000001 0.22333333333333333 0.8318749999999999 0.22000000000000003 0.8356250000000001 0.2125 0.835 0.2033333333333333 0.8393750000000001 0.19416666666666665 0.8387500000000001 0.17333333333333334 0.8450000000000001 0.17166666666666666 0.8481250000000001 0.17166666666666666 0.869375 0.17833333333333332 0.8700000000000001
0 0.22999999999999998 0.774375 0.22999999999999998 0.7681250000000001 0.22583333333333333 0.7725000000000001 0.22999999999999998 0.774375
0 0.3441666666666666 0.999375 0.35833333333333334 0.999375 0.3591666666666667 0.9975000000000002 0.3716666666666667 0.9943750000000001 0.37416666666666665 0.990625 0.38249999999999995 0.993125 0.39416666666666667 0.9918750000000001 0.3983333333333333 0.99 0.39916666666666667 0.9868750000000001 0.40499999999999997 0.99 0.4033333333333333 0.9943750000000001 0.44000000000000006 0.9950000000000001 0.4491666666666666 0.996875 0.47000000000000003 0.996875 0.47750000000000004 0.9943750000000001 0.48250000000000004 0.9525 0.48166666666666663 0.9450000000000001 0.47833333333333333 0.9425000000000001 0.45583333333333337 0.943125 0.4525 0.9387500000000001 0.445 0.94375 0.43583333333333335 0.943125 0.425 0.945625 0.4133333333333333 0.944375 0.4041666666666667 0.9475 0.39 0.9481250000000001 0.38333333333333336 0.9512500000000002 0.37333333333333335 0.9493750000000001 0.35416666666666663 0.95375 0.3433333333333333 0.9525 0.33916666666666667 0.9550000000000001 0.3375 0.9606250000000001 0.3375 0.9925 0.3441666666666666 0.999375
0 0.37583333333333335 0.8981250000000001 0.39416666666666667 0.89875 0.40750000000000003 0.89375 0.41 0.890625 0.40750000000000003 0.8881249999999999 0.40083333333333326 0.89 0.38249999999999995 0.89 0.37083333333333335 0.89375 0.37583333333333335 0.8981250000000001
0 0.4408333333333333 0.8868750000000001 0.4491666666666666 0.889375 0.4541666666666667 0.8950000000000001 0.46333333333333326 0.896875 0.4758333333333333 0.8881249999999999 0.48083333333333333 0.890625 0.4766666666666667 0.883125 0.4625 0.88375 0.45583333333333337 0.8800000000000001 0.4541666666666667 0.8856250000000001 0.4408333333333333 0.8868750000000001
0 0.03833333333333333 0.703125 0.049166666666666664 0.7037500000000001 0.05583333333333333 0.6987500000000001 0.07583333333333334 0.701875 0.08416666666666667 0.696875 0.09833333333333333 0.7025 0.10833333333333332 0.698125 0.12333333333333334 0.700625 0.13333333333333333 0.698125 0.1525 0.6993750000000001 0.1575 0.69625 0.16333333333333333 0.6831250000000001 0.17333333333333334 0.678125 0.175 0.655 0.17083333333333334 0.646875 0.16499999999999998 0.64625 0.15583333333333332 0.6412500000000001 0.1408333333333333 0.64375 0.12583333333333332 0.6425000000000001 0.12 0.645 0.1025 0.64375 0.095 0.6456250000000001 0.09 0.64375 0.07916666666666666 0.64375 0.06833333333333333 0.6475000000000001 0.05500000000000001 0.64625 0.04166666666666667 0.650625 0.029166666666666667 0.67625 0.02583333333333333 0.69625 0.03833333333333333 0.703125
0 0.18916666666666665 0.5493750000000001 0.19583333333333333 0.550625 0.24583333333333335 0.548125 0.2558333333333333 0.55 0.29416666666666663 0.550625 0.2991666666666667 0.548125 0.30083333333333334 0.54375 0.29583333333333334 0.513125 0.2925 0.509375 0.28583333333333333 0.51 0.2791666666666667 0.5075000000000001 0.2725 0.51 0.2625 0.5075000000000001 0.25416666666666665 0.509375 0.2475 0.5068750000000001 0.20833333333333334 0.5075000000000001 0.20249999999999999 0.510625 0.19583333333333333 0.508125 0.18833333333333332 0.53125 0.1875 0.546875 0.18916666666666665 0.5493750000000001
0 0.4766666666666667 0.7237500000000001 0.4841666666666667 0.731875 0.48916666666666664 0.73375 0.4841666666666667 0.7368750000000001 0.4841666666666667 0.7456250000000001 0.4875 0.749375 0.4958333333333333 0.74875 0.5 0.75125 0.49833333333333335 0.754375 0.49000000000000005 0.75875 0.5008333333333332 0.7862500000000001 0.5075000000000001 0.796875 0.5075000000000001 0.8018750000000001 0.5016666666666667 0.8106250000000002 0.5008333333333332 0.828125 0.5141666666666667 0.835 0.5216666666666667 0.8325000000000001 0.5308333333333334 0.834375 0.5316666666666666 0.8481250000000001 0.5258333333333333 0.8481250000000001 0.5275000000000001 0.849375 0.525 0.8525 0.5341666666666667 0.85375 0.5433333333333333 0.851875 0.5483333333333333 0.846875 0.5516666666666666 0.8481250000000001 0.5533333333333333 0.851875 0.5625 0.851875 0.5683333333333334 0.8487500000000001 0.5641666666666667 0.8418750000000002 0.5791666666666667 0.821875 0.5791666666666667 0.8043750000000001 0.5858333333333333 0.780625 0.585 0.7725000000000001 0.5708333333333333 0.765625 0.5691666666666666 0.7612500000000001 0.5775 0.760625 0.5816666666666667 0.758125 0.58 0.7550000000000001 0.585 0.7518750000000001 0.5875 0.7412500000000001 0.5916666666666667 0.73875 0.595 0.71625 0.5916666666666667 0.71375 0.5725 0.7150000000000001 0.5483333333333333 0.713125 0.5358333333333334 0.715625 0.5141666666666667 0.7143750000000001 0.505 0.718125 0.4841666666666667 0.7175 0.4766666666666667 0.72 0.4766666666666667 0.7237500000000001
0 0.6891666666666667 0.8450000000000001 0.6883333333333332 0.8393750000000001 0.6783333333333333 0.8387500000000001 0.6775 0.8450000000000001 0.6891666666666667 0.8450000000000001
0 0.6666666666666667 0.840625 0.6633333333333333 0.843125 0.6649999999999999 0.84375 0.67 0.838125 0.6666666666666667 0.8325000000000001 0.6608333333333334 0.83125 0.6625 0.8400000000000001 0.6666666666666667 0.840625
0 0.6033333333333333 0.851875 0.6158333333333333 0.8525 0.6183333333333334 0.849375 0.6266666666666667 0.8487500000000001 0.6316666666666666 0.8412499999999999 0.64 0.8387500000000001 0.6325000000000001 0.835 0.6316666666666666 0.83125 0.625 0.8300000000000001 0.6191666666666666 0.8306250000000001 0.6125 0.834375 0.61 0.8318749999999999 0.5916666666666667 0.8331250000000001 0.5891666666666666 0.840625 0.6033333333333333 0.851875
0 0.5916666666666667 0.771875 0.5941666666666666 0.774375 0.6266666666666667 0.7731250000000001 0.6366666666666666 0.7706250000000001 0.6541666666666667 0.77 0.6575 0.7681250000000001 0.6733333333333333 0.769375 0.6908333333333333 0.766875 0.7033333333333334 0.77125 0.7125 0.765625 0.7133333333333333 0.7412500000000001 0.7175 0.7375 0.7191666666666666 0.71625 0.725 0.7106250000000001 0.725 0.706875 0.7191666666666666 0.7050000000000001 0.7133333333333333 0.7100000000000001 0.7016666666666667 0.70875 0.6975 0.7106250000000001 0.6716666666666666 0.711875 0.6566666666666666 0.709375 0.6433333333333333 0.7143750000000001 0.6341666666666667 0.7150000000000001 0.6283333333333333 0.7143750000000001 0.6258333333333332 0.7100000000000001 0.6266666666666667 0.713125 0.6091666666666666 0.71375 0.6075 0.723125 0.5983333333333334 0.73375 0.5916666666666667 0.7518750000000001 0.5916666666666667 0.771875
0 0.32999999999999996 0.6787500000000001 0.32999999999999996 0.695625 0.335 0.713125 0.355 0.713125 0.36 0.7106250000000001 0.3975 0.711875 0.4 0.70875 0.42666666666666664 0.7106250000000001 0.46333333333333326 0.7081250000000001 0.4625 0.69625 0.46749999999999997 0.686875 0.4666666666666667 0.67625 0.45999999999999996 0.6575 0.445 0.6325000000000001 0.42666666666666664 0.6325000000000001 0.41916666666666663 0.630625 0.4083333333333333 0.6325000000000001 0.3525 0.6325000000000001 0.345 0.635 0.3308333333333333 0.635 0.325 0.63875 0.32416666666666666 0.649375 0.32999999999999996 0.6787500000000001
0 0.49083333333333334 0.95 0.5216666666666667 0.944375 0.54 0.943125 0.55 0.9400000000000001 0.5625 0.940625 0.5650000000000001 0.9393750000000001 0.5650000000000001 0.931875 0.5625 0.9225 0.5566666666666666 0.9193749999999999 0.5541666666666667 0.925 0.55 0.9275 0.5383333333333333 0.928125 0.5333333333333333 0.930625 0.5208333333333333 0.93 0.5166666666666667 0.931875 0.49416666666666664 0.9331250000000001 0.4875 0.9375 0.48666666666666664 0.9487500000000001 0.49083333333333334 0.95
0 0.5041666666666667 0.913125 0.5033333333333333 0.9112500000000001 0.5066666666666666 0.9112500000000001 0.5041666666666667 0.9106250000000001 0.495 0.9112500000000001 0.5041666666666667 0.913125
0 0.525 0.9015625 0.5216666666666667 0.9112500000000001 0.5333333333333333 0.9112500000000001 0.5358333333333334 0.906875 0.54 0.9075000000000001 0.5391666666666667 0.9112500000000001 0.5599999999999999 0.9106250000000001 0.5591666666666667 0.906875 0.5325 0.905625 0.5258333333333333 0.896875 0.525 0.8981250000000001 0.5275000000000001 0.900625 0.525 0.9015625
0 0.74 0.673125 0.7383333333333333 0.6825 0.7308333333333333 0.685625 0.73 0.68875 0.7333333333333333 0.713125 0.7258333333333333 0.726875 0.7266666666666667 0.7375 0.725 0.7412500000000001 0.7166666666666667 0.7456250000000001 0.7166666666666667 0.7525000000000001 0.7191666666666666 0.754375 0.7166666666666667 0.769375 0.7083333333333333 0.79375 0.7024999999999999 0.8006249999999999 0.7058333333333333 0.81875 0.7116666666666667 0.8237500000000001 0.7066666666666667 0.828125 0.7058333333333333 0.835 0.7083333333333333 0.8400000000000001 0.7024999999999999 0.844375 0.7024999999999999 0.8474999999999999 0.7058333333333333 0.843125 0.7091666666666667 0.8450000000000001 0.73 0.8412499999999999 0.7375 0.8418750000000002 0.7466666666666667 0.8387500000000001 0.755 0.8393750000000001 0.7641666666666667 0.8293750000000001 0.7708333333333333 0.83375 0.7866666666666666 0.8306250000000001 0.7875 0.834375 0.8033333333333333 0.835 0.8033333333333333 0.8168750000000001 0.8108333333333333 0.81125 0.8133333333333332 0.79 0.8208333333333334 0.77625 0.8175000000000001 0.763125 0.8241666666666667 0.7575000000000001 0.825 0.74875 0.8275 0.7462500000000001 0.825 0.7362500000000001 0.8308333333333333 0.7306250000000001 0.8358333333333332 0.70625 0.8416666666666666 0.70125 0.8425 0.696875 0.8458333333333334 0.665 0.8383333333333333 0.654375 0.8133333333333332 0.6525000000000001 0.8066666666666666 0.655 0.7975 0.6518750000000001 0.7866666666666666 0.654375 0.75 0.6518750000000001 0.7483333333333333 0.655625 0.7408333333333333 0.653125 0.7333333333333333 0.6575 0.74 0.66875 0.74 0.673125
0 0.7591666666666667 0.6475000000000001 0.7491666666666666 0.6475000000000001 0.7474999999999999 0.650625 0.7591666666666667 0.6475000000000001
0 0.7171875 0.640625 0.00078125 0.00078125
0 0.6841666666666667 0.9037499999999999 0.6891666666666667 0.905625 0.6866666666666666 0.9081250000000001 0.6841666666666667 0.9075000000000001 0.6849999999999999 0.909375 0.7024999999999999 0.9043750000000002 0.7008333333333333 0.899375 0.6975 0.8975 0.7033333333333334 0.8925000000000001 0.74 0.89 0.7591666666666667 0.884375 0.7641666666666667 0.8787499999999999 0.7716666666666667 0.884375 0.7891666666666667 0.88375 0.7933333333333333 0.87375 0.7925 0.86625 0.7991666666666666 0.8525 0.8 0.8400000000000001 0.7866666666666666 0.8356250000000001 0.7791666666666667 0.8356250000000001 0.7725 0.8393750000000001 0.7641666666666667 0.8375 0.7583333333333333 0.840625 0.75 0.8393750000000001 0.7424999999999999 0.843125 0.6991666666666666 0.8474999999999999 0.6925 0.853125 0.6849999999999999 0.8793750000000001 0.6866666666666666 0.8975 0.6841666666666667 0.9037499999999999
0 0.278125 0.96640625 0.00234375 0.00078125
0 0.240625 0.93515625 0.0015625 0.00078125
0 0.18166666666666667 0.9631250000000001 0.17833333333333332 0.9700000000000001 0.18166666666666667 0.9725000000000001 0.18583333333333335 0.9693750000000001 0.1925 0.9706250000000001 0.19916666666666666 0.9662500000000002 0.2033333333333333 0.9668750000000002 0.20666666666666664 0.9637500000000001 0.21333333333333332 0.9637500000000001 0.21666666666666665 0.968125 0.22416666666666668 0.9675 0.2308333333333333 0.961875 0.22416666666666668 0.94625 0.22583333333333333 0.9393750000000001 0.22999999999999998 0.934375 0.23833333333333334 0.9331250000000001 0.23666666666666666 0.928125 0.2308333333333333 0.9231250000000001 0.22749999999999998 0.92875 0.22333333333333333 0.9256249999999999 0.22000000000000003 0.92875 0.22833333333333333 0.9293750000000001 0.22916666666666666 0.9325000000000001 0.21666666666666665 0.93625 0.21333333333333332 0.9425000000000001 0.215 0.945625 0.21000000000000002 0.95 0.2058333333333333 0.9493750000000001 0.20249999999999999 0.9512500000000002 0.19916666666666666 0.9556250000000001 0.19333333333333333 0.9493750000000001 0.1875 0.9506249999999999 0.18916666666666665 0.9600000000000002 0.18166666666666667 0.9631250000000001
0 0.23833333333333334 0.959375 0.24416666666666664 0.9625 0.25666666666666665 0.9606250000000001 0.2783333333333333 0.961875 0.28250000000000003 0.9575000000000001 0.2875 0.9581250000000001 0.29333333333333333 0.9550000000000001 0.30333333333333334 0.9568749999999999 0.32416666666666666 0.9556250000000001 0.3308333333333333 0.9581250000000001 0.33166666666666667 0.9337500000000001 0.3275 0.9325000000000001 0.32083333333333336 0.93625 0.31 0.9337500000000001 0.30666666666666664 0.920625 0.3 0.920625 0.2966666666666667 0.9275 0.2891666666666667 0.9262500000000001 0.2866666666666667 0.9237500000000001 0.2758333333333333 0.9225 0.2683333333333333 0.9331250000000001 0.265 0.9325000000000001 0.25833333333333336 0.9356250000000002 0.24666666666666667 0.9349999999999999 0.2375 0.94625 0.23583333333333334 0.9493750000000001 0.23833333333333334 0.959375
0 0.17916666666666667 0.8775000000000001 0.17166666666666666 0.8793750000000001 0.175 0.9112500000000001 0.18916666666666665 0.9112500000000001 0.19333333333333333 0.909375 0.19583333333333333 0.9125 0.19916666666666666 0.9125 0.2058333333333333 0.9087500000000001 0.21000000000000002 0.909375 0.21749999999999997 0.90625 0.22000000000000003 0.903125 0.22333333333333333 0.9181250000000001 0.22333333333333333 0.91625 0.2325 0.9112500000000001 0.22833333333333333 0.9075000000000001 0.2325 0.9037499999999999 0.24083333333333332 0.903125 0.25166666666666665 0.90625 0.255 0.9025000000000001 0.27 0.9018750000000001 0.2758333333333333 0.89875 0.29 0.900625 0.3225 0.8981250000000001 0.32666666666666666 0.899375 0.33166666666666667 0.905 0.33416666666666667 0.9043750000000002 0.33416666666666667 0.86625 0.3275 0.850625 0.3058333333333333 0.85 0.27 0.8575000000000002 0.2475 0.8568749999999999 0.2341666666666667 0.85875 0.22833333333333333 0.8625 0.21583333333333332 0.8612500000000001 0.21000000000000002 0.8625 0.20666666666666664 0.8668750000000001 0.19416666666666665 0.865 0.185 0.86625 0.185 0.8724999999999999 0.17916666666666667 0.8775000000000001
0 0.3284848484848485 0.8299147727272727 0.33166666666666667 0.828125 0.32916666666666666 0.828125 0.3284848484848485 0.8299147727272727
0 0.3275 0.8325000000000001 0.3308333333333333 0.8356250000000001 0.33166666666666667 0.8315625000000001 0.3284343434343434 0.8300473484848485 0.3275 0.8325000000000001
0 0.26875 0.8234375 0.00078125 0.0015625
0 0.595 0.8425 0.6033333333333333 0.84375 0.6116666666666666 0.8393750000000001 0.6083333333333333 0.8356250000000001 0.595 0.8356250000000001 0.5916666666666667 0.838125 0.595 0.8425
0 0.595 0.7725000000000001 0.6025 0.7706250000000001 0.6091666666666666 0.7725000000000001 0.6258333333333332 0.771875 0.6466666666666667 0.7681250000000001 0.6508333333333333 0.7625 0.6566666666666666 0.7618750000000001 0.6633333333333333 0.765625 0.6933333333333334 0.765625 0.7041666666666667 0.7681250000000001 0.7083333333333333 0.766875 0.7116666666666667 0.7625 0.7125 0.7412500000000001 0.7175 0.738125 0.72 0.7193750000000001 0.7224999999999999 0.716875 0.7266666666666667 0.716875 0.7266666666666667 0.7075 0.7233333333333334 0.7037500000000001 0.7133333333333333 0.7081250000000001 0.71 0.70625 0.7075 0.7081250000000001 0.6991666666666666 0.70625 0.6950000000000001 0.709375 0.6808333333333334 0.70625 0.6783333333333333 0.7106250000000001 0.6733333333333333 0.71125 0.6558333333333334 0.7075 0.6433333333333333 0.71375 0.6333333333333333 0.7143750000000001 0.6283333333333333 0.71375 0.6266666666666667 0.709375 0.6141666666666666 0.7125 0.6091666666666666 0.7106250000000001 0.6066666666666667 0.7237500000000001 0.5966666666666667 0.735625 0.5925 0.7506250000000001 0.595 0.7725000000000001
0 0.5116666666666666 0.93 0.5216666666666667 0.93125 0.5258333333333333 0.928125 0.5291666666666667 0.92875 0.5308333333333334 0.9262500000000001 0.53 0.921875 0.52 0.915625 0.5091666666666667 0.92125 0.5083333333333333 0.9262500000000001 0.5116666666666666 0.93
0 0.5591666666666667 0.9293750000000001 0.5633333333333332 0.9256249999999999 0.5641666666666667 0.9137500000000001 0.5516666666666666 0.9137500000000001 0.5433333333333333 0.92125 0.5441666666666667 0.9268750000000001 0.5591666666666667 0.9293750000000001
0 0.5291666666666667 0.9137500000000001 0.53 0.9106250000000001 0.5275000000000001 0.9099999999999999 0.5266666666666666 0.9137500000000001 0.5291666666666667 0.9137500000000001
0 0.51 0.74875 0.505 0.748125 0.505 0.754375 0.51 0.74875
0 0.5366666666666666 0.749375 0.5466666666666666 0.7550000000000001 0.5541666666666667 0.75 0.5558333333333334 0.745 0.545 0.74375 0.5366666666666666 0.7462500000000001 0.5175 0.7462500000000001 0.5183333333333333 0.75125 0.5366666666666666 0.749375
0 0.5083333333333333 0.796875 0.5083333333333333 0.80375 0.5041666666666667 0.806875 0.5008333333333332 0.8275 0.5025000000000001 0.834375 0.49833333333333335 0.8375 0.5033333333333333 0.8625 0.49833333333333335 0.868125 0.49833333333333335 0.883125 0.49083333333333334 0.89 0.49416666666666664 0.905 0.5016666666666667 0.9106250000000001 0.505 0.9106250000000001 0.51 0.90625 0.5308333333333334 0.90625 0.545 0.903125 0.5549999999999999 0.9043750000000002 0.5608333333333333 0.9087500000000001 0.5666666666666667 0.9012500000000001 0.5691666666666666 0.890625 0.5700000000000001 0.8675 0.5691666666666666 0.8631249999999999 0.5666666666666667 0.8625 0.5708333333333333 0.8618750000000001 0.5766666666666667 0.8487500000000001 0.5775 0.8275 0.5808333333333333 0.820625 0.58 0.8099999999999999 0.5825 0.806875 0.5816666666666667 0.8 0.5841666666666667 0.796875 0.5866666666666667 0.779375 0.585 0.7725000000000001 0.58 0.7725000000000001 0.5700000000000001 0.766875 0.5691666666666666 0.7618750000000001 0.5641666666666667 0.7568750000000001 0.5641666666666667 0.7518750000000001 0.5675 0.749375 0.5733333333333334 0.75125 0.5775 0.755625 0.585 0.754375 0.5866666666666667 0.7475 0.5741666666666666 0.743125 0.5583333333333333 0.744375 0.5566666666666666 0.758125 0.5508333333333333 0.76 0.545 0.766875 0.5391666666666667 0.765625 0.5308333333333334 0.77 0.525 0.77 0.5216666666666667 0.765625 0.515 0.765 0.5116666666666666 0.766875 0.5041666666666667 0.7568750000000001 0.49833333333333335 0.7575000000000001 0.49333333333333335 0.7618750000000001 0.5016666666666667 0.7862500000000001 0.5083333333333333 0.796875
0 0.575 0.7375 0.5716666666666667 0.734375 0.5691666666666666 0.7350000000000001 0.5700000000000001 0.73875 0.575 0.7375
0 0.56640625 0.7171875 0.0015625 0.00078125
0 0.4833333333333333 0.7325 0.4833333333333333 0.7462500000000001 0.48666666666666664 0.755625 0.5008333333333332 0.785625 0.5075000000000001 0.794375 0.5083333333333333 0.806875 0.5141666666666667 0.8137500000000001 0.5083333333333333 0.815625 0.5116666666666666 0.818125 0.5083333333333333 0.81875 0.5116666666666666 0.820625 0.505 0.821875 0.5016666666666667 0.8256249999999999 0.49749999999999994 0.83625 0.49833333333333335 0.8450000000000001 0.5041666666666667 0.8525 0.5108333333333334 0.8556250000000001 0.5458333333333333 0.8525 0.5641666666666667 0.85375 0.5716666666666667 0.849375 0.575 0.8225 0.5691666666666666 0.8175000000000001 0.5591666666666667 0.8137500000000001 0.5558333333333334 0.80375 0.5599999999999999 0.8018750000000001 0.5708333333333333 0.8025 0.5741666666666666 0.806875 0.5733333333333334 0.8043750000000001 0.5808333333333333 0.79625 0.58 0.7931250000000001 0.5900000000000001 0.765625 0.5916666666666667 0.7300000000000001 0.5858333333333333 0.729375 0.5916666666666667 0.716875 0.5866666666666667 0.718125 0.5845833333333333 0.71625 0.5791666666666667 0.71875 0.58 0.71625 0.5754166666666667 0.71625 0.5725 0.7193750000000001 0.5700000000000001 0.715625 0.5141666666666667 0.71625 0.5108333333333334 0.7193750000000001 0.5016666666666667 0.7193750000000001 0.49749999999999994 0.7175 0.48083333333333333 0.7206250000000001 0.47750000000000004 0.7237500000000001 0.4833333333333333 0.7325
0 0.5433333333333333 0.9387500000000001 0.5425 0.9375 0.5391666666666667 0.9387500000000001 0.5433333333333333 0.9387500000000001
0 0.559375 0.93515625 0.00078125 0.0015625
0 0.5041666666666667 0.80625 0.505 0.8137500000000001 0.5 0.826875 0.5008333333333332 0.8318749999999999 0.49749999999999994 0.836875 0.5 0.851875 0.4966666666666667 0.86625 0.49749999999999994 0.881875 0.49000000000000005 0.889375 0.49333333333333335 0.9099999999999999 0.49833333333333335 0.914375 0.4916666666666667 0.92125 0.4925 0.9262500000000001 0.4958333333333333 0.93125 0.5016666666666667 0.934375 0.51 0.9325000000000001 0.5216666666666667 0.9337500000000001 0.5258333333333333 0.930625 0.5575 0.930625 0.5616666666666666 0.928125 0.5641666666666667 0.921875 0.5625 0.906875 0.5658333333333333 0.9018750000000001 0.5683333333333334 0.8881249999999999 0.5700000000000001 0.859375 0.575 0.8512500000000001 0.5741666666666666 0.834375 0.5783333333333334 0.8225 0.5791666666666667 0.7993750000000001 0.5841666666666667 0.775625 0.5691666666666666 0.76875 0.5650000000000001 0.76 0.5593939393939393 0.7557954545454546 0.5583333333333333 0.759375 0.55 0.7618750000000001 0.5466666666666666 0.766875 0.5391666666666667 0.766875 0.5325 0.77 0.525 0.77 0.5225 0.7662500000000001 0.5183333333333333 0.766875 0.5158333333333334 0.765 0.5116666666666666 0.7662500000000001 0.505 0.755625 0.4925 0.7618750000000001 0.5016666666666667 0.7862500000000001 0.5075000000000001 0.795 0.5075000000000001 0.80375 0.5041666666666667 0.80625
0 0.5775 0.75125 0.5816666666666667 0.75125 0.5775 0.748125 0.5775 0.75125
0 0.51 0.748125 0.5083333333333333 0.7475 0.5066666666666666 0.7506250000000001 0.51 0.748125
0 0.5225 0.75 0.5358333333333334 0.75 0.5383333333333333 0.753125 0.5458333333333333 0.753125 0.5525 0.748125 0.5516666666666666 0.744375 0.5175 0.746875 0.5191666666666667 0.7518750000000001 0.5225 0.75
0 0.705 0.75125 0.7033333333333334 0.7475 0.6975 0.75 0.6983333333333334 0.75375 0.705 0.75125
0 0.6125 0.7 0.6083333333333333 0.7050000000000001 0.605 0.704375 0.6075 0.70875 0.605 0.716875 0.6083333333333333 0.7237500000000001 0.5983333333333334 0.7300000000000001 0.5958333333333333 0.7412500000000001 0.5991666666666666 0.7462500000000001 0.605 0.7475 0.6366666666666666 0.74375 0.6683333333333333 0.745 0.6783333333333333 0.7412500000000001 0.6849999999999999 0.743125 0.7024999999999999 0.743125 0.7066666666666667 0.74 0.7158333333333333 0.74 0.7208333333333333 0.7375 0.72 0.725 0.73 0.7143750000000001 0.7274999999999999 0.700625 0.7208333333333333 0.69125 0.72 0.695625 0.7166666666666667 0.6975 0.7024999999999999 0.696875 0.6975 0.6881250000000001 0.6891666666666667 0.685625 0.6883333333333332 0.678125 0.6816666666666666 0.6775 0.6783333333333333 0.680625 0.675 0.680625 0.6683333333333333 0.675625 0.6641666666666667 0.6768750000000001 0.6599999999999999 0.681875 0.6641666666666667 0.68625 0.6591666666666667 0.6925000000000001 0.6533333333333333 0.6925000000000001 0.655 0.6943750000000001 0.6475 0.6993750000000001 0.6466666666666667 0.7056250000000001 0.6416666666666667 0.7106250000000001 0.6341666666666667 0.7106250000000001 0.625 0.7050000000000001 0.6258333333333332 0.7037500000000001 0.6166666666666667 0.696875 0.6174999999999999 0.691875 0.6125 0.68625 0.6091666666666666 0.686875 0.6041666666666667 0.6925000000000001 0.605 0.6975 0.6125 0.7
0 0.6191666666666666 0.685625 0.63 0.685 0.6341666666666667 0.6737500000000001 0.6316666666666666 0.67125 0.6258333333333332 0.670625 0.62 0.6775 0.6133333333333333 0.6768750000000001 0.6125 0.6837500000000001 0.6191666666666666 0.685625
0 0.7224999999999999 0.6787500000000001 0.7274999999999999 0.680625 0.7341666666666666 0.67 0.73 0.6637500000000001 0.725 0.664375 0.7283333333333333 0.67125 0.7224999999999999 0.6787500000000001
0 0.00234375 0.878125 0.0046875 0.0046875
0 0.06999999999999999 0.8668750000000001 0.07416666666666667 0.8700000000000001 0.07583333333333334 0.86625 0.0725 0.865 0.06999999999999999 0.865 0.06999999999999999 0.8668750000000001
0 0.052500000000000005 0.8668750000000001 0.06 0.86625 0.06083333333333333 0.8643750000000001 0.06 0.8625 0.05333333333333333 0.86625 0.043333333333333335 0.865625 0.042499999999999996 0.8724999999999999 0.052500000000000005 0.8668750000000001
0 0.08666666666666667 0.8712500000000001 0.09833333333333333 0.8724999999999999 0.10333333333333332 0.869375 0.10333333333333332 0.865625 0.09833333333333333 0.8643750000000001 0.095 0.8668750000000001 0.08499999999999999 0.859375 0.08499999999999999 0.8625 0.08166666666666667 0.8643750000000001 0.08083333333333334 0.869375 0.08666666666666667 0.8712500000000001
0 0.0875 0.8525 0.08416666666666667 0.8481250000000001 0.08083333333333334 0.8487500000000001 0.08166666666666667 0.853125 0.0875 0.8525
0 0.14166666666666666 0.8487500000000001 0.1375 0.8474999999999999 0.13666666666666666 0.8487500000000001 0.14166666666666666 0.8487500000000001
0 0.12250000000000001 0.85 0.12250000000000001 0.846875 0.12 0.8487500000000001 0.12250000000000001 0.85
0 0.10916666666666666 0.8525 0.11916666666666667 0.851875 0.11833333333333333 0.8487500000000001 0.11166666666666666 0.84375 0.10916666666666666 0.843125 0.10583333333333333 0.8456250000000001 0.10416666666666667 0.8487500000000001 0.10916666666666666 0.8525
0 0.11916666666666667 0.8356250000000001 0.12166666666666666 0.83375 0.11916666666666667 0.83375 0.11916666666666667 0.8356250000000001
0 0 0.7325 0 0.8150000000000001 0.010833333333333334 0.8293750000000001 0.005 0.8300000000000001 0.0025 0.8325000000000001 0.0025 0.8356250000000001 0.006666666666666666 0.8387500000000001 0.006666666666666666 0.8450000000000001 0.010833333333333334 0.8481250000000001 0.005 0.8556250000000001 0.004166666666666667 0.8625 0.011666666666666667 0.8606250000000001 0.019166666666666665 0.8643750000000001 0.010833333333333334 0.86875 0.011666666666666667 0.8731250000000002 0.019166666666666665 0.875 0.029166666666666667 0.8731250000000002 0.028333333333333332 0.865 0.030833333333333334 0.86625 0.034166666666666665 0.8637500000000001 0.030833333333333334 0.8612500000000001 0.034999999999999996 0.858125 0.06083333333333333 0.8556250000000001 0.065 0.8525 0.06083333333333333 0.8450000000000001 0.06333333333333332 0.8418750000000002 0.06833333333333333 0.8418750000000002 0.07416666666666667 0.8481250000000001 0.08 0.8456250000000001 0.075 0.8418750000000002 0.0775 0.8393750000000001 0.0925 0.8387500000000001 0.095 0.83625 0.09916666666666667 0.83625 0.10083333333333333 0.83125 0.095 0.828125 0.09 0.82875 0.08833333333333333 0.8243750000000001 0.08499999999999999 0.8237500000000001 0.08249999999999999 0.8175000000000001 0.08583333333333333 0.8150000000000001 0.08916666666666666 0.8143750000000001 0.09333333333333334 0.8175000000000001 0.09916666666666667 0.818125 0.10166666666666666 0.815625 0.10833333333333332 0.8143750000000001 0.1125 0.809375 0.11583333333333332 0.809375 0.11916666666666667 0.813125 0.12250000000000001 0.8081250000000001 0.12583333333333332 0.81125 0.14333333333333334 0.8099999999999999 0.14750000000000002 0.813125 0.1525 0.8099999999999999 0.16083333333333333 0.81125 0.15666666666666668 0.8075000000000001 0.16083333333333333 0.8075000000000001 0.16166666666666668 0.774375 0.15416666666666667 0.763125 0.15583333333333332 0.7393750000000001 0.16 0.723125 0.16 0.7050000000000001 0.15833333333333333 0.7025 0.13999999999999999 0.7 0.12916666666666668 0.703125 0.11583333333333332 0.70125 0.10916666666666666 0.704375 0.09833333333333333 0.704375 0.09166666666666666 0.70125 0.07416666666666667 0.7037500000000001 0.06 0.70125 0.05 0.7056250000000001 0.04083333333333333 0.7056250000000001 0.024166666666666666 0.6987500000000001 0.01583333333333333 0.7056250000000001 0.005 0.7081250000000001 0.0025 0.715625 0.0025 0.728125 0 0.7325
0 0.19333333333333333 0.63875 0.2125 0.6362500000000001 0.24666666666666667 0.6375 0.30416666666666664 0.634375 0.30666666666666664 0.61875 0.30166666666666664 0.60875 0.30083333333333334 0.595 0.30333333333333334 0.58625 0.3 0.56625 0.29500000000000004 0.555 0.29 0.5525 0.27749999999999997 0.553125 0.26666666666666666 0.55125 0.22416666666666668 0.5537500000000001 0.21583333333333332 0.5518750000000001 0.2058333333333333 0.5525 0.20166666666666666 0.556875 0.19583333333333333 0.5737500000000001 0.19416666666666665 0.591875 0.19666666666666666 0.59375 0.19666666666666666 0.60625 0.19166666666666668 0.608125 0.1875 0.621875 0.18833333333333332 0.6425000000000001 0.19333333333333333 0.63875
0 0.5700000000000001 0.9125 0.5691666666666666 0.928125 0.5708333333333333 0.9331250000000001 0.5741666666666666 0.9349999999999999 0.5708333333333333 0.9393750000000001 0.5758333333333333 0.9425000000000001 0.5858333333333333 0.9393750000000001 0.5991666666666666 0.9387500000000001 0.6083333333333333 0.9268750000000001 0.6125 0.925 0.6208333333333333 0.928125 0.6208333333333333 0.931875 0.6158333333333333 0.9325000000000001 0.6141666666666666 0.9349999999999999 0.61875 0.9349999999999999 0.62 0.9331250000000001 0.6241666666666666 0.9356250000000002 0.6333333333333333 0.9356250000000002 0.6458333333333333 0.92875 0.6433333333333333 0.9256249999999999 0.645 0.9237500000000001 0.6683333333333333 0.920625 0.675 0.915 0.6766666666666666 0.8981250000000001 0.6816666666666666 0.885 0.6816666666666666 0.8731250000000002 0.6866666666666666 0.86625 0.6891666666666667 0.846875 0.6950000000000001 0.8393750000000001 0.6933333333333334 0.8243750000000001 0.6991666666666666 0.8175000000000001 0.6975 0.79625 0.7066666666666667 0.7837500000000001 0.705 0.76875 0.7091666666666667 0.7618750000000001 0.7091666666666667 0.7550000000000001 0.7041666666666667 0.75125 0.7041666666666667 0.7456250000000001 0.7075 0.729375 0.7024999999999999 0.7237500000000001 0.7066666666666667 0.72 0.7058333333333333 0.7175 0.71 0.716875 0.71 0.7125 0.7058333333333333 0.7075 0.6991666666666666 0.70625 0.6991666666666666 0.709375 0.6958333333333333 0.71125 0.6891666666666667 0.709375 0.6783333333333333 0.71125 0.6691666666666667 0.7081250000000001 0.6575 0.709375 0.6541666666666667 0.70625 0.6475 0.7143750000000001 0.6366666666666666 0.7125 0.6333333333333333 0.71625 0.6275000000000001 0.713125 0.6266666666666667 0.7081250000000001 0.625 0.7125 0.6208333333333333 0.71375 0.6191666666666666 0.7100000000000001 0.6083333333333333 0.706875 0.6058333333333333 0.731875 0.6008333333333333 0.734375 0.5933333333333334 0.75125 0.5941666666666666 0.763125 0.5883333333333333 0.780625 0.5883333333333333 0.798125 0.5841666666666667 0.809375 0.5841666666666667 0.8231250000000001 0.5808333333333333 0.8331250000000001 0.5808333333333333 0.86 0.5758333333333333 0.8700000000000001 0.5766666666666667 0.8800000000000001 0.5716666666666667 0.8925000000000001 0.5733333333333334 0.9043750000000002 0.5700000000000001 0.9125
0 0.6425 0.6475000000000001 0.6366666666666666 0.64625 0.6366666666666666 0.6481250000000001 0.6425 0.6475000000000001
0 0.6191666666666666 0.6425000000000001 0.63 0.640625 0.6233333333333333 0.6368750000000001 0.6191666666666666 0.638125 0.6166666666666667 0.640625 0.6191666666666666 0.6425000000000001
0 0.5974999999999999 0.623125 0.5941666666666666 0.621875 0.5941666666666666 0.62375 0.5974999999999999 0.623125
0 0.3591666666666667 0.9512500000000002 0.37 0.951875 0.37583333333333335 0.946875 0.3908333333333333 0.9475 0.4133333333333333 0.94375 0.4425 0.944375 0.45666666666666667 0.9412499999999999 0.4666666666666667 0.9412499999999999 0.47333333333333333 0.94375 0.48166666666666663 0.9425000000000001 0.485 0.936875 0.48166666666666663 0.915 0.47333333333333333 0.9112500000000001 0.45 0.9099999999999999 0.4479761904761904 0.9089880952380952 0.44666666666666666 0.9106250000000001 0.4425 0.9081250000000001 0.4375 0.911875 0.4341666666666667 0.911875 0.4341666666666667 0.9081250000000001 0.43166666666666664 0.906875 0.42833333333333334 0.911875 0.4225 0.913125 0.4141666666666667 0.9081250000000001 0.4041666666666667 0.9168750000000001 0.3983333333333333 0.914375 0.3975 0.9112500000000001 0.3933333333333333 0.911875 0.3908333333333333 0.9081250000000001 0.37666666666666665 0.9168750000000001 0.37416666666666665 0.91625 0.37583333333333335 0.9106250000000001 0.36666666666666664 0.9137500000000001 0.3625 0.911875 0.3525 0.913125 0.3383333333333333 0.9275 0.3383333333333333 0.94375 0.3416666666666667 0.9525 0.345 0.9543750000000001 0.3591666666666667 0.9512500000000002
0 0.34833333333333333 0.896875 0.3525 0.8875 0.3525 0.8800000000000001 0.345 0.878125 0.3408333333333333 0.883125 0.34249999999999997 0.8950000000000001 0.34833333333333333 0.896875
0 0.41796875 0.87578125 0.00078125 0.00078125
0 0.35666666666666663 0.869375 0.3525 0.8675 0.3525 0.8712500000000001 0.35666666666666663 0.869375
0 0.345 0.865 0.3416666666666667 0.8706250000000001 0.34750000000000003 0.8631249999999999 0.3525 0.8637500000000001 0.3525 0.8568749999999999 0.3416666666666667 0.858125 0.3408333333333333 0.8637500000000001 0.345 0.865
0 0.4703125 0.8515625 0.0015625 0.0015625
0 0.4125 0.8512500000000001 0.4025 0.85875 0.39666666666666667 0.85625 0.3933333333333333 0.8568749999999999 0.39166666666666666 0.859375 0.39416666666666667 0.8612500000000001 0.4141666666666667 0.85875 0.41833333333333333 0.8625 0.4141666666666667 0.865625 0.4175 0.8700000000000001 0.4208333333333333 0.8668750000000001 0.43166666666666664 0.8643750000000001 0.4325 0.869375 0.4383333333333333 0.8700000000000001 0.44000000000000006 0.865625 0.44749999999999995 0.8625 0.44833333333333336 0.8575000000000002 0.45583333333333337 0.8487500000000001 0.4608333333333333 0.8462500000000001 0.47750000000000004 0.8474999999999999 0.48 0.843125 0.4833333333333333 0.843125 0.4841666666666667 0.8450000000000001 0.4875 0.8425 0.4875 0.838125 0.4758333333333333 0.8375 0.47000000000000003 0.8412499999999999 0.4691666666666666 0.8456250000000001 0.4625 0.84375 0.45499999999999996 0.846875 0.4525 0.8425 0.4491666666666666 0.843125 0.4458333333333333 0.8393750000000001 0.4425 0.8425 0.43583333333333335 0.843125 0.425 0.838125 0.41500000000000004 0.8412499999999999 0.4 0.840625 0.3975 0.8462500000000001 0.39416666666666667 0.8456250000000001 0.39249999999999996 0.8474999999999999 0.40166666666666667 0.850625 0.4125 0.8512500000000001
0 0.010833333333333334 0.9943750000000001 0.008333333333333333 0.993125 0.0075 0.9950000000000001 0.010833333333333334 0.9943750000000001
0 0.05166666666666666 0.9887500000000001 0.05 0.9856250000000001 0.049166666666666664 0.9881250000000001 0.05166666666666666 0.9887500000000001
0 0.06416666666666666 0.9850000000000001 0.06583333333333333 0.9787500000000001 0.06166666666666667 0.9787500000000001 0.057499999999999996 0.9825000000000002 0.05583333333333333 0.984375 0.06416666666666666 0.9850000000000001
0 0.0325 0.9787500000000001 0.034166666666666665 0.9856250000000001 0.03791666666666667 0.9884375000000001 0.04166666666666667 0.9856250000000001 0.0325 0.9787500000000001
0 0.05166666666666666 0.9956250000000001 0.059166666666666666 0.993125 0.06416666666666666 0.9943750000000001 0.042499999999999996 0.9862500000000001 0.04166666666666667 0.9856250000000001 0.043333333333333335 0.9875 0.042499999999999996 0.9943750000000001 0.05 0.9925 0.05166666666666666 0.9956250000000001
0 0.008333333333333333 0.98125 0.005833333333333334 0.9762500000000001 0.005 0.984375 0.008333333333333333 0.98125
0 0.04166666666666667 0.971875 0.03916666666666667 0.9662500000000002 0.035833333333333335 0.965625 0.034999999999999996 0.9700000000000001 0.04166666666666667 0.971875
0 0.065 0.9693750000000001 0.06666666666666667 0.9668750000000002 0.06333333333333332 0.9643750000000001 0.06166666666666667 0.9675 0.065 0.9693750000000001
0 0.00546875 0.78984375 0.00078125 0.00078125
0 0.03833333333333333 0.775625 0.03666666666666667 0.774375 0.035833333333333335 0.77625 0.03833333333333333 0.775625
0 0.0075 0.8975 0.004166666666666667 0.9 0.005833333333333334 0.905 0.003333333333333333 0.9275 0 0.931875 0 0.946875 0.0025 0.9487500000000001 0.005 0.965625 0.008333333333333333 0.9662500000000002 0.017499999999999998 0.9600000000000002 0.0325 0.959375 0.034999999999999996 0.96125 0.043333333333333335 0.96125 0.05 0.9600000000000002 0.052500000000000005 0.9556250000000001 0.07416666666666667 0.95625 0.08083333333333334 0.95375 0.10333333333333332 0.9525 0.10833333333333332 0.9550000000000001 0.1125 0.961875 0.12166666666666666 0.9631250000000001 0.11750000000000001 0.9700000000000001 0.11916666666666667 0.9737500000000001 0.11333333333333333 0.976875 0.11666666666666667 0.9756250000000002 0.11916666666666667 0.978125 0.12666666666666665 0.9737500000000001 0.125 0.968125 0.1275 0.95875 0.12250000000000001 0.953125 0.12416666666666668 0.951875 0.13083333333333333 0.951875 0.13333333333333333 0.9556250000000001 0.13583333333333333 0.9512500000000002 0.14583333333333331 0.9481250000000001 0.15416666666666667 0.9487500000000001 0.16 0.9525 0.15916666666666665 0.9600000000000002 0.16083333333333333 0.96125 0.16416666666666666 0.9575000000000001 0.1675 0.961875 0.17166666666666666 0.9543750000000001 0.17166666666666666 0.9481250000000001 0.16833333333333333 0.9356250000000002 0.1675 0.8862500000000001 0.16416666666666666 0.85625 0.16083333333333333 0.8525 0.16083333333333333 0.8300000000000001 0.1575 0.825 0.15166666666666667 0.8243750000000001 0.14750000000000002 0.8143750000000001 0.15083333333333332 0.8087500000000001 0.15083333333333332 0.7993750000000001 0.16083333333333333 0.796875 0.16 0.77625 0.15666666666666668 0.775 0.15083333333333332 0.77875 0.14750000000000002 0.7706250000000001 0.1408333333333333 0.77375 0.13333333333333333 0.77125 0.13333333333333333 0.77625 0.12333333333333334 0.77625 0.11416666666666667 0.7731250000000001 0.1075 0.774375 0.10583333333333333 0.7725000000000001 0.1 0.78 0.08666666666666667 0.78 0.08666666666666667 0.775625 0.08416666666666667 0.774375 0.08416666666666667 0.77875 0.08083333333333334 0.780625 0.06083333333333333 0.7818750000000001 0.059166666666666666 0.786875 0.05583333333333333 0.7862500000000001 0.0625 0.789375 0.06166666666666667 0.7931250000000001 0.06666666666666667 0.7993750000000001 0.065 0.805 0.06083333333333333 0.8081250000000001 0.05500000000000001 0.805625 0.05 0.805625 0.04583333333333333 0.8081250000000001 0.043333333333333335 0.805625 0.04 0.8087500000000001 0.035833333333333335 0.8081250000000001 0.03166666666666666 0.8106250000000002 0.034166666666666665 0.8150000000000001 0.029166666666666667 0.82125 0.03333333333333333 0.821875 0.034166666666666665 0.825 0.03166666666666666 0.8262500000000002 0.02583333333333333 0.8243750000000001 0.025 0.828125 0.030833333333333334 0.8293750000000001 0.035833333333333335 0.835 0.03333333333333333 0.838125 0.02583333333333333 0.83625 0.0225 0.8375 0.01583333333333333 0.8462500000000001 0.006666666666666666 0.8456250000000001 0.0025 0.8731250000000002 0.003333333333333333 0.8943749999999999 0.0075 0.8975
0 0.6858333333333333 0.9037499999999999 0.6950000000000001 0.9025000000000001 0.6958333333333333 0.9043750000000002 0.6933333333333334 0.8975 0.7066666666666667 0.89125 0.7233333333333334 0.89125 0.7274999999999999 0.8887500000000002 0.7416666666666667 0.8881249999999999 0.7608333333333334 0.88375 0.7891666666666667 0.88375 0.7933333333333333 0.8731250000000002 0.7925 0.865625 0.7991666666666666 0.853125 0.8008333333333333 0.8387500000000001 0.7858333333333334 0.83375 0.7791666666666667 0.834375 0.7725 0.8387500000000001 0.7641666666666667 0.836875 0.7558333333333334 0.8393750000000001 0.7508333333333332 0.836875 0.74 0.8425 0.6991666666666666 0.8456250000000001 0.6916666666666667 0.8556250000000001 0.6866666666666666 0.8862500000000001 0.6883333333333332 0.8981250000000001 0.6858333333333333 0.9037499999999999
0 0.7066666666666667 0.63375 0.7325 0.6568750000000001 0.7391666666666666 0.670625 0.7416666666666667 0.6825 0.7325 0.691875 0.7341666666666666 0.7075 0.7408333333333333 0.709375 0.755 0.7050000000000001 0.7716666666666667 0.703125 0.8141666666666666 0.7037500000000001 0.8275 0.7056250000000001 0.8366666666666667 0.7056250000000001 0.8416666666666666 0.703125 0.8483333333333333 0.6675000000000001 0.8416666666666666 0.655 0.8324999999999999 0.650625 0.8291666666666666 0.6456250000000001 0.8066666666666666 0.6275000000000001 0.7975 0.6225 0.7849999999999999 0.623125 0.7791666666666667 0.6212500000000001 0.7716666666666667 0.623125 0.7608333333333334 0.6225 0.755 0.6268750000000001 0.7441666666666666 0.6212500000000001 0.735 0.623125 0.7216666666666667 0.6225 0.7133333333333333 0.6268750000000001 0.7033333333333334 0.625 0.7024999999999999 0.628125 0.7066666666666667 0.63375
0 0.19083333333333333 0.9643750000000001 0.18916666666666665 0.9625 0.18166666666666667 0.9637500000000001 0.18083333333333335 0.9706250000000001 0.19083333333333333 0.9643750000000001
0 0.20083333333333334 0.9631250000000001 0.19583333333333333 0.9625 0.19583333333333333 0.9650000000000001 0.20083333333333334 0.9631250000000001
0 0.22833333333333333 0.9631250000000001 0.22666666666666666 0.959375 0.2225 0.9631250000000001 0.22833333333333333 0.9631250000000001
0 0.20750000000000002 0.95625 0.2033333333333333 0.9550000000000001 0.2 0.95625 0.20750000000000002 0.95625
0 0.22000000000000003 0.95625 0.21666666666666665 0.953125 0.215 0.95625 0.22000000000000003 0.95625
0 0.209375 0.953125 0.00078125 0.0015625
0 0.24453125 0.953125 0.00078125 0.0015625
0 0.2475 0.9475 0.24666666666666667 0.9512500000000002 0.25083333333333335 0.951875 0.25833333333333336 0.95 0.25666666666666665 0.9475 0.26166666666666666 0.9425000000000001 0.25666666666666665 0.9425000000000001 0.24833333333333335 0.9475 0.24500000000000002 0.944375 0.24416666666666664 0.946875 0.2475 0.9475
0 0.275 0.95 0.2791666666666667 0.951875 0.28583333333333333 0.9487500000000001 0.29416666666666663 0.9487500000000001 0.3 0.9512500000000002 0.30333333333333334 0.9475 0.3091666666666667 0.951875 0.31416666666666665 0.95 0.3308333333333333 0.95 0.3275 0.94375 0.3175 0.94625 0.3075 0.940625 0.2991666666666667 0.940625 0.2925 0.94375 0.28583333333333333 0.9393750000000001 0.28250000000000003 0.945625 0.27749999999999997 0.9418750000000001 0.27166666666666667 0.943125 0.27166666666666667 0.95375 0.275 0.95
0 0.17416666666666666 0.905 0.1775 0.9081250000000001 0.18833333333333332 0.905 0.19833333333333333 0.90625 0.205 0.9018750000000001 0.21000000000000002 0.9043750000000002 0.22000000000000003 0.8981250000000001 0.22416666666666668 0.9 0.24083333333333332 0.896875 0.25166666666666665 0.8981250000000001 0.26083333333333336 0.8931250000000001 0.26916666666666667 0.8943749999999999 0.29 0.89125 0.3 0.8943749999999999 0.3258333333333333 0.89625 0.33249999999999996 0.89625 0.335 0.89375 0.335 0.8775000000000001 0.3308333333333333 0.85875 0.32416666666666666 0.85875 0.3175 0.851875 0.30833333333333335 0.850625 0.29500000000000004 0.8556250000000001 0.26916666666666667 0.85875 0.23333333333333334 0.858125 0.22749999999999998 0.8618750000000001 0.21583333333333332 0.8606250000000001 0.20416666666666666 0.8643750000000001 0.1925 0.8631249999999999 0.18583333333333335 0.8643750000000001 0.17916666666666667 0.8706250000000001 0.1725 0.8724999999999999 0.17083333333333334 0.8918750000000001 0.17416666666666666 0.905
0 0.2658333333333333 0.79 0.2625 0.789375 0.26166666666666666 0.7931250000000001 0.2658333333333333 0.79
0 0.5416666666666667 0.8956250000000001 0.5491666666666666 0.8975 0.5599999999999999 0.89625 0.5650000000000001 0.8875 0.5599999999999999 0.883125 0.5675 0.8762500000000001 0.5658333333333333 0.87375 0.5591666666666667 0.874375 0.5533333333333333 0.884375 0.5491666666666666 0.88375 0.5441666666666667 0.8862500000000001 0.54 0.8925000000000001 0.5416666666666667 0.8956250000000001
0 0.505 0.8800000000000001 0.5116666666666666 0.88375 0.49833333333333335 0.89375 0.5008333333333332 0.896875 0.4958333333333333 0.9 0.49833333333333335 0.905625 0.5016666666666667 0.905625 0.505 0.900625 0.5125 0.9018750000000001 0.5125 0.89625 0.52 0.89375 0.5166666666666667 0.890625 0.5158333333333334 0.88375 0.5191666666666667 0.88125 0.515 0.8762500000000001 0.5166666666666667 0.8731250000000002 0.5083333333333333 0.868125 0.5075000000000001 0.878125 0.505 0.8800000000000001
0 0.5109375 0.86640625 0.00078125 0.00078125
0 0.5016666666666667 0.8106250000000002 0.5025000000000001 0.81875 0.49916666666666665 0.8275 0.5016666666666667 0.8325000000000001 0.5083333333333333 0.83375 0.5125 0.8375 0.505 0.8412499999999999 0.5066666666666666 0.8450000000000001 0.5025000000000001 0.8487500000000001 0.505 0.85375 0.5108333333333334 0.85625 0.5358333333333334 0.85625 0.5475 0.8543750000000001 0.5591666666666667 0.8568749999999999 0.5700000000000001 0.8543750000000001 0.5816666666666667 0.820625 0.5808333333333333 0.8137500000000001 0.5866666666666667 0.78125 0.585 0.77375 0.5708333333333333 0.7706250000000001 0.5625 0.763125 0.5541666666666667 0.764375 0.5466666666666666 0.77 0.5258333333333333 0.77125 0.5091666666666667 0.76875 0.5008333333333332 0.758125 0.4916666666666667 0.7612500000000001 0.5075000000000001 0.8 0.5016666666666667 0.8106250000000002
0 0.51953125 0.74765625 0.0015625 0.00078125
0 0.54 0.7462500000000001 0.5433333333333333 0.744375 0.5458333333333333 0.7462500000000001 0.5533333333333333 0.744375 0.5441666666666667 0.74375 0.5383333333333333 0.745 0.54 0.7462500000000001
0 0.72 0.8487500000000001 0.7166666666666667 0.85 0.7166666666666667 0.8556250000000001 0.72 0.8487500000000001
0 0.7166666666666667 0.7675000000000001 0.7208333333333333 0.7681250000000001 0.7308333333333333 0.765 0.7525 0.76375 0.7741666666666667 0.759375 0.8083333333333333 0.759375 0.8208333333333334 0.7612500000000001 0.8266666666666665 0.7575000000000001 0.8308333333333333 0.740625 0.8275 0.7325 0.8241666666666667 0.731875 0.7775 0.7325 0.7675 0.7350000000000001 0.7366666666666666 0.735625 0.7141666666666666 0.746875 0.7133333333333333 0.7618750000000001 0.7166666666666667 0.7675000000000001
0 0.751241134751773 0.8736569148936171 0.7508333333333332 0.869375 0.7483333333333333 0.86875 0.751241134751773 0.8736569148936171
0 0.7516666666666667 0.878125 0.7513095238095238 0.874375 0.7474999999999999 0.874375 0.7516666666666667 0.878125
0 0.7234375 0.82421875 0.00078125 0.0015625
0 0.6766666666666666 0.8168750000000001 0.6816666666666666 0.820625 0.675 0.8243750000000001 0.6683333333333333 0.8237500000000001 0.6675 0.844375 0.6658333333333333 0.8456250000000001 0.6608333333333334 0.8412499999999999 0.6641666666666667 0.8456250000000001 0.6716666666666666 0.8474999999999999 0.6666666666666667 0.8525 0.6708333333333333 0.8575000000000002 0.6725 0.869375 0.6816666666666666 0.875 0.6716666666666666 0.8862500000000001 0.6741666666666666 0.890625 0.675 0.9181250000000001 0.6833333333333333 0.915 0.69 0.903125 0.6925 0.89 0.6858333333333333 0.883125 0.6883333333333332 0.871875 0.6916666666666667 0.865625 0.6958333333333333 0.8643750000000001 0.6983333333333334 0.8525 0.7024999999999999 0.8487500000000001 0.7 0.8243750000000001 0.7066666666666667 0.818125 0.7108333333333333 0.8175000000000001 0.71 0.8081250000000001 0.7041666666666667 0.8043750000000001 0.7041666666666667 0.7975000000000001 0.71 0.786875 0.71 0.77125 0.7024999999999999 0.769375 0.6875 0.7725000000000001 0.6991666666666666 0.77375 0.7016666666666667 0.775625 0.7016666666666667 0.7862500000000001 0.6983333333333334 0.79 0.7041666666666667 0.79625 0.6991666666666666 0.7993750000000001 0.6958333333333333 0.795625 0.6875 0.7975000000000001 0.6816666666666666 0.8012500000000001 0.6766666666666666 0.8 0.6849999999999999 0.806875 0.6766666666666666 0.8168750000000001
0 0.7266666666666667 0.7462500000000001 0.7208333333333333 0.74875 0.7166666666666667 0.7456250000000001 0.7183333333333334 0.75125 0.7308333333333333 0.745 0.7341666666666666 0.74 0.7558333333333334 0.74 0.7608333333333334 0.7368750000000001 0.7891666666666667 0.733125 0.8308333333333333 0.73375 0.8341666666666667 0.73125 0.8341666666666667 0.7225 0.8383333333333333 0.7100000000000001 0.8383333333333333 0.7050000000000001 0.8358333333333332 0.704375 0.8383333333333333 0.701875 0.83125 0.704375 0.8208333333333334 0.7025 0.8125 0.704375 0.7575000000000001 0.703125 0.7341666666666666 0.709375 0.7291666666666667 0.7175 0.7233333333333334 0.72 0.7208333333333333 0.738125 0.7266666666666667 0.7462500000000001
0 0.5391666666666667 0.8724999999999999 0.5358333333333334 0.871875 0.5366666666666666 0.8768750000000001 0.5391666666666667 0.8724999999999999
0 0.5599999999999999 0.8793750000000001 0.5666666666666667 0.875 0.5641666666666667 0.8712500000000001 0.5566666666666666 0.875625 0.5533333333333333 0.8731250000000002 0.5525 0.8762500000000001 0.5599999999999999 0.8793750000000001
0 0.5046875 0.7203125 0.003125 0.00078125
0 0.49749999999999994 0.72 0.49083333333333334 0.7193750000000001 0.49000000000000005 0.7206250000000001 0.49749999999999994 0.72
0 0.4833333333333333 0.7262500000000001 0.48583333333333334 0.7325 0.4833333333333333 0.745 0.48666666666666664 0.75625 0.5083333333333333 0.7993750000000001 0.5066666666666666 0.806875 0.5091666666666667 0.8125 0.5008333333333332 0.8262500000000002 0.49833333333333335 0.8456250000000001 0.5083333333333333 0.859375 0.5025000000000001 0.8768750000000001 0.505 0.8800000000000001 0.5116666666666666 0.881875 0.5183333333333333 0.8800000000000001 0.5191666666666667 0.874375 0.5266666666666666 0.8762500000000001 0.5258333333333333 0.8724999999999999 0.5183333333333333 0.871875 0.515 0.869375 0.5183333333333333 0.858125 0.5475 0.85625 0.5566666666666666 0.8612500000000001 0.5583333333333333 0.858125 0.5641666666666667 0.8575000000000002 0.5716666666666667 0.850625 0.5708333333333333 0.83125 0.575 0.82125 0.5741666666666666 0.8175000000000001 0.5625 0.8106250000000002 0.5625 0.8075000000000001 0.5641666666666667 0.80625 0.5741666666666666 0.809375 0.5825 0.795625 0.5883333333333333 0.76875 0.5875 0.746875 0.5825 0.7362500000000001 0.5891666666666666 0.716875 0.5791666666666667 0.718125 0.5783333333333334 0.71625 0.5725 0.71875 0.5716666666666667 0.715625 0.5599999999999999 0.7150000000000001 0.5549999999999999 0.7193750000000001 0.5541666666666667 0.715625 0.5383333333333333 0.715625 0.5366666666666666 0.7193750000000001 0.533125 0.71625 0.53 0.718125 0.5287499999999999 0.71625 0.5208333333333333 0.7175 0.515 0.7150000000000001 0.5066666666666666 0.726875 0.49833333333333335 0.726875 0.4958333333333333 0.7300000000000001 0.4883333333333333 0.7275 0.4841666666666667 0.7206250000000001 0.48 0.721875 0.4791666666666667 0.7237500000000001 0.4833333333333333 0.7262500000000001
0 0.7075 0.635 0.715 0.64 0.725 0.6518750000000001 0.7358333333333333 0.6575 0.7408333333333333 0.673125 0.7474999999999999 0.6725000000000001 0.7525 0.6743750000000001 0.7625 0.671875 0.7758333333333333 0.671875 0.7858333333333334 0.6681250000000001 0.8033333333333333 0.67125 0.8108333333333333 0.669375 0.8141666666666666 0.67125 0.825 0.664375 0.8375 0.666875 0.8433333333333334 0.6625 0.8416666666666666 0.655 0.835 0.653125 0.8300000000000001 0.6456250000000001 0.8066666666666666 0.62625 0.7975 0.621875 0.7849999999999999 0.621875 0.7791666666666667 0.62 0.7533333333333333 0.623125 0.7391666666666666 0.6206250000000001 0.735 0.6225 0.7216666666666667 0.6212500000000001 0.7024999999999999 0.624375 0.7024999999999999 0.6300000000000001 0.7075 0.635
0 0.65 0.915 0.6475 0.9137500000000001 0.6475 0.915625 0.65 0.915
0 0.6433333333333333 0.9081250000000001 0.6416666666666667 0.905625 0.6375 0.905 0.6366666666666666 0.9081250000000001 0.6433333333333333 0.9081250000000001
0 0.6741666666666666 0.9087500000000001 0.675 0.903125 0.6716666666666666 0.906875 0.6741666666666666 0.9087500000000001
0 0.5708333333333333 0.8881249999999999 0.5716666666666667 0.9075000000000001 0.5766666666666667 0.9106250000000001 0.5766666666666667 0.913125 0.5808333333333333 0.9137500000000001 0.5791666666666667 0.915625 0.5833333333333333 0.9181250000000001 0.58 0.921875 0.5841666666666667 0.9237500000000001 0.5916666666666667 0.9243750000000001 0.5933333333333334 0.92125 0.5866666666666667 0.9193749999999999 0.5825 0.9137500000000001 0.5891666666666666 0.915625 0.5925 0.914375 0.58 0.909375 0.5783333333333334 0.9037499999999999 0.5808333333333333 0.9025000000000001 0.5983333333333334 0.903125 0.6025 0.9 0.6116666666666666 0.900625 0.6158333333333333 0.89875 0.6216666666666667 0.9012500000000001 0.6266666666666667 0.899375 0.6333333333333333 0.9 0.6375 0.903125 0.64 0.899375 0.6483333333333333 0.9 0.6508333333333333 0.896875 0.6616666666666666 0.905 0.6658333333333333 0.900625 0.6608333333333334 0.896875 0.6666666666666667 0.89375 0.67 0.8943749999999999 0.675 0.9 0.6733333333333333 0.896875 0.6758333333333333 0.89625 0.6816666666666666 0.884375 0.6799999999999999 0.8724999999999999 0.6858333333333333 0.8668750000000001 0.6891666666666667 0.8556250000000001 0.6891666666666667 0.8450000000000001 0.6958333333333333 0.8393750000000001 0.69 0.8246875000000001 0.6849999999999999 0.82125 0.6941666666666666 0.81875 0.6958333333333333 0.813125 0.6875 0.8162499999999999 0.6783333333333333 0.8150000000000001 0.6775 0.8175000000000001 0.6825 0.8200000000000001 0.6758333333333333 0.8243750000000001 0.6725 0.8243750000000001 0.6708333333333333 0.828125 0.6666666666666667 0.828125 0.6658333333333333 0.8243750000000001 0.6541666666666667 0.821875 0.6475 0.82875 0.6408333333333334 0.825 0.64 0.820625 0.6366666666666666 0.820625 0.6258333333333332 0.813125 0.6158333333333333 0.8200000000000001 0.6125 0.8143750000000001 0.6125 0.820625 0.62 0.8231250000000001 0.6224999999999999 0.8275 0.6091666666666666 0.83125 0.6141666666666666 0.8375 0.6125 0.8412499999999999 0.6091666666666666 0.838125 0.6058333333333333 0.8418750000000002 0.5958333333333333 0.844375 0.585 0.840625 0.5833333333333333 0.8418750000000002 0.5733333333333334 0.8731250000000002 0.575 0.88375 0.5708333333333333 0.8881249999999999
0 0.5983333333333334 0.81125 0.595 0.809375 0.595 0.813125 0.5983333333333334 0.81125
0 0.6953125 0.80390625 0.00078125 0.0015625
0 0.6241666666666666 0.8025 0.6216666666666667 0.8025 0.6233333333333333 0.8043750000000001 0.6241666666666666 0.8025
0 0.278125 0.99453125 0.00234375 0.00078125
0 0.2125 0.9943750000000001 0.21000000000000002 0.99375 0.20916666666666667 0.9950000000000001 0.2125 0.9943750000000001
0 0.1953125 0.99453125 0.00078125 0.0015625
0 0.17166666666666666 0.9962500000000001 0.17083333333333334 0.99375 0.16833333333333333 0.9950000000000001 0.17166666666666666 0.9962500000000001
0 0.29416666666666663 0.9962500000000001 0.2925 0.9918750000000001 0.28833333333333333 0.993125 0.29 0.996875 0.29416666666666663 0.9962500000000001
0 0.23833333333333334 0.9956250000000001 0.24 0.9943750000000001 0.23666666666666666 0.9925 0.23583333333333334 0.9943750000000001 0.23833333333333334 0.9956250000000001
0 0.265 0.9962500000000001 0.27416666666666667 0.9943750000000001 0.2683333333333333 0.99375 0.265 0.99 0.2625 0.9925 0.26166666666666666 0.9943750000000001 0.265 0.9962500000000001
0 0.315 0.9893750000000001 0.31333333333333335 0.9918750000000001 0.31666666666666665 0.99375 0.31333333333333335 0.9950000000000001 0.3175 0.996875 0.3275 0.9962500000000001 0.3275 0.9925 0.3183333333333333 0.993125 0.31416666666666665 0.9793750000000001 0.3125 0.9800000000000001 0.31083333333333335 0.9850000000000001 0.315 0.9893750000000001
0 0.17833333333333332 0.9493750000000001 0.185 0.9487500000000001 0.19083333333333333 0.943125 0.19583333333333333 0.945625 0.20249999999999999 0.9412499999999999 0.21000000000000002 0.94375 0.22000000000000003 0.936875 0.22416666666666668 0.9400000000000001 0.23333333333333334 0.9349999999999999 0.24416666666666664 0.938125 0.2925 0.93 0.2966666666666667 0.93125 0.30083333333333334 0.92875 0.30666666666666664 0.930625 0.31333333333333335 0.9275 0.32083333333333336 0.9275 0.32416666666666666 0.931875 0.32999999999999996 0.9325000000000001 0.33249999999999996 0.931875 0.3358333333333333 0.9231250000000001 0.3358333333333333 0.903125 0.33166666666666667 0.8981250000000001 0.29500000000000004 0.8981250000000001 0.2866666666666667 0.89625 0.2816666666666666 0.8975 0.27749999999999997 0.896875 0.2758333333333333 0.89375 0.26916666666666667 0.89375 0.2625 0.8981250000000001 0.2308333333333333 0.9043750000000002 0.22000000000000003 0.899375 0.21416666666666667 0.9018750000000001 0.2125 0.905 0.20249999999999999 0.9081250000000001 0.1825 0.9112500000000001 0.175 0.9081250000000001 0.17333333333333334 0.909375 0.17333333333333334 0.9356250000000002 0.17833333333333332 0.9493750000000001
0 0.175 0.7725000000000001 0.175 0.7775000000000001 0.17833333333333332 0.779375 0.175 0.78125 0.1775 0.7875 0.1925 0.7862500000000001 0.19916666666666666 0.7837500000000001 0.21000000000000002 0.7862500000000001 0.21916666666666665 0.7831250000000001 0.2375 0.7831250000000001 0.24083333333333332 0.780625 0.24333333333333332 0.7825 0.265 0.7825 0.2758333333333333 0.78 0.3 0.779375 0.31 0.775625 0.32083333333333336 0.775625 0.32 0.77375 0.31333333333333335 0.7725000000000001 0.31416666666666665 0.7618750000000001 0.32 0.75875 0.3308333333333333 0.75875 0.33249999999999996 0.749375 0.33249999999999996 0.73375 0.32666666666666666 0.7125 0.325 0.691875 0.31916666666666665 0.6775 0.31 0.67625 0.26416666666666666 0.678125 0.25916666666666666 0.68 0.23583333333333334 0.68 0.21416666666666667 0.6831250000000001 0.18166666666666667 0.681875 0.1675 0.68625 0.16333333333333333 0.698125 0.16416666666666666 0.7237500000000001 0.15833333333333333 0.755625 0.16499999999999998 0.7662500000000001 0.175 0.7725000000000001
0 0.34833333333333333 0.971875 0.35 0.9700000000000001 0.3458333333333333 0.9700000000000001 0.34833333333333333 0.971875
0 0.37666666666666665 0.9493750000000001 0.37666666666666665 0.944375 0.37333333333333335 0.9418750000000001 0.37083333333333335 0.9425000000000001 0.36583333333333334 0.95 0.37666666666666665 0.9493750000000001
0 0.44666666666666666 0.943125 0.4625 0.93625 0.465 0.9393750000000001 0.4691666666666666 0.9387500000000001 0.46333333333333326 0.9331250000000001 0.45916666666666667 0.9375 0.4525 0.9331250000000001 0.4491666666666666 0.9356250000000002 0.4458333333333333 0.9349999999999999 0.4416666666666667 0.940625 0.4408333333333333 0.9425000000000001 0.44666666666666666 0.943125
0 0.4058333333333334 0.9425000000000001 0.41500000000000004 0.9450000000000001 0.41916666666666663 0.9425000000000001 0.41916666666666663 0.9400000000000001 0.4141666666666667 0.9331250000000001 0.4141666666666667 0.9387500000000001 0.4058333333333334 0.9425000000000001
0 0.4708333333333333 0.9325000000000001 0.4766666666666667 0.9331250000000001 0.4766666666666667 0.9375 0.48166666666666663 0.934375 0.48 0.93 0.4758333333333333 0.930625 0.475 0.928125 0.4691666666666666 0.928125 0.46749999999999997 0.92875 0.4708333333333333 0.9325000000000001
0 0.42333333333333334 0.9349999999999999 0.4208333333333333 0.936875 0.42666666666666664 0.934375 0.43166666666666664 0.9375 0.4383333333333333 0.9325000000000001 0.43666666666666665 0.92875 0.4333333333333333 0.9275 0.4216666666666667 0.9275 0.4208333333333333 0.9325000000000001 0.42333333333333334 0.9349999999999999
0 0.4533333333333333 0.93 0.46333333333333326 0.93125 0.4658333333333333 0.92875 0.4583333333333333 0.9262500000000001 0.4533333333333333 0.928125 0.4533333333333333 0.93
0 0.45 0.921875 0.0015625 0.00078125
0 0.34833333333333333 0.748125 0.345 0.7518750000000001 0.34833333333333333 0.754375 0.34833333333333333 0.758125 0.3458333333333333 0.7612500000000001 0.3441666666666666 0.8325000000000001 0.3416666666666667 0.835 0.3408333333333333 0.8712500000000001 0.3433333333333333 0.8800000000000001 0.3408333333333333 0.88375 0.3408333333333333 0.931875 0.3491666666666667 0.9325000000000001 0.3516666666666667 0.920625 0.3625 0.914375 0.36333333333333334 0.91875 0.36916666666666664 0.9243750000000001 0.3725 0.9225 0.37666666666666665 0.925 0.38 0.9237500000000001 0.38416666666666666 0.931875 0.39 0.934375 0.3933333333333333 0.931875 0.3908333333333333 0.92125 0.4 0.915625 0.41500000000000004 0.9175000000000001 0.4291666666666667 0.911875 0.44833333333333336 0.913125 0.4525 0.9168750000000001 0.45166666666666666 0.915 0.45916666666666667 0.9125 0.47750000000000004 0.9099999999999999 0.4841666666666667 0.9043750000000002 0.48583333333333334 0.8975 0.4833333333333333 0.8868750000000001 0.4916666666666667 0.8768750000000001 0.48916666666666664 0.8556250000000001 0.49416666666666664 0.850625 0.4925 0.836875 0.49333333333333335 0.8237500000000001 0.4966666666666667 0.8168750000000001 0.49749999999999994 0.7931250000000001 0.48916666666666664 0.76875 0.4791666666666667 0.7550000000000001 0.47750000000000004 0.740625 0.4725 0.734375 0.47333333333333333 0.7306250000000001 0.45999999999999996 0.716875 0.45 0.7193750000000001 0.4458333333333333 0.7193750000000001 0.44333333333333336 0.71625 0.42833333333333334 0.71875 0.425 0.7175 0.4216666666666667 0.7212500000000001 0.41500000000000004 0.718125 0.39583333333333337 0.7175 0.38583333333333336 0.72 0.37666666666666665 0.7256250000000001 0.37416666666666665 0.72 0.365 0.7193750000000001 0.35666666666666663 0.7237500000000001 0.35833333333333334 0.7275 0.345 0.7368750000000001 0.345 0.7475 0.34833333333333333 0.748125
0 0.7616666666666666 0.8325000000000001 0.7608333333333334 0.8306250000000001 0.7583333333333333 0.8318749999999999 0.7616666666666666 0.8325000000000001
0 0.72265625 0.83125 0.00078125 0.0015625
0 0.6933333333333334 0.9018750000000001 0.6916666666666667 0.8975 0.7024999999999999 0.8918750000000001 0.7233333333333334 0.890625 0.7274999999999999 0.8875 0.7424999999999999 0.8875 0.7533333333333333 0.884375 0.7891666666666667 0.88375 0.8016666666666665 0.836875 0.7866666666666666 0.8306250000000001 0.7791666666666667 0.83125 0.775 0.835 0.755 0.83625 0.7508333333333332 0.82875 0.7433333333333334 0.828125 0.7458333333333333 0.8300000000000001 0.7441666666666666 0.835 0.7375 0.83375 0.7274999999999999 0.8400000000000001 0.7233333333333334 0.8387500000000001 0.7166666666666667 0.8425 0.7058333333333333 0.8412499999999999 0.6975 0.843125 0.6908333333333333 0.8550000000000001 0.6916666666666667 0.8631249999999999 0.6858333333333333 0.8868750000000001 0.6858333333333333 0.905 0.6933333333333334 0.9018750000000001
0 0.5533333333333333 0.8731250000000002 0.5591666666666667 0.8800000000000001 0.5666666666666667 0.8762500000000001 0.5675 0.8731250000000002 0.5633333333333332 0.8706250000000001 0.5566666666666666 0.875 0.5533333333333333 0.8731250000000002
0 0.5108333333333334 0.881875 0.5183333333333333 0.880625 0.5175 0.875 0.525 0.8731250000000002 0.5191666666666667 0.87375 0.5141666666666667 0.869375 0.5166666666666667 0.8668750000000001 0.515 0.8637500000000001 0.5083333333333333 0.8631249999999999 0.5058333333333334 0.865625 0.505 0.8800000000000001 0.5108333333333334 0.881875
0 0.5608333333333333 0.7425 0.5258333333333333 0.7418750000000001 0.51 0.745 0.505 0.7412500000000001 0.49749999999999994 0.745 0.4883333333333333 0.74 0.4841666666666667 0.74 0.4875 0.7568750000000001 0.5075000000000001 0.796875 0.5075000000000001 0.80375 0.505 0.80625 0.5066666666666666 0.8125 0.5008333333333332 0.8243750000000001 0.49833333333333335 0.8418750000000002 0.5033333333333333 0.8543750000000001 0.5108333333333334 0.85875 0.545 0.8556250000000001 0.5608333333333333 0.858125 0.5716666666666667 0.851875 0.5733333333333334 0.8331250000000001 0.5783333333333334 0.8200000000000001 0.5783333333333334 0.80375 0.5833333333333333 0.79625 0.5866666666666667 0.780625 0.5875 0.748125 0.5833333333333333 0.743125 0.5741666666666666 0.7412500000000001 0.5741666666666666 0.7368750000000001 0.5700000000000001 0.7350000000000001 0.5666666666666667 0.74 0.5608333333333333 0.7425
0 0.5383333333333333 0.735625 0.5458333333333333 0.7393750000000001 0.5491666666666666 0.73875 0.5491666666666666 0.7350000000000001 0.5425 0.7306250000000001 0.5375 0.73375 0.5383333333333333 0.735625
0 0.48046875 0.7234375 0.0015625 0.0015625
0 0.5700000000000001 0.716875 0.5650000000000001 0.71625 0.5616666666666666 0.716875 0.5700000000000001 0.716875
0 0.10583333333333333 0.945625 0.10500000000000001 0.9418750000000001 0.095 0.9412499999999999 0.09583333333333334 0.946875 0.10583333333333333 0.945625
0 0.056666666666666664 0.945625 0.0675 0.9425000000000001 0.059166666666666666 0.9412499999999999 0.056666666666666664 0.9450000000000001 0.05333333333333333 0.9412499999999999 0.05166666666666666 0.9425000000000001 0.056666666666666664 0.945625
0 0.11416666666666667 0.9356250000000002 0.10916666666666666 0.934375 0.10916666666666666 0.936875 0.11416666666666667 0.9356250000000002
0 0.1325 0.9181250000000001 0.13166666666666665 0.9137500000000001 0.12666666666666665 0.9106250000000001 0.12250000000000001 0.9125 0.12250000000000001 0.91625 0.1325 0.9181250000000001
0 0.16499999999999998 0.915 0.16666666666666669 0.9112500000000001 0.16333333333333333 0.9075000000000001 0.16166666666666668 0.9125 0.16499999999999998 0.915
0 0.02583333333333333 0.7931250000000001 0.029166666666666667 0.7887500000000001 0.0225 0.7881250000000001 0.02 0.79 0.02583333333333333 0.7931250000000001
0 0.06083333333333333 0.7825 0.06833333333333333 0.784375 0.065 0.7818750000000001 0.06083333333333333 0.7825
0 0.07333333333333333 0.785625 0.07333333333333333 0.7825 0.06833333333333333 0.784375 0.07333333333333333 0.785625
0 0.004166666666666667 0.8481250000000001 0.005 0.85625 0.0075 0.858125 0.004166666666666667 0.8631249999999999 0.008333333333333333 0.865625 0.004166666666666667 0.874375 0.003333333333333333 0.8862500000000001 0.003333333333333333 0.9012500000000001 0.008333333333333333 0.906875 0.003333333333333333 0.914375 0.005833333333333334 0.931875 0.014166666666666666 0.92875 0.01 0.925 0.013333333333333332 0.92125 0.009166666666666667 0.9181250000000001 0.015 0.9081250000000001 0.02 0.9099999999999999 0.019166666666666665 0.914375 0.025 0.9181250000000001 0.024166666666666666 0.925 0.029166666666666667 0.9256249999999999 0.03166666666666666 0.9237500000000001 0.035833333333333335 0.925 0.03833333333333333 0.9225 0.043333333333333335 0.9231250000000001 0.04666666666666667 0.915625 0.05333333333333333 0.915 0.059166666666666666 0.921875 0.0625 0.91875 0.06375 0.921875 0.07083333333333333 0.9225 0.07666666666666666 0.9181250000000001 0.08666666666666667 0.9181250000000001 0.08333333333333334 0.9137500000000001 0.08833333333333333 0.9087500000000001 0.0925 0.909375 0.10583333333333333 0.905625 0.11583333333333332 0.906875 0.12250000000000001 0.9037499999999999 0.12666666666666665 0.905625 0.13 0.9025000000000001 0.13333333333333333 0.903125 0.13833333333333334 0.900625 0.12833333333333333 0.8975 0.12833333333333333 0.89 0.13333333333333333 0.8862500000000001 0.13666666666666666 0.8868750000000001 0.14333333333333334 0.88375 0.15583333333333332 0.884375 0.15916666666666665 0.8868750000000001 0.16083333333333333 0.9012500000000001 0.16333333333333333 0.899375 0.16583333333333333 0.8868750000000001 0.1625 0.883125 0.16583333333333333 0.8800000000000001 0.16583333333333333 0.8762500000000001 0.16416666666666666 0.858125 0.16083333333333333 0.853125 0.1625 0.8099999999999999 0.16083333333333333 0.8043750000000001 0.14666666666666667 0.7975000000000001 0.14916666666666667 0.7931250000000001 0.16083333333333333 0.795625 0.16083333333333333 0.7825 0.15583333333333332 0.77625 0.15083333333333332 0.7768750000000001 0.14750000000000002 0.7731250000000001 0.13333333333333333 0.7768750000000001 0.1125 0.77625 0.10666666666666666 0.780625 0.09333333333333334 0.7825 0.08333333333333334 0.78125 0.08083333333333334 0.7825 0.08249999999999999 0.7862500000000001 0.07838972431077694 0.7850939849624061 0.09 0.796875 0.08666666666666667 0.8006249999999999 0.0775 0.8018750000000001 0.06416666666666666 0.79625 0.06583333333333333 0.8 0.06166666666666667 0.803125 0.05 0.8006249999999999 0.03 0.80625 0.013333333333333332 0.80625 0.004166666666666667 0.8106250000000002 0.0025 0.8243750000000001 0 0.8262500000000002 0 0.84375 0.004166666666666667 0.8481250000000001
0 0.09765625 0.99375 0.00234375 0.00078125
0 0.08083333333333334 0.9962500000000001 0.09416666666666666 0.9943750000000001 0.09166666666666666 0.9918750000000001 0.08916666666666666 0.99375 0.08083333333333334 0.993125 0.07833333333333334 0.9943750000000001 0.08083333333333334 0.9962500000000001
0 0.018333333333333333 0.990625 0.014347826086956523 0.9942119565217391 0.018333333333333333 0.993125 0.019166666666666665 0.9943750000000001 0.020833333333333336 0.9912500000000002 0.018333333333333333 0.990625
0 0.01 0.9950000000000001 0.0075 0.9925 0.005 0.9943750000000001 0.009166666666666667 0.9956250000000001 0.014055555555555554 0.9942916666666667 0.011666666666666667 0.9925 0.01 0.9950000000000001
0 0.05333333333333333 0.996875 0.06666666666666667 0.9943750000000001 0.05583333333333333 0.993125 0.052500000000000005 0.9912500000000002 0.052500000000000005 0.9868750000000001 0.05 0.9850000000000001 0.04833333333333333 0.9875 0.05166666666666666 0.9918750000000001 0.04583333333333333 0.993125 0.03833333333333333 0.98375 0.043333333333333335 0.9956250000000001 0.05333333333333333 0.996875
0 0.06583333333333333 0.9806250000000001 0.0625 0.9793750000000001 0.059206989247311825 0.9825504032258066 0.06166666666666667 0.9856250000000001 0.065 0.984375 0.06583333333333333 0.9806250000000001
0 0.12333333333333334 0.976875 0.11333333333333333 0.9762500000000001 0.11499999999999999 0.978125 0.12333333333333334 0.976875
0 0.005 0.9862500000000001 0.005833333333333334 0.9762500000000001 0.005 0.975 0.005 0.9862500000000001
0 0.006666666666666666 0.9650000000000001 0.0075 0.961875 0.005 0.96125 0.004166666666666667 0.9637500000000001 0.006666666666666666 0.9650000000000001
0 0.11916666666666667 0.9600000000000002 0.11333333333333333 0.9575000000000001 0.1125 0.9600000000000002 0.11916666666666667 0.9600000000000002
0 0.11499999999999999 0.8700000000000001 0.1125 0.868125 0.11166666666666666 0.8724999999999999 0.11499999999999999 0.8700000000000001
0 0.146875 0.85546875 0.00078125 0.00078125
0 0.07916666666666666 0.8556250000000001 0.07416666666666667 0.85375 0.0725 0.8556250000000001 0.07916666666666666 0.8556250000000001
0 0.1408333333333333 0.851875 0.13999999999999999 0.850625 0.13666666666666666 0.851875 0.1408333333333333 0.851875
0 0.06583333333333333 0.8487500000000001 0.06 0.846875 0.06 0.849375 0.06583333333333333 0.8487500000000001
0 0.13333333333333333 0.849375 0.13666666666666666 0.8450000000000001 0.1325 0.8418750000000002 0.13 0.8462500000000001 0.13333333333333333 0.849375
0 0.1519927536231884 0.842038043478261 0.14750000000000002 0.8462500000000001 0.14250000000000002 0.844375 0.14666666666666667 0.850625 0.15 0.850625 0.15416666666666667 0.843125 0.1519927536231884 0.842038043478261
0 0.0875 0.8556250000000001 0.08916666666666666 0.85625 0.1 0.8568749999999999 0.1025 0.85875 0.10416666666666667 0.8550000000000001 0.11583333333333332 0.8556250000000001 0.11916666666666667 0.85875 0.11916666666666667 0.86625 0.11666666666666667 0.869375 0.12083333333333332 0.87375 0.11583333333333332 0.8768750000000001 0.10083333333333333 0.8768750000000001 0.095 0.875 0.08416666666666667 0.8787499999999999 0.0775 0.875 0.07416666666666667 0.8768750000000001 0.05333333333333333 0.8762500000000001 0.05 0.8787499999999999 0.03916666666666667 0.8793750000000001 0.03666666666666667 0.8881249999999999 0.03166666666666666 0.8868750000000001 0.027500000000000004 0.889375 0.02583333333333333 0.8856250000000001 0.024166666666666666 0.8868750000000001 0.027500000000000004 0.890625 0.023333333333333334 0.8918750000000001 0.021666666666666667 0.8950000000000001 0.014166666666666666 0.89875 0.005 0.899375 0.005 0.9506249999999999 0.008333333333333333 0.95375 0.015 0.9475 0.024166666666666666 0.9581250000000001 0.021666666666666667 0.9600000000000002 0.03333333333333333 0.95625 0.035833333333333335 0.9600000000000002 0.03916666666666667 0.9575000000000001 0.043333333333333335 0.9581250000000001 0.05166666666666666 0.9543750000000001 0.06333333333333332 0.9543750000000001 0.06999999999999999 0.9512500000000002 0.07666666666666666 0.953125 0.08083333333333334 0.9506249999999999 0.08499999999999999 0.953125 0.10083333333333333 0.951875 0.1125 0.9550000000000001 0.11583333333333332 0.951875 0.1275 0.951875 0.13333333333333333 0.9487500000000001 0.1408333333333333 0.9481250000000001 0.14416666666666667 0.9450000000000001 0.15666666666666668 0.9481250000000001 0.16083333333333333 0.9525 0.16416666666666666 0.9506249999999999 0.16916666666666666 0.9556250000000001 0.17166666666666666 0.9493750000000001 0.16833333333333333 0.943125 0.1675 0.8856250000000001 0.16499999999999998 0.88375 0.16166666666666668 0.8606250000000001 0.15583333333333332 0.8618750000000001 0.15658675799086758 0.8579195205479453 0.1408333333333333 0.86875 0.135 0.8668750000000001 0.12583333333333332 0.8675 0.12250000000000001 0.8625 0.1275 0.8556250000000001 0.12 0.8481250000000001 0.11833333333333333 0.850625 0.11666666666666667 0.849375 0.1125 0.8400000000000001 0.09666666666666666 0.8412499999999999 0.09166666666666666 0.8456250000000001 0.08166666666666667 0.8418750000000002 0.06833333333333333 0.8456250000000001 0.06833333333333333 0.8487500000000001 0.07416666666666667 0.851875 0.08833333333333333 0.849375 0.09166666666666666 0.851875 0.0875 0.8556250000000001
0 0.20249999999999999 0.593125 0.26666666666666666 0.5893750000000001 0.2866666666666667 0.590625 0.29416666666666663 0.5893750000000001 0.3 0.58375 0.3 0.565625 0.29583333333333334 0.5543750000000001 0.2891666666666667 0.5518750000000001 0.25 0.55125 0.22833333333333333 0.5518750000000001 0.22333333333333333 0.5537500000000001 0.21000000000000002 0.55125 0.20166666666666666 0.556875 0.19833333333333333 0.566875 0.19749999999999998 0.5856250000000001 0.20249999999999999 0.593125
0 0.3091666666666667 0.584375 0.31416666666666665 0.588125 0.3308333333333333 0.588125 0.33666666666666667 0.58625 0.36916666666666664 0.586875 0.37666666666666665 0.584375 0.3883333333333333 0.5850000000000001 0.39416666666666667 0.5831250000000001 0.4058333333333334 0.584375 0.4133333333333333 0.58125 0.40499999999999997 0.556875 0.3975 0.5475000000000001 0.33999999999999997 0.5475000000000001 0.31083333333333335 0.550625 0.30833333333333335 0.553125 0.30833333333333335 0.579375 0.3091666666666667 0.584375
0 0.27666666666666667 0.828125 0.275 0.8256249999999999 0.27416666666666667 0.8275 0.27666666666666667 0.828125
0 0.16 0.7550000000000001 0.16833333333333333 0.77125 0.16666666666666669 0.805 0.16999999999999998 0.8237500000000001 0.16833333333333333 0.83375 0.17166666666666666 0.8418750000000002 0.185 0.8418750000000002 0.1925 0.8375 0.22000000000000003 0.8356250000000001 0.23916666666666667 0.8293750000000001 0.24916666666666668 0.83125 0.25083333333333335 0.826875 0.25416666666666665 0.82875 0.2633333333333333 0.82875 0.26666666666666666 0.8275 0.26666666666666666 0.8243750000000001 0.27166666666666667 0.8225 0.2833333333333333 0.8237500000000001 0.27999999999999997 0.8275 0.28250000000000003 0.82875 0.28583333333333333 0.8262500000000002 0.3125 0.828125 0.32416666666666666 0.8275 0.3308333333333333 0.825 0.335 0.815625 0.3358333333333333 0.76875 0.33166666666666667 0.755625 0.33249999999999996 0.738125 0.325 0.71125 0.32416666666666666 0.695625 0.3175 0.6787500000000001 0.29333333333333333 0.678125 0.2758333333333333 0.680625 0.2375 0.680625 0.21333333333333332 0.684375 0.1775 0.684375 0.17166666666666666 0.68625 0.16583333333333333 0.6987500000000001 0.16666666666666669 0.71625 0.16 0.7550000000000001
0 0.006666666666666666 0.920625 0.004166666666666667 0.9200000000000002 0.005 0.925 0.006666666666666666 0.920625
0 0.02890625 0.9046875 0.00078125 0.0015625
0 0.04765625 0.90078125 0.0015625 0.00078125
0 0.06083333333333333 0.9075000000000001 0.0725 0.905 0.07166666666666667 0.900625 0.0675 0.89875 0.05416666666666666 0.9012500000000001 0.05333333333333333 0.9043750000000002 0.06083333333333333 0.9075000000000001
0 0.16416666666666666 0.8975 0.16166666666666668 0.89625 0.16166666666666668 0.8981250000000001 0.16416666666666666 0.8975
0 0.08416666666666667 0.903125 0.0975 0.89 0.08833333333333333 0.89 0.08666666666666667 0.8943749999999999 0.0775 0.8981250000000001 0.07666666666666666 0.900625 0.08416666666666667 0.903125
0 0.11166666666666666 0.9025000000000001 0.11583333333333332 0.900625 0.12583333333333332 0.9012500000000001 0.12583333333333332 0.8975 0.13083333333333333 0.8931250000000001 0.12333333333333334 0.8881249999999999 0.11916666666666667 0.8925000000000001 0.11583333333333332 0.890625 0.11333333333333333 0.8956250000000001 0.10583333333333333 0.896875 0.10583333333333333 0.899375 0.11166666666666666 0.9025000000000001
0 0 0.8262500000000002 0 0.846875 0.004166666666666667 0.8481250000000001 0.0225 0.8474999999999999 0.025 0.85 0.04 0.8487500000000001 0.05 0.8512500000000001 0.06333333333333332 0.849375 0.07416666666666667 0.851875 0.08166666666666667 0.8487500000000001 0.08583333333333333 0.849375 0.0975 0.843125 0.10500000000000001 0.84375 0.10916666666666666 0.8487500000000001 0.11666666666666667 0.85 0.125 0.8450000000000001 0.13 0.846875 0.1375 0.8456250000000001 0.14333333333333334 0.840625 0.14750000000000002 0.840625 0.15083333333333332 0.838125 0.16 0.84375 0.16166666666666668 0.8418750000000002 0.16083333333333333 0.8400000000000001 0.1575 0.8400000000000001 0.1625 0.83375 0.16166666666666668 0.809375 0.15416666666666667 0.8087500000000001 0.14416666666666667 0.8025 0.11583333333333332 0.8012500000000001 0.11166666666666666 0.805 0.10583333333333333 0.80625 0.10083333333333333 0.80375 0.09833333333333333 0.8075000000000001 0.09083333333333334 0.8075000000000001 0.08499999999999999 0.8106250000000002 0.07916666666666666 0.806875 0.06999999999999999 0.805625 0.06666666666666667 0.806875 0.06416666666666666 0.8143750000000001 0.056666666666666664 0.8150000000000001 0.05333333333333333 0.81125 0.0475 0.811875 0.045 0.8137500000000001 0.04666666666666667 0.8175000000000001 0.043333333333333335 0.81875 0.035833333333333335 0.8125 0.029166666666666667 0.818125 0.025 0.8168750000000001 0.019166666666666665 0.820625 0.015 0.8162499999999999 0.01 0.8175000000000001 0.011666666666666667 0.820625 0 0.8262500000000002
0 0.3175 0.634375 0.32083333333333336 0.6375 0.33916666666666667 0.6318750000000001 0.42750000000000005 0.62875 0.4333333333333333 0.6275000000000001 0.4375 0.623125 0.43 0.5956250000000001 0.4216666666666667 0.58625 0.39416666666666667 0.584375 0.3875 0.586875 0.37666666666666665 0.5856250000000001 0.36916666666666664 0.58875 0.3591666666666667 0.586875 0.3525 0.58875 0.33666666666666667 0.5875 0.33166666666666667 0.5900000000000001 0.32083333333333336 0.58875 0.3125 0.593125 0.315 0.623125 0.3175 0.634375
0 0.8516666666666666 0.660625 0.8508333333333333 0.6681250000000001 0.8541666666666666 0.6793750000000001 0.85 0.685 0.8508333333333333 0.6893750000000001 0.8408333333333333 0.7150000000000001 0.8416666666666666 0.7206250000000001 0.8525 0.7306250000000001 0.8625 0.7275 0.8658333333333333 0.724375 0.8791666666666667 0.6875 0.8833333333333334 0.664375 0.8716666666666667 0.664375 0.8583333333333334 0.655 0.8383333333333333 0.635 0.835 0.638125 0.8366666666666667 0.646875 0.8516666666666666 0.660625
0 0.16499999999999998 0.9856250000000001 0.16499999999999998 0.9825000000000002 0.16166666666666668 0.9800000000000001 0.16083333333333333 0.9881250000000001 0.16499999999999998 0.9856250000000001
0 0.008333333333333333 0.9962500000000001 0.025 0.9943750000000001 0.0325 0.9975000000000002 0.043333333333333335 0.9975000000000002 0.04416666666666667 0.999375 0.04833333333333333 0.999375 0.05083333333333333 0.996875 0.05333333333333333 0.999375 0.05583333333333333 0.9962500000000001 0.08333333333333334 0.996875 0.095 0.9943750000000001 0.10833333333333332 0.9950000000000001 0.11166666666666666 0.9925 0.1125 0.9950000000000001 0.1375 0.9943750000000001 0.13833333333333334 0.9881250000000001 0.14333333333333334 0.9818750000000002 0.15083333333333332 0.98375 0.15416666666666667 0.9762500000000001 0.17166666666666666 0.9756250000000002 0.17166666666666666 0.9493750000000001 0.1675 0.945625 0.16416666666666666 0.94625 0.1575 0.943125 0.15166666666666667 0.9481250000000001 0.13999999999999999 0.946875 0.1325 0.95 0.12250000000000001 0.940625 0.11583333333333332 0.9418750000000001 0.10916666666666666 0.9475 0.10583333333333333 0.94375 0.0975 0.9450000000000001 0.08833333333333333 0.9525 0.07166666666666667 0.9543750000000001 0.0675 0.9543750000000001 0.06333333333333332 0.9506249999999999 0.05333333333333333 0.9481250000000001 0.043333333333333335 0.9581250000000001 0.035833333333333335 0.9581250000000001 0.02583333333333333 0.961875 0.0225 0.9606250000000001 0.016666666666666666 0.9637500000000001 0.005 0.9631250000000001 0.005 0.9943750000000001 0.008333333333333333 0.9962500000000001
0 0.07083333333333333 0.92125 0.0675 0.9200000000000002 0.06583333333333333 0.921875 0.07083333333333333 0.92125
0 0.7566666666666666 0.8800000000000001 0.7575000000000001 0.88375 0.7758333333333333 0.8825000000000001 0.7858333333333334 0.884375 0.7891666666666667 0.8825000000000001 0.7916666666666667 0.8731250000000002 0.7866666666666666 0.86875 0.7791666666666667 0.869375 0.7775 0.871875 0.7683333333333333 0.871875 0.7649999999999999 0.869375 0.76 0.8731250000000002 0.76 0.8768750000000001 0.7566666666666666 0.8800000000000001
0 0.71640625 0.86328125 0.00078125 0.0015625
0 0.7133333333333333 0.8668750000000001 0.7133333333333333 0.869375 0.7191666666666666 0.869375 0.7241666666666666 0.874375 0.7291666666666667 0.869375 0.7216666666666667 0.8712500000000001 0.72 0.86875 0.7258333333333333 0.8643750000000001 0.7291666666666667 0.865 0.73 0.8612500000000001 0.7166666666666667 0.8675 0.7133333333333333 0.8668750000000001
0 0.7533333333333333 0.858125 0.7483333333333333 0.85875 0.7536805555555556 0.8583854166666667 0.7533333333333333 0.858125
0 0.7558333333333334 0.86 0.7575000000000001 0.858125 0.7536805555555556 0.8583854166666667 0.7558333333333334 0.86
0 0.76 0.8625 0.7633333333333333 0.8637500000000001 0.7666666666666667 0.8606250000000001 0.7616666666666666 0.8543750000000001 0.7583333333333333 0.85625 0.76 0.8625
0 0.7825 0.8631249999999999 0.7925 0.8606250000000001 0.7933333333333333 0.8543750000000001 0.7908333333333333 0.851875 0.7791666666666667 0.8525 0.7708333333333333 0.8631249999999999 0.7825 0.8631249999999999
0 0.6991666666666666 0.8300000000000001 0.7008333333333333 0.836875 0.6975 0.8481250000000001 0.7024999999999999 0.853125 0.7175 0.8456250000000001 0.7316666666666667 0.8474999999999999 0.7375 0.844375 0.7516666666666667 0.8450000000000001 0.7616666666666666 0.8412499999999999 0.7649999999999999 0.84375 0.7683333333333333 0.8412499999999999 0.7716666666666667 0.8425 0.7758333333333333 0.8400000000000001 0.7849999999999999 0.8393750000000001 0.7941666666666667 0.8425 0.8033333333333333 0.838125 0.8066666666666666 0.8325000000000001 0.8074999999999999 0.8168750000000001 0.8125 0.81125 0.8150000000000001 0.79 0.8216666666666667 0.77625 0.82 0.765 0.8166666666666667 0.7618750000000001 0.8116666666666668 0.7612500000000001 0.7716666666666667 0.7612500000000001 0.7649999999999999 0.764375 0.7433333333333334 0.764375 0.7208333333333333 0.76875 0.7158333333333333 0.7725000000000001 0.715 0.78 0.7008333333333333 0.8012500000000001 0.7024999999999999 0.8243750000000001 0.6991666666666666 0.8300000000000001
0 0.9483333333333333 0.58625 0.9608333333333332 0.595 0.9591666666666667 0.6075 0.9541666666666666 0.6125 0.9566666666666667 0.613125 0.9591666666666667 0.610625 0.9625 0.6162500000000001 0.9733333333333333 0.618125 0.9908333333333333 0.615625 0.9941666666666666 0.619375 0.9991666666666668 0.6168750000000001 0.9991666666666668 0.5725 0.9558333333333333 0.5725 0.9458333333333334 0.575625 0.945 0.5800000000000001 0.9483333333333333 0.58625
0 0.6833333333333333 0.91875 0.6858333333333333 0.920625 0.6941666666666666 0.91875 0.71 0.9193749999999999 0.7183333333333334 0.915625 0.7391666666666666 0.9137500000000001 0.7483333333333333 0.909375 0.75 0.9112500000000001 0.755 0.9112500000000001 0.7566666666666666 0.9081250000000001 0.7616666666666666 0.90625 0.7708333333333333 0.906875 0.7791666666666667 0.9106250000000001 0.7858333333333334 0.905 0.7899999999999999 0.88375 0.7899999999999999 0.8775000000000001 0.7875 0.8762500000000001 0.7899999999999999 0.874375 0.7825 0.8787499999999999 0.7791666666666667 0.878125 0.7758333333333333 0.884375 0.7583333333333333 0.88375 0.7375 0.8868750000000001 0.7125 0.8862500000000001 0.7075 0.889375 0.6975 0.889375 0.6866666666666666 0.8956250000000001 0.6833333333333333 0.900625 0.6833333333333333 0.91875
0 0.78984375 0.8671875 0.00078125 0.00234375
0 0.0775 0.9943750000000001 0.08083333333333334 0.9962500000000001 0.0875 0.9943750000000001 0.08249999999999999 0.9918750000000001 0.075 0.9943750000000001 0.07083333333333333 0.99375 0.06999999999999999 0.9950000000000001 0.0775 0.9943750000000001
0 0.01 0.9956250000000001 0.017499999999999998 0.9918750000000001 0.01875 0.9943750000000001 0.023333333333333334 0.9943750000000001 0.027500000000000004 0.9912500000000002 0.021666666666666667 0.9887500000000001 0.013333333333333332 0.993125 0.006666666666666666 0.9918750000000001 0.005 0.9943750000000001 0.01 0.9956250000000001
0 0.03833333333333333 0.9918750000000001 0.04583333333333333 0.999375 0.05500000000000001 0.9962500000000001 0.056666666666666664 0.9925 0.06083333333333333 0.993125 0.06166666666666667 0.9956250000000001 0.065 0.9943750000000001 0.05583333333333333 0.9887500000000001 0.058333333333333334 0.9862500000000001 0.06416666666666666 0.9856250000000001 0.065 0.98125 0.06166666666666667 0.9800000000000001 0.06416666666666666 0.9775 0.06 0.98125 0.045 0.9856250000000001 0.0375 0.9818750000000002 0.035833333333333335 0.984375 0.03833333333333333 0.9918750000000001
0 0.0075 0.978125 0.004166666666666667 0.9806250000000001 0.004166666666666667 0.984375 0.005 0.9881250000000001 0.008333333333333333 0.9887500000000001 0.009166666666666667 0.9806250000000001 0.005 0.9737500000000001 0.004166666666666667 0.976875 0.0075 0.978125
0 0.11583333333333332 0.9787500000000001 0.12416666666666668 0.976875 0.12416666666666668 0.9731250000000001 0.11916666666666667 0.9737500000000001 0.12416666666666668 0.9693750000000001 0.12 0.9706250000000001 0.11333333333333333 0.976875 0.11583333333333332 0.9787500000000001
0 0.006666666666666666 0.9725000000000001 0.008333333333333333 0.96875 0.005833333333333334 0.9700000000000001 0.006666666666666666 0.9725000000000001
0 0.16416666666666666 0.95625 0.16083333333333333 0.951875 0.16083333333333333 0.9600000000000002 0.16416666666666666 0.95625
0 0.16796875 0.95 0.00078125 0.00078125
0 0.056666666666666664 0.95375 0.059166666666666666 0.953125 0.06166666666666667 0.9506249999999999 0.059166666666666666 0.94625 0.056666666666666664 0.9450000000000001 0.05333333333333333 0.9475 0.052500000000000005 0.9506249999999999 0.056666666666666664 0.95375
0 0.0953125 0.94296875 0.00078125 0.00078125
0 0.1025 0.951875 0.10666666666666666 0.9481250000000001 0.1075 0.9425000000000001 0.10500000000000001 0.940625 0.0975 0.944375 0.09666666666666666 0.9493750000000001 0.1025 0.951875
0 0.12166666666666666 0.95 0.12666666666666665 0.9506249999999999 0.12583333333333332 0.9412499999999999 0.11833333333333333 0.9387500000000001 0.11583333333333332 0.9425000000000001 0.12166666666666666 0.95
0 0 0.911875 0.003333333333333333 0.91625 0.004166666666666667 0.93 0.008333333333333333 0.9325000000000001 0.02583333333333333 0.9293750000000001 0.04 0.9293750000000001 0.043333333333333335 0.9268750000000001 0.05333333333333333 0.925 0.08583333333333333 0.925 0.09083333333333334 0.920625 0.10416666666666667 0.9193749999999999 0.11166666666666666 0.921875 0.11083333333333334 0.9275 0.11416666666666667 0.928125 0.12 0.9268750000000001 0.12583333333333332 0.920625 0.13666666666666666 0.9200000000000002 0.14250000000000002 0.91625 0.1675 0.9168750000000001 0.16916666666666666 0.9112500000000001 0.1675 0.8868750000000001 0.16083333333333333 0.8762500000000001 0.15416666666666667 0.88125 0.15166666666666667 0.878125 0.14833333333333334 0.878125 0.14416666666666667 0.884375 0.13 0.883125 0.12250000000000001 0.8793750000000001 0.11583333333333332 0.884375 0.11166666666666666 0.8800000000000001 0.10916666666666666 0.88375 0.08083333333333334 0.8862500000000001 0.06666666666666667 0.8800000000000001 0.057499999999999996 0.8875 0.04 0.8868750000000001 0.034166666666666665 0.8925000000000001 0.02583333333333333 0.8931250000000001 0.016666666666666666 0.896875 0.005833333333333334 0.8975 0 0.899375 0 0.911875
0 0.07421875 0.84765625 0.00078125 0.0015625
0 0.10234375 0.84453125 0.00078125 0.00234375
0 0.052500000000000005 0.838125 0.05 0.836875 0.05 0.8387500000000001 0.052500000000000005 0.838125
0 0.03984375 0.83671875 0.00078125 0.00390625
0 0.02890625 0.828125 0.00078125 0.00078125
0 0.05333333333333333 0.828125 0.07166666666666667 0.8243750000000001 0.075 0.82125 0.0675 0.8200000000000001 0.06083333333333333 0.8237500000000001 0.05 0.8231250000000001 0.04666666666666667 0.8243750000000001 0.05333333333333333 0.828125
0 0.12166666666666666 0.8231250000000001 0.13333333333333333 0.821875 0.13999999999999999 0.8262500000000002 0.14250000000000002 0.8231250000000001 0.14750000000000002 0.8243750000000001 0.145 0.8225 0.14750000000000002 0.820625 0.14333333333333334 0.82125 0.13999999999999999 0.8168750000000001 0.12166666666666666 0.8175000000000001 0.11916666666666667 0.820625 0.12166666666666666 0.8231250000000001
0 0.6666666666666667 0.60875 0.675 0.61375 0.6883333333333332 0.615 0.6991666666666666 0.6212500000000001 0.7325 0.6212500000000001 0.7416666666666667 0.619375 0.7691666666666667 0.6206250000000001 0.78 0.6168750000000001 0.775 0.6075 0.7658333333333334 0.5987500000000001 0.7408333333333333 0.58125 0.6958333333333333 0.5800000000000001 0.6825 0.581875 0.6566666666666666 0.58125 0.6491666666666667 0.58375 0.6475 0.58875 0.6666666666666667 0.60875
0 0.6408333333333334 0.896875 0.645 0.8943749999999999 0.64 0.89 0.6375 0.8925000000000001 0.6333333333333333 0.89 0.6333333333333333 0.896875 0.6408333333333334 0.896875
0 0.5875 0.8412499999999999 0.5875 0.8487500000000001 0.595 0.851875 0.5983333333333334 0.8512500000000001 0.6 0.8525 0.5974999999999999 0.8556250000000001 0.6166666666666667 0.8575000000000002 0.6224999999999999 0.8512500000000001 0.6275000000000001 0.8525 0.6508333333333333 0.8487500000000001 0.6616666666666666 0.851875 0.6633333333333333 0.8631249999999999 0.6599999999999999 0.8700000000000001 0.6741666666666666 0.8768750000000001 0.6658333333333333 0.885 0.6583333333333333 0.8868750000000001 0.6608333333333334 0.89125 0.6649999999999999 0.889375 0.6725 0.8950000000000001 0.6737121212121212 0.9040909090909091 0.6766666666666666 0.9018750000000001 0.6741666666666666 0.900625 0.6775 0.89875 0.6825 0.8862500000000001 0.6816666666666666 0.8793750000000001 0.6875 0.858125 0.6975 0.8418750000000002 0.6966666666666667 0.8243750000000001 0.7016666666666667 0.81875 0.6983333333333334 0.7987500000000001 0.6891666666666667 0.785 0.6849999999999999 0.7881250000000001 0.6816666666666666 0.7875 0.6775 0.7862500000000001 0.6783333333333333 0.7825 0.6733333333333333 0.7825 0.6683333333333333 0.77875 0.6666666666666667 0.785 0.6616666666666666 0.79 0.6441666666666667 0.79125 0.64 0.7862500000000001 0.6325000000000001 0.785625 0.6241666666666666 0.7862500000000001 0.6224999999999999 0.79 0.6158333333333333 0.789375 0.615 0.795 0.6058333333333333 0.7993750000000001 0.5983333333333334 0.8075000000000001 0.5958333333333333 0.805625 0.5916666666666667 0.806875 0.5941666666666666 0.8125 0.6016666666666667 0.8162499999999999 0.605 0.8256249999999999 0.6033333333333333 0.8275 0.5966666666666667 0.8275 0.5933333333333334 0.8306250000000001 0.5883333333333333 0.8306250000000001 0.5908333333333333 0.8356250000000001 0.6025 0.8356250000000001 0.6058333333333333 0.8375 0.5983333333333334 0.8425 0.5875 0.8412499999999999
0 0.6358333333333334 0.779375 0.6325000000000001 0.7768750000000001 0.6316666666666666 0.77875 0.6358333333333334 0.779375
0 0.67578125 0.771875 0.00234375 0.00078125
0 0.7033333333333334 0.7731250000000001 0.7024999999999999 0.77125 0.6950000000000001 0.77125 0.6950000000000001 0.7731250000000001 0.7033333333333334 0.7731250000000001
0 0.6816666666666666 0.774375 0.6916666666666667 0.7725000000000001 0.6808333333333334 0.77125 0.6791666666666667 0.7725000000000001 0.6816666666666666 0.774375
0 0.1408333333333333 0.9400000000000001 0.14416666666666667 0.9349999999999999 0.13916666666666666 0.934375 0.1408333333333333 0.945625 0.1408333333333333 0.9400000000000001
0 0.13 0.93625 0.13416666666666666 0.9331250000000001 0.13333333333333333 0.928125 0.12666666666666665 0.928125 0.12416666666666668 0.93 0.12333333333333334 0.9325000000000001 0.13 0.93625
0 0.16333333333333333 0.9331250000000001 0.1675 0.9393750000000001 0.1675 0.9262500000000001 0.16499999999999998 0.928125 0.15333333333333332 0.9268750000000001 0.14916666666666667 0.9293750000000001 0.15 0.9331250000000001 0.16333333333333333 0.9331250000000001
0 0.05416666666666666 0.9325000000000001 0.04666666666666667 0.9387500000000001 0.04166666666666667 0.9331250000000001 0.021666666666666667 0.93625 0.019166666666666665 0.9337500000000001 0.006666666666666666 0.9349999999999999 0 0.930625 0.0025 0.9325000000000001 0.0025 0.934375 0 0.933958125 0 0.9606250000000001 0.003333333333333333 0.9637500000000001 0.005833333333333334 0.9631250000000001 0.005833333333333334 0.959375 0.008333333333333333 0.9600000000000002 0.01 0.9575000000000001 0.009166666666666667 0.9506249999999999 0.013333333333333332 0.9493750000000001 0.0225 0.9543750000000001 0.02583333333333333 0.9512500000000002 0.034166666666666665 0.95 0.035833333333333335 0.9475 0.045 0.9487500000000001 0.05333333333333333 0.9450000000000001 0.07083333333333333 0.946875 0.07583333333333334 0.9493750000000001 0.09833333333333333 0.9493750000000001 0.10583333333333333 0.945625 0.1075 0.938125 0.1125 0.938125 0.11166666666666666 0.934375 0.10333333333333332 0.931875 0.10666666666666666 0.92875 0.09916666666666667 0.93 0.09416666666666666 0.9268750000000001 0.08916666666666666 0.9337500000000001 0.07666666666666666 0.931875 0.07833333333333334 0.9293750000000001 0.075 0.92875 0.075 0.9325000000000001 0.06833333333333333 0.9356250000000002 0.06583333333333333 0.93 0.056666666666666664 0.925 0.052500000000000005 0.928125 0.05416666666666666 0.9325000000000001
0 0 0.884375 0.004166666666666667 0.8943749999999999 0.01583333333333333 0.89375 0.0225 0.8875 0.026666666666666665 0.8875 0.029166666666666667 0.885 0.0325 0.8875 0.035833333333333335 0.8868750000000001 0.042499999999999996 0.88125 0.05 0.884375 0.05583333333333333 0.884375 0.06583333333333333 0.8787499999999999 0.08083333333333334 0.8793750000000001 0.08416666666666667 0.8768750000000001 0.08833333333333333 0.878125 0.09083333333333334 0.8762500000000001 0.09583333333333334 0.8768750000000001 0.095 0.8800000000000001 0.10166666666666666 0.878125 0.11000000000000001 0.8800000000000001 0.1125 0.875625 0.11833333333333333 0.875 0.12250000000000001 0.875 0.12583333333333332 0.8793750000000001 0.13333333333333333 0.8775000000000001 0.13666666666666666 0.8800000000000001 0.145 0.8762500000000001 0.15416666666666667 0.881875 0.16083333333333333 0.88125 0.1625 0.8768750000000001 0.16 0.8731250000000002 0.16499999999999998 0.869375 0.16499999999999998 0.8575000000000002 0.16 0.8487500000000001 0.16083333333333333 0.843125 0.1575 0.84375 0.15416666666666667 0.8400000000000001 0.1375 0.846875 0.13416666666666666 0.844375 0.12 0.8450000000000001 0.11000000000000001 0.8425 0.06999999999999999 0.8450000000000001 0.06999999999999999 0.849375 0.0675 0.850625 0.065 0.846875 0.06 0.8462500000000001 0.05333333333333333 0.85375 0.0475 0.851875 0.042499999999999996 0.846875 0.035833333333333335 0.8474999999999999 0.03 0.850625 0.03 0.853125 0.02 0.851875 0.006666666666666666 0.8568749999999999 0 0.8612500000000001 0 0.884375
0 0.035833333333333335 0.806875 0.0325 0.805625 0.03166666666666666 0.806875 0.035833333333333335 0.806875
0 0.07083333333333333 0.805 0.07166666666666667 0.8025 0.0675 0.8 0.06666666666666667 0.80375 0.07083333333333333 0.805
0 0.06916666666666667 0.7931250000000001 0.06666666666666667 0.791875 0.0675 0.795 0.06916666666666667 0.7931250000000001
0 0.005833333333333334 0.7931250000000001 0.019166666666666665 0.7931250000000001 0.02583333333333333 0.7993750000000001 0.030833333333333334 0.795625 0.03166666666666666 0.79 0.03833333333333333 0.7862500000000001 0.025 0.785625 0.020833333333333336 0.789375 0.006666666666666666 0.786875 0.003333333333333333 0.7887500000000001 0.005833333333333334 0.7931250000000001
0 0.06916666666666667 0.7875 0.08499999999999999 0.7887500000000001 0.0875 0.7925000000000001 0.09166666666666666 0.79125 0.09166666666666666 0.786875 0.1025 0.7887500000000001 0.1125 0.7862500000000001 0.11499999999999999 0.7931250000000001 0.1275 0.795 0.1325 0.795 0.13666666666666666 0.791875 0.14333333333333334 0.7925000000000001 0.14666666666666667 0.79 0.13999999999999999 0.780625 0.13 0.77875 0.11583333333333332 0.78125 0.11333333333333333 0.7837500000000001 0.10583333333333333 0.78125 0.09527749999999999 0.78125 0.09333333333333334 0.785625 0.08916666666666666 0.780625 0.07916666666666666 0.7818750000000001 0.0775 0.785625 0.06916666666666667 0.7818750000000001 0.065 0.7825 0.06916666666666667 0.7875
0 0.15583333333333332 0.794375 0.16083333333333333 0.794375 0.16083333333333333 0.78125 0.1575 0.77625 0.155 0.7818750000000001 0.15 0.7831250000000001 0.14833333333333334 0.79 0.15583333333333332 0.794375
0 0.185 0.68 0.21000000000000002 0.680625 0.305 0.675625 0.3158333333333333 0.671875 0.3175 0.6681250000000001 0.31416666666666665 0.650625 0.3075 0.639375 0.3025 0.635625 0.27083333333333337 0.635625 0.265 0.6375 0.25 0.6362500000000001 0.24500000000000002 0.638125 0.22333333333333333 0.638125 0.21333333333333332 0.635625 0.18916666666666665 0.640625 0.18583333333333335 0.64375 0.18333333333333332 0.6525000000000001 0.18166666666666667 0.6787500000000001 0.185 0.68
0 0.49083333333333334 0.93125 0.48583333333333334 0.940625 0.4875 0.95 0.5391666666666667 0.943125 0.5466666666666666 0.9400000000000001 0.5599999999999999 0.940625 0.5633333333333332 0.9387500000000001 0.5616666666666666 0.920625 0.5545833333333333 0.913125 0.5599999999999999 0.913125 0.5599999999999999 0.906875 0.5283333333333333 0.905 0.5191666666666667 0.9081250000000001 0.5083333333333333 0.9075000000000001 0.5033333333333333 0.9106250000000001 0.49416666666666664 0.9106250000000001 0.48666666666666664 0.914375 0.4875 0.925 0.49083333333333334 0.93125
0 0.5658333333333333 0.9349999999999999 0.5666666666666667 0.9418750000000001 0.5700000000000001 0.94375 0.5900000000000001 0.943125 0.65 0.9349999999999999 0.6599999999999999 0.931875 0.6625 0.9256249999999999 0.67 0.92125 0.67 0.9193749999999999 0.6649999999999999 0.9181250000000001 0.6583333333333333 0.9200000000000002 0.6416666666666667 0.9200000000000002 0.6383333333333333 0.9181250000000001 0.6433333333333333 0.911875 0.6433333333333333 0.9075000000000001 0.6541666666666667 0.90625 0.6599999999999999 0.903125 0.6666666666666667 0.9037499999999999 0.6716666666666666 0.900625 0.6633333333333333 0.896875 0.6158333333333333 0.9012500000000001 0.5983333333333334 0.905625 0.5908333333333333 0.905 0.585 0.9075000000000001 0.585 0.911875 0.5883333333333333 0.915 0.5925 0.914375 0.5916666666666667 0.9262500000000001 0.5808333333333333 0.9275 0.5741666666666666 0.921875 0.5708333333333333 0.9243750000000001 0.5708333333333333 0.92875 0.5658333333333333 0.9349999999999999
0 0.6041666666666667 0.65375 0.6133333333333333 0.673125 0.6241666666666666 0.671875 0.63 0.675 0.6341666666666667 0.67 0.6383333333333333 0.669375 0.6433333333333333 0.6743750000000001 0.6483333333333333 0.67125 0.6533333333333333 0.6743750000000001 0.6683333333333333 0.671875 0.6891666666666667 0.673125 0.6916666666666667 0.675 0.705 0.6737500000000001 0.7116666666666667 0.6768750000000001 0.72 0.675 0.7208333333333333 0.6675000000000001 0.7175 0.6612500000000001 0.72 0.6581250000000001 0.7141666666666666 0.654375 0.7141666666666666 0.650625 0.7041666666666667 0.6412500000000001 0.6958333333333333 0.6268750000000001 0.6833333333333333 0.61875 0.6775 0.619375 0.655 0.6125 0.65 0.61375 0.63 0.6118750000000001 0.6166666666666667 0.615625 0.6125 0.61375 0.605 0.6143750000000001 0.5958333333333333 0.6206250000000001 0.5891666666666666 0.61875 0.5808333333333333 0.6206250000000001 0.58 0.62625 0.6041666666666667 0.65375
0 0.32578125 0.99453125 0.00390625 0.00078125
0 0.2925 0.9943750000000001 0.2891666666666667 0.99375 0.2875 0.9943750000000001 0.2925 0.9943750000000001
0 0.2783333333333333 0.9956250000000001 0.2816666666666666 0.9943750000000001 0.2683333333333333 0.99375 0.26666666666666666 0.9943750000000001 0.2783333333333333 0.9956250000000001
0 0.22916666666666666 0.9943750000000001 0.22333333333333333 0.99375 0.22083333333333335 0.9943750000000001 0.22916666666666666 0.9943750000000001
0 0.21916666666666665 0.9950000000000001 0.21583333333333332 0.99375 0.21416666666666667 0.9956250000000001 0.21166666666666667 0.99375 0.21333333333333332 0.9962500000000001 0.21916666666666665 0.9950000000000001
0 0.2765625 0.96640625 0.00234375 0.00078125
0 0.3258333333333333 0.83625 0.3275 0.8318749999999999 0.32416666666666666 0.83125 0.32333333333333336 0.8356250000000001 0.3258333333333333 0.83625
0 0.22000000000000003 0.843125 0.22333333333333333 0.8400000000000001 0.22999999999999998 0.843125 0.23500000000000001 0.8412499999999999 0.24416666666666664 0.84375 0.24916666666666668 0.8393750000000001 0.25833333333333336 0.8474999999999999 0.2625 0.8425 0.27083333333333337 0.8425 0.27083333333333337 0.83625 0.27666666666666667 0.83125 0.24416666666666664 0.83375 0.21833333333333332 0.838125 0.21666666666666665 0.8400000000000001 0.21583333333333332 0.8418750000000002 0.22000000000000003 0.843125
0 0.2875 0.849375 0.26916666666666667 0.8512500000000001 0.26083333333333336 0.8512500000000001 0.2575 0.849375 0.25166666666666665 0.8525 0.23833333333333334 0.85375 0.22749999999999998 0.8606250000000001 0.22000000000000003 0.85625 0.21416666666666667 0.86 0.20916666666666667 0.859375 0.2058333333333333 0.8637500000000001 0.20083333333333334 0.8631249999999999 0.19916666666666666 0.859375 0.2 0.8625 0.19333333333333333 0.8637500000000001 0.17166666666666666 0.8625 0.17166666666666666 0.8731250000000002 0.175 0.875 0.17166666666666666 0.890625 0.17583333333333334 0.9550000000000001 0.17833333333333332 0.9725000000000001 0.18083333333333335 0.975 0.18833333333333332 0.9737500000000001 0.19833333333333333 0.968125 0.21166666666666667 0.9662500000000002 0.21583333333333332 0.96875 0.22749999999999998 0.968125 0.2375 0.961875 0.24500000000000002 0.9637500000000001 0.265 0.96125 0.27 0.9662500000000002 0.27166666666666667 0.961875 0.29333333333333333 0.95625 0.3075 0.9575000000000001 0.3225 0.9550000000000001 0.3308333333333333 0.9568749999999999 0.33416666666666667 0.9193749999999999 0.32999999999999996 0.9099999999999999 0.335 0.905 0.335 0.8862500000000001 0.33416666666666667 0.884375 0.32999999999999996 0.884375 0.3283333333333333 0.878125 0.3308333333333333 0.8525 0.3275 0.8400000000000001 0.31916666666666665 0.8387500000000001 0.3158333333333333 0.835 0.31916666666666665 0.83125 0.30333333333333334 0.8306250000000001 0.2975 0.83375 0.2966666666666667 0.8318749999999999 0.28250000000000003 0.8325000000000001 0.2791666666666667 0.835 0.2875 0.849375
0 0.8241666666666667 0.75625 0.8233333333333333 0.754375 0.8208333333333334 0.755625 0.8241666666666667 0.75625
0 0.7116666666666667 0.8 0.7075 0.803125 0.7125 0.805625 0.7133333333333333 0.8106250000000002 0.7224999999999999 0.8081250000000001 0.7258333333333333 0.8106250000000002 0.7233333333333334 0.8137500000000001 0.73 0.8137500000000001 0.7308333333333333 0.8025 0.735 0.8043750000000001 0.7375 0.8137500000000001 0.7433333333333334 0.8137500000000001 0.7441666666666666 0.8099999999999999 0.75 0.8137500000000001 0.7541666666666667 0.81125 0.7649999999999999 0.81125 0.7683333333333333 0.8 0.7716666666666667 0.796875 0.7775 0.8006249999999999 0.7825 0.8006249999999999 0.7933333333333333 0.8087500000000001 0.7966666666666666 0.8087500000000001 0.8 0.805625 0.8074999999999999 0.8043750000000001 0.8108333333333333 0.7931250000000001 0.8183333333333334 0.786875 0.8225 0.775625 0.82 0.760625 0.795 0.7568750000000001 0.7849999999999999 0.759375 0.7783333333333333 0.754375 0.7666666666666667 0.76 0.7408333333333333 0.7625 0.72 0.7681250000000001 0.7125 0.77375 0.7083333333333333 0.79 0.7083333333333333 0.7975000000000001 0.7116666666666667 0.8
0 0.5765625 0.9421875 0.0015625 0.00078125
0 0.6408333333333334 0.9181250000000001 0.64 0.914375 0.6333333333333333 0.91625 0.6333333333333333 0.91875 0.6408333333333334 0.9181250000000001
0 0.6266666666666667 0.9181250000000001 0.6275000000000001 0.9137500000000001 0.6191666666666666 0.9137500000000001 0.62 0.9168750000000001 0.6266666666666667 0.9181250000000001
0 0.5691666666666666 0.914375 0.5708333333333333 0.9293750000000001 0.5775 0.93 0.5833333333333333 0.9262500000000001 0.5933333333333334 0.925 0.5966666666666667 0.921875 0.5925 0.9193749999999999 0.5916666666666667 0.9099999999999999 0.5875 0.909375 0.595 0.903125 0.5991666666666666 0.9043750000000002 0.6033333333333333 0.9018750000000001 0.615 0.9012500000000001 0.6233333333333333 0.903125 0.6266666666666667 0.900625 0.63 0.9012500000000001 0.6358333333333334 0.9043750000000002 0.6375 0.909375 0.6466666666666667 0.9106250000000001 0.6458333333333333 0.9181250000000001 0.6666666666666667 0.9200000000000002 0.6708333333333333 0.9181250000000001 0.6758333333333333 0.909375 0.675 0.9 0.6808333333333334 0.884375 0.6816666666666666 0.8724999999999999 0.6858333333333333 0.865625 0.6875 0.8456250000000001 0.6950000000000001 0.8375 0.6933333333333334 0.8243750000000001 0.6983333333333334 0.8175000000000001 0.6966666666666667 0.795 0.7041666666666667 0.7837500000000001 0.7 0.775625 0.7016666666666667 0.771875 0.6983333333333334 0.76875 0.6849999999999999 0.7675000000000001 0.67 0.7618750000000001 0.6516666666666666 0.7612500000000001 0.6433333333333333 0.769375 0.6366666666666666 0.76875 0.6308333333333334 0.771875 0.6133333333333333 0.7725000000000001 0.6091666666666666 0.771875 0.6016666666666667 0.7662500000000001 0.6008333333333333 0.7618750000000001 0.595 0.7625 0.595 0.7731250000000001 0.5875 0.7825 0.5866666666666667 0.7993750000000001 0.5825 0.806875 0.5808333333333333 0.8606250000000001 0.5741666666666666 0.8724999999999999 0.5741666666666666 0.883125 0.5700000000000001 0.8875 0.5733333333333334 0.9012500000000001 0.5691666666666666 0.914375
0 0.22749999999999998 0.9631250000000001 0.22333333333333333 0.961875 0.22416666666666668 0.9637500000000001 0.22749999999999998 0.9631250000000001
0 0.215 0.9556250000000001 0.22000000000000003 0.95625 0.2225 0.9525 0.21666666666666665 0.946875 0.21333333333333332 0.9481250000000001 0.21166666666666667 0.9525 0.215 0.9556250000000001
0 0.1925 0.9568749999999999 0.19583333333333333 0.9525 0.18833333333333332 0.946875 0.1875 0.953125 0.1925 0.9568749999999999
0 0.315 0.914375 0.31666666666666665 0.91625 0.32166666666666666 0.9125 0.32416666666666666 0.915625 0.3258333333333333 0.914375 0.3275 0.9099999999999999 0.32333333333333336 0.906875 0.3225 0.9099999999999999 0.315 0.914375
0 0.17416666666666666 0.89 0.17770833333333333 0.8926562500000002 0.175 0.8825000000000001 0.17416666666666666 0.89
0 0.1825 0.900625 0.17916666666666667 0.8981250000000001 0.1778787878787879 0.8932954545454546 0.175 0.8943749999999999 0.175 0.8981250000000001 0.17916666666666667 0.9075000000000001 0.1825 0.905 0.1825 0.900625
0 0.19333333333333333 0.8450000000000001 0.19916666666666666 0.846875 0.2 0.8425 0.195 0.8412499999999999 0.1925 0.8418750000000002 0.19333333333333333 0.8450000000000001
0 0.17666666666666667 0.85375 0.17333333333333334 0.8556250000000001 0.17666666666666667 0.859375 0.17333333333333334 0.8618750000000001 0.17416666666666666 0.8668750000000001 0.17583333333333334 0.869375 0.1875 0.8731250000000002 0.1875 0.884375 0.19 0.8862500000000001 0.19416666666666665 0.9075000000000001 0.19916666666666666 0.9112500000000001 0.19666666666666666 0.915625 0.19916666666666666 0.9181250000000001 0.2033333333333333 0.9137500000000001 0.20666666666666664 0.914375 0.20750000000000002 0.911875 0.21000000000000002 0.911875 0.2125 0.9075000000000001 0.21749999999999997 0.905625 0.22333333333333333 0.906875 0.22083333333333335 0.9181250000000001 0.21666666666666665 0.9175000000000001 0.215 0.925 0.2033333333333333 0.9275 0.20083333333333334 0.930625 0.20249999999999999 0.9337500000000001 0.21166666666666667 0.9356250000000002 0.21416666666666667 0.94375 0.22000000000000003 0.943125 0.22749999999999998 0.945625 0.22833333333333333 0.9412499999999999 0.225 0.9387500000000001 0.22666666666666666 0.9349999999999999 0.22833333333333333 0.9331250000000001 0.23583333333333334 0.9331250000000001 0.2425 0.938125 0.23916666666666667 0.94625 0.24416666666666664 0.9550000000000001 0.25416666666666665 0.95 0.2625 0.95 0.2683333333333333 0.9568749999999999 0.2783333333333333 0.9575000000000001 0.28250000000000003 0.9506249999999999 0.2866666666666667 0.951875 0.2925 0.95 0.30166666666666664 0.9543750000000001 0.3308333333333333 0.953125 0.33249999999999996 0.92125 0.31416666666666665 0.9200000000000002 0.3091666666666667 0.915625 0.30166666666666664 0.9012500000000001 0.31 0.8981250000000001 0.31416666666666665 0.899375 0.32333333333333336 0.896875 0.3308333333333333 0.9 0.3358333333333333 0.8931250000000001 0.33249999999999996 0.868125 0.335 0.8375 0.3308333333333333 0.8256249999999999 0.32416666666666666 0.82875 0.31166666666666665 0.82875 0.30333333333333334 0.828125 0.30083333333333334 0.8237500000000001 0.2966666666666667 0.8231250000000001 0.29333333333333333 0.8300000000000001 0.28250000000000003 0.8300000000000001 0.2783333333333333 0.828125 0.2791666666666667 0.8243750000000001 0.2683333333333333 0.8225 0.255 0.8318749999999999 0.24083333333333332 0.8318749999999999 0.2341666666666667 0.835 0.22666666666666666 0.835 0.21000000000000002 0.8400000000000001 0.20833333333333334 0.8425 0.21333333333333332 0.851875 0.2125 0.8556250000000001 0.195 0.8575000000000002 0.1925 0.86 0.18666666666666668 0.85625 0.19166666666666668 0.851875 0.1875 0.8543750000000001 0.175 0.8487500000000001 0.17416666666666666 0.8525 0.17666666666666667 0.85375
0 0.3383333333333333 0.9293750000000001 0.3383333333333333 0.9950000000000001 0.345 0.996875 0.36333333333333334 0.9956250000000001 0.37 0.9943750000000001 0.3725 0.99 0.38583333333333336 0.9918750000000001 0.39416666666666667 0.990625 0.4041666666666667 0.9943750000000001 0.4058333333333334 0.9925 0.4091666666666667 0.9943750000000001 0.43916666666666665 0.9943750000000001 0.45916666666666667 0.996875 0.47333333333333333 0.9962500000000001 0.4766666666666667 0.9943750000000001 0.485 0.9356250000000002 0.47833333333333333 0.9106250000000001 0.485 0.9018750000000001 0.4841666666666667 0.885 0.48916666666666664 0.874375 0.48583333333333334 0.850625 0.49083333333333334 0.8450000000000001 0.4883333333333333 0.84375 0.4875 0.838125 0.47750000000000004 0.838125 0.475 0.84375 0.4766666666666667 0.8487500000000001 0.4741666666666666 0.85 0.45999999999999996 0.850625 0.4458333333333333 0.8412499999999999 0.4408333333333333 0.843125 0.425 0.8418750000000002 0.4216666666666667 0.838125 0.4166666666666667 0.8425 0.40750000000000003 0.8418750000000002 0.39416666666666667 0.8456250000000001 0.39 0.8481250000000001 0.39 0.8556250000000001 0.38 0.8568749999999999 0.37666666666666665 0.8606250000000001 0.36916666666666664 0.8575000000000002 0.35583333333333333 0.8606250000000001 0.3433333333333333 0.85875 0.33999999999999997 0.8856250000000001 0.34249999999999997 0.915625 0.3383333333333333 0.9293750000000001
0 0.4109375 0.82421875 0.00234375 0.00078125
0 0.355 0.914375 0.3525 0.9137500000000001 0.3525 0.915625 0.355 0.914375
0 0.3466666666666667 0.9112500000000001 0.3441666666666666 0.9099999999999999 0.345 0.9125 0.3466666666666667 0.9112500000000001
0 0.36416666666666664 0.9075000000000001 0.3625 0.906875 0.3616666666666667 0.9081250000000001 0.36416666666666664 0.9075000000000001
0 0.3416666666666667 0.859375 0.3591666666666667 0.853125 0.3675 0.8550000000000001 0.37666666666666665 0.8543750000000001 0.38583333333333336 0.8481250000000001 0.3933333333333333 0.850625 0.4175 0.849375 0.4216666666666667 0.8474999999999999 0.4325 0.849375 0.44000000000000006 0.8462500000000001 0.4458333333333333 0.8487500000000001 0.49416666666666664 0.85 0.49833333333333335 0.81125 0.4916666666666667 0.8087500000000001 0.4883333333333333 0.8106250000000002 0.4883333333333333 0.8143750000000001 0.4841666666666667 0.815625 0.4766666666666667 0.809375 0.47000000000000003 0.8099999999999999 0.46333333333333326 0.8143750000000001 0.4491666666666666 0.8143750000000001 0.445 0.81125 0.42833333333333334 0.815625 0.42416666666666664 0.81125 0.41833333333333333 0.8099999999999999 0.4 0.81875 0.3908333333333333 0.81125 0.385 0.8137500000000001 0.3725 0.8143750000000001 0.36916666666666664 0.8125 0.3516666666666667 0.813125 0.345 0.8099999999999999 0.3416666666666667 0.813125 0.3383333333333333 0.8237500000000001 0.3383333333333333 0.8487500000000001 0.3416666666666667 0.859375
0 0.3616666666666667 0.765625 0.3591666666666667 0.7618750000000001 0.3591666666666667 0.7675000000000001 0.3616666666666667 0.765625
0 0.4766666666666667 0.733125 0.47833333333333333 0.7306250000000001 0.4758333333333333 0.72875 0.4741666666666666 0.7306250000000001 0.4766666666666667 0.733125
0 0.3416666666666667 0.746875 0.3458333333333333 0.744375 0.3466666666666667 0.740625 0.3525 0.738125 0.3516666666666667 0.7237500000000001 0.3433333333333333 0.7237500000000001 0.3383333333333333 0.731875 0.3383333333333333 0.745 0.3416666666666667 0.746875
0 0.3933333333333333 0.7175 0.3975 0.7256250000000001 0.39916666666666667 0.7206250000000001 0.39583333333333337 0.7193750000000001 0.39916666666666667 0.716875 0.3933333333333333 0.71625 0.39 0.716875 0.3933333333333333 0.7175
0 0.37666666666666665 0.721875 0.38416666666666666 0.7193750000000001 0.38333333333333336 0.71625 0.36583333333333334 0.7175 0.37666666666666665 0.721875
0 0.42416666666666664 0.716875 0.42000000000000004 0.71625 0.4216666666666667 0.718125 0.42416666666666664 0.716875
0 0.07166666666666667 0.5956250000000001 0.12583333333333332 0.59375 0.14250000000000002 0.5956250000000001 0.15166666666666667 0.59375 0.17833333333333332 0.595 0.18333333333333332 0.5925 0.18583333333333335 0.586875 0.18916666666666665 0.560625 0.18333333333333332 0.55625 0.10166666666666666 0.55625 0.09583333333333334 0.5587500000000001 0.08333333333333334 0.55625 0.0775 0.5587500000000001 0.065 0.58375 0.06416666666666666 0.5925 0.07166666666666667 0.5956250000000001
0 0.9708333333333334 0.678125 0.9708333333333334 0.675 0.9675 0.6743750000000001 0.9666666666666666 0.6793750000000001 0.9708333333333334 0.678125
0 0.9866666666666667 0.6768750000000001 0.9866666666666667 0.6793750000000001 0.9816666666666667 0.6793750000000001 0.99 0.684375 0.99 0.675 0.9841666666666666 0.6725000000000001 0.9816666666666667 0.6743750000000001 0.9866666666666667 0.6768750000000001
0 0.9108333333333333 0.63875 0.9191666666666667 0.6431250000000001 0.9333333333333333 0.66 0.9416666666666667 0.665 0.9566666666666667 0.664375 0.96 0.6625 0.9908333333333333 0.6637500000000001 0.9991666666666668 0.654375 0.9991666666666668 0.628125 0.9925 0.62 0.9875 0.6175 0.95 0.6143750000000001 0.9383333333333332 0.6168750000000001 0.9208333333333334 0.615625 0.9141666666666666 0.6162500000000001 0.9066666666666666 0.6225 0.9075 0.63375 0.9108333333333333 0.63875
0 0.052500000000000005 0.644375 0.07166666666666667 0.645 0.08249999999999999 0.641875 0.14333333333333334 0.641875 0.1525 0.64 0.1725 0.6425000000000001 0.17916666666666667 0.634375 0.18416666666666665 0.599375 0.17916666666666667 0.596875 0.15583333333333332 0.595 0.14833333333333334 0.596875 0.065 0.596875 0.056666666666666664 0.60625 0.04583333333333333 0.630625 0.045 0.6375 0.052500000000000005 0.644375
0 0.0075 0.9956250000000001 0.02583333333333333 0.99375 0.0325 0.9975000000000002 0.043333333333333335 0.9975000000000002 0.04416666666666667 0.999375 0.0475 0.999375 0.049166666666666664 0.996875 0.05333333333333333 0.9975000000000002 0.056666666666666664 0.9956250000000001 0.08499999999999999 0.9962500000000001 0.09416666666666666 0.993125 0.09833333333333333 0.9943750000000001 0.09833333333333333 0.9912500000000002 0.1025 0.9887500000000001 0.10916666666666666 0.990625 0.10500000000000001 0.9943750000000001 0.10833333333333332 0.9918750000000001 0.1125 0.9943750000000001 0.11166666666666666 0.9893750000000001 0.11583333333333332 0.9881250000000001 0.13 0.9881250000000001 0.135 0.9925 0.13999999999999999 0.99 0.145 0.99375 0.14583333333333331 0.99 0.1408333333333333 0.99 0.14333333333333334 0.98375 0.14750000000000002 0.9825000000000002 0.15166666666666667 0.984375 0.1575 0.98125 0.16416666666666666 0.9925 0.16666666666666669 0.978125 0.17083333333333334 0.978125 0.1725 0.9737500000000001 0.17166666666666666 0.9493750000000001 0.1675 0.946875 0.14166666666666666 0.9487500000000001 0.135 0.9512500000000002 0.10166666666666666 0.9487500000000001 0.09333333333333334 0.9525 0.08083333333333334 0.9543750000000001 0.057499999999999996 0.9543750000000001 0.04666666666666667 0.9600000000000002 0.034999999999999996 0.9600000000000002 0.008333333333333333 0.965625 0.005 0.9693750000000001 0.004166666666666667 0.9825000000000002 0.0075 0.9956250000000001
0 0.14375 0.8875 0.00234375 0.00078125
0 0.6333333333333333 0.9337500000000001 0.64 0.928125 0.6333333333333333 0.9256249999999999 0.6325000000000001 0.9268750000000001 0.6308333333333334 0.931875 0.6333333333333333 0.9337500000000001
0 0.6083333333333333 0.9181250000000001 0.6058333333333333 0.9175000000000001 0.605 0.91875 0.6083333333333333 0.9181250000000001
0 0.6234375 0.9078125 0.00234375 0.00078125
0 0.5733333333333334 0.9112500000000001 0.5700000000000001 0.914375 0.5700000000000001 0.9262500000000001 0.575 0.930625 0.5775 0.93125 0.5875 0.9268750000000001 0.5916666666666667 0.928125 0.595 0.9243750000000001 0.5983333333333334 0.9268750000000001 0.6008333333333333 0.9262500000000001 0.6033333333333333 0.925 0.6033333333333333 0.920625 0.6174999999999999 0.91625 0.6191666666666666 0.91875 0.6275000000000001 0.9200000000000002 0.63 0.9225 0.635 0.9200000000000002 0.65 0.9181250000000001 0.6691666666666667 0.9181250000000001 0.6666666666666667 0.913125 0.675 0.9087500000000001 0.67 0.9018750000000001 0.675 0.89875 0.6716666666666666 0.89625 0.6758333333333333 0.8950000000000001 0.6799999999999999 0.884375 0.6791666666666667 0.8731250000000002 0.6849999999999999 0.86625 0.6866666666666666 0.8474999999999999 0.6941666666666666 0.8375 0.6925 0.8237500000000001 0.6983333333333334 0.8143750000000001 0.6958333333333333 0.7875 0.6933333333333334 0.7831250000000001 0.6991666666666666 0.7725000000000001 0.6966666666666667 0.76875 0.6791666666666667 0.766875 0.6683333333333333 0.7618750000000001 0.6516666666666666 0.7618750000000001 0.6458333333333333 0.765 0.6425 0.77 0.615 0.7725000000000001 0.6025 0.765625 0.6016666666666667 0.7612500000000001 0.595 0.7625 0.595 0.77375 0.5883333333333333 0.785 0.5883333333333333 0.8006249999999999 0.5841666666666667 0.806875 0.5808333333333333 0.8325000000000001 0.5816666666666667 0.8631249999999999 0.5775 0.86875 0.5783333333333334 0.8800000000000001 0.5725 0.8881249999999999 0.5741666666666666 0.905625 0.5733333333333334 0.9112500000000001
0 0.15583333333333332 0.9425000000000001 0.15 0.9412499999999999 0.15 0.94375 0.15583333333333332 0.9425000000000001
0 0.1675 0.944375 0.16499999999999998 0.9412499999999999 0.16833333333333333 0.9387500000000001 0.1675 0.93625 0.16416666666666666 0.9412499999999999 0.16083333333333333 0.9387500000000001 0.15833333333333333 0.9425000000000001 0.1675 0.944375
0 0.15390625 0.92890625 0.00078125 0.0015625
0 0.008333333333333333 0.91625 0.013333333333333332 0.9075000000000001 0.010833333333333334 0.906875 0.0075 0.9099999999999999 0.005833333333333334 0.914375 0.008333333333333333 0.91625
0 0.16333333333333333 0.9175000000000001 0.1675 0.934375 0.16833333333333333 0.9231250000000001 0.16583333333333333 0.9225 0.16833333333333333 0.9193749999999999 0.16416666666666666 0.9168750000000001 0.1675 0.914375 0.1675 0.9099999999999999 0.16499999999999998 0.90625 0.16166666666666668 0.905625 0.15916666666666665 0.9075000000000001 0.15666666666666668 0.915 0.16333333333333333 0.9175000000000001
0 0.021666666666666667 0.8243750000000001 0.025 0.82875 0.0325 0.8300000000000001 0.034999999999999996 0.834375 0.0325 0.838125 0.024166666666666666 0.836875 0.01583333333333333 0.8450000000000001 0.011666666666666667 0.8425 0.005833333333333334 0.8450000000000001 0.005 0.85875 0 0.865625 0.0025 0.868125 0 0.8762500000000001 0.003333333333333333 0.8825000000000001 0.003333333333333333 0.8950000000000001 0.006666666666666666 0.8975 0.003333333333333333 0.9012500000000001 0.008333333333333333 0.8981250000000001 0.01 0.899375 0.008333333333333333 0.90625 0.011666666666666667 0.900625 0.016666666666666666 0.900625 0.01583333333333333 0.905 0.020833333333333336 0.9112500000000001 0.019166666666666665 0.914375 0.024166666666666666 0.91875 0.021666666666666667 0.9268750000000001 0.016666666666666666 0.92875 0.005 0.9200000000000002 0.0075 0.9237500000000001 0.004166666666666667 0.9243750000000001 0.004166666666666667 0.92875 0 0.93125 0 0.9493750000000001 0.005 0.9506249999999999 0.0075 0.9481250000000001 0.01583333333333333 0.9475 0.0225 0.953125 0.027500000000000004 0.9475 0.0325 0.9487500000000001 0.03916666666666667 0.9450000000000001 0.043333333333333335 0.946875 0.04666666666666667 0.944375 0.052500000000000005 0.9506249999999999 0.058333333333333334 0.9525 0.07083333333333333 0.95 0.11583333333333332 0.9493750000000001 0.11916666666666667 0.9475 0.1275 0.9493750000000001 0.13 0.946875 0.13999999999999999 0.94625 0.13999999999999999 0.938125 0.14750000000000002 0.93125 0.13583333333333333 0.9193749999999999 0.1408333333333333 0.915625 0.1375 0.9112500000000001 0.13833333333333334 0.9075000000000001 0.13166666666666665 0.9099999999999999 0.12916666666666668 0.905625 0.13 0.903125 0.13999999999999999 0.9012500000000001 0.1375 0.89875 0.13999999999999999 0.896875 0.12916666666666668 0.89875 0.12666666666666665 0.89 0.13083333333333333 0.8868750000000001 0.13999999999999999 0.885 0.155 0.8856250000000001 0.16083333333333333 0.903125 0.1675 0.89375 0.1675 0.8868750000000001 0.16416666666666666 0.88375 0.1675 0.8762500000000001 0.16083333333333333 0.838125 0.16166666666666668 0.8150000000000001 0.15833333333333333 0.8137500000000001 0.16083333333333333 0.8099999999999999 0.15083333333333332 0.8143750000000001 0.15083333333333332 0.80625 0.14666666666666667 0.8025 0.13916666666666666 0.80625 0.12583333333333332 0.806875 0.11583333333333332 0.8018750000000001 0.10583333333333333 0.805625 0.09833333333333333 0.8018750000000001 0.08833333333333333 0.80625 0.08083333333333334 0.80625 0.07166666666666667 0.8018750000000001 0.0675 0.8018750000000001 0.06166666666666667 0.8075000000000001 0.043333333333333335 0.805625 0.04 0.8087500000000001 0.035833333333333335 0.8075000000000001 0.03166666666666666 0.8106250000000002 0.025 0.809375 0.019166666666666665 0.8175000000000001 0.015 0.81125 0.004166666666666667 0.82125 0.01 0.825 0.021666666666666667 0.8243750000000001
0 0.11583333333333332 0.7931250000000001 0.12416666666666668 0.796875 0.12666666666666665 0.795625 0.12083333333333332 0.790625 0.12083333333333332 0.7862500000000001 0.125 0.7837500000000001 0.13 0.7862500000000001 0.13833333333333334 0.7862500000000001 0.14333333333333334 0.7925000000000001 0.14750000000000002 0.7875 0.155 0.7875 0.15639304944532134 0.789141808274843 0.16083333333333333 0.787291875 0.16083333333333333 0.7837500000000001 0.15583333333333332 0.785625 0.14750000000000002 0.78 0.1408333333333333 0.779375 0.12666666666666665 0.77875 0.11416666666666667 0.780625 0.10916666666666666 0.784375 0.10500000000000001 0.7837500000000001 0.11083333333333334 0.785625 0.11583333333333332 0.7931250000000001
0 0.9008333333333333 0.7675000000000001 0.9433333333333334 0.7675000000000001 0.9633333333333333 0.765625 0.9758333333333333 0.7675000000000001 0.9833333333333334 0.765625 0.9883333333333333 0.754375 0.9941666666666666 0.748125 0.9958333333333333 0.731875 0.9991666666666668 0.7262500000000001 0.9991666666666668 0.670625 0.9966666666666667 0.669375 0.9966666666666667 0.6625 0.9933333333333334 0.6581250000000001 0.9991666666666668 0.6518750000000001 0.9991666666666668 0.6368750000000001 0.9841666666666666 0.635 0.9808333333333333 0.6318750000000001 0.9783333333333333 0.634375 0.97 0.634375 0.9650000000000001 0.62625 0.9566666666666667 0.62875 0.9533333333333334 0.623125 0.945 0.623125 0.9400000000000001 0.6175 0.9108333333333333 0.6162500000000001 0.8991666666666667 0.6325000000000001 0.89 0.665 0.8825 0.6787500000000001 0.8716666666666667 0.713125 0.8691666666666666 0.7306250000000001 0.9008333333333333 0.7675000000000001
0 0.3441666666666666 0.999375 0.3591666666666667 0.999375 0.36333333333333334 0.9962500000000001 0.37666666666666665 0.993125 0.39416666666666667 0.9943750000000001 0.39666666666666667 0.9918750000000001 0.40166666666666667 0.9950000000000001 0.4691666666666666 0.9975000000000002 0.47833333333333333 0.993125 0.4833333333333333 0.944375 0.48 0.940625 0.45666666666666667 0.9418750000000001 0.4533333333333333 0.936875 0.4458333333333333 0.9349999999999999 0.44416666666666665 0.9400000000000001 0.43916666666666665 0.9425000000000001 0.4375 0.938125 0.43499999999999994 0.9375 0.4258333333333333 0.9425000000000001 0.41500000000000004 0.940625 0.41083333333333333 0.9425000000000001 0.4025 0.9412499999999999 0.3983333333333333 0.945625 0.38249999999999995 0.9506249999999999 0.3775 0.95 0.37583333333333335 0.94625 0.36333333333333334 0.951875 0.34249999999999997 0.951875 0.3375 0.9637500000000001 0.3375 0.99375 0.3441666666666666 0.999375
0 0.39916666666666667 0.921875 0.39499999999999996 0.92125 0.39666666666666667 0.9237500000000001 0.39916666666666667 0.921875
0 0.41083333333333333 0.9193749999999999 0.41916666666666663 0.9181250000000001 0.4083333333333333 0.9168750000000001 0.40750000000000003 0.91875 0.41083333333333333 0.9193749999999999
0 0.42833333333333334 0.91875 0.42666666666666664 0.9168750000000001 0.43083333333333335 0.914375 0.425 0.9137500000000001 0.4216666666666667 0.915 0.42833333333333334 0.91875
0 0.375 0.89375 0.37666666666666665 0.89625 0.3875 0.8950000000000001 0.3975 0.890625 0.3875 0.890625 0.38416666666666666 0.89375 0.375 0.89375
0 0.44833333333333336 0.8868750000000001 0.45166666666666666 0.8881249999999999 0.4533333333333333 0.89375 0.45916666666666667 0.8943749999999999 0.46416666666666667 0.8975 0.4658333333333333 0.89375 0.47000000000000003 0.8931250000000001 0.4741666666666666 0.8887500000000002 0.48166666666666663 0.89125 0.48083333333333333 0.8868750000000001 0.47833333333333333 0.889375 0.4766666666666667 0.8881249999999999 0.4766666666666667 0.883125 0.47000000000000003 0.8825000000000001 0.4625 0.8856250000000001 0.45666666666666667 0.881875 0.4541666666666667 0.8875 0.44833333333333336 0.8868750000000001
0 0.1825 0.9956250000000001 0.18416666666666665 0.990625 0.18833333333333332 0.9925 0.18777749999999999 0.9956250000000001 0.20166666666666666 0.9950000000000001 0.2 0.9925 0.19 0.9925 0.18166666666666667 0.9887500000000001 0.18 0.9950000000000001 0.1825 0.9956250000000001
0 0.17916666666666667 0.9387500000000001 0.17666666666666667 0.940625 0.17583333333333334 0.953125 0.17833333333333332 0.9818750000000002 0.17916666666666667 0.98375 0.18333333333333332 0.98375 0.18166666666666667 0.9862500000000001 0.18666666666666668 0.9818750000000002 0.1925 0.984375 0.19749999999999998 0.98125 0.20249999999999999 0.9862500000000001 0.2058333333333333 0.996875 0.21083333333333334 0.996875 0.21333333333333332 0.999375 0.21583333333333332 0.996875 0.22333333333333333 0.9962500000000001 0.32916666666666666 0.9956250000000001 0.32666666666666666 0.990625 0.32416666666666666 0.99 0.32083333333333336 0.9925 0.3175 0.9887500000000001 0.32416666666666666 0.9818750000000002 0.32166666666666666 0.9800000000000001 0.32455128205128203 0.9795673076923078 0.3158333333333333 0.9787500000000001 0.3075 0.9737500000000001 0.3075 0.9693750000000001 0.31083333333333335 0.9668750000000002 0.315 0.9668750000000002 0.31416666666666665 0.9631250000000001 0.32 0.9600000000000002 0.32416666666666666 0.9631250000000001 0.32333333333333336 0.9668750000000002 0.3275 0.96875 0.3308333333333333 0.968125 0.33249999999999996 0.9625 0.335 0.8887500000000002 0.33166666666666667 0.8862500000000001 0.335 0.884375 0.33416666666666667 0.8825000000000001 0.32666666666666666 0.88125 0.325 0.875625 0.3308333333333333 0.8700000000000001 0.3275 0.865 0.32416666666666666 0.86625 0.32083333333333336 0.8637500000000001 0.30666666666666664 0.8631249999999999 0.29583333333333334 0.865625 0.2925 0.8631249999999999 0.28250000000000003 0.865625 0.2783333333333333 0.8637500000000001 0.26916666666666667 0.8668750000000001 0.26416666666666666 0.865 0.25833333333333336 0.869375 0.24416666666666664 0.86875 0.23916666666666667 0.8706250000000001 0.23583333333333334 0.875 0.23166666666666663 0.8712500000000001 0.22583333333333333 0.8724999999999999 0.22416666666666668 0.8731250000000002 0.24500000000000002 0.8868750000000001 0.22749999999999998 0.8925000000000001 0.1925 0.8925000000000001 0.1925 0.9012500000000001 0.19 0.9037499999999999 0.185 0.903125 0.17666666666666667 0.8950000000000001 0.175 0.8881249999999999 0.17416666666666666 0.9268750000000001 0.1775 0.9349999999999999 0.175 0.93625 0.17916666666666667 0.9387500000000001
0 0.3075 0.8606250000000001 0.31 0.85875 0.31333333333333335 0.8618750000000001 0.3175 0.859375 0.31166666666666665 0.85875 0.30666666666666664 0.8550000000000001 0.3025 0.86 0.3075 0.8606250000000001
0 0.5291666666666667 0.5743750000000001 0.5383333333333333 0.581875 0.5633333333333332 0.5800000000000001 0.5925 0.5806250000000001 0.6016666666666667 0.578125 0.6125 0.579375 0.6191666666666666 0.5775 0.6216666666666667 0.5743750000000001 0.6075 0.55625 0.5883333333333333 0.541875 0.5650000000000001 0.544375 0.5549999999999999 0.5431250000000001 0.5508333333333333 0.545 0.5433333333333333 0.5431250000000001 0.5366666666666666 0.545 0.525 0.5431250000000001 0.5191666666666667 0.54625 0.5216666666666667 0.561875 0.5291666666666667 0.5743750000000001
0 0.09916666666666667 0.9943750000000001 0.0975 0.990625 0.09333333333333334 0.99 0.09083333333333334 0.9943750000000001 0.09916666666666667 0.9943750000000001
0 0.03916666666666667 0.925 0.034999999999999996 0.9268750000000001 0.0125 0.930625 0.005 0.934375 0 0.931875 0.003333333333333333 0.934375 0 0.9351387499999999 0 0.96125 0.004166666666666667 0.9662500000000002 0.020833333333333336 0.96125 0.04416666666666667 0.9600000000000002 0.05333333333333333 0.95375 0.06583333333333333 0.95375 0.06999999999999999 0.9512500000000002 0.075 0.95375 0.09416666666666666 0.953125 0.1025 0.9506249999999999 0.13833333333333334 0.95 0.14916666666666667 0.946875 0.16583333333333333 0.9481250000000001 0.17166666666666666 0.9512500000000002 0.16833333333333333 0.91625 0.155 0.9125 0.14250000000000002 0.915 0.13833333333333334 0.9081250000000001 0.13999999999999999 0.906875 0.1375 0.9075000000000001 0.13833333333333334 0.914375 0.12916666666666668 0.914375 0.12916666666666668 0.9181250000000001 0.12333333333333334 0.9200000000000002 0.10916666666666666 0.920625 0.10583333333333333 0.91875 0.10666666666666666 0.915 0.1025 0.9137500000000001 0.095 0.9137500000000001 0.0975 0.9175000000000001 0.095 0.9193749999999999 0.07083333333333333 0.9243750000000001 0.065 0.9225 0.04666666666666667 0.9237500000000001 0.042499999999999996 0.91875 0.03916666666666667 0.920625 0.03916666666666667 0.925
0 0.045 0.8706250000000001 0.04833333333333333 0.869375 0.04666666666666667 0.8668750000000001 0.043333333333333335 0.869375 0.045 0.8706250000000001
0 0.03833333333333333 0.869375 0.034999999999999996 0.86625 0.034166666666666665 0.86625 0.03833333333333333 0.869375
0 0.03166666666666666 0.8700000000000001 0.034166666666666665 0.86625 0.03166666666666666 0.86625 0.03166666666666666 0.8700000000000001
0 0.02583333333333333 0.8637500000000001 0.02583333333333333 0.8618750000000001 0.014166666666666666 0.8625 0.02583333333333333 0.8637500000000001
0 0.08 0.85875 0.07416666666666667 0.8575000000000002 0.07416666666666667 0.86 0.08 0.85875
0 0.05416666666666666 0.865625 0.05083333333333333 0.869375 0.05416666666666666 0.8731250000000002 0.05333333333333333 0.8793750000000001 0.06416666666666666 0.874375 0.0725 0.8731250000000002 0.07416666666666667 0.869375 0.065 0.8631249999999999 0.0675 0.85875 0.045 0.85875 0.045 0.8606250000000001 0.05416666666666666 0.865625
0 0.08666666666666667 0.8625 0.08333333333333334 0.869375 0.0875 0.8706250000000001 0.095 0.8712500000000001 0.09833333333333333 0.869375 0.11000000000000001 0.87375 0.11583333333333332 0.8700000000000001 0.12250000000000001 0.8706250000000001 0.12666666666666665 0.868125 0.13166666666666665 0.869375 0.12416666666666668 0.86625 0.12666666666666665 0.8631249999999999 0.12416666666666668 0.8550000000000001 0.10583333333333333 0.8543750000000001 0.10166666666666666 0.8525 0.08416666666666667 0.85625 0.08249999999999999 0.859375 0.08666666666666667 0.8625
0 0.1325 0.8525 0.14333333333333334 0.8568749999999999 0.15083333333333332 0.8625 0.15083333333333332 0.8675 0.14833333333333334 0.869375 0.15083333333333332 0.8700000000000001 0.1525 0.865 0.16083333333333333 0.85875 0.1408333333333333 0.851875 0.13916666666666666 0.8543750000000001 0.13666666666666666 0.851875 0.13 0.851875 0.13 0.85375 0.1325 0.8525
0 0.7566666666666666 0.8800000000000001 0.7575000000000001 0.88375 0.7816666666666666 0.880625 0.7858333333333334 0.8825000000000001 0.7891666666666667 0.8800000000000001 0.7858333333333334 0.8762500000000001 0.7891666666666667 0.875 0.7891666666666667 0.8712500000000001 0.7849999999999999 0.871875 0.7833333333333333 0.875 0.7725 0.8706250000000001 0.7691666666666667 0.8724999999999999 0.7625 0.8700000000000001 0.7608333333333334 0.871875 0.7625 0.8762500000000001 0.7566666666666666 0.8800000000000001
0 0.7 0.8275 0.7008333333333333 0.8393750000000001 0.6975 0.8474999999999999 0.7 0.8550000000000001 0.71 0.858125 0.71 0.8625 0.7066666666666667 0.86625 0.7083333333333333 0.869375 0.72 0.8706250000000001 0.7233333333333334 0.8731250000000002 0.7224999999999999 0.8775000000000001 0.7266666666666667 0.8787499999999999 0.7316666666666667 0.8768750000000001 0.7258333333333333 0.8731250000000002 0.7333333333333333 0.86625 0.7583333333333333 0.8618750000000001 0.7658333333333334 0.8637500000000001 0.7925 0.86 0.7958333333333333 0.851875 0.795 0.8418750000000002 0.8 0.8400000000000001 0.8066666666666666 0.83125 0.8066666666666666 0.8162499999999999 0.8116666666666668 0.81125 0.8150000000000001 0.7881250000000001 0.8208333333333334 0.7775000000000001 0.8191666666666666 0.765 0.8241666666666667 0.75625 0.8241666666666667 0.7475 0.8208333333333334 0.744375 0.8175000000000001 0.745 0.8150000000000001 0.75125 0.8091666666666667 0.75375 0.805 0.75125 0.8083333333333333 0.748125 0.8066666666666666 0.74375 0.8033333333333333 0.7456250000000001 0.8 0.743125 0.7966666666666666 0.746875 0.7891666666666667 0.7462500000000001 0.7866666666666666 0.75 0.7825 0.74375 0.7741666666666667 0.748125 0.7708333333333333 0.753125 0.735 0.7612500000000001 0.7258333333333333 0.7612500000000001 0.7233333333333334 0.763125 0.72 0.7618750000000001 0.7166666666666667 0.76375 0.7158333333333333 0.76875 0.7116666666666667 0.7731250000000001 0.7108333333333333 0.784375 0.7008333333333333 0.8018750000000001 0.7024999999999999 0.8243750000000001 0.7 0.8275
0 0.7716666666666667 0.73375 0.7691666666666667 0.7325 0.7683333333333333 0.734375 0.7716666666666667 0.73375
0 0.755 0.734375 0.7541666666666667 0.7306250000000001 0.7491666666666666 0.7306250000000001 0.755 0.734375
0 0.7733333333333333 0.73375 0.7791666666666667 0.734375 0.7849999999999999 0.74 0.7891666666666667 0.740625 0.795 0.7362500000000001 0.8099999999999999 0.7368750000000001 0.8175000000000001 0.7350000000000001 0.8225 0.7368750000000001 0.8316666666666667 0.7300000000000001 0.8283333333333334 0.7212500000000001 0.8324999999999999 0.721875 0.8341666666666667 0.70875 0.8183333333333334 0.70625 0.8125 0.7193750000000001 0.8016666666666665 0.72 0.7958333333333333 0.7143750000000001 0.7933333333333333 0.7143750000000001 0.7816666666666666 0.72 0.7816666666666666 0.7262500000000001 0.7733333333333333 0.73375
0 0.7458333333333333 0.71125 0.755 0.71125 0.7649999999999999 0.7150000000000001 0.77 0.7125 0.7791666666666667 0.715625 0.7808333333333334 0.711875 0.7858333333333334 0.7100000000000001 0.7916666666666667 0.7106250000000001 0.7975 0.70625 0.7891666666666667 0.70625 0.7791666666666667 0.703125 0.7691666666666667 0.7056250000000001 0.7616666666666666 0.7025 0.7491666666666666 0.7081250000000001 0.74 0.7081250000000001 0.7408333333333333 0.7150000000000001 0.7458333333333333 0.71125
0 0.4625 0.655625 0.4725 0.68125 0.4766666666666667 0.685 0.5041666666666667 0.68125 0.5183333333333333 0.681875 0.55 0.6787500000000001 0.5866666666666667 0.680625 0.5966666666666667 0.6837500000000001 0.6033333333333333 0.681875 0.605 0.665625 0.6025 0.6581250000000001 0.5841666666666667 0.633125 0.5641666666666667 0.619375 0.5475 0.615625 0.5216666666666667 0.6162500000000001 0.5166666666666667 0.618125 0.5083333333333333 0.615625 0.4841666666666667 0.615625 0.4741666666666666 0.61875 0.46416666666666667 0.618125 0.4541666666666667 0.629375 0.45583333333333337 0.646875 0.4625 0.655625
0 0.5291666666666667 0.8825000000000001 0.5316666666666666 0.8800000000000001 0.5283333333333333 0.8768750000000001 0.5266666666666666 0.8800000000000001 0.5291666666666667 0.8825000000000001
0 0.53984375 0.8734375 0.00078125 0.0015625
0 0.49749999999999994 0.9075000000000001 0.5025000000000001 0.9075000000000001 0.5075000000000001 0.9043750000000002 0.5233333333333333 0.9043750000000002 0.5425 0.9 0.5608333333333333 0.903125 0.5641666666666667 0.900625 0.5683333333333334 0.8868750000000001 0.5675 0.875 0.5625 0.869375 0.5641666666666667 0.868125 0.5625 0.8675 0.5541666666666667 0.875 0.5525 0.8731250000000002 0.5533333333333333 0.8775000000000001 0.5491666666666666 0.878125 0.5425 0.875625 0.5375 0.8793750000000001 0.54 0.88375 0.5366666666666666 0.8881249999999999 0.5333333333333333 0.8887500000000002 0.5291666666666667 0.884375 0.525 0.8862500000000001 0.5216666666666667 0.8800000000000001 0.5283333333333333 0.8731250000000002 0.5241666666666667 0.875 0.5241666666666667 0.8724999999999999 0.5191666666666667 0.8724999999999999 0.5133333333333333 0.865625 0.5091666666666667 0.865625 0.5058333333333334 0.8731250000000002 0.5075000000000001 0.8800000000000001 0.5016666666666667 0.884375 0.4958333333333333 0.89375 0.49416666666666664 0.9043750000000002 0.49749999999999994 0.9075000000000001
0 0.5578125 0.8625 0.00234375 0.00078125
0 0.5033333333333333 0.774375 0.5008333333333332 0.7831250000000001 0.5083333333333333 0.798125 0.5083333333333333 0.80375 0.5033333333333333 0.8099999999999999 0.5008333333333332 0.8293750000000001 0.5116666666666666 0.8356250000000001 0.5116666666666666 0.843125 0.5091666666666667 0.846875 0.5041666666666667 0.8487500000000001 0.505 0.850625 0.515 0.85625 0.5283333333333333 0.8575000000000002 0.5466666666666666 0.8556250000000001 0.5599999999999999 0.85875 0.5700000000000001 0.8556250000000001 0.5733333333333334 0.8512500000000001 0.5783333333333334 0.828125 0.5825 0.82125 0.5825 0.7993750000000001 0.5858333333333333 0.78125 0.5841666666666667 0.775625 0.5533333333333333 0.7681250000000001 0.55 0.77125 0.5333333333333333 0.7731250000000001 0.5116666666666666 0.7725000000000001 0.5033333333333333 0.769375 0.5016666666666667 0.7625 0.49749999999999994 0.7612500000000001 0.49416666666666664 0.7662500000000001 0.5033333333333333 0.774375
0 0.5015625 0.859375 0.00078125 0.00078125
0 0.48583333333333334 0.914375 0.4875 0.925 0.495 0.936875 0.49916666666666665 0.9387500000000001 0.4916666666666667 0.943125 0.4875 0.943125 0.4875 0.946875 0.5025000000000001 0.946875 0.515 0.9425000000000001 0.5291666666666667 0.943125 0.5458333333333333 0.9387500000000001 0.5616666666666666 0.938125 0.5691666666666666 0.89 0.5691666666666666 0.8787499999999999 0.5650000000000001 0.8731250000000002 0.5641666666666667 0.865 0.5608333333333333 0.8625 0.5650000000000001 0.8556250000000001 0.5575 0.8550000000000001 0.5549999999999999 0.8575000000000002 0.5533333333333333 0.8550000000000001 0.545 0.8556250000000001 0.5416666666666667 0.8525 0.545 0.849375 0.5433333333333333 0.8462500000000001 0.5325 0.8474999999999999 0.5258333333333333 0.843125 0.5216666666666667 0.8556250000000001 0.5225 0.8631249999999999 0.515 0.86625 0.5016666666666667 0.8643750000000001 0.49916666666666665 0.8712500000000001 0.5 0.8800000000000001 0.48916666666666664 0.8875 0.49083333333333334 0.9087500000000001 0.48583333333333334 0.914375
0 0.5708333333333333 0.8487500000000001 0.5675 0.8412499999999999 0.5666666666666667 0.8456250000000001 0.5708333333333333 0.8487500000000001
0 0.5291666666666667 0.8356250000000001 0.5325 0.8325000000000001 0.5391666666666667 0.83125 0.5258333333333333 0.8325000000000001 0.5291666666666667 0.8356250000000001
0 0.505 0.8293750000000001 0.5066666666666666 0.8262500000000002 0.505 0.8231250000000001 0.5033333333333333 0.8243750000000001 0.5025000000000001 0.828125 0.505 0.8293750000000001
0 0.5083333333333333 0.8168750000000001 0.5083333333333333 0.8125 0.505 0.8137500000000001 0.5083333333333333 0.8168750000000001
0 0.49083333333333334 0.744375 0.55 0.745 0.5650000000000001 0.7412500000000001 0.5883333333333333 0.744375 0.5933333333333334 0.7418750000000001 0.595 0.738125 0.5983333333333334 0.716875 0.5900000000000001 0.7143750000000001 0.5700000000000001 0.7150000000000001 0.5549999999999999 0.713125 0.5341666666666667 0.715625 0.49083333333333334 0.715625 0.4758333333333333 0.7193750000000001 0.4841666666666667 0.7412500000000001 0.49083333333333334 0.744375
0 0.9508333333333333 0.625 0.9574999999999999 0.634375 0.9883333333333333 0.6362500000000001 0.9991666666666668 0.635 0.9991666666666668 0.6225 0.9883333333333333 0.615625 0.9458333333333334 0.6143750000000001 0.9408333333333333 0.6175 0.9425000000000001 0.623125 0.9508333333333333 0.625
0 0.5841666666666667 0.85375 0.5925 0.853125 0.5958333333333333 0.8556250000000001 0.605 0.8556250000000001 0.61 0.853125 0.6166666666666667 0.8550000000000001 0.6233333333333333 0.8512500000000001 0.6408333333333334 0.85 0.65 0.84375 0.655 0.84375 0.6641666666666667 0.8487500000000001 0.6891666666666667 0.850625 0.6975 0.8400000000000001 0.6941666666666666 0.8243750000000001 0.7016666666666667 0.8168750000000001 0.6958333333333333 0.8018750000000001 0.69 0.80375 0.6866666666666666 0.8081250000000001 0.6816666666666666 0.805625 0.6758333333333333 0.805625 0.6716666666666666 0.809375 0.6649999999999999 0.8075000000000001 0.6625 0.803125 0.6566666666666666 0.8006249999999999 0.6475 0.80375 0.6358333333333334 0.8025 0.6333333333333333 0.8006249999999999 0.6191666666666666 0.80375 0.605 0.8025 0.5875 0.8075000000000001 0.5783333333333334 0.8306250000000001 0.5791666666666667 0.849375 0.5841666666666667 0.85375
0 0.7208333333333333 0.88125 0.7233333333333334 0.8793750000000001 0.7191666666666666 0.8762500000000001 0.7183333333333334 0.8800000000000001 0.7208333333333333 0.88125
0 0.7833333333333333 0.859375 0.7825 0.8575000000000002 0.7775 0.86 0.7766666666666666 0.8575000000000002 0.7708333333333333 0.858125 0.7716666666666667 0.8612500000000001 0.7833333333333333 0.859375
0 0.7675 0.86 0.7616666666666666 0.8568749999999999 0.7616666666666666 0.8606250000000001 0.7675 0.86
0 0.705 0.86625 0.7066666666666667 0.869375 0.725 0.8700000000000001 0.7283333333333333 0.8668750000000001 0.7258333333333333 0.8625 0.7283333333333333 0.859375 0.7141666666666666 0.8568749999999999 0.7133333333333333 0.8625 0.705 0.86625
0 0.7658333333333334 0.8525 0.7616666666666666 0.850625 0.7616666666666666 0.8550000000000001 0.7658333333333334 0.8525
0 0.7516666666666667 0.836875 0.7491666666666666 0.8375 0.7516666666666667 0.840625 0.7516666666666667 0.836875
0 0.7533333333333333 0.8106250000000002 0.7508333333333332 0.8081250000000001 0.7508333333333332 0.8137500000000001 0.7533333333333333 0.8106250000000002
0 0.7791666666666667 0.8 0.7766666666666666 0.79625 0.7758333333333333 0.8006249999999999 0.7791666666666667 0.8
0 0.7024999999999999 0.8025 0.705 0.80625 0.7041666666666667 0.8143750000000001 0.7066666666666667 0.8168750000000001 0.7125 0.813125 0.7183333333333334 0.818125 0.7241666666666666 0.8175000000000001 0.7316666666666667 0.8125 0.7366666666666666 0.8143750000000001 0.7441666666666666 0.8137500000000001 0.7433333333333334 0.8106250000000002 0.7474999999999999 0.805 0.7541666666666667 0.805625 0.7566666666666666 0.8106250000000002 0.7616666666666666 0.8099999999999999 0.7649999999999999 0.8125 0.7666666666666667 0.7993750000000001 0.7691666666666667 0.79625 0.7633333333333333 0.79125 0.7716666666666667 0.7881250000000001 0.7941666666666667 0.7887500000000001 0.7941666666666667 0.791875 0.7833333333333333 0.79625 0.7891666666666667 0.7975000000000001 0.7875 0.8 0.7933333333333333 0.8043750000000001 0.7966666666666666 0.798125 0.8066666666666666 0.80375 0.8066666666666666 0.796875 0.8033333333333333 0.7925000000000001 0.8141666666666666 0.789375 0.8191666666666666 0.7831250000000001 0.8216666666666667 0.77625 0.8208333333333334 0.76375 0.8266666666666665 0.7575000000000001 0.8291666666666666 0.746875 0.8275 0.7350000000000001 0.8233333333333333 0.7325 0.7941666666666667 0.73125 0.7783333333333333 0.73375 0.7675 0.7375 0.77 0.740625 0.7675 0.743125 0.7616666666666666 0.746875 0.755 0.746875 0.7516666666666667 0.7525000000000001 0.7441666666666666 0.7518750000000001 0.7325 0.7575000000000001 0.7166666666666667 0.7568750000000001 0.7125 0.765 0.7141666666666666 0.76875 0.71 0.7725000000000001 0.71 0.786875 0.7024999999999999 0.8025
0 0.47333333333333333 0.716875 0.4766666666666667 0.718125 0.4958333333333333 0.7150000000000001 0.5191666666666667 0.71625 0.5483333333333333 0.713125 0.5708333333333333 0.7150000000000001 0.595 0.71375 0.6 0.70625 0.5966666666666667 0.684375 0.585 0.68 0.5708333333333333 0.678125 0.5641666666666667 0.68 0.5275000000000001 0.680625 0.5216666666666667 0.6825 0.5083333333333333 0.68125 0.5041666666666667 0.6831250000000001 0.495 0.6831250000000001 0.4875 0.68625 0.4766666666666667 0.6875 0.4716666666666667 0.693125 0.4708333333333333 0.71125 0.47333333333333333 0.716875
0 0.7274999999999999 0.875 0.725 0.8712500000000001 0.7266666666666667 0.869375 0.72 0.87375 0.7274999999999999 0.875
0 0.7408333333333333 0.86625 0.745 0.865625 0.7458333333333333 0.8606250000000001 0.7491666666666666 0.859375 0.7424999999999999 0.859375 0.7441666666666666 0.8631249999999999 0.7408333333333333 0.86625
0 0.77265625 0.8421875 0.0015625 0.00078125
0 0.7541666666666667 0.8418750000000002 0.7516666666666667 0.8412499999999999 0.7516666666666667 0.84375 0.7541666666666667 0.8418750000000002
0 0.6775 0.920625 0.6833333333333333 0.921875 0.6833333333333333 0.9256249999999999 0.6775 0.9262500000000001 0.6825 0.9325000000000001 0.6883333333333332 0.930625 0.69 0.931875 0.6866666666666666 0.92875 0.6858333333333333 0.920625 0.7033333333333334 0.91875 0.7133333333333333 0.9200000000000002 0.72 0.915625 0.7274999999999999 0.9168750000000001 0.7341666666666666 0.914375 0.7441666666666666 0.91625 0.7516666666666667 0.9231250000000001 0.7608333333333334 0.921875 0.7641666666666667 0.9193749999999999 0.7658333333333334 0.92125 0.7608333333333334 0.915 0.7666666666666667 0.911875 0.7733333333333333 0.9137500000000001 0.775 0.9181250000000001 0.7791666666666667 0.91875 0.7866666666666666 0.9043750000000002 0.8008333333333333 0.8400000000000001 0.7958333333333333 0.840625 0.7916666666666667 0.838125 0.7875 0.8418750000000002 0.7858333333333334 0.8375 0.775 0.838125 0.7825 0.8425 0.7908333333333333 0.8425 0.7958333333333333 0.8456250000000001 0.7858333333333334 0.851875 0.7849999999999999 0.859375 0.7825 0.8612500000000001 0.7758333333333333 0.858125 0.7683333333333333 0.8637500000000001 0.7625 0.85875 0.7533333333333333 0.85875 0.7575000000000001 0.8606250000000001 0.7558333333333334 0.86625 0.7608333333333334 0.8706250000000001 0.76 0.875625 0.755 0.8793750000000001 0.7325 0.8793750000000001 0.7274999999999999 0.88375 0.7166666666666667 0.8825000000000001 0.7024999999999999 0.884375 0.6891666666666667 0.8918750000000001 0.6841666666666667 0.9 0.6833333333333333 0.913125 0.6775 0.920625
0 0.5675 0.8868750000000001 0.5708333333333333 0.8943749999999999 0.5691666666666666 0.909375 0.5700000000000001 0.9268750000000001 0.5725 0.93125 0.5775 0.9325000000000001 0.5841666666666667 0.928125 0.6016666666666667 0.930625 0.6091666666666666 0.9243750000000001 0.6174999999999999 0.9237500000000001 0.6216666666666667 0.9262500000000001 0.6216666666666667 0.9349999999999999 0.6341666666666667 0.9356250000000002 0.6366666666666666 0.931875 0.6408333333333334 0.931875 0.6433333333333333 0.9243750000000001 0.65 0.921875 0.6608333333333334 0.9231250000000001 0.6725 0.9181250000000001 0.6775 0.9081250000000001 0.6766666666666666 0.8975 0.6808333333333334 0.890625 0.6816666666666666 0.871875 0.6858333333333333 0.8618750000000001 0.6858333333333333 0.8575000000000002 0.6783333333333333 0.851875 0.6625 0.849375 0.655 0.8400000000000001 0.65 0.838125 0.6433333333333333 0.849375 0.6275000000000001 0.851875 0.6233333333333333 0.85625 0.62 0.8543750000000001 0.6058333333333333 0.85375 0.5833333333333333 0.8550000000000001 0.5775 0.85875 0.5733333333333334 0.8768750000000001 0.5675 0.8868750000000001
0 0.365625 0.94921875 0.0015625 0.00078125
0 0.355 0.9493750000000001 0.3525 0.9475 0.3491666666666667 0.9481250000000001 0.34750000000000003 0.9493750000000001 0.355 0.9493750000000001
0 0.4166666666666667 0.9425000000000001 0.4141666666666667 0.940625 0.4133333333333333 0.9425000000000001 0.4166666666666667 0.9425000000000001
0 0.44749999999999995 0.9400000000000001 0.44416666666666665 0.9418750000000001 0.4458333333333333 0.9425000000000001 0.45166666666666666 0.938125 0.4691666666666666 0.9387500000000001 0.4575 0.9349999999999999 0.4491666666666666 0.9387500000000001 0.4458333333333333 0.9349999999999999 0.445 0.93625 0.44416666666666665 0.938125 0.44749999999999995 0.9400000000000001
0 0.425 0.9331250000000001 0.4325 0.9356250000000002 0.44000000000000006 0.931875 0.43916666666666665 0.9275 0.4216666666666667 0.9268750000000001 0.4208333333333333 0.93625 0.425 0.9331250000000001
0 0.46749999999999997 0.92875 0.4758333333333333 0.931875 0.475 0.93625 0.47750000000000004 0.9375 0.48166666666666663 0.9349999999999999 0.48166666666666663 0.930625 0.4766666666666667 0.920625 0.4758333333333333 0.9256249999999999 0.46749999999999997 0.92875
0 0.3491666666666667 0.7550000000000001 0.3491666666666667 0.758125 0.345 0.7612500000000001 0.34750000000000003 0.77 0.345 0.779375 0.3458333333333333 0.8081250000000001 0.3408333333333333 0.83625 0.3408333333333333 0.8706250000000001 0.3416666666666667 0.874375 0.34750000000000003 0.8768750000000001 0.3408333333333333 0.8862500000000001 0.3416666666666667 0.8956250000000001 0.345 0.899375 0.3416666666666667 0.90625 0.3416666666666667 0.9275 0.345 0.9293750000000001 0.34833333333333333 0.9231250000000001 0.36416666666666664 0.9181250000000001 0.38416666666666666 0.9237500000000001 0.38333333333333336 0.9293750000000001 0.39166666666666666 0.9356250000000002 0.39416666666666667 0.9325000000000001 0.3933333333333333 0.928125 0.38249999999999995 0.921875 0.39 0.9181250000000001 0.40083333333333326 0.915 0.41500000000000004 0.9168750000000001 0.42666666666666664 0.9125 0.4541666666666667 0.9137500000000001 0.47333333333333333 0.9106250000000001 0.4841666666666667 0.9037499999999999 0.48166666666666663 0.883125 0.4875 0.878125 0.49000000000000005 0.871875 0.4883333333333333 0.865625 0.48250000000000004 0.865 0.48 0.85875 0.4833333333333333 0.8543750000000001 0.4875 0.8550000000000001 0.49416666666666664 0.850625 0.4966666666666667 0.7931250000000001 0.4925 0.785625 0.48916666666666664 0.76875 0.4791666666666667 0.75875 0.4766666666666667 0.7368750000000001 0.4725 0.734375 0.4725 0.728125 0.4625 0.716875 0.4525 0.716875 0.4491666666666666 0.71875 0.4458333333333333 0.7150000000000001 0.43 0.716875 0.4216666666666667 0.715625 0.4175 0.71875 0.39666666666666667 0.715625 0.38333333333333336 0.7206250000000001 0.36416666666666664 0.71875 0.35583333333333333 0.7237500000000001 0.35583333333333333 0.72875 0.34833333333333333 0.7275 0.3433333333333333 0.7368750000000001 0.3441666666666666 0.75125 0.3491666666666667 0.7550000000000001
0 0.2225 0.9950000000000001 0.22333333333333333 0.993125 0.2308333333333333 0.9943750000000001 0.22749999999999998 0.9925 0.20916666666666667 0.99375 0.2125 0.9956250000000001 0.2225 0.9950000000000001
0 0.19 0.9943750000000001 0.185 0.9912500000000002 0.1825 0.9943750000000001 0.19 0.9943750000000001
0 0.24296875 0.984375 0.00234375 0.00078125
0 0.20249999999999999 0.9825000000000002 0.20083333333333334 0.983125 0.20249999999999999 0.9850000000000001 0.20249999999999999 0.9825000000000002
0 0.2833333333333333 0.9493750000000001 0.28250000000000003 0.945625 0.2783333333333333 0.9450000000000001 0.27749999999999997 0.946875 0.2833333333333333 0.9493750000000001
0 0.28833333333333333 0.931875 0.2808333333333333 0.9337500000000001 0.2791666666666667 0.9387500000000001 0.2816666666666666 0.9412499999999999 0.29416666666666663 0.9400000000000001 0.2975 0.928125 0.29333333333333333 0.925 0.2841666666666667 0.925 0.2841666666666667 0.928125 0.28833333333333333 0.931875
0 0.26171875 0.89375 0.0015625 0.00078125
0 0.17583333333333334 0.890625 0.17166666666666666 0.888958125 0.17166666666666666 0.892916875 0.17666666666666667 0.89125 0.1775 0.89375 0.17083333333333334 0.8975 0.175 0.92875 0.175 0.940625 0.17166666666666666 0.94375 0.17166666666666666 0.951875 0.18083333333333335 0.98125 0.18583333333333335 0.984375 0.19 0.984375 0.1925 0.9800000000000001 0.19666666666666666 0.9806250000000001 0.19916666666666666 0.978125 0.19749999999999998 0.9737500000000001 0.205 0.9706250000000001 0.21583333333333332 0.9706250000000001 0.22000000000000003 0.9675 0.22333333333333333 0.9675 0.22833333333333333 0.971875 0.2325 0.9712500000000001 0.2325 0.9737500000000001 0.23500000000000001 0.9737500000000001 0.2325 0.9668750000000002 0.2375 0.9675 0.23666666666666666 0.9631250000000001 0.24500000000000002 0.9625 0.24833333333333335 0.95875 0.26083333333333336 0.961875 0.2683333333333333 0.96125 0.27416666666666667 0.9493750000000001 0.27416666666666667 0.944375 0.27166666666666667 0.9425000000000001 0.27416666666666667 0.936875 0.2725 0.93125 0.26916666666666667 0.928125 0.26 0.9262500000000001 0.24666666666666667 0.93125 0.24416666666666664 0.925 0.24083333333333332 0.925 0.23666666666666666 0.920625 0.22583333333333333 0.9181250000000001 0.22749999999999998 0.913125 0.23833333333333334 0.9112500000000001 0.24083333333333332 0.9087500000000001 0.24500000000000002 0.9106250000000001 0.24166666666666664 0.90625 0.24500000000000002 0.9075000000000001 0.2425 0.905625 0.24583333333333335 0.9037499999999999 0.23833333333333334 0.89875 0.23916666666666667 0.89375 0.19916666666666666 0.8931250000000001 0.1925 0.89625 0.19416666666666665 0.9043750000000002 0.19083333333333333 0.905625 0.18666666666666668 0.9043750000000002 0.18166666666666667 0.89875 0.18166666666666667 0.878125 0.1775 0.884375 0.175 0.883125 0.175 0.8793750000000001 0.17416666666666666 0.884375 0.17166666666666666 0.885 0.17583333333333334 0.8887500000000002 0.17583333333333334 0.890625
0 0.45499999999999996 0.9943750000000001 0.44833333333333336 0.993125 0.445 0.9943750000000001 0.45499999999999996 0.9943750000000001
0 0.45999999999999996 0.9962500000000001 0.47333333333333333 0.9956250000000001 0.4766666666666667 0.9918750000000001 0.4741666666666666 0.9881250000000001 0.47000000000000003 0.9912500000000002 0.4616666666666666 0.990625 0.45666666666666667 0.9943750000000001 0.45999999999999996 0.9962500000000001
0 0.38984375 0.984375 0.00078125 0.0015625
0 0.3675 0.9775 0.36666666666666664 0.9756250000000002 0.36416666666666664 0.9762500000000001 0.36333333333333334 0.9775 0.3675 0.9775
0 0.385 0.9737500000000001 0.38333333333333336 0.9706250000000001 0.38249999999999995 0.974375 0.385 0.9737500000000001
0 0.41171875 0.96953125 0.00390625 0.00078125
0 0.40083333333333326 0.971875 0.4041666666666667 0.9700000000000001 0.4041666666666667 0.9662500000000002 0.4 0.9700000000000001 0.40083333333333326 0.971875
0 0.3383333333333333 0.9943750000000001 0.345 0.9956250000000001 0.35 0.9943750000000001 0.35083333333333333 0.9856250000000001 0.34833333333333333 0.9806250000000001 0.35666666666666663 0.976875 0.35666666666666663 0.9725000000000001 0.3616666666666667 0.9700000000000001 0.3525 0.96125 0.3433333333333333 0.9637500000000001 0.33916666666666667 0.9693750000000001 0.3416666666666667 0.9875 0.3383333333333333 0.9943750000000001
0 0.3890625 0.95625 0.00390625 0.00078125
0 0.4375 0.9700000000000001 0.4425 0.9712500000000001 0.4416666666666667 0.9662500000000002 0.4491666666666666 0.9631250000000001 0.4416666666666667 0.9525 0.4383333333333333 0.9525 0.44000000000000006 0.95625 0.4333333333333333 0.9606250000000001 0.4325 0.9631250000000001 0.4375 0.9700000000000001
0 0.345 0.9556250000000001 0.34833333333333333 0.953125 0.35583333333333333 0.95375 0.35333333333333333 0.9487500000000001 0.3441666666666666 0.9481250000000001 0.34249999999999997 0.95 0.3416666666666667 0.953125 0.345 0.9556250000000001
0 0.3828125 0.94609375 0.0015625 0.00078125
0 0.42890625 0.9421875 0.00234375 0.0015625
0 0.46640625 0.9390625 0.0015625 0.0015625
0 0.4058333333333334 0.9425000000000001 0.40750000000000003 0.945625 0.41083333333333333 0.943125 0.4166666666666667 0.943125 0.4141666666666667 0.934375 0.4125 0.9412499999999999 0.4058333333333334 0.9425000000000001
0 0.421875 0.928125 0.00078125 0.00078125
0 0.4758333333333333 0.9375 0.48 0.938125 0.48166666666666663 0.931875 0.4766666666666667 0.921875 0.4691666666666666 0.9293750000000001 0.4758333333333333 0.9375
0 0.3675 0.8012500000000001 0.36583333333333334 0.79625 0.3591666666666667 0.794375 0.35666666666666663 0.796875 0.3675 0.8012500000000001
0 0.345 0.8393750000000001 0.3433333333333333 0.8425 0.3408333333333333 0.8418750000000002 0.3416666666666667 0.878125 0.3383333333333333 0.8925000000000001 0.33999999999999997 0.9400000000000001 0.3416666666666667 0.9412499999999999 0.345 0.9387500000000001 0.34833333333333333 0.9400000000000001 0.35333333333333333 0.9375 0.35416666666666663 0.93125 0.36 0.9256249999999999 0.36916666666666664 0.930625 0.3725 0.9387500000000001 0.37083333333333335 0.9450000000000001 0.365 0.95 0.3683333333333333 0.9487500000000001 0.37666666666666665 0.953125 0.38 0.9493750000000001 0.3783333333333333 0.9387500000000001 0.38166666666666665 0.9375 0.38333333333333336 0.9337500000000001 0.39249999999999996 0.9331250000000001 0.3983333333333333 0.92875 0.39916666666666667 0.9243750000000001 0.39583333333333337 0.92125 0.39916666666666667 0.9175000000000001 0.40750000000000003 0.92125 0.41 0.9193749999999999 0.41583333333333333 0.920625 0.42000000000000004 0.9168750000000001 0.43083333333333335 0.914375 0.4458333333333333 0.915 0.45 0.9181250000000001 0.44416666666666665 0.9243750000000001 0.44416666666666665 0.92875 0.44000000000000006 0.925 0.43499999999999994 0.9275 0.4258333333333333 0.928125 0.42416666666666664 0.931875 0.42750000000000005 0.93625 0.43666666666666665 0.9356250000000002 0.4425 0.9425000000000001 0.44416666666666665 0.9400000000000001 0.45 0.9425000000000001 0.45916666666666667 0.9393750000000001 0.4583333333333333 0.9337500000000001 0.4541666666666667 0.931875 0.45583333333333337 0.93 0.45916666666666667 0.930625 0.45916666666666667 0.925 0.4533333333333333 0.9175000000000001 0.4625 0.9125 0.48 0.9137500000000001 0.4883333333333333 0.9025000000000001 0.48583333333333334 0.8875 0.49083333333333334 0.8793750000000001 0.4916666666666667 0.8724999999999999 0.4883333333333333 0.865625 0.48083333333333333 0.8637500000000001 0.4791666666666667 0.85625 0.4875 0.85625 0.49416666666666664 0.851875 0.4925 0.834375 0.495 0.8300000000000001 0.49749999999999994 0.811875 0.4958333333333333 0.7987500000000001 0.49833333333333335 0.7931250000000001 0.4958333333333333 0.789375 0.49083333333333334 0.785625 0.4766666666666667 0.798125 0.4666666666666667 0.785625 0.4533333333333333 0.7987500000000001 0.4491666666666666 0.7987500000000001 0.4458333333333333 0.7925000000000001 0.44000000000000006 0.789375 0.4291666666666667 0.7987500000000001 0.42416666666666664 0.7987500000000001 0.41583333333333333 0.79125 0.4141666666666667 0.786875 0.41083333333333333 0.7925000000000001 0.40083333333333326 0.8006249999999999 0.3908333333333333 0.7925000000000001 0.38666666666666666 0.7931250000000001 0.38 0.8 0.3775 0.8075000000000001 0.36916666666666664 0.805625 0.3625 0.8143750000000001 0.35 0.8099999999999999 0.35416666666666663 0.796875 0.35083333333333333 0.79625 0.3458333333333333 0.7993750000000001 0.35083333333333333 0.8025 0.35 0.805625 0.3466666666666667 0.805625 0.3408333333333333 0.8275 0.3408333333333333 0.83828125 0.345 0.8393750000000001
0 0.45546875 0.7828125 0.00078125 0.0015625
0 0.45166666666666666 0.7831250000000001 0.45 0.7818750000000001 0.4491666666666666 0.784375 0.45166666666666666 0.7831250000000001
0 0.4703125 0.77890625 0.00078125 0.00078125
0 0.4083333333333333 0.779375 0.4 0.77875 0.39583333333333337 0.779375 0.4083333333333333 0.779375
0 0.8408333333333333 0.60875 0.845 0.610625 0.8416666666666666 0.613125 0.8466666666666667 0.610625 0.8525 0.615 0.86 0.61375 0.8616666666666667 0.615625 0.8591666666666666 0.6175 0.8616666666666667 0.6162500000000001 0.865 0.61875 0.8733333333333333 0.6162500000000001 0.8791666666666667 0.62 0.8808333333333334 0.615625 0.8775000000000001 0.6125 0.8833333333333334 0.6125 0.8858333333333333 0.609375 0.885 0.6056250000000001 0.8941666666666667 0.599375 0.9041666666666666 0.596875 0.9066666666666666 0.6056250000000001 0.9183333333333333 0.608125 0.9233333333333332 0.6125 0.9308333333333334 0.6125 0.9291666666666666 0.609375 0.9341666666666667 0.6056250000000001 0.9466666666666667 0.6050000000000001 0.95 0.6125 0.9558333333333333 0.613125 0.96 0.6056250000000001 0.96 0.5943750000000001 0.9558333333333333 0.5856250000000001 0.9508333333333333 0.5825 0.95 0.578125 0.9591666666666667 0.5743750000000001 0.9516666666666665 0.575 0.9458333333333334 0.57125 0.9108333333333333 0.56875 0.8508333333333333 0.5693750000000001 0.8474999999999999 0.570625 0.845 0.575625 0.845 0.590625 0.8416666666666666 0.601875 0.8433333333333334 0.6056250000000001 0.8408333333333333 0.60875
0 0.5983333333333334 0.8087500000000001 0.6058333333333333 0.8043750000000001 0.6108333333333333 0.806875 0.6125 0.8106250000000002 0.6174999999999999 0.809375 0.6224999999999999 0.8150000000000001 0.6258333333333332 0.8150000000000001 0.6258333333333332 0.80375 0.6333333333333333 0.8018750000000001 0.6375 0.80375 0.635 0.80625 0.6366666666666666 0.81125 0.6475 0.819375 0.6649999999999999 0.815625 0.675 0.821875 0.6833333333333333 0.821875 0.6858333333333333 0.8237500000000001 0.6991666666666666 0.8175000000000001 0.6966666666666667 0.8 0.7058333333333333 0.7931250000000001 0.7083333333333333 0.7818750000000001 0.7016666666666667 0.7681250000000001 0.6691666666666667 0.7612500000000001 0.6516666666666666 0.760625 0.6433333333333333 0.766875 0.6316666666666666 0.77125 0.5983333333333334 0.77125 0.5883333333333333 0.779375 0.5858333333333333 0.79375 0.585 0.8087500000000001 0.5983333333333334 0.8087500000000001
0 0.3075 0.545625 0.3175 0.55 0.3408333333333333 0.5475000000000001 0.38666666666666666 0.5487500000000001 0.39666666666666667 0.54375 0.3908333333333333 0.525 0.38249999999999995 0.5181250000000001 0.3441666666666666 0.516875 0.325 0.519375 0.3125 0.51875 0.3075 0.521875 0.305 0.53 0.30416666666666664 0.539375 0.3075 0.545625
0 0.39166666666666666 0.95625 0.39 0.953125 0.3875 0.9543750000000001 0.38666666666666666 0.95625 0.39166666666666666 0.95625
0 0.345 0.9293750000000001 0.34833333333333333 0.9262500000000001 0.35583333333333333 0.9275 0.35333333333333333 0.9231250000000001 0.35583333333333333 0.915625 0.35333333333333333 0.913125 0.35083333333333333 0.9137500000000001 0.3416666666666667 0.925 0.345 0.9293750000000001
0 0.4575 0.914375 0.45666666666666667 0.9125 0.4533333333333333 0.913125 0.4541666666666667 0.915625 0.4575 0.914375
0 0.37 0.9268750000000001 0.37333333333333335 0.930625 0.37416666666666665 0.9275 0.37 0.925 0.37333333333333335 0.9225 0.37 0.91875 0.37333333333333335 0.914375 0.36916666666666664 0.9125 0.3616666666666667 0.915625 0.36083333333333334 0.9256249999999999 0.37 0.9268750000000001
0 0.3491666666666667 0.938125 0.35333333333333333 0.936875 0.35666666666666663 0.9387500000000001 0.3525 0.9425000000000001 0.35416666666666663 0.945625 0.345 0.9481250000000001 0.3433333333333333 0.9525 0.3591666666666667 0.951875 0.3616666666666667 0.9543750000000001 0.3716666666666667 0.9506249999999999 0.38166666666666665 0.9512500000000002 0.38666666666666666 0.9475 0.4033333333333333 0.94375 0.4141666666666667 0.9475 0.42666666666666664 0.94375 0.4458333333333333 0.9450000000000001 0.4491666666666666 0.9425000000000001 0.47333333333333333 0.9400000000000001 0.4766666666666667 0.936875 0.48083333333333333 0.9425000000000001 0.48 0.9387500000000001 0.4841666666666667 0.93625 0.48 0.920625 0.47750000000000004 0.9200000000000002 0.47000000000000003 0.9256249999999999 0.465 0.92125 0.45583333333333337 0.920625 0.4541666666666667 0.9256249999999999 0.45 0.9275 0.4408333333333333 0.925 0.44333333333333336 0.92125 0.4383333333333333 0.9231250000000001 0.43166666666666664 0.920625 0.42833333333333334 0.92125 0.42666666666666664 0.9256249999999999 0.41583333333333333 0.9293750000000001 0.41083333333333333 0.9256249999999999 0.4066666666666666 0.9256249999999999 0.4041666666666667 0.91875 0.39916666666666667 0.921875 0.39249999999999996 0.91875 0.39916666666666667 0.914375 0.3975 0.9106250000000001 0.3933333333333333 0.911875 0.39 0.9081250000000001 0.3883333333333333 0.9112500000000001 0.38249999999999995 0.9137500000000001 0.3808333333333333 0.925 0.37666666666666665 0.9325000000000001 0.34833333333333333 0.934375 0.35083333333333333 0.9349999999999999 0.3491666666666667 0.938125
0 0.3734375 0.9078125 0.00078125 0.00078125
0 0.4583333333333333 0.9099999999999999 0.45916666666666667 0.9075000000000001 0.45666666666666667 0.906875 0.45499999999999996 0.909375 0.4583333333333333 0.9099999999999999
0 0.445 0.90625 0.44666666666666666 0.9087500000000001 0.45 0.9075000000000001 0.4458333333333333 0.905625 0.4408333333333333 0.9081250000000001 0.445 0.90625
0 0.43 0.9037499999999999 0.42750000000000005 0.9081250000000001 0.4325 0.9125 0.4375 0.9075000000000001 0.4291666666666667 0.90625 0.4325 0.9037499999999999 0.43 0.9018750000000001 0.43 0.896875 0.42750000000000005 0.89625 0.4258333333333333 0.89875 0.43 0.9037499999999999
0 0.4091666666666667 0.915 0.41500000000000004 0.9168750000000001 0.41583333333333333 0.9125 0.4208333333333333 0.9075000000000001 0.4141666666666667 0.90625 0.42000000000000004 0.9029168750000001 0.42000000000000004 0.898958125 0.41583333333333333 0.8975 0.42000000000000004 0.8950000000000001 0.41833333333333333 0.8931250000000001 0.4133333333333333 0.900625 0.41500000000000004 0.9037499999999999 0.4091666666666667 0.915
0 0.3433333333333333 0.8956250000000001 0.3516666666666667 0.9 0.35666666666666663 0.899375 0.3616666666666667 0.8931250000000001 0.3775 0.8931250000000001 0.38666666666666666 0.89 0.3908333333333333 0.8925000000000001 0.39916666666666667 0.8881249999999999 0.41833333333333333 0.8887500000000002 0.42833333333333334 0.8825000000000001 0.4508333333333333 0.8856250000000001 0.45583333333333337 0.8825000000000001 0.47750000000000004 0.883125 0.4841666666666667 0.885 0.4925 0.8775000000000001 0.49416666666666664 0.8450000000000001 0.49083333333333334 0.838125 0.48166666666666663 0.83375 0.4725 0.834375 0.46416666666666667 0.838125 0.41916666666666663 0.836875 0.4141666666666667 0.840625 0.40083333333333326 0.8375 0.39416666666666667 0.8425 0.3808333333333333 0.8450000000000001 0.38 0.849375 0.37583333333333335 0.851875 0.3433333333333333 0.851875 0.3408333333333333 0.85625 0.33999999999999997 0.8887500000000002 0.3433333333333333 0.8956250000000001
0 0.4140625 0.82421875 0.00078125 0.00078125
0 0.4041666666666667 0.8262500000000002 0.41 0.8243750000000001 0.4041666666666667 0.8225 0.39916666666666667 0.8243750000000001 0.4041666666666667 0.8262500000000002
0 0.425 0.8275 0.42833333333333334 0.826875 0.43083333333333335 0.8243750000000001 0.4258333333333333 0.82125 0.42333333333333334 0.821875 0.4216666666666667 0.8243750000000001 0.425 0.8275
0 0.41916666666666663 0.821875 0.4175 0.8200000000000001 0.41583333333333333 0.82125 0.41916666666666663 0.821875
0 0.4408333333333333 0.7931250000000001 0.4383333333333333 0.791875 0.4383333333333333 0.79375 0.4408333333333333 0.7931250000000001
0 0.41 0.794375 0.41583333333333333 0.7993750000000001 0.4216666666666667 0.796875 0.41500000000000004 0.79 0.4141666666666667 0.785 0.4133333333333333 0.79125 0.41 0.794375
0 0.42833333333333334 0.7862500000000001 0.42833333333333334 0.7818750000000001 0.425 0.7837500000000001 0.42416666666666664 0.7862500000000001 0.42833333333333334 0.7862500000000001
0 0.4133333333333333 0.7831250000000001 0.4116666666666666 0.78125 0.41083333333333333 0.7831250000000001 0.4133333333333333 0.7831250000000001
0 0.4216666666666667 0.779375 0.4166666666666667 0.77875 0.4166666666666667 0.780625 0.4216666666666667 0.779375
0 0.38333333333333336 0.7706250000000001 0.3908333333333333 0.76875 0.38166666666666665 0.7675000000000001 0.38 0.76875 0.38333333333333336 0.7706250000000001
0 0.3725 0.7725000000000001 0.375 0.7681250000000001 0.37333333333333335 0.765625 0.37 0.765625 0.36666666666666664 0.76875 0.3725 0.7725000000000001
0 0.41796875 0.765625 0.0015625 0.00078125
0 0.37333333333333335 0.755625 0.3725 0.754375 0.36916666666666664 0.7550000000000001 0.37333333333333335 0.755625
0 0.5708333333333333 0.89 0.5716666666666667 0.9081250000000001 0.575 0.9112500000000001 0.5725 0.9137500000000001 0.5733333333333334 0.921875 0.5775 0.925 0.5991666666666666 0.9262500000000001 0.6116666666666666 0.9200000000000002 0.615 0.915625 0.6224999999999999 0.92125 0.6266666666666667 0.920625 0.63 0.9225 0.6433333333333333 0.91875 0.6683333333333333 0.9193749999999999 0.6758333333333333 0.9112500000000001 0.6766666666666666 0.896875 0.6808333333333334 0.890625 0.6816666666666666 0.871875 0.6858333333333333 0.86625 0.6866666666666666 0.8525 0.6825 0.8487500000000001 0.6733333333333333 0.8462500000000001 0.6683333333333333 0.8400000000000001 0.6599999999999999 0.838125 0.6491666666666667 0.83125 0.65 0.834375 0.645 0.8418750000000002 0.635 0.85 0.6224999999999999 0.8525 0.61 0.850625 0.6025 0.8525 0.5833333333333333 0.851875 0.5741666666666666 0.8724999999999999 0.5741666666666666 0.883125 0.5708333333333333 0.89
0 0.3516666666666667 0.8137500000000001 0.3591666666666667 0.8168750000000001 0.36916666666666664 0.8150000000000001 0.37583333333333335 0.818125 0.38333333333333336 0.8125 0.4025 0.819375 0.41 0.8143750000000001 0.425 0.813125 0.43166666666666664 0.815625 0.43583333333333335 0.8125 0.4425 0.81125 0.4583333333333333 0.8137500000000001 0.47000000000000003 0.8081250000000001 0.4841666666666667 0.8175000000000001 0.4833333333333333 0.81125 0.49083333333333334 0.8143750000000001 0.49000000000000005 0.81125 0.49416666666666664 0.811875 0.5008333333333332 0.79625 0.4841666666666667 0.75375 0.4791666666666667 0.75125 0.47000000000000003 0.7237500000000001 0.4625 0.716875 0.4458333333333333 0.71875 0.4416666666666667 0.71625 0.4341666666666667 0.71625 0.425 0.72 0.40750000000000003 0.716875 0.40083333333333326 0.7193750000000001 0.39 0.718125 0.37916666666666665 0.7212500000000001 0.36583333333333334 0.71875 0.355 0.723125 0.35 0.734375 0.345 0.73875 0.345 0.818125 0.3516666666666667 0.8137500000000001
0 0.08 0.55625 0.09833333333333333 0.55625 0.10666666666666666 0.5543750000000001 0.17916666666666667 0.555625 0.18333333333333332 0.5543750000000001 0.185 0.550625 0.1875 0.525625 0.16666666666666669 0.5231250000000001 0.1408333333333333 0.525 0.13416666666666666 0.5225000000000001 0.12666666666666665 0.5225000000000001 0.12333333333333334 0.524375 0.09333333333333334 0.52375 0.08583333333333333 0.529375 0.0775 0.545625 0.07666666666666666 0.5537500000000001 0.08 0.55625
0 0.4925 0.9075000000000001 0.49916666666666665 0.9081250000000001 0.5066666666666666 0.9043750000000002 0.5266666666666666 0.9037499999999999 0.53 0.900625 0.5266666666666666 0.8975 0.5283333333333333 0.89625 0.5325 0.89625 0.5358333333333334 0.9012500000000001 0.5416666666666667 0.8975 0.5541666666666667 0.8981250000000001 0.5608333333333333 0.9012500000000001 0.5633333333333332 0.89875 0.5650000000000001 0.8862500000000001 0.5608333333333333 0.8825000000000001 0.5549999999999999 0.88125 0.5391666666666667 0.8856250000000001 0.5358333333333334 0.889375 0.5291666666666667 0.884375 0.5258333333333333 0.885 0.5191666666666667 0.8800000000000001 0.515 0.8800000000000001 0.51 0.884375 0.49916666666666665 0.8862500000000001 0.49333333333333335 0.89375 0.495 0.8975 0.4925 0.9075000000000001
0 0.5775 0.780625 0.5783333333333334 0.77875 0.575 0.77625 0.5733333333333334 0.78 0.5775 0.780625
0 0.5083333333333333 0.83375 0.5108333333333334 0.8356250000000001 0.5225 0.83625 0.5233333333333333 0.8387500000000001 0.52 0.8418750000000002 0.5233333333333333 0.8450000000000001 0.5233333333333333 0.8525 0.5258333333333333 0.8550000000000001 0.5341666666666667 0.8550000000000001 0.5458333333333333 0.8487500000000001 0.5466666666666666 0.84375 0.5508333333333333 0.8450000000000001 0.5566666666666666 0.8425 0.5591666666666667 0.85 0.5633333333333332 0.85 0.5666666666666667 0.8525 0.5708333333333333 0.850625 0.5816666666666667 0.82125 0.5816666666666667 0.80375 0.5758333333333333 0.7887500000000001 0.5708333333333333 0.785 0.5650000000000001 0.785 0.5599999999999999 0.7768750000000001 0.5433333333333333 0.774375 0.5166666666666667 0.775 0.515 0.7768750000000001 0.5133333333333333 0.775625 0.5158333333333334 0.779375 0.5058333333333334 0.79 0.5066666666666666 0.8006249999999999 0.5 0.8106250000000002 0.49833333333333335 0.8356250000000001 0.5083333333333333 0.83375
0 0.43 0.595 0.43666666666666665 0.6125 0.4408333333333333 0.6212500000000001 0.44833333333333336 0.625 0.4533333333333333 0.62375 0.465 0.61375 0.47750000000000004 0.6162500000000001 0.48 0.6143750000000001 0.5191666666666667 0.615 0.5508333333333333 0.6125 0.5375 0.5900000000000001 0.5325 0.584375 0.5283333333333333 0.5831250000000001 0.48583333333333334 0.5825 0.48083333333333333 0.5850000000000001 0.45166666666666666 0.584375 0.4325 0.586875 0.43 0.58875 0.43 0.595
0 0.5016666666666667 0.9043750000000002 0.505 0.900625 0.5016666666666667 0.900625 0.5016666666666667 0.9043750000000002
0 0.5075000000000001 0.89375 0.505 0.8931250000000001 0.5008333333333332 0.8943749999999999 0.5075000000000001 0.89375
0 0.52890625 0.8765625 0.00078125 0.00078125
0 0.5125 0.883125 0.5083333333333333 0.8856250000000001 0.5116666666666666 0.9012500000000001 0.5116666666666666 0.896875 0.5225 0.896875 0.5175 0.890625 0.5183333333333333 0.8868750000000001 0.5158333333333334 0.88375 0.5183333333333333 0.8800000000000001 0.5166666666666667 0.869375 0.5191666666666667 0.86625 0.5116666666666666 0.8643750000000001 0.505 0.8731250000000002 0.5041666666666667 0.8800000000000001 0.5125 0.883125
0 0.5391666666666667 0.7775000000000001 0.5433333333333333 0.779375 0.5458333333333333 0.77625 0.5425 0.7731250000000001 0.5366666666666666 0.774375 0.5358333333333334 0.78 0.5391666666666667 0.7775000000000001
0 0.5191666666666667 0.8043750000000001 0.5341666666666667 0.803125 0.5475 0.805625 0.5491666666666666 0.8087500000000001 0.5358333333333334 0.818125 0.5349999999999999 0.828125 0.5283333333333333 0.83125 0.5291666666666667 0.83625 0.5258333333333333 0.8400000000000001 0.5183333333333333 0.84375 0.5116666666666666 0.843125 0.505 0.8487500000000001 0.505 0.8525 0.5116666666666666 0.858125 0.52 0.8556250000000001 0.5316666666666666 0.86 0.5308333333333334 0.86625 0.55 0.884375 0.5466666666666666 0.8856250000000001 0.5416666666666667 0.8931250000000001 0.5425 0.896875 0.5491666666666666 0.900625 0.5650000000000001 0.9037499999999999 0.5675 0.9087500000000001 0.5725 0.89375 0.5758333333333333 0.890625 0.5725 0.8862500000000001 0.575 0.8800000000000001 0.5733333333333334 0.869375 0.5858333333333333 0.8631249999999999 0.5858333333333333 0.859375 0.5891666666666666 0.85625 0.5891666666666666 0.85375 0.5808333333333333 0.8456250000000001 0.58 0.8318749999999999 0.5816666666666667 0.8243750000000001 0.5858333333333333 0.8200000000000001 0.58 0.8175000000000001 0.5908333333333333 0.8106250000000002 0.5908333333333333 0.80625 0.5858333333333333 0.8 0.5883333333333333 0.796875 0.5908333333333333 0.778125 0.5858333333333333 0.77375 0.58 0.775 0.5658333333333333 0.7731250000000001 0.5641666666666667 0.7662500000000001 0.5608333333333333 0.765625 0.5533333333333333 0.7681250000000001 0.5508333333333333 0.7725000000000001 0.55 0.775625 0.5549999999999999 0.779375 0.5458333333333333 0.7818750000000001 0.5391666666666667 0.79 0.5341666666666667 0.785625 0.5266666666666666 0.7837500000000001 0.525 0.778125 0.5141666666666667 0.771875 0.5175 0.779375 0.5083333333333333 0.79 0.5116666666666666 0.8018750000000001 0.5191666666666667 0.8043750000000001
0 0.5025000000000001 0.765 0.4958333333333333 0.764375 0.5 0.7725000000000001 0.5025000000000001 0.765
0 0.8416666666666666 0.6456250000000001 0.8491666666666667 0.646875 0.8516666666666666 0.655 0.8591666666666666 0.66 0.8708333333333333 0.6631250000000001 0.8833333333333334 0.6637500000000001 0.8891666666666665 0.6575 0.9041666666666666 0.6168750000000001 0.9016666666666666 0.6118750000000001 0.9041666666666666 0.6100000000000001 0.9075 0.613125 0.9241666666666667 0.61375 0.9558333333333333 0.6118750000000001 0.9591666666666667 0.60625 0.96 0.5962500000000001 0.9566666666666667 0.5925 0.9516666666666665 0.591875 0.9416666666666667 0.5850000000000001 0.9408333333333333 0.575625 0.9258333333333333 0.570625 0.9041666666666666 0.56875 0.8483333333333333 0.5700000000000001 0.8441666666666666 0.576875 0.8425 0.596875 0.8358333333333332 0.623125 0.8358333333333332 0.639375 0.8416666666666666 0.6456250000000001
0 0.40083333333333326 0.540625 0.41 0.546875 0.4216666666666667 0.544375 0.45166666666666666 0.5431250000000001 0.495 0.544375 0.5 0.54 0.48916666666666664 0.519375 0.4833333333333333 0.515 0.4058333333333334 0.515 0.39666666666666667 0.52 0.39583333333333337 0.5268750000000001 0.40083333333333326 0.540625
0 0.595 0.7706250000000001 0.6025 0.769375 0.6091666666666666 0.771875 0.6241666666666666 0.771875 0.6466666666666667 0.7675000000000001 0.6508333333333333 0.763125 0.6575 0.7618750000000001 0.6641666666666667 0.765625 0.7075 0.766875 0.7125 0.758125 0.7125 0.740625 0.7175 0.7375 0.7183333333333334 0.716875 0.7283333333333333 0.7100000000000001 0.7266666666666667 0.703125 0.7191666666666666 0.70125 0.7133333333333333 0.70625 0.7016666666666667 0.7056250000000001 0.6916666666666667 0.7100000000000001 0.6883333333333332 0.7100000000000001 0.6866666666666666 0.70625 0.6816666666666666 0.7050000000000001 0.6783333333333333 0.70625 0.6791666666666667 0.709375 0.675 0.711875 0.6675 0.70875 0.6608333333333334 0.70875 0.6575 0.70625 0.6541666666666667 0.70625 0.6508333333333333 0.7106250000000001 0.6441666666666667 0.713125 0.6341666666666667 0.7143750000000001 0.63 0.7143750000000001 0.6266666666666667 0.709375 0.6141666666666666 0.71375 0.6091666666666666 0.711875 0.6058333333333333 0.71875 0.6066666666666667 0.7237500000000001 0.6008333333333333 0.7275 0.5958333333333333 0.7393750000000001 0.5933333333333334 0.7506250000000001 0.595 0.7706250000000001
0 0.5 0.5362500000000001 0.5 0.539375 0.5083333333333333 0.544375 0.5241666666666667 0.541875 0.5816666666666667 0.541875 0.5891666666666666 0.539375 0.585 0.529375 0.5675 0.515 0.49833333333333335 0.515625 0.4916666666666667 0.5175000000000001 0.49000000000000005 0.5225000000000001 0.5 0.5362500000000001
0 0.06583333333333333 0.9943750000000001 0.0625 0.99375 0.05416666666666666 0.9943750000000001 0.06583333333333333 0.9943750000000001
0 0.0875 0.9943750000000001 0.08333333333333334 0.993125 0.08333333333333334 0.9956250000000001 0.0875 0.9943750000000001
0 0.09333333333333334 0.9943750000000001 0.09083333333333334 0.9925 0.08916666666666666 0.9943750000000001 0.09333333333333334 0.9943750000000001
0 0.01583333333333333 0.9943750000000001 0.005833333333333334 0.993125 0.006666666666666666 0.9956250000000001 0.01583333333333333 0.9943750000000001
0 0.01875 0.99140625 0.00078125 0.00078125
0 0.065 0.98375 0.065 0.9800000000000001 0.06 0.9818750000000002 0.059166666666666666 0.9850000000000001 0.065 0.98375
0 0.06796875 0.9765625 0.00078125 0.0015625
0 0.005 0.9856250000000001 0.006666666666666666 0.9800000000000001 0.005 0.9762500000000001 0.005 0.9856250000000001
0 0.00546875 0.96328125 0.00078125 0.00078125
0 0.042499999999999996 0.95625 0.04166666666666667 0.9550000000000001 0.03916666666666667 0.9575000000000001 0.035833333333333335 0.9556250000000001 0.035833333333333335 0.9606250000000001 0.042499999999999996 0.95625
0 0.008333333333333333 0.9325000000000001 0.013333333333333332 0.930625 0.014166666666666666 0.928125 0.010833333333333334 0.9268750000000001 0.010833333333333334 0.93125 0.008333333333333333 0.9325000000000001
0 0.065 0.849375 0.06416666666666666 0.8474999999999999 0.06 0.8474999999999999 0.059166666666666666 0.8487500000000001 0.065 0.849375
0 0.015 0.89125 0.0225 0.8918750000000001 0.024166666666666666 0.89375 0.014166666666666666 0.89875 0.008333333333333333 0.896875 0 0.899375 0 0.905625 0.003333333333333333 0.906875 0.005 0.9106250000000001 0.005 0.9193749999999999 0.008333333333333333 0.9200000000000002 0.008333333333333333 0.925 0.005 0.925 0.023333333333333334 0.930625 0.0225 0.936875 0.034999999999999996 0.940625 0.04666666666666667 0.93 0.05166666666666666 0.9337500000000001 0.04833333333333333 0.944375 0.05 0.9556250000000001 0.05416666666666666 0.9543750000000001 0.0675 0.95625 0.07083333333333333 0.95375 0.0775 0.9575000000000001 0.0875 0.953125 0.10416666666666667 0.95375 0.11083333333333334 0.9631250000000001 0.10500000000000001 0.9668750000000002 0.1075 0.9675 0.11083333333333334 0.9637500000000001 0.1125 0.9668750000000002 0.11499999999999999 0.9643750000000001 0.11750000000000001 0.9650000000000001 0.12083333333333332 0.9737500000000001 0.1125 0.976875 0.11916666666666667 0.978125 0.12416666666666668 0.976875 0.13083333333333333 0.9637500000000001 0.13999999999999999 0.9631250000000001 0.14250000000000002 0.95625 0.1408333333333333 0.9525 0.14833333333333334 0.9481250000000001 0.15416666666666667 0.953125 0.15833333333333333 0.953125 0.15916666666666665 0.9568749999999999 0.155 0.9606250000000001 0.16833333333333333 0.9712500000000001 0.16666666666666669 0.9650000000000001 0.16916666666666666 0.9643750000000001 0.17166666666666666 0.9581250000000001 0.17166666666666666 0.945625 0.1675 0.930625 0.1675 0.875625 0.1625 0.8543750000000001 0.15166666666666667 0.85375 0.1525 0.85 0.16083333333333333 0.8462500000000001 0.16083333333333333 0.8418750000000002 0.1575 0.844375 0.15416666666666667 0.836875 0.14583333333333331 0.838125 0.14583333333333331 0.8425 0.1408333333333333 0.8450000000000001 0.13333333333333333 0.8412499999999999 0.12833333333333333 0.8450000000000001 0.1325 0.8487500000000001 0.13083333333333333 0.85 0.12083333333333332 0.8474999999999999 0.1125 0.8393750000000001 0.09583333333333334 0.8400000000000001 0.09 0.844375 0.07833333333333334 0.843125 0.06999999999999999 0.8450000000000001 0.06916666666666667 0.8487500000000001 0.07416666666666667 0.853125 0.06916666666666667 0.8568749999999999 0.0775 0.86 0.08833333333333333 0.859375 0.09166666666666666 0.8568749999999999 0.09583333333333334 0.86 0.10083333333333333 0.8706250000000001 0.09333333333333334 0.8712500000000001 0.09166666666666666 0.869375 0.09083333333333334 0.87375 0.0775 0.8724999999999999 0.04666666666666667 0.8762500000000001 0.034999999999999996 0.8793750000000001 0.0325 0.88375 0.02583333333333333 0.8800000000000001 0.019166666666666665 0.8862500000000001 0.011666666666666667 0.88375 0.01 0.8875 0.015 0.89125
0 0.6166666666666667 0.5631250000000001 0.6283333333333333 0.57625 0.6366666666666666 0.5806250000000001 0.7274999999999999 0.5806250000000001 0.7308333333333333 0.5787500000000001 0.7291666666666667 0.57125 0.7233333333333334 0.5643750000000001 0.6975 0.546875 0.6725 0.5487500000000001 0.6649999999999999 0.546875 0.6333333333333333 0.54625 0.6183333333333334 0.5475000000000001 0.6125 0.550625 0.6116666666666666 0.555 0.6166666666666667 0.5631250000000001
0 0.5525 0.60875 0.5700000000000001 0.6162500000000001 0.58 0.61375 0.6058333333333333 0.6118750000000001 0.6241666666666666 0.613125 0.6433333333333333 0.610625 0.6491666666666667 0.6125 0.6616666666666666 0.6125 0.6641666666666667 0.609375 0.6408333333333334 0.5850000000000001 0.6316666666666666 0.5800000000000001 0.5974999999999999 0.5800000000000001 0.5916666666666667 0.5825 0.5458333333333333 0.581875 0.54 0.5850000000000001 0.54 0.590625 0.5525 0.60875
0 0.4925 0.8868750000000001 0.49749999999999994 0.89 0.4958333333333333 0.8975 0.5025000000000001 0.900625 0.5008333333333332 0.9043750000000002 0.5083333333333333 0.900625 0.51 0.8956250000000001 0.515 0.89875 0.5191666666666667 0.896875 0.5225 0.89875 0.5233333333333333 0.89625 0.5349999999999999 0.8950000000000001 0.5383333333333333 0.9012500000000001 0.5425 0.899375 0.55 0.9018750000000001 0.5633333333333332 0.9 0.5700000000000001 0.89 0.5708333333333333 0.884375 0.5725 0.85875 0.5675 0.853125 0.5549999999999999 0.8525 0.55 0.8487500000000001 0.5466666666666666 0.85 0.5433333333333333 0.8481250000000001 0.5358333333333334 0.8481250000000001 0.5325 0.85 0.5166666666666667 0.8487500000000001 0.5125 0.850625 0.5083333333333333 0.8487500000000001 0.5016666666666667 0.849375 0.495 0.8625 0.4966666666666667 0.88375 0.4925 0.8868750000000001
0 0.6625 0.88671875 0.003125 0.00078125
0 0.63 0.896875 0.6408333333333334 0.896875 0.6441666666666667 0.89375 0.6433333333333333 0.89125 0.6475 0.890625 0.6458333333333333 0.889375 0.6483333333333333 0.8868750000000001 0.6433333333333333 0.8868750000000001 0.6425 0.8887500000000002 0.6333333333333333 0.8856250000000001 0.6291666666666667 0.889375 0.6275000000000001 0.8950000000000001 0.63 0.896875
0 0.6091666666666666 0.8768750000000001 0.6125 0.8775000000000001 0.6141666666666666 0.875625 0.6116666666666666 0.874375 0.6091666666666666 0.87375 0.6091666666666666 0.8768750000000001
0 0.6641666666666667 0.865 0.6641666666666667 0.8731250000000002 0.6766666666666666 0.874375 0.6833333333333333 0.86625 0.6816666666666666 0.85625 0.6733333333333333 0.8568749999999999 0.6675 0.8543750000000001 0.6691666666666667 0.8606250000000001 0.6641666666666667 0.865
0 0.6066666666666667 0.8556250000000001 0.6058333333333333 0.8525 0.5991666666666666 0.8543750000000001 0.5974999999999999 0.8556250000000001 0.6066666666666667 0.8556250000000001
0 0.62890625 0.8515625 0.0015625 0.00078125
0 0.6033333333333333 0.8512500000000001 0.6083333333333333 0.8512500000000001 0.6108333333333333 0.8487500000000001 0.605 0.844375 0.595 0.8474999999999999 0.5941666666666666 0.849375 0.6033333333333333 0.8512500000000001
0 0.6125 0.8556250000000001 0.6166666666666667 0.8556250000000001 0.6208333333333333 0.8481250000000001 0.6158333333333333 0.843125 0.6133333333333333 0.8450000000000001 0.615 0.8525 0.6125 0.8556250000000001
0 0.6058333333333333 0.8306250000000001 0.6091666666666666 0.8306250000000001 0.615 0.835 0.6241666666666666 0.83125 0.6358333333333334 0.835 0.63 0.844375 0.6316666666666666 0.850625 0.6408333333333334 0.850625 0.6516666666666666 0.8474999999999999 0.6683333333333333 0.8512500000000001 0.6799999999999999 0.8512500000000001 0.6866666666666666 0.8487500000000001 0.6866666666666666 0.8450000000000001 0.6966666666666667 0.838125 0.6958333333333333 0.8256249999999999 0.7024999999999999 0.81875 0.7024999999999999 0.809375 0.6983333333333334 0.8 0.705 0.7931250000000001 0.7075 0.785 0.7058333333333333 0.7731250000000001 0.6991666666666666 0.7681250000000001 0.6816666666666666 0.765 0.6716666666666666 0.765625 0.6541666666666667 0.7618750000000001 0.6408333333333334 0.7706250000000001 0.6258333333333332 0.7731250000000001 0.6008333333333333 0.771875 0.5875 0.780625 0.5858333333333333 0.79625 0.5808333333333333 0.80375 0.5816666666666667 0.838125 0.6058333333333333 0.8306250000000001
0 0.5866666666666667 0.529375 0.5925 0.540625 0.6041666666666667 0.548125 0.6333333333333333 0.545 0.6783333333333333 0.546875 0.6858333333333333 0.5431250000000001 0.6799999999999999 0.5331250000000001 0.6608333333333334 0.51875 0.6325000000000001 0.515625 0.5991666666666666 0.5162500000000001 0.5808333333333333 0.51875 0.58 0.5231250000000001 0.5866666666666667 0.529375
0 0.18416666666666665 0.96875 0.17916666666666667 0.968125 0.17833333333333332 0.9700000000000001 0.18166666666666667 0.971875 0.1875 0.968125 0.20249999999999999 0.9668750000000002 0.2033333333333333 0.9506249999999999 0.19583333333333333 0.9481250000000001 0.18833333333333332 0.9487500000000001 0.185 0.95625 0.18916666666666665 0.9600000000000002 0.17916666666666667 0.9631250000000001 0.18583333333333335 0.9631250000000001 0.18416666666666665 0.96875
0 0.21083333333333334 0.953125 0.21749999999999997 0.9637500000000001 0.22666666666666666 0.9662500000000002 0.22916666666666666 0.9631250000000001 0.22749999999999998 0.9493750000000001 0.22999999999999998 0.94625 0.22999999999999998 0.936875 0.22583333333333333 0.9356250000000002 0.22083333333333335 0.9400000000000001 0.21666666666666665 0.9393750000000001 0.21416666666666667 0.9425000000000001 0.215 0.945625 0.21083333333333334 0.953125
0 0.2525 0.9643750000000001 0.25083333333333335 0.9668750000000002 0.2558333333333333 0.961875 0.2625 0.9600000000000002 0.2725 0.9625 0.27166666666666667 0.9668750000000002 0.27999999999999997 0.96875 0.2816666666666666 0.96125 0.2925 0.9568749999999999 0.3 0.95875 0.31416666666666665 0.95875 0.32083333333333336 0.9568749999999999 0.3308333333333333 0.96125 0.33249999999999996 0.9575000000000001 0.33333333333333337 0.9337500000000001 0.3300793650793651 0.9300892857142857 0.32333333333333336 0.9331250000000001 0.3091666666666667 0.921875 0.30416666666666664 0.9237500000000001 0.30333333333333334 0.921875 0.29500000000000004 0.928125 0.28250000000000003 0.92125 0.27166666666666667 0.92875 0.26916666666666667 0.9337500000000001 0.2475 0.9349999999999999 0.24083333333333332 0.9418750000000001 0.24083333333333332 0.9575000000000001 0.24416666666666664 0.961875 0.24833333333333335 0.96125 0.2525 0.9643750000000001
0 0.175 0.905 0.1825 0.905 0.1825 0.8975 0.18833333333333332 0.896875 0.19916666666666666 0.9112500000000001 0.20416666666666666 0.9018750000000001 0.21083333333333334 0.905 0.22000000000000003 0.899375 0.22749999999999998 0.9 0.2341666666666667 0.896875 0.24416666666666664 0.9025000000000001 0.25083333333333335 0.9037499999999999 0.25833333333333336 0.9 0.26916666666666667 0.9 0.275 0.8950000000000001 0.29583333333333334 0.89625 0.2991666666666667 0.8981250000000001 0.325 0.8981250000000001 0.33166666666666667 0.903125 0.3358333333333333 0.8943749999999999 0.335 0.86875 0.3308333333333333 0.851875 0.31416666666666665 0.8481250000000001 0.26916666666666667 0.858125 0.23333333333333334 0.859375 0.22666666666666666 0.865 0.22416666666666668 0.8625 0.21666666666666665 0.8631249999999999 0.2125 0.865 0.215 0.869375 0.20916666666666667 0.87375 0.20249999999999999 0.8700000000000001 0.1925 0.871875 0.185 0.8787499999999999 0.175 0.8793750000000001 0.1725 0.88125 0.17166666666666666 0.890625 0.175 0.905
0 0.7033333333333334 0.884375 0.6991666666666666 0.8862500000000001 0.705 0.8868750000000001 0.7033333333333334 0.884375
0 0.7516666666666667 0.88375 0.7508333333333332 0.8787499999999999 0.7483333333333333 0.8800000000000001 0.7516666666666667 0.88375
0 0.7616666666666666 0.8731250000000002 0.7683333333333333 0.8724999999999999 0.7733333333333333 0.875625 0.775 0.88125 0.7783333333333333 0.8800000000000001 0.7758333333333333 0.878125 0.7775 0.8768750000000001 0.7833333333333333 0.8768750000000001 0.7891666666666667 0.88125 0.7916666666666667 0.8731250000000002 0.7858333333333334 0.86875 0.7716666666666667 0.8675 0.7683333333333333 0.8700000000000001 0.7649999999999999 0.869375 0.7649999999999999 0.871875 0.7616666666666666 0.8731250000000002
0 0.6958333333333333 0.8700000000000001 0.7 0.868125 0.7058333333333333 0.871875 0.7141666666666666 0.871875 0.7158333333333333 0.8731250000000002 0.7108333333333333 0.8800000000000001 0.7175 0.883125 0.7316666666666667 0.88125 0.7441666666666666 0.884375 0.745 0.8724999999999999 0.7474999999999999 0.8731250000000002 0.7441666666666666 0.8668750000000001 0.7575000000000001 0.8637500000000001 0.7733333333333333 0.865 0.7858333333333334 0.8618750000000001 0.7933333333333333 0.8625 0.7966666666666666 0.85875 0.8008333333333333 0.8412499999999999 0.8066666666666666 0.8300000000000001 0.8025 0.8237500000000001 0.7966666666666666 0.8256249999999999 0.7858333333333334 0.825 0.7825 0.826875 0.775 0.825 0.7725 0.82875 0.7683333333333333 0.828125 0.7658333333333334 0.821875 0.735 0.82125 0.7266666666666667 0.8243750000000001 0.7233333333333334 0.818125 0.7133333333333333 0.815625 0.7066666666666667 0.8075000000000001 0.7008333333333333 0.8175000000000001 0.6975 0.8306250000000001 0.6991666666666666 0.8356250000000001 0.6933333333333334 0.8450000000000001 0.6925 0.868125 0.6958333333333333 0.8700000000000001
0 0.71 0.80375 0.7058333333333333 0.803125 0.7033333333333334 0.80375 0.71 0.80375
0 0.19 0.64375 0.195 0.639375 0.21333333333333332 0.6362500000000001 0.24583333333333335 0.638125 0.2533333333333333 0.6362500000000001 0.29166666666666663 0.6362500000000001 0.30666666666666664 0.63375 0.30666666666666664 0.619375 0.30166666666666664 0.60875 0.30083333333333334 0.598125 0.2966666666666667 0.590625 0.29333333333333333 0.5893750000000001 0.20249999999999999 0.59125 0.19749999999999998 0.5987500000000001 0.19666666666666666 0.60625 0.19083333333333333 0.60875 0.19 0.6118750000000001 0.18583333333333335 0.64375 0.19 0.64375
0 0.3491666666666667 0.9737500000000001 0.34750000000000003 0.976875 0.35 0.978125 0.35416666666666663 0.9775 0.35583333333333333 0.971875 0.3616666666666667 0.9668750000000002 0.3525 0.9625 0.3441666666666666 0.9668750000000002 0.3433333333333333 0.9700000000000001 0.3491666666666667 0.9737500000000001
0 0.4458333333333333 0.9631250000000001 0.4333333333333333 0.9625 0.4383333333333333 0.9643750000000001 0.4458333333333333 0.9631250000000001
0 0.3808333333333333 0.9631250000000001 0.37666666666666665 0.9606250000000001 0.3775 0.9650000000000001 0.3808333333333333 0.9631250000000001
0 0.4216666666666667 0.9631250000000001 0.41583333333333333 0.9543750000000001 0.4125 0.9543750000000001 0.4166666666666667 0.9631250000000001 0.4216666666666667 0.9631250000000001
0 0.48046875 0.953125 0.00078125 0.0015625
0 0.4025 0.95875 0.4041666666666667 0.9668750000000002 0.40750000000000003 0.9631250000000001 0.40499999999999997 0.96125 0.4041666666666667 0.953125 0.40083333333333326 0.951875 0.3983333333333333 0.9568749999999999 0.4025 0.95875
0 0.38916666666666666 0.9581250000000001 0.39583333333333337 0.95625 0.39 0.9512500000000002 0.385 0.9543750000000001 0.38416666666666666 0.95625 0.38916666666666666 0.9581250000000001
0 0.35859375 0.94296875 0.00078125 0.00078125
0 0.39666666666666667 0.94625 0.4041666666666667 0.944375 0.4166666666666667 0.9475 0.42833333333333334 0.94375 0.43666666666666665 0.944375 0.43916666666666665 0.945625 0.43916666666666665 0.9506249999999999 0.43499999999999994 0.9493750000000001 0.4225 0.9575000000000001 0.425 0.9600000000000002 0.43583333333333335 0.95 0.43666666666666665 0.953125 0.4458333333333333 0.95875 0.4458333333333333 0.9556250000000001 0.44000000000000006 0.9550000000000001 0.44416666666666665 0.9506249999999999 0.4458333333333333 0.9525 0.445 0.94625 0.4625 0.9393750000000001 0.46749999999999997 0.940625 0.47000000000000003 0.938125 0.475 0.9393750000000001 0.48 0.9450000000000001 0.4841666666666667 0.9337500000000001 0.4791666666666667 0.920625 0.47750000000000004 0.9200000000000002 0.4708333333333333 0.9268750000000001 0.4616666666666666 0.928125 0.4583333333333333 0.9256249999999999 0.45999999999999996 0.9243750000000001 0.45499999999999996 0.9262500000000001 0.45583333333333337 0.921875 0.4525 0.9200000000000002 0.4491666666666666 0.92125 0.45166666666666666 0.9231250000000001 0.4491666666666666 0.9275 0.4425 0.9275 0.43916666666666665 0.9243750000000001 0.425 0.9256249999999999 0.4208333333333333 0.92875 0.4208333333333333 0.9331250000000001 0.4116666666666666 0.9337500000000001 0.41 0.9400000000000001 0.3975 0.940625 0.39499999999999996 0.9425000000000001 0.39666666666666667 0.94625
0 0.37333333333333335 0.8262500000000002 0.37916666666666665 0.8243750000000001 0.3725 0.8231250000000001 0.3675 0.8243750000000001 0.37333333333333335 0.8262500000000002
0 0.3703125 0.81015625 0.0015625 0.00078125
0 0.365 0.8 0.36583333333333334 0.79625 0.3616666666666667 0.79625 0.365 0.8
0 0.3516666666666667 0.936875 0.355 0.9375 0.355 0.945625 0.3441666666666666 0.9475 0.3416666666666667 0.953125 0.3441666666666666 0.9550000000000001 0.36333333333333334 0.9550000000000001 0.3633108108108108 0.9551858108108109 0.36583333333333334 0.951875 0.37333333333333335 0.951875 0.37666666666666665 0.9543750000000001 0.39249999999999996 0.94625 0.3908333333333333 0.9387500000000001 0.39916666666666667 0.9356250000000002 0.39666666666666667 0.931875 0.4041666666666667 0.9275 0.4041666666666667 0.9200000000000002 0.4066666666666666 0.91875 0.41500000000000004 0.91875 0.43166666666666664 0.9137500000000001 0.44666666666666666 0.9137500000000001 0.4525 0.9175000000000001 0.4625 0.911875 0.47000000000000003 0.9112500000000001 0.4758333333333333 0.9125 0.47750000000000004 0.915 0.48083333333333333 0.914375 0.4875 0.9012500000000001 0.48666666666666664 0.8868750000000001 0.4925 0.8800000000000001 0.4916666666666667 0.8668750000000001 0.49416666666666664 0.8543750000000001 0.49416666666666664 0.8425 0.4883333333333333 0.834375 0.4925 0.8243750000000001 0.4883333333333333 0.8200000000000001 0.4841666666666667 0.821875 0.48083333333333333 0.8168750000000001 0.49083333333333334 0.8143750000000001 0.4958333333333333 0.8106250000000002 0.49333333333333335 0.8025 0.49833333333333335 0.7931250000000001 0.4958333333333333 0.789375 0.49083333333333334 0.785625 0.4833333333333333 0.794375 0.475 0.7987500000000001 0.4666666666666667 0.7837500000000001 0.45999999999999996 0.795 0.4541666666666667 0.7987500000000001 0.44833333333333336 0.7987500000000001 0.43916666666666665 0.786875 0.4341666666666667 0.795625 0.425 0.7987500000000001 0.41500000000000004 0.7875 0.4116666666666666 0.7875 0.41083333333333333 0.784375 0.4141666666666667 0.7818750000000001 0.41083333333333333 0.78125 0.4091666666666667 0.7825 0.4125 0.79 0.40166666666666667 0.8 0.39666666666666667 0.8012500000000001 0.39416666666666667 0.795625 0.38916666666666666 0.7925000000000001 0.38 0.8006249999999999 0.38 0.8106250000000002 0.38416666666666666 0.8143750000000001 0.38166666666666665 0.818125 0.37916666666666665 0.8162499999999999 0.3783333333333333 0.8175000000000001 0.39249999999999996 0.8231250000000001 0.4033333333333333 0.834375 0.39249999999999996 0.8412499999999999 0.3808333333333333 0.844375 0.37916666666666665 0.849375 0.375 0.851875 0.3416666666666667 0.850625 0.3441666666666666 0.851875 0.3408333333333333 0.85375 0.3383333333333333 0.8868750000000001 0.33916666666666667 0.931875 0.34833333333333333 0.9393750000000001 0.3516666666666667 0.936875
0 0.4741666666666666 0.780625 0.47000000000000003 0.77875 0.47333333333333333 0.785 0.4741666666666666 0.780625
0 0.42833333333333334 0.785625 0.42750000000000005 0.7818750000000001 0.4341666666666667 0.779375 0.42833333333333334 0.779375 0.425 0.785625 0.42833333333333334 0.785625
0 0.4216666666666667 0.779375 0.4175 0.77875 0.41583333333333333 0.779375 0.4216666666666667 0.779375
0 0.40083333333333326 0.78125 0.4083333333333333 0.779375 0.3975 0.77875 0.39583333333333337 0.779375 0.40083333333333326 0.78125
0 0.484375 0.77890625 0.00234375 0.0015625
0 0.44666666666666666 0.78 0.4458333333333333 0.778125 0.44333333333333336 0.77875 0.4425 0.78125 0.44666666666666666 0.78
0 0.9658333333333333 0.6362500000000001 0.9708333333333334 0.640625 0.9733333333333333 0.646875 0.9683333333333334 0.6481250000000001 0.9633333333333333 0.645 0.9608333333333332 0.6481250000000001 0.9525 0.649375 0.9525 0.6612500000000001 0.9591666666666667 0.659375 0.9666666666666666 0.661875 0.9991666666666668 0.6612500000000001 0.9991666666666668 0.641875 0.9966666666666667 0.640625 0.9991666666666668 0.638125 0.9991666666666668 0.62625 0.9916666666666666 0.619375 0.9783333333333333 0.61875 0.975 0.6162500000000001 0.9708333333333334 0.618125 0.9691666666666666 0.6162500000000001 0.9650000000000001 0.623125 0.9550000000000001 0.6275000000000001 0.9566666666666667 0.634375 0.9658333333333333 0.6362500000000001
0 0.26416666666666666 0.9943750000000001 0.26166666666666666 0.9918750000000001 0.26 0.993125 0.26083333333333336 0.9950000000000001 0.26416666666666666 0.9943750000000001
0 0.2308333333333333 0.9943750000000001 0.22749999999999998 0.9918750000000001 0.21833333333333332 0.9943750000000001 0.2308333333333333 0.9943750000000001
0 0.21333333333333332 0.993125 0.21333333333333332 0.9962500000000001 0.21583333333333332 0.9943750000000001 0.21833333333333332 0.9943750000000001 0.21333333333333332 0.993125
0 0.325 0.9956250000000001 0.3275 0.99375 0.32416666666666666 0.9912500000000002 0.3225 0.9943750000000001 0.325 0.9956250000000001
0 0.2833333333333333 0.9956250000000001 0.2875 0.993125 0.28833333333333333 0.9956250000000001 0.2925 0.993125 0.29833333333333334 0.9943750000000001 0.2966666666666667 0.9925 0.26666666666666666 0.9925 0.26749999999999996 0.9956250000000001 0.2833333333333333 0.9956250000000001
0 0.24083333333333332 0.9956250000000001 0.24333333333333332 0.9950000000000001 0.24333333333333332 0.9925 0.24916666666666668 0.9950000000000001 0.2533333333333333 0.993125 0.255 0.9950000000000001 0.2575 0.9943750000000001 0.255 0.9925 0.24083333333333332 0.9912500000000002 0.23833333333333334 0.993125 0.24083333333333332 0.9956250000000001
0 0.2341666666666667 0.9881250000000001 0.2341666666666667 0.9856250000000001 0.2308333333333333 0.9875 0.2341666666666667 0.9881250000000001
0 0.24416666666666664 0.98375 0.24083333333333332 0.983125 0.24416666666666664 0.9868750000000001 0.24416666666666664 0.98375
0 0.3075 0.98125 0.31416666666666665 0.9868750000000001 0.31916666666666665 0.98375 0.3175 0.9806250000000001 0.31 0.976875 0.30166666666666664 0.9806250000000001 0.3075 0.98125
0 0.175 0.885 0.17833333333333332 0.883125 0.175 0.883125 0.175 0.885
0 0.17833333333333332 0.925 0.17416666666666666 0.9256249999999999 0.175 0.928125 0.17916666666666667 0.925 0.18083333333333335 0.9262500000000001 0.1825 0.9337500000000001 0.1775 0.9425000000000001 0.18166666666666667 0.9725000000000001 0.185 0.9700000000000001 0.19333333333333333 0.9706250000000001 0.19916666666666666 0.9662500000000002 0.20416666666666666 0.9668750000000002 0.20750000000000002 0.9637500000000001 0.2058333333333333 0.959375 0.20916666666666667 0.9568749999999999 0.21416666666666667 0.9600000000000002 0.21583333333333332 0.968125 0.22166666666666668 0.9675 0.22833333333333333 0.9725000000000001 0.2325 0.961875 0.23666666666666666 0.9600000000000002 0.24500000000000002 0.965625 0.2475 0.9643750000000001 0.25166666666666665 0.968125 0.25666666666666665 0.968125 0.25833333333333336 0.9725000000000001 0.26666666666666666 0.9793750000000001 0.2658333333333333 0.9818750000000002 0.26166666666666666 0.98125 0.26 0.9850000000000001 0.26166666666666666 0.9862500000000001 0.2658333333333333 0.9825000000000002 0.2725 0.9881250000000001 0.2816666666666666 0.98375 0.29 0.984375 0.2758333333333333 0.9818750000000002 0.26916666666666667 0.976875 0.28500000000000003 0.9668750000000002 0.2833333333333333 0.9631250000000001 0.2925 0.9575000000000001 0.3 0.959375 0.31416666666666665 0.959375 0.32083333333333336 0.9575000000000001 0.3308333333333333 0.9650000000000001 0.33166666666666667 0.943125 0.335 0.93625 0.33333333333333337 0.9275 0.3358333333333333 0.8862500000000001 0.3308333333333333 0.8775000000000001 0.33249999999999996 0.869375 0.3275 0.8474999999999999 0.31 0.8462500000000001 0.29583333333333334 0.853125 0.2891666666666667 0.85375 0.28583333333333333 0.851875 0.28250000000000003 0.85375 0.275 0.8525 0.27 0.8556250000000001 0.2658333333333333 0.85375 0.24583333333333335 0.8556250000000001 0.23500000000000001 0.8618750000000001 0.24 0.865625 0.23833333333333334 0.8675 0.2308333333333333 0.8675 0.22666666666666666 0.8700000000000001 0.22000000000000003 0.868125 0.21416666666666667 0.8731250000000002 0.19916666666666666 0.8724999999999999 0.2 0.87375 0.19166666666666668 0.874375 0.18833333333333332 0.8768750000000001 0.18916666666666665 0.8825000000000001 0.1925 0.884375 0.19583333333333333 0.880625 0.19833333333333333 0.8825000000000001 0.19749999999999998 0.889375 0.1925 0.8887500000000002 0.19 0.8956250000000001 0.19166666666666668 0.905 0.185 0.903125 0.175 0.8887500000000002 0.17416666666666666 0.9215625000000001 0.17833333333333332 0.925
0 0.3234375 0.84140625 0.00078125 0.00078125
0 0.3125 0.84375 0.31916666666666665 0.8418750000000002 0.3175 0.8387500000000001 0.31416666666666665 0.8387500000000001 0.31083333333333335 0.8412499999999999 0.3125 0.84375
0 0.3258333333333333 0.835 0.33166666666666667 0.838125 0.33166666666666667 0.83125 0.3283333333333333 0.8306250000000001 0.3258333333333333 0.83125 0.3258333333333333 0.835
0 0.27 0.834375 0.26749999999999996 0.8331250000000001 0.27 0.8306250000000001 0.2683333333333333 0.8275 0.265 0.83625 0.27 0.834375
0 0.6533333333333333 0.8450000000000001 0.6466666666666667 0.8425 0.645 0.8456250000000001 0.6533333333333333 0.8450000000000001
0 0.6433333333333333 0.805 0.64 0.80625 0.6441666666666667 0.806875 0.6433333333333333 0.805
0 0.5916666666666667 0.7931250000000001 0.595 0.7993750000000001 0.5991666666666666 0.7987500000000001 0.6133333333333333 0.803125 0.6224999999999999 0.7987500000000001 0.6366666666666666 0.7987500000000001 0.6441666666666667 0.8025 0.6508333333333333 0.796875 0.6591666666666667 0.796875 0.6525 0.8043750000000001 0.6533333333333333 0.809375 0.6591666666666667 0.811875 0.6608333333333334 0.815625 0.67 0.81875 0.6683333333333333 0.820625 0.6716666666666666 0.81875 0.6783333333333333 0.8243750000000001 0.6683333333333333 0.83375 0.6658333333333333 0.840625 0.655 0.8456250000000001 0.6575 0.8474999999999999 0.6608333333333334 0.846875 0.6666666666666667 0.851875 0.6649999999999999 0.8556250000000001 0.67 0.85875 0.6683333333333333 0.869375 0.6741666666666666 0.8712500000000001 0.6816666666666666 0.869375 0.6849999999999999 0.86625 0.6858333333333333 0.851875 0.6958333333333333 0.8425 0.6941666666666666 0.8262500000000002 0.7024999999999999 0.8175000000000001 0.7016666666666667 0.803125 0.6991666666666666 0.8 0.7083333333333333 0.7931250000000001 0.7116666666666667 0.785625 0.71 0.754375 0.7024999999999999 0.75 0.7041666666666667 0.7375 0.6766666666666666 0.7412500000000001 0.6675 0.745 0.6333333333333333 0.74375 0.6216666666666667 0.759375 0.6116666666666666 0.7612500000000001 0.6058333333333333 0.75875 0.6016666666666667 0.7612500000000001 0.6008333333333333 0.77875 0.5941666666666666 0.78125 0.595 0.7875 0.5916666666666667 0.7931250000000001
0 0.6078125 0.83828125 0.003125 0.00078125
0 0.5925 0.7525000000000001 0.5941666666666666 0.7731250000000001 0.63 0.7725000000000001 0.6583333333333333 0.766875 0.675 0.76875 0.6925 0.7662500000000001 0.7024999999999999 0.769375 0.7116666666666667 0.763125 0.71 0.74 0.7166666666666667 0.7275 0.7058333333333333 0.71875 0.6958333333333333 0.725 0.6916666666666667 0.725 0.6849999999999999 0.73125 0.67 0.731875 0.6641666666666667 0.726875 0.6566666666666666 0.731875 0.6541666666666667 0.7275 0.6475 0.7237500000000001 0.64 0.721875 0.6333333333333333 0.723125 0.6316666666666666 0.716875 0.6258333333333332 0.7150000000000001 0.6183333333333334 0.71625 0.6125 0.72 0.6116666666666666 0.7237500000000001 0.5983333333333334 0.7362500000000001 0.5974999999999999 0.74375 0.5925 0.7525000000000001
0 0.6541666666666667 0.718125 0.6633333333333333 0.715625 0.6675 0.718125 0.6649999999999999 0.715625 0.6683333333333333 0.71375 0.6533333333333333 0.7125 0.6441666666666667 0.7175 0.64 0.71625 0.64 0.718125 0.6541666666666667 0.718125
0 0.19916666666666666 0.851875 0.19583333333333333 0.849375 0.195 0.851875 0.19916666666666666 0.851875
0 0.31 0.8418750000000002 0.31 0.8375 0.30416666666666664 0.8387500000000001 0.30416666666666664 0.843125 0.31 0.8418750000000002
0 0.27166666666666667 0.8462500000000001 0.275 0.8487500000000001 0.2841666666666667 0.8481250000000001 0.28583333333333333 0.8462500000000001 0.2875 0.8487500000000001 0.2966666666666667 0.8487500000000001 0.29416666666666663 0.8481250000000001 0.29500000000000004 0.838125 0.29166666666666663 0.838125 0.29 0.840625 0.2866666666666667 0.835 0.2833333333333333 0.83375 0.27416666666666667 0.83625 0.27166666666666667 0.8375 0.27166666666666667 0.8462500000000001
0 0.22000000000000003 0.83625 0.22416666666666668 0.83125 0.22749999999999998 0.8325000000000001 0.22749999999999998 0.83625 0.2341666666666667 0.835 0.23166666666666663 0.83125 0.21666666666666665 0.8300000000000001 0.21416666666666667 0.8325000000000001 0.22000000000000003 0.83625
0 0.2375 0.8525 0.2533333333333333 0.851875 0.26416666666666666 0.8487500000000001 0.2658333333333333 0.844375 0.26166666666666666 0.8400000000000001 0.26916666666666667 0.8356250000000001 0.2658333333333333 0.8331250000000001 0.26666666666666666 0.8306250000000001 0.2733333333333333 0.83125 0.2725 0.8300000000000001 0.2683333333333333 0.828125 0.2633333333333333 0.8325000000000001 0.24666666666666667 0.83375 0.24416666666666664 0.836875 0.24083333333333332 0.834375 0.2425 0.8462500000000001 0.23500000000000001 0.8450000000000001 0.2341666666666667 0.8487500000000001 0.2375 0.8525
0 0.3203125 0.825 0.00078125 0.00078125
0 0.17083333333333334 0.7725000000000001 0.1675 0.7862500000000001 0.17333333333333334 0.794375 0.18916666666666665 0.7925000000000001 0.19583333333333333 0.796875 0.2033333333333333 0.79125 0.22083333333333335 0.7881250000000001 0.2341666666666667 0.7931250000000001 0.24083333333333332 0.7887500000000001 0.25833333333333336 0.789375 0.275 0.785 0.2866666666666667 0.7875 0.29333333333333333 0.784375 0.3 0.7862500000000001 0.31 0.785625 0.31333333333333335 0.7875 0.32083333333333336 0.786875 0.3308333333333333 0.7931250000000001 0.335 0.7875 0.33666666666666667 0.769375 0.33166666666666667 0.7518750000000001 0.33249999999999996 0.743125 0.3283333333333333 0.740625 0.3308333333333333 0.7350000000000001 0.3183333333333333 0.740625 0.31416666666666665 0.73875 0.3075 0.740625 0.31 0.744375 0.305 0.746875 0.2966666666666667 0.7462500000000001 0.29416666666666663 0.7412500000000001 0.29083333333333333 0.74 0.2808333333333333 0.740625 0.2683333333333333 0.738125 0.2658333333333333 0.733125 0.2625 0.733125 0.24916666666666668 0.7412500000000001 0.24333333333333332 0.7412500000000001 0.2375 0.7475 0.23333333333333334 0.745 0.22666666666666666 0.7456250000000001 0.22333333333333333 0.7412500000000001 0.21583333333333332 0.745 0.215 0.748125 0.20666666666666664 0.754375 0.19416666666666665 0.744375 0.18833333333333332 0.748125 0.18583333333333335 0.755625 0.18166666666666667 0.753125 0.17666666666666667 0.7568750000000001 0.17166666666666666 0.7568750000000001 0.16833333333333333 0.7618750000000001 0.16833333333333333 0.769375 0.17083333333333334 0.7725000000000001