0 0.8264604810996564 0.4890625 0.8419243986254296 0.4484375 0.8608247422680414 0.4265625 0.8676975945017184 0.4234375 0.8831615120274915 0.42421875 0.88659793814433 0.42890625 0.8951890034364262 0.428125 0.9037800687285223 0.43359375 0.9106529209621994 0.43203125 0.9072164948453609 0.428125 0.9123711340206186 0.425 0.9312714776632303 0.42578125 0.9381443298969072 0.4203125 0.957044673539519 0.4203125 0.9587628865979383 0.41015625 0.9415807560137457 0.40546875 0.879725085910653 0.4046875 0.8041237113402062 0.4046875 0.7714776632302407 0.4078125 0.7577319587628867 0.459375 0.7594501718213059 0.48125 0.8264604810996564 0.4890625
0 0.02061855670103093 0.51640625 0.01202749140893471 0.51875 0.00859106529209622 0.5328125 0.022336769759450172 0.53515625 0.03951890034364262 0.53359375 0.051546391752577324 0.5390625 0.09278350515463918 0.53046875 0.11340206185567012 0.534375 0.12199312714776633 0.5328125 0.13058419243986255 0.5359375 0.13745704467353953 0.5328125 0.16151202749140894 0.53359375 0.17697594501718214 0.53046875 0.21993127147766325 0.53515625 0.2525773195876289 0.534375 0.26632302405498287 0.53125 0.288659793814433 0.53515625 0.3041237113402062 0.53359375 0.3350515463917526 0.5375 0.3470790378006873 0.534375 0.365979381443299 0.53515625 0.3762886597938145 0.53203125 0.37972508591065296 0.5359375 0.3883161512027492 0.53515625 0.3934707903780069 0.5390625 0.4261168384879725 0.5359375 0.422680412371134 0.51015625 0.42783505154639184 0.49765625 0.4037800687285224 0.47578125 0.3969072164948454 0.475 0.3883161512027492 0.47890625 0.36426116838487976 0.47265625 0.3402061855670103 0.47578125 0.3247422680412372 0.46875 0.3230240549828179 0.47265625 0.26460481099656363 0.46875 0.2611683848797251 0.47109375 0.24398625429553267 0.46796875 0.20962199312714777 0.46875 0.19931271477663232 0.471875 0.19243986254295536 0.46875 0.1597938144329897 0.46796875 0.15292096219931273 0.465625 0.14261168384879724 0.46875 0.1357388316151203 0.47890625 0.1288659793814433 0.48125 0.12542955326460484 0.46953125 0.11855670103092783 0.4671875 0.10652920962199312 0.46875 0.08419243986254296 0.46640625 0.07216494845360825 0.46796875 0.061855670103092786 0.4734375 0.05670103092783506 0.46796875 0.04982817869415808 0.46796875 0.0429553264604811 0.4703125 0.04123711340206186 0.4765625 0.018900343642611686 0.49765625 0.02405498281786942 0.51171875 0.02061855670103093 0.51640625
0 0 0.7652085937499999 0.005154639175257733 0.76796875 0 0.76932265625 0 0.7734375 0.00859106529209622 0.7671875 0.027491408934707907 0.7640625 0.03436426116838488 0.759375 0.03608247422680413 0.74765625 0.030927835051546393 0.74296875 0.04810996563573884 0.72734375 0.04810996563573884 0.7234375 0.025773195876288662 0.7109375 0.00859106529209622 0.7109375 0 0.71171875 0 0.7652085937499999
0 0.04810996563573884 0.66484375 0.044673539518900345 0.6640625 0.0429553264604811 0.665625 0.04810996563573884 0.66484375
0 0.015463917525773196 0.57734375 0.01718213058419244 0.5921875 0.03436426116838488 0.59921875 0.05326460481099656 0.5984375 0.06357388316151204 0.59453125 0.11168384879725086 0.59296875 0.12199312714776633 0.58984375 0.14948453608247422 0.590625 0.15292096219931273 0.59453125 0.1718213058419244 0.59140625 0.2061855670103093 0.59453125 0.2302405498281787 0.5921875 0.23367697594501718 0.58828125 0.2577319587628866 0.5921875 0.2680412371134021 0.5875 0.28350515463917525 0.5921875 0.29381443298969073 0.5921875 0.29896907216494845 0.58984375 0.3075601374570447 0.59140625 0.3230240549828179 0.58671875 0.3350515463917526 0.58828125 0.34536082474226804 0.59375 0.365979381443299 0.59140625 0.372852233676976 0.58671875 0.3883161512027492 0.58671875 0.40034364261168387 0.59375 0.4089347079037801 0.5921875 0.41065292096219935 0.59453125 0.422680412371134 0.59140625 0.42439862542955326 0.55546875 0.41065292096219935 0.5390625 0.4261168384879725 0.53515625 0.4209621993127148 0.51171875 0.42783505154639184 0.5 0.4037800687285224 0.478125 0.3883161512027492 0.47890625 0.3694158075601375 0.4734375 0.3470790378006873 0.47421875 0.3402061855670103 0.47890625 0.3298969072164949 0.4796875 0.3075601374570447 0.471875 0.2800687285223368 0.4703125 0.26460481099656363 0.47421875 0.2457044673539519 0.46953125 0.21821305841924402 0.46953125 0.19931271477663232 0.47421875 0.18728522336769762 0.46953125 0.15292096219931273 0.46796875 0.1357388316151203 0.47265625 0.13230240549828182 0.46953125 0.13402061855670105 0.471875 0.12542955326460484 0.46953125 0.11340206185567012 0.471875 0.10481099656357389 0.46875 0.08075601374570447 0.46796875 0.07216494845360825 0.46875 0.06357388316151204 0.47578125 0.05498281786941581 0.4703125 0.05326460481099656 0.4734375 0.03608247422680413 0.47890625 0.027491408934707907 0.49296875 0.018900343642611686 0.49765625 0.027491408934707907 0.50546875 0.02061855670103093 0.5234375 0.01202749140893471 0.528125 0.015463917525773196 0.534375 0.006872852233676977 0.5390625 0.00859106529209622 0.57578125 0.015463917525773196 0.57734375
0 0.04639175257731959 0.64765625 0.05670103092783506 0.646875 0.06357388316151204 0.64921875 0.07560137457044674 0.64453125 0.08075601374570447 0.65 0.08762886597938145 0.65234375 0.09106529209621994 0.65 0.09450171821305843 0.65390625 0.10481099656357389 0.6484375 0.11168384879725086 0.6484375 0.12199312714776633 0.64140625 0.13230240549828182 0.646875 0.15635738831615123 0.640625 0.17010309278350516 0.64140625 0.17697594501718214 0.64453125 0.19587628865979384 0.64375 0.22336769759450173 0.6359375 0.22680412371134023 0.6375 0.23367697594501718 0.6328125 0.2611683848797251 0.64140625 0.2852233676975945 0.63984375 0.2972508591065292 0.63359375 0.3178694158075602 0.63828125 0.32817869415807566 0.6375 0.3402061855670103 0.6328125 0.34879725085910657 0.621875 0.3556701030927835 0.6234375 0.3556701030927835 0.6265625 0.37457044673539525 0.628125 0.37972508591065296 0.625 0.40034364261168387 0.62734375 0.4209621993127148 0.6234375 0.4209621993127148 0.6140625 0.41065292096219935 0.60078125 0.38487972508591073 0.59921875 0.38316151202749144 0.59609375 0.3711340206185567 0.59375 0.3402061855670103 0.59765625 0.32817869415807566 0.5953125 0.3195876288659794 0.59765625 0.29037800687285226 0.59375 0.2680412371134021 0.596875 0.2611683848797251 0.59453125 0.21305841924398625 0.5953125 0.20962199312714777 0.59765625 0.16151202749140894 0.5953125 0.14604810996563575 0.6 0.140893470790378 0.596875 0.1288659793814433 0.59609375 0.0859106529209622 0.59765625 0.07388316151202749 0.60234375 0.070446735395189 0.59921875 0.06013745704467355 0.60078125 0.06013745704467355 0.60546875 0.03951890034364262 0.6203125 0.03951890034364262 0.6390625 0.04639175257731959 0.64765625
0 0.13917525773195877 0.7890625 0.13745704467353953 0.7875 0.13402061855670105 0.7890625 0.13917525773195877 0.7890625
0 0.03780068728522337 0.715625 0.04810996563573884 0.71953125 0.03780068728522337 0.7375 0.0429553264604811 0.74609375 0.04123711340206186 0.76484375 0.04639175257731959 0.76875 0.06701030927835053 0.7703125 0.07731958762886598 0.7796875 0.08762886597938145 0.77421875 0.10137457044673541 0.78125 0.11855670103092783 0.7828125 0.13402061855670105 0.7734375 0.14604810996563575 0.77265625 0.17010309278350516 0.7796875 0.1597938144329897 0.7859375 0.16666666666666669 0.7875 0.18384879725085912 0.7859375 0.18213058419243988 0.77890625 0.18900343642611686 0.77578125 0.20962199312714777 0.78046875 0.21993127147766325 0.77578125 0.24742268041237114 0.77578125 0.2508591065292097 0.778125 0.2611683848797251 0.77734375 0.2628865979381444 0.78203125 0.2680412371134021 0.78203125 0.26632302405498287 0.7796875 0.27491408934707906 0.77578125 0.27835051546391754 0.78203125 0.28350515463917525 0.78203125 0.288659793814433 0.77421875 0.2972508591065292 0.775 0.302405498281787 0.77890625 0.3075601374570447 0.77890625 0.30927835051546393 0.77578125 0.3264604810996564 0.77890625 0.34536082474226804 0.77890625 0.34879725085910657 0.775 0.3608247422680413 0.778125 0.37972508591065296 0.775 0.4072164948453609 0.77578125 0.41065292096219935 0.765625 0.3934707903780069 0.759375 0.41408934707903783 0.75078125 0.41408934707903783 0.68046875 0.35223367697594504 0.68046875 0.32130584192439865 0.6859375 0.30068728522336774 0.6828125 0.28350515463917525 0.68515625 0.2628865979381444 0.68359375 0.2508591065292097 0.68671875 0.22852233676975947 0.6859375 0.21993127147766325 0.68828125 0.21649484536082478 0.684375 0.20274914089347082 0.68359375 0.18556701030927836 0.6890625 0.15807560137457047 0.68515625 0.15635738831615123 0.68984375 0.1443298969072165 0.6921875 0.09793814432989692 0.68671875 0.0859106529209622 0.6890625 0.07903780068728523 0.69375 0.06357388316151204 0.690625 0.04982817869415808 0.6921875 0.03608247422680413 0.709375 0.03780068728522337 0.715625
0 0.04982817869415808 0.59921875 0.058419243986254296 0.60625 0.058419243986254296 0.61015625 0.04639175257731959 0.61640625 0.03951890034364262 0.6296875 0.04123711340206186 0.6546875 0.05498281786941581 0.64921875 0.06357388316151204 0.65546875 0.07731958762886598 0.6421875 0.0859106529209622 0.64375 0.09106529209621994 0.64921875 0.11340206185567012 0.6484375 0.12199312714776633 0.6390625 0.13745704467353953 0.64765625 0.14604810996563575 0.64140625 0.16151202749140894 0.64375 0.1718213058419244 0.640625 0.18900343642611686 0.6453125 0.20446735395189006 0.6390625 0.21649484536082478 0.64140625 0.22336769759450173 0.6359375 0.2302405498281787 0.64609375 0.24398625429553267 0.63515625 0.2611683848797251 0.6421875 0.26632302405498287 0.6390625 0.2920962199312715 0.64140625 0.29896907216494845 0.6359375 0.30584192439862545 0.640625 0.34192439862542956 0.63515625 0.34879725085910657 0.6390625 0.3505154639175258 0.6375 0.3436426116838488 0.6359375 0.35223367697594504 0.6328125 0.36426116838487976 0.6328125 0.3762886597938145 0.63828125 0.38487972508591073 0.63671875 0.3934707903780069 0.64140625 0.3969072164948454 0.63359375 0.41065292096219935 0.63125 0.4037800687285224 0.62578125 0.41924398625429554 0.6203125 0.41065292096219935 0.60390625 0.40034364261168387 0.5984375 0.42439862542955326 0.59296875 0.4209621993127148 0.57109375 0.4089347079037801 0.5671875 0.41408934707903783 0.56328125 0.4209621993127148 0.56484375 0.42439862542955326 0.55703125 0.41580756013745707 0.54921875 0.39862542955326463 0.54453125 0.38659793814432997 0.54453125 0.3694158075601375 0.5375 0.3436426116838488 0.53828125 0.33333333333333337 0.54375 0.32130584192439865 0.54453125 0.31271477663230246 0.53359375 0.3075601374570447 0.5359375 0.2766323024054983 0.53515625 0.2680412371134021 0.5375 0.25429553264604815 0.53515625 0.20962199312714777 0.53515625 0.20274914089347082 0.53984375 0.18213058419243988 0.53515625 0.14776632302405499 0.53515625 0.1357388316151203 0.5390625 0.13058419243986255 0.5375 0.11855670103092783 0.53984375 0.10996563573883163 0.53515625 0.08419243986254296 0.534375 0.070446735395189 0.5375 0.06013745704467355 0.54453125 0.04810996563573884 0.54453125 0.03608247422680413 0.55859375 0.03608247422680413 0.56875 0.030927835051546393 0.5734375 0.027491408934707907 0.5953125 0.04982817869415808 0.59921875
0 0.013745704467353953 0.5265625 0.00859106529209622 0.53203125 0 0.53105234375 0 0.771875 0.029209621993127148 0.76328125 0.027491408934707907 0.74765625 0.02061855670103093 0.74453125 0.02061855670103093 0.7203125 0.03608247422680413 0.7 0.03436426116838488 0.68046875 0.0429553264604811 0.66484375 0.02405498281786942 0.65859375 0.03608247422680413 0.60546875 0.022336769759450172 0.603125 0.01718213058419244 0.5984375 0.025773195876288662 0.58515625 0.025773195876288662 0.56484375 0.03780068728522337 0.53984375 0.013745704467353953 0.53828125 0.022336769759450172 0.48515625 0.015463917525773196 0.4734375 0.0034364261168384883 0.47265625 0 0.52710390625 0.013745704467353953 0.5265625
0 0.006872852233676977 0.45234375 0.0034364261168384883 0.44296875 0 0.4609375 0.006872852233676977 0.45234375
0 0.025773195876288662 0.509375 0.02061855670103093 0.53046875 0.027491408934707907 0.53359375 0.04123711340206186 0.5328125 0.05670103092783506 0.5359375 0.05326460481099656 0.53828125 0.06701030927835053 0.53515625 0.06872852233676977 0.54453125 0.06357388316151204 0.5515625 0.070446735395189 0.5546875 0.070446735395189 0.56015625 0.08419243986254296 0.55546875 0.09793814432989692 0.5578125 0.09106529209621994 0.56796875 0.061855670103092786 0.56796875 0.03436426116838488 0.57265625 0.029209621993127148 0.58984375 0.03264604810996564 0.5921875 0.03780068728522337 0.59140625 0.03780068728522337 0.5953125 0.04982817869415808 0.59609375 0.06357388316151204 0.590625 0.070446735395189 0.58359375 0.07388316151202749 0.5890625 0.08419243986254296 0.58828125 0.09106529209621994 0.5921875 0.10137457044673541 0.58984375 0.11168384879725086 0.59140625 0.12199312714776633 0.58671875 0.13230240549828182 0.58984375 0.13917525773195877 0.584375 0.14604810996563575 0.58671875 0.14261168384879724 0.58828125 0.15292096219931273 0.58671875 0.15635738831615123 0.59140625 0.16666666666666669 0.59296875 0.1752577319587629 0.58828125 0.18900343642611686 0.59296875 0.19587628865979384 0.59140625 0.19759450171821308 0.5875 0.2061855670103093 0.5921875 0.2302405498281787 0.5921875 0.22680412371134023 0.58828125 0.23883161512027495 0.58671875 0.24398625429553267 0.5890625 0.24914089347079038 0.5859375 0.25429553264604815 0.59140625 0.2766323024054983 0.58671875 0.2852233676975945 0.5921875 0.2920962199312715 0.5921875 0.2972508591065292 0.58828125 0.31271477663230246 0.58984375 0.3247422680412372 0.5859375 0.34536082474226804 0.5921875 0.35223367697594504 0.58984375 0.36426116838487976 0.59140625 0.38316151202749144 0.5890625 0.38659793814432997 0.58671875 0.3934707903780069 0.5890625 0.4037800687285224 0.5875 0.4123711340206186 0.59375 0.42439862542955326 0.5921875 0.4209621993127148 0.57421875 0.3969072164948454 0.5640625 0.40549828178694164 0.5609375 0.4037800687285224 0.55703125 0.39518900343642616 0.55703125 0.3969072164948454 0.54765625 0.3814432989690722 0.54609375 0.3814432989690722 0.54140625 0.3934707903780069 0.53515625 0.4072164948453609 0.53359375 0.42439862542955326 0.5359375 0.4261168384879725 0.5328125 0.41924398625429554 0.509375 0.42439862542955326 0.5046875 0.4209621993127148 0.50625 0.4175257731958763 0.50234375 0.42439862542955326 0.5 0.4175257731958763 0.49921875 0.4037800687285224 0.48203125 0.3883161512027492 0.48359375 0.3780068728522337 0.47578125 0.3625429553264605 0.47421875 0.3505154639175258 0.47734375 0.34879725085910657 0.48203125 0.3247422680412372 0.48515625 0.31271477663230246 0.47421875 0.30068728522336774 0.471875 0.2766323024054983 0.47109375 0.26460481099656363 0.47578125 0.24398625429553267 0.46953125 0.21993127147766325 0.46953125 0.20274914089347082 0.4765625 0.18900343642611686 0.4703125 0.14776632302405499 0.46875 0.13745704467353953 0.47734375 0.1202749140893471 0.4703125 0.07903780068728523 0.46875 0.070446735395189 0.4703125 0.06357388316151204 0.47890625 0.05670103092783506 0.47578125 0.0429553264604811 0.47734375 0.03264604810996564 0.48671875 0.03780068728522337 0.49375 0.025773195876288662 0.509375
0 0 0.5953125 0.00859106529209622 0.59140625 0.006872852233676977 0.58515625 0 0.57890625 0 0.5953125
0 0 0.43125 0.005154639175257733 0.43359375 0 0.43515625 0 0.45078125 0.006872852233676977 0.453125 0 0.4546875 0.005154639175257733 0.45703125 0 0.45859375 0.005154639175257733 0.4609375 0 0.4625 0.005154639175257733 0.46484375 0 0.46640625 0 0.52890625 0.00859106529209622 0.528125 0.006872852233676977 0.53359375 0 0.5328125 0 0.53671875 0.00859106529209622 0.53984375 0 0.540625 0 0.5640625 0.010309278350515465 0.5640625 0.013745704467353953 0.5609375 0.015463917525773196 0.553125 0.010309278350515465 0.55078125 0.018900343642611686 0.546875 0.01202749140893471 0.54609375 0.013745704467353953 0.54296875 0.018900343642611686 0.54296875 0.010309278350515465 0.54140625 0.00859106529209622 0.5296875 0.015463917525773196 0.52109375 0.02405498281786942 0.4859375 0.02405498281786942 0.4765625 0.010309278350515465 0.4703125 0.006872852233676977 0.45625 0.010309278350515465 0.4421875 0.005154639175257733 0.43671875 0.015463917525773196 0.41875 0.00859106529209622 0.41328125 0.006872852233676977 0.41484375 0.00859106529209622 0.4265625 0 0.43125
0 0.015463917525773196 0.41171875 0.022336769759450172 0.4109375 0.022336769759450172 0.4015625 0.010309278350515465 0.40625 0.015463917525773196 0.41171875
0 0.8608247422680414 0.60390625 0.8762886597938145 0.60234375 0.9158075601374571 0.60546875 0.9312714776632303 0.603125 0.9381443298969072 0.60625 0.9587628865979383 0.60390625 0.9656357388316152 0.60703125 0.9982817869415808 0.60546875 0.9914089347079038 0.5703125 0.9948453608247423 0.5609375 0.9879725085910653 0.559375 0.9948453608247423 0.55703125 0.9948453608247423 0.553125 0.9810996563573884 0.56171875 0.9690721649484537 0.56015625 0.9656357388316152 0.54375 0.9621993127147768 0.54609375 0.9484536082474226 0.54609375 0.9312714776632303 0.54296875 0.9140893470790379 0.55234375 0.9072164948453609 0.5515625 0.8969072164948454 0.54453125 0.9020618556701031 0.54140625 0.8780068728522338 0.54921875 0.8694158075601376 0.54375 0.8625429553264606 0.52890625 0.8419243986254296 0.521875 0.8436426116838488 0.51875 0.8281786941580757 0.5171875 0.8333333333333334 0.52578125 0.8247422680412372 0.53046875 0.8109965635738833 0.5546875 0.809278350515464 0.5734375 0.8608247422680414 0.60390625
0 0.01953125 0.728125 0.0015625 0.0015625
0 0 0.71328125 0 0.725 0.005154639175257733 0.72734375 0 0.72890625 0.005154639175257733 0.73046875 0 0.7328125 0.005154639175257733 0.73671875 0 0.73921875 0 0.77578125 0.03264604810996564 0.77578125 0.03780068728522337 0.77265625 0.03951890034364262 0.74765625 0.03436426116838488 0.7328125 0.0429553264604811 0.728125 0.030927835051546393 0.72734375 0.025773195876288662 0.71953125 0.030927835051546393 0.7171875 0.0429553264604811 0.72109375 0.030927835051546393 0.71640625 0.02405498281786942 0.7171875 0.022336769759450172 0.7125 0.018900343642611686 0.715625 0 0.71328125
0 0.9421875 0.490625 0.0015625 0.00078125
0 0.8625429553264606 0.60234375 0.8762886597938145 0.6 0.8831615120274915 0.60234375 0.9312714776632303 0.6015625 0.9415807560137457 0.60546875 0.9501718213058419 0.60234375 0.9587628865979383 0.60234375 0.9656357388316152 0.60546875 0.9776632302405499 0.603125 0.993127147766323 0.60546875 0.9982817869415808 0.553125 0.9914089347079038 0.52578125 0.9845360824742269 0.51953125 0.9742268041237114 0.52578125 0.9621993127147768 0.52265625 0.9484536082474226 0.52265625 0.9312714776632303 0.515625 0.9209621993127148 0.515625 0.9209621993127148 0.50078125 0.9106529209621994 0.49609375 0.9003436426116839 0.49453125 0.8917525773195877 0.50625 0.88659793814433 0.50859375 0.8831615120274915 0.50703125 0.879725085910653 0.5109375 0.8728522336769761 0.49140625 0.8659793814432991 0.49375 0.8556701030927837 0.4890625 0.8487972508591065 0.49296875 0.8402061855670103 0.49140625 0.8264604810996564 0.51171875 0.8230240549828179 0.53203125 0.8109965635738833 0.553125 0.809278350515464 0.57109375 0.8625429553264606 0.60234375
0 0.8531301359629465 0.4689877717391305 0.8573883161512029 0.46640625 0.852233676975945 0.46328125 0.8531301359629465 0.4689877717391305
0 0.852233676975945 0.46953125 0.8539518900343642 0.47421875 0.8531301359629465 0.4689877717391305 0.852233676975945 0.46953125
0 0.00859106529209622 0.52890625 0.015463917525773196 0.534375 0.030927835051546393 0.5359375 0.03951890034364262 0.5328125 0.04982817869415808 0.5390625 0.070446735395189 0.53359375 0.07388316151202749 0.53515625 0.10652920962199312 0.53046875 0.13230240549828182 0.5328125 0.1357388316151203 0.5296875 0.15635738831615123 0.5328125 0.1907216494845361 0.5296875 0.21821305841924402 0.5328125 0.2560137457044674 0.5328125 0.2611683848797251 0.5296875 0.27835051546391754 0.5296875 0.2920962199312715 0.53359375 0.30927835051546393 0.53359375 0.33333333333333337 0.528125 0.3384879725085911 0.53359375 0.35738831615120276 0.53515625 0.36769759450171824 0.534375 0.372852233676976 0.53046875 0.38316151202749144 0.5390625 0.38659793814432997 0.53203125 0.3934707903780069 0.5359375 0.42783505154639184 0.5359375 0.422680412371134 0.5140625 0.4295532646048111 0.50546875 0.42783505154639184 0.496875 0.4037800687285224 0.478125 0.39003436426116844 0.48203125 0.3814432989690722 0.4765625 0.3625429553264605 0.4734375 0.34879725085910657 0.475 0.34192439862542956 0.47890625 0.32130584192439865 0.47890625 0.31099656357388317 0.47265625 0.2800687285223368 0.4703125 0.26460481099656363 0.4734375 0.24398625429553267 0.46953125 0.21649484536082478 0.46953125 0.19931271477663232 0.47421875 0.18900343642611686 0.46953125 0.14948453608247422 0.46875 0.1357388316151203 0.47578125 0.13230240549828182 0.47265625 0.11512027491408935 0.475 0.10481099656357389 0.46875 0.07388316151202749 0.46875 0.06357388316151204 0.47578125 0.03951890034364262 0.4765625 0.018900343642611686 0.496875 0.02405498281786942 0.51171875 0.00859106529209622 0.52890625
0 0.13671875 0.7890625 0.00546875 0.00078125
0 0.2302405498281787 0.7125 0.23539518900343642 0.71015625 0.2302405498281787 0.70703125 0.21649484536082478 0.70625 0.21477663230240554 0.7125 0.2302405498281787 0.7125
0 0.11512027491408935 0.70703125 0.10996563573883163 0.7046875 0.10824742268041239 0.70625 0.11512027491408935 0.70703125
0 0.03951890034364262 0.76875 0.06701030927835053 0.77109375 0.07560137457044674 0.77734375 0.09106529209621994 0.7734375 0.10309278350515465 0.78046875 0.11512027491408935 0.7828125 0.12371134020618557 0.78046875 0.1357388316151203 0.7703125 0.1512027491408935 0.77109375 0.17010309278350516 0.77890625 0.16151202749140894 0.7890625 0.18213058419243988 0.7875 0.18213058419243988 0.77890625 0.1907216494845361 0.77265625 0.20446735395189006 0.76875 0.21477663230240554 0.771875 0.20962199312714777 0.77890625 0.21993127147766325 0.77421875 0.2405498281786942 0.7765625 0.24914089347079038 0.77421875 0.2766323024054983 0.77578125 0.27835051546391754 0.78203125 0.2852233676975945 0.77421875 0.29896907216494845 0.775 0.302405498281787 0.77734375 0.30927835051546393 0.77421875 0.32817869415807566 0.77890625 0.34536082474226804 0.77890625 0.34879725085910657 0.7765625 0.36769759450171824 0.77890625 0.3780068728522337 0.775 0.41065292096219935 0.775 0.41065292096219935 0.7671875 0.40549828178694164 0.76484375 0.41065292096219935 0.76328125 0.4089347079037801 0.75859375 0.41580756013745707 0.75 0.41408934707903783 0.71484375 0.41065292096219935 0.7078125 0.4037800687285224 0.70625 0.39003436426116844 0.7078125 0.38316151202749144 0.70546875 0.3436426116838488 0.70546875 0.33161512027491413 0.7109375 0.288659793814433 0.70546875 0.2680412371134021 0.70625 0.2611683848797251 0.69375 0.25945017182130586 0.70625 0.23883161512027495 0.71015625 0.2457044673539519 0.71796875 0.24226804123711343 0.7234375 0.2216494845360825 0.7203125 0.20962199312714777 0.7078125 0.16666666666666669 0.7078125 0.1288659793814433 0.71640625 0.11340206185567012 0.71171875 0.09793814432989692 0.71171875 0.0859106529209622 0.7171875 0.05670103092783506 0.71796875 0.04123711340206186 0.73046875 0.029209621993127148 0.74453125 0.03951890034364262 0.76875
0 0.2852233676975945 0.78515625 0.40549828178694164 0.778125 0.41408934707903783 0.77421875 0.41408934707903783 0.765625 0.4089347079037801 0.7546875 0.37457044673539525 0.75625 0.35223367697594504 0.75390625 0.31615120274914094 0.75859375 0.2800687285223368 0.7546875 0.2714776632302406 0.7578125 0.23195876288659795 0.7578125 0.22336769759450173 0.76171875 0.21993127147766325 0.759375 0.19243986254295536 0.75859375 0.14261168384879724 0.7671875 0.10309278350515465 0.76484375 0.061855670103092786 0.7703125 0.05498281786941581 0.771875 0.04639175257731959 0.784375 0.04639175257731959 0.79609375 0.2852233676975945 0.78515625
0 0.00859106529209622 0.5328125 0.00859106529209622 0.53515625 0 0.5359882812500001 0 0.59609375 0.013745704467353953 0.59375 0.018900343642611686 0.5890625 0.013745704467353953 0.5671875 0.02405498281786942 0.54375 0.015463917525773196 0.5421875 0.00859106529209622 0.53671875 0.018900343642611686 0.51875 0.02405498281786942 0.48046875 0.029209621993127148 0.47734375 0.010309278350515465 0.4703125 0.0017182130584192442 0.47109375 0 0.5319804687499999 0.00859106529209622 0.5328125
0 0 0.46484375 0.005154639175257733 0.4640625 0.010309278350515465 0.453125 0.006872852233676977 0.4375 0 0.4359375 0 0.46484375
0 0.00078125 0.4328125 0.0015625 0.0015625
0 0.02061855670103093 0.40859375 0.018900343642611686 0.40078125 0.013745704467353953 0.40625 0.02061855670103093 0.40859375
0 0.022336769759450172 0.4375 0.04982817869415808 0.43984375 0.044673539518900345 0.44921875 0.058419243986254296 0.459375 0.06872852233676977 0.45859375 0.07388316151202749 0.453125 0.06701030927835053 0.4390625 0.10824742268041239 0.4375 0.1202749140893471 0.43828125 0.10996563573883163 0.453125 0.13058419243986255 0.4609375 0.1443298969072165 0.46015625 0.1512027491408935 0.45625 0.14948453608247422 0.453125 0.1718213058419244 0.453125 0.18556701030927836 0.46015625 0.21305841924398625 0.46171875 0.21821305841924402 0.459375 0.21821305841924402 0.4484375 0.23711340206185566 0.44140625 0.24398625429553267 0.44453125 0.2457044673539519 0.45625 0.2577319587628866 0.4609375 0.281786941580756 0.46328125 0.288659793814433 0.46015625 0.30927835051546393 0.46015625 0.3195876288659794 0.46328125 0.3384879725085911 0.4640625 0.3539518900343643 0.459375 0.365979381443299 0.459375 0.372852233676976 0.46328125 0.3934707903780069 0.46640625 0.4072164948453609 0.46328125 0.4123711340206186 0.45 0.42783505154639184 0.44609375 0.43298969072164956 0.4390625 0.4209621993127148 0.43359375 0.4072164948453609 0.4140625 0.4037800687285224 0.4125 0.3934707903780069 0.41484375 0.3814432989690722 0.40625 0.3470790378006873 0.40625 0.33161512027491413 0.4125 0.3230240549828179 0.4109375 0.31271477663230246 0.40078125 0.24914089347079038 0.403125 0.2302405498281787 0.40078125 0.1907216494845361 0.40234375 0.14776632302405499 0.4 0.13230240549828182 0.40234375 0.13058419243986255 0.39609375 0.12199312714776633 0.39296875 0.10996563573883163 0.4 0.06701030927835053 0.3984375 0.05498281786941581 0.40546875 0.03436426116838488 0.40625 0.01718213058419244 0.425 0.015463917525773196 0.43203125 0.022336769759450172 0.4375
0 0.005154639175257733 0.7140625 0.029209621993127148 0.709375 0.03780068728522337 0.696875 0.03608247422680413 0.68828125 0.04639175257731959 0.6671875 0.04123711340206186 0.6625 0.02061855670103093 0.65703125 0.0017182130584192442 0.65625 0 0.71328125 0.005154639175257733 0.7140625
0 0.04810996563573884 0.65703125 0.06701030927835053 0.65390625 0.070446735395189 0.65078125 0.07903780068728523 0.6546875 0.09621993127147768 0.6546875 0.10481099656357389 0.6515625 0.11340206185567012 0.65390625 0.1288659793814433 0.65078125 0.14604810996563575 0.6515625 0.14948453608247422 0.65390625 0.15292096219931273 0.65 0.16494845360824745 0.65078125 0.17010309278350516 0.6484375 0.18728522336769762 0.65078125 0.2061855670103093 0.6421875 0.21649484536082478 0.64296875 0.21993127147766325 0.64765625 0.23195876288659795 0.64765625 0.2405498281786942 0.64375 0.24914089347079038 0.6484375 0.2628865979381444 0.6484375 0.2680412371134021 0.64375 0.2714776632302406 0.64609375 0.27491408934707906 0.64375 0.29381443298969073 0.6453125 0.302405498281787 0.6421875 0.30927835051546393 0.64453125 0.3350515463917526 0.6375 0.3436426116838488 0.63828125 0.34536082474226804 0.64375 0.3539518900343643 0.64453125 0.365979381443299 0.63671875 0.4037800687285224 0.64765625 0.3917525773195877 0.6421875 0.41580756013745707 0.64296875 0.4123711340206186 0.6359375 0.422680412371134 0.61796875 0.41408934707903783 0.60078125 0.3934707903780069 0.59921875 0.39003436426116844 0.59375 0.37972508591065296 0.59609375 0.372852233676976 0.59375 0.35223367697594504 0.59453125 0.3402061855670103 0.59765625 0.3264604810996564 0.5953125 0.3230240549828179 0.5984375 0.3041237113402062 0.59453125 0.281786941580756 0.59375 0.2680412371134021 0.5984375 0.2628865979381444 0.5953125 0.22852233676975947 0.5953125 0.23367697594501718 0.6015625 0.2216494845360825 0.60625 0.21649484536082478 0.6 0.1907216494845361 0.5984375 0.18556701030927836 0.5953125 0.1752577319587629 0.59765625 0.1632302405498282 0.5953125 0.14776632302405499 0.6 0.13917525773195877 0.596875 0.0859106529209622 0.59765625 0.07731958762886598 0.6015625 0.070446735395189 0.59921875 0.06357388316151204 0.6015625 0.06013745704467355 0.6 0.06013745704467355 0.60390625 0.06701030927835053 0.60546875 0.04982817869415808 0.609375 0.03608247422680413 0.62265625 0.030927835051546393 0.6546875 0.04810996563573884 0.65703125
0 0.41484375 0.3734375 0.0015625 0.00078125
0 0.31171875 0.3453125 0.0015625 0.00078125
0 0.19609375 0.340625 0.003125 0.00234375
0 0.29553264604810997 0.340625 0.3041237113402062 0.33515625 0.29896907216494845 0.3375 0.288659793814433 0.334375 0.2869415807560137 0.33828125 0.29553264604810997 0.340625
0 0.00859106529209622 0.3796875 0.006872852233676977 0.3921875 0.018900343642611686 0.39375 0.022336769759450172 0.39140625 0.03951890034364262 0.3984375 0.061855670103092786 0.4015625 0.05498281786941581 0.40625 0.03780068728522337 0.40703125 0.02405498281786942 0.41796875 0.015463917525773196 0.46328125 0.0429553264604811 0.46640625 0.070446735395189 0.46015625 0.07560137457044674 0.46328125 0.08075601374570447 0.46171875 0.08419243986254296 0.4640625 0.09793814432989692 0.46484375 0.10824742268041239 0.46015625 0.11512027491408935 0.4625 0.14261168384879724 0.46015625 0.15635738831615123 0.46484375 0.16494845360824745 0.4640625 0.18041237113402064 0.4671875 0.20103092783505155 0.4625 0.21305841924398625 0.465625 0.22508591065292097 0.46640625 0.23539518900343642 0.4640625 0.24914089347079038 0.4671875 0.26632302405498287 0.46640625 0.2766323024054983 0.46328125 0.2852233676975945 0.46640625 0.3298969072164949 0.465625 0.3470790378006873 0.46796875 0.35223367697594504 0.47109375 0.365979381443299 0.4671875 0.37457044673539525 0.47109375 0.39003436426116844 0.471875 0.3969072164948454 0.46953125 0.4089347079037801 0.4734375 0.42783505154639184 0.471875 0.42439862542955326 0.4484375 0.4295532646048111 0.4390625 0.4209621993127148 0.434375 0.40549828178694164 0.41484375 0.4123711340206186 0.4046875 0.42439862542955326 0.403125 0.4312714776632303 0.3984375 0.42783505154639184 0.37265625 0.4209621993127148 0.371875 0.41408934707903783 0.378125 0.4020618556701031 0.3734375 0.38659793814432997 0.37421875 0.37972508591065296 0.37734375 0.372852233676976 0.37265625 0.3625429553264605 0.371875 0.3608247422680413 0.3765625 0.3556701030927835 0.37734375 0.34192439862542956 0.36953125 0.33161512027491413 0.37109375 0.31615120274914094 0.36796875 0.3144329896907217 0.37109375 0.30927835051546393 0.37109375 0.3144329896907217 0.3765625 0.30927835051546393 0.37890625 0.30927835051546393 0.384375 0.288659793814433 0.38203125 0.2869415807560137 0.37421875 0.2766323024054983 0.36875 0.23539518900343642 0.36875 0.23539518900343642 0.37109375 0.2216494845360825 0.37421875 0.21993127147766325 0.3671875 0.21649484536082478 0.36953125 0.1907216494845361 0.365625 0.17869415807560138 0.36796875 0.17010309278350516 0.37734375 0.15463917525773196 0.37890625 0.1443298969072165 0.365625 0.10824742268041239 0.36484375 0.09278350515463918 0.359375 0.07731958762886598 0.36015625 0.06872852233676977 0.3546875 0.06013745704467355 0.35625 0.044673539518900345 0.34609375 0.05498281786941581 0.334375 0.044673539518900345 0.3375 0.04123711340206186 0.334375 0.030927835051546393 0.334375 0.025773195876288662 0.33828125 0.03608247422680413 0.33984375 0.025773195876288662 0.3453125 0.018900343642611686 0.34453125 0.01202749140893471 0.35390625 0.018900343642611686 0.37421875 0.00859106529209622 0.3796875
0 0.2405498281786942 0.33828125 0.24398625429553267 0.34453125 0.2457044673539519 0.334375 0.2405498281786942 0.33125 0.22336769759450173 0.33125 0.2405498281786942 0.33828125
0 0.18213058419243988 0.33515625 0.17353951890034364 0.33359375 0.1752577319587629 0.33125 0.1632302405498282 0.33046875 0.14948453608247422 0.33125 0.18213058419243988 0.33515625
0 0.07388316151202749 0.33671875 0.10481099656357389 0.3359375 0.09278350515463918 0.32734375 0.070446735395189 0.328125 0.06872852233676977 0.3328125 0.07388316151202749 0.33671875
0 0.010309278350515465 0.7671875 0.029209621993127148 0.765625 0.03608247422680413 0.7546875 0.029209621993127148 0.74453125 0.03608247422680413 0.72421875 0.027491408934707907 0.7125 0.0429553264604811 0.6953125 0.03951890034364262 0.68515625 0.04982817869415808 0.665625 0.044673539518900345 0.6609375 0.029209621993127148 0.659375 0.022336769759450172 0.6546875 0.0034364261168384883 0.6546875 0 0.77265625 0.010309278350515465 0.7671875
0 0.4072164948453609 0.52578125 0.39518900343642616 0.52578125 0.38659793814432997 0.5328125 0.3934707903780069 0.53828125 0.42439862542955326 0.5375 0.4295532646048111 0.5359375 0.42439862542955326 0.515625 0.4175257731958763 0.5109375 0.4020618556701031 0.51171875 0.4072164948453609 0.51484375 0.4072164948453609 0.52578125
0 0.027491408934707907 0.5359375 0.0429553264604811 0.534375 0.05326460481099656 0.53984375 0.07903780068728523 0.5328125 0.08419243986254296 0.5359375 0.08075601374570447 0.53203125 0.09278350515463918 0.53125 0.12199312714776633 0.53359375 0.13230240549828182 0.53671875 0.13745704467353953 0.53359375 0.17869415807560138 0.5359375 0.17010309278350516 0.53359375 0.17697594501718214 0.53125 0.19931271477663232 0.53515625 0.20790378006872853 0.53359375 0.211340206185567 0.5359375 0.2302405498281787 0.5359375 0.2405498281786942 0.53203125 0.2525773195876289 0.5359375 0.2611683848797251 0.53125 0.27835051546391754 0.53046875 0.2800687285223368 0.5359375 0.2852233676975945 0.53671875 0.31615120274914094 0.534375 0.3264604810996564 0.5375 0.3384879725085911 0.5375 0.3505154639175258 0.534375 0.3608247422680413 0.5375 0.3762886597938145 0.5296875 0.3762886597938145 0.521875 0.38659793814432997 0.51640625 0.3934707903780069 0.51875 0.38659793814432997 0.5140625 0.39518900343642616 0.512890625 0.39518900343642616 0.50859375 0.38316151202749144 0.51484375 0.372852233676976 0.51015625 0.3556701030927835 0.5109375 0.34536082474226804 0.50703125 0.32817869415807566 0.50546875 0.29896907216494845 0.5078125 0.25429553264604815 0.50390625 0.24398625429553267 0.50703125 0.19243986254295536 0.503125 0.16151202749140894 0.50625 0.1512027491408935 0.503125 0.13058419243986255 0.50234375 0.09793814432989692 0.50546875 0.08075601374570447 0.50234375 0.029209621993127148 0.50625 0.022336769759450172 0.515625 0.01718213058419244 0.53359375 0.027491408934707907 0.5359375
0 0.8127147766323025 0.575 0.8625429553264606 0.603125 0.8762886597938145 0.60078125 0.8831615120274915 0.603125 0.9312714776632303 0.60234375 0.9381443298969072 0.60546875 0.9501718213058419 0.603125 0.9587628865979383 0.603125 0.9656357388316152 0.60625 0.9776632302405499 0.60390625 0.9948453608247423 0.60546875 0.9982817869415808 0.53046875 0.993127147766323 0.496875 0.9982817869415808 0.46484375 0.993127147766323 0.45625 0.9982817869415808 0.453125 0.9982817869415808 0.43359375 0.9914089347079038 0.4203125 0.9793814432989691 0.41875 0.9518900343642611 0.4234375 0.9467353951890034 0.4203125 0.936426116838488 0.41953125 0.9209621993127148 0.425 0.8900343642611684 0.42265625 0.8625429553264606 0.425 0.8436426116838488 0.45390625 0.8230240549828179 0.52890625 0.809278350515464 0.5578125 0.8075601374570448 0.56796875 0.8127147766323025 0.575
0 0 0.7640625 0.01202749140893471 0.759375 0.022336769759450172 0.76171875 0.022336769759450172 0.75703125 0.01202749140893471 0.75546875 0.01202749140893471 0.7515625 0.018900343642611686 0.75078125 0.018900343642611686 0.74453125 0.044673539518900345 0.72421875 0.029209621993127148 0.71484375 0.027491408934707907 0.709375 0.005154639175257733 0.71015625 0 0.71171875 0 0.7640625
0 0.0429553264604811 0.6671875 0.04639175257731959 0.6640625 0.03951890034364262 0.6640625 0.0429553264604811 0.6671875
0 0.19243986254295536 0.325 0.19931271477663232 0.3328125 0.19931271477663232 0.32421875 0.18728522336769762 0.321875 0.18556701030927836 0.3265625 0.19243986254295536 0.325
0 0.00859106529209622 0.378125 0.006872852233676977 0.39375 0.02405498281786942 0.39453125 0.03951890034364262 0.40078125 0.05326460481099656 0.3953125 0.07731958762886598 0.3953125 0.08762886597938145 0.3921875 0.09793814432989692 0.39609375 0.12371134020618557 0.39375 0.1443298969072165 0.3984375 0.19931271477663232 0.39765625 0.23195876288659795 0.40078125 0.30584192439862545 0.40078125 0.3264604810996564 0.409375 0.34192439862542956 0.40859375 0.3556701030927835 0.4046875 0.37457044673539525 0.4046875 0.39003436426116844 0.4109375 0.4037800687285224 0.4125 0.41408934707903783 0.40703125 0.43298969072164956 0.40625 0.43642611683848803 0.40390625 0.4295532646048111 0.38671875 0.43814432989690727 0.37265625 0.42783505154639184 0.36640625 0.42439862542955326 0.35234375 0.4089347079037801 0.34375 0.41924398625429554 0.33828125 0.4089347079037801 0.33671875 0.4089347079037801 0.34296875 0.4020618556701031 0.3453125 0.37972508591065296 0.334375 0.38316151202749144 0.33125 0.3762886597938145 0.334375 0.3625429553264605 0.33046875 0.34879725085910657 0.3328125 0.3298969072164949 0.3296875 0.3075601374570447 0.3328125 0.26975945017182135 0.32890625 0.2560137457044674 0.33203125 0.24398625429553267 0.32890625 0.21993127147766325 0.32890625 0.21305841924398625 0.32421875 0.2061855670103093 0.32421875 0.2061855670103093 0.33515625 0.19931271477663232 0.3359375 0.1752577319587629 0.32578125 0.15463917525773196 0.3265625 0.1357388316151203 0.32265625 0.12199312714776633 0.328125 0.1202749140893471 0.325 0.10652920962199312 0.3234375 0.09621993127147768 0.31640625 0.08934707903780069 0.3171875 0.08419243986254296 0.3234375 0.06013745704467355 0.3234375 0.03951890034364262 0.3203125 0.03608247422680413 0.3171875 0.02061855670103093 0.3140625 0.010309278350515465 0.3171875 0.015463917525773196 0.3203125 0.025773195876288662 0.3203125 0.03608247422680413 0.328125 0.02061855670103093 0.3359375 0.006872852233676977 0.35546875 0.015463917525773196 0.371875 0.00859106529209622 0.378125
0 0.384375 0.271875 0.0015625 0.00078125
0 0.3694158075601375 0.27890625 0.3780068728522337 0.271875 0.372852233676976 0.26875 0.36426116838487976 0.26875 0.3625429553264605 0.27265625 0.3694158075601375 0.27890625
0 0.06701030927835053 0.259375 0.070446735395189 0.265625 0.07731958762886598 0.2671875 0.08419243986254296 0.259375 0.08075601374570447 0.2546875 0.07388316151202749 0.25234375 0.058419243986254296 0.25390625 0.05670103092783506 0.2609375 0.06701030927835053 0.259375
0 0.010309278350515465 0.21171875 0 0.21171875 0 0.24453125 0.005154639175257733 0.24375 0.025773195876288662 0.25 0.03951890034364262 0.25 0.05326460481099656 0.25390625 0.05670103092783506 0.25 0.07388316151202749 0.25 0.08075601374570447 0.246875 0.10137457044673541 0.253125 0.11855670103092783 0.2546875 0.13058419243986255 0.25546875 0.14261168384879724 0.25078125 0.1597938144329897 0.25 0.17697594501718214 0.2515625 0.18900343642611686 0.25625 0.22852233676975947 0.25078125 0.24914089347079038 0.2515625 0.25945017182130586 0.259375 0.2714776632302406 0.2609375 0.288659793814433 0.25703125 0.31615120274914094 0.2578125 0.3350515463917526 0.265625 0.34879725085910657 0.265625 0.3625429553264605 0.2609375 0.3814432989690722 0.26171875 0.39003436426116844 0.26328125 0.40034364261168387 0.2703125 0.4209621993127148 0.2703125 0.4261168384879725 0.27265625 0.4347079037800688 0.28984375 0.44158075601374575 0.28984375 0.4553264604810997 0.26875 0.4484536082474227 0.2234375 0.43298969072164956 0.22578125 0.43298969072164956 0.23125 0.42783505154639184 0.23203125 0.4037800687285224 0.22890625 0.3814432989690722 0.23203125 0.3556701030927835 0.22421875 0.3230240549828179 0.22265625 0.3178694158075602 0.2203125 0.3075601374570447 0.22421875 0.2972508591065292 0.2234375 0.29896907216494845 0.22109375 0.2920962199312715 0.22421875 0.27491408934707906 0.21796875 0.2611683848797251 0.2171875 0.23195876288659795 0.22109375 0.21821305841924402 0.21953125 0.20962199312714777 0.215625 0.18900343642611686 0.2140625 0.18041237113402064 0.2140625 0.16666666666666669 0.2203125 0.14948453608247422 0.21875 0.1357388316151203 0.21171875 0.11683848797250859 0.2109375 0.08419243986254296 0.21484375 0.07731958762886598 0.21171875 0.06701030927835053 0.2140625 0.06013745704467355 0.21015625 0.04123711340206186 0.2078125 0.018900343642611686 0.21484375 0.010309278350515465 0.21171875
0 0.7800687285223369 0.571875 0.8041237113402062 0.5703125 0.8264604810996564 0.4921875 0.7972508591065293 0.48984375 0.7646048109965636 0.48125 0.752577319587629 0.4859375 0.7422680412371134 0.54765625 0.7800687285223369 0.571875
0 0.005154639175257733 0.63671875 0.0017182130584192442 0.6328125 0 0.64296875 0.005154639175257733 0.63671875
0 0.015463917525773196 0.63515625 0.01718213058419244 0.6296875 0.010309278350515465 0.628125 0.00859106529209622 0.6328125 0.015463917525773196 0.63515625
0 0.013745704467353953 0.615625 0.013745704467353953 0.60390625 0.00859106529209622 0.60859375 0.013745704467353953 0.615625
0 0.04123711340206186 0.571875 0.03264604810996564 0.575 0.03608247422680413 0.578125 0.030927835051546393 0.5796875 0.027491408934707907 0.58828125 0.03264604810996564 0.5875 0.03608247422680413 0.58984375 0.027491408934707907 0.59296875 0.03264604810996564 0.59765625 0.03951890034364262 0.5984375 0.044673539518900345 0.596875 0.044673539518900345 0.5890625 0.05670103092783506 0.58359375 0.08419243986254296 0.5859375 0.09278350515463918 0.57890625 0.10652920962199312 0.58359375 0.11168384879725086 0.58984375 0.13230240549828182 0.584375 0.15463917525773196 0.58515625 0.16838487972508592 0.571875 0.17697594501718214 0.57734375 0.18556701030927836 0.578125 0.1907216494845361 0.58359375 0.20962199312714777 0.58515625 0.21649484536082478 0.58046875 0.2405498281786942 0.578125 0.24742268041237114 0.584375 0.25945017182130586 0.58125 0.2800687285223368 0.5859375 0.2869415807560137 0.57890625 0.30584192439862545 0.575 0.3178694158075602 0.58203125 0.33333333333333337 0.58359375 0.3505154639175258 0.5796875 0.3608247422680413 0.57265625 0.3762886597938145 0.5703125 0.3780068728522337 0.58203125 0.39003436426116844 0.58515625 0.4089347079037801 0.57734375 0.4020618556701031 0.57421875 0.42439862542955326 0.56875 0.4261168384879725 0.559375 0.41408934707903783 0.54140625 0.3883161512027492 0.53203125 0.37972508591065296 0.53671875 0.3556701030927835 0.53671875 0.3402061855670103 0.5328125 0.3144329896907217 0.53125 0.30584192439862545 0.53515625 0.2061855670103093 0.53359375 0.19931271477663232 0.5375 0.19243986254295536 0.534375 0.15292096219931273 0.534375 0.13402061855670105 0.53203125 0.11855670103092783 0.53515625 0.07560137457044674 0.53359375 0.06357388316151204 0.53984375 0.04639175257731959 0.5421875 0.029209621993127148 0.56328125 0.030927835051546393 0.5703125 0.04123711340206186 0.571875
0 0.025773195876288662 0.31953125 0.030927835051546393 0.321875 0.03436426116838488 0.328125 0.018900343642611686 0.33671875 0.005154639175257733 0.35859375 0.018900343642611686 0.37421875 0.01202749140893471 0.375 0.00859106529209622 0.38359375 0.015463917525773196 0.3859375 0.015463917525773196 0.39375 0.03264604810996564 0.3984375 0.03608247422680413 0.3953125 0.03951890034364262 0.4 0.05326460481099656 0.39296875 0.07731958762886598 0.39453125 0.08419243986254296 0.38828125 0.09450171821305843 0.390625 0.09793814432989692 0.3875 0.1512027491408935 0.39765625 0.20962199312714777 0.39921875 0.24398625429553267 0.396875 0.27491408934707906 0.40078125 0.29896907216494845 0.4 0.3041237113402062 0.39765625 0.32817869415807566 0.40234375 0.34192439862542956 0.4015625 0.34536082474226804 0.40390625 0.3539518900343643 0.40390625 0.3556701030927835 0.4015625 0.37972508591065296 0.4046875 0.3883161512027492 0.40234375 0.4072164948453609 0.40234375 0.4261168384879725 0.40546875 0.4347079037800688 0.40234375 0.4261168384879725 0.38671875 0.43814432989690727 0.3765625 0.43814432989690727 0.371875 0.4295532646048111 0.3671875 0.41580756013745707 0.34140625 0.41065292096219935 0.3421875 0.4089347079037801 0.33984375 0.41408934707903783 0.33671875 0.3934707903780069 0.33671875 0.39003436426116844 0.3390625 0.37972508591065296 0.33359375 0.372852233676976 0.33515625 0.3625429553264605 0.33203125 0.3436426116838488 0.334375 0.33161512027491413 0.33046875 0.32130584192439865 0.3328125 0.288659793814433 0.33046875 0.27491408934707906 0.33203125 0.2714776632302406 0.3296875 0.25429553264604815 0.33203125 0.21305841924398625 0.32734375 0.20274914089347082 0.33203125 0.19759450171821308 0.328125 0.19243986254295536 0.33359375 0.18556701030927836 0.328125 0.1752577319587629 0.3265625 0.1512027491408935 0.3265625 0.13917525773195877 0.3234375 0.11855670103092783 0.32421875 0.10824742268041239 0.32265625 0.10481099656357389 0.31953125 0.10652920962199312 0.321875 0.09965635738831616 0.3234375 0.09106529209621994 0.32109375 0.09106529209621994 0.3171875 0.0859106529209622 0.3234375 0.061855670103092786 0.3234375 0.05670103092783506 0.3203125 0.029209621993127148 0.31796875 0.022336769759450172 0.31328125 0.01202749140893471 0.3171875 0.015463917525773196 0.3203125 0.025773195876288662 0.31953125
0 0 0.7734375 0.02405498281786942 0.771875 0.03436426116838488 0.7625 0.03780068728522337 0.7546875 0.030927835051546393 0.7375 0.03951890034364262 0.72265625 0.027491408934707907 0.71171875 0.0429553264604811 0.6953125 0.03951890034364262 0.68359375 0.04982817869415808 0.665625 0.0429553264604811 0.6609375 0.03264604810996564 0.6609375 0.018900343642611686 0.65546875 0.005154639175257733 0.6546875 0 0.65625 0 0.7734375
0 0.00859106529209622 0.6265625 0.005154639175257733 0.625 0.0034364261168384883 0.62734375 0.00859106529209622 0.6265625
0 0.14375 0.4109375 0.0015625 0.0015625
0 0.16151202749140894 0.4109375 0.15635738831615123 0.40859375 0.1512027491408935 0.4125 0.16151202749140894 0.4109375
0 0.0017182130584192442 0.39140625 0.005154639175257733 0.39453125 0.027491408934707907 0.39765625 0.03780068728522337 0.403125 0.051546391752577324 0.40390625 0.07731958762886598 0.39765625 0.11168384879725086 0.4 0.12371134020618557 0.39453125 0.13230240549828182 0.40078125 0.16151202749140894 0.4 0.1718213058419244 0.403125 0.18213058419243988 0.4015625 0.18900343642611686 0.40390625 0.19931271477663232 0.39921875 0.20790378006872853 0.4015625 0.25429553264604815 0.403125 0.3075601374570447 0.40234375 0.32817869415807566 0.41171875 0.34192439862542956 0.41171875 0.3539518900343643 0.40703125 0.365979381443299 0.40625 0.3814432989690722 0.40859375 0.3934707903780069 0.41484375 0.4037800687285224 0.4140625 0.41408934707903783 0.4078125 0.43298969072164956 0.4078125 0.43814432989690727 0.40546875 0.43298969072164956 0.3875 0.43814432989690727 0.371875 0.4295532646048111 0.36796875 0.422680412371134 0.3515625 0.41408934707903783 0.34609375 0.3969072164948454 0.3453125 0.3814432989690722 0.33671875 0.3608247422680413 0.33515625 0.3436426116838488 0.34296875 0.33333333333333337 0.34296875 0.3230240549828179 0.33984375 0.31615120274914094 0.33359375 0.29896907216494845 0.33203125 0.281786941580756 0.3328125 0.2714776632302406 0.33828125 0.24742268041237114 0.33046875 0.21821305841924402 0.3296875 0.20103092783505155 0.33671875 0.17353951890034364 0.328125 0.13745704467353953 0.3265625 0.13058419243986255 0.33046875 0.10824742268041239 0.33125 0.09278350515463918 0.3234375 0.05498281786941581 0.32421875 0.04982817869415808 0.33046875 0.03264604810996564 0.3296875 0.022336769759450172 0.33359375 0.006872852233676977 0.35546875 0.010309278350515465 0.3703125 0.0017182130584192442 0.39140625
0 0.02405498281786942 0.50078125 0.03436426116838488 0.5046875 0.06013745704467355 0.50078125 0.09106529209621994 0.5015625 0.09793814432989692 0.5046875 0.11683848797250859 0.5015625 0.16666666666666669 0.5046875 0.22852233676975947 0.50234375 0.23883161512027495 0.50546875 0.2628865979381444 0.50390625 0.2920962199312715 0.50703125 0.33333333333333337 0.5046875 0.3694158075601375 0.51015625 0.3711340206185567 0.525 0.37972508591065296 0.528125 0.41065292096219935 0.5265625 0.4089347079037801 0.51171875 0.4209621993127148 0.509375 0.42783505154639184 0.503125 0.4072164948453609 0.478125 0.3711340206185567 0.4734375 0.34879725085910657 0.4734375 0.3298969072164949 0.478125 0.31099656357388317 0.471875 0.2852233676975945 0.4703125 0.26460481099656363 0.47265625 0.24914089347079038 0.46953125 0.2216494845360825 0.46953125 0.19931271477663232 0.4734375 0.18728522336769762 0.46953125 0.14948453608247422 0.46875 0.12199312714776633 0.475 0.10824742268041239 0.46953125 0.08762886597938145 0.46875 0.07216494845360825 0.46953125 0.06357388316151204 0.4765625 0.04123711340206186 0.4765625 0.03436426116838488 0.48125 0.022336769759450172 0.49453125 0.02405498281786942 0.50078125
0 0.006872852233676977 0.70703125 0 0.70859375 0 0.7125 0.00859106529209622 0.70703125 0.015463917525773196 0.71015625 0.02405498281786942 0.703125 0.029209621993127148 0.6734375 0.029209621993127148 0.66875 0.02061855670103093 0.6671875 0.01718213058419244 0.657421875 0.010309278350515465 0.65546875 0.01718213058419244 0.65234375 0.00859106529209622 0.65546875 0.0034364261168384883 0.65 0 0.7046875 0.006872852233676977 0.70703125
0 0.006872852233676977 0.6484375 0.00859106529209622 0.646875 0.006872852233676977 0.6453125 0.006872852233676977 0.6484375
0 0 0.6109375 0.005154639175257733 0.6140625 0 0.61536484375 0.005154639175257733 0.6171875 0 0.61979140625 0 0.6375 0.022336769759450172 0.62734375 0.02061855670103093 0.61328125 0.029209621993127148 0.6140625 0.03264604810996564 0.61171875 0.029209621993127148 0.60703125 0.022336769759450172 0.61015625 0.01718213058419244 0.6078125 0.01718213058419244 0.5984375 0.027491408934707907 0.58203125 0.027491408934707907 0.56015625 0.03951890034364262 0.5453125 0.03608247422680413 0.5375 0.010309278350515465 0.5359375 0.02061855670103093 0.5171875 0.022336769759450172 0.4890625 0.030927835051546393 0.47578125 0.029209621993127148 0.4734375 0.02405498281786942 0.47421875 0.005154639175257733 0.46875 0 0.47109375 0 0.6109375
0 0 0.46484375 0.010309278350515465 0.453125 0.010309278350515465 0.4390625 0.0034364261168384883 0.43515625 0 0.434375 0 0.46484375
0 0.02061855670103093 0.4109375 0.022336769759450172 0.40078125 0.006872852233676977 0.4015625 0.006872852233676977 0.42265625 0.02061855670103093 0.4109375
0 0 0.7484375 0 0.76015625 0.006872852233676977 0.7609375 0 0.7640625 0 0.77578125 0.03608247422680413 0.77421875 0.03436426116838488 0.753125 0.030927835051546393 0.75 0.022336769759450172 0.75 0.030927835051546393 0.74375 0.027491408934707907 0.74140625 0.010309278350515465 0.7546875 0 0.7484375
0 0.8333333333333334 0.5140625 0.8264604810996564 0.515625 0.8281786941580757 0.51796875 0.8384879725085911 0.5171875 0.8402061855670103 0.52890625 0.845360824742268 0.521875 0.8642611683848799 0.5328125 0.8642611683848799 0.53984375 0.8814432989690723 0.55078125 0.8780068728522338 0.56796875 0.8969072164948454 0.56875 0.8986254295532646 0.5625 0.9140893470790379 0.55625 0.9209621993127148 0.56953125 0.9484536082474226 0.56640625 0.9484536082474226 0.58203125 0.9587628865979383 0.578125 0.9656357388316152 0.5671875 0.9742268041237114 0.5671875 0.9742268041237114 0.575 0.9793814432989691 0.57734375 0.9914089347079038 0.57421875 0.9965635738831615 0.565625 0.9982817869415808 0.52578125 0.9914089347079038 0.5046875 0.9982817869415808 0.48515625 0.9982817869415808 0.46484375 0.993127147766323 0.459375 0.9982817869415808 0.453125 0.9948453608247423 0.4265625 0.9810996563573884 0.42265625 0.9501718213058419 0.425 0.9415807560137457 0.421875 0.9261168384879725 0.4265625 0.8694158075601376 0.42421875 0.8608247422680414 0.42890625 0.845360824742268 0.45234375 0.8264604810996564 0.509375 0.8333333333333334 0.5140625
0 0.03608247422680413 0.7171875 0.06013745704467355 0.7203125 0.058419243986254296 0.73203125 0.051546391752577324 0.73515625 0.058419243986254296 0.74140625 0.06701030927835053 0.73515625 0.07388316151202749 0.73671875 0.07731958762886598 0.7421875 0.09793814432989692 0.7375 0.13402061855670105 0.73828125 0.13402061855670105 0.73515625 0.14261168384879724 0.73828125 0.1443298969072165 0.734375 0.15292096219931273 0.73828125 0.16151202749140894 0.73828125 0.18041237113402064 0.73515625 0.18556701030927836 0.73125 0.1941580756013746 0.73203125 0.20103092783505155 0.73671875 0.21305841924398625 0.73671875 0.2302405498281787 0.73359375 0.23195876288659795 0.7265625 0.23883161512027495 0.7265625 0.24742268041237114 0.73203125 0.2714776632302406 0.734375 0.3178694158075602 0.73046875 0.33676975945017185 0.73203125 0.359106529209622 0.7296875 0.365979381443299 0.73203125 0.38659793814432997 0.73203125 0.41408934707903783 0.7265625 0.41065292096219935 0.70625 0.41924398625429554 0.7015625 0.41408934707903783 0.67890625 0.372852233676976 0.68125 0.3505154639175258 0.678125 0.3264604810996564 0.6828125 0.30927835051546393 0.68359375 0.29553264604810997 0.68046875 0.28350515463917525 0.68359375 0.26460481099656363 0.68203125 0.25429553264604815 0.684375 0.2405498281786942 0.68359375 0.23539518900343642 0.68046875 0.22680412371134023 0.68359375 0.19931271477663232 0.6828125 0.18556701030927836 0.6859375 0.1597938144329897 0.68359375 0.13917525773195877 0.68515625 0.1357388316151203 0.6875 0.11340206185567012 0.6875 0.09621993127147768 0.684375 0.08247422680412372 0.68671875 0.07731958762886598 0.69296875 0.06872852233676977 0.68828125 0.04810996563573884 0.6890625 0.0429553264604811 0.6921875 0.030927835051546393 0.71328125 0.03608247422680413 0.7171875
0 0.03608247422680413 0.590625 0.027491408934707907 0.5921875 0.03264604810996564 0.59609375 0.03951890034364262 0.59609375 0.0429553264604811 0.59140625 0.03264604810996564 0.583984375 0.03264604810996564 0.57890625 0.029209621993127148 0.584375 0.027491408934707907 0.58828125 0.03608247422680413 0.590625
0 0.03608247422680413 0.5734375 0.0429553264604811 0.56953125 0.04982817869415808 0.5703125 0.05326460481099656 0.578125 0.07388316151202749 0.58515625 0.08419243986254296 0.58515625 0.09278350515463918 0.57421875 0.10309278350515465 0.5734375 0.10309278350515465 0.57890625 0.11512027491408935 0.58828125 0.13058419243986255 0.58359375 0.15292096219931273 0.58515625 0.16838487972508592 0.5703125 0.18213058419243988 0.56953125 0.18900343642611686 0.58046875 0.2061855670103093 0.584375 0.2302405498281787 0.57734375 0.22852233676975947 0.57421875 0.23711340206185566 0.571875 0.24398625429553267 0.57421875 0.24742268041237114 0.584375 0.24742268041237114 0.58203125 0.2577319587628866 0.58046875 0.27835051546391754 0.5859375 0.2869415807560137 0.57890625 0.302405498281787 0.578125 0.29896907216494845 0.575 0.3041237113402062 0.5734375 0.3178694158075602 0.58125 0.3350515463917526 0.5828125 0.37457044673539525 0.56953125 0.37972508591065296 0.57109375 0.37972508591065296 0.58125 0.38659793814432997 0.584375 0.40549828178694164 0.57734375 0.40034364261168387 0.57109375 0.4037800687285224 0.56953125 0.41065292096219935 0.571875 0.42439862542955326 0.56796875 0.42439862542955326 0.55390625 0.4175257731958763 0.54296875 0.3917525773195877 0.53203125 0.38487972508591073 0.53203125 0.37457044673539525 0.53671875 0.35223367697594504 0.5359375 0.3402061855670103 0.53203125 0.3178694158075602 0.53046875 0.302405498281787 0.53515625 0.281786941580756 0.5328125 0.2577319587628866 0.534375 0.20962199312714777 0.53203125 0.15807560137457047 0.534375 0.13917525773195877 0.53046875 0.12199312714776633 0.53125 0.11512027491408935 0.534375 0.06872852233676977 0.53203125 0.06529209621993128 0.5375 0.044673539518900345 0.54296875 0.030927835051546393 0.55625 0.029209621993127148 0.56640625 0.03608247422680413 0.5734375
0 0.8333333333333334 0.50625 0.8264604810996564 0.51171875 0.845360824742268 0.50390625 0.8505154639175257 0.5046875 0.8505154639175257 0.51640625 0.8591065292096222 0.52578125 0.8728522336769761 0.53203125 0.8711340206185568 0.53984375 0.8900343642611684 0.5484375 0.8986254295532646 0.5421875 0.9072164948453609 0.546875 0.9123711340206186 0.54609375 0.9158075601374571 0.55078125 0.9226804123711341 0.5453125 0.9329896907216495 0.54765625 0.9261168384879725 0.55 0.9278350515463918 0.55390625 0.9398625429553265 0.5453125 0.9656357388316152 0.5453125 0.9725085910652922 0.54921875 0.9673539518900345 0.5515625 0.9673539518900345 0.5578125 0.9862542955326461 0.56171875 0.9896907216494846 0.5671875 0.9982817869415808 0.56953125 0.9914089347079038 0.565625 0.9948453608247423 0.56328125 0.9982817869415808 0.564453125 0.9982817869415808 0.559375 0.9879725085910653 0.55625 0.9982817869415808 0.54296875 0.993127147766323 0.5078125 0.9982817869415808 0.4890625 0.9982817869415808 0.46875 0.993127147766323 0.459375 0.9982817869415808 0.4546875 0.9982817869415808 0.440625 0.9673539518900345 0.440625 0.9604810996563575 0.44609375 0.9690721649484537 0.44921875 0.9518900343642611 0.45234375 0.936426116838488 0.4484375 0.9278350515463918 0.45078125 0.9226804123711341 0.4484375 0.8951890034364262 0.45 0.8900343642611684 0.446875 0.8900343642611684 0.4390625 0.8883161512027492 0.4421875 0.8780068728522338 0.4390625 0.8728522336769761 0.44140625 0.8608247422680414 0.4390625 0.845360824742268 0.45546875 0.8505154639175257 0.46796875 0.8436426116838488 0.46640625 0.8298969072164949 0.4984375 0.8281786941580757 0.5046875 0.8333333333333334 0.50625
0 0.37457044673539525 0.5421875 0.3711340206185567 0.5390625 0.34879725085910657 0.5390625 0.34536082474226804 0.53984375 0.37457044673539525 0.5421875
0 0.030927835051546393 0.58125 0.03951890034364262 0.5859375 0.029209621993127148 0.58671875 0.03608247422680413 0.58984375 0.025773195876288662 0.5953125 0.029209621993127148 0.5984375 0.0429553264604811 0.5984375 0.05326460481099656 0.6046875 0.03264604810996564 0.62109375 0.03780068728522337 0.6328125 0.03264604810996564 0.6546875 0.05670103092783506 0.65390625 0.06357388316151204 0.65625 0.07388316151202749 0.65078125 0.08075601374570447 0.65390625 0.09621993127147768 0.6546875 0.10652920962199312 0.65078125 0.12199312714776633 0.65 0.14948453608247422 0.653125 0.15463917525773196 0.64921875 0.17010309278350516 0.64765625 0.19587628865979384 0.65 0.20446735395189006 0.6421875 0.211340206185567 0.64375 0.21305841924398625 0.64765625 0.22680412371134023 0.6484375 0.2405498281786942 0.64453125 0.2628865979381444 0.6484375 0.2680412371134021 0.6421875 0.27835051546391754 0.6421875 0.2920962199312715 0.64609375 0.29896907216494845 0.6421875 0.3144329896907217 0.64375 0.33333333333333337 0.63828125 0.3505154639175258 0.646875 0.36769759450171824 0.63828125 0.3762886597938145 0.64296875 0.3814432989690722 0.63828125 0.39003436426116844 0.6390625 0.39003436426116844 0.64609375 0.39862542955326463 0.64765625 0.4175257731958763 0.64296875 0.41408934707903783 0.62890625 0.4209621993127148 0.62265625 0.4209621993127148 0.6140625 0.4123711340206186 0.59765625 0.4261168384879725 0.5921875 0.4209621993127148 0.57109375 0.3969072164948454 0.5671875 0.365979381443299 0.56796875 0.3505154639175258 0.57109375 0.3436426116838488 0.56640625 0.3144329896907217 0.565625 0.29037800687285226 0.56953125 0.2852233676975945 0.56484375 0.288659793814433 0.56171875 0.29896907216494845 0.56015625 0.2869415807560137 0.559375 0.281786941580756 0.55234375 0.29037800687285226 0.55078125 0.29896907216494845 0.55390625 0.30584192439862545 0.54609375 0.3178694158075602 0.54609375 0.31099656357388317 0.53671875 0.281786941580756 0.53515625 0.26460481099656363 0.5390625 0.25429553264604815 0.5359375 0.20962199312714777 0.5359375 0.19931271477663232 0.54140625 0.18728522336769762 0.5359375 0.14776632302405499 0.53515625 0.12199312714776633 0.54296875 0.10996563573883163 0.5359375 0.08075601374570447 0.53515625 0.06357388316151204 0.54609375 0.05326460481099656 0.54296875 0.04639175257731959 0.5453125 0.03780068728522337 0.559375 0.04123711340206186 0.5640625 0.03264604810996564 0.5734375 0.03608247422680413 0.578125 0.030927835051546393 0.58125
0 0.03264604810996564 0.59453125 0.03780068728522337 0.5984375 0.03951890034364262 0.5953125 0.029209621993127148 0.59140625 0.027491408934707907 0.5953125 0.03264604810996564 0.59453125
0 0.3171875 0.58125 0.0015625 0.0015625
0 0.2875 0.57421875 0.0015625 0.0015625
0 0.3384879725085911 0.575 0.3470790378006873 0.571875 0.33676975945017185 0.5671875 0.32817869415807566 0.5703125 0.3264604810996564 0.571875 0.3384879725085911 0.575
0 0.31271477663230246 0.5734375 0.3247422680412372 0.57421875 0.3144329896907217 0.5671875 0.302405498281787 0.56953125 0.302405498281787 0.57578125 0.31271477663230246 0.5734375
0 0.1752577319587629 0.56640625 0.1718213058419244 0.5671875 0.17353951890034364 0.57578125 0.1752577319587629 0.56640625
0 0.2852233676975945 0.57265625 0.281786941580756 0.5671875 0.27491408934707906 0.56953125 0.25945017182130586 0.56328125 0.24742268041237114 0.5671875 0.2508591065292097 0.5765625 0.2852233676975945 0.57265625
0 0.06013745704467355 0.5796875 0.06013745704467355 0.584375 0.044673539518900345 0.59296875 0.05498281786941581 0.60625 0.03608247422680413 0.62109375 0.03608247422680413 0.62734375 0.0429553264604811 0.63515625 0.051546391752577324 0.634375 0.06529209621993128 0.6390625 0.06013745704467355 0.64296875 0.06701030927835053 0.6390625 0.10137457044673541 0.64453125 0.1202749140893471 0.6359375 0.140893470790378 0.640625 0.17010309278350516 0.6375 0.17869415807560138 0.640625 0.21305841924398625 0.6390625 0.23195876288659795 0.628125 0.2611683848797251 0.63828125 0.28350515463917525 0.6390625 0.29381443298969073 0.6296875 0.30068728522336774 0.6296875 0.3041237113402062 0.63359375 0.31615120274914094 0.63671875 0.3298969072164949 0.63671875 0.3384879725085911 0.634375 0.34879725085910657 0.62421875 0.365979381443299 0.6265625 0.38659793814432997 0.625 0.3934707903780069 0.62734375 0.4209621993127148 0.621875 0.41065292096219935 0.5984375 0.42439862542955326 0.5953125 0.42439862542955326 0.58125 0.4209621993127148 0.5734375 0.4175257731958763 0.575 0.4020618556701031 0.56875 0.365979381443299 0.56875 0.3505154639175258 0.5734375 0.34536082474226804 0.5796875 0.30927835051546393 0.58984375 0.302405498281787 0.58828125 0.3041237113402062 0.5921875 0.2766323024054983 0.5875 0.2714776632302406 0.5796875 0.26632302405498287 0.57890625 0.2577319587628866 0.57890625 0.2560137457044674 0.58515625 0.24226804123711343 0.5875 0.23195876288659795 0.58046875 0.2405498281786942 0.575 0.23711340206185566 0.5703125 0.22680412371134023 0.57421875 0.2216494845360825 0.565625 0.21649484536082478 0.56484375 0.18728522336769762 0.5671875 0.1941580756013746 0.56875 0.19759450171821308 0.5734375 0.1907216494845361 0.57421875 0.19587628865979384 0.57890625 0.1907216494845361 0.5796875 0.1907216494845361 0.58515625 0.18384879725085912 0.5890625 0.17010309278350516 0.58515625 0.1718213058419244 0.5796875 0.14948453608247422 0.58515625 0.14948453608247422 0.57890625 0.15807560137457047 0.5734375 0.15463917525773196 0.56640625 0.14776632302405499 0.5640625 0.14948453608247422 0.559375 0.14261168384879724 0.56015625 0.1443298969072165 0.56484375 0.11855670103092783 0.5671875 0.11683848797250859 0.5765625 0.10652920962199312 0.571875 0.10481099656357389 0.5671875 0.09793814432989692 0.5703125 0.09106529209621994 0.56953125 0.08419243986254296 0.56328125 0.08075601374570447 0.56640625 0.05670103092783506 0.5671875 0.04982817869415808 0.57578125 0.04982817869415808 0.57890625 0.06013745704467355 0.5796875
0 0.2216494845360825 0.5625 0.22336769759450173 0.55703125 0.21649484536082478 0.55390625 0.21649484536082478 0.56171875 0.2216494845360825 0.5625
0 0.12714776632302408 0.54765625 0.11855670103092783 0.55078125 0.13402061855670105 0.55078125 0.140893470790378 0.553125 0.1357388316151203 0.5546875 0.13745704467353953 0.559375 0.14776632302405499 0.54765625 0.15463917525773196 0.546875 0.1597938144329897 0.55 0.16666666666666669 0.54609375 0.17869415807560138 0.55 0.18556701030927836 0.5453125 0.19243986254295536 0.54765625 0.20103092783505155 0.54453125 0.21649484536082478 0.55234375 0.21993127147766325 0.54765625 0.2302405498281787 0.55 0.23711340206185566 0.54609375 0.2457044673539519 0.55234375 0.2508591065292097 0.54765625 0.2577319587628866 0.54921875 0.2731958762886598 0.54609375 0.281786941580756 0.5515625 0.2869415807560137 0.54921875 0.29896907216494845 0.55078125 0.3075601374570447 0.54296875 0.3178694158075602 0.54453125 0.3178694158075602 0.5421875 0.3075601374570447 0.5359375 0.288659793814433 0.53515625 0.2714776632302406 0.5359375 0.26632302405498287 0.540625 0.2577319587628866 0.540625 0.2560137457044674 0.5359375 0.20962199312714777 0.5359375 0.20103092783505155 0.5421875 0.18900343642611686 0.5359375 0.14604810996563575 0.53515625 0.1202749140893471 0.54453125 0.11855670103092783 0.54609375 0.12714776632302408 0.54765625
0 0.04982817869415808 0.56015625 0.058419243986254296 0.553125 0.06701030927835053 0.55546875 0.06872852233676977 0.559375 0.08247422680412372 0.56171875 0.07388316151202749 0.55390625 0.07731958762886598 0.5484375 0.08247422680412372 0.54609375 0.09278350515463918 0.55 0.09450171821305843 0.54765625 0.10481099656357389 0.546875 0.10137457044673541 0.54375 0.10824742268041239 0.540625 0.11340206185567012 0.54140625 0.11168384879725086 0.5359375 0.08075601374570447 0.53515625 0.061855670103092786 0.54609375 0.04982817869415808 0.54296875 0.03951890034364262 0.55546875 0.03951890034364262 0.56171875 0.04982817869415808 0.56015625
0 0.03264604810996564 0.71640625 0.044673539518900345 0.7203125 0.03436426116838488 0.7375 0.070446735395189 0.7453125 0.09793814432989692 0.7453125 0.10996563573883163 0.7421875 0.15292096219931273 0.74453125 0.1632302405498282 0.73984375 0.18213058419243988 0.73828125 0.21649484536082478 0.73984375 0.23711340206185566 0.7328125 0.25945017182130586 0.7375 0.31271477663230246 0.73359375 0.3402061855670103 0.73515625 0.34192439862542956 0.74453125 0.3436426116838488 0.7421875 0.3694158075601375 0.74609375 0.3711340206185567 0.73671875 0.3883161512027492 0.7359375 0.39862542955326463 0.73125 0.41065292096219935 0.73203125 0.41580756013745707 0.7265625 0.41408934707903783 0.68046875 0.40034364261168387 0.68046875 0.3934707903780069 0.6859375 0.37972508591065296 0.6875 0.3539518900343643 0.68125 0.3402061855670103 0.68359375 0.33161512027491413 0.68828125 0.3195876288659794 0.68828125 0.29896907216494845 0.6828125 0.2800687285223368 0.68671875 0.23883161512027495 0.68671875 0.2302405498281787 0.684375 0.2216494845360825 0.6875 0.21649484536082478 0.68515625 0.20274914089347082 0.68515625 0.19931271477663232 0.6875 0.1907216494845361 0.6859375 0.18384879725085912 0.68828125 0.1597938144329897 0.6859375 0.1597938144329897 0.6890625 0.14948453608247422 0.69296875 0.12371134020618557 0.68828125 0.10824742268041239 0.68828125 0.08934707903780069 0.69375 0.04982817869415808 0.69375 0.04810996563573884 0.703125 0.03264604810996564 0.71640625
0 0 0.73984375 0.005154639175257733 0.74296875 0 0.7439234375 0 0.7765625 0.03780068728522337 0.77578125 0.03780068728522337 0.74921875 0.03264604810996564 0.73984375 0.025773195876288662 0.73828125 0.015463917525773196 0.7421875 0 0.73984375
0 0 0.77421875 0.027491408934707907 0.77265625 0.03264604810996564 0.76875 0.03780068728522337 0.7546875 0.03264604810996564 0.73828125 0.04123711340206186 0.72109375 0.027491408934707907 0.71328125 0.0429553264604811 0.69609375 0.03780068728522337 0.68515625 0.04982817869415808 0.66640625 0.0429553264604811 0.65859375 0.03264604810996564 0.66015625 0.02405498281786942 0.6546875 0.029209621993127148 0.6515625 0.03264604810996564 0.6234375 0.03951890034364262 0.61953125 0.03780068728522337 0.60859375 0.03264604810996564 0.6046875 0.005154639175257733 0.59921875 0 0.6015625 0 0.77421875
0 0.10234375 0.6375 0.0015625 0.0015625
0 0.23984375 0.6359375 0.0015625 0.00078125
0 0.31615120274914094 0.63671875 0.302405498281787 0.6328125 0.29553264604810997 0.63515625 0.30068728522336774 0.64140625 0.31615120274914094 0.63671875
0 0.1357388316151203 0.6359375 0.13230240549828182 0.63046875 0.13502784690129163 0.6360452586206897 0.1357388316151203 0.6359375
0 0.13058419243986255 0.63671875 0.1357388316151203 0.6375 0.13502784690129163 0.6360452586206897 0.13058419243986255 0.63671875
0 0.3247422680412372 0.63671875 0.32817869415807566 0.6296875 0.32130584192439865 0.6296875 0.3195876288659794 0.63671875 0.3247422680412372 0.63671875
0 0.30703125 0.63046875 0.0015625 0.0015625
0 0.22508591065292097 0.634375 0.22680412371134023 0.63828125 0.23539518900343642 0.63671875 0.23195876288659795 0.63046875 0.22680412371134023 0.6296875 0.23195876288659795 0.63203125 0.22508591065292097 0.634375
0 0.2577319587628866 0.63671875 0.27491408934707906 0.6375 0.2560137457044674 0.63125 0.2577319587628866 0.6265625 0.2508591065292097 0.62890625 0.2577319587628866 0.63671875
0 0.3814432989690722 0.63515625 0.38659793814432997 0.6296875 0.39003436426116844 0.628125 0.3934707903780069 0.63125 0.39862542955326463 0.6265625 0.3917525773195877 0.625 0.365979381443299 0.628125 0.36426116838487976 0.63046875 0.3814432989690722 0.63515625
0 0.2296875 0.5953125 0.0015625 0.00078125
0 0.20078125 0.5671875 0.003125 0.00078125
0 0.09278350515463918 0.40078125 0.08419243986254296 0.39921875 0.08419243986254296 0.4015625 0.09278350515463918 0.40078125
0 0.2766323024054983 0.3046875 0.26460481099656363 0.30234375 0.26460481099656363 0.30546875 0.2766323024054983 0.3046875
0 0.43359375 0.325 0.0015625 0.00234375
0 0.3515625 0.3171875 0.0015625 0.00234375
0 0.19243986254295536 0.3171875 0.18728522336769762 0.31484375 0.17869415807560138 0.315625 0.1752577319587629 0.3171875 0.19243986254295536 0.3171875
0 0.18384879725085912 0.31171875 0.18041237113402064 0.303125 0.17869415807560138 0.31171875 0.18384879725085912 0.31171875
0 0.027491408934707907 0.2953125 0.03436426116838488 0.31015625 0.04982817869415808 0.31640625 0.06013745704467355 0.31484375 0.07388316151202749 0.29453125 0.09450171821305843 0.29609375 0.10481099656357389 0.30546875 0.10652920962199312 0.3140625 0.13230240549828182 0.31796875 0.1357388316151203 0.3078125 0.14261168384879724 0.30625 0.14604810996563575 0.30078125 0.17353951890034364 0.3015625 0.18556701030927836 0.2921875 0.20103092783505155 0.290625 0.21649484536082478 0.29296875 0.22680412371134023 0.30078125 0.2405498281786942 0.303125 0.24398625429553267 0.315625 0.2508591065292097 0.315625 0.2577319587628866 0.3109375 0.24226804123711343 0.30390625 0.2525773195876289 0.29765625 0.2611683848797251 0.2953125 0.27835051546391754 0.29609375 0.3041237113402062 0.3109375 0.30068728522336774 0.3171875 0.30584192439862545 0.321875 0.31099656357388317 0.32109375 0.31099656357388317 0.32421875 0.3264604810996564 0.32421875 0.3402061855670103 0.328125 0.34879725085910657 0.325 0.37972508591065296 0.325 0.38487972508591073 0.328125 0.41065292096219935 0.33203125 0.42439862542955326 0.3265625 0.4261168384879725 0.3203125 0.43814432989690727 0.31953125 0.4347079037800688 0.3171875 0.4484536082474227 0.30078125 0.43642611683848803 0.29375 0.4209621993127148 0.27109375 0.4037800687285224 0.27109375 0.39518900343642616 0.2640625 0.3780068728522337 0.259375 0.359106529209622 0.26015625 0.34536082474226804 0.26640625 0.3402061855670103 0.2640625 0.33161512027491413 0.26484375 0.3144329896907217 0.25703125 0.288659793814433 0.25625 0.2766323024054983 0.26171875 0.26460481099656363 0.2609375 0.25429553264604815 0.25390625 0.2405498281786942 0.25 0.211340206185567 0.25078125 0.20103092783505155 0.25625 0.1907216494845361 0.25625 0.17353951890034364 0.25 0.14948453608247422 0.24921875 0.1288659793814433 0.25546875 0.10481099656357389 0.253125 0.09278350515463918 0.246875 0.06529209621993128 0.2453125 0.04982817869415808 0.25234375 0.022336769759450172 0.2515625 0.0034364261168384883 0.26953125 0.0034364261168384883 0.28515625 0.027491408934707907 0.2953125
0 0.03264604810996564 0.7140625 0.051546391752577324 0.7203125 0.044673539518900345 0.73515625 0.05326460481099656 0.74140625 0.06357388316151204 0.74296875 0.0859106529209622 0.74375 0.10824742268041239 0.73984375 0.14776632302405499 0.74140625 0.17010309278350516 0.7375 0.21477663230240554 0.7390625 0.2302405498281787 0.73515625 0.23367697594501718 0.7296875 0.2680412371134021 0.7359375 0.3041237113402062 0.73203125 0.33333333333333337 0.73359375 0.35223367697594504 0.73125 0.365979381443299 0.734375 0.359106529209622 0.73828125 0.359106529209622 0.74140625 0.365979381443299 0.74140625 0.36769759450171824 0.73515625 0.38487972508591073 0.734375 0.41408934707903783 0.728125 0.4123711340206186 0.70546875 0.41924398625429554 0.7 0.41924398625429554 0.68984375 0.4175257731958763 0.6796875 0.41065292096219935 0.67578125 0.365979381443299 0.67890625 0.3470790378006873 0.67578125 0.3075601374570447 0.68125 0.29553264604810997 0.67734375 0.288659793814433 0.68046875 0.27835051546391754 0.67578125 0.26632302405498287 0.68046875 0.2508591065292097 0.6796875 0.22852233676975947 0.6734375 0.21993127147766325 0.68125 0.18384879725085912 0.6828125 0.1718213058419244 0.67578125 0.16151202749140894 0.67421875 0.14776632302405499 0.68359375 0.11683848797250859 0.68515625 0.10824742268041239 0.68359375 0.10481099656357389 0.678125 0.09793814432989692 0.6765625 0.07731958762886598 0.68515625 0.06013745704467355 0.68671875 0.05326460481099656 0.684375 0.0429553264604811 0.68671875 0.0429553264604811 0.69609375 0.03264604810996564 0.7140625
0 0.34453125 0.671875 0.0015625 0.0015625
0 0.1512027491408935 0.66875 0.14776632302405499 0.66640625 0.14604810996563575 0.67109375 0.1512027491408935 0.66875
0 0.1357388316151203 0.6609375 0.13402061855670105 0.65703125 0.1202749140893471 0.65703125 0.1288659793814433 0.66171875 0.1357388316151203 0.6609375
0 0.08075601374570447 0.665625 0.08419243986254296 0.6703125 0.07388316151202749 0.67109375 0.08419243986254296 0.67265625 0.10137457044673541 0.66875 0.09965635738831616 0.66171875 0.10996563573883163 0.6578125 0.10137457044673541 0.65703125 0.09278350515463918 0.6625 0.08419243986254296 0.6625 0.08247422680412372 0.65859375 0.07388316151202749 0.66640625 0.08075601374570447 0.665625
0 0.16151202749140894 0.66171875 0.15807560137457047 0.65390625 0.15635738831615123 0.659375 0.16151202749140894 0.66171875
0 0.29896907216494845 0.65234375 0.29037800687285226 0.653125 0.30068728522336774 0.65625 0.29896907216494845 0.65234375
0 0.24742268041237114 0.6625 0.2508591065292097 0.65625 0.24398625429553267 0.65234375 0.23883161512027495 0.65390625 0.24742268041237114 0.6625
0 0.20274914089347082 0.65703125 0.20103092783505155 0.6515625 0.19759450171821308 0.6546875 0.20274914089347082 0.65703125
0 0.0034364261168384883 0.500390625 0 0.5078125 0.0017182130584192442 0.5203125 0.010309278350515465 0.5234375 0.00859106529209622 0.5296875 0.0017182130584192442 0.52890625 0 0.534375 0.00859106529209622 0.53671875 0 0.53828125 0 0.7703125 0.025773195876288662 0.76171875 0.022336769759450172 0.74765625 0.015463917525773196 0.74453125 0.022336769759450172 0.7375 0.01718213058419244 0.71953125 0.03608247422680413 0.7 0.03608247422680413 0.6796875 0.044673539518900345 0.66484375 0.02405498281786942 0.6578125 0.03608247422680413 0.60546875 0.018900343642611686 0.6 0.027491408934707907 0.58046875 0.027491408934707907 0.559375 0.03780068728522337 0.53984375 0.01202749140893471 0.5390625 0.010309278350515465 0.5203125 0.018900343642611686 0.5078125 0.010309278350515465 0.4859375 0.0034364261168384883 0.4953125 0.01202749140893471 0.4984375 0.0034364261168384883 0.500390625
0 0.03608247422680413 0.46796875 0.04982817869415808 0.4734375 0.05670103092783506 0.471875 0.06013745704467355 0.465625 0.10481099656357389 0.465625 0.11855670103092783 0.46875 0.13917525773195877 0.46171875 0.1512027491408935 0.4671875 0.26975945017182135 0.46953125 0.27835051546391754 0.46640625 0.30584192439862545 0.4703125 0.3230240549828179 0.46796875 0.3384879725085911 0.471875 0.3762886597938145 0.471875 0.39003436426116844 0.46640625 0.4089347079037801 0.47421875 0.4347079037800688 0.4734375 0.42439862542955326 0.44921875 0.4261168384879725 0.44140625 0.4175257731958763 0.44375 0.3934707903780069 0.4421875 0.38487972508591073 0.44453125 0.3608247422680413 0.44453125 0.34192439862542956 0.43984375 0.3195876288659794 0.43828125 0.30584192439862545 0.4421875 0.2972508591065292 0.43984375 0.2852233676975945 0.4421875 0.27491408934707906 0.4375 0.24398625429553267 0.43984375 0.23711340206185566 0.4375 0.22336769759450173 0.43828125 0.21477663230240554 0.434375 0.17010309278350516 0.43828125 0.1443298969072165 0.434375 0.09450171821305843 0.4359375 0.07388316151202749 0.43203125 0.06529209621993128 0.434375 0.05498281786941581 0.43125 0.04639175257731959 0.43359375 0.0429553264604811 0.43203125 0.03436426116838488 0.4375 0.027491408934707907 0.43515625 0.027491408934707907 0.43125 0.022336769759450172 0.4328125 0.015463917525773196 0.44609375 0.010309278350515465 0.465625 0.03608247422680413 0.46796875
0 0.37457044673539525 0.3625 0.38659793814432997 0.35078125 0.3694158075601375 0.34609375 0.3762886597938145 0.3421875 0.372852233676976 0.33984375 0.36769759450171824 0.34453125 0.3694158075601375 0.353125 0.3608247422680413 0.35234375 0.3608247422680413 0.3625 0.37457044673539525 0.3625
0 0.03951890034364262 0.328125 0.04982817869415808 0.32578125 0.04810996563573884 0.3234375 0.03780068728522337 0.32265625 0.04639175257731959 0.31875 0.06013745704467355 0.31875 0.06701030927835053 0.321875 0.08762886597938145 0.32109375 0.09965635738831616 0.32421875 0.11512027491408935 0.31953125 0.1288659793814433 0.32421875 0.1357388316151203 0.321875 0.1512027491408935 0.3265625 0.17010309278350516 0.3265625 0.17869415807560138 0.32265625 0.18728522336769762 0.328125 0.2061855670103093 0.33203125 0.21821305841924402 0.328125 0.24742268041237114 0.328125 0.2714776632302406 0.33515625 0.2920962199312715 0.33046875 0.31615120274914094 0.3328125 0.3247422680412372 0.33828125 0.32817869415807566 0.33671875 0.34192439862542956 0.340625 0.365979381443299 0.33515625 0.38659793814432997 0.3390625 0.39003436426116844 0.3421875 0.41408934707903783 0.3421875 0.42783505154639184 0.35390625 0.4450171821305842 0.34140625 0.4398625429553265 0.31484375 0.4484536082474227 0.2984375 0.43642611683848803 0.29375 0.4209621993127148 0.27109375 0.4020618556701031 0.2703125 0.38487972508591073 0.259375 0.3625429553264605 0.259375 0.3436426116838488 0.26640625 0.3384879725085911 0.26328125 0.3298969072164949 0.26484375 0.3144329896907217 0.25703125 0.2920962199312715 0.25625 0.2766323024054983 0.2625 0.26460481099656363 0.2609375 0.24226804123711343 0.25078125 0.21993127147766325 0.25 0.20274914089347082 0.25703125 0.19587628865979384 0.25703125 0.18556701030927836 0.25625 0.1752577319587629 0.25078125 0.15292096219931273 0.24921875 0.13917525773195877 0.25078125 0.1288659793814433 0.25625 0.10481099656357389 0.25390625 0.09278350515463918 0.246875 0.06529209621993128 0.2453125 0.05498281786941581 0.2484375 0.04982817869415808 0.25546875 0.04123711340206186 0.25234375 0.02061855670103093 0.253125 0.005154639175257733 0.26796875 0.0034364261168384883 0.3171875 0.03951890034364262 0.328125
0 0.06701030927835053 0.55859375 0.07560137457044674 0.5578125 0.070446735395189 0.55546875 0.06701030927835053 0.55859375
0 0.07731958762886598 0.5609375 0.08247422680412372 0.5609375 0.07560137457044674 0.5578125 0.07731958762886598 0.5609375
0 0.40549828178694164 0.5546875 0.40034364261168387 0.56015625 0.41408934707903783 0.5625 0.4175257731958763 0.5609375 0.4089347079037801 0.55625 0.4209621993127148 0.55234375 0.4209621993127148 0.54921875 0.41065292096219935 0.54296875 0.4020618556701031 0.54609375 0.39003436426116844 0.5453125 0.39003436426116844 0.54921875 0.40549828178694164 0.5546875
0 0.3711340206185567 0.53984375 0.38316151202749144 0.54296875 0.3814432989690722 0.53984375 0.3556701030927835 0.5375 0.3505154639175258 0.53984375 0.3711340206185567 0.53984375
0 0.044673539518900345 0.59921875 0.06013745704467355 0.6046875 0.07388316151202749 0.60546875 0.0859106529209622 0.59765625 0.12542955326460484 0.59609375 0.13230240549828182 0.6 0.1443298969072165 0.59921875 0.14948453608247422 0.6015625 0.15292096219931273 0.609375 0.16666666666666669 0.61015625 0.19931271477663232 0.59765625 0.21477663230240554 0.6015625 0.22680412371134023 0.615625 0.2508591065292097 0.596875 0.25429553264604815 0.6 0.26460481099656363 0.59765625 0.27491408934707906 0.6 0.28350515463917525 0.59453125 0.29037800687285226 0.59453125 0.288659793814433 0.596875 0.29381443298969073 0.59765625 0.288659793814433 0.6 0.29553264604810997 0.60546875 0.29553264604810997 0.5984375 0.30584192439862545 0.596875 0.31271477663230246 0.59921875 0.3195876288659794 0.59453125 0.3264604810996564 0.59765625 0.3883161512027492 0.5953125 0.39862542955326463 0.5984375 0.41924398625429554 0.596875 0.42783505154639184 0.59296875 0.4209621993127148 0.56875 0.3969072164948454 0.565625 0.30927835051546393 0.565625 0.288659793814433 0.56796875 0.2611683848797251 0.56328125 0.2577319587628866 0.5515625 0.2680412371134021 0.5484375 0.2869415807560137 0.54921875 0.2920962199312715 0.5453125 0.29896907216494845 0.546875 0.29896907216494845 0.54140625 0.30927835051546393 0.5359375 0.29896907216494845 0.5390625 0.29381443298969073 0.53515625 0.2714776632302406 0.5359375 0.2680412371134021 0.54140625 0.26460481099656363 0.5359375 0.2525773195876289 0.53515625 0.2405498281786942 0.5390625 0.2302405498281787 0.53515625 0.20790378006872853 0.53515625 0.19931271477663232 0.53984375 0.19243986254295536 0.5359375 0.17353951890034364 0.534375 0.14948453608247422 0.534375 0.1357388316151203 0.53828125 0.13230240549828182 0.53359375 0.11855670103092783 0.54921875 0.10652920962199312 0.546875 0.10652920962199312 0.5390625 0.11168384879725086 0.53984375 0.11168384879725086 0.5359375 0.07903780068728523 0.534375 0.06529209621993128 0.5421875 0.04810996563573884 0.54375 0.03780068728522337 0.55703125 0.05326460481099656 0.56015625 0.04639175257731959 0.56484375 0.03780068728522337 0.5640625 0.030927835051546393 0.56796875 0.022336769759450172 0.5984375 0.044673539518900345 0.59921875
0 0.9536082474226806 0.425 0.993127147766323 0.42734375 0.9982817869415808 0.42578125 0.9982817869415808 0.41171875 0.9587628865979383 0.41171875 0.9518900343642611 0.415625 0.9536082474226806 0.425
0 0.02061855670103093 0.6515625 0.01718213058419244 0.64921875 0.013745704467353953 0.65078125 0.02061855670103093 0.6515625
0 0.03436426116838488 0.59921875 0.04810996563573884 0.6 0.05498281786941581 0.6046875 0.03264604810996564 0.61953125 0.03264604810996564 0.63125 0.03780068728522337 0.63671875 0.030927835051546393 0.6484375 0.03436426116838488 0.65546875 0.04639175257731959 0.65546875 0.05326460481099656 0.65 0.058419243986254296 0.65 0.061855670103092786 0.65390625 0.07216494845360825 0.65 0.08762886597938145 0.6546875 0.09450171821305843 0.6546875 0.10481099656357389 0.65 0.11512027491408935 0.65390625 0.12714776632302408 0.6484375 0.14776632302405499 0.65234375 0.15292096219931273 0.646875 0.16151202749140894 0.6515625 0.1718213058419244 0.64765625 0.1907216494845361 0.65078125 0.18900343642611686 0.646875 0.2061855670103093 0.640625 0.21993127147766325 0.64765625 0.22852233676975947 0.6484375 0.23883161512027495 0.6453125 0.2405498281786942 0.64765625 0.25945017182130586 0.6484375 0.2680412371134021 0.64140625 0.29037800687285226 0.646875 0.29896907216494845 0.640625 0.31271477663230246 0.6453125 0.3230240549828179 0.6390625 0.33333333333333337 0.63828125 0.34536082474226804 0.64609375 0.3711340206185567 0.64296875 0.37972508591065296 0.64765625 0.40034364261168387 0.64921875 0.41408934707903783 0.646875 0.4175257731958763 0.64375 0.41580756013745707 0.6265625 0.4209621993127148 0.6234375 0.4209621993127148 0.6140625 0.41065292096219935 0.5984375 0.42439862542955326 0.59296875 0.42439862542955326 0.55625 0.41065292096219935 0.5421875 0.39862542955326463 0.540625 0.38659793814432997 0.54375 0.3694158075601375 0.5375 0.3402061855670103 0.5375 0.3350515463917526 0.540625 0.3247422680412372 0.54140625 0.3144329896907217 0.534375 0.20790378006872853 0.53515625 0.20274914089347082 0.5390625 0.18900343642611686 0.53515625 0.1718213058419244 0.534375 0.12199312714776633 0.5375 0.10481099656357389 0.534375 0.07731958762886598 0.53515625 0.06357388316151204 0.5421875 0.04639175257731959 0.54375 0.03264604810996564 0.56015625 0.025773195876288662 0.5953125 0.03436426116838488 0.59921875
0 0.01484375 0.734375 0.0015625 0.0015625
0 0.01202749140893471 0.7375 0.0017182130584192442 0.73359375 0 0.740625 0.01202749140893471 0.7375
0 0.04982817869415808 0.6640625 0.02405498281786942 0.65703125 0.025773195876288662 0.6515625 0.02061855670103093 0.65 0.029209621993127148 0.64296875 0.021947071952386016 0.6442896262886598 0.018900343642611686 0.6515625 0.0034364261168384883 0.64921875 0 0.7171875 0.015463917525773196 0.71953125 0.03608247422680413 0.7 0.03780068728522337 0.684375 0.04982817869415808 0.6640625
0 0.1597938144329897 0.41328125 0.14948453608247422 0.41484375 0.15635738831615123 0.41640625 0.14948453608247422 0.42265625 0.15292096219931273 0.42578125 0.16494845360824745 0.41171875 0.1597938144329897 0.4078125 0.15292096219931273 0.40859375 0.14948453608247422 0.409375 0.1597938144329897 0.41328125
0 0.2800687285223368 0.36328125 0.2714776632302406 0.3609375 0.2714776632302406 0.36328125 0.2800687285223368 0.36328125
0 0.14261168384879724 0.34375 0.15292096219931273 0.3390625 0.1597938144329897 0.34453125 0.16666666666666669 0.34453125 0.16666666666666669 0.34921875 0.18556701030927836 0.33515625 0.17869415807560138 0.3296875 0.13917525773195877 0.328125 0.13402061855670105 0.33125 0.1357388316151203 0.34296875 0.14261168384879724 0.34375
0 0.0034364261168384883 0.39375 0.025773195876288662 0.396875 0.04123711340206186 0.40390625 0.05498281786941581 0.40390625 0.06529209621993128 0.3984375 0.11168384879725086 0.39921875 0.12199312714776633 0.3953125 0.13058419243986255 0.3984375 0.16151202749140894 0.4 0.17353951890034364 0.403125 0.19587628865979384 0.39921875 0.23539518900343642 0.40234375 0.3075601374570447 0.4015625 0.3247422680412372 0.4109375 0.34192439862542956 0.4109375 0.35738831615120276 0.40625 0.3762886597938145 0.40625 0.3934707903780069 0.4140625 0.4037800687285224 0.4140625 0.41408934707903783 0.4078125 0.43814432989690727 0.40625 0.43298969072164956 0.38828125 0.43814432989690727 0.3734375 0.4261168384879725 0.3703125 0.42783505154639184 0.36796875 0.4175257731958763 0.37265625 0.39862542955326463 0.3734375 0.365979381443299 0.36796875 0.3539518900343643 0.36953125 0.3470790378006873 0.36484375 0.3384879725085911 0.36875 0.31099656357388317 0.36640625 0.31271477663230246 0.359375 0.3247422680412372 0.353125 0.32130584192439865 0.3375 0.3144329896907217 0.33359375 0.2852233676975945 0.3328125 0.26975945017182135 0.33984375 0.2457044673539519 0.33046875 0.21993127147766325 0.3296875 0.19931271477663232 0.34140625 0.2061855670103093 0.3484375 0.20274914089347082 0.353125 0.20962199312714777 0.353125 0.21305841924398625 0.3578125 0.22508591065292097 0.3609375 0.22336769759450173 0.36484375 0.16494845360824745 0.36484375 0.15463917525773196 0.3625 0.12199312714776633 0.3640625 0.10824742268041239 0.36328125 0.08762886597938145 0.35546875 0.08762886597938145 0.35078125 0.09450171821305843 0.34765625 0.09793814432989692 0.35 0.09621993127147768 0.3453125 0.10652920962199312 0.33515625 0.10137457044673541 0.328125 0.09106529209621994 0.32421875 0.06529209621993128 0.32421875 0.051546391752577324 0.33359375 0.06357388316151204 0.34765625 0.061855670103092786 0.35703125 0.051546391752577324 0.35703125 0.04639175257731959 0.35078125 0.03951890034364262 0.35546875 0.025773195876288662 0.35546875 0.018900343642611686 0.35234375 0.010309278350515465 0.35703125 0.01202749140893471 0.37109375 0.0034364261168384883 0.39375
0 0.015463917525773196 0.59609375 0.025773195876288662 0.58828125 0.025773195876288662 0.56640625 0.03951890034364262 0.54375 0.03436426116838488 0.53828125 0.013745704467353953 0.53828125 0.0034364261168384883 0.534375 0 0.59921875 0.015463917525773196 0.59609375
0 0.02061855670103093 0.5125 0.02061855670103093 0.49609375 0.015463917525773196 0.4953125 0.018900343642611686 0.49140625 0.013745704467353953 0.49453125 0.015463917525773196 0.5015625 0.00859106529209622 0.50234375 0.0034364261168384883 0.5 0 0.51015625 0.005881575469204335 0.5282076322115385 0.01202749140893471 0.52890625 0.02061855670103093 0.5125
0 0.00859106529209622 0.590625 0.010309278350515465 0.58125 0.005154639175257733 0.58125 0 0.59375 0.00859106529209622 0.590625
0 0.013602520045819017 0.42263454861111105 0.025773195876288662 0.40234375 0.02061855670103093 0.39921875 0.0017182130584192442 0.40078125 0.005154639175257733 0.41328125 0.015463917525773196 0.41875 0.0034364261168384883 0.42109375 0.013602520045819017 0.42263454861111105
0 0 0.457353125 0 0.46130546875 0.00859106529209622 0.462109375 0 0.46525703125 0 0.52849296875 0.00859106529209622 0.53359375 0 0.536396875 0.006872852233676977 0.53828125 0 0.5403492187500001 0 0.5640625 0.00859106529209622 0.56484375 0.013745704467353953 0.56171875 0.00859106529209622 0.53046875 0.015463917525773196 0.5234375 0.018900343642611686 0.4984375 0.029209621993127148 0.475 0.00859106529209622 0.4671875 0.013745704467353953 0.4453125 0.010309278350515465 0.428125 0.013520365049856348 0.42277151639344257 0 0.4296875 0 0.45340078124999994 0.010309278350515465 0.4515625 0.010309278350515465 0.45625 0 0.457353125
0 0.15234375 0.425 0.0015625 0.00078125
0 0.15390625 0.4171875 0.0015625 0.00234375
0 0.1632302405498282 0.41171875 0.1597938144329897 0.409375 0.14948453608247422 0.409375 0.15292096219931273 0.4140625 0.1632302405498282 0.41171875
0 0.022336769759450172 0.36484375 0.010309278350515465 0.371875 0 0.39296875 0.027491408934707907 0.39765625 0.0429553264604811 0.4046875 0.058419243986254296 0.40390625 0.06701030927835053 0.39765625 0.10309278350515465 0.3984375 0.11168384879725086 0.40078125 0.12542955326460484 0.39609375 0.13058419243986255 0.39921875 0.1632302405498282 0.4 0.18213058419243988 0.403125 0.1941580756013746 0.4 0.2508591065292097 0.403125 0.27835051546391754 0.40078125 0.3075601374570447 0.4015625 0.3264604810996564 0.4109375 0.34192439862542956 0.41171875 0.35738831615120276 0.40625 0.3762886597938145 0.40625 0.3934707903780069 0.4140625 0.40549828178694164 0.41328125 0.41408934707903783 0.40859375 0.4398625429553265 0.4078125 0.4312714776632303 0.38359375 0.43642611683848803 0.37734375 0.4295532646048111 0.37578125 0.4347079037800688 0.37265625 0.41408934707903783 0.378125 0.4072164948453609 0.375 0.38316151202749144 0.37578125 0.3762886597938145 0.37265625 0.3539518900343643 0.371875 0.3470790378006873 0.36875 0.30584192439862545 0.37109375 0.2508591065292097 0.36875 0.2405498281786942 0.37109375 0.20962199312714777 0.36875 0.20446735395189006 0.3703125 0.19931271477663232 0.3671875 0.18213058419243988 0.365625 0.15635738831615123 0.37421875 0.1443298969072165 0.36484375 0.07731958762886598 0.3671875 0.070446735395189 0.3625 0.03780068728522337 0.3640625 0.03608247422680413 0.36171875 0.018900343642611686 0.359375 0.015463917525773196 0.3625 0.022336769759450172 0.36171875 0.022336769759450172 0.36484375
0 0.21477663230240554 0.33515625 0.211340206185567 0.334375 0.20962199312714777 0.3359375 0.21477663230240554 0.33515625
0 0.2302405498281787 0.33125 0.21821305841924402 0.33125 0.21821305841924402 0.334375 0.24226804123711343 0.33359375 0.2508591065292097 0.3359375 0.24226804123711343 0.33125 0.2302405498281787 0.33359375 0.2302405498281787 0.33125
0 0.04982817869415808 0.6 0.070446735395189 0.60625 0.09106529209621994 0.596875 0.12199312714776633 0.5953125 0.13230240549828182 0.60078125 0.1443298969072165 0.59921875 0.15463917525773196 0.609375 0.16666666666666669 0.609375 0.1752577319587629 0.60390625 0.18213058419243988 0.6046875 0.19243986254295536 0.59765625 0.2061855670103093 0.5984375 0.21477663230240554 0.6015625 0.21993127147766325 0.609375 0.22680412371134023 0.6109375 0.23711340206185566 0.6078125 0.2508591065292097 0.596875 0.25429553264604815 0.59921875 0.27491408934707906 0.6 0.288659793814433 0.59453125 0.29381443298969073 0.60546875 0.29381443298969073 0.59453125 0.31099656357388317 0.59921875 0.3195876288659794 0.59375 0.3264604810996564 0.59765625 0.38659793814432997 0.59453125 0.3969072164948454 0.5984375 0.4209621993127148 0.596875 0.42783505154639184 0.59375 0.422680412371134 0.57109375 0.3934707903780069 0.5671875 0.35223367697594504 0.5703125 0.3436426116838488 0.5671875 0.31271477663230246 0.56640625 0.2869415807560137 0.56875 0.2628865979381444 0.56484375 0.23539518900343642 0.56875 0.22336769759450173 0.565625 0.1718213058419244 0.565625 0.16151202749140894 0.56796875 0.15292096219931273 0.56484375 0.10996563573883163 0.56796875 0.10137457044673541 0.56640625 0.09278350515463918 0.56875 0.06357388316151204 0.56640625 0.04982817869415808 0.56875 0.03951890034364262 0.565625 0.029209621993127148 0.5734375 0.022336769759450172 0.5984375 0.04982817869415808 0.6
0 0.0453125 0.553125 0.0015625 0.00234375
0 0.36171875 0.5390625 0.0015625 0.00078125
0 0.29381443298969073 0.53984375 0.302405498281787 0.5359375 0.2800687285223368 0.53671875 0.29381443298969073 0.53984375
0 0.2508591065292097 0.540625 0.2577319587628866 0.54140625 0.2628865979381444 0.5359375 0.24914089347079038 0.5359375 0.2508591065292097 0.540625
0 0.2214203894616266 0.5376562500000001 0.22079037800687287 0.5359375 0.2061855670103093 0.53671875 0.20446735395189006 0.54296875 0.211340206185567 0.54453125 0.21821305841924402 0.53828125 0.2214203894616266 0.5376562500000001
0 0.17353951890034364 0.53515625 0.15635738831615123 0.53515625 0.15142209548877678 0.5381482712765957 0.15635738831615123 0.5421875 0.16494845360824745 0.5390625 0.17869415807560138 0.5390625 0.17353951890034364 0.53828125 0.17353951890034364 0.53515625
0 0.18728522336769762 0.5359375 0.17869415807560138 0.5390625 0.18556701030927836 0.5390625 0.19243986254295536 0.54296875 0.1941580756013746 0.54140625 0.19243986254295536 0.53671875 0.18728522336769762 0.5359375
0 0.10652920962199312 0.5359375 0.09450171821305843 0.5375 0.09106529209621994 0.53515625 0.08075601374570447 0.53515625 0.08419243986254296 0.54296875 0.10652920962199312 0.5359375
0 0 0.74765625 0 0.77578125 0.03608247422680413 0.775 0.03608247422680413 0.7546875 0.03264604810996564 0.74453125 0.025773195876288662 0.740625 0.010309278350515465 0.7515625 0 0.74765625
0 0.19587628865979384 0.36015625 0.1941580756013746 0.35703125 0.18900343642611686 0.35703125 0.18900343642611686 0.36328125 0.19587628865979384 0.36015625
0 0.20962199312714777 0.3609375 0.21649484536082478 0.3546875 0.21305841924398625 0.34921875 0.2061855670103093 0.34921875 0.20446735395189006 0.359375 0.20962199312714777 0.3609375
0 0.2457044673539519 0.35 0.23711340206185566 0.35625 0.21821305841924402 0.35859375 0.23367697594501718 0.36015625 0.23711340206185566 0.35703125 0.2457044673539519 0.35625 0.24742268041237114 0.3609375 0.2560137457044674 0.35625 0.2628865979381444 0.36171875 0.25945017182130586 0.35859375 0.26632302405498287 0.3515625 0.2560137457044674 0.3515625 0.2628865979381444 0.3453125 0.2560137457044674 0.35 0.2508591065292097 0.34765625 0.2508591065292097 0.35078125 0.2457044673539519 0.35
0 0.07388316151202749 0.3515625 0.08075601374570447 0.35390625 0.08762886597938145 0.3515625 0.08934707903780069 0.3546875 0.09793814432989692 0.34453125 0.08247422680412372 0.34921875 0.08075601374570447 0.3390625 0.07903780068728523 0.34140625 0.08075601374570447 0.3453125 0.07388316151202749 0.3515625
0 0.1357388316151203 0.3453125 0.13745704467353953 0.35625 0.15807560137457047 0.35625 0.16494845360824745 0.35859375 0.17353951890034364 0.35546875 0.16838487972508592 0.353125 0.1718213058419244 0.34140625 0.16151202749140894 0.3328125 0.15635738831615123 0.33671875 0.14948453608247422 0.3328125 0.1443298969072165 0.33359375 0.1443298969072165 0.34140625 0.1357388316151203 0.3453125
0 0.006872852233676977 0.32421875 0.022336769759450172 0.3234375 0.03264604810996564 0.3296875 0.05326460481099656 0.3296875 0.06701030927835053 0.32421875 0.09621993127147768 0.325 0.11340206185567012 0.33359375 0.1288659793814433 0.33046875 0.13230240549828182 0.33203125 0.13917525773195877 0.328125 0.1752577319587629 0.3296875 0.17353951890034364 0.3390625 0.18213058419243988 0.33046875 0.2061855670103093 0.33359375 0.21993127147766325 0.32890625 0.23883161512027495 0.32890625 0.25429553264604815 0.33203125 0.2628865979381444 0.3375 0.2972508591065292 0.33125 0.3144329896907217 0.33359375 0.3230240549828179 0.33828125 0.3247422680412372 0.34375 0.3436426116838488 0.34609375 0.3608247422680413 0.365625 0.37972508591065296 0.36484375 0.39003436426116844 0.3609375 0.3917525773195877 0.34765625 0.3969072164948454 0.34609375 0.41408934707903783 0.34609375 0.42783505154639184 0.35625 0.4484536082474227 0.3390625 0.4398625429553265 0.3203125 0.4398625429553265 0.30234375 0.4484536082474227 0.3 0.43814432989690727 0.296875 0.42783505154639184 0.30078125 0.4175257731958763 0.2953125 0.39862542955326463 0.303125 0.38316151202749144 0.29765625 0.37972508591065296 0.29296875 0.36769759450171824 0.29296875 0.36426116838487976 0.2984375 0.3539518900343643 0.29609375 0.3470790378006873 0.2984375 0.3298969072164949 0.29765625 0.30584192439862545 0.29296875 0.29037800687285226 0.29765625 0.2766323024054983 0.29375 0.2577319587628866 0.29453125 0.23195876288659795 0.28828125 0.22336769759450173 0.28984375 0.20962199312714777 0.2875 0.2061855670103093 0.28984375 0.18556701030927836 0.290625 0.18041237113402064 0.28515625 0.15635738831615123 0.28984375 0.14261168384879724 0.28515625 0.13745704467353953 0.2875 0.10996563573883163 0.28671875 0.08762886597938145 0.290625 0.05670103092783506 0.284375 0.04123711340206186 0.28515625 0.027491408934707907 0.2921875 0.00859106529209622 0.290625 0.0034364261168384883 0.29453125 0 0.3203125 0.006872852233676977 0.32421875
0 0.422680412371134 0.278125 0.4175257731958763 0.2734375 0.4072164948453609 0.27421875 0.4072164948453609 0.2796875 0.422680412371134 0.278125
0 0.07388316151202749 0.76953125 0.09450171821305843 0.765625 0.15292096219931273 0.76640625 0.16151202749140894 0.76875 0.16666666666666669 0.7765625 0.18213058419243988 0.7765625 0.19587628865979384 0.7640625 0.20962199312714777 0.76171875 0.22680412371134023 0.7734375 0.24398625429553267 0.7734375 0.24914089347079038 0.7640625 0.2628865979381444 0.75859375 0.2731958762886598 0.759375 0.27835051546391754 0.7640625 0.2852233676975945 0.7625 0.2852233676975945 0.76875 0.2920962199312715 0.771875 0.302405498281787 0.771875 0.31271477663230246 0.7625 0.3298969072164949 0.75859375 0.33676975945017185 0.75859375 0.35223367697594504 0.76875 0.3556701030927835 0.7546875 0.3694158075601375 0.75703125 0.38487972508591073 0.75390625 0.41065292096219935 0.75390625 0.41580756013745707 0.75078125 0.41408934707903783 0.72890625 0.3694158075601375 0.73203125 0.35738831615120276 0.73046875 0.3384879725085911 0.7328125 0.2920962199312715 0.7328125 0.27491408934707906 0.7359375 0.2611683848797251 0.7359375 0.24914089347079038 0.7328125 0.1941580756013746 0.7390625 0.17353951890034364 0.7375 0.15463917525773196 0.74140625 0.10824742268041239 0.73984375 0.09450171821305843 0.7453125 0.08762886597938145 0.74140625 0.06013745704467355 0.74296875 0.0429553264604811 0.73359375 0.04123711340206186 0.76875 0.07388316151202749 0.76953125
0 0.8625429553264606 0.6046875 0.8762886597938145 0.60234375 0.9106529209621994 0.60546875 0.929553264604811 0.603125 0.9381443298969072 0.60625 0.957044673539519 0.60390625 0.9690721649484537 0.6078125 0.9776632302405499 0.60546875 0.9965635738831615 0.60625 0.9948453608247423 0.57890625 0.9879725085910653 0.575 0.9879725085910653 0.56796875 0.970790378006873 0.5640625 0.963917525773196 0.56484375 0.9587628865979383 0.55078125 0.9329896907216495 0.55078125 0.9261168384879725 0.55625 0.9209621993127148 0.55234375 0.9072164948453609 0.559375 0.9003436426116839 0.553125 0.8934707903780069 0.56640625 0.8831615120274915 0.56796875 0.8831615120274915 0.55390625 0.8711340206185568 0.55234375 0.8625429553264606 0.54375 0.8659793814432991 0.5390625 0.852233676975945 0.53515625 0.8556701030927837 0.53046875 0.8487972508591065 0.52890625 0.845360824742268 0.53125 0.8367697594501718 0.52421875 0.8127147766323025 0.55234375 0.809278350515464 0.57421875 0.8625429553264606 0.6046875
0 0.37109375 0.3453125 0.003125 0.00234375
0 0.4347079037800688 0.34296875 0.4295532646048111 0.3421875 0.4312714776632303 0.3484375 0.4347079037800688 0.34296875
0 0.4295532646048111 0.33828125 0.4261168384879725 0.3375 0.42439862542955326 0.3390625 0.4295532646048111 0.33828125
0 0.372852233676976 0.32421875 0.3694158075601375 0.31953125 0.36426116838487976 0.32265625 0.372852233676976 0.32421875
0 0.440625 0.3 0.0015625 0.00078125
0 0.013745704467353953 0.3109375 0.022336769759450172 0.3140625 0.03436426116838488 0.31171875 0.04982817869415808 0.315625 0.06872852233676977 0.31171875 0.07388316151202749 0.31484375 0.07731958762886598 0.31328125 0.09450171821305843 0.31796875 0.13058419243986255 0.31875 0.140893470790378 0.31328125 0.14948453608247422 0.31953125 0.16494845360824745 0.3171875 0.1718213058419244 0.3203125 0.17869415807560138 0.31875 0.19931271477663232 0.3234375 0.21305841924398625 0.32109375 0.22336769759450173 0.3234375 0.23195876288659795 0.32109375 0.24742268041237114 0.321875 0.26632302405498287 0.32734375 0.2680412371134021 0.33125 0.2680412371134021 0.328125 0.2766323024054983 0.325 0.29896907216494845 0.32734375 0.302405498281787 0.325 0.31271477663230246 0.325 0.3230240549828179 0.33125 0.3298969072164949 0.32578125 0.3505154639175258 0.32578125 0.35223367697594504 0.33515625 0.35738831615120276 0.33203125 0.35223367697594504 0.3265625 0.3556701030927835 0.31328125 0.35223367697594504 0.31640625 0.34192439862542956 0.31484375 0.34192439862542956 0.30703125 0.34879725085910657 0.303125 0.3230240549828179 0.3015625 0.3195876288659794 0.30703125 0.30927835051546393 0.309375 0.2972508591065292 0.29921875 0.2920962199312715 0.3015625 0.2852233676975945 0.29765625 0.26632302405498287 0.2953125 0.2577319587628866 0.29609375 0.2525773195876289 0.30078125 0.2405498281786942 0.30390625 0.22508591065292097 0.30078125 0.2302405498281787 0.2953125 0.21821305841924402 0.2984375 0.20962199312714777 0.29453125 0.18900343642611686 0.29296875 0.17697594501718214 0.2953125 0.18041237113402064 0.3 0.1718213058419244 0.30234375 0.1632302405498282 0.3015625 0.15807560137457047 0.29765625 0.14948453608247422 0.30078125 0.13402061855670105 0.2890625 0.11168384879725086 0.2890625 0.09621993127147768 0.3015625 0.09106529209621994 0.29921875 0.08075601374570447 0.30234375 0.06357388316151204 0.28828125 0.0429553264604811 0.28828125 0.030927835051546393 0.2953125 0.029209621993127148 0.3015625 0.01718213058419244 0.30390625 0.02061855670103093 0.30703125 0.013745704467353953 0.3109375
0 0.07560137457044674 0.278125 0.0859106529209622 0.2765625 0.07560137457044674 0.2734375 0.070446735395189 0.27578125 0.07560137457044674 0.278125
0 0.32817869415807566 0.275 0.33161512027491413 0.2703125 0.3247422680412372 0.26953125 0.3230240549828179 0.27265625 0.32817869415807566 0.275
0 0.02109375 0.26171875 0.0015625 0.0015625
0 0.33161512027491413 0.2859375 0.3608247422680413 0.29609375 0.3608247422680413 0.30390625 0.3694158075601375 0.3046875 0.365979381443299 0.31328125 0.38316151202749144 0.3125 0.3780068728522337 0.3171875 0.37972508591065296 0.33203125 0.38316151202749144 0.328125 0.4072164948453609 0.33203125 0.43814432989690727 0.32890625 0.43814432989690727 0.309375 0.4312714776632303 0.30859375 0.43814432989690727 0.30234375 0.4295532646048111 0.303125 0.4209621993127148 0.3 0.4312714776632303 0.2859375 0.41924398625429554 0.284375 0.422680412371134 0.2765625 0.4175257731958763 0.271875 0.4020618556701031 0.27265625 0.39003436426116844 0.2609375 0.3762886597938145 0.25859375 0.3608247422680413 0.26015625 0.3539518900343643 0.26796875 0.3350515463917526 0.26875 0.33676975945017185 0.28046875 0.33161512027491413 0.2859375
0 0.18041237113402064 0.275 0.18213058419243988 0.27890625 0.1907216494845361 0.28046875 0.18556701030927836 0.28515625 0.20103092783505155 0.2796875 0.20962199312714777 0.28359375 0.21305841924398625 0.28046875 0.2302405498281787 0.2828125 0.23711340206185566 0.27890625 0.24398625429553267 0.2828125 0.2560137457044674 0.27578125 0.2628865979381444 0.278125 0.2611683848797251 0.28984375 0.2731958762886598 0.28984375 0.27491408934707906 0.2796875 0.27835051546391754 0.284375 0.2852233676975945 0.2828125 0.29553264604810997 0.28828125 0.3075601374570447 0.2859375 0.31271477663230246 0.28984375 0.31099656357388317 0.2875 0.32130584192439865 0.2859375 0.3195876288659794 0.26171875 0.30584192439862545 0.25703125 0.2869415807560137 0.259375 0.2800687285223368 0.26796875 0.2714776632302406 0.2640625 0.25429553264604815 0.2640625 0.25429553264604815 0.2546875 0.24742268041237114 0.25546875 0.2405498281786942 0.25078125 0.21821305841924402 0.25078125 0.20790378006872853 0.2546875 0.20962199312714777 0.25859375 0.19931271477663232 0.26015625 0.19931271477663232 0.2578125 0.18556701030927836 0.2578125 0.17869415807560138 0.26484375 0.1752577319587629 0.27578125 0.18041237113402064 0.275
0 0.09793814432989692 0.2703125 0.10481099656357389 0.27109375 0.10481099656357389 0.2765625 0.12542955326460484 0.2765625 0.13230240549828182 0.28046875 0.14261168384879724 0.27734375 0.16151202749140894 0.29140625 0.1632302405498282 0.28515625 0.15635738831615123 0.284375 0.15635738831615123 0.28046875 0.16666666666666669 0.2765625 0.16838487972508592 0.271875 0.16151202749140894 0.26796875 0.17697594501718214 0.259375 0.1752577319587629 0.25078125 0.14776632302405499 0.25 0.13917525773195877 0.2515625 0.13230240549828182 0.2578125 0.11855670103092783 0.2546875 0.10824742268041239 0.25703125 0.10137457044673541 0.25546875 0.09965635738831616 0.2578125 0.10309278350515465 0.2640625 0.09793814432989692 0.2703125
0 0.02405498281786942 0.27734375 0.03608247422680413 0.26953125 0.051546391752577324 0.27734375 0.06357388316151204 0.27734375 0.06529209621993128 0.27109375 0.07903780068728523 0.26953125 0.08827319587628867 0.271630859375 0.08762886597938145 0.2703125 0.09106529209621994 0.25546875 0.09793814432989692 0.25234375 0.09621993127147768 0.24765625 0.08419243986254296 0.24453125 0.061855670103092786 0.2453125 0.05498281786941581 0.24765625 0.061855670103092786 0.26640625 0.05670103092783506 0.26640625 0.05326460481099656 0.27109375 0.04639175257731959 0.265625 0.051546391752577324 0.26171875 0.0429553264604811 0.25625 0.029209621993127148 0.25625 0.025773195876288662 0.2671875 0.01718213058419244 0.26640625 0.015463917525773196 0.26171875 0.010309278350515465 0.2703125 0.015463917525773196 0.271875 0.00859106529209622 0.275 0.01202749140893471 0.2796875 0.02405498281786942 0.27734375
0 0.40034364261168387 0.23515625 0.3934707903780069 0.23828125 0.39518900343642616 0.24921875 0.40549828178694164 0.24921875 0.4123711340206186 0.25390625 0.4209621993127148 0.25 0.42439862542955326 0.25234375 0.42783505154639184 0.25 0.4312714776632303 0.2515625 0.43814432989690727 0.240625 0.4175257731958763 0.23203125 0.4020618556701031 0.23359375 0.3969072164948454 0.23046875 0.3934707903780069 0.23203125 0.40034364261168387 0.23515625
0 0.3384879725085911 0.246875 0.33676975945017185 0.2515625 0.34536082474226804 0.2515625 0.3436426116838488 0.246875 0.3539518900343643 0.24453125 0.3556701030927835 0.23125 0.34192439862542956 0.2265625 0.33333333333333337 0.22734375 0.3264604810996564 0.23203125 0.3298969072164949 0.24453125 0.3384879725085911 0.246875
0 0.27491408934707906 0.24140625 0.2800687285223368 0.2328125 0.2714776632302406 0.2296875 0.27491408934707906 0.22734375 0.27835051546391754 0.22890625 0.281786941580756 0.221875 0.2714776632302406 0.21953125 0.2508591065292097 0.22109375 0.2611683848797251 0.240625 0.27491408934707906 0.24140625
0 0.20446735395189006 0.2375 0.21305841924398625 0.22421875 0.20962199312714777 0.21953125 0.2061855670103093 0.221875 0.20274914089347082 0.21953125 0.18728522336769762 0.21953125 0.18556701030927836 0.228125 0.20446735395189006 0.2375
0 0.04921875 0.2203125 0.0015625 0.00078125
0 0.1288659793814433 0.2234375 0.12714776632302408 0.22734375 0.13402061855670105 0.21953125 0.11855670103092783 0.21875 0.11683848797250859 0.221875 0.1288659793814433 0.2234375
0 0.29296875 0.21875 0.0015625 0.00234375
0 0.0429553264604811 0.22734375 0.03951890034364262 0.21171875 0.03608247422680413 0.21328125 0.0429553264604811 0.22734375
0 0.16151202749140894 0.19921875 0.15807560137457047 0.2 0.1597938144329897 0.20625 0.16151202749140894 0.19921875
0 0.05390625 0.1640625 0.00546875 0.00078125
0 0.030927835051546393 0.325 0.044673539518900345 0.31875 0.061855670103092786 0.31875 0.06701030927835053 0.321875 0.08075601374570447 0.32265625 0.08762886597938145 0.32109375 0.10137457044673541 0.325 0.10824742268041239 0.31953125 0.11512027491408935 0.31953125 0.12199312714776633 0.32265625 0.1357388316151203 0.321875 0.1512027491408935 0.3265625 0.16838487972508592 0.3265625 0.18041237113402064 0.32265625 0.18728522336769762 0.32734375 0.20103092783505155 0.328125 0.19931271477663232 0.33046875 0.2061855670103093 0.33203125 0.21993127147766325 0.328125 0.24742268041237114 0.32734375 0.2680412371134021 0.334375 0.29381443298969073 0.33046875 0.31271477663230246 0.33203125 0.3247422680412372 0.3375 0.3350515463917526 0.33046875 0.3470790378006873 0.33359375 0.34192439862542956 0.33984375 0.34536082474226804 0.33671875 0.35223367697594504 0.33828125 0.36426116838487976 0.334375 0.39003436426116844 0.3390625 0.40034364261168387 0.33515625 0.4020618556701031 0.34140625 0.41408934707903783 0.34140625 0.42783505154639184 0.353125 0.4450171821305842 0.340625 0.4398625429553265 0.31484375 0.4484536082474227 0.2984375 0.4347079037800688 0.29296875 0.422680412371134 0.27265625 0.4175257731958763 0.2703125 0.40034364261168387 0.2703125 0.39518900343642616 0.2640625 0.3814432989690722 0.259375 0.359106529209622 0.26015625 0.34536082474226804 0.2671875 0.3384879725085911 0.26484375 0.3298969072164949 0.265625 0.31271477663230246 0.25703125 0.29037800687285226 0.25703125 0.27835051546391754 0.2625 0.26460481099656363 0.26171875 0.25429553264604815 0.2546875 0.2405498281786942 0.25078125 0.21477663230240554 0.25078125 0.20274914089347082 0.25703125 0.1907216494845361 0.25703125 0.17353951890034364 0.25078125 0.1443298969072165 0.25 0.12714776632302408 0.25625 0.10309278350515465 0.25390625 0.09278350515463918 0.246875 0.06529209621993128 0.2453125 0.05498281786941581 0.2484375 0.04982817869415808 0.2546875 0.04123711340206186 0.25234375 0.022336769759450172 0.25234375 0.0034364261168384883 0.27109375 0.0034364261168384883 0.3171875 0.030927835051546393 0.325
0 0.04123711340206186 0.6734375 0.03436426116838488 0.675 0.04639175257731959 0.68828125 0.06701030927835053 0.6875 0.07731958762886598 0.69296875 0.08419243986254296 0.6921875 0.09450171821305843 0.68515625 0.13230240549828182 0.6875 0.14776632302405499 0.6921875 0.15292096219931273 0.6921875 0.16494845360824745 0.68359375 0.1752577319587629 0.6859375 0.23711340206185566 0.6828125 0.26460481099656363 0.6890625 0.30068728522336774 0.68046875 0.3178694158075602 0.6859375 0.32817869415807566 0.6859375 0.3505154639175258 0.67734375 0.38487972508591073 0.6859375 0.3917525773195877 0.68515625 0.3969072164948454 0.6796875 0.41580756013745707 0.67890625 0.41924398625429554 0.675 0.41408934707903783 0.65390625 0.38316151202749144 0.65 0.211340206185567 0.65 0.20103092783505155 0.653125 0.1718213058419244 0.65234375 0.140893470790378 0.65703125 0.08762886597938145 0.65625 0.07731958762886598 0.66015625 0.03780068728522337 0.66484375 0.03264604810996564 0.66796875 0.04123711340206186 0.6734375
0 0.03264604810996564 0.709375 0.03264604810996564 0.7171875 0.0429553264604811 0.7171875 0.04982817869415808 0.7203125 0.0429553264604811 0.73359375 0.051546391752577324 0.740625 0.06013745704467355 0.7421875 0.08419243986254296 0.74375 0.10996563573883163 0.7390625 0.14261168384879724 0.740625 0.17010309278350516 0.7375 0.21305841924398625 0.73828125 0.22852233676975947 0.73515625 0.23539518900343642 0.72890625 0.24742268041237114 0.73359375 0.2714776632302406 0.7359375 0.3041237113402062 0.73203125 0.3539518900343643 0.73125 0.38316151202749144 0.73359375 0.41408934707903783 0.728125 0.4123711340206186 0.70625 0.41924398625429554 0.7015625 0.41924398625429554 0.6875 0.4175257731958763 0.67890625 0.41065292096219935 0.6765625 0.365979381443299 0.6796875 0.35223367697594504 0.6765625 0.3436426116838488 0.6796875 0.3195876288659794 0.6796875 0.31099656357388317 0.6828125 0.2972508591065292 0.67890625 0.281786941580756 0.68203125 0.27835051546391754 0.67890625 0.27491408934707906 0.68125 0.25429553264604815 0.68203125 0.22852233676975947 0.67734375 0.22508591065292097 0.68125 0.20103092783505155 0.68125 0.18556701030927836 0.684375 0.16151202749140894 0.67734375 0.14776632302405499 0.684375 0.11512027491408935 0.6859375 0.09106529209621994 0.6828125 0.07903780068728523 0.68515625 0.07388316151202749 0.6890625 0.06357388316151204 0.68671875 0.04123711340206186 0.6890625 0.0429553264604811 0.696875 0.03264604810996564 0.709375
0 0.103125 0.6578125 0.003125 0.00078125
0 0.0859106529209622 0.6609375 0.08247422680412372 0.6578125 0.08075601374570447 0.6625 0.0859106529209622 0.6609375
0 0.9072164948453609 0.58359375 0.9123711340206186 0.5828125 0.9106529209621994 0.5671875 0.9037800687285223 0.57109375 0.9072164948453609 0.58359375
0 0.993127147766323 0.56171875 0.9982817869415808 0.56015625 0.993127147766323 0.55546875 0.993127147766323 0.56171875
0 0.993127147766323 0.56640625 0.9982817869415808 0.5640625 0.993127147766323 0.56171875 0.993127147766323 0.56640625
0 0.84140625 0.528125 0.0015625 0.0046875
0 0.7731958762886599 0.5671875 0.7835051546391754 0.57109375 0.79553264604811 0.56796875 0.8075601374570448 0.56875 0.816151202749141 0.54296875 0.8264604810996564 0.53515625 0.8384879725085911 0.53828125 0.8367697594501718 0.54375 0.8436426116838488 0.546875 0.8367697594501718 0.5578125 0.8436426116838488 0.559375 0.8470790378006873 0.5640625 0.8556701030927837 0.56171875 0.8814432989690723 0.56171875 0.8900343642611684 0.57109375 0.9089347079037802 0.54609375 0.9192439862542956 0.5484375 0.9209621993127148 0.571875 0.9278350515463918 0.5703125 0.9381443298969072 0.57890625 0.9467353951890034 0.58046875 0.9329896907216495 0.58125 0.9243986254295533 0.59140625 0.9347079037800687 0.58671875 0.9415807560137457 0.58984375 0.9398625429553265 0.5921875 0.9484536082474226 0.5875 0.9536082474226806 0.59140625 0.9501718213058419 0.58828125 0.9587628865979383 0.57890625 0.957044673539519 0.566015625 0.9604810996563575 0.56328125 0.9621993127147768 0.56640625 0.9879725085910653 0.56484375 0.9810996563573884 0.56328125 0.9828178694158076 0.56015625 0.9879725085910653 0.5609375 0.9879725085910653 0.553125 0.9948453608247423 0.546875 0.9896907216494846 0.49921875 0.9948453608247423 0.49375 0.9948453608247423 0.48125 0.993127147766323 0.47578125 0.9793814432989691 0.4765625 0.970790378006873 0.46796875 0.9776632302405499 0.46328125 0.9845360824742269 0.4703125 0.993127147766323 0.46484375 0.993127147766323 0.459375 0.9879725085910653 0.45703125 0.9982817869415808 0.45234375 0.993127147766323 0.453125 0.9914089347079038 0.45 0.9982817869415808 0.447265625 0.9982817869415808 0.4421875 0.9914089347079038 0.4421875 0.9776632302405499 0.43671875 0.9621993127147768 0.44140625 0.9553264604810998 0.43828125 0.9347079037800687 0.43984375 0.9261168384879725 0.4359375 0.9072164948453609 0.4375 0.8986254295532646 0.434375 0.8969072164948454 0.4265625 0.8848797250859107 0.425 0.8814432989690723 0.43359375 0.8676975945017184 0.43671875 0.8556701030927837 0.43515625 0.8505154639175257 0.446875 0.8539518900343642 0.478125 0.8487972508591065 0.48125 0.8419243986254296 0.475 0.8384879725085911 0.47578125 0.8419243986254296 0.47734375 0.8367697594501718 0.47890625 0.8333333333333334 0.49296875 0.7646048109965636 0.48125 0.7594501718213059 0.48125 0.7542955326460482 0.4859375 0.7439862542955327 0.546875 0.7731958762886599 0.5671875
0 0 0.65703125 0.01718213058419244 0.6578125 0.029209621993127148 0.653125 0.0429553264604811 0.60546875 0.02405498281786942 0.60234375 0.015463917525773196 0.596875 0.006872852233676977 0.596875 0 0.6 0 0.65703125
0 0 0.775 0.030927835051546393 0.771875 0.03951890034364262 0.7515625 0.03436426116838488 0.7375 0.04639175257731959 0.7234375 0.02061855670103093 0.71015625 0 0.71171875 0 0.775
0 0.45625 0.2921875 0.0015625 0.00390625
0 0.7130584192439863 0.00859375 0.7199312714776632 0.0140625 0.7233676975945018 0.0109375 0.7164948453608248 0.0078125 0.7233676975945018 0.00390625 0.711340206185567 0.0078125 0.7061855670103093 0.00234375 0.7061855670103093 0.01015625 0.7130584192439863 0.00859375
0 0.3969072164948454 0.08125 0.4020618556701031 0.09921875 0.3934707903780069 0.10859375 0.39518900343642616 0.1328125 0.40034364261168387 0.13671875 0.4072164948453609 0.134375 0.4072164948453609 0.13984375 0.42439862542955326 0.1421875 0.43814432989690727 0.15078125 0.4587628865979382 0.15703125 0.4639175257731959 0.17421875 0.47079037800687284 0.178125 0.4604810996563574 0.209375 0.46735395189003437 0.21953125 0.46219931271477666 0.23515625 0.4690721649484536 0.2375 0.4690721649484536 0.2515625 0.46219931271477666 0.253125 0.46563573883161513 0.26171875 0.4587628865979382 0.2734375 0.4639175257731959 0.27890625 0.4587628865979382 0.2796875 0.46735395189003437 0.29296875 0.45704467353951894 0.3015625 0.4604810996563574 0.3109375 0.45017182130584193 0.3171875 0.4553264604810997 0.3234375 0.4518900343642612 0.33125 0.4604810996563574 0.33828125 0.443298969072165 0.36171875 0.45360824742268047 0.3640625 0.44673539518900346 0.39453125 0.45017182130584193 0.396875 0.4604810996563574 0.39609375 0.4604810996563574 0.3984375 0.45360824742268047 0.4046875 0.4553264604810997 0.4109375 0.4450171821305842 0.41484375 0.4553264604810997 0.41875 0.44158075601374575 0.421875 0.4398625429553265 0.42734375 0.4450171821305842 0.4390625 0.4398625429553265 0.446875 0.443298969072165 0.48046875 0.4347079037800688 0.4875 0.4398625429553265 0.48984375 0.44158075601374575 0.50390625 0.43642611683848803 0.51875 0.4553264604810997 0.525 0.4690721649484536 0.52421875 0.4725085910652921 0.5265625 0.4914089347079038 0.5234375 0.570446735395189 0.525 0.5807560137457045 0.521875 0.6013745704467355 0.52421875 0.6185567010309279 0.5296875 0.6185567010309279 0.52578125 0.6254295532646049 0.52265625 0.6374570446735396 0.52421875 0.6546391752577321 0.521875 0.6563573883161513 0.51328125 0.6512027491408936 0.51015625 0.6597938144329898 0.50859375 0.6546391752577321 0.503125 0.6546391752577321 0.5078125 0.6408934707903781 0.50625 0.6374570446735396 0.49921875 0.6374570446735396 0.4703125 0.6460481099656358 0.46484375 0.6546391752577321 0.43671875 0.6494845360824744 0.43203125 0.6529209621993128 0.4203125 0.6460481099656358 0.41484375 0.6632302405498283 0.3875 0.6580756013745706 0.37265625 0.6666666666666667 0.36640625 0.668384879725086 0.353125 0.668384879725086 0.33671875 0.6563573883161513 0.33359375 0.661512027491409 0.330859375 0.6546391752577321 0.328125 0.661512027491409 0.3265625 0.6563573883161513 0.32421875 0.6701030927835052 0.31171875 0.6752577319587629 0.28359375 0.6701030927835052 0.27421875 0.6752577319587629 0.2671875 0.668384879725086 0.26640625 0.668384879725086 0.26328125 0.6752577319587629 0.25859375 0.6821305841924399 0.259375 0.6890034364261168 0.1875 0.6975945017182131 0.17890625 0.6975945017182131 0.15 0.7079037800687286 0.1453125 0.7061855670103093 0.1015625 0.7147766323024055 0.09453125 0.7147766323024055 0.0703125 0.7233676975945018 0.06328125 0.7233676975945018 0.0328125 0.731958762886598 0.01875 0.7216494845360826 0.015625 0.7079037800687286 0.01640625 0.6958762886597938 0.0140625 0.6993127147766324 0 0.6237113402061857 0 0.6151202749140894 0.00390625 0.5945017182130584 0 0.5790378006872853 0 0.577319587628866 0.00234375 0.5481099656357389 0.0046875 0.5515463917525774 0.00859375 0.5463917525773196 0.00859375 0.5446735395189004 0.01328125 0.5395189003436427 0.01328125 0.5378006872852235 0.01875 0.5309278350515465 0.02109375 0.5189003436426117 0.01796875 0.5189003436426117 0.0140625 0.5120274914089348 0.01171875 0.5189003436426117 0.0078125 0.5068728522336771 0.00390625 0.4776632302405499 0.0046875 0.48797250859106533 0.0078125 0.4725085910652921 0.0140625 0.4604810996563574 0.0125 0.45360824742268047 0.00625 0.4347079037800688 0.00625 0.4261168384879725 0.009375 0.41408934707903783 0.0078125 0.4020618556701031 0.021875 0.4020618556701031 0.071875 0.3969072164948454 0.08125
0 0.005154639175257733 0.053125 0.005154639175257733 0.07265625 0 0.10390625 0.0017182130584192442 0.11953125 0.00859106529209622 0.12265625 0.005154639175257733 0.12734375 0.01202749140893471 0.1265625 0.013745704467353953 0.12109375 0.022336769759450172 0.12421875 0.03608247422680413 0.121875 0.04810996563573884 0.128125 0.05326460481099656 0.125 0.061855670103092786 0.128125 0.08075601374570447 0.1265625 0.08762886597938145 0.12890625 0.12542955326460484 0.12578125 0.13745704467353953 0.11640625 0.1443298969072165 0.115625 0.14776632302405499 0.1 0.14604810996563575 0.078125 0.140893470790378 0.071875 0.14948453608247422 0.0578125 0.14776632302405499 0.03125 0.1443298969072165 0.025 0.1357388316151203 0.02265625 0.1357388316151203 0.01875 0.14776632302405499 0.015625 0.14604810996563575 0.0046875 0.13230240549828182 0 0.11855670103092783 0 0.11340206185567012 0.003125 0.10481099656357389 0 0.08934707903780069 0.00546875 0.0859106529209622 0.01015625 0.07731958762886598 0.0046875 0.070446735395189 0.01015625 0.05670103092783506 0 0.04123711340206186 0.00859375 0.02405498281786942 0.003125 0.01202749140893471 0.003125 0.0034364261168384883 0.00625 0 0.04609375 0.005154639175257733 0.053125
0 0.7611683848797252 0.48125 0.8264604810996564 0.48984375 0.8436426116838488 0.4421875 0.8556701030927837 0.428125 0.8333333333333334 0.428125 0.8316151202749141 0.43203125 0.8195876288659795 0.434375 0.802405498281787 0.434375 0.79553264604811 0.43125 0.7817869415807561 0.434375 0.7783505154639176 0.43203125 0.7680412371134021 0.43203125 0.7577319587628867 0.46015625 0.7560137457044674 0.4765625 0.7611683848797252 0.48125
0 0.030927835051546393 0.4515625 0.025773195876288662 0.46328125 0.030927835051546393 0.46640625 0.04639175257731959 0.46171875 0.06013745704467355 0.46171875 0.06872852233676977 0.45390625 0.07560137457044674 0.453125 0.070446735395189 0.43984375 0.04982817869415808 0.440625 0.0429553264604811 0.4484375 0.03264604810996564 0.44140625 0.025773195876288662 0.44296875 0.030927835051546393 0.4515625
0 0.04123711340206186 0.4296875 0.03608247422680413 0.42421875 0.03436426116838488 0.428125 0.04123711340206186 0.4296875
0 0.0429553264604811 0.41796875 0.0429553264604811 0.421875 0.044673539518900345 0.4171875 0.030927835051546393 0.41953125 0.0429553264604811 0.41796875
0 0.029209621993127148 0.39609375 0.03608247422680413 0.39375 0.03951890034364262 0.4 0.05326460481099656 0.4 0.06013745704467355 0.39296875 0.07216494845360825 0.396875 0.06357388316151204 0.403125 0.06872852233676977 0.40703125 0.06701030927835053 0.41171875 0.06357388316151204 0.4125 0.06013745704467355 0.40859375 0.05326460481099656 0.4109375 0.04982817869415808 0.409375 0.05498281786941581 0.421875 0.06701030927835053 0.42734375 0.07216494845360825 0.4265625 0.07216494845360825 0.43203125 0.06701030927835053 0.43515625 0.055555555555555566 0.4338541666666667 0.06013745704467355 0.4359375 0.05670103092783506 0.4375 0.08075601374570447 0.43671875 0.08419243986254296 0.446875 0.07903780068728523 0.453125 0.08419243986254296 0.46328125 0.09965635738831616 0.4640625 0.09965635738831616 0.4609375 0.09278350515463918 0.46015625 0.09965635738831616 0.453125 0.11683848797250859 0.4609375 0.1288659793814433 0.4625 0.1443298969072165 0.45703125 0.1597938144329897 0.46328125 0.17010309278350516 0.45390625 0.18556701030927836 0.46171875 0.20962199312714777 0.4609375 0.21305841924398625 0.4640625 0.23367697594501718 0.4609375 0.24226804123711343 0.465625 0.2508591065292097 0.46640625 0.2525773195876289 0.46328125 0.2611683848797251 0.46171875 0.27835051546391754 0.46171875 0.28350515463917525 0.4640625 0.29553264604810997 0.46171875 0.30584192439862545 0.46484375 0.31615120274914094 0.46328125 0.3195876288659794 0.465625 0.3402061855670103 0.465625 0.34536082474226804 0.46875 0.34879725085910657 0.4671875 0.35223367697594504 0.47109375 0.3608247422680413 0.4703125 0.365979381443299 0.46484375 0.3762886597938145 0.47109375 0.39003436426116844 0.47109375 0.39518900343642616 0.46875 0.41065292096219935 0.4734375 0.4295532646048111 0.47265625 0.42439862542955326 0.459375 0.41408934707903783 0.453125 0.42783505154639184 0.44375 0.42783505154639184 0.4390625 0.4020618556701031 0.4140625 0.41408934707903783 0.40390625 0.4261168384879725 0.40390625 0.4312714776632303 0.4015625 0.4295532646048111 0.3859375 0.4347079037800688 0.3734375 0.4209621993127148 0.353125 0.4123711340206186 0.34765625 0.3934707903780069 0.3484375 0.38316151202749144 0.33828125 0.35738831615120276 0.33828125 0.34879725085910657 0.34765625 0.3350515463917526 0.34453125 0.3230240549828179 0.34453125 0.3178694158075602 0.34765625 0.31099656357388317 0.3359375 0.30068728522336774 0.33359375 0.288659793814433 0.3328125 0.27835051546391754 0.3390625 0.2714776632302406 0.340625 0.2611683848797251 0.3375 0.2508591065292097 0.34140625 0.24398625429553267 0.33125 0.2216494845360825 0.33125 0.2302405498281787 0.3359375 0.22680412371134023 0.33984375 0.21649484536082478 0.33828125 0.21305841924398625 0.340625 0.16151202749140894 0.328125 0.140893470790378 0.328125 0.1288659793814433 0.33671875 0.12199312714776633 0.3328125 0.10137457044673541 0.3328125 0.09278350515463918 0.3265625 0.08419243986254296 0.3296875 0.07388316151202749 0.3265625 0.06872852233676977 0.32890625 0.06357388316151204 0.32734375 0.061855670103092786 0.33125 0.029209621993127148 0.33203125 0.010309278350515465 0.35390625 0.01718213058419244 0.36640625 0.00859106529209622 0.37890625 0.00859106529209622 0.39296875 0.029209621993127148 0.39609375
0 0 0.7390625 0 0.77578125 0.03436426116838488 0.77578125 0.03780068728522337 0.77265625 0.03608247422680413 0.7453125 0.025773195876288662 0.7375 0.006872852233676977 0.74140625 0 0.7390625
0 0.005154639175257733 0.5953125 0.013745704467353953 0.59453125 0.02061855670103093 0.5890625 0.015463917525773196 0.571875 0.02061855670103093 0.54609375 0.01202749140893471 0.5421875 0.00859106529209622 0.53359375 0.02061855670103093 0.51640625 0.022336769759450172 0.48125 0.015463917525773196 0.4734375 0.0017182130584192442 0.475 0 0.5953125 0.005154639175257733 0.5953125
0 0.002840311382284873 0.4441485969387755 0.00859106529209622 0.4421875 0.0034364261168384883 0.440625 0.002840311382284873 0.4441485969387755
0 0 0.4609375 0.00859106529209622 0.45390625 0.00859106529209622 0.44609375 0.0027364133893343517 0.4447627314814815 0 0.4609375
0 0.15703125 0.60546875 0.0015625 0.0015625
0 0.35223367697594504 0.609375 0.365979381443299 0.60546875 0.3539518900343643 0.60234375 0.3470790378006873 0.60546875 0.35223367697594504 0.609375
0 0.18125 0.603125 0.0015625 0.00234375
0 0.23367697594501718 0.6078125 0.23539518900343642 0.60234375 0.2216494845360825 0.60234375 0.21993127147766325 0.60625 0.23367697594501718 0.6078125
0 0.17010309278350516 0.60703125 0.1718213058419244 0.60234375 0.16494845360824745 0.60078125 0.1632302405498282 0.60546875 0.17010309278350516 0.60703125
0 0.030927835051546393 0.59921875 0.051546391752577324 0.6 0.06013745704467355 0.603125 0.07731958762886598 0.60078125 0.08934707903780069 0.59609375 0.12199312714776633 0.59375 0.1443298969072165 0.59921875 0.16151202749140894 0.5953125 0.22680412371134023 0.596875 0.23367697594501718 0.59296875 0.25429553264604815 0.59609375 0.2611683848797251 0.59375 0.27491408934707906 0.596875 0.27835051546391754 0.59453125 0.29896907216494845 0.59296875 0.31099656357388317 0.59765625 0.3178694158075602 0.59375 0.3402061855670103 0.59765625 0.37972508591065296 0.59453125 0.3969072164948454 0.59921875 0.42439862542955326 0.59375 0.42439862542955326 0.553125 0.41408934707903783 0.540625 0.3917525773195877 0.53125 0.3762886597938145 0.53671875 0.3505154639175258 0.5359375 0.3402061855670103 0.53203125 0.3195876288659794 0.53046875 0.31271477663230246 0.53046875 0.30584192439862545 0.534375 0.2680412371134021 0.53515625 0.20962199312714777 0.5328125 0.14261168384879724 0.53359375 0.13402061855670105 0.53046875 0.11512027491408935 0.53515625 0.10481099656357389 0.5328125 0.08762886597938145 0.534375 0.06701030927835053 0.53203125 0.06529209621993128 0.5375 0.04639175257731959 0.5421875 0.027491408934707907 0.56328125 0.02405498281786942 0.59609375 0.030927835051546393 0.59921875
0 0.010309278350515465 0.21015625 0.02405498281786942 0.2109375 0.03951890034364262 0.20625 0.05326460481099656 0.2078125 0.06701030927835053 0.21328125 0.07903780068728523 0.209375 0.09278350515463918 0.21171875 0.1202749140893471 0.209375 0.13230240549828182 0.21015625 0.16494845360824745 0.21953125 0.1752577319587629 0.2171875 0.17869415807560138 0.2125 0.2061855670103093 0.2140625 0.21993127147766325 0.21953125 0.23367697594501718 0.2203125 0.24742268041237114 0.2203125 0.2577319587628866 0.215625 0.2680412371134021 0.21484375 0.2852233676975945 0.21953125 0.29381443298969073 0.225 0.3247422680412372 0.2234375 0.3350515463917526 0.2203125 0.38316151202749144 0.23046875 0.4209621993127148 0.23046875 0.42783505154639184 0.225 0.43642611683848803 0.22734375 0.4450171821305842 0.22421875 0.4553264604810997 0.228125 0.45017182130584193 0.22578125 0.4553264604810997 0.2234375 0.45017182130584193 0.21953125 0.4518900343642612 0.21171875 0.4398625429553265 0.2078125 0.4312714776632303 0.19296875 0.4072164948453609 0.19140625 0.40034364261168387 0.1859375 0.3883161512027492 0.1828125 0.372852233676976 0.18203125 0.3556701030927835 0.1859375 0.33676975945017185 0.184375 0.3195876288659794 0.17578125 0.30068728522336774 0.17421875 0.288659793814433 0.17421875 0.2766323024054983 0.17890625 0.2628865979381444 0.17890625 0.24742268041237114 0.17109375 0.22680412371134023 0.16796875 0.20962199312714777 0.17109375 0.20274914089347082 0.17578125 0.1752577319587629 0.17265625 0.1512027491408935 0.165625 0.1357388316151203 0.165625 0.11855670103092783 0.17265625 0.0859106529209622 0.16328125 0.06357388316151204 0.16015625 0.04810996563573884 0.1625 0.03951890034364262 0.16796875 0.00859106529209622 0.165625 0.0017182130584192442 0.16953125 0 0.20625 0.010309278350515465 0.21015625
0 0.9518900343642611 0.50859375 0.9450171821305842 0.5078125 0.9432989690721649 0.5125 0.9518900343642611 0.50859375
0 0.970790378006873 0.475 0.9793814432989691 0.47265625 0.9879725085910653 0.48046875 0.9948453608247423 0.47421875 0.993127147766323 0.46328125 0.963917525773196 0.4609375 0.9536082474226806 0.4671875 0.970790378006873 0.475
0 0.8556701030927837 0.44765625 0.9175257731958764 0.45078125 0.9347079037800687 0.45625 0.9398625429553265 0.45234375 0.9467353951890034 0.45234375 0.9604810996563575 0.45859375 0.9982817869415808 0.45234375 0.9982817869415808 0.4234375 0.9914089347079038 0.4203125 0.9518900343642611 0.42265625 0.9381443298969072 0.41953125 0.9243986254295533 0.42421875 0.8728522336769761 0.42265625 0.8608247422680414 0.42734375 0.852233676975945 0.44140625 0.8556701030927837 0.44765625
0 0.9982817869415808 0.41484375 0.9896907216494846 0.41328125 0.9862542955326461 0.4140625 0.9982817869415808 0.41484375
0 0 0.659375 0.013745704467353953 0.6609375 0.02405498281786942 0.6578125 0.029209621993127148 0.6515625 0.0429553264604811 0.60546875 0.02405498281786942 0.60234375 0.015463917525773196 0.59765625 0.005154639175257733 0.59765625 0 0.6 0 0.659375
0 0.06013745704467355 0.7203125 0.04982817869415808 0.72578125 0.04639175257731959 0.7328125 0.05326460481099656 0.740625 0.06357388316151204 0.7421875 0.0859106529209622 0.7421875 0.11168384879725086 0.7375 0.14604810996563575 0.740625 0.18213058419243988 0.73515625 0.21305841924398625 0.73828125 0.2302405498281787 0.73359375 0.23367697594501718 0.7265625 0.24742268041237114 0.73203125 0.2680412371134021 0.73515625 0.302405498281787 0.73125 0.32817869415807566 0.7328125 0.3436426116838488 0.73046875 0.38316151202749144 0.73359375 0.41408934707903783 0.72734375 0.41065292096219935 0.70625 0.41924398625429554 0.7 0.4175257731958763 0.6703125 0.4089347079037801 0.66484375 0.41408934707903783 0.66171875 0.40034364261168387 0.66171875 0.3969072164948454 0.6546875 0.3917525773195877 0.6578125 0.37972508591065296 0.6578125 0.37457044673539525 0.65390625 0.3539518900343643 0.65078125 0.33333333333333337 0.65625 0.3264604810996564 0.653125 0.31099656357388317 0.65859375 0.30584192439862545 0.6578125 0.30584192439862545 0.65390625 0.2920962199312715 0.65 0.2731958762886598 0.65 0.26632302405498287 0.65390625 0.2508591065292097 0.6515625 0.20962199312714777 0.65390625 0.20274914089347082 0.64921875 0.17869415807560138 0.65859375 0.17697594501718214 0.65390625 0.15292096219931273 0.65390625 0.15292096219931273 0.65078125 0.14261168384879724 0.66015625 0.1357388316151203 0.653125 0.12714776632302408 0.65625 0.08419243986254296 0.65625 0.07731958762886598 0.659375 0.07388316151202749 0.6578125 0.06872852233676977 0.6625 0.06013745704467355 0.66171875 0.05670103092783506 0.66640625 0.051546391752577324 0.66484375 0.03951890034364262 0.6828125 0.03264604810996564 0.715625 0.06013745704467355 0.7203125
0 0.0109375 0.54375 0.0015625 0.00078125
0 0.018900343642611686 0.49453125 0.03780068728522337 0.5015625 0.09106529209621994 0.49921875 0.09793814432989692 0.503125 0.11512027491408935 0.50078125 0.16666666666666669 0.503125 0.23195876288659795 0.5015625 0.23883161512027495 0.50390625 0.2611683848797251 0.50234375 0.2920962199312715 0.50546875 0.33333333333333337 0.503125 0.3694158075601375 0.50703125 0.3780068728522337 0.5109375 0.37972508591065296 0.51875 0.372852233676976 0.5234375 0.38316151202749144 0.52734375 0.4037800687285224 0.52578125 0.40549828178694164 0.51015625 0.4209621993127148 0.50859375 0.4261168384879725 0.503125 0.42439862542955326 0.49453125 0.4072164948453609 0.478125 0.3969072164948454 0.475 0.39003436426116844 0.47578125 0.38659793814432997 0.47265625 0.34879725085910657 0.4734375 0.3298969072164949 0.478125 0.31099656357388317 0.471875 0.28350515463917525 0.4703125 0.26460481099656363 0.47265625 0.24742268041237114 0.46953125 0.22508591065292097 0.46953125 0.19931271477663232 0.4734375 0.18556701030927836 0.46953125 0.1512027491408935 0.46875 0.1202749140893471 0.475 0.10824742268041239 0.46953125 0.08934707903780069 0.46875 0.07216494845360825 0.46953125 0.06357388316151204 0.47734375 0.0429553264604811 0.4765625 0.03780068728522337 0.47890625 0.027491408934707907 0.49140625 0.018900343642611686 0.49453125
0 0.07731958762886598 0.6203125 0.08762886597938145 0.62578125 0.09106529209621994 0.6234375 0.0859106529209622 0.621875 0.09106529209621994 0.61953125 0.07903780068728523 0.615625 0.08419243986254296 0.62109375 0.07731958762886598 0.6203125
0 0.02405498281786942 0.65078125 0.025773195876288662 0.65546875 0.03780068728522337 0.65859375 0.06357388316151204 0.66015625 0.07388316151202749 0.65703125 0.08075601374570447 0.65859375 0.10481099656357389 0.6546875 0.13402061855670105 0.6578125 0.1512027491408935 0.65625 0.16666666666666669 0.6515625 0.19931271477663232 0.65390625 0.2061855670103093 0.65078125 0.2560137457044674 0.65078125 0.2680412371134021 0.653125 0.27491408934707906 0.6484375 0.32130584192439865 0.65234375 0.33333333333333337 0.65 0.4175257731958763 0.6515625 0.422680412371134 0.6484375 0.4209621993127148 0.61640625 0.41065292096219935 0.60625 0.3969072164948454 0.6078125 0.39003436426116844 0.61328125 0.38487972508591073 0.61171875 0.36426116838487976 0.6203125 0.3539518900343643 0.61875 0.34879725085910657 0.62421875 0.302405498281787 0.6234375 0.2920962199312715 0.61953125 0.2852233676975945 0.6234375 0.27491408934707906 0.621875 0.2714776632302406 0.61796875 0.26460481099656363 0.6234375 0.2577319587628866 0.621875 0.2457044673539519 0.625 0.23539518900343642 0.62265625 0.22336769759450173 0.6265625 0.20962199312714777 0.62578125 0.20446735395189006 0.6296875 0.19243986254295536 0.63046875 0.17697594501718214 0.62734375 0.17353951890034364 0.62265625 0.14604810996563575 0.6140625 0.15463917525773196 0.61796875 0.14604810996563575 0.61796875 0.15463917525773196 0.62265625 0.14948453608247422 0.6265625 0.140893470790378 0.62578125 0.13230240549828182 0.62890625 0.08075601374570447 0.628125 0.07731958762886598 0.63203125 0.08419243986254296 0.6328125 0.07388316151202749 0.63828125 0.061855670103092786 0.634375 0.06529209621993128 0.62421875 0.06013745704467355 0.6203125 0.06701030927835053 0.61640625 0.05670103092783506 0.6109375 0.04810996563573884 0.61015625 0.03780068728522337 0.61796875 0.03780068728522337 0.6296875 0.02405498281786942 0.65078125
0 0.13671875 0.7890625 0.00546875 0.00078125
0 0.265625 0.78125 0.0015625 0.00078125
0 0.05670103092783506 0.78359375 0.06013745704467355 0.78203125 0.05670103092783506 0.7796875 0.05670103092783506 0.78359375
0 0.13671875 0.7203125 0.00546875 0.00078125
0 0.2525773195876289 0.71640625 0.24914089347079038 0.71484375 0.24742268041237114 0.71953125 0.2525773195876289 0.71640625
0 0.1953125 0.7140625 0.0015625 0.00234375
0 0.10481099656357389 0.72421875 0.10309278350515465 0.71796875 0.11340206185567012 0.71328125 0.10996563573883163 0.7125 0.10481099656357389 0.71640625 0.09793814432989692 0.71328125 0.09621993127147768 0.7171875 0.10481099656357389 0.72421875
0 0.24140625 0.7125 0.0015625 0.0015625
0 0.1597938144329897 0.71484375 0.17010309278350516 0.71875 0.17697594501718214 0.71640625 0.18900343642611686 0.72109375 0.18900343642611686 0.709375 0.16666666666666669 0.70859375 0.15292096219931273 0.71171875 0.15292096219931273 0.715625 0.1597938144329897 0.71484375
0 0.21649484536082478 0.71171875 0.2302405498281787 0.71015625 0.22336769759450173 0.70703125 0.21649484536082478 0.70703125 0.21649484536082478 0.71171875
0 0.044673539518900345 0.7703125 0.06529209621993128 0.77109375 0.07731958762886598 0.778125 0.08934707903780069 0.77421875 0.11168384879725086 0.78359375 0.12371134020618557 0.78125 0.1357388316151203 0.77265625 0.15292096219931273 0.77265625 0.16838487972508592 0.77890625 0.1597938144329897 0.7859375 0.16494845360824745 0.7890625 0.18213058419243988 0.7859375 0.18213058419243988 0.7796875 0.20446735395189006 0.76953125 0.211340206185567 0.77265625 0.2061855670103093 0.775 0.20962199312714777 0.7796875 0.21993127147766325 0.7734375 0.22680412371134023 0.7765625 0.2405498281786942 0.77734375 0.2508591065292097 0.775 0.26460481099656363 0.778125 0.2766323024054983 0.7734375 0.27835051546391754 0.78046875 0.29037800687285226 0.77421875 0.302405498281787 0.7765625 0.30927835051546393 0.77421875 0.3178694158075602 0.778125 0.3247422680412372 0.7765625 0.32817869415807566 0.77890625 0.3436426116838488 0.77890625 0.3505154639175258 0.77421875 0.35738831615120276 0.77578125 0.3625429553264605 0.7703125 0.3694158075601375 0.775 0.372852233676976 0.77109375 0.39862542955326463 0.7765625 0.4089347079037801 0.775 0.4037800687285224 0.7578125 0.41065292096219935 0.75703125 0.41580756013745707 0.75078125 0.41580756013745707 0.7359375 0.41408934707903783 0.715625 0.4072164948453609 0.7078125 0.38659793814432997 0.70859375 0.38316151202749144 0.70625 0.372852233676976 0.70625 0.3694158075601375 0.70859375 0.3625429553264605 0.70625 0.359106529209622 0.709375 0.35223367697594504 0.70625 0.34192439862542956 0.70625 0.3402061855670103 0.709375 0.34879725085910657 0.7140625 0.3711340206185567 0.71015625 0.3711340206185567 0.71640625 0.3814432989690722 0.72578125 0.365979381443299 0.7296875 0.3556701030927835 0.728125 0.3298969072164949 0.73125 0.3178694158075602 0.72734375 0.3075601374570447 0.73125 0.29037800687285226 0.73046875 0.29381443298969073 0.725 0.2869415807560137 0.7234375 0.2869415807560137 0.73203125 0.27491408934707906 0.73359375 0.26460481099656363 0.728125 0.2611683848797251 0.7296875 0.2560137457044674 0.72734375 0.23367697594501718 0.7265625 0.22336769759450173 0.72265625 0.21649484536082478 0.71484375 0.20962199312714777 0.71484375 0.2061855670103093 0.71015625 0.20446735395189006 0.7203125 0.211340206185567 0.72265625 0.20103092783505155 0.728125 0.20274914089347082 0.73125 0.18728522336769762 0.73203125 0.18728522336769762 0.725 0.16151202749140894 0.725 0.1597938144329897 0.728125 0.16838487972508592 0.734375 0.15635738831615123 0.7390625 0.14776632302405499 0.7375 0.14776632302405499 0.73359375 0.13917525773195877 0.7390625 0.11855670103092783 0.73828125 0.11683848797250859 0.73125 0.10137457044673541 0.728125 0.08762886597938145 0.71875 0.058419243986254296 0.71953125 0.04123711340206186 0.7328125 0.03951890034364262 0.76796875 0.044673539518900345 0.7703125
0 0.281786941580756 0.72109375 0.2800687285223368 0.71484375 0.2869415807560137 0.71328125 0.2869415807560137 0.70625 0.26975945017182135 0.70625 0.2577319587628866 0.7109375 0.25945017182130586 0.715625 0.281786941580756 0.72109375
0 0.8230240549828179 0.4421875 0.8178694158075602 0.44140625 0.8213058419243987 0.44609375 0.8230240549828179 0.4421875
0 0.7680412371134021 0.4875 0.8264604810996564 0.49453125 0.8384879725085911 0.46640625 0.8316151202749141 0.4609375 0.8402061855670103 0.45859375 0.8470790378006873 0.43671875 0.8419243986254296 0.4359375 0.8298969072164949 0.44140625 0.8316151202749141 0.45390625 0.8247422680412372 0.45703125 0.8281786941580757 0.459375 0.8058419243986255 0.46015625 0.79553264604811 0.46328125 0.7800687285223369 0.45625 0.7749140893470792 0.4609375 0.7611683848797252 0.4625 0.7611683848797252 0.484375 0.7680412371134021 0.4875
0 0.85390625 0.43125 0.003125 0.00078125
0 0.00859106529209622 0.46484375 0.051546391752577324 0.47265625 0.06701030927835053 0.4671875 0.11683848797250859 0.46796875 0.12714776632302408 0.465625 0.13230240549828182 0.46796875 0.13402061855670105 0.4640625 0.14261168384879724 0.4625 0.1512027491408935 0.4671875 0.18900343642611686 0.46875 0.2457044673539519 0.46796875 0.2714776632302406 0.4703125 0.27835051546391754 0.4671875 0.302405498281787 0.4703125 0.3350515463917526 0.46875 0.34536082474226804 0.471875 0.37457044673539525 0.4734375 0.3934707903780069 0.46875 0.41065292096219935 0.47421875 0.4312714776632303 0.4734375 0.42783505154639184 0.44609375 0.43298969072164956 0.4390625 0.4209621993127148 0.43359375 0.41065292096219935 0.4171875 0.3917525773195877 0.4171875 0.3762886597938145 0.4078125 0.3608247422680413 0.41015625 0.35738831615120276 0.4078125 0.34536082474226804 0.415625 0.3402061855670103 0.415625 0.3230240549828179 0.4140625 0.30927835051546393 0.40390625 0.27835051546391754 0.40390625 0.27491408934707906 0.40859375 0.26460481099656363 0.41015625 0.24742268041237114 0.40390625 0.20446735395189006 0.40390625 0.19931271477663232 0.4078125 0.18900343642611686 0.40859375 0.15635738831615123 0.4015625 0.1512027491408935 0.40625 0.14261168384879724 0.40625 0.14604810996563575 0.40234375 0.1288659793814433 0.409375 0.11168384879725086 0.4078125 0.09965635738831616 0.4 0.07216494845360825 0.4 0.05670103092783506 0.4078125 0.03264604810996564 0.4078125 0.015463917525773196 0.4296875 0.01718213058419244 0.44375 0.00859106529209622 0.46484375
0 0.030927835051546393 0.25 0.04982817869415808 0.2515625 0.061855670103092786 0.24609375 0.07903780068728523 0.24453125 0.10309278350515465 0.25234375 0.11683848797250859 0.25390625 0.1288659793814433 0.2546875 0.14604810996563575 0.24921875 0.1597938144329897 0.2484375 0.19931271477663232 0.25546875 0.20790378006872853 0.2515625 0.22680412371134023 0.24921875 0.24742268041237114 0.25078125 0.2628865979381444 0.25859375 0.27835051546391754 0.26015625 0.29896907216494845 0.25234375 0.30927835051546393 0.25703125 0.31615120274914094 0.25546875 0.3298969072164949 0.2625 0.3436426116838488 0.26328125 0.36769759450171824 0.25625 0.39003436426116844 0.25703125 0.4020618556701031 0.26953125 0.43814432989690727 0.26796875 0.4518900343642612 0.26171875 0.4484536082474227 0.23515625 0.44158075601374575 0.23359375 0.45017182130584193 0.23046875 0.4518900343642612 0.22421875 0.4312714776632303 0.2265625 0.4312714776632303 0.2328125 0.4020618556701031 0.23046875 0.38487972508591073 0.2328125 0.36769759450171824 0.23125 0.359106529209622 0.225 0.3350515463917526 0.221875 0.3195876288659794 0.22265625 0.31615120274914094 0.2203125 0.3075601374570447 0.225 0.29553264604810997 0.2265625 0.29037800687285226 0.221875 0.2731958762886598 0.21796875 0.24742268041237114 0.21875 0.23195876288659795 0.221875 0.20790378006872853 0.215625 0.18728522336769762 0.2140625 0.16666666666666669 0.2203125 0.14776632302405499 0.21796875 0.13917525773195877 0.2125 0.12542955326460484 0.2109375 0.10652920962199312 0.21171875 0.09793814432989692 0.215625 0.08419243986254296 0.2140625 0.08075601374570447 0.2109375 0.070446735395189 0.2140625 0.044673539518900345 0.2078125 0.029209621993127148 0.209375 0.018900343642611686 0.2140625 0.0034364261168384883 0.21171875 0 0.23828125 0.030927835051546393 0.25
0 0.23367697594501718 0.7171875 0.22852233676975947 0.71484375 0.22680412371134023 0.71640625 0.23367697594501718 0.7171875
0 0.23367697594501718 0.71015625 0.2302405498281787 0.70703125 0.21821305841924402 0.70625 0.21649484536082478 0.71171875 0.23367697594501718 0.71015625
0 0.03951890034364262 0.76875 0.05326460481099656 0.7734375 0.04639175257731959 0.79375 0.18041237113402064 0.78984375 0.20274914089347082 0.7859375 0.40549828178694164 0.77734375 0.4123711340206186 0.77421875 0.41408934707903783 0.71640625 0.41065292096219935 0.70859375 0.4037800687285224 0.70703125 0.3436426116838488 0.70546875 0.3384879725085911 0.71015625 0.3298969072164949 0.71171875 0.3264604810996564 0.709375 0.30927835051546393 0.709375 0.29037800687285226 0.70546875 0.2611683848797251 0.70546875 0.23883161512027495 0.71015625 0.2457044673539519 0.7171875 0.2405498281786942 0.7234375 0.2216494845360825 0.7203125 0.20962199312714777 0.70859375 0.19243986254295536 0.71015625 0.16838487972508592 0.7078125 0.1288659793814433 0.7171875 0.11683848797250859 0.7125 0.10309278350515465 0.71171875 0.08247422680412372 0.71796875 0.05498281786941581 0.71875 0.0429553264604811 0.7296875 0.03264604810996564 0.74609375 0.03951890034364262 0.76875
0 0.2609375 0.69921875 0.003125 0.0015625
0 0.027491408934707907 0.7046875 0.00859106529209622 0.7109375 0 0.7109375 0 0.775 0.029209621993127148 0.7734375 0.03608247422680413 0.7671875 0.03951890034364262 0.74921875 0.03436426116838488 0.740625 0.044673539518900345 0.72265625 0.029209621993127148 0.7140625 0.027491408934707907 0.709375 0.0429553264604811 0.69140625 0.03608247422680413 0.68671875 0.025773195876288662 0.6890625 0.030927835051546393 0.69609375 0.027491408934707907 0.7046875
0 0.39609375 0.7453125 0.0015625 0.00390625
0 0.38659793814432997 0.74296875 0.3883161512027492 0.73984375 0.38316151202749144 0.73984375 0.3814432989690722 0.7421875 0.38659793814432997 0.74296875
0 0.03436426116838488 0.7140625 0.04810996563573884 0.71953125 0.0429553264604811 0.73671875 0.05326460481099656 0.74296875 0.09621993127147768 0.7453125 0.10824742268041239 0.740625 0.1288659793814433 0.740625 0.14776632302405499 0.74453125 0.15463917525773196 0.73984375 0.17697594501718214 0.73828125 0.21649484536082478 0.73984375 0.23711340206185566 0.7328125 0.25945017182130586 0.73671875 0.3144329896907217 0.7328125 0.33676975945017185 0.7359375 0.34192439862542956 0.74609375 0.359106529209622 0.74765625 0.3625429553264605 0.7453125 0.3694158075601375 0.75 0.38316151202749144 0.7515625 0.3883161512027492 0.746875 0.37457044673539525 0.74609375 0.372852233676976 0.7375 0.39003436426116844 0.7359375 0.3917525773195877 0.7328125 0.40034364261168387 0.73046875 0.41065292096219935 0.73125 0.41408934707903783 0.728125 0.41408934707903783 0.65859375 0.41065292096219935 0.65390625 0.39003436426116844 0.653125 0.37972508591065296 0.6484375 0.372852233676976 0.6515625 0.34879725085910657 0.65 0.33676975945017185 0.65234375 0.3264604810996564 0.64375 0.31271477663230246 0.65390625 0.29896907216494845 0.64921875 0.2714776632302406 0.6484375 0.2611683848797251 0.65234375 0.24398625429553267 0.6484375 0.23711340206185566 0.6515625 0.2216494845360825 0.65234375 0.21305841924398625 0.6484375 0.20962199312714777 0.65234375 0.20274914089347082 0.64921875 0.18556701030927836 0.65390625 0.15292096219931273 0.65078125 0.14948453608247422 0.65546875 0.14604810996563575 0.65234375 0.13230240549828182 0.6515625 0.11512027491408935 0.65625 0.07388316151202749 0.65625 0.06701030927835053 0.6625 0.06013745704467355 0.6578125 0.058419243986254296 0.6640625 0.051546391752577324 0.66484375 0.044673539518900345 0.68203125 0.044673539518900345 0.69609375 0.03436426116838488 0.7140625
0 0 0.1609375 0.0429553264604811 0.16796875 0.04810996563573884 0.16640625 0.04639175257731959 0.178125 0.06013745704467355 0.18984375 0.07388316151202749 0.1890625 0.07216494845360825 0.184375 0.07731958762886598 0.1859375 0.08762886597938145 0.175 0.08247422680412372 0.1703125 0.09621993127147768 0.16796875 0.1202749140893471 0.171875 0.13745704467353953 0.19296875 0.14604810996563575 0.196875 0.1597938144329897 0.1953125 0.1718213058419244 0.1765625 0.18213058419243988 0.1734375 0.20274914089347082 0.17734375 0.211340206185567 0.19296875 0.22680412371134023 0.2 0.23711340206185566 0.1984375 0.2577319587628866 0.17890625 0.27491408934707906 0.17890625 0.281786941580756 0.18203125 0.288659793814433 0.19375 0.30584192439862545 0.20234375 0.30927835051546393 0.19765625 0.3178694158075602 0.19921875 0.3144329896907217 0.19375 0.32130584192439865 0.190625 0.32130584192439865 0.18671875 0.3264604810996564 0.18828125 0.3539518900343643 0.1859375 0.3608247422680413 0.1890625 0.36426116838487976 0.20078125 0.37457044673539525 0.209375 0.39003436426116844 0.209375 0.4037800687285224 0.19296875 0.4261168384879725 0.19140625 0.43298969072164956 0.1953125 0.443298969072165 0.2125 0.45360824742268047 0.2125 0.46219931271477666 0.18828125 0.45360824742268047 0.1609375 0.422680412371134 0.14921875 0.40549828178694164 0.1484375 0.3934707903780069 0.153125 0.372852233676976 0.15234375 0.3539518900343643 0.1453125 0.3402061855670103 0.14453125 0.3195876288659794 0.1484375 0.29553264604810997 0.14609375 0.2714776632302406 0.1390625 0.25945017182130586 0.140625 0.24742268041237114 0.14609375 0.23711340206185566 0.140625 0.21821305841924402 0.13984375 0.19587628865979384 0.13359375 0.18384879725085912 0.13359375 0.16666666666666669 0.13828125 0.12371134020618557 0.1296875 0.10652920962199312 0.13046875 0.08762886597938145 0.1375 0.07903780068728523 0.13203125 0.06013745704467355 0.13125 0.0429553264604811 0.125 0.015463917525773196 0.1265625 0 0.1328125 0 0.1609375