0 0.12250000000000001 0.764375 0.12250000000000001 0.775625 0.11833333333333333 0.784375 0.1325 0.789375 0.1325 0.79625 0.125 0.806875 0.125 0.8106250000000002 0.13 0.8125 0.1325 0.8162499999999999 0.12916666666666668 0.835 0.14666666666666667 0.8387500000000001 0.16916666666666666 0.836875 0.18166666666666667 0.8393750000000001 0.19583333333333333 0.8356250000000001 0.22166666666666668 0.8356250000000001 0.2633333333333333 0.836875 0.28500000000000003 0.8418750000000002 0.2966666666666667 0.8400000000000001 0.31416666666666665 0.8425 0.3383333333333333 0.8418750000000002 0.3416666666666667 0.8300000000000001 0.3383333333333333 0.8175000000000001 0.33999999999999997 0.8012500000000001 0.335 0.790625 0.3358333333333333 0.749375 0.33416666666666667 0.745 0.3283333333333333 0.7418750000000001 0.31666666666666665 0.7412500000000001 0.2966666666666667 0.7350000000000001 0.2891666666666667 0.7350000000000001 0.28250000000000003 0.7375 0.2475 0.7350000000000001 0.2375 0.7300000000000001 0.21083333333333334 0.73375 0.19916666666666666 0.731875 0.17083333333333334 0.7325 0.16083333333333333 0.7300000000000001 0.13 0.7368750000000001 0.11666666666666667 0.7550000000000001 0.11583333333333332 0.760625 0.12250000000000001 0.764375
0 0.8141666666666666 0.319375 0.825 0.338125 0.8275 0.34750000000000003 0.825 0.358125 0.8266666666666665 0.38125 0.8175000000000001 0.39187500000000003 0.8166666666666667 0.43187500000000006 0.8208333333333334 0.44750000000000006 0.8241666666666667 0.45 0.8558333333333333 0.449375 0.8625 0.45125000000000004 0.8691666666666666 0.45125000000000004 0.875 0.44875 0.9075 0.45187499999999997 0.9258333333333333 0.45 0.9383333333333332 0.45437500000000003 0.9458333333333334 0.45375000000000004 0.9525 0.45 0.9591666666666667 0.42562500000000003 0.9591666666666667 0.41375 0.9558333333333333 0.405625 0.9641666666666666 0.39125 0.9633333333333333 0.3625 0.96 0.350625 0.9616666666666667 0.34625000000000006 0.97 0.34187500000000004 0.9716666666666667 0.333125 0.9716666666666667 0.3275 0.9666666666666666 0.3175 0.96 0.32062500000000005 0.9316666666666666 0.319375 0.925 0.316875 0.9083333333333334 0.319375 0.8825 0.31812500000000005 0.8766666666666666 0.32 0.8691666666666666 0.315625 0.8558333333333333 0.314375 0.8375 0.315625 0.8291666666666666 0.31375000000000003 0.8116666666666668 0.315625 0.8108333333333333 0.3175 0.8141666666666666 0.319375
0 0.3358333333333333 0.62625 0.36583333333333334 0.62375 0.4758333333333333 0.623125 0.49333333333333335 0.6256250000000001 0.5191666666666667 0.625 0.5441666666666667 0.628125 0.5566666666666666 0.6268750000000001 0.5591666666666667 0.62375 0.5575 0.578125 0.5533333333333333 0.5737500000000001 0.5466666666666666 0.573125 0.5425 0.5693750000000001 0.5308333333333334 0.56625 0.5058333333333334 0.566875 0.46749999999999997 0.5643750000000001 0.44749999999999995 0.565625 0.42833333333333334 0.5650000000000001 0.425 0.5631250000000001 0.3975 0.5675000000000001 0.39 0.56375 0.38333333333333336 0.56625 0.37583333333333335 0.5650000000000001 0.35083333333333333 0.5675000000000001 0.3441666666666666 0.57125 0.335 0.5956250000000001 0.33166666666666667 0.6206250000000001 0.3358333333333333 0.62625
0 0.5708333333333333 0.6825 0.5958333333333333 0.6837500000000001 0.605 0.68125 0.615 0.6831250000000001 0.6825 0.681875 0.7283333333333333 0.684375 0.735 0.68625 0.7541666666666667 0.685625 0.775 0.68875 0.7866666666666666 0.6875 0.7908333333333333 0.6825 0.7891666666666667 0.6737500000000001 0.795 0.6581250000000001 0.7891666666666667 0.640625 0.7849999999999999 0.6362500000000001 0.7683333333333333 0.629375 0.7333333333333333 0.629375 0.7066666666666667 0.624375 0.6983333333333334 0.62625 0.605 0.6256250000000001 0.5958333333333333 0.628125 0.5733333333333334 0.62875 0.5675 0.6318750000000001 0.5666666666666667 0.6787500000000001 0.5708333333333333 0.6825
0 0.09833333333333333 0.5643750000000001 0.10833333333333332 0.5587500000000001 0.1125 0.5625 0.11333333333333333 0.56125 0.1125 0.5575 0.10916666666666666 0.5581250000000001 0.10916666666666666 0.553125 0.10583333333333333 0.5518750000000001 0.10333333333333332 0.555 0.1075 0.5587500000000001 0.10166666666666666 0.560625 0.09833333333333333 0.5581250000000001 0.09666666666666666 0.56 0.09583333333333334 0.56375 0.09833333333333333 0.5643750000000001
0 0.08249999999999999 0.47750000000000004 0.0875 0.48375 0.08583333333333333 0.50125 0.08249999999999999 0.50875 0.08499999999999999 0.5118750000000001 0.095 0.5125 0.10166666666666666 0.5162500000000001 0.1125 0.515625 0.11916666666666667 0.50875 0.1375 0.50875 0.145 0.50375 0.15166666666666667 0.504375 0.15666666666666668 0.509375 0.18916666666666665 0.5075000000000001 0.22000000000000003 0.51 0.22333333333333333 0.513125 0.23166666666666663 0.51 0.2533333333333333 0.50875 0.25833333333333336 0.51 0.26166666666666666 0.514375 0.2758333333333333 0.5112500000000001 0.31416666666666665 0.514375 0.32 0.513125 0.32333333333333336 0.50875 0.3225 0.47062499999999996 0.31666666666666665 0.465 0.3158333333333333 0.45875000000000005 0.30833333333333335 0.45437500000000003 0.29583333333333334 0.45499999999999996 0.2833333333333333 0.45 0.25083333333333335 0.45125000000000004 0.23583333333333334 0.448125 0.11416666666666667 0.448125 0.10416666666666667 0.45499999999999996 0.095 0.45687500000000003 0.09083333333333334 0.46187500000000004 0.08666666666666667 0.47375 0.08249999999999999 0.47750000000000004
0 0.06666666666666667 0.34875 0.07333333333333333 0.355625 0.075 0.36125 0.08 0.36375 0.08083333333333334 0.36875 0.09333333333333334 0.375 0.09833333333333333 0.375 0.1025 0.371875 0.10916666666666666 0.37375 0.11416666666666667 0.369375 0.1125 0.365625 0.11499999999999999 0.36187500000000006 0.11916666666666667 0.36500000000000005 0.12166666666666666 0.36312500000000003 0.12416666666666668 0.36500000000000005 0.12666666666666665 0.37312500000000004 0.1325 0.375625 0.13999999999999999 0.375 0.14666666666666667 0.37875000000000003 0.1625 0.37125 0.175 0.375625 0.18416666666666665 0.37 0.18416666666666665 0.364375 0.2 0.36375 0.205 0.366875 0.20666666666666664 0.37375 0.21666666666666665 0.379375 0.22166666666666668 0.38 0.225 0.3725 0.22916666666666666 0.369375 0.22749999999999998 0.36625 0.2325 0.36375 0.2341666666666667 0.36 0.24416666666666664 0.35625 0.2475 0.35875 0.24416666666666664 0.37625000000000003 0.25833333333333336 0.376875 0.26749999999999996 0.379375 0.2725 0.378125 0.28250000000000003 0.38125 0.31 0.3825 0.31416666666666665 0.38062500000000005 0.31083333333333335 0.3625 0.31416666666666665 0.35625 0.31333333333333335 0.34125 0.3158333333333333 0.338125 0.3158333333333333 0.326875 0.31333333333333335 0.323125 0.29833333333333334 0.316875 0.2833333333333333 0.31375000000000003 0.2575 0.316875 0.25083333333333335 0.31125 0.2375 0.31 0.21833333333333332 0.3125 0.19916666666666666 0.31 0.18833333333333332 0.31375000000000003 0.17833333333333332 0.30875 0.16583333333333333 0.313125 0.14833333333333334 0.31500000000000006 0.12250000000000001 0.3125 0.11916666666666667 0.31062500000000004 0.1075 0.314375 0.0875 0.31375000000000003 0.07916666666666666 0.32 0.08 0.325 0.06666666666666667 0.34875
0 0.10583333333333333 0.628125 0.10666666666666666 0.62625 0.1025 0.6268750000000001 0.10583333333333333 0.628125
0 0.10333333333333332 0.650625 0.10500000000000001 0.654375 0.11000000000000001 0.65625 0.14583333333333331 0.6581250000000001 0.155 0.6568750000000001 0.16666666666666669 0.665625 0.17083333333333334 0.664375 0.17083333333333334 0.6612500000000001 0.175 0.6581250000000001 0.1825 0.6631250000000001 0.19083333333333333 0.66 0.19916666666666666 0.6681250000000001 0.21666666666666665 0.6681250000000001 0.22749999999999998 0.68 0.2341666666666667 0.680625 0.23916666666666667 0.68 0.2425 0.6743750000000001 0.25083333333333335 0.673125 0.25916666666666666 0.680625 0.27666666666666667 0.6825 0.28583333333333333 0.6737500000000001 0.2966666666666667 0.681875 0.31166666666666665 0.6831250000000001 0.31333333333333335 0.678125 0.32166666666666666 0.675625 0.32166666666666666 0.661875 0.3283333333333333 0.6568750000000001 0.33249999999999996 0.6431250000000001 0.33249999999999996 0.6368750000000001 0.3275 0.6325000000000001 0.31 0.6318750000000001 0.3058333333333333 0.629375 0.29 0.6268750000000001 0.25166666666666665 0.6275000000000001 0.24 0.625 0.2308333333333333 0.618125 0.22333333333333333 0.624375 0.21583333333333332 0.6256250000000001 0.19333333333333333 0.6268750000000001 0.1875 0.625 0.1675 0.6256250000000001 0.16083333333333333 0.623125 0.1408333333333333 0.6268750000000001 0.12583333333333332 0.624375 0.12083333333333332 0.6268750000000001 0.11583333333333332 0.62625 0.11083333333333334 0.6300000000000001 0.11083333333333334 0.64 0.10333333333333332 0.650625
0 0.5708333333333333 0.29125 0.5791666666666667 0.28875 0.5891666666666666 0.28937500000000005 0.595 0.28625 0.6091666666666666 0.28625 0.6166666666666667 0.28875 0.6233333333333333 0.285625 0.64 0.284375 0.6508333333333333 0.2875 0.6591666666666667 0.28375000000000006 0.6849999999999999 0.28500000000000003 0.6925 0.28250000000000003 0.7058333333333333 0.284375 0.7125 0.2875 0.7291666666666667 0.284375 0.7408333333333333 0.28500000000000003 0.7508333333333332 0.288125 0.7558333333333334 0.28625 0.76 0.273125 0.76 0.265 0.7541666666666667 0.25812500000000005 0.7316666666666667 0.259375 0.7091666666666667 0.25625 0.6950000000000001 0.25875000000000004 0.6825 0.25250000000000006 0.675 0.253125 0.6616666666666666 0.25812500000000005 0.6325000000000001 0.25875000000000004 0.6191666666666666 0.255 0.6025 0.260625 0.5841666666666667 0.25562500000000005 0.5741666666666666 0.260625 0.5675 0.26812500000000006 0.5641666666666667 0.285625 0.5708333333333333 0.29125
0 0.3358333333333333 0.6612500000000001 0.3375 0.6787500000000001 0.3458333333333333 0.6831250000000001 0.34750000000000003 0.6881250000000001 0.3375 0.7050000000000001 0.3383333333333333 0.738125 0.34833333333333333 0.743125 0.3408333333333333 0.76 0.3433333333333333 0.76875 0.3416666666666667 0.7875 0.35 0.794375 0.345 0.8087500000000001 0.3458333333333333 0.8412499999999999 0.3616666666666667 0.844375 0.3875 0.8425 0.3983333333333333 0.8450000000000001 0.4033333333333333 0.8450000000000001 0.41 0.8418750000000002 0.43499999999999994 0.8412499999999999 0.46749999999999997 0.8412499999999999 0.49333333333333335 0.8450000000000001 0.5158333333333334 0.8425 0.5391666666666667 0.844375 0.5566666666666666 0.8412499999999999 0.5549999999999999 0.820625 0.5583333333333333 0.815625 0.5583333333333333 0.8081250000000001 0.5575 0.8 0.5541666666666667 0.795625 0.5583333333333333 0.7887500000000001 0.5549999999999999 0.76875 0.5558333333333334 0.7412500000000001 0.5583333333333333 0.735625 0.5583333333333333 0.675 0.5575 0.64375 0.5533333333333333 0.6375 0.55 0.634375 0.5466666666666666 0.635625 0.5433333333333333 0.6318750000000001 0.5208333333333333 0.62625 0.5008333333333332 0.62625 0.49749999999999994 0.628125 0.48916666666666664 0.6256250000000001 0.45916666666666667 0.62375 0.4033333333333333 0.625 0.39249999999999996 0.6275000000000001 0.3683333333333333 0.6256250000000001 0.36083333333333334 0.628125 0.3516666666666667 0.628125 0.3433333333333333 0.64 0.3408333333333333 0.65375 0.3358333333333333 0.6612500000000001
0 0.5708333333333333 0.5675000000000001 0.5708333333333333 0.5725 0.5675 0.584375 0.5683333333333334 0.6025 0.5658333333333333 0.613125 0.5675 0.623125 0.5700000000000001 0.624375 0.5916666666666667 0.6256250000000001 0.5966666666666667 0.62375 0.6316666666666666 0.623125 0.6683333333333333 0.624375 0.6816666666666666 0.6268750000000001 0.7166666666666667 0.6256250000000001 0.74 0.628125 0.7658333333333334 0.62625 0.7808333333333334 0.6300000000000001 0.7958333333333333 0.6300000000000001 0.8 0.6268750000000001 0.7975 0.5987500000000001 0.7908333333333333 0.5800000000000001 0.7925 0.5737500000000001 0.7958333333333333 0.57125 0.8016666666666665 0.57125 0.805 0.56375 0.8016666666666665 0.5381250000000001 0.795 0.52125 0.7958333333333333 0.5118750000000001 0.7933333333333333 0.509375 0.7541666666666667 0.508125 0.7483333333333333 0.50625 0.7391666666666666 0.50875 0.6808333333333334 0.505625 0.6716666666666666 0.5075000000000001 0.635 0.508125 0.6066666666666667 0.5068750000000001 0.585 0.510625 0.5708333333333333 0.51875 0.5675 0.5487500000000001 0.5675 0.5643750000000001 0.5708333333333333 0.5675000000000001
0 0.8133333333333332 0.476875 0.8099999999999999 0.4875 0.8125 0.508125 0.8074999999999999 0.513125 0.805 0.5225000000000001 0.8091666666666667 0.5318750000000001 0.8099999999999999 0.56125 0.8125 0.566875 0.82 0.571875 0.9216666666666666 0.571875 0.9233333333333332 0.56375 0.915 0.559375 0.9141666666666666 0.55625 0.9058333333333334 0.5543750000000001 0.905 0.550625 0.9083333333333334 0.5487500000000001 0.9266666666666665 0.5543750000000001 0.9383333333333332 0.553125 0.9425000000000001 0.55 0.9391666666666666 0.5362500000000001 0.9358333333333333 0.5337500000000001 0.9400000000000001 0.5268750000000001 0.9400000000000001 0.5112500000000001 0.9541666666666666 0.4912500000000001 0.9566666666666667 0.48937500000000006 0.96 0.490625 0.9616666666666667 0.48812500000000003 0.9574999999999999 0.473125 0.9483333333333333 0.46312500000000006 0.9466666666666667 0.45562500000000006 0.9333333333333333 0.45125000000000004 0.9041666666666666 0.45187499999999997 0.8949999999999999 0.44875 0.8733333333333333 0.45062500000000005 0.865 0.44875 0.8241666666666667 0.448125 0.8175000000000001 0.4525 0.8141666666666666 0.4525 0.8099999999999999 0.45687500000000003 0.8099999999999999 0.46875 0.8133333333333332 0.476875
0 0.48125 0.50078125 0.00234375 0.00078125
0 0.45999999999999996 0.476875 0.46333333333333326 0.476875 0.4625 0.4756250000000001 0.45999999999999996 0.475 0.45999999999999996 0.476875
0 0.45583333333333337 0.471875 0.45916666666666667 0.473125 0.4608333333333333 0.47062499999999996 0.4583333333333333 0.46937500000000004 0.45583333333333337 0.46937500000000004 0.45583333333333337 0.471875
0 0.4833333333333333 0.471875 0.48916666666666664 0.47437500000000005 0.49083333333333334 0.478125 0.4958333333333333 0.478125 0.49916666666666665 0.47000000000000003 0.4875 0.47000000000000003 0.4841666666666667 0.46749999999999997 0.48583333333333334 0.46937500000000004 0.4833333333333333 0.471875
0 0.4691666666666666 0.465 0.46749999999999997 0.46187500000000004 0.4616666666666666 0.4625 0.45999999999999996 0.46312500000000006 0.4691666666666666 0.465
0 0.4716666666666667 0.45875000000000005 0.4708333333333333 0.46625000000000005 0.46749999999999997 0.47062499999999996 0.4766666666666667 0.475 0.4766666666666667 0.46937500000000004 0.4716666666666667 0.46687500000000004 0.4791666666666667 0.464375 0.48 0.45875000000000005 0.4725 0.45562500000000006 0.47000000000000003 0.45187499999999997 0.4666666666666667 0.45187499999999997 0.4716666666666667 0.45875000000000005
0 0.48583333333333334 0.45875000000000005 0.48666666666666664 0.46375 0.49083333333333334 0.46625000000000005 0.495 0.46312500000000006 0.4925 0.45625 0.49000000000000005 0.45437500000000003 0.4875 0.4575 0.48583333333333334 0.4525 0.4833333333333333 0.45187499999999997 0.48250000000000004 0.4575 0.48583333333333334 0.45875000000000005
0 0.42265625 0.45 0.0015625 0.00078125
0 0.35416666666666663 0.45062500000000005 0.35833333333333334 0.45499999999999996 0.35583333333333333 0.4575 0.3591666666666667 0.459375 0.3616666666666667 0.45625 0.355 0.44750000000000006 0.35666666666666663 0.45 0.35416666666666663 0.45062500000000005
0 0.32416666666666666 0.348125 0.3225 0.36875 0.33166666666666667 0.378125 0.33333333333333337 0.38875000000000004 0.32916666666666666 0.403125 0.32416666666666666 0.40812499999999996 0.32666666666666666 0.4125 0.3258333333333333 0.43875000000000003 0.33666666666666667 0.4425 0.3416666666666667 0.44750000000000006 0.345 0.44750000000000006 0.3516666666666667 0.441875 0.36916666666666664 0.440625 0.3783333333333333 0.445625 0.38 0.449375 0.38249999999999995 0.4443750000000001 0.3883333333333333 0.44375 0.39 0.43875000000000003 0.3975 0.440625 0.40083333333333326 0.436875 0.4041666666666667 0.44000000000000006 0.41916666666666663 0.440625 0.425 0.4443750000000001 0.4258333333333333 0.45 0.43083333333333335 0.45437500000000003 0.43166666666666664 0.465 0.43583333333333335 0.47000000000000003 0.4333333333333333 0.47375 0.44000000000000006 0.475 0.4425 0.473125 0.44416666666666665 0.476875 0.44666666666666666 0.476875 0.44416666666666665 0.46625000000000005 0.4491666666666666 0.46312500000000006 0.44749999999999995 0.45625 0.4525 0.45 0.45166666666666666 0.445625 0.45499999999999996 0.44312500000000005 0.4616666666666666 0.44375 0.46333333333333326 0.448125 0.4683333333333334 0.445 0.47833333333333333 0.4443750000000001 0.48583333333333334 0.44750000000000006 0.4925 0.446875 0.49749999999999994 0.45062500000000005 0.5033333333333333 0.449375 0.5066666666666666 0.453125 0.5008333333333332 0.46312500000000006 0.5058333333333334 0.459375 0.5091666666666667 0.46375 0.5158333333333334 0.46625000000000005 0.5191666666666667 0.46375 0.52 0.45125000000000004 0.5258333333333333 0.44875 0.5325 0.4525 0.5366666666666666 0.45187499999999997 0.5425 0.445 0.5566666666666666 0.4425 0.5575 0.434375 0.5541666666666667 0.41937500000000005 0.5558333333333334 0.41000000000000003 0.5425 0.385 0.5441666666666667 0.37875000000000003 0.55 0.37625000000000003 0.5549999999999999 0.369375 0.5549999999999999 0.34500000000000003 0.5466666666666666 0.3275 0.54 0.32 0.5316666666666666 0.319375 0.5258333333333333 0.314375 0.5116666666666666 0.3125 0.5016666666666667 0.31625000000000003 0.49000000000000005 0.316875 0.48 0.3125 0.45666666666666667 0.31500000000000006 0.44833333333333336 0.311875 0.4325 0.311875 0.425 0.313125 0.4175 0.3175 0.40750000000000003 0.31125 0.3908333333333333 0.311875 0.37083333333333335 0.31625000000000003 0.35333333333333333 0.31125 0.34249999999999997 0.316875 0.33249999999999996 0.31875 0.3275 0.3275 0.32166666666666666 0.34500000000000003 0.32416666666666666 0.348125
0 0.3225 0.40812499999999996 0.3258333333333333 0.414375 0.32333333333333336 0.43937499999999996 0.3275 0.4425 0.34249999999999997 0.445625 0.3575 0.44125000000000003 0.38666666666666666 0.44375 0.3908333333333333 0.44000000000000006 0.4 0.43875000000000003 0.42416666666666664 0.4425 0.4875 0.4425 0.49416666666666664 0.440625 0.49833333333333335 0.44375 0.5208333333333333 0.4425 0.5349999999999999 0.45062500000000005 0.5458333333333333 0.4443750000000001 0.5575 0.4425 0.5549999999999999 0.42562500000000003 0.5558333333333334 0.40812499999999996 0.5425 0.385625 0.5325 0.385 0.5258333333333333 0.38 0.5158333333333334 0.37750000000000006 0.48666666666666664 0.378125 0.47750000000000004 0.37625000000000003 0.3975 0.37625000000000003 0.38666666666666666 0.37875000000000003 0.3808333333333333 0.37625000000000003 0.37583333333333335 0.37625000000000003 0.37333333333333335 0.37875000000000003 0.3416666666666667 0.376875 0.33416666666666667 0.379375 0.32916666666666666 0.40125 0.3225 0.40812499999999996
0 0.81015625 0.646875 0.00078125 0.00078125
0 0.8208333333333334 0.5831250000000001 0.8216666666666667 0.58125 0.8208333333333334 0.5800000000000001 0.8208333333333334 0.5831250000000001
0 0.8166666666666667 0.64375 0.8158333333333333 0.65125 0.8033333333333333 0.6612500000000001 0.8058333333333334 0.664375 0.8099999999999999 0.664375 0.8141666666666666 0.660625 0.8275 0.665625 0.8458333333333334 0.665 0.8483333333333333 0.6631250000000001 0.8658333333333333 0.666875 0.8691666666666666 0.665 0.8833333333333334 0.664375 0.89 0.66625 0.9108333333333333 0.665 0.9083333333333334 0.660625 0.93 0.641875 0.9316666666666666 0.638125 0.9308333333333334 0.6012500000000001 0.9233333333333332 0.5925 0.9116666666666667 0.59125 0.915 0.588125 0.9083333333333334 0.5893750000000001 0.8975 0.5856250000000001 0.8941666666666667 0.58125 0.8991666666666667 0.5743750000000001 0.8833333333333334 0.575625 0.8766666666666666 0.5725 0.8716666666666667 0.5725 0.8683333333333334 0.5743750000000001 0.8699999999999999 0.581875 0.8658333333333333 0.58375 0.8625 0.57625 0.8558333333333333 0.58125 0.8525 0.5806250000000001 0.8491666666666667 0.573125 0.8400000000000001 0.57125 0.835 0.56375 0.8366666666666667 0.5675000000000001 0.8341666666666667 0.571875 0.8383333333333333 0.579375 0.8275 0.5800000000000001 0.8258333333333333 0.58125 0.8283333333333334 0.5850000000000001 0.8241666666666667 0.58875 0.8208333333333334 0.5850000000000001 0.8141666666666666 0.58375 0.8033333333333333 0.5875 0.8033333333333333 0.6412500000000001 0.8166666666666667 0.64375
0 0.9016666666666666 0.5625 0.9033333333333333 0.559375 0.8991666666666667 0.5587500000000001 0.8983333333333332 0.561875 0.9016666666666666 0.5625
0 0.91484375 0.55859375 0.00078125 0.00390625
0 0.9216666666666666 0.56875 0.9291666666666666 0.5737500000000001 0.9283333333333333 0.576875 0.9341666666666667 0.5775 0.9333333333333333 0.5850000000000001 0.9283333333333333 0.588125 0.9308333333333334 0.5875 0.9316666666666666 0.590625 0.9349999999999999 0.591875 0.9400000000000001 0.5850000000000001 0.9391666666666666 0.576875 0.9366666666666668 0.575625 0.9391666666666666 0.570625 0.9291666666666666 0.568125 0.9341666666666667 0.55625 0.9283333333333333 0.55625 0.9208333333333334 0.5525 0.9191666666666667 0.555 0.9216666666666666 0.56875
0 0.8841666666666667 0.55 0.8783333333333333 0.5493750000000001 0.875 0.55 0.8841666666666667 0.55
0 0.8091666666666667 0.56 0.8066666666666666 0.56125 0.8116666666666668 0.5643750000000001 0.8091666666666667 0.5671875 0.8116666666666668 0.5743750000000001 0.8175000000000001 0.570625 0.8099999999999999 0.560625 0.8066666666666666 0.548125 0.8066666666666666 0.5581250000000001 0.8091666666666667 0.56
0 0.8633333333333333 0.55 0.8625 0.545 0.8583333333333334 0.545625 0.8566666666666667 0.546875 0.8633333333333333 0.55
0 0.6091666666666666 0.528125 0.6133333333333333 0.525625 0.6083333333333333 0.52375 0.6058333333333333 0.52625 0.6091666666666666 0.528125
0 0.5666666666666667 0.49375 0.5666666666666667 0.50375 0.5700000000000001 0.508125 0.6133333333333333 0.5068750000000001 0.62 0.50375 0.6725 0.50375 0.6950000000000001 0.505625 0.7583333333333333 0.5050000000000001 0.7649999999999999 0.5068750000000001 0.7791666666666667 0.505625 0.8 0.509375 0.8066666666666666 0.5025000000000001 0.8058333333333334 0.4875 0.8133333333333332 0.476875 0.8074999999999999 0.46125 0.8074999999999999 0.449375 0.7891666666666667 0.44875 0.7766666666666666 0.4443750000000001 0.7608333333333334 0.445625 0.745 0.44125000000000003 0.72 0.44312500000000005 0.7108333333333333 0.43937499999999996 0.6991666666666666 0.440625 0.6958333333333333 0.43875000000000003 0.6866666666666666 0.44125000000000003 0.6466666666666667 0.44312500000000005 0.6275000000000001 0.440625 0.6133333333333333 0.44312500000000005 0.5958333333333333 0.441875 0.5883333333333333 0.44312500000000005 0.5700000000000001 0.46125 0.5700000000000001 0.48125 0.5666666666666667 0.49375
0 0.7658333333333334 0.26875 0.7658333333333334 0.28125 0.7625 0.28250000000000003 0.7649999999999999 0.281875 0.7725 0.28625 0.7899999999999999 0.2875 0.7966666666666666 0.29000000000000004 0.8016666666666665 0.29000000000000004 0.8083333333333333 0.28687500000000005 0.825 0.28687500000000005 0.8375 0.28937500000000005 0.8416666666666666 0.2875 0.8550000000000001 0.28937500000000005 0.8800000000000001 0.288125 0.8908333333333334 0.29375 0.8991666666666667 0.28875 0.925 0.290625 0.9441666666666666 0.28937500000000005 0.9666666666666666 0.29625 0.9708333333333334 0.291875 0.9816666666666667 0.28687500000000005 0.9824999999999999 0.28375000000000006 0.9841666666666666 0.2475 0.9808333333333333 0.244375 0.9708333333333334 0.24250000000000002 0.9483333333333333 0.244375 0.9391666666666666 0.24000000000000005 0.9166666666666666 0.24250000000000002 0.9075 0.23937500000000003 0.8991666666666667 0.23937500000000003 0.8800000000000001 0.24312500000000004 0.8716666666666667 0.23875000000000002 0.8474999999999999 0.241875 0.8400000000000001 0.2375 0.8308333333333333 0.2375 0.8166666666666667 0.241875 0.8033333333333333 0.238125 0.77 0.248125 0.7608333333333334 0.255 0.7608333333333334 0.2625 0.7658333333333334 0.26875
0 0.9016666666666666 0.7425 0.9033333333333333 0.740625 0.9 0.73875 0.8991666666666667 0.7418750000000001 0.9016666666666666 0.7425
0 0.905 0.713125 0.9025000000000001 0.7125 0.9 0.71375 0.905 0.713125
0 0.9041666666666666 0.706875 0.905 0.704375 0.9041666666666666 0.703125 0.9041666666666666 0.706875
0 0.88984375 0.69921875 0.00078125 0.0015625
0 0.9550000000000001 0.45062500000000005 0.9625 0.45562500000000006 0.9941666666666666 0.45375000000000004 0.9991666666666668 0.45125000000000004 0.9991666666666668 0.40125 0.9958333333333333 0.39937500000000004 0.9991666666666668 0.398125 0.9991666666666668 0.395 0.9933333333333334 0.39625000000000005 0.9908333333333333 0.39 0.9841666666666666 0.39375 0.9808333333333333 0.39125 0.9800000000000001 0.386875 0.9841666666666666 0.37875000000000003 0.9808333333333333 0.374375 0.9733333333333333 0.37062500000000004 0.9691666666666666 0.37750000000000006 0.9691666666666666 0.388125 0.9708333333333334 0.39125 0.9766666666666666 0.39187500000000003 0.9800000000000001 0.396875 0.9733333333333333 0.398125 0.96 0.40750000000000003 0.9616666666666667 0.42750000000000005 0.9550000000000001 0.45062500000000005
0 0.9866666666666667 0.37625000000000003 0.9908333333333333 0.38 0.9933333333333334 0.375 0.9991666666666668 0.37750000000000006 0.9991666666666668 0.36312500000000003 0.9933333333333334 0.365625 0.9908333333333333 0.374375 0.9866666666666667 0.37625000000000003
0 0.06583333333333333 0.246875 0.06999999999999999 0.251875 0.07166666666666667 0.2625 0.0675 0.26625 0.065 0.27625 0.09 0.27625 0.10500000000000001 0.278125 0.10916666666666666 0.28125 0.15666666666666668 0.275625 0.17833333333333332 0.2775 0.19583333333333333 0.2775 0.2125 0.275 0.22583333333333333 0.27687500000000004 0.25083333333333335 0.27625 0.25416666666666665 0.278125 0.2808333333333333 0.278125 0.29 0.27625 0.3025 0.2775 0.3075 0.27625 0.3091666666666667 0.26937500000000003 0.31333333333333335 0.26875 0.31416666666666665 0.2625 0.32083333333333336 0.256875 0.32166666666666666 0.251875 0.32083333333333336 0.248125 0.315 0.244375 0.3075 0.22749999999999998 0.2891666666666667 0.22749999999999998 0.26666666666666666 0.22062500000000002 0.2525 0.225 0.2425 0.225 0.22833333333333333 0.22062500000000002 0.21083333333333334 0.22375000000000003 0.2033333333333333 0.22375000000000003 0.19 0.22000000000000003 0.18166666666666667 0.22000000000000003 0.16833333333333333 0.22375000000000003 0.14416666666666667 0.22000000000000003 0.13166666666666665 0.22312500000000002 0.11583333333333332 0.22000000000000003 0.0975 0.22000000000000003 0.09083333333333334 0.22375000000000003 0.06166666666666667 0.22125 0.058333333333333334 0.22375000000000003 0.05583333333333333 0.2375 0.052500000000000005 0.24125000000000002 0.052500000000000005 0.24500000000000002 0.06583333333333333 0.246875
0 0.8208333333333334 0.44625000000000004 0.8233333333333333 0.448125 0.8525 0.448125 0.8616666666666667 0.45 0.8949999999999999 0.44875 0.9041666666666666 0.45125000000000004 0.9258333333333333 0.449375 0.9400000000000001 0.45375000000000004 0.9550000000000001 0.44875 0.96 0.42625 0.9583333333333334 0.405625 0.9650000000000001 0.39437500000000003 0.9666666666666666 0.38 0.9641666666666666 0.36187500000000006 0.9583333333333334 0.34750000000000003 0.9516666666666665 0.34750000000000003 0.945 0.344375 0.9208333333333334 0.34750000000000003 0.9116666666666667 0.343125 0.9008333333333333 0.343125 0.89 0.34750000000000003 0.8866666666666667 0.34500000000000003 0.8833333333333334 0.346875 0.8741666666666668 0.34375 0.8641666666666665 0.34375 0.8574999999999999 0.34625000000000006 0.8474999999999999 0.343125 0.8324999999999999 0.344375 0.8258333333333333 0.366875 0.8266666666666665 0.38062500000000005 0.8175000000000001 0.3925 0.8175000000000001 0.433125 0.8208333333333334 0.44625000000000004
0 0.84921875 0.32109375 0.0015625 0.00078125
0 0.8208333333333334 0.32625000000000004 0.8233333333333333 0.32062500000000005 0.82 0.319375 0.8175000000000001 0.32125000000000004 0.8208333333333334 0.32625000000000004
0 0.5691666666666666 0.69625 0.5733333333333334 0.700625 0.5766666666666667 0.713125 0.575 0.716875 0.5675 0.7206250000000001 0.5708333333333333 0.7306250000000001 0.5658333333333333 0.755625 0.5675 0.79 0.5875 0.786875 0.5916666666666667 0.789375 0.6191666666666666 0.789375 0.63 0.7875 0.6566666666666666 0.79125 0.6916666666666667 0.79125 0.6991666666666666 0.789375 0.7166666666666667 0.79125 0.7325 0.7887500000000001 0.76 0.79375 0.7833333333333333 0.7931250000000001 0.7833333333333333 0.7825 0.78 0.775 0.7858333333333334 0.7675000000000001 0.7766666666666666 0.7506250000000001 0.78 0.74375 0.7866666666666666 0.738125 0.7875 0.7325 0.7841666666666667 0.7206250000000001 0.7858333333333334 0.7125 0.7766666666666666 0.6987500000000001 0.7825 0.696875 0.7841666666666667 0.6925000000000001 0.7933333333333333 0.6875 0.795 0.6837500000000001 0.7941666666666667 0.660625 0.7908333333333333 0.646875 0.7849999999999999 0.63875 0.7583333333333333 0.630625 0.74 0.63375 0.7316666666666667 0.6300000000000001 0.7175 0.628125 0.69 0.629375 0.675 0.62625 0.6658333333333333 0.628125 0.6466666666666667 0.62625 0.6333333333333333 0.62875 0.605 0.62625 0.5958333333333333 0.6300000000000001 0.5708333333333333 0.630625 0.5675 0.635 0.5666666666666667 0.6431250000000001 0.5658333333333333 0.6793750000000001 0.5691666666666666 0.69625
0 0.9416666666666667 0.541875 0.9408333333333333 0.535625 0.9391666666666666 0.535 0.9416666666666667 0.541875
0 0.8074999999999999 0.5387500000000001 0.8108333333333333 0.529375 0.8074999999999999 0.525625 0.8033333333333333 0.52625 0.8033333333333333 0.5325 0.8074999999999999 0.5387500000000001
0 0.8008333333333333 0.5737500000000001 0.7933333333333333 0.5743750000000001 0.7933333333333333 0.5800000000000001 0.7983333333333333 0.59125 0.8066666666666666 0.6 0.8033333333333333 0.60875 0.8033333333333333 0.623125 0.8083333333333333 0.64 0.8333333333333334 0.6425000000000001 0.8383333333333333 0.640625 0.8550000000000001 0.640625 0.8625 0.6425000000000001 0.8691666666666666 0.6412500000000001 0.8758333333333332 0.64375 0.8866666666666667 0.6431250000000001 0.8941666666666667 0.64 0.9041666666666666 0.6431250000000001 0.9058333333333334 0.639375 0.9108333333333333 0.6368750000000001 0.905 0.633125 0.9108333333333333 0.6318750000000001 0.9133333333333333 0.6275000000000001 0.9183333333333333 0.63125 0.9283333333333333 0.624375 0.9283333333333333 0.6075 0.9308333333333334 0.6025 0.9391666666666666 0.5987500000000001 0.9425000000000001 0.5775 0.9358333333333333 0.5643750000000001 0.9358333333333333 0.5587500000000001 0.9416666666666667 0.55 0.9416666666666667 0.544375 0.9216666666666666 0.544375 0.9175000000000001 0.540625 0.9108333333333333 0.5387500000000001 0.9041666666666666 0.5387500000000001 0.9008333333333333 0.5431250000000001 0.8875 0.540625 0.885 0.5375 0.8933333333333333 0.529375 0.8891666666666665 0.529375 0.885 0.535 0.8758333333333332 0.529375 0.8633333333333333 0.52625 0.8516666666666666 0.52625 0.8483333333333333 0.5231250000000001 0.8483333333333333 0.5206250000000001 0.8400000000000001 0.5275000000000001 0.8383333333333333 0.5268750000000001 0.8366666666666667 0.5325 0.8333333333333334 0.5331250000000001 0.8324999999999999 0.52875 0.8275 0.52875 0.8283333333333334 0.5337500000000001 0.8308333333333333 0.534375 0.8291666666666666 0.5362500000000001 0.8241666666666667 0.5362500000000001 0.8175000000000001 0.54375 0.8074999999999999 0.54375 0.805 0.546875 0.805 0.570625 0.8008333333333333 0.5737500000000001
0 0.3441666666666666 0.8425 0.34833333333333333 0.844375 0.36083333333333334 0.8462500000000001 0.38249999999999995 0.844375 0.4025 0.846875 0.4133333333333333 0.843125 0.43916666666666665 0.8425 0.4691666666666666 0.843125 0.49916666666666665 0.8474999999999999 0.5183333333333333 0.8450000000000001 0.5408333333333333 0.846875 0.5608333333333333 0.8418750000000002 0.5583333333333333 0.8293750000000001 0.5608333333333333 0.80375 0.5566666666666666 0.795 0.545 0.795625 0.5275000000000001 0.79125 0.49333333333333335 0.79125 0.4841666666666667 0.7887500000000001 0.4125 0.789375 0.40750000000000003 0.79125 0.39416666666666667 0.789375 0.35083333333333333 0.795625 0.34750000000000003 0.7975000000000001 0.3441666666666666 0.806875 0.3433333333333333 0.838125 0.3441666666666666 0.8425
0 0.73671875 0.38359375 0.00078125 0.00078125
0 0.5783333333333334 0.378125 0.5883333333333333 0.37875000000000003 0.595 0.3825 0.6208333333333333 0.376875 0.6366666666666666 0.379375 0.6475 0.376875 0.6758333333333333 0.378125 0.6925 0.37625000000000003 0.72 0.379375 0.7391666666666666 0.378125 0.7533333333333333 0.385625 0.7649999999999999 0.385 0.7733333333333333 0.38 0.7825 0.38 0.7958333333333333 0.38625000000000004 0.8108333333333333 0.385 0.8166666666666667 0.386875 0.8216666666666667 0.38375000000000004 0.8233333333333333 0.34500000000000003 0.8166666666666667 0.326875 0.8141666666666666 0.323125 0.8016666666666665 0.3225 0.7966666666666666 0.31875 0.7933333333333333 0.319375 0.7791666666666667 0.31 0.76 0.309375 0.75 0.306875 0.73 0.309375 0.7233333333333334 0.306875 0.7133333333333333 0.31 0.7091666666666667 0.309375 0.7058333333333333 0.311875 0.7 0.30812500000000004 0.6958333333333333 0.31 0.6741666666666666 0.31 0.6658333333333333 0.30625 0.655 0.30562500000000004 0.6425 0.306875 0.6375 0.309375 0.6275000000000001 0.30625 0.6125 0.306875 0.6 0.3175 0.595 0.31812500000000005 0.5900000000000001 0.3225 0.5858333333333333 0.33375000000000005 0.58 0.338125 0.5775 0.34375 0.5733333333333334 0.375625 0.5783333333333334 0.378125
0 0.06583333333333333 0.24562500000000004 0.06916666666666667 0.248125 0.07083333333333333 0.254375 0.06 0.27875 0.06666666666666667 0.2875 0.06333333333333332 0.311875 0.06416666666666666 0.31375000000000003 0.075 0.315625 0.08083333333333334 0.32062500000000005 0.09083333333333334 0.31375000000000003 0.16166666666666668 0.315625 0.1725 0.31375000000000003 0.195 0.31500000000000006 0.22333333333333333 0.3125 0.23583333333333334 0.315625 0.24666666666666667 0.31375000000000003 0.25833333333333336 0.31625000000000003 0.27166666666666667 0.315625 0.2758333333333333 0.3175 0.28583333333333333 0.31625000000000003 0.2925 0.313125 0.2975 0.3175 0.30666666666666664 0.3175 0.31 0.314375 0.31 0.284375 0.3075 0.27687500000000004 0.3183333333333333 0.254375 0.31416666666666665 0.2475 0.3091666666666667 0.244375 0.30833333333333335 0.231875 0.30416666666666664 0.228125 0.2891666666666667 0.22937500000000002 0.27416666666666667 0.22375000000000003 0.265 0.2225 0.25666666666666665 0.22687500000000002 0.24 0.22625 0.22749999999999998 0.2225 0.20916666666666667 0.22625 0.18916666666666665 0.2225 0.17416666666666666 0.22375000000000003 0.17083333333333334 0.22562500000000002 0.14750000000000002 0.2225 0.13833333333333334 0.2225 0.1325 0.22562500000000002 0.11333333333333333 0.2225 0.0975 0.2225 0.08833333333333333 0.22749999999999998 0.08166666666666667 0.22375000000000003 0.07666666666666666 0.22625 0.07083333333333333 0.22625 0.06333333333333332 0.22312500000000002 0.06 0.225 0.056666666666666664 0.234375 0.05583333333333333 0.24312500000000004 0.06583333333333333 0.24562500000000004
0 0.075 0.4125 0.08083333333333334 0.42125 0.0775 0.44312500000000005 0.08083333333333334 0.44750000000000006 0.09 0.45062500000000005 0.095 0.45499999999999996 0.10583333333333333 0.45562500000000006 0.1125 0.45062500000000005 0.12250000000000001 0.44875 0.1325 0.45 0.13666666666666666 0.4525 0.16333333333333333 0.448125 0.2475 0.44875 0.2575 0.45187499999999997 0.27749999999999997 0.45 0.2891666666666667 0.45437500000000003 0.31416666666666665 0.453125 0.32083333333333336 0.449375 0.32 0.41937500000000005 0.31666666666666665 0.4125 0.31916666666666665 0.396875 0.3075 0.39 0.2833333333333333 0.388125 0.275 0.385 0.26166666666666666 0.385 0.2475 0.38125 0.24083333333333332 0.38312500000000005 0.22749999999999998 0.381875 0.21749999999999997 0.384375 0.20416666666666666 0.384375 0.19 0.381875 0.14583333333333331 0.3825 0.1375 0.38 0.10083333333333333 0.3825 0.095 0.38 0.0875 0.38 0.08499999999999999 0.38312500000000005 0.08416666666666667 0.39187500000000003 0.075 0.4125
0 0.08833333333333333 0.5431250000000001 0.09666666666666666 0.546875 0.09416666666666666 0.566875 0.10083333333333333 0.5693750000000001 0.11333333333333333 0.5675000000000001 0.15083333333333332 0.5700000000000001 0.16833333333333333 0.568125 0.23916666666666667 0.568125 0.32 0.5737500000000001 0.32416666666666666 0.571875 0.32666666666666666 0.5675000000000001 0.32666666666666666 0.536875 0.3308333333333333 0.525625 0.3275 0.51875 0.29500000000000004 0.510625 0.2683333333333333 0.51 0.265 0.5075000000000001 0.26083333333333336 0.509375 0.255 0.504375 0.2425 0.509375 0.195 0.50875 0.185 0.5050000000000001 0.17916666666666667 0.509375 0.16499999999999998 0.51 0.15 0.504375 0.14333333333333334 0.504375 0.13333333333333333 0.509375 0.12250000000000001 0.5068750000000001 0.11333333333333333 0.51 0.10916666666666666 0.509375 0.09833333333333333 0.52375 0.08833333333333333 0.539375 0.08833333333333333 0.5431250000000001
0 0.78515625 0.7265625 0.00078125 0.00234375
0 0.78515625 0.68515625 0.0015625 0.0015625
0 0.7859375 0.678125 0.00078125 0.0015625
0 0.77890625 0.67109375 0.00078125 0.0015625
0 0.57421875 0.63359375 0.003125 0.00078125
0 0.6383333333333333 0.588125 0.6333333333333333 0.5875 0.6333333333333333 0.5893750000000001 0.6383333333333333 0.588125
0 0.6216666666666667 0.590625 0.6241666666666666 0.58875 0.6224999999999999 0.584375 0.6333333333333333 0.58125 0.6233333333333333 0.5775 0.6174999999999999 0.5831250000000001 0.6158333333333333 0.5893750000000001 0.6216666666666667 0.590625
0 0.6583333333333333 0.573125 0.6591666666666667 0.570625 0.6558333333333334 0.5700000000000001 0.6541666666666667 0.57125 0.6583333333333333 0.573125
0 0.6466666666666667 0.570625 0.6383333333333333 0.570625 0.6366666666666666 0.576875 0.6466666666666667 0.570625
0 0.5708333333333333 0.6256250000000001 0.5758333333333333 0.6256250000000001 0.5816666666666667 0.6300000000000001 0.5783333333333334 0.633125 0.5791666666666667 0.6375 0.5708333333333333 0.641875 0.5691666666666666 0.646875 0.5700000000000001 0.661875 0.5725 0.6631250000000001 0.5691666666666666 0.6681250000000001 0.5708333333333333 0.685625 0.5675 0.68875 0.5666666666666667 0.7 0.5675 0.73375 0.5741666666666666 0.73125 0.5791666666666667 0.735625 0.585 0.7350000000000001 0.5875 0.7325 0.595 0.7350000000000001 0.6158333333333333 0.731875 0.6333333333333333 0.733125 0.64 0.72875 0.6475 0.735625 0.6633333333333333 0.726875 0.6741666666666666 0.7306250000000001 0.69 0.7306250000000001 0.6925 0.7325 0.6958333333333333 0.7306250000000001 0.7 0.73125 0.6950000000000001 0.7256250000000001 0.6991666666666666 0.7256250000000001 0.7091666666666667 0.71625 0.7125 0.7193750000000001 0.7116666666666667 0.7237500000000001 0.7133333333333333 0.725 0.7166666666666667 0.721875 0.7258333333333333 0.72875 0.7341666666666666 0.72875 0.7416666666666667 0.73125 0.7474999999999999 0.7256250000000001 0.7508333333333332 0.7275 0.7558333333333334 0.7256250000000001 0.7691666666666667 0.729375 0.7741666666666667 0.723125 0.7758333333333333 0.7237500000000001 0.7725 0.7193750000000001 0.7858333333333334 0.716875 0.7808333333333334 0.6925000000000001 0.7825 0.686875 0.7783333333333333 0.684375 0.7716666666666667 0.684375 0.7666666666666667 0.67625 0.7583333333333333 0.675 0.76 0.6625 0.7683333333333333 0.661875 0.7716666666666667 0.664375 0.7758333333333333 0.6625 0.7791666666666667 0.665625 0.7825 0.6612500000000001 0.7891666666666667 0.665625 0.7899999999999999 0.6631250000000001 0.7858333333333334 0.635625 0.7983333333333333 0.629375 0.7991666666666666 0.624375 0.7966666666666666 0.598125 0.7858333333333334 0.5787500000000001 0.7808333333333334 0.5800000000000001 0.7758333333333333 0.5743750000000001 0.7683333333333333 0.571875 0.7583333333333333 0.57125 0.7433333333333334 0.5743750000000001 0.725 0.5700000000000001 0.7091666666666667 0.5693750000000001 0.7008333333333333 0.573125 0.6966666666666667 0.5693750000000001 0.6849999999999999 0.566875 0.6716666666666666 0.5725 0.6683333333333333 0.57125 0.6633333333333333 0.573125 0.6583333333333333 0.58125 0.6608333333333334 0.5856250000000001 0.6666666666666667 0.5806250000000001 0.6691666666666667 0.58125 0.6825 0.595 0.6791666666666667 0.598125 0.6583333333333333 0.5987500000000001 0.6541666666666667 0.5956250000000001 0.6441666666666667 0.5943750000000001 0.6458333333333333 0.6 0.64 0.603125 0.63 0.5943750000000001 0.6224999999999999 0.5975 0.6158333333333333 0.5925 0.6091666666666666 0.599375 0.5991666666666666 0.5925 0.5991666666666666 0.5850000000000001 0.605 0.58125 0.6008333333333333 0.5800000000000001 0.6 0.5743750000000001 0.6091666666666666 0.571875 0.62 0.5725 0.62 0.570625 0.6058333333333333 0.5675000000000001 0.595 0.5737500000000001 0.5866666666666667 0.5737500000000001 0.58 0.579375 0.5708333333333333 0.58125 0.5700000000000001 0.60375 0.5675 0.610625 0.5675 0.61875 0.5708333333333333 0.6256250000000001
0 0.32999999999999996 0.5631250000000001 0.3375 0.56625 0.37 0.5650000000000001 0.37583333333333335 0.5631250000000001 0.38666666666666666 0.568125 0.4041666666666667 0.56625 0.41500000000000004 0.5625 0.4175 0.56375 0.43083333333333335 0.559375 0.44333333333333336 0.56 0.4458333333333333 0.561875 0.46333333333333326 0.5643750000000001 0.475 0.56375 0.49083333333333334 0.5675000000000001 0.53 0.565625 0.5416666666666667 0.56875 0.5549999999999999 0.5693750000000001 0.5599999999999999 0.565625 0.5599999999999999 0.5318750000000001 0.5575 0.525625 0.5491666666666666 0.5162500000000001 0.53 0.509375 0.5075000000000001 0.51 0.5016666666666667 0.508125 0.47000000000000003 0.50625 0.36 0.50875 0.3441666666666666 0.5118750000000001 0.34249999999999997 0.51875 0.3308333333333333 0.535 0.33249999999999996 0.546875 0.32999999999999996 0.5631250000000001
0 0.6491666666666667 0.335 0.6475 0.33375000000000005 0.6466666666666667 0.335 0.6491666666666667 0.335
0 0.6 0.328125 0.5983333333333334 0.326875 0.5958333333333333 0.328125 0.6 0.328125
0 0.5841666666666667 0.338125 0.5875 0.34187500000000004 0.5941666666666666 0.338125 0.5883333333333333 0.3325 0.5883333333333333 0.325625 0.5875 0.33375000000000005 0.5841666666666667 0.338125
0 0.594047619047619 0.32166666666666666 0.5966666666666667 0.319375 0.6041666666666667 0.31875 0.61 0.325625 0.61 0.333125 0.605 0.33125 0.6 0.335 0.5991666666666666 0.338125 0.6025 0.33875 0.6091666666666666 0.33937500000000004 0.6158333333333333 0.33687500000000004 0.6266666666666667 0.33937500000000004 0.6325000000000001 0.324375 0.64 0.31625000000000003 0.6491666666666667 0.32 0.6516666666666666 0.324375 0.6508333333333333 0.33125 0.655 0.33375000000000005 0.655 0.3375 0.6591666666666667 0.33875 0.6641666666666667 0.348125 0.675 0.34187500000000004 0.6825 0.34187500000000004 0.6925 0.3375 0.7041666666666667 0.338125 0.7066666666666667 0.34187500000000004 0.7116666666666667 0.34187500000000004 0.7116666666666667 0.338125 0.7166666666666667 0.334375 0.7541666666666667 0.343125 0.7808333333333334 0.340625 0.7891666666666667 0.343125 0.7941666666666667 0.34125 0.8 0.34500000000000003 0.8083333333333333 0.338125 0.8016666666666665 0.33 0.8008333333333333 0.31500000000000006 0.7941666666666667 0.31062500000000004 0.7833333333333333 0.30812500000000004 0.7008333333333333 0.30500000000000005 0.6741666666666666 0.30812500000000004 0.6625 0.303125 0.65 0.303125 0.64 0.30625 0.6191666666666666 0.30375 0.6091666666666666 0.30625 0.6008333333333333 0.31375000000000003 0.6025 0.31812500000000005 0.5916666666666667 0.3175 0.594047619047619 0.32166666666666666
0 0.7966666666666666 0.716875 0.7933333333333333 0.7275 0.795 0.7418750000000001 0.7891666666666667 0.7475 0.7899999999999999 0.7518750000000001 0.8033333333333333 0.7550000000000001 0.9175000000000001 0.7550000000000001 0.9199999999999999 0.75125 0.9183333333333333 0.7412500000000001 0.9241666666666667 0.73375 0.9258333333333333 0.723125 0.925 0.711875 0.9208333333333334 0.7025 0.9208333333333334 0.695625 0.9258333333333333 0.693125 0.9225 0.681875 0.925 0.66625 0.9208333333333334 0.6568750000000001 0.9333333333333333 0.6431250000000001 0.9316666666666666 0.618125 0.9266666666666665 0.6025 0.9183333333333333 0.601875 0.9058333333333334 0.5975 0.8908333333333334 0.5962500000000001 0.8408333333333333 0.5962500000000001 0.8333333333333334 0.5943750000000001 0.8291666666666666 0.5962500000000001 0.8091666666666667 0.596875 0.805 0.6056250000000001 0.805 0.630625 0.795 0.64 0.7991666666666666 0.6518750000000001 0.7991666666666666 0.6631250000000001 0.7966666666666666 0.666875 0.7991666666666666 0.6893750000000001 0.7916666666666667 0.695625 0.7916666666666667 0.70625 0.7966666666666666 0.716875
0 0.7958333333333333 0.6481250000000001 0.795 0.6737500000000001 0.7983333333333333 0.681875 0.8058333333333334 0.68625 0.8275 0.685625 0.8308333333333333 0.6875 0.8491666666666667 0.6881250000000001 0.8516666666666666 0.68625 0.8625 0.68625 0.8724999999999999 0.6831250000000001 0.8925000000000001 0.6893750000000001 0.9216666666666666 0.6893750000000001 0.9199999999999999 0.685 0.925 0.6793750000000001 0.9266666666666665 0.666875 0.9266666666666665 0.6631250000000001 0.9216666666666666 0.6568750000000001 0.9324999999999999 0.650625 0.9324999999999999 0.634375 0.9308333333333334 0.6300000000000001 0.9183333333333333 0.62375 0.9141666666666666 0.635625 0.9116666666666667 0.633125 0.9066666666666666 0.6325000000000001 0.9041666666666666 0.6275000000000001 0.8925000000000001 0.6268750000000001 0.8933333333333333 0.6318750000000001 0.8975 0.6362500000000001 0.8941666666666667 0.639375 0.89 0.6362500000000001 0.8833333333333334 0.635625 0.8791666666666667 0.64 0.8733333333333333 0.640625 0.8691666666666666 0.635 0.8658333333333333 0.6375 0.8416666666666666 0.635 0.8391666666666666 0.640625 0.8233333333333333 0.6412500000000001 0.8208333333333334 0.64 0.8233333333333333 0.6368750000000001 0.8166666666666667 0.63375 0.8175000000000001 0.6300000000000001 0.8133333333333332 0.625 0.805 0.63375 0.7958333333333333 0.6375 0.7925 0.64 0.7958333333333333 0.6481250000000001
0 0.8800000000000001 0.625 0.8816666666666666 0.6225 0.8791666666666667 0.6225 0.8800000000000001 0.625
0 0.9258333333333333 0.6206250000000001 0.9283333333333333 0.62 0.9291666666666666 0.615625 0.925 0.608125 0.9233333333333332 0.6112500000000001 0.9258333333333333 0.6206250000000001
0 0.9008333333333333 0.6050000000000001 0.9041666666666666 0.604375 0.9041666666666666 0.6006250000000001 0.8991666666666667 0.601875 0.9008333333333333 0.6050000000000001
0 0.8758333333333332 0.6100000000000001 0.8791666666666667 0.606875 0.8866666666666667 0.606875 0.8883333333333333 0.60375 0.8841666666666667 0.5987500000000001 0.8699999999999999 0.5987500000000001 0.8675 0.6006250000000001 0.8691666666666666 0.60625 0.8758333333333332 0.6100000000000001
0 0.8425 0.6006250000000001 0.8425 0.5987500000000001 0.8333333333333334 0.598125 0.835 0.6012500000000001 0.8425 0.6006250000000001
0 0.8125 0.6118750000000001 0.8208333333333334 0.623125 0.8241666666666667 0.623125 0.8283333333333334 0.619375 0.8216666666666667 0.615625 0.8216666666666667 0.60875 0.8241666666666667 0.60625 0.8216666666666667 0.599375 0.8099999999999999 0.598125 0.8083333333333333 0.6012500000000001 0.8125 0.6118750000000001
0 0.7866666666666666 0.359375 0.7908333333333333 0.355625 0.7891666666666667 0.353125 0.7858333333333334 0.354375 0.7841666666666667 0.356875 0.7866666666666666 0.359375
0 0.5700000000000001 0.4375 0.5700000000000001 0.4425 0.5733333333333334 0.44375 0.5883333333333333 0.4443750000000001 0.6041666666666667 0.440625 0.64 0.44312500000000005 0.6625 0.440625 0.6716666666666666 0.44312500000000005 0.6791666666666667 0.440625 0.6975 0.44000000000000006 0.7183333333333334 0.4425 0.7483333333333333 0.441875 0.7575000000000001 0.445625 0.7725 0.4443750000000001 0.7766666666666666 0.446875 0.7958333333333333 0.45062500000000005 0.8 0.446875 0.8066666666666666 0.445625 0.8108333333333333 0.440625 0.8116666666666668 0.405625 0.805 0.37312500000000004 0.8066666666666666 0.37125 0.8141666666666666 0.37125 0.8141666666666666 0.36750000000000005 0.8108333333333333 0.366875 0.8141666666666666 0.36375 0.8141666666666666 0.355625 0.7925 0.34 0.8025 0.32625000000000004 0.8 0.316875 0.7891666666666667 0.311875 0.7808333333333334 0.313125 0.7783333333333333 0.31062500000000004 0.7641666666666667 0.31062500000000004 0.7474999999999999 0.3075 0.7133333333333333 0.309375 0.7066666666666667 0.306875 0.6908333333333333 0.306875 0.675 0.31062500000000004 0.6675 0.306875 0.6541666666666667 0.30625 0.64 0.31125 0.6275000000000001 0.30562500000000004 0.6108333333333333 0.306875 0.6041666666666667 0.31500000000000006 0.5933333333333334 0.32062500000000005 0.5916666666666667 0.3275 0.58 0.34187500000000004 0.5775 0.3725 0.5841666666666667 0.374375 0.5916666666666667 0.3825 0.5733333333333334 0.40437500000000004 0.575 0.41875 0.5700000000000001 0.4375
0 0.3183333333333333 0.28625 0.3158333333333333 0.30250000000000005 0.3175 0.306875 0.32166666666666666 0.30812500000000004 0.3408333333333333 0.30812500000000004 0.34833333333333333 0.30500000000000005 0.35583333333333333 0.306875 0.3725 0.30500000000000005 0.38416666666666666 0.3075 0.4666666666666667 0.3075 0.49083333333333334 0.31 0.5225 0.30875 0.5325 0.3125 0.5375 0.31062500000000004 0.5508333333333333 0.31125 0.5583333333333333 0.30812500000000004 0.5566666666666666 0.28 0.5458333333333333 0.254375 0.5425 0.25125000000000003 0.53 0.2475 0.5183333333333333 0.2375 0.5083333333333333 0.240625 0.49916666666666665 0.248125 0.4916666666666667 0.248125 0.47833333333333333 0.240625 0.4575 0.248125 0.44833333333333336 0.24625000000000002 0.4383333333333333 0.23875000000000002 0.43166666666666664 0.238125 0.41833333333333333 0.2475 0.38666666666666666 0.24312500000000004 0.3775 0.24937500000000004 0.36583333333333334 0.24625000000000002 0.355 0.23875000000000002 0.345 0.24125000000000002 0.335 0.250625 0.3283333333333333 0.25125000000000003 0.32416666666666666 0.25625 0.315 0.275 0.3183333333333333 0.28625
0 0.7691666666666667 0.265 0.7683333333333333 0.27625 0.7716666666666667 0.283125 0.7849999999999999 0.28625 0.78 0.293125 0.7833333333333333 0.303125 0.8175000000000001 0.313125 0.8166666666666667 0.32062500000000005 0.8275 0.33937500000000004 0.8300000000000001 0.348125 0.8266666666666665 0.359375 0.8275 0.369375 0.8324999999999999 0.376875 0.8233333333333333 0.39437500000000003 0.8275 0.395 0.8300000000000001 0.39875000000000005 0.8275 0.40125 0.8241666666666667 0.4 0.8233333333333333 0.41125 0.8183333333333334 0.4175 0.8191666666666666 0.4325 0.8241666666666667 0.4443750000000001 0.8316666666666667 0.44750000000000006 0.8541666666666666 0.445625 0.8608333333333332 0.44875 0.8733333333333333 0.446875 0.8975 0.44875 0.9075 0.448125 0.915 0.44375 0.9366666666666668 0.45 0.9391666666666666 0.453125 0.9525 0.449375 0.9525 0.43125 0.9558333333333333 0.42125 0.9516666666666665 0.403125 0.9566666666666667 0.39187500000000003 0.9533333333333334 0.384375 0.9475 0.3825 0.9466666666666667 0.37875000000000003 0.9491666666666667 0.37625000000000003 0.96 0.37312500000000004 0.96 0.3625 0.9533333333333334 0.35250000000000004 0.96 0.34875 0.9633333333333333 0.343125 0.97 0.34125 0.97 0.32375000000000004 0.9733333333333333 0.31875 0.9733333333333333 0.313125 0.9691666666666666 0.306875 0.9675 0.29625 0.9691666666666666 0.29250000000000004 0.9775 0.288125 0.9808333333333333 0.283125 0.9800000000000001 0.248125 0.9733333333333333 0.24500000000000002 0.9491666666666667 0.246875 0.9383333333333332 0.24125000000000002 0.9133333333333333 0.244375 0.9033333333333333 0.240625 0.8791666666666667 0.24500000000000002 0.8724999999999999 0.240625 0.865 0.240625 0.8508333333333333 0.244375 0.8375 0.24000000000000005 0.8266666666666665 0.240625 0.8208333333333334 0.24375 0.8141666666666666 0.244375 0.8074999999999999 0.240625 0.7966666666666666 0.240625 0.7833333333333333 0.246875 0.7675 0.25125000000000003 0.7633333333333333 0.25562500000000005 0.7625 0.25875000000000004 0.7691666666666667 0.265
0 0.5675 0.5831250000000001 0.5658333333333333 0.615 0.5675 0.62375 0.5708333333333333 0.625 0.585 0.6268750000000001 0.5941666666666666 0.624375 0.6033333333333333 0.6256250000000001 0.65 0.62375 0.6808333333333334 0.6268750000000001 0.72 0.62625 0.7408333333333333 0.62875 0.7474999999999999 0.6268750000000001 0.7649999999999999 0.6268750000000001 0.7725 0.6300000000000001 0.7966666666666666 0.6300000000000001 0.8 0.62625 0.7975 0.5962500000000001 0.7916666666666667 0.58125 0.7966666666666666 0.575625 0.8 0.575625 0.805 0.5631250000000001 0.8008333333333333 0.535625 0.7941666666666667 0.5206250000000001 0.7933333333333333 0.510625 0.7816666666666666 0.510625 0.7658333333333334 0.5075000000000001 0.7458333333333333 0.5075000000000001 0.7408333333333333 0.51 0.7325 0.5075000000000001 0.6783333333333333 0.50625 0.6716666666666666 0.508125 0.6083333333333333 0.5068750000000001 0.6025 0.509375 0.5858333333333333 0.5112500000000001 0.5708333333333333 0.519375 0.5666666666666667 0.56 0.5708333333333333 0.56875 0.5675 0.5831250000000001
0 0.06 0.27937500000000004 0.0675 0.28625 0.0725 0.2875 0.07833333333333334 0.2875 0.09083333333333334 0.28250000000000003 0.1 0.28687500000000005 0.1075 0.28687500000000005 0.1125 0.28937500000000005 0.13 0.28250000000000003 0.13416666666666666 0.28250000000000003 0.13999999999999999 0.28625 0.15416666666666667 0.2875 0.16416666666666666 0.28125 0.19583333333333333 0.28375000000000006 0.20083333333333334 0.28125 0.2058333333333333 0.280625 0.21000000000000002 0.28250000000000003 0.21749999999999997 0.28 0.22749999999999998 0.283125 0.24416666666666664 0.280625 0.255 0.28375000000000006 0.25833333333333336 0.28250000000000003 0.2633333333333333 0.284375 0.27749999999999997 0.284375 0.28833333333333333 0.28125 0.3 0.28250000000000003 0.30666666666666664 0.27937500000000004 0.3091666666666667 0.275625 0.30833333333333335 0.2575 0.3 0.255 0.28833333333333333 0.25562500000000005 0.28583333333333333 0.246875 0.2791666666666667 0.24500000000000002 0.255 0.246875 0.2375 0.24375 0.21916666666666665 0.24375 0.20916666666666667 0.246875 0.18333333333333332 0.24500000000000002 0.09583333333333334 0.24562500000000004 0.08499999999999999 0.250625 0.0775 0.25 0.07333333333333333 0.251875 0.07083333333333333 0.25 0.06916666666666667 0.259375 0.06 0.27937500000000004
0 0.8033333333333333 0.5956250000000001 0.8241666666666667 0.59375 0.86 0.5956250000000001 0.8691666666666666 0.5925 0.8783333333333333 0.5956250000000001 0.89 0.5943750000000001 0.9 0.596875 0.9383333333333332 0.5987500000000001 0.9441666666666666 0.588125 0.9441666666666666 0.5743750000000001 0.9375 0.5643750000000001 0.9349999999999999 0.5537500000000001 0.9208333333333334 0.5493750000000001 0.8724999999999999 0.5487500000000001 0.8691666666666666 0.54625 0.835 0.5487500000000001 0.8108333333333333 0.545625 0.805 0.553125 0.8066666666666666 0.5675000000000001 0.8008333333333333 0.573125 0.7925 0.5743750000000001 0.7933333333333333 0.58375 0.8033333333333333 0.5956250000000001
0 0.32999999999999996 0.480625 0.3283333333333333 0.505625 0.3308333333333333 0.50875 0.3416666666666667 0.509375 0.35333333333333333 0.50625 0.38166666666666665 0.50625 0.38666666666666666 0.50375 0.4058333333333334 0.5068750000000001 0.42666666666666664 0.5068750000000001 0.43166666666666664 0.504375 0.4583333333333333 0.5068750000000001 0.4725 0.5050000000000001 0.49916666666666665 0.505625 0.5066666666666666 0.508125 0.5275000000000001 0.5075000000000001 0.5383333333333333 0.51 0.5533333333333333 0.51 0.5583333333333333 0.508125 0.5566666666666666 0.465625 0.545 0.45 0.5291666666666667 0.43875000000000003 0.5191666666666667 0.4375 0.5108333333333334 0.440625 0.5083333333333333 0.436875 0.49083333333333334 0.43937499999999996 0.4875 0.436875 0.4841666666666667 0.44000000000000006 0.46333333333333326 0.44000000000000006 0.45999999999999996 0.43812500000000004 0.4575 0.44000000000000006 0.4491666666666666 0.44000000000000006 0.4458333333333333 0.43624999999999997 0.4425 0.44000000000000006 0.42750000000000005 0.43500000000000005 0.41583333333333333 0.44000000000000006 0.41083333333333333 0.43812500000000004 0.4083333333333333 0.44000000000000006 0.3975 0.44000000000000006 0.39416666666666667 0.44312500000000005 0.3883333333333333 0.44000000000000006 0.3683333333333333 0.44125000000000003 0.3616666666666667 0.43937499999999996 0.34249999999999997 0.44312500000000005 0.33333333333333337 0.460625 0.3275 0.47375 0.32999999999999996 0.480625
0 0.4658333333333333 0.43500000000000005 0.46749999999999997 0.436875 0.4725 0.43562500000000004 0.47000000000000003 0.4287500000000001 0.47000000000000003 0.4325 0.4658333333333333 0.43500000000000005
0 0.5533333333333333 0.436875 0.5533333333333333 0.42374999999999996 0.55 0.42437500000000006 0.5483333333333333 0.43500000000000005 0.5533333333333333 0.436875
0 0.48583333333333334 0.421875 0.4841666666666667 0.42000000000000004 0.4758333333333333 0.42062499999999997 0.47750000000000004 0.42250000000000004 0.48583333333333334 0.421875
0 0.37666666666666665 0.41875 0.3775 0.414375 0.37583333333333335 0.4131250000000001 0.37333333333333335 0.415625 0.3725 0.418125 0.37666666666666665 0.41875
0 0.41583333333333333 0.41625000000000006 0.41833333333333333 0.41625000000000006 0.4208333333333333 0.4125 0.4291666666666667 0.41125 0.41500000000000004 0.41125 0.4133333333333333 0.414375 0.41583333333333333 0.41625000000000006
0 0.45583333333333337 0.41625000000000006 0.45999999999999996 0.41937500000000005 0.4683333333333334 0.41500000000000004 0.4683333333333334 0.41125 0.45583333333333337 0.41125 0.4491666666666666 0.41375 0.45 0.4175 0.45583333333333337 0.41625000000000006
0 0.10666666666666666 0.581875 0.095 0.5987500000000001 0.10416666666666667 0.603125 0.10500000000000001 0.606875 0.10583333333333333 0.619375 0.1025 0.62 0.09833333333333333 0.6268750000000001 0.1125 0.6318750000000001 0.11083333333333334 0.6431250000000001 0.10583333333333333 0.650625 0.10916666666666666 0.654375 0.16416666666666666 0.6568750000000001 0.16666666666666669 0.6581250000000001 0.16333333333333333 0.6637500000000001 0.16583333333333333 0.665625 0.17083333333333334 0.664375 0.16833333333333333 0.6581250000000001 0.17083333333333334 0.6568750000000001 0.17916666666666667 0.6568750000000001 0.18166666666666667 0.6587500000000001 0.18583333333333335 0.6568750000000001 0.20166666666666666 0.65625 0.205 0.6575 0.205 0.66 0.19916666666666666 0.665 0.205 0.66875 0.21666666666666665 0.666875 0.22833333333333333 0.6787500000000001 0.23916666666666667 0.6793750000000001 0.24916666666666668 0.675 0.25833333333333336 0.6793750000000001 0.2683333333333333 0.680625 0.2733333333333333 0.6787500000000001 0.2758333333333333 0.680625 0.28583333333333333 0.6743750000000001 0.2925 0.6787500000000001 0.3 0.6793750000000001 0.3091666666666667 0.6831250000000001 0.3283333333333333 0.681875 0.3275 0.68 0.32416666666666666 0.68125 0.32 0.6787500000000001 0.32166666666666666 0.661875 0.3283333333333333 0.654375 0.33166666666666667 0.640625 0.32666666666666666 0.62625 0.3275 0.5987500000000001 0.3308333333333333 0.58125 0.32666666666666666 0.5775 0.31 0.5775 0.2991666666666667 0.573125 0.2841666666666667 0.570625 0.24333333333333332 0.570625 0.22749999999999998 0.568125 0.1925 0.570625 0.1825 0.56875 0.14166666666666666 0.570625 0.12166666666666666 0.566875 0.11499999999999999 0.56875 0.10916666666666666 0.5675000000000001 0.10333333333333332 0.570625 0.10666666666666666 0.5737500000000001 0.10666666666666666 0.581875
0 0.07583333333333334 0.41187500000000005 0.07583333333333334 0.41500000000000004 0.08416666666666667 0.42437500000000006 0.08083333333333334 0.43062500000000004 0.08 0.4443750000000001 0.095 0.45437500000000003 0.10666666666666666 0.45687500000000003 0.11083333333333334 0.468125 0.11499999999999999 0.47250000000000003 0.125 0.47250000000000003 0.1275 0.4625 0.12250000000000001 0.46125 0.11916666666666667 0.45625 0.1125 0.45499999999999996 0.1125 0.45187499999999997 0.13 0.45 0.13666666666666666 0.45562500000000006 0.15083333333333332 0.45499999999999996 0.15416666666666667 0.45125000000000004 0.1575 0.45187499999999997 0.1575 0.459375 0.15416666666666667 0.46312500000000006 0.15833333333333333 0.47062499999999996 0.16666666666666669 0.471875 0.16916666666666666 0.47062499999999996 0.16499999999999998 0.46687500000000004 0.16666666666666669 0.45687500000000003 0.16166666666666668 0.4525 0.17083333333333334 0.45 0.175 0.45187499999999997 0.18166666666666667 0.44750000000000006 0.18916666666666665 0.458125 0.185 0.46312500000000006 0.195 0.47437500000000005 0.19916666666666666 0.47375 0.20666666666666664 0.468125 0.20916666666666667 0.47375 0.2125 0.47375 0.21333333333333332 0.47000000000000003 0.20750000000000002 0.465 0.21083333333333334 0.45875000000000005 0.2225 0.4525 0.22749999999999998 0.45625 0.22166666666666668 0.46312500000000006 0.225 0.46687500000000004 0.22333333333333333 0.47000000000000003 0.2375 0.4756250000000001 0.2425 0.47250000000000003 0.2425 0.46687500000000004 0.24666666666666667 0.4600000000000001 0.24 0.4600000000000001 0.23916666666666667 0.4525 0.2425 0.44875 0.24833333333333335 0.44875 0.24666666666666667 0.4525 0.2533333333333333 0.45187499999999997 0.255 0.45687500000000003 0.25833333333333336 0.45687500000000003 0.26166666666666666 0.45375000000000004 0.2733333333333333 0.45625 0.265 0.46187500000000004 0.2633333333333333 0.476875 0.26666666666666666 0.476875 0.2658333333333333 0.47250000000000003 0.27999999999999997 0.476875 0.28500000000000003 0.47062499999999996 0.2841666666666667 0.46687500000000004 0.29333333333333333 0.45687500000000003 0.30416666666666664 0.45625 0.31916666666666665 0.449375 0.3158333333333333 0.414375 0.3175 0.398125 0.31416666666666665 0.3925 0.3075 0.389375 0.30333333333333334 0.39 0.29333333333333333 0.38625000000000004 0.2791666666666667 0.384375 0.2625 0.385 0.24916666666666668 0.381875 0.24083333333333332 0.38375000000000004 0.2033333333333333 0.38375000000000004 0.145 0.3825 0.13833333333333334 0.38 0.12666666666666665 0.3825 0.10166666666666666 0.3825 0.095 0.38 0.09166666666666666 0.381875 0.08833333333333333 0.38062500000000005 0.08499999999999999 0.38375000000000004 0.08499999999999999 0.39 0.07583333333333334 0.41187500000000005
0 0.7941666666666667 0.7143750000000001 0.7916666666666667 0.7256250000000001 0.7933333333333333 0.7375 0.7858333333333334 0.746875 0.7891666666666667 0.75625 0.9216666666666666 0.7550000000000001 0.9225 0.74375 0.9275 0.7300000000000001 0.9275 0.71875 0.9216666666666666 0.69625 0.925 0.69375 0.925 0.6900000000000001 0.9216666666666666 0.6875 0.8791666666666667 0.6875 0.8683333333333334 0.6825 0.8616666666666667 0.6875 0.8516666666666666 0.6881250000000001 0.8441666666666666 0.685625 0.8266666666666665 0.68625 0.8225 0.681875 0.8191666666666666 0.6837500000000001 0.8183333333333334 0.681875 0.8116666666666668 0.686875 0.8033333333333333 0.686875 0.7925 0.695625 0.7908333333333333 0.701875 0.7908333333333333 0.709375 0.7941666666666667 0.7143750000000001
0 0.805 0.684375 0.8083333333333333 0.68125 0.8033333333333333 0.678125 0.8016666666666665 0.6831250000000001 0.805 0.684375
0 0.53984375 0.721875 0.0015625 0.003125
0 0.35416666666666663 0.68625 0.3625 0.685625 0.37083333333333335 0.680625 0.3975 0.680625 0.40083333333333326 0.6825 0.4091666666666667 0.68 0.4291666666666667 0.681875 0.45666666666666667 0.678125 0.46333333333333326 0.680625 0.4883333333333333 0.68 0.49333333333333335 0.678125 0.49833333333333335 0.681875 0.5283333333333333 0.6831250000000001 0.5508333333333333 0.686875 0.5566666666666666 0.6837500000000001 0.5583333333333333 0.6793750000000001 0.5575 0.634375 0.5508333333333333 0.6300000000000001 0.5183333333333333 0.6256250000000001 0.5075000000000001 0.6268750000000001 0.4716666666666667 0.62375 0.425 0.62375 0.4033333333333333 0.625 0.39416666666666667 0.6275000000000001 0.38249999999999995 0.625 0.3683333333333333 0.625 0.35333333333333333 0.6268750000000001 0.3441666666666666 0.63125 0.3383333333333333 0.640625 0.33416666666666667 0.659375 0.3358333333333333 0.681875 0.35416666666666663 0.68625
0 0.06583333333333333 0.34875 0.0725 0.356875 0.06999999999999999 0.38 0.07416666666666667 0.3825 0.08833333333333333 0.37875000000000003 0.1075 0.38125 0.11583333333333332 0.378125 0.125 0.38 0.13916666666666666 0.37875000000000003 0.14416666666666667 0.38125 0.15416666666666667 0.381875 0.17833333333333332 0.38 0.19583333333333333 0.3825 0.2558333333333333 0.38 0.26666666666666666 0.38375000000000004 0.27999999999999997 0.3825 0.30833333333333335 0.386875 0.31333333333333335 0.385 0.3175 0.38 0.315 0.37062500000000004 0.315 0.345625 0.3125 0.34187500000000004 0.31333333333333335 0.33125 0.30666666666666664 0.325625 0.2966666666666667 0.3225 0.27666666666666667 0.32125000000000004 0.27083333333333337 0.31875 0.24083333333333332 0.319375 0.22999999999999998 0.315625 0.21916666666666665 0.315625 0.21000000000000002 0.31875 0.20166666666666666 0.31625000000000003 0.185 0.315625 0.17416666666666666 0.315625 0.16833333333333333 0.31812500000000005 0.16166666666666668 0.31625000000000003 0.13916666666666666 0.31625000000000003 0.13 0.319375 0.11666666666666667 0.31625000000000003 0.09833333333333333 0.31625000000000003 0.09083333333333334 0.3225 0.08166666666666667 0.325 0.07416666666666667 0.333125 0.06999999999999999 0.345625 0.06583333333333333 0.34875
0 0.2925 0.379375 0.29833333333333334 0.376875 0.29833333333333334 0.3725 0.29583333333333334 0.37062500000000004 0.28583333333333333 0.3725 0.28583333333333333 0.37625000000000003 0.2925 0.379375
0 0.07416666666666667 0.35625 0.08416666666666667 0.356875 0.09 0.350625 0.10166666666666666 0.34937500000000005 0.10916666666666666 0.35187500000000005 0.12833333333333333 0.35 0.15416666666666667 0.35250000000000004 0.17583333333333334 0.350625 0.19583333333333333 0.358125 0.19916666666666666 0.358125 0.20416666666666666 0.35250000000000004 0.21333333333333332 0.35125 0.22666666666666666 0.35625 0.25 0.35187500000000005 0.25833333333333336 0.35250000000000004 0.26666666666666666 0.35750000000000004 0.275 0.354375 0.2791666666666667 0.35750000000000004 0.28583333333333333 0.35375 0.30333333333333334 0.358125 0.31083333333333335 0.358125 0.315 0.346875 0.31083333333333335 0.335625 0.3125 0.32625000000000004 0.3 0.321875 0.29416666666666663 0.3175 0.2833333333333333 0.3175 0.2758333333333333 0.32 0.22666666666666666 0.31500000000000006 0.21000000000000002 0.3175 0.20166666666666666 0.315625 0.17583333333333334 0.315625 0.16916666666666666 0.31812500000000005 0.16166666666666668 0.31625000000000003 0.135 0.3175 0.13 0.32062500000000005 0.12250000000000001 0.32062500000000005 0.11666666666666667 0.31625000000000003 0.09916666666666667 0.31625000000000003 0.09083333333333334 0.31875 0.0775 0.32875 0.06666666666666667 0.34875 0.07416666666666667 0.35625
0 0.9333333333333333 0.670625 0.9275 0.681875 0.9366666666666668 0.69375 0.9633333333333333 0.69625 0.9666666666666666 0.6943750000000001 0.9775 0.69375 0.9908333333333333 0.695625 0.9949999999999999 0.6925000000000001 0.9991666666666668 0.6825 0.9966666666666667 0.6793750000000001 0.9991666666666668 0.67625 0.9991666666666668 0.6456250000000001 0.9949999999999999 0.6431250000000001 0.9758333333333333 0.6481250000000001 0.97 0.644375 0.95 0.644375 0.9416666666666667 0.6425000000000001 0.9408333333333333 0.646875 0.9324999999999999 0.649375 0.9266666666666665 0.655625 0.9266666666666665 0.6625 0.9333333333333333 0.670625
0 0.9483333333333333 0.58125 0.9366666666666668 0.619375 0.9408333333333333 0.630625 0.9416666666666667 0.645 0.9475 0.650625 0.95 0.6568750000000001 0.96 0.65 0.9641666666666666 0.6525000000000001 0.9766666666666666 0.6475000000000001 0.9908333333333333 0.649375 0.9991666666666668 0.6425000000000001 0.9991666666666668 0.5925 0.9949999999999999 0.581875 0.9966666666666667 0.5587500000000001 0.9991666666666668 0.555625 0.9991666666666668 0.52875 0.9958333333333333 0.525625 0.9991666666666668 0.5206250000000001 0.9991666666666668 0.5050000000000001 0.9641666666666666 0.5068750000000001 0.9508333333333333 0.509375 0.9516666666666665 0.530625 0.9483333333333333 0.5387500000000001 0.95 0.550625 0.9483333333333333 0.555625 0.9425000000000001 0.560625 0.9425000000000001 0.5675000000000001 0.9483333333333333 0.58125
0 0.26749999999999996 0.7275 0.265 0.724375 0.26416666666666666 0.7275 0.26749999999999996 0.7275
0 0.30390625 0.7171875 0.00078125 0.0015625
0 0.13916666666666666 0.716875 0.13666666666666666 0.715625 0.13666666666666666 0.7175 0.13916666666666666 0.716875
0 0.2791666666666667 0.724375 0.2841666666666667 0.72 0.275 0.7143750000000001 0.26749999999999996 0.7206250000000001 0.2791666666666667 0.724375
0 0.23916666666666667 0.721875 0.25083333333333335 0.7206250000000001 0.24833333333333335 0.716875 0.24166666666666664 0.7143750000000001 0.2375 0.7150000000000001 0.2341666666666667 0.716875 0.23916666666666667 0.721875
0 0.20166666666666666 0.71625 0.2033333333333333 0.72 0.21000000000000002 0.7212500000000001 0.2125 0.7175 0.21166666666666667 0.713125 0.21000000000000002 0.7106250000000001 0.2058333333333333 0.7106250000000001 0.20166666666666666 0.713125 0.20166666666666666 0.71625
0 0.1675 0.72 0.17083333333333334 0.721875 0.17666666666666667 0.7212500000000001 0.18 0.7175 0.1775 0.7125 0.17166666666666666 0.709375 0.16666666666666669 0.713125 0.1675 0.72
0 0.20916666666666667 0.70875 0.21000000000000002 0.70625 0.20666666666666664 0.7050000000000001 0.2058333333333333 0.7081250000000001 0.20916666666666667 0.70875
0 0.30833333333333335 0.71625 0.3058333333333333 0.721875 0.30833333333333335 0.724375 0.31916666666666665 0.726875 0.31333333333333335 0.734375 0.31416666666666665 0.7368750000000001 0.32916666666666666 0.7375 0.3308333333333333 0.7212500000000001 0.3258333333333333 0.71375 0.3275 0.7102081250000001 0.32333333333333336 0.7106250000000001 0.3275 0.706875 0.31333333333333335 0.7056250000000001 0.31083333333333335 0.7075 0.30333333333333334 0.7037500000000001 0.30083333333333334 0.7100000000000001 0.30833333333333335 0.71625
0 0.2733333333333333 0.70125 0.2758333333333333 0.7050000000000001 0.27416666666666667 0.701875 0.27666666666666667 0.701875 0.27416666666666667 0.698125 0.27083333333333337 0.6975 0.26916666666666667 0.7 0.2733333333333333 0.70125
0 0.1025 0.65125 0.1025 0.654375 0.10916666666666666 0.659375 0.10500000000000001 0.6793750000000001 0.13166666666666665 0.6893750000000001 0.13666666666666666 0.69625 0.14666666666666667 0.70125 0.14916666666666667 0.7 0.14416666666666667 0.695625 0.14666666666666667 0.69375 0.16666666666666669 0.6875 0.16999999999999998 0.68875 0.17416666666666666 0.69625 0.18416666666666665 0.70125 0.18916666666666665 0.7 0.19583333333333333 0.6943750000000001 0.20249999999999999 0.6943750000000001 0.21000000000000002 0.7 0.21916666666666665 0.70125 0.22416666666666668 0.6993750000000001 0.225 0.695625 0.2341666666666667 0.68625 0.2375 0.6881250000000001 0.24416666666666664 0.684375 0.24666666666666667 0.685625 0.24416666666666664 0.691875 0.24666666666666667 0.698125 0.25416666666666665 0.704375 0.25916666666666666 0.703125 0.26 0.6975 0.26916666666666667 0.6900000000000001 0.2758333333333333 0.690625 0.2791666666666667 0.6875 0.27999999999999997 0.70125 0.28583333333333333 0.704375 0.29416666666666663 0.7037500000000001 0.2991666666666667 0.6993750000000001 0.2991666666666667 0.695625 0.30666666666666664 0.69125 0.31333333333333335 0.69125 0.32416666666666666 0.695625 0.3283333333333333 0.690625 0.3308333333333333 0.639375 0.3225 0.6325000000000001 0.31416666666666665 0.630625 0.31 0.6318750000000001 0.3 0.62625 0.29583333333333334 0.6275000000000001 0.29 0.625 0.28250000000000003 0.628125 0.2791666666666667 0.62625 0.2791666666666667 0.623125 0.275 0.623125 0.2725 0.619375 0.27 0.62375 0.25833333333333336 0.6275000000000001 0.24083333333333332 0.6256250000000001 0.2375 0.623125 0.2375 0.615625 0.23666666666666666 0.618125 0.2308333333333333 0.6162500000000001 0.2225 0.624375 0.21666666666666665 0.6256250000000001 0.19083333333333333 0.6275000000000001 0.1825 0.6256250000000001 0.16499999999999998 0.6256250000000001 0.16083333333333333 0.623125 0.15166666666666667 0.6268750000000001 0.1275 0.6268750000000001 0.11416666666666667 0.629375 0.11000000000000001 0.6431250000000001 0.1025 0.65125
0 0.30083333333333334 0.6162500000000001 0.3075 0.6143750000000001 0.3091666666666667 0.60875 0.31666666666666665 0.603125 0.31416666666666665 0.6006250000000001 0.2991666666666667 0.6006250000000001 0.29583333333333334 0.6025 0.29416666666666663 0.6056250000000001 0.30083333333333334 0.6162500000000001
0 0.2975 0.591875 0.3 0.5956250000000001 0.30333333333333334 0.5925 0.30833333333333335 0.5956250000000001 0.315 0.595 0.31 0.588125 0.3025 0.5893750000000001 0.3 0.5831250000000001 0.29500000000000004 0.588125 0.29416666666666663 0.59125 0.2975 0.591875
0 0.135 0.5743750000000001 0.13166666666666665 0.571875 0.13083333333333333 0.5743750000000001 0.135 0.5743750000000001
0 0.22583333333333333 0.57625 0.22749999999999998 0.5743750000000001 0.22166666666666668 0.57125 0.21583333333333332 0.5743750000000001 0.22583333333333333 0.57625
0 0.21328125 0.571875 0.00078125 0.00078125
0 0.20249999999999999 0.576875 0.20750000000000002 0.5743750000000001 0.2033333333333333 0.57125 0.19833333333333333 0.5725 0.19666666666666666 0.57625 0.20249999999999999 0.576875
0 0.16083333333333333 0.573125 0.15916666666666665 0.5743750000000001 0.16333333333333333 0.576875 0.1721052631578947 0.5729276315789474 0.1675 0.570625 0.16083333333333333 0.573125
0 0.9466666666666667 0.578125 0.9425000000000001 0.5875 0.945 0.5987500000000001 0.9558333333333333 0.6050000000000001 0.9808333333333333 0.601875 0.9991666666666668 0.603125 0.9991666666666668 0.5525 0.9550000000000001 0.5525 0.9416666666666667 0.5587500000000001 0.9408333333333333 0.5693750000000001 0.9466666666666667 0.578125
0 0.9991666666666668 0.516875 0.9991666666666668 0.50875 0.9925 0.5075000000000001 0.9925 0.5162500000000001 0.9991666666666668 0.516875
0 0.7858333333333334 0.306875 0.7991666666666666 0.31062500000000004 0.8074999999999999 0.315625 0.8208333333333334 0.314375 0.8358333333333332 0.3175 0.8608333333333332 0.31500000000000006 0.9 0.31812500000000005 0.9283333333333333 0.3175 0.9666666666666666 0.32125000000000004 0.9741666666666667 0.316875 0.9683333333333334 0.29812500000000003 0.945 0.28937500000000005 0.9333333333333333 0.29125 0.9108333333333333 0.288125 0.8724999999999999 0.28687500000000005 0.8591666666666666 0.28937500000000005 0.85 0.28625 0.8375 0.288125 0.8258333333333333 0.284375 0.8 0.28937500000000005 0.7841666666666667 0.28875 0.7825 0.29937500000000006 0.7858333333333334 0.306875
0 0.875 0.675625 0.8733333333333333 0.673125 0.8724999999999999 0.675 0.875 0.675625
0 0.8074999999999999 0.6125 0.8008333333333333 0.6368750000000001 0.8008333333333333 0.661875 0.8033333333333333 0.6681250000000001 0.8141666666666666 0.669375 0.8175000000000001 0.671875 0.8175000000000001 0.675 0.8316666666666667 0.675 0.8408333333333333 0.6675000000000001 0.8550000000000001 0.66625 0.8724999999999999 0.670625 0.8816666666666666 0.6681250000000001 0.8866666666666667 0.6681250000000001 0.89 0.670625 0.9166666666666666 0.6681250000000001 0.9158333333333333 0.6637500000000001 0.9233333333333332 0.650625 0.9349999999999999 0.64375 0.9333333333333333 0.619375 0.9266666666666665 0.601875 0.9116666666666667 0.598125 0.8958333333333334 0.5987500000000001 0.8724999999999999 0.5956250000000001 0.8341666666666667 0.595 0.8099999999999999 0.5962500000000001 0.8058333333333334 0.5987500000000001 0.8041666666666666 0.604375 0.8041666666666666 0.60875 0.8074999999999999 0.6125
0 0.7883333333333333 0.43125 0.7858333333333334 0.43562500000000004 0.7933333333333333 0.436875 0.795 0.428125 0.7891666666666667 0.42625 0.7858333333333334 0.42625 0.7883333333333333 0.43125
0 0.78359375 0.425 0.0015625 0.0015625
0 0.5833333333333333 0.40750000000000003 0.5775 0.40499999999999997 0.5775 0.409375 0.5833333333333333 0.40750000000000003
0 0.7125 0.34 0.715 0.3375 0.7125 0.3375 0.7125 0.34
0 0.6858333333333333 0.31062500000000004 0.6816666666666666 0.31 0.6816666666666666 0.313125 0.6858333333333333 0.31062500000000004
0 0.7375 0.313125 0.75 0.313125 0.755 0.31062500000000004 0.7408333333333333 0.31 0.7366666666666666 0.31062500000000004 0.7375 0.313125
0 0.5866666666666667 0.37625000000000003 0.5916666666666667 0.38 0.5916666666666667 0.384375 0.5875 0.39 0.5916666666666667 0.3975 0.5883333333333333 0.39937500000000004 0.585 0.395625 0.5808333333333333 0.40125 0.5883333333333333 0.4025 0.5900000000000001 0.40437500000000004 0.5875 0.40750000000000003 0.5983333333333334 0.414375 0.5891666666666666 0.41625000000000006 0.575 0.428125 0.5775 0.43624999999999997 0.5825 0.43875000000000003 0.5808333333333333 0.441875 0.5841666666666667 0.4375 0.5983333333333334 0.4375 0.6058333333333333 0.43562500000000004 0.6116666666666666 0.43062500000000004 0.6158333333333333 0.43562500000000004 0.6241666666666666 0.43812500000000004 0.6383333333333333 0.43562500000000004 0.6425 0.433125 0.6408333333333334 0.426875 0.6433333333333333 0.42562500000000003 0.6591666666666667 0.433125 0.6608333333333334 0.43062500000000004 0.67 0.436875 0.6991666666666666 0.43500000000000005 0.7083333333333333 0.43875000000000003 0.7208333333333333 0.43500000000000005 0.7233333333333334 0.43937499999999996 0.7258333333333333 0.43624999999999997 0.7208333333333333 0.434375 0.7274999999999999 0.43 0.7316666666666667 0.43062500000000004 0.7358333333333333 0.43562500000000004 0.7408333333333333 0.4375 0.7474999999999999 0.43500000000000005 0.7516666666666667 0.436875 0.7516666666666667 0.43187500000000006 0.7575000000000001 0.4287500000000001 0.7474999999999999 0.42562500000000003 0.7483333333333333 0.41937500000000005 0.7516666666666667 0.41937500000000005 0.7608333333333334 0.4131250000000001 0.7716666666666667 0.41187500000000005 0.7791666666666667 0.41937500000000005 0.7858333333333334 0.41500000000000004 0.7933333333333333 0.418125 0.7958333333333333 0.414375 0.7958333333333333 0.40625 0.8 0.40812499999999996 0.8016666666666665 0.390625 0.8066666666666666 0.38875000000000004 0.8091666666666667 0.38312500000000005 0.805 0.3725 0.8074999999999999 0.369375 0.8141666666666666 0.37125 0.8150000000000001 0.369375 0.8116666666666668 0.366875 0.8150000000000001 0.365625 0.8033333333333333 0.350625 0.7958333333333333 0.35125 0.7941666666666667 0.353125 0.7966666666666666 0.355625 0.7925 0.35625 0.7899999999999999 0.35250000000000004 0.7866666666666666 0.353125 0.7791666666666667 0.35 0.7758333333333333 0.35187500000000005 0.7675 0.34625000000000006 0.7566666666666666 0.34875 0.7491666666666666 0.344375 0.7258333333333333 0.3425 0.7283333333333333 0.33937500000000004 0.7266666666666667 0.334375 0.7316666666666667 0.33062500000000006 0.7274999999999999 0.3275 0.7266666666666667 0.32062500000000005 0.7208333333333333 0.31500000000000006 0.7266666666666667 0.31062500000000004 0.6916666666666667 0.31 0.6916666666666667 0.3175 0.6858333333333333 0.32125000000000004 0.6849999999999999 0.31812500000000005 0.675 0.32062500000000005 0.6716666666666666 0.31062500000000004 0.6625 0.306875 0.6541666666666667 0.3075 0.645 0.311875 0.6433333333333333 0.31062500000000004 0.6425 0.31625000000000003 0.6308333333333334 0.3175 0.625 0.31375000000000003 0.6333333333333333 0.3125 0.6333333333333333 0.31 0.6291666666666667 0.306875 0.6191666666666666 0.30625 0.6125 0.306875 0.6075 0.311875 0.6075 0.3175 0.595 0.32062500000000005 0.5925 0.324375 0.5916666666666667 0.33 0.5875 0.334375 0.5875 0.34 0.5808333333333333 0.348125 0.5766666666666667 0.37125 0.5783333333333334 0.375 0.5866666666666667 0.37625000000000003
0 0.8828125 0.490625 0.00078125 0.0015625
0 0.8708333333333333 0.49437500000000006 0.8699999999999999 0.490625 0.8666666666666666 0.48875 0.8608333333333332 0.48937500000000006 0.8583333333333334 0.4875 0.8591666666666666 0.484375 0.8558333333333333 0.48250000000000004 0.8474999999999999 0.48875 0.8391666666666666 0.490625 0.8441666666666666 0.49437500000000006 0.8708333333333333 0.49437500000000006
0 0.8208333333333334 0.445625 0.8116666666666668 0.45625 0.8141666666666666 0.46875 0.8208333333333334 0.478125 0.8300000000000001 0.4756250000000001 0.8366666666666667 0.47625 0.8383333333333333 0.478125 0.8416666666666666 0.476875 0.8383333333333333 0.48125 0.8416666666666666 0.48187500000000005 0.8441666666666666 0.4756250000000001 0.8574999999999999 0.478125 0.8625 0.47625 0.8658333333333333 0.48250000000000004 0.8691666666666666 0.48375 0.8741666666666668 0.47875000000000006 0.8866666666666667 0.47625 0.9008333333333333 0.47875000000000006 0.9066666666666666 0.476875 0.9183333333333333 0.478125 0.9225 0.47625 0.9341666666666667 0.480625 0.9291666666666666 0.48375 0.9275 0.495 0.9425000000000001 0.49437500000000006 0.9400000000000001 0.4831250000000001 0.9366666666666668 0.480625 0.9416666666666667 0.47875000000000006 0.9475 0.479375 0.9516666666666665 0.476875 0.9466666666666667 0.47125000000000006 0.9466666666666667 0.46687500000000004 0.9441666666666666 0.465 0.9458333333333334 0.464375 0.9408333333333333 0.46312500000000006 0.9416666666666667 0.459375 0.9458333333333334 0.45875000000000005 0.9558333333333333 0.44875 0.9608333333333332 0.43375 0.9641666666666666 0.376875 0.9633333333333333 0.364375 0.9566666666666667 0.35250000000000004 0.9525 0.35375 0.9525 0.356875 0.95 0.355625 0.9558333333333333 0.3625 0.9491666666666667 0.364375 0.95 0.369375 0.9466666666666667 0.374375 0.9391666666666666 0.37625000000000003 0.925 0.37125 0.9158333333333333 0.371875 0.9041666666666666 0.378125 0.8966666666666667 0.374375 0.89 0.376875 0.8866666666666667 0.374375 0.8766666666666666 0.379375 0.8691666666666666 0.37375 0.8658333333333333 0.374375 0.8558333333333333 0.369375 0.8483333333333333 0.3725 0.8416666666666666 0.369375 0.8341666666666667 0.37125 0.8300000000000001 0.375 0.8300000000000001 0.39312500000000006 0.8258333333333333 0.39375 0.8241666666666667 0.39125 0.8175000000000001 0.39375 0.8166666666666667 0.40125 0.8166666666666667 0.428125 0.8208333333333334 0.445625
0 0.9491666666666667 0.48375 0.9491666666666667 0.4987500000000001 0.9533333333333334 0.504375 0.9583333333333334 0.5068750000000001 0.975 0.50625 0.9891666666666665 0.5050000000000001 0.9991666666666668 0.5018750000000001 0.9991666666666668 0.45011 0.9958333333333333 0.44875 0.9991666666666668 0.446875 0.9824999999999999 0.45187499999999997 0.9574999999999999 0.45437500000000003 0.9525 0.45625 0.9508333333333333 0.4625 0.9541666666666666 0.47875000000000006 0.9491666666666667 0.48375
0 0.30703125 0.8375 0.00703125 0.0015625
0 0.16499999999999998 0.834375 0.16083333333333333 0.8331250000000001 0.15833333333333333 0.834375 0.16499999999999998 0.834375
0 0.3025 0.8325000000000001 0.305 0.83125 0.30333333333333334 0.82875 0.30083333333333334 0.83125 0.3025 0.8325000000000001
0 0.28515625 0.82109375 0.003125 0.00078125
0 0.2234375 0.81015625 0.00078125 0.00078125
0 0.22833333333333333 0.80375 0.2375 0.803125 0.2375 0.8125 0.24416666666666664 0.8106250000000002 0.24333333333333332 0.8006249999999999 0.23583333333333334 0.8025 0.22916666666666666 0.8018750000000001 0.22749999999999998 0.7993750000000001 0.22583333333333333 0.8006249999999999 0.22833333333333333 0.80375
0 0.16166666666666668 0.8012500000000001 0.16083333333333333 0.7993750000000001 0.15833333333333333 0.8 0.16166666666666668 0.8012500000000001
0 0.23666666666666666 0.7931250000000001 0.2325 0.7925000000000001 0.2341666666666667 0.796875 0.23666666666666666 0.7931250000000001
0 0.13984375 0.77578125 0.0015625 0.00078125
0 0.315 0.780625 0.30416666666666664 0.780625 0.30083333333333334 0.785625 0.29416666666666663 0.789375 0.29500000000000004 0.795 0.28833333333333333 0.8012500000000001 0.2791666666666667 0.8018750000000001 0.27749999999999997 0.8075000000000001 0.2808333333333333 0.8106250000000002 0.28833333333333333 0.8106250000000002 0.29 0.806875 0.29416666666666663 0.805625 0.2991666666666667 0.809375 0.29500000000000004 0.8137500000000001 0.3058333333333333 0.818125 0.30833333333333335 0.81125 0.3175 0.809375 0.3275 0.815625 0.33416666666666667 0.8162499999999999 0.3375 0.80625 0.33166666666666667 0.8 0.3283333333333333 0.8 0.32666666666666666 0.79375 0.33416666666666667 0.790625 0.335 0.778125 0.3283333333333333 0.775 0.3225 0.77625 0.32 0.77125 0.31333333333333335 0.7706250000000001 0.31 0.7725000000000001 0.3158333333333333 0.77875 0.315 0.780625
0 0.16083333333333333 0.7818750000000001 0.17083333333333334 0.785 0.18833333333333332 0.7825 0.20027749999999997 0.7837500000000001 0.20166666666666666 0.78125 0.2047225 0.7837500000000001 0.22999999999999998 0.7831250000000001 0.23583333333333334 0.786875 0.24416666666666664 0.7887500000000001 0.25 0.785 0.2558333333333333 0.7862500000000001 0.25833333333333336 0.7818750000000001 0.265 0.780625 0.2725 0.7875 0.2758333333333333 0.784375 0.27666666666666667 0.789375 0.27999999999999997 0.79125 0.28250000000000003 0.791875 0.28583333333333333 0.7875 0.2891666666666667 0.7887500000000001 0.2891666666666667 0.79125 0.2925 0.789375 0.28583333333333333 0.784375 0.2866666666666667 0.7818750000000001 0.2833333333333333 0.779375 0.2866666666666667 0.775625 0.28500000000000003 0.771875 0.2791666666666667 0.769375 0.2758333333333333 0.7725000000000001 0.25833333333333336 0.7725000000000001 0.24833333333333335 0.7662500000000001 0.24083333333333332 0.7662500000000001 0.2375 0.7706250000000001 0.22999999999999998 0.76875 0.22666666666666666 0.7706250000000001 0.22416666666666668 0.7768750000000001 0.22083333333333335 0.775625 0.22000000000000003 0.7725000000000001 0.21833333333333332 0.7731250000000001 0.20916666666666667 0.78125 0.19833333333333333 0.779375 0.19916666666666666 0.774375 0.19583333333333333 0.77375 0.1925 0.77625 0.18333333333333332 0.7681250000000001 0.1725 0.765625 0.16833333333333333 0.7706250000000001 0.16583333333333333 0.76875 0.1575 0.769375 0.15083333333333332 0.775625 0.15083333333333332 0.7825 0.16083333333333333 0.7818750000000001
0 0.10916666666666666 0.6587500000000001 0.10833333333333332 0.67125 0.10500000000000001 0.6793750000000001 0.12083333333333332 0.685 0.11833333333333333 0.693125 0.10833333333333332 0.70625 0.11583333333333332 0.713125 0.11499999999999999 0.723125 0.11083333333333334 0.7306250000000001 0.1125 0.7350000000000001 0.12416666666666668 0.7362500000000001 0.13166666666666665 0.7412500000000001 0.14916666666666667 0.7350000000000001 0.16833333333333333 0.735625 0.17833333333333332 0.7393750000000001 0.185 0.7368750000000001 0.18833333333333332 0.738125 0.19166666666666668 0.7350000000000001 0.2125 0.7362500000000001 0.21749999999999997 0.73375 0.2525 0.7362500000000001 0.25666666666666665 0.7368750000000001 0.26083333333333336 0.740625 0.27083333333333337 0.7412500000000001 0.29333333333333333 0.738125 0.2966666666666667 0.74 0.305 0.74 0.31083333333333335 0.7456250000000001 0.3183333333333333 0.7462500000000001 0.31666666666666665 0.7518750000000001 0.3275 0.75875 0.3283333333333333 0.765 0.33333333333333337 0.755625 0.3275 0.744375 0.3308333333333333 0.7425 0.33416666666666667 0.7306250000000001 0.33416666666666667 0.69375 0.33333333333333337 0.6893750000000001 0.32916666666666666 0.685625 0.3283333333333333 0.675625 0.3308333333333333 0.646875 0.32416666666666666 0.6362500000000001 0.31083333333333335 0.635 0.30333333333333334 0.63125 0.29583333333333334 0.63125 0.29 0.62875 0.27166666666666667 0.62875 0.2658333333333333 0.630625 0.24500000000000002 0.6268750000000001 0.225 0.62625 0.2 0.62875 0.1775 0.6268750000000001 0.13083333333333333 0.628125 0.11583333333333332 0.630625 0.11166666666666666 0.641875 0.10333333333333332 0.650625 0.1025 0.65375 0.10916666666666666 0.6587500000000001
0 0.9258333333333333 0.655625 0.9291666666666666 0.665 0.9391666666666666 0.670625 0.9425000000000001 0.669375 0.95 0.6725000000000001 0.9808333333333333 0.671875 0.9908333333333333 0.675 0.9941666666666666 0.671875 0.9933333333333334 0.664375 0.9966666666666667 0.654375 0.9958333333333333 0.6050000000000001 0.9875 0.603125 0.9633333333333333 0.6075 0.9608333333333332 0.6056250000000001 0.95 0.608125 0.9458333333333334 0.60625 0.9425000000000001 0.60875 0.9358333333333333 0.609375 0.9358333333333333 0.640625 0.9258333333333333 0.655625
0 0.5675 0.738125 0.6141666666666666 0.7362500000000001 0.6575 0.738125 0.6691666666666667 0.7375 0.6716666666666666 0.7350000000000001 0.6775 0.738125 0.6941666666666666 0.73875 0.7241666666666666 0.734375 0.7308333333333333 0.738125 0.7691666666666667 0.7375 0.7758333333333333 0.7412500000000001 0.7858333333333334 0.738125 0.7875 0.7350000000000001 0.7899999999999999 0.709375 0.7841666666666667 0.695625 0.7849999999999999 0.6893750000000001 0.7808333333333334 0.6875 0.7649999999999999 0.68625 0.7625 0.6837500000000001 0.7566666666666666 0.68625 0.7441666666666666 0.684375 0.7391666666666666 0.68625 0.7266666666666667 0.681875 0.7166666666666667 0.684375 0.6733333333333333 0.6837500000000001 0.655 0.68125 0.6366666666666666 0.6831250000000001 0.6308333333333334 0.6793750000000001 0.6224999999999999 0.6793750000000001 0.6166666666666667 0.6831250000000001 0.585 0.685 0.5675 0.6837500000000001 0.5658333333333333 0.6893750000000001 0.5650000000000001 0.7262500000000001 0.5675 0.738125
0 0.7758333333333333 0.6368750000000001 0.7691666666666667 0.6362500000000001 0.7725 0.6412500000000001 0.7758333333333333 0.6368750000000001
0 0.7341666666666666 0.6318750000000001 0.7341666666666666 0.6375 0.7383333333333333 0.635625 0.7466666666666667 0.63875 0.75 0.63375 0.7466666666666667 0.6300000000000001 0.7441666666666666 0.6325000000000001 0.7341666666666666 0.6318750000000001
0 0.10500000000000001 0.650625 0.10500000000000001 0.654375 0.10916666666666666 0.6581250000000001 0.10833333333333332 0.673125 0.10500000000000001 0.678125 0.12083333333333332 0.685 0.11916666666666667 0.691875 0.10916666666666666 0.706875 0.11583333333333332 0.713125 0.11166666666666666 0.73375 0.12416666666666668 0.7362500000000001 0.1275 0.740625 0.11750000000000001 0.758125 0.12416666666666668 0.765 0.12 0.7831250000000001 0.13416666666666666 0.789375 0.1325 0.79625 0.125 0.806875 0.12583333333333332 0.81125 0.13333333333333333 0.815625 0.13 0.834375 0.14750000000000002 0.8375 0.16333333333333333 0.8356250000000001 0.18583333333333335 0.8375 0.19749999999999998 0.835 0.2575 0.8356250000000001 0.2808333333333333 0.8400000000000001 0.305 0.8393750000000001 0.3158333333333333 0.8418750000000002 0.3383333333333333 0.8393750000000001 0.33916666666666667 0.8025 0.335 0.794375 0.33666666666666667 0.77875 0.33249999999999996 0.7681250000000001 0.33416666666666667 0.753125 0.3308333333333333 0.7475 0.33333333333333337 0.718125 0.33249999999999996 0.69625 0.3275 0.685625 0.3283333333333333 0.650625 0.31916666666666665 0.6481250000000001 0.31 0.640625 0.30333333333333334 0.6425000000000001 0.3 0.64 0.30083333333333334 0.63375 0.2891666666666667 0.630625 0.265 0.6325000000000001 0.2575 0.629375 0.24583333333333335 0.628125 0.19083333333333333 0.629375 0.175 0.6275000000000001 0.16499999999999998 0.629375 0.13083333333333333 0.62875 0.11583333333333332 0.6325000000000001 0.11166666666666666 0.6431250000000001 0.10500000000000001 0.650625
0 0.315 0.294375 0.315 0.30625 0.32083333333333336 0.31062500000000004 0.3308333333333333 0.311875 0.36583333333333334 0.30812500000000004 0.4216666666666667 0.31062500000000004 0.46749999999999997 0.309375 0.49000000000000005 0.311875 0.5116666666666666 0.31062500000000004 0.5333333333333333 0.315625 0.5566666666666666 0.311875 0.5599999999999999 0.30812500000000004 0.5566666666666666 0.28500000000000003 0.5533333333333333 0.275625 0.55 0.275 0.5458333333333333 0.28 0.5166666666666667 0.27437500000000004 0.4916666666666667 0.275625 0.485 0.2725 0.47000000000000003 0.2725 0.46416666666666667 0.27625 0.4491666666666666 0.27687500000000004 0.4416666666666667 0.27375000000000005 0.4066666666666666 0.27687500000000004 0.3908333333333333 0.271875 0.38333333333333336 0.2725 0.38166666666666665 0.27625 0.37583333333333335 0.27687500000000004 0.355 0.27437500000000004 0.3516666666666667 0.275625 0.3516666666666667 0.2725 0.34833333333333333 0.2725 0.34833333333333333 0.2775 0.32 0.2775 0.31666666666666665 0.27937500000000004 0.32 0.283125 0.315 0.294375
0 0.2758333333333333 0.76375 0.28250000000000003 0.7625 0.275 0.760625 0.2733333333333333 0.7618750000000001 0.2758333333333333 0.76375
0 0.3 0.7525000000000001 0.3 0.75 0.29500000000000004 0.7506250000000001 0.2966666666666667 0.75375 0.3 0.7525000000000001
0 0.2558333333333333 0.7550000000000001 0.26166666666666666 0.755625 0.2633333333333333 0.75 0.25833333333333336 0.7462500000000001 0.255 0.753125 0.2558333333333333 0.7550000000000001
0 0.3 0.7456250000000001 0.30083333333333334 0.744375 0.29333333333333333 0.740625 0.30083333333333334 0.7393750000000001 0.2966666666666667 0.73875 0.29 0.7412500000000001 0.3 0.7456250000000001
0 0.31416666666666665 0.7425 0.31416666666666665 0.73375 0.3075 0.73375 0.30666666666666664 0.7375 0.31416666666666665 0.7425
0 0.3203125 0.6421875 0.00078125 0.003125
0 0.2966666666666667 0.5543750000000001 0.3 0.555625 0.30416666666666664 0.5537500000000001 0.3 0.546875 0.2966666666666667 0.5518750000000001 0.2966666666666667 0.5543750000000001
0 0.255 0.5587500000000001 0.265 0.556875 0.26416666666666666 0.55 0.2725 0.54625 0.265 0.541875 0.2625 0.54625 0.25833333333333336 0.546875 0.2533333333333333 0.553125 0.255 0.5587500000000001
0 0.30703125 0.53984375 0.00078125 0.0015625
0 0.3140625 0.43359375 0.00078125 0.0046875
0 0.07666666666666666 0.355625 0.07583333333333334 0.359375 0.08083333333333334 0.36312500000000003 0.0775 0.365625 0.07916666666666666 0.369375 0.07416666666666667 0.37062500000000004 0.0725 0.38 0.08249999999999999 0.38312500000000005 0.08583333333333333 0.389375 0.08 0.414375 0.08499999999999999 0.4175 0.08583333333333333 0.421875 0.08166666666666667 0.44312500000000005 0.095 0.45187499999999997 0.08833333333333333 0.476875 0.09083333333333334 0.48250000000000004 0.08833333333333333 0.50625 0.09166666666666666 0.5050000000000001 0.10916666666666666 0.51875 0.09833333333333333 0.528125 0.10166666666666666 0.530625 0.09833333333333333 0.5325 0.10916666666666666 0.53125 0.11166666666666666 0.534375 0.11666666666666667 0.5337500000000001 0.11916666666666667 0.535625 0.11666666666666667 0.540625 0.10916666666666666 0.54125 0.09833333333333333 0.54625 0.09833333333333333 0.5643750000000001 0.11083333333333334 0.570625 0.10833333333333332 0.5806250000000001 0.09833333333333333 0.5987500000000001 0.10333333333333332 0.6012500000000001 0.10500000000000001 0.6056250000000001 0.10083333333333333 0.62625 0.10916666666666666 0.6268750000000001 0.11416666666666667 0.6300000000000001 0.11166666666666666 0.641875 0.10500000000000001 0.650625 0.10500000000000001 0.65375 0.10916666666666666 0.6575 0.10666666666666666 0.6787500000000001 0.12166666666666666 0.685 0.12166666666666666 0.6893750000000001 0.1125 0.703125 0.11666666666666667 0.713125 0.11583333333333332 0.728125 0.12166666666666666 0.7306250000000001 0.11833333333333333 0.7325 0.11916666666666667 0.734375 0.12666666666666665 0.734375 0.13 0.7325 0.13166666666666665 0.73375 0.12583333333333332 0.7475 0.12833333333333333 0.749375 0.12250000000000001 0.75125 0.12250000000000001 0.758125 0.125 0.759375 0.12250000000000001 0.7618750000000001 0.12583333333333332 0.763125 0.12583333333333332 0.769375 0.12166666666666666 0.7825 0.12583333333333332 0.785625 0.1325 0.7862500000000001 0.13583333333333333 0.789375 0.12583333333333332 0.806875 0.12583333333333332 0.8099999999999999 0.13333333333333333 0.8143750000000001 0.13 0.8318749999999999 0.135 0.835 0.14583333333333331 0.836875 0.16999999999999998 0.8356250000000001 0.18583333333333335 0.8375 0.19416666666666665 0.835 0.22166666666666668 0.834375 0.26666666666666666 0.8356250000000001 0.2808333333333333 0.8393750000000001 0.305 0.8387500000000001 0.31666666666666665 0.8412499999999999 0.3375 0.8387500000000001 0.3383333333333333 0.803125 0.33416666666666667 0.7975000000000001 0.3275 0.794375 0.3275 0.791875 0.33416666666666667 0.7875 0.33166666666666667 0.7831250000000001 0.33416666666666667 0.78125 0.32999999999999996 0.7818750000000001 0.3275 0.78 0.32416666666666666 0.785 0.32 0.77875 0.31916666666666665 0.77125 0.31333333333333335 0.7681250000000001 0.31333333333333335 0.779375 0.31083333333333335 0.7831250000000001 0.3025 0.785 0.3 0.7825 0.29833333333333334 0.786875 0.28833333333333333 0.7875 0.28500000000000003 0.7862500000000001 0.28500000000000003 0.77875 0.28833333333333333 0.7725000000000001 0.28583333333333333 0.766875 0.2816666666666666 0.7662500000000001 0.275 0.77125 0.265 0.7681250000000001 0.255 0.7681250000000001 0.24666666666666667 0.763125 0.2658333333333333 0.7418750000000001 0.275 0.726875 0.2783333333333333 0.7275 0.27749999999999997 0.7306250000000001 0.2891666666666667 0.7325 0.29333333333333333 0.73125 0.2966666666666667 0.7350000000000001 0.30333333333333334 0.726875 0.305 0.72875 0.31 0.7262500000000001 0.31333333333333335 0.72875 0.32416666666666666 0.7275 0.32666666666666666 0.7300000000000001 0.32083333333333336 0.7375 0.32666666666666666 0.740625 0.3308333333333333 0.738125 0.32166666666666666 0.7375 0.32666666666666666 0.731875 0.33166666666666667 0.7325 0.3283333333333333 0.73125 0.33166666666666667 0.729375 0.33166666666666667 0.6993750000000001 0.31666666666666665 0.685625 0.32 0.6825 0.32416666666666666 0.684375 0.3275 0.684375 0.3283333333333333 0.6825 0.3275 0.6775 0.32083333333333336 0.68125 0.31916666666666665 0.675 0.3225 0.671875 0.3225 0.664375 0.3275 0.6625 0.3283333333333333 0.6518750000000001 0.3183333333333333 0.646875 0.315 0.640625 0.315 0.635625 0.32083333333333336 0.635 0.315 0.619375 0.31666666666666665 0.615625 0.32083333333333336 0.6168750000000001 0.32416666666666666 0.6125 0.32 0.6025 0.32416666666666666 0.6025 0.3258333333333333 0.599375 0.3258333333333333 0.595 0.32166666666666666 0.5925 0.3275 0.5893750000000001 0.325 0.588125 0.3275 0.586875 0.31916666666666665 0.5850000000000001 0.32083333333333336 0.5815625000000001 0.3183333333333333 0.5825 0.3175 0.5806250000000001 0.32 0.5775 0.31666666666666665 0.5775 0.31666666666666665 0.5800000000000001 0.31083333333333335 0.5850000000000001 0.30333333333333334 0.58375 0.3 0.5787500000000001 0.29500000000000004 0.5787500000000001 0.29333333333333333 0.57125 0.28250000000000003 0.5737500000000001 0.27 0.5737500000000001 0.25833333333333336 0.573125 0.2525 0.570625 0.23666666666666666 0.570625 0.2341666666666667 0.573125 0.22416666666666668 0.568125 0.22833333333333333 0.56375 0.22833333333333333 0.5575 0.23166666666666663 0.5537500000000001 0.22416666666666668 0.553125 0.22083333333333335 0.550625 0.22000000000000003 0.54625 0.22416666666666668 0.54625 0.21166666666666667 0.545625 0.21000000000000002 0.5431250000000001 0.21166666666666667 0.54625 0.2058333333333333 0.54625 0.19916666666666666 0.54125 0.19916666666666666 0.535625 0.21000000000000002 0.5331250000000001 0.20666666666666664 0.5275000000000001 0.20750000000000002 0.5225000000000001 0.21333333333333332 0.5225000000000001 0.22000000000000003 0.5181250000000001 0.22833333333333333 0.521875 0.22666666666666666 0.53125 0.2308333333333333 0.528125 0.2375 0.535 0.25166666666666665 0.5331250000000001 0.25833333333333336 0.539375 0.26416666666666666 0.5331250000000001 0.26916666666666667 0.5318750000000001 0.2866666666666667 0.540625 0.2891666666666667 0.5331250000000001 0.29416666666666663 0.5325 0.29333333333333333 0.525625 0.29 0.5231250000000001 0.29 0.51875 0.29333333333333333 0.51875 0.2808333333333333 0.50875 0.2816666666666666 0.50625 0.2891666666666667 0.5018750000000001 0.29333333333333333 0.5068750000000001 0.30083333333333334 0.5006250000000001 0.30666666666666664 0.5006250000000001 0.30666666666666664 0.504375 0.31166666666666665 0.503125 0.31333333333333335 0.509375 0.3175 0.508125 0.3175 0.47437500000000005 0.31333333333333335 0.46937500000000004 0.30166666666666664 0.46625000000000005 0.3025 0.46312500000000006 0.30666666666666664 0.4625 0.30833333333333335 0.4600000000000001 0.30166666666666664 0.45125000000000004 0.30833333333333335 0.44375 0.3075 0.41500000000000004 0.31333333333333335 0.40750000000000003 0.31 0.40375000000000005 0.3025 0.40499999999999997 0.30416666666666664 0.39375 0.30083333333333334 0.389375 0.31333333333333335 0.3825 0.31416666666666665 0.37750000000000006 0.31083333333333335 0.37312500000000004 0.31 0.35125 0.30666666666666664 0.35250000000000004 0.3025 0.34875 0.305 0.34187500000000004 0.29833333333333334 0.334375 0.2991666666666667 0.328125 0.2966666666666667 0.32625000000000004 0.29 0.32625000000000004 0.28583333333333333 0.31875 0.2833333333333333 0.31812500000000005 0.2758333333333333 0.32062500000000005 0.25833333333333336 0.32 0.255 0.3225 0.25083333333333335 0.3225 0.2475 0.31812500000000005 0.24083333333333332 0.31875 0.2375 0.32125000000000004 0.23166666666666663 0.316875 0.21749999999999997 0.316875 0.21333333333333332 0.32375000000000004 0.21000000000000002 0.324375 0.205 0.319375 0.19333333333333333 0.31625000000000003 0.175 0.31625000000000003 0.17166666666666666 0.319375 0.1675 0.319375 0.16083333333333333 0.315625 0.09916666666666667 0.31625000000000003 0.09416666666666666 0.3175 0.095 0.32062500000000005 0.07833333333333334 0.33125 0.0775 0.3375 0.07416666666666667 0.34 0.07083333333333333 0.34937500000000005 0.07666666666666666 0.355625
0 0.13 0.29000000000000004 0.12666666666666665 0.290625 0.1275 0.294375 0.13 0.29000000000000004
0 0.1125 0.285625 0.11333333333333333 0.28125 0.10916666666666666 0.28125 0.10833333333333332 0.283125 0.1125 0.285625
0 0.2816666666666666 0.27625 0.2758333333333333 0.275 0.27416666666666667 0.275625 0.2816666666666666 0.27625
0 0.24453125 0.26171875 0.00078125 0.0015625
0 0.2058333333333333 0.25875000000000004 0.2058333333333333 0.255 0.20249999999999999 0.255 0.20249999999999999 0.2625 0.2058333333333333 0.25875000000000004
0 0.19 0.259375 0.19416666666666665 0.2625 0.19166666666666668 0.26375000000000004 0.19166666666666668 0.2675 0.19583333333333333 0.270625 0.19666666666666666 0.264375 0.19333333333333333 0.2575 0.19666666666666666 0.254375 0.19 0.255 0.18833333333333332 0.261875 0.19 0.259375
0 0.13583333333333333 0.261875 0.13666666666666666 0.26812500000000006 0.1408333333333333 0.26875 0.13916666666666666 0.264375 0.14166666666666666 0.261875 0.13583333333333333 0.26 0.13583333333333333 0.254375 0.1325 0.25375000000000003 0.13083333333333333 0.261875 0.13583333333333333 0.261875
0 0.25833333333333336 0.263125 0.25833333333333336 0.25250000000000006 0.255 0.254375 0.25416666666666665 0.25875000000000004 0.25833333333333336 0.263125
0 0.21833333333333332 0.255 0.21583333333333332 0.253125 0.21666666666666665 0.2625 0.21833333333333332 0.255
0 0.17333333333333334 0.25625 0.175 0.259375 0.1775 0.254375 0.17416666666666666 0.251875 0.17666666666666667 0.25562500000000005 0.17333333333333334 0.25625
0 0.26796875 0.2515625 0.00078125 0.00078125
0 0.22916666666666666 0.25375000000000003 0.2308333333333333 0.25875000000000004 0.2308333333333333 0.25250000000000006 0.22583333333333333 0.24875000000000003 0.225 0.25125000000000003 0.22916666666666666 0.25375000000000003
0 0.18416666666666665 0.25 0.185 0.251875 0.19083333333333333 0.248125 0.18583333333333335 0.248125 0.18 0.25125000000000003 0.18416666666666665 0.25
0 0.14750000000000002 0.253125 0.14750000000000002 0.259375 0.145 0.261875 0.14916666666666667 0.273125 0.16 0.273125 0.16583333333333333 0.254375 0.1575 0.251875 0.15416666666666667 0.2475 0.15083333333333332 0.25 0.14583333333333331 0.2475 0.14333333333333334 0.251875 0.14750000000000002 0.253125
0 0.09083333333333334 0.255 0.09416666666666666 0.25625 0.09083333333333334 0.25875000000000004 0.09166666666666666 0.260625 0.1 0.256875 0.10500000000000001 0.256875 0.10166666666666666 0.261875 0.10500000000000001 0.264375 0.10583333333333333 0.27 0.11583333333333332 0.265 0.12 0.2725 0.11916666666666667 0.270625 0.12250000000000001 0.270625 0.1275 0.265625 0.12666666666666665 0.256875 0.12250000000000001 0.25125000000000003 0.12166666666666666 0.2575 0.11750000000000001 0.260625 0.1125 0.253125 0.10416666666666667 0.25375000000000003 0.10583333333333333 0.2475 0.09916666666666667 0.248125 0.09916666666666667 0.25125000000000003 0.10333333333333332 0.250625 0.10333333333333332 0.254375 0.1 0.25625 0.095 0.25562500000000005 0.09166666666666666 0.25 0.09333333333333334 0.253125 0.09083333333333334 0.255
0 0.5 0.5537500000000001 0.49749999999999994 0.5518750000000001 0.4966666666666667 0.553125 0.5 0.5537500000000001
0 0.52578125 0.52890625 0.00078125 0.00078125
0 0.3275 0.478125 0.32999999999999996 0.480625 0.3275 0.508125 0.32999999999999996 0.509375 0.3458333333333333 0.510625 0.3725 0.5068750000000001 0.38 0.50875 0.38583333333333336 0.50625 0.40750000000000003 0.508125 0.4291666666666667 0.508125 0.43166666666666664 0.50625 0.4616666666666666 0.50875 0.48583333333333334 0.5068750000000001 0.5008333333333332 0.5075000000000001 0.505 0.5112500000000001 0.5258333333333333 0.508125 0.54 0.5125 0.5599999999999999 0.508125 0.5583333333333333 0.47000000000000003 0.5549999999999999 0.4600000000000001 0.545 0.45125000000000004 0.5325 0.45062500000000005 0.5216666666666667 0.44375 0.49749999999999994 0.445 0.475 0.441875 0.4575 0.44375 0.44749999999999995 0.44125000000000003 0.4325 0.44125000000000003 0.4225 0.44375 0.4 0.441875 0.39 0.445625 0.3525 0.44375 0.3416666666666667 0.448125 0.33333333333333337 0.460625 0.3275 0.47250000000000003 0.3275 0.478125
0 0.209375 0.675 0.00078125 0.00078125
0 0.12083333333333332 0.686875 0.10916666666666666 0.7050000000000001 0.11583333333333332 0.713125 0.11166666666666666 0.734375 0.13 0.7368750000000001 0.15083333333333332 0.73125 0.20833333333333334 0.73375 0.22833333333333333 0.73125 0.27083333333333337 0.7375 0.28250000000000003 0.7375 0.2925 0.7350000000000001 0.31333333333333335 0.74 0.3275 0.74 0.33166666666666667 0.7375 0.33416666666666667 0.7256250000000001 0.33249999999999996 0.6993750000000001 0.3308333333333333 0.68875 0.3275 0.686875 0.31666666666666665 0.68625 0.30083333333333334 0.681875 0.2875 0.6837500000000001 0.26916666666666667 0.68 0.2633333333333333 0.6825 0.24916666666666668 0.681875 0.22999999999999998 0.6775 0.21916666666666665 0.680625 0.205 0.68 0.19583333333333333 0.6743750000000001 0.19333333333333333 0.6793750000000001 0.1825 0.680625 0.16499999999999998 0.680625 0.1575 0.678125 0.145 0.680625 0.13666666666666666 0.6793750000000001 0.13333333333333333 0.6743750000000001 0.1325 0.678125 0.12583333333333332 0.680625 0.11916666666666667 0.673125 0.12 0.675 0.11583333333333332 0.675625 0.11416666666666667 0.678125 0.11499999999999999 0.681875 0.12083333333333332 0.686875
0 0.10916666666666666 0.6568750000000001 0.12166666666666666 0.6575 0.12583333333333332 0.6625 0.13999999999999999 0.659375 0.15 0.6612500000000001 0.15416666666666667 0.6581250000000001 0.16083333333333333 0.66 0.17166666666666666 0.653125 0.1825 0.6575 0.185 0.6612500000000001 0.18916666666666665 0.660625 0.19416666666666665 0.6631250000000001 0.19916666666666666 0.6612500000000001 0.21083333333333334 0.6625 0.20833333333333334 0.665625 0.20916666666666667 0.67 0.21666666666666665 0.655625 0.22833333333333333 0.6568750000000001 0.2308333333333333 0.6612500000000001 0.2341666666666667 0.65625 0.2375 0.6581250000000001 0.24083333333333332 0.65625 0.2633333333333333 0.6568750000000001 0.2758333333333333 0.660625 0.28583333333333333 0.65625 0.3 0.660625 0.31416666666666665 0.660625 0.32083333333333336 0.659375 0.3275 0.655 0.32416666666666666 0.64375 0.31666666666666665 0.6431250000000001 0.31 0.639375 0.30666666666666664 0.64 0.30166666666666664 0.63375 0.2791666666666667 0.6318750000000001 0.26749999999999996 0.633125 0.26 0.6300000000000001 0.23333333333333334 0.628125 0.13333333333333333 0.628125 0.12166666666666666 0.6300000000000001 0.11583333333333332 0.6318750000000001 0.11166666666666666 0.6425000000000001 0.10416666666666667 0.650625 0.10333333333333332 0.65375 0.10916666666666666 0.6568750000000001
0 0.3175 0.34500000000000003 0.32166666666666666 0.35125 0.31916666666666665 0.37 0.32416666666666666 0.376875 0.33249999999999996 0.37875000000000003 0.3416666666666667 0.385 0.34833333333333333 0.38625000000000004 0.3491666666666667 0.379375 0.355 0.376875 0.37083333333333335 0.378125 0.3775 0.37625000000000003 0.38583333333333336 0.378125 0.39499999999999996 0.37625000000000003 0.44416666666666665 0.37625000000000003 0.4525 0.378125 0.4741666666666666 0.37625000000000003 0.49916666666666665 0.379375 0.5158333333333334 0.37750000000000006 0.5325 0.385 0.5575 0.37625000000000003 0.5566666666666666 0.344375 0.5483333333333333 0.32625000000000004 0.5425 0.31875 0.5366666666666666 0.316875 0.5325 0.31812500000000005 0.5225 0.313125 0.5075000000000001 0.3125 0.49083333333333334 0.315625 0.48 0.31062500000000004 0.45583333333333337 0.3125 0.4458333333333333 0.31 0.4291666666666667 0.31062500000000004 0.4175 0.31625000000000003 0.40750000000000003 0.31 0.39 0.31062500000000004 0.38333333333333336 0.313125 0.3525 0.31062500000000004 0.3408333333333333 0.31625000000000003 0.33166666666666667 0.3175 0.32666666666666666 0.325625 0.3225 0.33875 0.3175 0.34500000000000003
0 0.3275 0.353125 0.32416666666666666 0.35406250000000006 0.32416666666666666 0.37125 0.32999999999999996 0.375 0.33333333333333337 0.385 0.3308333333333333 0.40125 0.32416666666666666 0.40750000000000003 0.32666666666666666 0.41125 0.32416666666666666 0.43875000000000003 0.33416666666666667 0.440625 0.33916666666666667 0.44625000000000004 0.3383333333333333 0.453125 0.3283333333333333 0.473125 0.32916666666666666 0.504375 0.33166666666666667 0.50875 0.3416666666666667 0.50875 0.35333333333333333 0.5050000000000001 0.37916666666666665 0.505625 0.38583333333333336 0.503125 0.41916666666666663 0.50625 0.4258333333333333 0.505625 0.43083333333333335 0.5025000000000001 0.45999999999999996 0.505625 0.4741666666666666 0.503125 0.48250000000000004 0.5050000000000001 0.5116666666666666 0.504375 0.5483333333333333 0.509375 0.5566666666666666 0.508125 0.5575 0.4956250000000001 0.5549999999999999 0.48375 0.5575 0.47125000000000006 0.5525 0.460625 0.5458333333333333 0.45625 0.5425 0.45 0.5466666666666666 0.44312500000000005 0.5575 0.44125000000000003 0.5541666666666667 0.41937500000000005 0.5558333333333334 0.41000000000000003 0.5425 0.385 0.545 0.374375 0.5541666666666667 0.369375 0.5541666666666667 0.344375 0.5466666666666666 0.3275 0.5408333333333333 0.32062500000000005 0.5325 0.32 0.525 0.31500000000000006 0.5125 0.3125 0.4925 0.316875 0.4841666666666667 0.313125 0.4666666666666667 0.313125 0.45666666666666667 0.315625 0.4491666666666666 0.3125 0.42833333333333334 0.3125 0.4175 0.3175 0.41 0.311875 0.38 0.3125 0.3675 0.31625000000000003 0.36083333333333334 0.3125 0.35333333333333333 0.31125 0.3416666666666667 0.316875 0.33416666666666667 0.316875 0.3308333333333333 0.319375 0.32416666666666666 0.3375 0.3225 0.34625000000000006 0.3275 0.353125
0 0.275 0.261875 0.27166666666666667 0.264375 0.27166666666666667 0.270625 0.275 0.261875
0 0.0625 0.31375000000000003 0.07083333333333333 0.31500000000000006 0.07916666666666666 0.32 0.09166666666666666 0.31500000000000006 0.10416666666666667 0.314375 0.16833333333333333 0.31625000000000003 0.17333333333333334 0.314375 0.2125 0.31500000000000006 0.22166666666666668 0.313125 0.23583333333333334 0.31625000000000003 0.2866666666666667 0.3175 0.2925 0.315625 0.30166666666666664 0.31875 0.30833333333333335 0.31812500000000005 0.31333333333333335 0.314375 0.31 0.31062500000000004 0.30833333333333335 0.29625 0.31083333333333335 0.28375000000000006 0.3075 0.27937500000000004 0.30083333333333334 0.278125 0.2891666666666667 0.280625 0.2683333333333333 0.2775 0.2633333333333333 0.275 0.2658333333333333 0.2725 0.26166666666666666 0.275625 0.25166666666666665 0.273125 0.24833333333333335 0.26937500000000003 0.2525 0.26812500000000006 0.2475 0.2625 0.24833333333333335 0.255 0.24583333333333335 0.26875 0.2525 0.275 0.25083333333333335 0.278125 0.2308333333333333 0.273125 0.22416666666666668 0.27625 0.22333333333333333 0.2725 0.21166666666666667 0.27125000000000005 0.21083333333333334 0.275625 0.20750000000000002 0.2775 0.16416666666666666 0.27625 0.14750000000000002 0.2725 0.1408333333333333 0.27687500000000004 0.13666666666666666 0.275625 0.13083333333333333 0.28 0.11583333333333332 0.2775 0.09833333333333333 0.281875 0.08249999999999999 0.27687500000000004 0.06416666666666666 0.27687500000000004 0.06083333333333333 0.27875 0.06666666666666667 0.288125 0.0625 0.31375000000000003
0 0.255 0.25 0.25416666666666665 0.253125 0.27083333333333337 0.253125 0.2683333333333333 0.24937500000000004 0.2575 0.248125 0.24916666666666668 0.25250000000000006 0.255 0.25
0 0.18416666666666665 0.24937500000000004 0.19583333333333333 0.25125000000000003 0.19583333333333333 0.248125 0.19333333333333333 0.2475 0.18791666666666668 0.2475 0.18666666666666668 0.24937500000000004 0.1825 0.2475 0.17666666666666667 0.24937500000000004 0.175 0.2475 0.175 0.250625 0.18416666666666665 0.24937500000000004
0 0.2125 0.250625 0.21666666666666665 0.253125 0.225 0.25250000000000006 0.2308333333333333 0.2625 0.225 0.26937500000000003 0.2308333333333333 0.27125000000000005 0.2341666666666667 0.263125 0.23166666666666663 0.26125000000000004 0.2341666666666667 0.259375 0.22999999999999998 0.26 0.22833333333333333 0.25562500000000005 0.23333333333333334 0.255 0.23583333333333334 0.25125000000000003 0.22749999999999998 0.246875 0.22333333333333333 0.250625 0.22083333333333335 0.250625 0.22000000000000003 0.246875 0.21583333333333332 0.2475 0.21000000000000002 0.251875 0.2125 0.250625
0 0.145 0.250625 0.14250000000000002 0.246875 0.13833333333333334 0.25 0.13666666666666666 0.246875 0.1325 0.248125 0.13 0.25125000000000003 0.1325 0.253125 0.13666666666666666 0.250625 0.145 0.250625
0 0.14916666666666667 0.2475 0.145 0.250625 0.14750000000000002 0.250625 0.15083333333333332 0.25250000000000006 0.1575 0.24875000000000003 0.14916666666666667 0.2475
0 0.8158333333333333 0.48187500000000005 0.8116666666666668 0.490625 0.8125 0.495 0.8175000000000001 0.499375 0.8608333333333332 0.49750000000000005 0.8691666666666666 0.499375 0.8941666666666667 0.49812500000000004 0.8991666666666667 0.5 0.9283333333333333 0.5006250000000001 0.9458333333333334 0.4987500000000001 0.9550000000000001 0.49437500000000006 0.9633333333333333 0.49437500000000006 0.9608333333333332 0.49250000000000005 0.9616666666666667 0.47625 0.9591666666666667 0.47125000000000006 0.9483333333333333 0.46375 0.9475 0.45562500000000006 0.9391666666666666 0.45437500000000003 0.9324999999999999 0.45062500000000005 0.9099999999999999 0.45125000000000004 0.8925000000000001 0.44875 0.8275 0.44750000000000006 0.8125 0.453125 0.8108333333333333 0.47000000000000003 0.8158333333333333 0.48187500000000005
0 0.33166666666666667 0.56 0.3441666666666666 0.5700000000000001 0.3441666666666666 0.575625 0.3358333333333333 0.595 0.33416666666666667 0.61875 0.3383333333333333 0.62375 0.35333333333333333 0.62625 0.3683333333333333 0.62375 0.38666666666666666 0.6256250000000001 0.39249999999999996 0.623125 0.40166666666666667 0.623125 0.4041666666666667 0.625 0.42333333333333334 0.623125 0.43499999999999994 0.6256250000000001 0.44000000000000006 0.624375 0.45583333333333337 0.62625 0.4833333333333333 0.624375 0.48916666666666664 0.62625 0.5225 0.6256250000000001 0.5349999999999999 0.628125 0.55 0.628125 0.5566666666666666 0.6256250000000001 0.5575 0.5856250000000001 0.5558333333333334 0.578125 0.55 0.571875 0.5566666666666666 0.5693750000000001 0.5599999999999999 0.5643750000000001 0.5566666666666666 0.5487500000000001 0.5575 0.530625 0.5416666666666667 0.51375 0.5291666666666667 0.51 0.5058333333333334 0.51 0.495 0.5075000000000001 0.4625 0.50875 0.45 0.5068750000000001 0.38333333333333336 0.5068750000000001 0.37666666666666665 0.509375 0.3516666666666667 0.50875 0.345 0.5112500000000001 0.3433333333333333 0.519375 0.33249999999999996 0.5362500000000001 0.335 0.54 0.33166666666666667 0.56
0 0.96 0.33 0.96 0.32625000000000004 0.9566666666666667 0.32625000000000004 0.9558333333333333 0.33062500000000006 0.96 0.33
0 0.9341666666666667 0.33062500000000006 0.9383333333333332 0.33375000000000005 0.9458333333333334 0.333125 0.9441666666666666 0.32625000000000004 0.9533333333333334 0.324375 0.9408333333333333 0.32375000000000004 0.9333333333333333 0.324375 0.9341666666666667 0.33062500000000006
0 0.8258333333333333 0.33125 0.8283333333333334 0.348125 0.8258333333333333 0.35750000000000004 0.8266666666666665 0.376875 0.8216666666666667 0.386875 0.8241666666666667 0.39375 0.8525 0.39375 0.8550000000000001 0.39187500000000003 0.8608333333333332 0.39437500000000003 0.8699999999999999 0.39375 0.8724999999999999 0.39187500000000003 0.8758333333333332 0.39375 0.89 0.39312500000000006 0.8991666666666667 0.38625000000000004 0.9041666666666666 0.385625 0.9066666666666666 0.39125 0.9116666666666667 0.389375 0.9241666666666667 0.39437500000000003 0.9358333333333333 0.39375 0.9416666666666667 0.398125 0.9608333333333332 0.396875 0.9625 0.39375 0.9566666666666667 0.386875 0.9633333333333333 0.3825 0.9658333333333333 0.3725 0.9608333333333332 0.3425 0.9525 0.34375 0.9458333333333334 0.340625 0.9408333333333333 0.3425 0.9391666666666666 0.335625 0.9349999999999999 0.3375 0.9358333333333333 0.34125 0.93 0.34375 0.9216666666666666 0.33875 0.9183333333333333 0.34 0.9175000000000001 0.33125 0.9141666666666666 0.32937500000000003 0.915 0.324375 0.9125 0.32375000000000004 0.9008333333333333 0.324375 0.8891666666666665 0.32062500000000005 0.8841666666666667 0.32125000000000004 0.8841666666666667 0.32375000000000004 0.8699999999999999 0.324375 0.8541666666666666 0.319375 0.8483333333333333 0.32 0.845 0.323125 0.835 0.324375 0.8266666666666665 0.33 0.825 0.3275 0.8275 0.32125000000000004 0.8208333333333334 0.31812500000000005 0.8166666666666667 0.32 0.8175000000000001 0.326875 0.8258333333333333 0.33125
0 0.9741666666666667 0.3 0.9766666666666666 0.314375 0.9808333333333333 0.32062500000000005 0.9766666666666666 0.34187500000000004 0.9941666666666666 0.34625000000000006 0.9974999999999999 0.33625000000000005 0.9966666666666667 0.33062500000000006 0.9991666666666668 0.328125 0.9991666666666668 0.2625 0.9941666666666666 0.26375000000000004 0.9866666666666667 0.27125000000000005 0.9841666666666666 0.293125 0.9741666666666667 0.3
0 0.3158333333333333 0.241875 0.3258333333333333 0.25125000000000003 0.3183333333333333 0.270625 0.32083333333333336 0.27625 0.3383333333333333 0.2725 0.3416666666666667 0.27 0.3616666666666667 0.275 0.36583333333333334 0.275 0.36916666666666664 0.2725 0.38666666666666666 0.271875 0.4033333333333333 0.27437500000000004 0.44833333333333336 0.27437500000000004 0.4841666666666667 0.270625 0.4875 0.2725 0.4925 0.27125000000000005 0.5083333333333333 0.2725 0.5158333333333334 0.275 0.5258333333333333 0.27375000000000005 0.5291666666666667 0.275625 0.5358333333333334 0.271875 0.55 0.273125 0.5466666666666666 0.259375 0.54 0.24937500000000004 0.5416666666666667 0.24250000000000002 0.5533333333333333 0.230625 0.5549999999999999 0.225 0.5533333333333333 0.215 0.5491666666666666 0.21187499999999998 0.5325 0.21750000000000003 0.5216666666666667 0.21625 0.5141666666666667 0.21125000000000002 0.505 0.21187499999999998 0.5008333333333332 0.21625 0.4925 0.21750000000000003 0.4833333333333333 0.216875 0.47333333333333333 0.21125000000000002 0.46333333333333326 0.213125 0.45916666666666667 0.216875 0.44666666666666666 0.216875 0.4408333333333333 0.215625 0.4325 0.21000000000000002 0.425 0.21125000000000002 0.41916666666666663 0.216875 0.4025 0.21625 0.3908333333333333 0.209375 0.38333333333333336 0.210625 0.375 0.216875 0.3675 0.216875 0.34833333333333333 0.210625 0.34249999999999997 0.21187499999999998 0.335 0.216875 0.3258333333333333 0.21625 0.31416666666666665 0.210625 0.305 0.213125 0.30416666666666664 0.22062500000000002 0.3158333333333333 0.241875
0 0.07333333333333333 0.355625 0.06999999999999999 0.381875 0.07916666666666666 0.384375 0.08416666666666667 0.388125 0.08333333333333334 0.396875 0.07666666666666666 0.4125 0.08416666666666667 0.42312500000000003 0.08083333333333334 0.43062500000000004 0.08 0.44312500000000005 0.095 0.4525 0.1025 0.453125 0.10833333333333332 0.44750000000000006 0.12916666666666668 0.44625000000000004 0.15 0.44875 0.17916666666666667 0.445625 0.21000000000000002 0.446875 0.22000000000000003 0.445 0.225 0.446875 0.2425 0.44625000000000004 0.26749999999999996 0.449375 0.28250000000000003 0.446875 0.2925 0.45062500000000005 0.31416666666666665 0.45062500000000005 0.3183333333333333 0.44875 0.3158333333333333 0.410625 0.31916666666666665 0.3975 0.31416666666666665 0.39375 0.3175 0.37875000000000003 0.31333333333333335 0.36625 0.3125 0.34875 0.30833333333333335 0.34187500000000004 0.3091666666666667 0.335 0.30333333333333334 0.328125 0.2966666666666667 0.324375 0.2891666666666667 0.325625 0.28583333333333333 0.32062500000000005 0.2758333333333333 0.32125000000000004 0.26916666666666667 0.31875 0.23833333333333334 0.32 0.2308333333333333 0.31625000000000003 0.21583333333333332 0.316875 0.21000000000000002 0.321875 0.2058333333333333 0.31812500000000005 0.19416666666666665 0.31625000000000003 0.17416666666666666 0.31625000000000003 0.16833333333333333 0.319375 0.16333333333333333 0.316875 0.15416666666666667 0.31625000000000003 0.13083333333333333 0.31812500000000005 0.10166666666666666 0.31625000000000003 0.09583333333333334 0.3175 0.09166666666666666 0.323125 0.08 0.32625000000000004 0.07416666666666667 0.335 0.06916666666666667 0.348125 0.07333333333333333 0.355625
0 0.3265625 0.68125 0.0015625 0.0015625
0 0.12265625 0.68125 0.00078125 0.0015625
0 0.11015625 0.678125 0.0015625 0.0015625
0 0.09666666666666666 0.5425000000000001 0.09416666666666666 0.5675000000000001 0.10166666666666666 0.5693750000000001 0.1075 0.5737500000000001 0.1075 0.5800000000000001 0.09666666666666666 0.5987500000000001 0.10333333333333332 0.6025 0.1025 0.613125 0.0975 0.62625 0.09916666666666667 0.628125 0.10916666666666666 0.629375 0.11333333333333333 0.633125 0.11083333333333334 0.6431250000000001 0.10500000000000001 0.650625 0.1075 0.654375 0.1275 0.6568750000000001 0.12916666666666668 0.6581250000000001 0.12583333333333332 0.660625 0.12666666666666665 0.6625 0.13083333333333333 0.6625 0.13583333333333333 0.6568750000000001 0.155 0.65625 0.16499999999999998 0.6575 0.16999999999999998 0.6625 0.17833333333333332 0.6575 0.185 0.6612500000000001 0.19166666666666668 0.66 0.19749999999999998 0.6631250000000001 0.2 0.6681250000000001 0.2058333333333333 0.67 0.21666666666666665 0.665 0.22416666666666668 0.675 0.22416666666666668 0.68 0.23500000000000001 0.680625 0.2375 0.681875 0.2375 0.68625 0.23833333333333334 0.68125 0.2475 0.6737500000000001 0.255 0.680625 0.2758333333333333 0.68125 0.27999999999999997 0.678125 0.28250000000000003 0.669375 0.2966666666666667 0.68125 0.3091666666666667 0.6837500000000001 0.3175 0.681875 0.31416666666666665 0.671875 0.3275 0.6587500000000001 0.3308333333333333 0.6525000000000001 0.32666666666666666 0.6300000000000001 0.32916666666666666 0.6225 0.3275 0.608125 0.33166666666666667 0.581875 0.3275 0.5775 0.31916666666666665 0.5743750000000001 0.32416666666666666 0.5675000000000001 0.32416666666666666 0.545625 0.32083333333333336 0.54 0.3175 0.541875 0.31083333333333335 0.540625 0.30166666666666664 0.5337500000000001 0.3091666666666667 0.52875 0.30333333333333334 0.5225000000000001 0.3 0.521875 0.2966666666666667 0.525 0.29083333333333333 0.516875 0.28250000000000003 0.5118750000000001 0.27166666666666667 0.5125 0.2658333333333333 0.5162500000000001 0.25916666666666666 0.5162500000000001 0.25416666666666665 0.5118750000000001 0.22999999999999998 0.510625 0.22666666666666666 0.513125 0.22000000000000003 0.51 0.195 0.51 0.18583333333333335 0.51375 0.17833333333333332 0.5112500000000001 0.1575 0.510625 0.15166666666666667 0.5125 0.14833333333333334 0.510625 0.11916666666666667 0.51 0.1125 0.515 0.10916666666666666 0.5118750000000001 0.1075 0.51875 0.1025 0.5206250000000001 0.09833333333333333 0.525625 0.09333333333333334 0.5362500000000001 0.09666666666666666 0.5425000000000001
0 0.7875 0.755625 0.7916666666666667 0.75875 0.8583333333333334 0.755625 0.9191666666666667 0.7568750000000001 0.9233333333333332 0.754375 0.9241666666666667 0.740625 0.9216666666666666 0.735625 0.9141666666666666 0.7368750000000001 0.9108333333333333 0.7350000000000001 0.8516666666666666 0.7306250000000001 0.8 0.7325 0.7977272727272726 0.7294318181818181 0.7983333333333333 0.73125 0.795 0.7325 0.7933333333333333 0.7412500000000001 0.7849999999999999 0.748125 0.7875 0.755625
0 0.8816666666666666 0.716875 0.8875 0.718125 0.8916666666666666 0.713125 0.89 0.71125 0.8841666666666667 0.71125 0.8791666666666667 0.71375 0.8816666666666666 0.716875
0 0.7858333333333334 0.7475 0.7899999999999999 0.7575000000000001 0.8541666666666666 0.755625 0.9125 0.7568750000000001 0.9191666666666667 0.75625 0.9225 0.75375 0.9258333333333333 0.72 0.9208333333333334 0.7106250000000001 0.9166666666666666 0.70875 0.915 0.7025 0.9083333333333334 0.698125 0.9075 0.7025 0.9108333333333333 0.706875 0.9041666666666666 0.71375 0.9125 0.7212500000000001 0.9058333333333334 0.7256250000000001 0.8841666666666667 0.7237500000000001 0.8766666666666666 0.7262500000000001 0.8683333333333334 0.7256250000000001 0.8625 0.71875 0.8583333333333334 0.7193750000000001 0.8533333333333333 0.71125 0.8466666666666667 0.713125 0.8416666666666666 0.7206250000000001 0.8400000000000001 0.716875 0.835 0.7143750000000001 0.8275 0.711875 0.8225 0.713125 0.8266666666666665 0.721875 0.8216666666666667 0.725 0.8141666666666666 0.723125 0.8099999999999999 0.71625 0.8 0.7150000000000001 0.7933333333333333 0.7237500000000001 0.7933333333333333 0.73875 0.7858333333333334 0.7475
0 0.90078125 0.69375 0.00078125 0.003125
0 0.8241666666666667 0.69125 0.8241666666666667 0.69375 0.8308333333333333 0.69125 0.8333333333333334 0.6943750000000001 0.8416666666666666 0.693125 0.8375 0.6893750000000001 0.8324999999999999 0.6893750000000001 0.8300000000000001 0.69125 0.8241666666666667 0.69125
0 0.3433333333333333 0.38 0.3416666666666667 0.379375 0.3375 0.38 0.3433333333333333 0.38
0 0.3308333333333333 0.39125 0.32916666666666666 0.40062500000000006 0.3225 0.40750000000000003 0.3258333333333333 0.41625000000000006 0.3225 0.43937499999999996 0.3258333333333333 0.44312500000000005 0.3416666666666667 0.445625 0.3516666666666667 0.441875 0.38666666666666666 0.44375 0.39166666666666666 0.440625 0.4 0.43937499999999996 0.42666666666666664 0.44312500000000005 0.43499999999999994 0.44125000000000003 0.4875 0.4425 0.495 0.440625 0.49833333333333335 0.44312500000000005 0.5225 0.44312500000000005 0.5358333333333334 0.45 0.545 0.445 0.5583333333333333 0.4425 0.5549999999999999 0.42250000000000004 0.5566666666666666 0.40750000000000003 0.5483333333333333 0.3975 0.5441666666666667 0.3875 0.5375 0.385 0.5325 0.38625000000000004 0.5225 0.379375 0.43083333333333335 0.37625000000000003 0.39583333333333337 0.376875 0.3875 0.37875000000000003 0.37916666666666665 0.37750000000000006 0.375 0.38 0.35333333333333333 0.37750000000000006 0.3458333333333333 0.38 0.345 0.385 0.3383333333333333 0.385625 0.335 0.381875 0.33416666666666667 0.38312500000000005 0.3358333333333333 0.38375000000000004 0.3308333333333333 0.39125
0 0.8025 0.5337500000000001 0.8108333333333333 0.54625 0.8408333333333333 0.5493750000000001 0.8583333333333334 0.5475000000000001 0.8766666666666666 0.5487500000000001 0.8833333333333334 0.546875 0.8966666666666667 0.5493750000000001 0.9166666666666666 0.5493750000000001 0.9316666666666666 0.5525 0.9433333333333334 0.55 0.9466666666666667 0.525 0.9400000000000001 0.50125 0.9008333333333333 0.5025000000000001 0.8875 0.499375 0.8683333333333334 0.5006250000000001 0.8583333333333334 0.4987500000000001 0.8225 0.4987500000000001 0.8158333333333333 0.5006250000000001 0.8133333333333332 0.505625 0.8008333333333333 0.515625 0.8 0.525625 0.8025 0.5337500000000001
0 0.5666666666666667 0.31375000000000003 0.5658333333333333 0.3325 0.5700000000000001 0.33937500000000004 0.5775 0.338125 0.5841666666666667 0.33125 0.5883333333333333 0.316875 0.615 0.30375 0.6258333333333332 0.303125 0.6366666666666666 0.306875 0.6558333333333334 0.30375 0.6741666666666666 0.306875 0.6916666666666667 0.304375 0.7366666666666666 0.30625 0.7566666666666666 0.30562500000000004 0.7591666666666667 0.30375 0.755 0.291875 0.7591666666666667 0.265 0.755 0.26 0.7483333333333333 0.25812500000000005 0.73 0.261875 0.72 0.2575 0.7066666666666667 0.2575 0.6958333333333333 0.261875 0.6875 0.255 0.6766666666666666 0.25375000000000003 0.6625 0.26125000000000004 0.6441666666666667 0.25812500000000005 0.6325000000000001 0.261875 0.6266666666666667 0.25812500000000005 0.6183333333333334 0.25625 0.5991666666666666 0.261875 0.5916666666666667 0.2575 0.585 0.256875 0.58 0.25812500000000005 0.5708333333333333 0.265 0.5633333333333332 0.28375000000000006 0.5625 0.30375 0.5666666666666667 0.31375000000000003
0 0.5675 0.34125 0.5725 0.34187500000000004 0.5833333333333333 0.334375 0.5925 0.3175 0.6166666666666667 0.30562500000000004 0.6425 0.309375 0.6566666666666666 0.30562500000000004 0.6775 0.309375 0.6950000000000001 0.30625 0.7133333333333333 0.30875 0.7558333333333334 0.30812500000000004 0.76 0.306875 0.76 0.30250000000000005 0.7541666666666667 0.291875 0.7474999999999999 0.29125 0.7383333333333333 0.28687500000000005 0.7224999999999999 0.288125 0.7133333333333333 0.29125 0.7024999999999999 0.285625 0.6916666666666667 0.285625 0.6858333333333333 0.28937500000000005 0.6783333333333333 0.28875 0.6733333333333333 0.285625 0.6616666666666666 0.285625 0.6458333333333333 0.290625 0.64 0.295625 0.6366666666666666 0.293125 0.6366666666666666 0.28937500000000005 0.6333333333333333 0.29125 0.6275000000000001 0.28937500000000005 0.6275000000000001 0.29375 0.6241666666666666 0.291875 0.6158333333333333 0.29250000000000004 0.6083333333333333 0.29625 0.6025 0.29625 0.6 0.29812500000000003 0.5991666666666666 0.296875 0.595 0.30062500000000003 0.5883333333333333 0.293125 0.5816666666666667 0.293125 0.5766666666666667 0.29937500000000006 0.5775 0.306875 0.5708333333333333 0.31062500000000004 0.5683333333333334 0.30875 0.5650000000000001 0.31 0.5641666666666667 0.33687500000000004 0.5675 0.34125
0 0.09416666666666666 0.5987500000000001 0.10333333333333332 0.60375 0.1025 0.624375 0.11583333333333332 0.6268750000000001 0.13333333333333333 0.624375 0.15666666666666668 0.6268750000000001 0.23666666666666666 0.6256250000000001 0.2683333333333333 0.629375 0.2875 0.629375 0.29416666666666663 0.6318750000000001 0.3125 0.633125 0.32166666666666666 0.633125 0.3283333333333333 0.629375 0.3275 0.6056250000000001 0.33166666666666667 0.5825 0.3275 0.576875 0.31333333333333335 0.576875 0.2816666666666666 0.57125 0.23916666666666667 0.5693750000000001 0.14416666666666667 0.570625 0.12250000000000001 0.56875 0.10583333333333333 0.570625 0.10583333333333333 0.581875 0.09416666666666666 0.5987500000000001
0 0.8191666666666666 0.32875 0.8266666666666665 0.34750000000000003 0.8258333333333333 0.36500000000000005 0.8300000000000001 0.37062500000000004 0.8458333333333334 0.36812500000000004 0.8666666666666666 0.3725 0.8833333333333334 0.369375 0.8925000000000001 0.37312500000000004 0.9 0.37312500000000004 0.9091666666666667 0.369375 0.9116666666666667 0.36375 0.915 0.36625 0.9141666666666666 0.369375 0.9225 0.37 0.9283333333333333 0.366875 0.9358333333333333 0.36750000000000005 0.9425000000000001 0.36875 0.9458333333333334 0.3725 0.9491666666666667 0.369375 0.9466666666666667 0.36625 0.9541666666666666 0.3625 0.9441666666666666 0.35250000000000004 0.9475 0.35 0.96 0.350625 0.9741666666666667 0.3425 0.9741666666666667 0.324375 0.9666666666666666 0.31875 0.9316666666666666 0.31875 0.9183333333333333 0.316875 0.8791666666666667 0.31812500000000005 0.8566666666666667 0.314375 0.835 0.315625 0.8233333333333333 0.313125 0.8116666666666668 0.31500000000000006 0.8091666666666667 0.3175 0.8191666666666666 0.32875
0 0.5633333333333332 0.7875 0.5675 0.794375 0.6091666666666666 0.79125 0.6258333333333332 0.79375 0.6441666666666667 0.7925000000000001 0.6541666666666667 0.795 0.6766666666666666 0.794375 0.6808333333333334 0.796875 0.6733333333333333 0.8 0.6708333333333333 0.80375 0.6775 0.81125 0.6858333333333333 0.803125 0.6841666666666667 0.79625 0.6916666666666667 0.79375 0.7341666666666666 0.7931250000000001 0.7541666666666667 0.795 0.7616666666666666 0.7975000000000001 0.7825 0.7975000000000001 0.7875 0.795625 0.7841666666666667 0.775 0.7883333333333333 0.7662500000000001 0.78 0.746875 0.77 0.740625 0.7466666666666667 0.7412500000000001 0.7383333333333333 0.738125 0.6875 0.7393750000000001 0.6741666666666666 0.7375 0.6675 0.73375 0.6608333333333334 0.734375 0.6508333333333333 0.73875 0.6333333333333333 0.738125 0.6283333333333333 0.7350000000000001 0.6241666666666666 0.7350000000000001 0.6016666666666667 0.73875 0.5741666666666666 0.7393750000000001 0.5675 0.7418750000000001 0.5658333333333333 0.7462500000000001 0.5666666666666667 0.764375 0.5633333333333332 0.7875
0 0.6866666666666666 0.5775 0.6841666666666667 0.576875 0.6858333333333333 0.5800000000000001 0.6866666666666666 0.5775
0 0.5666666666666667 0.5493750000000001 0.5666666666666667 0.5643750000000001 0.5841666666666667 0.5693750000000001 0.5916666666666667 0.5700000000000001 0.5991666666666666 0.56625 0.6266666666666667 0.566875 0.63 0.573125 0.6333333333333333 0.5743750000000001 0.6383333333333333 0.568125 0.6441666666666667 0.566875 0.67 0.5693750000000001 0.6891666666666667 0.56875 0.6983333333333334 0.5725 0.71 0.568125 0.7258333333333333 0.568125 0.7408333333333333 0.5693750000000001 0.7474999999999999 0.5725 0.7625 0.5700000000000001 0.7825 0.575 0.7933333333333333 0.57125 0.8 0.57125 0.8058333333333334 0.565625 0.8025 0.5543750000000001 0.8025 0.535625 0.7966666666666666 0.5225000000000001 0.7975 0.5118750000000001 0.7899999999999999 0.508125 0.755 0.508125 0.7474999999999999 0.50625 0.7408333333333333 0.50875 0.6866666666666666 0.50375 0.6683333333333333 0.5068750000000001 0.6083333333333333 0.50625 0.5841666666666667 0.51 0.5716666666666667 0.515625 0.5675 0.5268750000000001 0.5691666666666666 0.5431250000000001 0.5666666666666667 0.5493750000000001
0 0.3408333333333333 0.765 0.3441666666666666 0.7731250000000001 0.3416666666666667 0.7862500000000001 0.34750000000000003 0.7931250000000001 0.345 0.795 0.3433333333333333 0.8125 0.3458333333333333 0.8425 0.3616666666666667 0.8456250000000001 0.3808333333333333 0.843125 0.40083333333333326 0.8462500000000001 0.4116666666666666 0.8425 0.4341666666666667 0.8418750000000002 0.4666666666666667 0.8418750000000002 0.4883333333333333 0.8456250000000001 0.5158333333333334 0.84375 0.5408333333333333 0.8456250000000001 0.5591666666666667 0.8412499999999999 0.5575 0.820625 0.5608333333333333 0.811875 0.5575 0.795625 0.5591666666666667 0.7825 0.5558333333333334 0.7681250000000001 0.5558333333333334 0.7425 0.54 0.7425 0.5116666666666666 0.7375 0.5016666666666667 0.7325 0.4916666666666667 0.735625 0.4658333333333333 0.7368750000000001 0.4416666666666667 0.7350000000000001 0.4 0.7362500000000001 0.3933333333333333 0.733125 0.38666666666666666 0.7375 0.37583333333333335 0.7368750000000001 0.35583333333333333 0.740625 0.345 0.7475 0.3408333333333333 0.7568750000000001 0.3408333333333333 0.765
0 0.9341666666666667 0.6725000000000001 0.9283333333333333 0.680625 0.93 0.695625 0.925 0.700625 0.93 0.716875 0.9283333333333333 0.7350000000000001 0.9308333333333334 0.7418750000000001 0.9283333333333333 0.7550000000000001 0.9308333333333334 0.75875 0.9400000000000001 0.7625 0.9991666666666668 0.7618750000000001 0.9966666666666667 0.75875 0.9991666666666668 0.75625 0.9991666666666668 0.6743750000000001 0.9958333333333333 0.6681250000000001 0.9991666666666668 0.64375 0.9966666666666667 0.6425000000000001 0.9949999999999999 0.6275000000000001 0.9925 0.625 0.9941666666666666 0.615625 0.9908333333333333 0.6256250000000001 0.9791666666666666 0.628125 0.9558333333333333 0.628125 0.9516666666666665 0.62625 0.9508333333333333 0.6118750000000001 0.9458333333333334 0.60875 0.9391666666666666 0.6162500000000001 0.9433333333333334 0.61875 0.9400000000000001 0.63375 0.9425000000000001 0.64375 0.9466666666666667 0.64875 0.9391666666666666 0.65375 0.9341666666666667 0.650625 0.9275 0.6568750000000001 0.9341666666666667 0.6675000000000001 0.9341666666666667 0.6725000000000001
0 0.5675 0.290625 0.5816666666666667 0.288125 0.5891666666666666 0.28875 0.5974999999999999 0.285625 0.6158333333333333 0.288125 0.62 0.285625 0.6408333333333334 0.284375 0.6475 0.288125 0.6566666666666666 0.284375 0.6666666666666667 0.283125 0.6849999999999999 0.28500000000000003 0.6891666666666667 0.283125 0.7024999999999999 0.28375000000000006 0.7125 0.2875 0.7266666666666667 0.284375 0.7408333333333333 0.28500000000000003 0.7483333333333333 0.288125 0.7541666666666667 0.28687500000000005 0.7583333333333333 0.28250000000000003 0.7608333333333334 0.265625 0.7525 0.2575 0.73 0.26 0.72 0.256875 0.705 0.256875 0.6958333333333333 0.26 0.6816666666666666 0.25250000000000006 0.6691666666666667 0.255 0.6616666666666666 0.25875000000000004 0.645 0.2575 0.6341666666666667 0.260625 0.62 0.25562500000000005 0.6133333333333333 0.25625 0.6033333333333333 0.26125000000000004 0.5916666666666667 0.256875 0.5841666666666667 0.25625 0.5783333333333334 0.25812500000000005 0.5700000000000001 0.265 0.5650000000000001 0.27625 0.5641666666666667 0.28500000000000003 0.5675 0.290625
0 0.95 0.48375 0.9491666666666667 0.499375 0.9541666666666666 0.508125 0.9574999999999999 0.510625 0.9641666666666666 0.5112500000000001 0.9933333333333334 0.505625 0.9991666666666668 0.5025000000000001 0.9991666666666668 0.441875 0.9875 0.448125 0.9724999999999999 0.44875 0.97 0.446875 0.9608333333333332 0.453125 0.9516666666666665 0.45625 0.9550000000000001 0.479375 0.95 0.48375
0 0.9666666666666666 0.4425 0.9675 0.44125000000000003 0.9666666666666666 0.43812500000000004 0.9666666666666666 0.4425
0 0.96953125 0.4359375 0.00078125 0.0015625
0 0.25546875 0.5359375 0.00078125 0.00078125
0 0.19833333333333333 0.52875 0.19583333333333333 0.529375 0.19583333333333333 0.5331250000000001 0.2003494623655914 0.530866935483871 0.19833333333333333 0.52875
0 0.2758333333333333 0.53125 0.28250000000000003 0.5375 0.28583333333333333 0.535625 0.2875 0.5375 0.2966666666666667 0.536875 0.29333333333333333 0.5331250000000001 0.29 0.535625 0.2875 0.534375 0.28583333333333333 0.525625 0.2816666666666666 0.52625 0.2758333333333333 0.52375 0.27166666666666667 0.525 0.27083333333333337 0.53 0.2758333333333333 0.53125
0 0.146875 0.5125 0.0015625 0.00078125
0 0.2375 0.5331250000000001 0.24583333333333335 0.535 0.24916666666666668 0.5325 0.24916666666666668 0.514375 0.24416666666666664 0.510625 0.23333333333333334 0.521875 0.23333333333333334 0.529375 0.2375 0.5331250000000001
0 0.08083333333333334 0.42000000000000004 0.07833333333333334 0.445625 0.09 0.45062500000000005 0.09416666666666666 0.45625 0.08499999999999999 0.47750000000000004 0.09 0.48375 0.08666666666666667 0.503125 0.08833333333333333 0.50875 0.10166666666666666 0.51 0.1075 0.50625 0.11499999999999999 0.5050000000000001 0.1275 0.50625 0.13 0.504375 0.15166666666666667 0.504375 0.155 0.508125 0.16083333333333333 0.51 0.16416666666666666 0.50625 0.21666666666666665 0.5075000000000001 0.22083333333333335 0.5050000000000001 0.22583333333333333 0.509375 0.23333333333333334 0.5118750000000001 0.23916666666666667 0.510625 0.2425 0.5075000000000001 0.25166666666666665 0.509375 0.26 0.5068750000000001 0.26749999999999996 0.50875 0.265 0.5125 0.27166666666666667 0.510625 0.2758333333333333 0.514375 0.2791666666666667 0.5112500000000001 0.2866666666666667 0.51 0.2966666666666667 0.515 0.30666666666666664 0.5118750000000001 0.315 0.5125 0.32083333333333336 0.509375 0.32083333333333336 0.47250000000000003 0.3158333333333333 0.46625000000000005 0.31333333333333335 0.45437500000000003 0.32 0.446875 0.31916666666666665 0.421875 0.315 0.41375 0.3175 0.4 0.31083333333333335 0.390625 0.27999999999999997 0.385 0.2633333333333333 0.385 0.2525 0.3825 0.2058333333333333 0.384375 0.1925 0.381875 0.14333333333333334 0.3825 0.13916666666666666 0.38 0.1275 0.3825 0.11499999999999999 0.38125 0.10333333333333332 0.38312500000000005 0.095 0.38062500000000005 0.09166666666666666 0.38312500000000005 0.08583333333333333 0.38312500000000005 0.0875 0.386875 0.08499999999999999 0.388125 0.07666666666666666 0.410625 0.07583333333333334 0.414375 0.08083333333333334 0.42000000000000004
0 0.335 0.6793750000000001 0.33916666666666667 0.6837500000000001 0.3458333333333333 0.685625 0.3516666666666667 0.6925000000000001 0.345 0.696875 0.345 0.700625 0.3491666666666667 0.701875 0.3516666666666667 0.713125 0.3416666666666667 0.7150000000000001 0.3383333333333333 0.731875 0.33916666666666667 0.7368750000000001 0.34833333333333333 0.740625 0.3516666666666667 0.744375 0.34249999999999997 0.7618750000000001 0.345 0.79125 0.35583333333333333 0.791875 0.38249999999999995 0.789375 0.39 0.786875 0.42000000000000004 0.785625 0.47000000000000003 0.7875 0.49749999999999994 0.785625 0.5075000000000001 0.789375 0.5283333333333333 0.7875 0.5441666666666667 0.79125 0.5566666666666666 0.79 0.5566666666666666 0.7837500000000001 0.5525 0.7825 0.5508333333333333 0.778125 0.5508333333333333 0.77125 0.5566666666666666 0.7625 0.5566666666666666 0.7550000000000001 0.5516666666666666 0.74375 0.5566666666666666 0.74 0.5583333333333333 0.734375 0.5583333333333333 0.64375 0.5566666666666666 0.6375 0.5508333333333333 0.6325000000000001 0.5208333333333333 0.6268750000000001 0.495 0.628125 0.4875 0.6256250000000001 0.47000000000000003 0.624375 0.4083333333333333 0.625 0.3975 0.628125 0.36916666666666664 0.6256250000000001 0.3491666666666667 0.629375 0.3441666666666666 0.633125 0.3383333333333333 0.6456250000000001 0.33333333333333337 0.660625 0.335 0.6793750000000001
0 0.5466666666666666 0.598125 0.545 0.5962500000000001 0.5458666666666666 0.5985250000000001 0.5466666666666666 0.598125
0 0.5441666666666667 0.599375 0.5466666666666666 0.6006250000000001 0.5458666666666666 0.5985250000000001 0.5441666666666667 0.599375
0 0.38333333333333336 0.5893750000000001 0.38333333333333336 0.5875 0.38 0.586875 0.38 0.591875 0.38333333333333336 0.5893750000000001
0 0.40703125 0.58125 0.00078125 0.00078125
0 0.33166666666666667 0.56375 0.3525 0.56875 0.36583333333333334 0.56375 0.37 0.565625 0.37333333333333335 0.561875 0.3875 0.573125 0.39416666666666667 0.573125 0.40083333333333326 0.579375 0.4041666666666667 0.579375 0.4058333333333334 0.5743750000000001 0.4116666666666666 0.5725 0.41500000000000004 0.56375 0.42000000000000004 0.56625 0.4216666666666667 0.571875 0.42833333333333334 0.5725 0.43666666666666665 0.578125 0.4333333333333333 0.586875 0.4225 0.58125 0.41500000000000004 0.5856250000000001 0.4125 0.591875 0.40750000000000003 0.5943750000000001 0.40750000000000003 0.5962500000000001 0.4125 0.5962500000000001 0.41916666666666663 0.59125 0.4225 0.5925 0.42666666666666664 0.5987500000000001 0.42000000000000004 0.6012500000000001 0.42000000000000004 0.606875 0.4166666666666667 0.6100000000000001 0.41500000000000004 0.60875 0.4125 0.6125 0.4175 0.6125 0.42000000000000004 0.6162500000000001 0.4216666666666667 0.6168750000000001 0.425 0.6125 0.42833333333333334 0.6125 0.43166666666666664 0.606875 0.43666666666666665 0.6056250000000001 0.4408333333333333 0.606875 0.44000000000000006 0.6112500000000001 0.43583333333333335 0.610625 0.4341666666666667 0.6125 0.4425 0.613125 0.4491666666666666 0.6168750000000001 0.45499999999999996 0.6125 0.45916666666666667 0.6125 0.45999999999999996 0.60875 0.46749999999999997 0.6050000000000001 0.4766666666666667 0.609375 0.4766666666666667 0.6143750000000001 0.485 0.61375 0.49000000000000005 0.619375 0.49749999999999994 0.61375 0.5041666666666667 0.6168750000000001 0.5116666666666666 0.615 0.5133333333333333 0.6168750000000001 0.5108333333333334 0.619375 0.5141666666666667 0.6175 0.5191666666666667 0.619375 0.5225 0.6168750000000001 0.5241666666666667 0.619375 0.5291666666666667 0.6206250000000001 0.5366666666666666 0.61875 0.5475 0.6212500000000001 0.5508333333333333 0.61875 0.55 0.606875 0.5466666666666666 0.6050000000000001 0.5433333333333333 0.60625 0.5375 0.6025 0.5375 0.6 0.5416666666666667 0.598125 0.5433333333333333 0.5943750000000001 0.5541666666666667 0.5925 0.5516666666666666 0.5800000000000001 0.545 0.5743750000000001 0.5566666666666666 0.5700000000000001 0.5608333333333333 0.5650000000000001 0.5583333333333333 0.5518750000000001 0.5599999999999999 0.5325 0.55 0.5162500000000001 0.5375 0.510625 0.5091666666666667 0.50625 0.46749999999999997 0.5068750000000001 0.46333333333333326 0.504375 0.45999999999999996 0.50625 0.4325 0.5075000000000001 0.425 0.505625 0.39916666666666667 0.50625 0.3775 0.51 0.3516666666666667 0.509375 0.345 0.513125 0.3441666666666666 0.519375 0.3383333333333333 0.525625 0.3358333333333333 0.534375 0.33249999999999996 0.5362500000000001 0.33416666666666667 0.545 0.33166666666666667 0.56375
0 0.45078125 0.50078125 0.00234375 0.00078125
0 0.335 0.66 0.3358333333333333 0.6743750000000001 0.3375 0.6787500000000001 0.3458333333333333 0.684375 0.3466666666666667 0.6893750000000001 0.3416666666666667 0.6950000000000001 0.33916666666666667 0.70625 0.3408333333333333 0.71375 0.3383333333333333 0.7375 0.3466666666666667 0.74 0.3575 0.74 0.37583333333333335 0.7362500000000001 0.4 0.7375 0.4091666666666667 0.735625 0.4508333333333333 0.735625 0.46333333333333326 0.73875 0.48583333333333334 0.7350000000000001 0.4966666666666667 0.7375 0.5158333333333334 0.7368750000000001 0.5408333333333333 0.7412500000000001 0.55 0.7412500000000001 0.5566666666666666 0.73875 0.5566666666666666 0.641875 0.55 0.635625 0.5216666666666667 0.6268750000000001 0.5141666666666667 0.6268750000000001 0.5075000000000001 0.629375 0.4708333333333333 0.624375 0.4225 0.6268750000000001 0.4025 0.6256250000000001 0.3975 0.628125 0.36583333333333334 0.62625 0.36 0.62875 0.35 0.629375 0.3416666666666667 0.640625 0.3383333333333333 0.65625 0.335 0.66
0 0.07166666666666667 0.38312500000000005 0.08 0.385 0.08416666666666667 0.389375 0.07583333333333334 0.4125 0.08249999999999999 0.421875 0.07916666666666666 0.44375 0.095 0.453125 0.10333333333333332 0.453125 0.10833333333333332 0.448125 0.12083333333333332 0.446875 0.14750000000000002 0.449375 0.1625 0.446875 0.22166666666666668 0.44625000000000004 0.26749999999999996 0.45 0.2783333333333333 0.448125 0.2925 0.45187499999999997 0.31333333333333335 0.45187499999999997 0.32 0.449375 0.3175 0.40875000000000006 0.32416666666666666 0.39312500000000006 0.3175 0.39187500000000003 0.31416666666666665 0.386875 0.3175 0.3825 0.31166666666666665 0.369375 0.31083333333333335 0.36062500000000003 0.30666666666666664 0.35750000000000004 0.2891666666666667 0.35500000000000004 0.2683333333333333 0.359375 0.26416666666666666 0.355625 0.255 0.35250000000000004 0.22666666666666666 0.355625 0.22000000000000003 0.35250000000000004 0.21083333333333334 0.35187500000000005 0.2058333333333333 0.35250000000000004 0.20083333333333334 0.35875 0.195 0.359375 0.18916666666666665 0.355625 0.17416666666666666 0.35187500000000005 0.16 0.353125 0.12583333333333332 0.35125 0.11666666666666667 0.356875 0.10333333333333332 0.35187500000000005 0.09166666666666666 0.35250000000000004 0.09 0.35750000000000004 0.08666666666666667 0.359375 0.08666666666666667 0.36312500000000003 0.09083333333333334 0.36625 0.08916666666666666 0.37062500000000004 0.08083333333333334 0.365625 0.08166666666666667 0.36187500000000006 0.07916666666666666 0.35875 0.07416666666666667 0.36187500000000006 0.06999999999999999 0.38062500000000005 0.07166666666666667 0.38312500000000005
0 0.9508333333333333 0.529375 0.9483333333333333 0.545 0.9516666666666665 0.550625 0.9583333333333334 0.5537500000000001 0.9683333333333334 0.5543750000000001 0.9949999999999999 0.553125 0.9991666666666668 0.55125 0.9991666666666668 0.504375 0.9875 0.503125 0.9483333333333333 0.508125 0.9483333333333333 0.5268750000000001 0.9508333333333333 0.529375
0 0.9941666666666666 0.46625000000000005 0.9991666666666668 0.45625 0.9933333333333334 0.45562500000000006 0.9891666666666665 0.45625 0.9941666666666666 0.46625000000000005
0 0.28250000000000003 0.4443750000000001 0.28500000000000003 0.4425 0.2816666666666666 0.440625 0.27999999999999997 0.4425 0.28250000000000003 0.4443750000000001
0 0.3140625 0.434375 0.00078125 0.0015625
0 0.09166666666666666 0.40812499999999996 0.0875 0.410625 0.09166666666666666 0.41187500000000005 0.09166666666666666 0.40812499999999996
0 0.13166666666666665 0.40125 0.135 0.4 0.13 0.39875000000000005 0.13166666666666665 0.40125
0 0.0875 0.40062500000000006 0.08499999999999999 0.3975 0.08499999999999999 0.403125 0.0875 0.40062500000000006
0 0.25833333333333336 0.401875 0.25833333333333336 0.395625 0.2525 0.395625 0.255 0.40375000000000005 0.25833333333333336 0.401875
0 0.20249999999999999 0.403125 0.2058333333333333 0.395 0.20249999999999999 0.39375 0.2 0.395625 0.19916666666666666 0.403125 0.20249999999999999 0.403125
0 0.26916666666666667 0.39 0.27749999999999997 0.39375 0.2791666666666667 0.40437500000000004 0.28583333333333333 0.409375 0.29166666666666663 0.4025 0.29833333333333334 0.40875000000000006 0.30083333333333334 0.40875000000000006 0.30083333333333334 0.40625 0.29416666666666663 0.4025 0.2966666666666667 0.4 0.3 0.40062500000000006 0.29583333333333334 0.39937500000000004 0.29333333333333333 0.395625 0.2841666666666667 0.395 0.27666666666666667 0.386875 0.26 0.386875 0.25833333333333336 0.39312500000000006 0.26916666666666667 0.39
0 0.08916666666666666 0.40062500000000006 0.09166666666666666 0.4025 0.095 0.39937500000000004 0.09916666666666667 0.4 0.1 0.39437500000000003 0.10416666666666667 0.39125 0.1025 0.388125 0.10833333333333332 0.386875 0.10416666666666667 0.38625000000000004 0.09333333333333334 0.39375 0.09333333333333334 0.398125 0.08916666666666666 0.40062500000000006
0 0.20666666666666664 0.3925 0.2125 0.39125 0.20750000000000002 0.38625000000000004 0.2058333333333333 0.389375 0.20249999999999999 0.38625000000000004 0.19416666666666665 0.38625000000000004 0.2058333333333333 0.39 0.20666666666666664 0.3925
0 0.08166666666666667 0.43562500000000004 0.08166666666666667 0.44312500000000005 0.09416666666666666 0.4525 0.09416666666666666 0.458125 0.08499999999999999 0.47750000000000004 0.08916666666666666 0.48375 0.08583333333333333 0.5050000000000001 0.08833333333333333 0.509375 0.09916666666666667 0.5118750000000001 0.10333333333333332 0.5175000000000001 0.0925 0.5381250000000001 0.09333333333333334 0.5431250000000001 0.0975 0.54625 0.095 0.5537500000000001 0.09583333333333334 0.56625 0.1025 0.568125 0.11666666666666667 0.566875 0.15 0.5693750000000001 0.175 0.5675000000000001 0.2341666666666667 0.5675000000000001 0.24833333333333335 0.5693750000000001 0.28250000000000003 0.5693750000000001 0.31333333333333335 0.573125 0.32333333333333336 0.57125 0.3283333333333333 0.525625 0.3225 0.5231250000000001 0.32083333333333336 0.519375 0.315 0.515625 0.32083333333333336 0.509375 0.32083333333333336 0.479375 0.3183333333333333 0.47062499999999996 0.31416666666666665 0.46687500000000004 0.31416666666666665 0.459375 0.30666666666666664 0.45062500000000005 0.3025 0.449375 0.3075 0.44375 0.3075 0.436875 0.30083333333333334 0.43937499999999996 0.29833333333333334 0.43624999999999997 0.3025 0.4325 0.30833333333333335 0.43125 0.3025 0.43125 0.30083333333333334 0.42750000000000005 0.30083333333333334 0.42562500000000003 0.30833333333333335 0.42562500000000003 0.3075 0.42062499999999997 0.2991666666666667 0.418125 0.30666666666666664 0.410625 0.3 0.4131250000000001 0.2966666666666667 0.410625 0.29416666666666663 0.4125 0.2875 0.41187500000000005 0.28500000000000003 0.414375 0.29416666666666663 0.418125 0.2733333333333333 0.42750000000000005 0.2633333333333333 0.41375 0.25416666666666665 0.41187500000000005 0.24833333333333335 0.40437500000000004 0.25 0.396875 0.2475 0.395625 0.2425 0.3975 0.24666666666666667 0.40375000000000005 0.24666666666666667 0.41125 0.2425 0.414375 0.24416666666666664 0.418125 0.24083333333333332 0.42062499999999997 0.2308333333333333 0.42000000000000004 0.22416666666666668 0.414375 0.225 0.41125 0.22000000000000003 0.40687500000000004 0.21749999999999997 0.40812499999999996 0.21833333333333332 0.41500000000000004 0.215 0.416875 0.20750000000000002 0.415625 0.20416666666666666 0.41187500000000005 0.19916666666666666 0.414375 0.19083333333333333 0.41375 0.18166666666666667 0.40750000000000003 0.16666666666666669 0.41000000000000003 0.1625 0.40625 0.16583333333333333 0.395 0.16333333333333333 0.39187500000000003 0.16833333333333333 0.386875 0.16 0.385625 0.1575 0.3875 0.16166666666666668 0.389375 0.16166666666666668 0.395 0.15333333333333332 0.401875 0.14916666666666667 0.40062500000000006 0.15916666666666665 0.40499999999999997 0.15833333333333333 0.41187500000000005 0.15 0.41187500000000005 0.13333333333333333 0.40687500000000004 0.12250000000000001 0.41000000000000003 0.11499999999999999 0.40875000000000006 0.095 0.41500000000000004 0.08416666666666667 0.42437500000000006 0.08583333333333333 0.43375 0.08166666666666667 0.43562500000000004
0 0.1430864197530864 0.39046626984126986 0.14833333333333334 0.38625000000000004 0.1375 0.386875 0.1430864197530864 0.39046626984126986
0 0.13666666666666666 0.395625 0.1425925925925926 0.39086309523809526 0.1375 0.3925 0.13666666666666666 0.395625
0 0.12333333333333334 0.8106250000000002 0.13 0.8137500000000001 0.1325 0.8175000000000001 0.12666666666666665 0.8325000000000001 0.13083333333333333 0.83625 0.14583333333333331 0.8393750000000001 0.1675 0.8375 0.18166666666666667 0.840625 0.19583333333333333 0.83625 0.26083333333333336 0.8375 0.27999999999999997 0.8425 0.3058333333333333 0.8412499999999999 0.3158333333333333 0.84375 0.3383333333333333 0.8425 0.3416666666666667 0.8387500000000001 0.3408333333333333 0.803125 0.3383333333333333 0.79625 0.33166666666666667 0.79375 0.31 0.7887500000000001 0.28500000000000003 0.790625 0.27999999999999997 0.7875 0.26 0.786875 0.2558333333333333 0.7837500000000001 0.2475 0.786875 0.22583333333333333 0.7862500000000001 0.20916666666666667 0.7825 0.195 0.785625 0.15 0.7837500000000001 0.13333333333333333 0.79 0.12333333333333334 0.806875 0.12333333333333334 0.8106250000000002
0 0.8183333333333334 0.3275 0.8266666666666665 0.34875 0.825 0.36750000000000005 0.8275 0.381875 0.8216666666666667 0.386875 0.8191666666666666 0.39312500000000006 0.8208333333333334 0.396875 0.8266666666666665 0.39437500000000003 0.89 0.395625 0.9033333333333333 0.384375 0.9066666666666666 0.38625000000000004 0.9066666666666666 0.39125 0.9116666666666667 0.389375 0.9283333333333333 0.395625 0.9316666666666666 0.395625 0.9366666666666668 0.39187500000000003 0.9400000000000001 0.398125 0.9441666666666666 0.40062500000000006 0.9491666666666667 0.40062500000000006 0.9591666666666667 0.395625 0.96 0.39312500000000006 0.9550000000000001 0.39 0.9541666666666666 0.38312500000000005 0.9491666666666667 0.379375 0.9558333333333333 0.37750000000000006 0.96 0.379375 0.9633333333333333 0.374375 0.96 0.35187500000000005 0.9625 0.34750000000000003 0.9733333333333333 0.34187500000000004 0.9733333333333333 0.3275 0.9650000000000001 0.32 0.9324999999999999 0.319375 0.9266666666666665 0.3175 0.8766666666666666 0.31875 0.8691666666666666 0.315625 0.8566666666666667 0.314375 0.835 0.315625 0.8191666666666666 0.31375000000000003 0.8108333333333333 0.315625 0.8099999999999999 0.3175 0.8183333333333334 0.3275
0 0.7825 0.304375 0.7991666666666666 0.31062500000000004 0.805 0.3175 0.8150000000000001 0.321875 0.8191666666666666 0.328125 0.8283333333333334 0.35187500000000005 0.8266666666666665 0.364375 0.8308333333333333 0.369375 0.8391666666666666 0.366875 0.8550000000000001 0.36625 0.8658333333333333 0.37062500000000004 0.8758333333333332 0.37 0.8833333333333334 0.36500000000000005 0.8966666666666667 0.37312500000000004 0.9075 0.369375 0.9058333333333334 0.35875 0.9108333333333333 0.355625 0.9099999999999999 0.35 0.9125 0.34750000000000003 0.9283333333333333 0.348125 0.9425000000000001 0.34500000000000003 0.9533333333333334 0.35 0.9574999999999999 0.35 0.9716666666666667 0.343125 0.9741666666666667 0.34 0.9741666666666667 0.314375 0.97 0.31062500000000004 0.9650000000000001 0.31125 0.9666666666666666 0.306875 0.97 0.306875 0.9675 0.3 0.9641666666666666 0.301875 0.9616666666666667 0.3 0.96 0.31500000000000006 0.9291666666666666 0.3125 0.9216666666666666 0.31500000000000006 0.9016666666666666 0.3125 0.8883333333333333 0.31500000000000006 0.865 0.3125 0.8550000000000001 0.30875 0.8441666666666666 0.30875 0.8375 0.31125 0.8225 0.30812500000000004 0.8083333333333333 0.31 0.7925 0.30375 0.7933333333333333 0.296875 0.7849999999999999 0.29625 0.7825 0.296875 0.7825 0.304375
0 0.9175000000000001 0.29375 0.9166666666666666 0.29250000000000004 0.9141666666666666 0.293125 0.9175000000000001 0.29375
0 0.9391666666666666 0.63375 0.9416666666666667 0.6475000000000001 0.9349999999999999 0.649375 0.9275 0.6568750000000001 0.9283333333333333 0.6631250000000001 0.9341666666666667 0.670625 0.9283333333333333 0.68125 0.9324999999999999 0.693125 0.9324999999999999 0.696875 0.9275 0.700625 0.9308333333333334 0.715625 0.9283333333333333 0.758125 0.9366666666666668 0.7625 0.9991666666666668 0.7625 0.9991666666666668 0.724375 0.9966666666666667 0.721875 0.9991666666666668 0.713125 0.9991666666666668 0.641875 0.9941666666666666 0.635625 0.9908333333333333 0.640625 0.9866666666666667 0.638125 0.9841666666666666 0.6300000000000001 0.9608333333333332 0.6275000000000001 0.9525 0.629375 0.9483333333333333 0.62 0.95 0.615625 0.9458333333333334 0.609375 0.9441666666666666 0.613125 0.9383333333333332 0.6162500000000001 0.9408333333333333 0.62 0.9391666666666666 0.63375
0 0.9724999999999999 0.5743750000000001 0.97 0.571875 0.9683333333333334 0.573125 0.97 0.575625 0.9724999999999999 0.5743750000000001
0 0.9875 0.5643750000000001 0.9941666666666666 0.5625 0.9941666666666666 0.555625 0.9824999999999999 0.5575 0.9824999999999999 0.5631250000000001 0.9875 0.5643750000000001
0 0.34249999999999997 0.775625 0.3408333333333333 0.7875 0.345 0.79375 0.36333333333333334 0.794375 0.38 0.790625 0.4041666666666667 0.79125 0.4141666666666667 0.789375 0.465 0.791875 0.49083333333333334 0.79 0.5083333333333333 0.7931250000000001 0.52 0.79125 0.5341666666666667 0.795625 0.5566666666666666 0.79375 0.5583333333333333 0.791875 0.5575 0.7425 0.5533333333333333 0.7393750000000001 0.5433333333333333 0.7412500000000001 0.5108333333333334 0.7362500000000001 0.5016666666666667 0.7325 0.49083333333333334 0.735625 0.4708333333333333 0.7362500000000001 0.4066666666666666 0.735625 0.39249999999999996 0.73375 0.38666666666666666 0.7362500000000001 0.3575 0.73875 0.3433333333333333 0.74875 0.33999999999999997 0.7675000000000001 0.34249999999999997 0.775625
0 0.40750000000000003 0.6925000000000001 0.4058333333333334 0.691875 0.4033333333333333 0.6925000000000001 0.40750000000000003 0.6925000000000001
0 0.8216666666666667 0.42625 0.8233333333333333 0.44375 0.8300000000000001 0.446875 0.8483333333333333 0.446875 0.8525 0.44375 0.8566666666666667 0.44375 0.8625 0.44750000000000006 0.8741666666666668 0.445625 0.8841666666666667 0.448125 0.8916666666666666 0.446875 0.8949999999999999 0.441875 0.8983333333333332 0.44625000000000004 0.9066666666666666 0.449375 0.9099999999999999 0.44750000000000006 0.9108333333333333 0.449375 0.9133333333333333 0.4443750000000001 0.9183333333333333 0.44625000000000004 0.9191666666666667 0.44375 0.925 0.44125000000000003 0.9308333333333334 0.449375 0.9391666666666666 0.4525 0.9466666666666667 0.453125 0.9591666666666667 0.449375 0.9591666666666667 0.44125000000000003 0.9566666666666667 0.43875000000000003 0.9608333333333332 0.433125 0.9616666666666667 0.410625 0.9641666666666666 0.40750000000000003 0.96 0.40687500000000004 0.9583333333333334 0.40437500000000004 0.9641666666666666 0.385 0.96 0.378125 0.9525 0.375 0.9275 0.376875 0.9166666666666666 0.3725 0.9058333333333334 0.375625 0.8908333333333334 0.37625000000000003 0.885 0.37375 0.8800000000000001 0.37625000000000003 0.8775000000000001 0.374375 0.86 0.37625000000000003 0.8591666666666666 0.37312500000000004 0.8508333333333333 0.37312500000000004 0.8483333333333333 0.376875 0.8441666666666666 0.37312500000000004 0.8333333333333334 0.37312500000000004 0.8300000000000001 0.375625 0.8266666666666665 0.388125 0.8175000000000001 0.39937500000000004 0.8166666666666667 0.41937500000000005 0.8216666666666667 0.42625
0 0.2633333333333333 0.213125 0.26166666666666666 0.209375 0.25083333333333335 0.21125000000000002 0.25083333333333335 0.21625 0.2633333333333333 0.213125
0 0.14333333333333334 0.04125 0.14250000000000002 0.04625 0.14333333333333334 0.05 0.14916666666666667 0.05500000000000001 0.15 0.1325 0.15083333333333332 0.135 0.15583333333333332 0.13687500000000002 0.15 0.14500000000000002 0.15 0.164375 0.15166666666666667 0.17375000000000002 0.15833333333333333 0.175 0.15416666666666667 0.18875000000000003 0.15666666666666668 0.19125 0.1575 0.2 0.16166666666666668 0.20187500000000003 0.16416666666666666 0.20625 0.1675 0.20437500000000003 0.17583333333333334 0.20500000000000002 0.17333333333333334 0.2125 0.17916666666666667 0.21125000000000002 0.185 0.215 0.18666666666666668 0.21000000000000002 0.18916666666666665 0.209375 0.1925 0.21437500000000004 0.20249999999999999 0.213125 0.20666666666666664 0.210625 0.21000000000000002 0.21375000000000002 0.22083333333333335 0.213125 0.22666666666666666 0.216875 0.22833333333333333 0.21375000000000002 0.23500000000000001 0.215625 0.2375 0.2125 0.24083333333333332 0.213125 0.25 0.20437500000000003 0.26166666666666666 0.203125 0.2658333333333333 0.20500000000000002 0.2733333333333333 0.21625 0.2833333333333333 0.21812499999999999 0.2875 0.21625 0.29416666666666663 0.216875 0.2991666666666667 0.21437500000000004 0.29583333333333334 0.20625 0.3 0.20750000000000002 0.30333333333333334 0.200625 0.32 0.196875 0.32416666666666666 0.2 0.3275 0.1975 0.3308333333333333 0.2 0.3375 0.200625 0.35666666666666663 0.196875 0.3625 0.20125 0.36583333333333334 0.20750000000000002 0.36916666666666664 0.20500000000000002 0.3725 0.20875 0.38333333333333336 0.19937500000000002 0.3908333333333333 0.19875 0.39416666666666667 0.195 0.39499999999999996 0.1875 0.38666666666666666 0.18250000000000002 0.39 0.175 0.3883333333333333 0.169375 0.38249999999999995 0.16375 0.39249999999999996 0.16312500000000002 0.39 0.1625 0.39249999999999996 0.16062500000000002 0.38916666666666666 0.15812500000000002 0.38916666666666666 0.15 0.3933333333333333 0.146875 0.3933333333333333 0.14250000000000002 0.3883333333333333 0.13687500000000002 0.39166666666666666 0.13375 0.39166666666666666 0.11875 0.39583333333333337 0.10562500000000001 0.3933333333333333 0.051875000000000004 0.3975 0.036250000000000004 0.3933333333333333 0.0075000000000000015 0.37666666666666665 0.0037500000000000007 0.3716666666666667 0.005625 0.36583333333333334 0.003125 0.34833333333333333 0.0037500000000000007 0.345 0.00625 0.34249999999999997 0.003125 0.3383333333333333 0.0025 0.32916666666666666 0.00625 0.32083333333333336 0.005 0.31416666666666665 0.008125 0.29833333333333334 0.0075000000000000015 0.2925 0.01 0.28583333333333333 0.004375 0.2783333333333333 0.004375 0.2725 0.006875000000000001 0.265 0.003125 0.26166666666666666 0.005625 0.2525 0.003125 0.2375 0.008125 0.22416666666666668 0.004375 0.22000000000000003 0.0075000000000000015 0.21083333333333334 0.008125 0.21000000000000002 0.010625 0.20833333333333334 0.008125 0.2058333333333333 0.01125 0.20416666666666666 0.008125 0.19583333333333333 0.005 0.1925 0.00625 0.18083333333333335 0.003125 0.1675 0.0075000000000000015 0.16083333333333333 0.005625 0.15666666666666668 0.008125 0.15583333333333332 0.011875 0.15083333333333332 0.01125 0.14916666666666667 0.013125000000000001 0.14916666666666667 0.034375 0.14333333333333334 0.04125
0 0.5983333333333334 0.381875 0.6108333333333333 0.37750000000000006 0.6216666666666667 0.37625000000000003 0.6275000000000001 0.37625000000000003 0.6366666666666666 0.38 0.6491666666666667 0.376875 0.675 0.378125 0.6783333333333333 0.37625000000000003 0.6941666666666666 0.375625 0.7166666666666667 0.379375 0.72 0.381875 0.7316666666666667 0.376875 0.7408333333333333 0.376875 0.7533333333333333 0.385625 0.7649999999999999 0.384375 0.77 0.38062500000000005 0.7825 0.38 0.7966666666666666 0.38625000000000004 0.8183333333333334 0.3825 0.8208333333333334 0.37875000000000003 0.8208333333333334 0.36812500000000004 0.8158333333333333 0.35875 0.8225 0.35187500000000005 0.8225 0.344375 0.8158333333333333 0.325625 0.8133333333333332 0.323125 0.8033333333333333 0.32125000000000004 0.7983333333333333 0.31375000000000003 0.7899999999999999 0.31 0.7491666666666666 0.30625 0.7125 0.3075 0.6950000000000001 0.30562500000000004 0.6741666666666666 0.30875 0.6633333333333333 0.30500000000000005 0.6508333333333333 0.30500000000000005 0.64 0.3075 0.6266666666666667 0.304375 0.615 0.30500000000000005 0.5916666666666667 0.31875 0.5858333333333333 0.3325 0.5783333333333334 0.34187500000000004 0.5741666666666666 0.375 0.5983333333333334 0.381875
0 0.26416666666666666 0.8012500000000001 0.26666666666666666 0.80375 0.26416666666666666 0.796875 0.26 0.796875 0.26 0.80375 0.26416666666666666 0.8012500000000001
0 0.25546875 0.79609375 0.00078125 0.0015625
0 0.12333333333333334 0.765625 0.11916666666666667 0.7862500000000001 0.14166666666666666 0.7881250000000001 0.14750000000000002 0.7875 0.15 0.785 0.18833333333333332 0.786875 0.22166666666666668 0.785625 0.2325 0.789375 0.22083333333333335 0.795625 0.22666666666666666 0.80375 0.2325 0.8 0.23333333333333334 0.80375 0.2575 0.7881250000000001 0.26666666666666666 0.7875 0.2725 0.790625 0.29083333333333333 0.79375 0.2925 0.803125 0.3 0.805625 0.305 0.80375 0.30083333333333334 0.79625 0.30166666666666664 0.7925000000000001 0.33416666666666667 0.794375 0.3358333333333333 0.791875 0.3383333333333333 0.774375 0.335 0.758125 0.3375 0.75 0.33416666666666667 0.744375 0.32916666666666666 0.743125 0.31666666666666665 0.7425 0.29500000000000004 0.7375 0.2725 0.73875 0.22166666666666668 0.73375 0.20750000000000002 0.7350000000000001 0.20249999999999999 0.733125 0.17166666666666666 0.7350000000000001 0.14833333333333334 0.73375 0.13 0.738125 0.11666666666666667 0.7550000000000001 0.11583333333333332 0.7612500000000001 0.12333333333333334 0.765625
0 0.91484375 0.26875 0.00078125 0.00078125
0 0.9566666666666667 0.2725 0.9591666666666667 0.265625 0.9558333333333333 0.26625 0.9533333333333334 0.2725 0.9566666666666667 0.2725
0 0.88984375 0.265625 0.00234375 0.00078125
0 0.9008333333333333 0.26625 0.8991666666666667 0.264375 0.8975 0.265 0.9008333333333333 0.26625
0 0.8683333333333334 0.26625 0.8625 0.26375000000000004 0.8550000000000001 0.264375 0.8558333333333333 0.27 0.8683333333333334 0.26625
0 0.78 0.2875 0.7891666666666667 0.306875 0.7983333333333333 0.30812500000000004 0.8033333333333333 0.311875 0.8466666666666667 0.311875 0.9 0.31500000000000006 0.9158333333333333 0.31375000000000003 0.9208333333333334 0.315625 0.9366666666666668 0.31500000000000006 0.9491666666666667 0.3175 0.9675 0.3175 0.9733333333333333 0.31375000000000003 0.9683333333333334 0.29937500000000006 0.97 0.29375 0.9758333333333333 0.29000000000000004 0.9733333333333333 0.28687500000000005 0.9758333333333333 0.275 0.9733333333333333 0.2725 0.9691666666666666 0.275 0.9633333333333333 0.271875 0.9541666666666666 0.27875 0.9491666666666667 0.275625 0.9458333333333334 0.2775 0.9391666666666666 0.27625 0.9366666666666668 0.28125 0.9266666666666665 0.284375 0.9175000000000001 0.283125 0.9108333333333333 0.2775 0.9075 0.28 0.9041666666666666 0.278125 0.8966666666666667 0.28250000000000003 0.8925000000000001 0.28250000000000003 0.89 0.27875 0.8833333333333334 0.2775 0.8800000000000001 0.283125 0.8766666666666666 0.28125 0.8775000000000001 0.27875 0.8724999999999999 0.2775 0.8666666666666666 0.281875 0.86 0.28250000000000003 0.8483333333333333 0.27687500000000004 0.8425 0.27937500000000004 0.8316666666666667 0.28 0.825 0.2775 0.8208333333333334 0.2725 0.8216666666666667 0.26875 0.8291666666666666 0.26625 0.8358333333333332 0.26875 0.8400000000000001 0.26625 0.8375 0.264375 0.8275 0.264375 0.8266666666666665 0.26687500000000003 0.8216666666666667 0.264375 0.8074999999999999 0.26812500000000006 0.805 0.26375000000000004 0.8 0.261875 0.7883333333333333 0.265 0.7875 0.27 0.7825 0.27437500000000004 0.7725 0.27625 0.7716666666666667 0.284375 0.78 0.2875
0 0.5666666666666667 0.62375 0.5700000000000001 0.6256250000000001 0.6625 0.623125 0.6866666666666666 0.6256250000000001 0.7083333333333333 0.62375 0.7233333333333334 0.6268750000000001 0.7675 0.6275000000000001 0.7716666666666667 0.6300000000000001 0.7866666666666666 0.63125 0.8 0.629375 0.7975 0.5956250000000001 0.7899999999999999 0.5737500000000001 0.7858333333333334 0.571875 0.7808333333333334 0.573125 0.7691666666666667 0.5693750000000001 0.7325 0.568125 0.7283333333333333 0.56625 0.7024999999999999 0.56875 0.6958333333333333 0.566875 0.6608333333333334 0.5675000000000001 0.6541666666666667 0.565625 0.6224999999999999 0.568125 0.6058333333333333 0.565625 0.5983333333333334 0.568125 0.5708333333333333 0.57125 0.5666666666666667 0.5806250000000001 0.5658333333333333 0.62 0.5666666666666667 0.62375
0 0.5700000000000001 0.50875 0.6125 0.50625 0.62 0.50375 0.6491666666666667 0.5050000000000001 0.69 0.503125 0.7125 0.505625 0.7508333333333332 0.504375 0.7649999999999999 0.5068750000000001 0.7791666666666667 0.504375 0.8008333333333333 0.509375 0.8091666666666667 0.50125 0.8074999999999999 0.48562500000000003 0.8108333333333333 0.47625 0.805 0.460625 0.7966666666666666 0.453125 0.7891666666666667 0.45562500000000006 0.7808333333333334 0.4525 0.7791666666666667 0.45625 0.7658333333333334 0.44875 0.7483333333333333 0.45 0.7433333333333334 0.44625000000000004 0.7333333333333333 0.4443750000000001 0.715 0.445 0.7066666666666667 0.44750000000000006 0.7033333333333334 0.445625 0.6925 0.446875 0.6891666666666667 0.4443750000000001 0.6799999999999999 0.4443750000000001 0.6708333333333333 0.44750000000000006 0.6625 0.44375 0.6466666666666667 0.44375 0.6366666666666666 0.44875 0.6283333333333333 0.44875 0.6216666666666667 0.4443750000000001 0.6091666666666666 0.44375 0.5966666666666667 0.449375 0.5841666666666667 0.449375 0.5708333333333333 0.4600000000000001 0.5666666666666667 0.491875 0.5658333333333333 0.50375 0.5700000000000001 0.50875
0 0.5708333333333333 0.8456250000000001 0.6183333333333334 0.8481250000000001 0.6741666666666666 0.8462500000000001 0.7608333333333334 0.849375 0.7808333333333334 0.846875 0.7841666666666667 0.844375 0.7808333333333334 0.8300000000000001 0.7841666666666667 0.8150000000000001 0.7733333333333333 0.796875 0.7341666666666666 0.79375 0.72 0.795 0.705 0.7925000000000001 0.6891666666666667 0.794375 0.6775 0.7925000000000001 0.6575 0.79375 0.6491666666666667 0.791875 0.63 0.79375 0.625 0.791875 0.5883333333333333 0.7925000000000001 0.585 0.794375 0.5641666666666667 0.795 0.5633333333333332 0.8412499999999999 0.5708333333333333 0.8456250000000001
0 0.47333333333333333 0.835 0.47000000000000003 0.8318749999999999 0.4666666666666667 0.8356250000000001 0.4741666666666666 0.8387500000000001 0.4841666666666667 0.8375 0.4875 0.8412499999999999 0.49000000000000005 0.840625 0.495 0.836875 0.49416666666666664 0.8300000000000001 0.4875 0.8262500000000002 0.48083333333333333 0.826875 0.4766666666666667 0.8243750000000001 0.4791666666666667 0.83125 0.47333333333333333 0.835
0 0.43083333333333335 0.8293750000000001 0.4383333333333333 0.8275 0.4383333333333333 0.8243750000000001 0.43499999999999994 0.8262500000000002 0.43166666666666664 0.8243750000000001 0.4291666666666667 0.8275 0.43083333333333335 0.8293750000000001
0 0.4175 0.8387500000000001 0.425 0.8393750000000001 0.42833333333333334 0.83625 0.4325 0.838125 0.43583333333333335 0.835 0.42750000000000005 0.8325000000000001 0.425 0.8243750000000001 0.4216666666666667 0.826875 0.41833333333333333 0.8243750000000001 0.41 0.8306250000000001 0.4083333333333333 0.835 0.4175 0.8387500000000001
0 0.47000000000000003 0.8293750000000001 0.4683333333333334 0.8243750000000001 0.4658333333333333 0.8237500000000001 0.465 0.8275 0.47000000000000003 0.8293750000000001
0 0.4925 0.8168750000000001 0.495 0.8099999999999999 0.49083333333333334 0.80625 0.4883333333333333 0.8137500000000001 0.4925 0.8168750000000001
0 0.4491666666666666 0.8087500000000001 0.45666666666666667 0.806875 0.45583333333333337 0.8043750000000001 0.44833333333333336 0.805 0.44666666666666666 0.806875 0.4491666666666666 0.8087500000000001
0 0.4958333333333333 0.8168750000000001 0.5016666666666667 0.818125 0.5033333333333333 0.8087500000000001 0.5091666666666667 0.803125 0.5075000000000001 0.8025 0.505 0.805625 0.5 0.8018750000000001 0.49749999999999994 0.805 0.49916666666666665 0.811875 0.4958333333333333 0.8168750000000001
0 0.4841666666666667 0.8075000000000001 0.4841666666666667 0.8012500000000001 0.48 0.8018750000000001 0.47833333333333333 0.806875 0.4841666666666667 0.8075000000000001
0 0.43083333333333335 0.8106250000000002 0.43166666666666664 0.8168750000000001 0.4333333333333333 0.8099999999999999 0.4383333333333333 0.806875 0.43916666666666665 0.80375 0.43499999999999994 0.805 0.4333333333333333 0.8018750000000001 0.42833333333333334 0.8 0.42750000000000005 0.8075000000000001 0.43083333333333335 0.8106250000000002
0 0.5008333333333332 0.79125 0.505 0.79 0.5175 0.7931250000000001 0.5158333333333334 0.8025 0.52 0.80375 0.5175 0.805 0.5183333333333333 0.8087500000000001 0.525 0.8075000000000001 0.5291666666666667 0.8025 0.5275000000000001 0.7993750000000001 0.5208333333333333 0.7993750000000001 0.5233333333333333 0.780625 0.5175 0.77875 0.515 0.77375 0.5158333333333334 0.786875 0.5066666666666666 0.7875 0.505 0.78125 0.49916666666666665 0.7831250000000001 0.49833333333333335 0.789375 0.5008333333333332 0.79125
0 0.5025000000000001 0.775 0.505 0.7768750000000001 0.505 0.771875 0.5008333333333332 0.77625 0.5025000000000001 0.775
0 0.5383333333333333 0.7881250000000001 0.5283333333333333 0.7887500000000001 0.5358333333333334 0.79 0.5383333333333333 0.794375 0.5425 0.79625 0.545 0.7931250000000001 0.5566666666666666 0.790625 0.5533333333333333 0.771875 0.5491666666666666 0.77 0.5466666666666666 0.78 0.5383333333333333 0.7881250000000001
0 0.55 0.7681250000000001 0.5533333333333333 0.7662500000000001 0.5533333333333333 0.76375 0.5483333333333333 0.765 0.5466666666666666 0.765625 0.55 0.7681250000000001
0 0.5383333333333333 0.765625 0.5358333333333334 0.76 0.5358333333333334 0.76875 0.5383333333333333 0.765625
0 0.5225 0.7550000000000001 0.5183333333333333 0.75375 0.5133333333333333 0.75875 0.5225 0.7550000000000001
0 0.43203125 0.7546875 0.00078125 0.003125
0 0.4166666666666667 0.755625 0.41500000000000004 0.7518750000000001 0.4125 0.7518750000000001 0.4116666666666666 0.7550000000000001 0.4166666666666667 0.755625
0 0.38666666666666666 0.7506250000000001 0.38249999999999995 0.7518750000000001 0.38 0.7568750000000001 0.38666666666666666 0.7506250000000001
0 0.5466666666666666 0.75875 0.55 0.758125 0.5533333333333333 0.760625 0.5541666666666667 0.754375 0.5508333333333333 0.748125 0.5458333333333333 0.75 0.5433333333333333 0.7550000000000001 0.5466666666666666 0.75875
0 0.4666666666666667 0.7568750000000001 0.47000000000000003 0.75375 0.4741666666666666 0.7568750000000001 0.4833333333333333 0.7518750000000001 0.48083333333333333 0.746875 0.4766666666666667 0.749375 0.46333333333333326 0.7506250000000001 0.46333333333333326 0.7568750000000001 0.4666666666666667 0.7568750000000001
0 0.505 0.7612500000000001 0.5083333333333333 0.765625 0.5108333333333334 0.76 0.51 0.753125 0.5125 0.75125 0.5016666666666667 0.745 0.5008333333333332 0.7625 0.505 0.7612500000000001
0 0.38 0.745 0.3783333333333333 0.74375 0.37666666666666665 0.744375 0.38 0.745
0 0.34249999999999997 0.6118750000000001 0.3383333333333333 0.613125 0.3433333333333333 0.613125 0.3491666666666667 0.6162500000000001 0.3491666666666667 0.62 0.3458333333333333 0.6225 0.34833333333333333 0.624375 0.34833333333333333 0.62875 0.335 0.660625 0.3375 0.6793750000000001 0.34750000000000003 0.685625 0.3466666666666667 0.6925000000000001 0.3383333333333333 0.7056250000000001 0.3383333333333333 0.7375 0.35333333333333333 0.7412500000000001 0.35416666666666663 0.748125 0.3516666666666667 0.7518750000000001 0.35583333333333333 0.755625 0.35833333333333334 0.753125 0.36083333333333334 0.75375 0.36916666666666664 0.7681250000000001 0.3625 0.775 0.35333333333333333 0.775625 0.345 0.7731250000000001 0.34833333333333333 0.775625 0.3441666666666666 0.779375 0.3441666666666666 0.789375 0.365 0.7931250000000001 0.3625 0.7993750000000001 0.35083333333333333 0.806875 0.35083333333333333 0.8143750000000001 0.35333333333333333 0.8150000000000001 0.35666666666666663 0.8125 0.3591666666666667 0.8150000000000001 0.36666666666666664 0.8150000000000001 0.3675 0.8231250000000001 0.3625 0.826875 0.355 0.8243750000000001 0.3516666666666667 0.828125 0.355 0.8375 0.3591666666666667 0.8375 0.36083333333333334 0.8412499999999999 0.36666666666666664 0.8412499999999999 0.36916666666666664 0.8393750000000001 0.3716666666666667 0.8418750000000002 0.3775 0.8393750000000001 0.3808333333333333 0.8412499999999999 0.38249999999999995 0.836875 0.38666666666666666 0.8356250000000001 0.39 0.8375 0.39 0.8412499999999999 0.3933333333333333 0.8412499999999999 0.39416666666666667 0.838125 0.40083333333333326 0.8356250000000001 0.4 0.8306250000000001 0.4025 0.8275 0.40750000000000003 0.8275 0.40750000000000003 0.8231250000000001 0.4025 0.820625 0.40499999999999997 0.819375 0.4041666666666667 0.8106250000000002 0.4133333333333333 0.805625 0.4125 0.8025 0.40750000000000003 0.8 0.4041666666666667 0.8 0.40083333333333326 0.8043750000000001 0.39583333333333337 0.803125 0.39416666666666667 0.7993750000000001 0.3975 0.795625 0.3908333333333333 0.7987500000000001 0.38583333333333336 0.798125 0.38416666666666666 0.791875 0.38666666666666666 0.79 0.39416666666666667 0.7887500000000001 0.4041666666666667 0.791875 0.4133333333333333 0.7881250000000001 0.42833333333333334 0.7862500000000001 0.43583333333333335 0.79 0.43499999999999994 0.7931250000000001 0.4383333333333333 0.79 0.445 0.794375 0.4425 0.8006249999999999 0.4491666666666666 0.8018750000000001 0.4533333333333333 0.798125 0.45583333333333337 0.803125 0.47333333333333333 0.789375 0.4791666666666667 0.79 0.49083333333333334 0.786875 0.49333333333333335 0.7881250000000001 0.4958333333333333 0.785625 0.4925 0.7681250000000001 0.49416666666666664 0.764375 0.49833333333333335 0.765 0.495 0.760625 0.485 0.758125 0.48583333333333334 0.754375 0.4883333333333333 0.754375 0.4766666666666667 0.7393750000000001 0.48 0.7368750000000001 0.49916666666666665 0.7393750000000001 0.5016666666666667 0.74375 0.51 0.7393750000000001 0.5208333333333333 0.7412500000000001 0.5266666666666666 0.7393750000000001 0.5325 0.743125 0.5391666666666667 0.740625 0.5508333333333333 0.7418750000000001 0.5566666666666666 0.7393750000000001 0.5575 0.64375 0.55 0.629375 0.5575 0.62375 0.5575 0.59125 0.5533333333333333 0.576875 0.5416666666666667 0.571875 0.5458333333333333 0.566875 0.5575 0.56625 0.5575 0.5537500000000001 0.5533333333333333 0.544375 0.5566666666666666 0.5325 0.5525 0.52625 0.5383333333333333 0.515 0.5225 0.51 0.5083333333333333 0.5118750000000001 0.4966666666666667 0.50875 0.47333333333333333 0.50875 0.46333333333333326 0.510625 0.45916666666666667 0.50875 0.43499999999999994 0.508125 0.42416666666666664 0.510625 0.4175 0.508125 0.4041666666666667 0.5075000000000001 0.39499999999999996 0.5112500000000001 0.39 0.51875 0.38416666666666666 0.515625 0.38333333333333336 0.50875 0.37916666666666665 0.5112500000000001 0.3516666666666667 0.5112500000000001 0.345 0.515625 0.345 0.519375 0.3491666666666667 0.519375 0.35833333333333334 0.525625 0.36666666666666664 0.52625 0.36916666666666664 0.529375 0.37666666666666665 0.525 0.3808333333333333 0.53 0.38666666666666666 0.530625 0.39416666666666667 0.5362500000000001 0.38666666666666666 0.539375 0.38916666666666666 0.5425000000000001 0.39499999999999996 0.5425000000000001 0.3908333333333333 0.553125 0.3933333333333333 0.556875 0.3775 0.56625 0.3725 0.56625 0.36916666666666664 0.561875 0.36666666666666664 0.56625 0.3591666666666667 0.56625 0.355 0.56 0.3466666666666667 0.561875 0.34750000000000003 0.5743750000000001 0.3383333333333333 0.595 0.3383333333333333 0.60875 0.34249999999999997 0.6118750000000001
0 0.3125 0.22562500000000002 0.3175 0.23875000000000002 0.3275 0.248125 0.3275 0.25250000000000006 0.3158333333333333 0.27437500000000004 0.3183333333333333 0.285625 0.3158333333333333 0.295625 0.3175 0.306875 0.32916666666666666 0.31 0.36583333333333334 0.30625 0.4216666666666667 0.30875 0.46333333333333326 0.3075 0.48916666666666664 0.31 0.5125 0.309375 0.525 0.31062500000000004 0.5316666666666666 0.31375000000000003 0.5433333333333333 0.31375000000000003 0.5575 0.31 0.5566666666666666 0.28125 0.5466666666666666 0.256875 0.5383333333333333 0.248125 0.5416666666666667 0.23937500000000003 0.5533333333333333 0.22749999999999998 0.5533333333333333 0.21812499999999999 0.545 0.21625 0.5358333333333334 0.21937500000000001 0.5216666666666667 0.21875 0.5133333333333333 0.215 0.4966666666666667 0.21937500000000001 0.47750000000000004 0.216875 0.47000000000000003 0.22312500000000002 0.4666666666666667 0.21812499999999999 0.4708333333333333 0.21812499999999999 0.47000000000000003 0.215625 0.4616666666666666 0.21875 0.4383333333333333 0.216875 0.43499999999999994 0.22000000000000003 0.42833333333333334 0.21750000000000003 0.41833333333333333 0.22000000000000003 0.39 0.216875 0.38249999999999995 0.213125 0.3783333333333333 0.21937500000000001 0.38166666666666665 0.22375000000000003 0.3725 0.22562500000000002 0.3625 0.21750000000000003 0.35583333333333333 0.21937500000000001 0.3416666666666667 0.21437500000000004 0.33666666666666667 0.21937500000000001 0.32333333333333336 0.21937500000000001 0.31666666666666665 0.213125 0.3075 0.213125 0.30666666666666664 0.21937500000000001 0.3125 0.22562500000000002
0 0.9666666666666666 0.4025 0.9616666666666667 0.40812499999999996 0.9633333333333333 0.426875 0.9566666666666667 0.449375 0.9666666666666666 0.45375000000000004 0.9808333333333333 0.45437500000000003 0.9908333333333333 0.45187499999999997 0.9941666666666666 0.453125 0.9991666666666668 0.45062500000000005 0.9991666666666668 0.31875 0.9908333333333333 0.31625000000000003 0.9841666666666666 0.3175 0.9758333333333333 0.33062500000000006 0.975 0.34187500000000004 0.9641666666666666 0.35187500000000005 0.9675 0.36812500000000004 0.9666666666666666 0.4025
0 0.8975 0.6318750000000001 0.9025000000000001 0.6300000000000001 0.8966666666666667 0.628125 0.8949999999999999 0.6300000000000001 0.8975 0.6318750000000001
0 0.7983333333333333 0.655625 0.7966666666666666 0.675625 0.8 0.6837500000000001 0.8058333333333334 0.68875 0.8508333333333333 0.68875 0.8724999999999999 0.686875 0.9033333333333333 0.6900000000000001 0.915 0.693125 0.925 0.6925000000000001 0.9208333333333334 0.685625 0.925 0.6743750000000001 0.925 0.665 0.9216666666666666 0.6568750000000001 0.9316666666666666 0.6475000000000001 0.9291666666666666 0.64375 0.9316666666666666 0.64 0.9266666666666665 0.6362500000000001 0.9266666666666665 0.634375 0.9316666666666666 0.635 0.9283333333333333 0.6300000000000001 0.9233333333333332 0.63875 0.9141666666666666 0.64 0.9016666666666666 0.6362500000000001 0.8941666666666667 0.640625 0.8841666666666667 0.6375 0.8724999999999999 0.63875 0.8691666666666666 0.635625 0.8658333333333333 0.638125 0.8625 0.635625 0.8558333333333333 0.6362500000000001 0.8458333333333334 0.6300000000000001 0.8416666666666666 0.6300000000000001 0.8383333333333333 0.6375 0.8291666666666666 0.640625 0.8275 0.635625 0.8175000000000001 0.634375 0.8166666666666667 0.6300000000000001 0.8133333333333332 0.6275000000000001 0.8091666666666667 0.6275000000000001 0.8058333333333334 0.6325000000000001 0.795 0.63875 0.7941666666666667 0.64375 0.7983333333333333 0.655625
0 0.8783333333333333 0.5987500000000001 0.875 0.5987500000000001 0.8734684684684684 0.6007601351351352 0.8758333333333332 0.603125 0.8775000000000001 0.601875 0.8783333333333333 0.5987500000000001
0 0.7958333333333333 0.71625 0.7941666666666667 0.731875 0.8 0.73875 0.8033333333333333 0.7350000000000001 0.8308333333333333 0.733125 0.8591666666666666 0.73375 0.8724999999999999 0.73875 0.8841666666666667 0.7350000000000001 0.9183333333333333 0.73875 0.9241666666666667 0.734375 0.9258333333333333 0.7125 0.9208333333333334 0.6950000000000001 0.925 0.69125 0.9216666666666666 0.686875 0.9041666666666666 0.686875 0.8975 0.6900000000000001 0.8858333333333333 0.685625 0.875 0.685625 0.8699999999999999 0.681875 0.8625 0.68625 0.8525 0.6875 0.8341666666666667 0.6875 0.8266666666666665 0.684375 0.8108333333333333 0.686875 0.8074999999999999 0.685625 0.8074999999999999 0.68 0.8033333333333333 0.6775 0.7991666666666666 0.6893750000000001 0.7899999999999999 0.69625 0.7891666666666667 0.709375 0.7958333333333333 0.71625
0 0.5641666666666667 0.775625 0.5666666666666667 0.7925000000000001 0.5666666666666667 0.8412499999999999 0.5758333333333333 0.84375 0.6174999999999999 0.8456250000000001 0.6991666666666666 0.843125 0.7133333333333333 0.8456250000000001 0.7791666666666667 0.84375 0.7816666666666666 0.8418750000000002 0.775 0.8243750000000001 0.7791666666666667 0.8225 0.7825 0.8168750000000001 0.7733333333333333 0.7993750000000001 0.7858333333333334 0.7931250000000001 0.7808333333333334 0.775625 0.7858333333333334 0.7662500000000001 0.7783333333333333 0.748125 0.78 0.744375 0.7891666666666667 0.7375 0.7833333333333333 0.691875 0.7925 0.6825 0.7899999999999999 0.64875 0.7858333333333334 0.64 0.7633333333333333 0.629375 0.7433333333333334 0.6300000000000001 0.7125 0.62625 0.6966666666666667 0.6275000000000001 0.6691666666666667 0.6256250000000001 0.6441666666666667 0.62625 0.6383333333333333 0.628125 0.6033333333333333 0.6268750000000001 0.595 0.6300000000000001 0.5741666666666666 0.630625 0.5691666666666666 0.634375 0.5675 0.6412500000000001 0.5675 0.75125 0.5641666666666667 0.775625
0 0.95 0.7362500000000001 0.9508333333333333 0.7325 0.9483333333333333 0.7325 0.9475 0.7350000000000001 0.95 0.7362500000000001
0 0.9316666666666666 0.7625 0.9941666666666666 0.764375 0.9991666666666668 0.763125 0.9991666666666668 0.7325 0.9941666666666666 0.725 0.9908333333333333 0.7306250000000001 0.9824999999999999 0.726875 0.9724999999999999 0.729375 0.97 0.725 0.9675 0.7256250000000001 0.9641666666666666 0.7325 0.9591666666666667 0.733125 0.9508333333333333 0.74 0.9425000000000001 0.7375 0.9425000000000001 0.734375 0.9316666666666666 0.7237500000000001 0.9316666666666666 0.73125 0.9266666666666665 0.744375 0.9258333333333333 0.7550000000000001 0.9316666666666666 0.7625
0 0.6234375 0.6890625 0.0015625 0.00078125
0 0.5741666666666666 0.70625 0.5683333333333334 0.709375 0.5675 0.7143750000000001 0.5658333333333333 0.769375 0.5633333333333332 0.775625 0.5658333333333333 0.8106250000000002 0.5641666666666667 0.835 0.5675 0.8425 0.6191666666666666 0.8456250000000001 0.7024999999999999 0.843125 0.705 0.8450000000000001 0.7216666666666667 0.8462500000000001 0.7391666666666666 0.8450000000000001 0.7441666666666666 0.8418750000000002 0.7466666666666667 0.8450000000000001 0.7566666666666666 0.843125 0.7783333333333333 0.8450000000000001 0.7825 0.8418750000000002 0.7766666666666666 0.8275 0.7766666666666666 0.8243750000000001 0.7825 0.820625 0.7766666666666666 0.8 0.7858333333333334 0.796875 0.7875 0.7931250000000001 0.7833333333333333 0.77875 0.7866666666666666 0.764375 0.7808333333333334 0.7506250000000001 0.7808333333333334 0.7425 0.7883333333333333 0.7375 0.7858333333333334 0.7100000000000001 0.7833333333333333 0.7075 0.7833333333333333 0.6993750000000001 0.7791666666666667 0.69375 0.7691666666666667 0.6950000000000001 0.7625 0.68875 0.7541666666666667 0.6881250000000001 0.745 0.6881250000000001 0.7383333333333333 0.691875 0.7341666666666666 0.691875 0.7233333333333334 0.684375 0.6958333333333333 0.68625 0.6925 0.684375 0.6541666666666667 0.6837500000000001 0.6291666666666667 0.684375 0.6258333333333332 0.693125 0.6208333333333333 0.693125 0.6158333333333333 0.6893750000000001 0.6166666666666667 0.685625 0.6125 0.684375 0.5983333333333334 0.685 0.5916666666666667 0.6893750000000001 0.5775 0.6893750000000001 0.5708333333333333 0.686875 0.5675 0.693125 0.5675 0.6975 0.5741666666666666 0.70625
0 0.12083333333333332 0.609375 0.12583333333333332 0.6125 0.12666666666666665 0.604375 0.12166666666666666 0.601875 0.12416666666666668 0.6056250000000001 0.12083333333333332 0.609375
0 0.1125 0.6006250000000001 0.11499999999999999 0.59375 0.10916666666666666 0.591875 0.10666666666666666 0.5987500000000001 0.1125 0.6006250000000001
0 0.1125 0.5900000000000001 0.12166666666666666 0.5900000000000001 0.13666666666666666 0.5962500000000001 0.14750000000000002 0.59375 0.15 0.59125 0.1575 0.595 0.15666666666666668 0.6012500000000001 0.14666666666666667 0.6 0.14583333333333331 0.601875 0.15 0.601875 0.15333333333333332 0.60625 0.1625 0.6112500000000001 0.16416666666666666 0.615 0.16666666666666669 0.615 0.17083333333333334 0.62625 0.16833333333333333 0.62875 0.16 0.6275000000000001 0.15416666666666667 0.6318750000000001 0.15083333333333332 0.62875 0.13833333333333334 0.630625 0.13 0.6268750000000001 0.11583333333333332 0.6300000000000001 0.10500000000000001 0.650625 0.10500000000000001 0.65375 0.10916666666666666 0.6575 0.10500000000000001 0.6787500000000001 0.10916666666666666 0.681875 0.12333333333333334 0.6831250000000001 0.1375 0.6793750000000001 0.1675 0.681875 0.175 0.6793750000000001 0.20916666666666667 0.6787500000000001 0.22083333333333335 0.681875 0.2866666666666667 0.6831250000000001 0.32 0.686875 0.3275 0.68625 0.33166666666666667 0.6825 0.32916666666666666 0.653125 0.32999999999999996 0.6456250000000001 0.33416666666666667 0.64 0.3258333333333333 0.63375 0.32416666666666666 0.629375 0.315 0.6268750000000001 0.3158333333333333 0.61875 0.325 0.6125 0.3275 0.6 0.3283333333333333 0.58125 0.32416666666666666 0.578125 0.31 0.578125 0.2833333333333333 0.571875 0.26083333333333336 0.5725 0.22666666666666666 0.5693750000000001 0.17083333333333334 0.5693750000000001 0.1575 0.571875 0.12 0.5700000000000001 0.10916666666666666 0.57125 0.1075 0.5743750000000001 0.10916666666666666 0.58625 0.1125 0.5900000000000001
0 0.8441666666666666 0.34875 0.8416666666666666 0.346875 0.8408333333333333 0.350625 0.8441666666666666 0.34875
0 0.8166666666666667 0.323125 0.8241666666666667 0.34 0.8291666666666666 0.345625 0.845 0.3425 0.8491666666666667 0.3425 0.8525 0.34625000000000006 0.8691666666666666 0.343125 0.8808333333333334 0.34375 0.8858333333333333 0.34625000000000006 0.8983333333333332 0.34375 0.9116666666666667 0.34375 0.9191666666666667 0.346875 0.9441666666666666 0.34375 0.9574999999999999 0.34875 0.9708333333333334 0.34375 0.975 0.34 0.9758333333333333 0.31625000000000003 0.9683333333333334 0.3 0.9658333333333333 0.29937500000000006 0.9633333333333333 0.30125 0.9625 0.29937500000000006 0.9416666666666667 0.314375 0.9208333333333334 0.314375 0.9175000000000001 0.311875 0.915 0.314375 0.8866666666666667 0.31500000000000006 0.8558333333333333 0.30875 0.8425 0.30875 0.8375 0.31062500000000004 0.8225 0.30875 0.7991666666666666 0.31 0.8033333333333333 0.315625 0.8166666666666667 0.323125
0 0.7816666666666666 0.30500000000000005 0.7841666666666667 0.306875 0.7916666666666667 0.306875 0.7866666666666666 0.30375 0.7916666666666667 0.296875 0.7866666666666666 0.29000000000000004 0.7741666666666667 0.29000000000000004 0.7733333333333333 0.29625 0.7816666666666666 0.30500000000000005
0 0.5958333333333333 0.650625 0.5866666666666667 0.65 0.5883333333333333 0.6525000000000001 0.5958333333333333 0.650625
0 0.7833333333333333 0.649375 0.7866666666666666 0.654375 0.7891666666666667 0.650625 0.7858333333333334 0.6431250000000001 0.7841666666666667 0.64375 0.7866666666666666 0.6481250000000001 0.7833333333333333 0.649375
0 0.5908333333333333 0.6368750000000001 0.5941666666666666 0.63375 0.5808333333333333 0.633125 0.5916666666666667 0.64375 0.5908333333333333 0.6368750000000001
0 0.5641666666666667 0.7875 0.5675 0.8418750000000002 0.62 0.8425 0.6241666666666666 0.844375 0.6316666666666666 0.8400000000000001 0.6358333333333334 0.8425 0.6683333333333333 0.843125 0.6833333333333333 0.8425 0.6925 0.838125 0.6958333333333333 0.840625 0.7024999999999999 0.838125 0.7066666666666667 0.8418750000000002 0.7216666666666667 0.8450000000000001 0.7283333333333333 0.8418750000000002 0.7291666666666667 0.8356250000000001 0.7333333333333333 0.8331250000000001 0.7375 0.8387500000000001 0.7474999999999999 0.834375 0.7541666666666667 0.8400000000000001 0.7583333333333333 0.83625 0.7658333333333334 0.8412499999999999 0.7783333333333333 0.8418750000000002 0.7708333333333333 0.840625 0.7683333333333333 0.838125 0.7766666666666666 0.835 0.7716666666666667 0.8243750000000001 0.7791666666666667 0.821875 0.7816666666666666 0.81875 0.7758333333333333 0.811875 0.7791666666666667 0.8099999999999999 0.7716666666666667 0.809375 0.7758333333333333 0.805625 0.7733333333333333 0.8 0.7783333333333333 0.796875 0.7849999999999999 0.79625 0.7866666666666666 0.7931250000000001 0.7825 0.779375 0.7825 0.771875 0.7858333333333334 0.766875 0.7791666666666667 0.7475 0.7899999999999999 0.7375 0.7849999999999999 0.695625 0.7883333333333333 0.684375 0.7933333333333333 0.68 0.7899999999999999 0.659375 0.7816666666666666 0.66 0.775 0.6575 0.7808333333333334 0.65125 0.7825 0.640625 0.7791666666666667 0.6375 0.7716666666666667 0.6362500000000001 0.7616666666666666 0.6300000000000001 0.7533333333333333 0.6325000000000001 0.7458333333333333 0.6318750000000001 0.7408333333333333 0.635 0.7333333333333333 0.6300000000000001 0.7141666666666666 0.629375 0.7066666666666667 0.6318750000000001 0.6966666666666667 0.62875 0.6849999999999999 0.6300000000000001 0.6741666666666666 0.6268750000000001 0.6716666666666666 0.63125 0.6641666666666667 0.629375 0.6575 0.634375 0.6533333333333333 0.635 0.6508333333333333 0.6318750000000001 0.6533333333333333 0.629375 0.6483333333333333 0.6275000000000001 0.6275000000000001 0.63125 0.6033333333333333 0.62875 0.5991666666666666 0.6300000000000001 0.5966666666666667 0.6375 0.6041666666666667 0.64 0.6016666666666667 0.645 0.6091666666666666 0.6456250000000001 0.6108333333333333 0.6475000000000001 0.6025 0.649375 0.595 0.65625 0.5875 0.655 0.58 0.6568750000000001 0.575 0.655 0.575 0.65 0.5833333333333333 0.64375 0.5708333333333333 0.63375 0.5708333333333333 0.6375 0.5741666666666666 0.63875 0.5700000000000001 0.641875 0.5691666666666666 0.6475000000000001 0.5700000000000001 0.6520831250000001 0.5741666666666666 0.65125 0.5741666666666666 0.654375 0.5700000000000001 0.656041875 0.5691666666666666 0.660625 0.5675 0.6787500000000001 0.5700000000000001 0.681875 0.5666666666666667 0.686875 0.5650000000000001 0.7193750000000001 0.5675 0.7412500000000001 0.5641666666666667 0.7875
0 0.3308333333333333 0.51 0.3416666666666667 0.510625 0.34833333333333333 0.508125 0.38249999999999995 0.5068750000000001 0.38666666666666666 0.5050000000000001 0.42333333333333334 0.5068750000000001 0.43 0.504375 0.44833333333333336 0.50625 0.4741666666666666 0.504375 0.49833333333333335 0.50625 0.505 0.50875 0.5258333333333333 0.5075000000000001 0.5391666666666667 0.5112500000000001 0.5558333333333334 0.510625 0.5599999999999999 0.50875 0.5591666666666667 0.47375 0.5566666666666666 0.4625 0.5433333333333333 0.45 0.5341666666666667 0.449375 0.5233333333333333 0.44312500000000005 0.4691666666666666 0.441875 0.4583333333333333 0.44375 0.4458333333333333 0.440625 0.4325 0.44125000000000003 0.4258333333333333 0.44375 0.41083333333333333 0.44125000000000003 0.3775 0.445 0.3716666666666667 0.44312500000000005 0.35416666666666663 0.44312500000000005 0.3408333333333333 0.446875 0.32666666666666666 0.47125000000000006 0.32666666666666666 0.508125 0.3308333333333333 0.51
0 0.9824999999999999 0.28250000000000003 0.9841666666666666 0.29625 0.9791666666666666 0.303125 0.9775 0.31125 0.9841666666666666 0.3175 0.9925 0.3175 0.9991666666666668 0.315625 0.9991666666666668 0.24375 0.9933333333333334 0.24250000000000002 0.9891666666666665 0.244375 0.9841666666666666 0.250625 0.9875 0.261875 0.9824999999999999 0.28250000000000003
0 0.33666666666666667 0.6793750000000001 0.3466666666666667 0.68625 0.3466666666666667 0.690625 0.3416666666666667 0.69625 0.33916666666666667 0.7050000000000001 0.3408333333333333 0.713125 0.3375 0.7325 0.3383333333333333 0.738125 0.35 0.74375 0.3416666666666667 0.7618750000000001 0.3441666666666666 0.76875 0.34249999999999997 0.789375 0.345 0.791875 0.36333333333333334 0.7925000000000001 0.39166666666666666 0.7881250000000001 0.4058333333333334 0.7887500000000001 0.41500000000000004 0.786875 0.4525 0.7887500000000001 0.4916666666666667 0.7875 0.5075000000000001 0.790625 0.5258333333333333 0.789375 0.5433333333333333 0.79375 0.5566666666666666 0.79125 0.5575 0.7837500000000001 0.5533333333333333 0.775625 0.5566666666666666 0.75375 0.5533333333333333 0.74375 0.5583333333333333 0.735625 0.5591666666666667 0.6775 0.5575 0.6431250000000001 0.5516666666666666 0.6362500000000001 0.5233333333333333 0.628125 0.49833333333333335 0.629375 0.4883333333333333 0.62625 0.4725 0.625 0.4033333333333333 0.6256250000000001 0.39666666666666667 0.629375 0.38916666666666666 0.629375 0.37916666666666665 0.62625 0.36666666666666664 0.62625 0.3625 0.62875 0.35083333333333333 0.629375 0.34249999999999997 0.639375 0.335 0.6631250000000001 0.33666666666666667 0.6793750000000001
0 0.7558333333333334 0.838125 0.755 0.83625 0.7516666666666667 0.836875 0.7516666666666667 0.8393750000000001 0.7558333333333334 0.838125
0 0.7675 0.834375 0.7641666666666667 0.83375 0.7649999999999999 0.838125 0.7675 0.834375
0 0.7741666666666667 0.8325000000000001 0.7716666666666667 0.8300000000000001 0.77 0.834375 0.7741666666666667 0.8325000000000001
0 0.76875 0.81328125 0.00078125 0.00078125
0 0.7408333333333333 0.8162499999999999 0.7433333333333334 0.8106250000000002 0.7375 0.80625 0.7408333333333333 0.8162499999999999
0 0.5641666666666667 0.78125 0.5675 0.7925000000000001 0.5675 0.8412499999999999 0.5825 0.843125 0.6166666666666667 0.843125 0.6208333333333333 0.8450000000000001 0.6266666666666667 0.8450000000000001 0.63 0.8425 0.6375 0.84375 0.7033333333333334 0.8412499999999999 0.7208333333333333 0.8450000000000001 0.7291666666666667 0.8418750000000002 0.7333333333333333 0.8356250000000001 0.7375 0.8400000000000001 0.7458333333333333 0.834375 0.7466666666666667 0.83125 0.7333333333333333 0.826875 0.73 0.8225 0.7325 0.818125 0.73 0.8150000000000001 0.7308333333333333 0.806875 0.7358333333333333 0.796875 0.7375 0.795625 0.7424999999999999 0.7987500000000001 0.7424999999999999 0.805 0.7474999999999999 0.80625 0.7491666666666666 0.8106250000000002 0.7525 0.81125 0.7633333333333333 0.8 0.7758333333333333 0.795625 0.7825 0.795625 0.7841666666666667 0.79375 0.78 0.775 0.7858333333333334 0.76875 0.7783333333333333 0.7475 0.7883333333333333 0.73875 0.7891666666666667 0.73125 0.7825 0.6925000000000001 0.7933333333333333 0.68 0.7908333333333333 0.650625 0.7858333333333334 0.64 0.7625 0.629375 0.7366666666666666 0.6300000000000001 0.7133333333333333 0.62625 0.6975 0.6275000000000001 0.6683333333333333 0.6256250000000001 0.6433333333333333 0.62625 0.6375 0.628125 0.63 0.62625 0.605 0.62625 0.5958333333333333 0.629375 0.5741666666666666 0.6300000000000001 0.5700000000000001 0.6325000000000001 0.5675 0.6362500000000001 0.5666666666666667 0.66625 0.5675 0.75125 0.5641666666666667 0.78125
0 0.5700000000000001 0.8143750000000001 0.5683333333333334 0.8075000000000001 0.5675 0.815625 0.5700000000000001 0.8143750000000001
0 0.5733333333333334 0.6631250000000001 0.5700000000000001 0.6637500000000001 0.5683333333333334 0.675 0.5741666666666666 0.6787500000000001 0.5741666666666666 0.6837500000000001 0.5708333333333333 0.6831250000000001 0.5675 0.686875 0.5650000000000001 0.721875 0.5675 0.73875 0.7241666666666666 0.73875 0.7366666666666666 0.7412500000000001 0.75 0.73875 0.755 0.740625 0.7725 0.740625 0.7758333333333333 0.743125 0.7866666666666666 0.7412500000000001 0.7891666666666667 0.73875 0.7875 0.7125 0.7833333333333333 0.696875 0.7841666666666667 0.68625 0.7891666666666667 0.675625 0.7891666666666667 0.65 0.7858333333333334 0.64 0.7791666666666667 0.634375 0.7658333333333334 0.629375 0.7258333333333333 0.628125 0.7058333333333333 0.623125 0.7 0.62625 0.6716666666666666 0.625 0.6599999999999999 0.6268750000000001 0.645 0.62625 0.6375 0.62875 0.63 0.6268750000000001 0.6233333333333333 0.62875 0.605 0.6268750000000001 0.5966666666666667 0.6300000000000001 0.595 0.6325000000000001 0.5816666666666667 0.6318750000000001 0.5783333333333334 0.63375 0.5808333333333333 0.6375 0.5775 0.639375 0.5708333333333333 0.635625 0.5691666666666666 0.645 0.5700000000000001 0.66 0.5733333333333334 0.6631250000000001
0 0.5691666666666666 0.34125 0.5741666666666666 0.34125 0.5841666666666667 0.333125 0.5933333333333334 0.31625000000000003 0.6166666666666667 0.30562500000000004 0.6266666666666667 0.30562500000000004 0.6333333333333333 0.30875 0.6441666666666667 0.30875 0.6558333333333334 0.30562500000000004 0.6783333333333333 0.309375 0.6958333333333333 0.30562500000000004 0.7091666666666667 0.30812500000000004 0.755 0.30812500000000004 0.76 0.30625 0.76 0.30250000000000005 0.755 0.291875 0.7383333333333333 0.28625 0.7233333333333334 0.2875 0.7125 0.290625 0.7041666666666667 0.285625 0.6908333333333333 0.285625 0.6866666666666666 0.28875 0.6816666666666666 0.28875 0.6708333333333333 0.28500000000000003 0.6575 0.285625 0.6475 0.29000000000000004 0.6366666666666666 0.28625 0.6091666666666666 0.29500000000000004 0.5983333333333334 0.29500000000000004 0.595 0.29812500000000003 0.5883333333333333 0.29250000000000004 0.5816666666666667 0.29250000000000004 0.5758333333333333 0.3 0.5758333333333333 0.3075 0.5708333333333333 0.31 0.5658333333333333 0.30875 0.5650000000000001 0.338125 0.5691666666666666 0.34125
0 0.7825 0.7106250000000001 0.7833333333333333 0.7050000000000001 0.7808333333333334 0.701875 0.7833333333333333 0.6993750000000001 0.7791666666666667 0.69625 0.7783333333333333 0.7 0.7825 0.7106250000000001
0 0.7649999999999999 0.700625 0.7666666666666667 0.6987500000000001 0.7649999999999999 0.69625 0.7649999999999999 0.700625
0 0.7341666666666666 0.70125 0.7383333333333333 0.698125 0.7375 0.695625 0.7316666666666667 0.69375 0.7274999999999999 0.695625 0.7274999999999999 0.701875 0.7341666666666666 0.70125
0 0.7516666666666667 0.6943750000000001 0.7541666666666667 0.6925000000000001 0.7525 0.6893750000000001 0.7474999999999999 0.6893750000000001 0.7441666666666666 0.693125 0.7516666666666667 0.6943750000000001
0 0.6091666666666666 0.696875 0.6091666666666666 0.6875 0.6125 0.685625 0.6041666666666667 0.685625 0.6025 0.6893750000000001 0.6091666666666666 0.696875
0 0.5633333333333332 0.7775000000000001 0.5633333333333332 0.8025 0.5658333333333333 0.813125 0.5641666666666667 0.838125 0.5666666666666667 0.8425 0.6216666666666667 0.8462500000000001 0.6666666666666667 0.8456250000000001 0.675 0.84375 0.7008333333333333 0.84375 0.715 0.8462500000000001 0.7766666666666666 0.8456250000000001 0.7825 0.843125 0.7791666666666667 0.8243750000000001 0.7833333333333333 0.8168750000000001 0.7766666666666666 0.8 0.7858333333333334 0.79625 0.7866666666666666 0.79375 0.7825 0.77875 0.7858333333333334 0.764375 0.7783333333333333 0.7412500000000001 0.7883333333333333 0.738125 0.7858333333333334 0.7175 0.7791666666666667 0.718125 0.7758333333333333 0.71625 0.7608333333333334 0.7150000000000001 0.7483333333333333 0.718125 0.73 0.711875 0.7308333333333333 0.7106250000000001 0.7183333333333334 0.716875 0.7125 0.7175 0.7024999999999999 0.7106250000000001 0.6975 0.71375 0.6941666666666666 0.7106250000000001 0.6958333333333333 0.7056250000000001 0.7024999999999999 0.70125 0.71 0.703125 0.7075 0.695625 0.7125 0.6925000000000001 0.72 0.6975 0.7183333333333334 0.6943750000000001 0.725 0.69375 0.7233333333333334 0.6881250000000001 0.7183333333333334 0.68875 0.7158333333333333 0.69125 0.71 0.686875 0.7033333333333334 0.68625 0.6958333333333333 0.6881250000000001 0.6916666666666667 0.691875 0.6875 0.6900000000000001 0.6866666666666666 0.685625 0.6391666666666667 0.685 0.6316666666666666 0.686875 0.6358333333333334 0.69125 0.6308333333333334 0.6925000000000001 0.6316666666666666 0.7 0.6291666666666667 0.7050000000000001 0.6224999999999999 0.7025 0.6191666666666666 0.695625 0.6058333333333333 0.7081250000000001 0.6025 0.706875 0.6033333333333333 0.7025 0.6 0.7 0.5958333333333333 0.6900000000000001 0.5875 0.6925000000000001 0.5916666666666667 0.69625 0.5900000000000001 0.6993750000000001 0.585 0.70125 0.5816666666666667 0.69625 0.5708333333333333 0.6893750000000001 0.5733333333333334 0.6950000000000001 0.5691666666666666 0.695625 0.5775 0.6993750000000001 0.5741666666666666 0.70125 0.5816666666666667 0.703125 0.585 0.7100000000000001 0.5775 0.711875 0.575 0.70875 0.5700000000000001 0.70875 0.5666666666666667 0.72 0.5666666666666667 0.764375 0.5633333333333332 0.7775000000000001
0 0.5708333333333333 0.5693750000000001 0.5675 0.5800000000000001 0.5658333333333333 0.615 0.5675 0.62375 0.5708333333333333 0.625 0.6241666666666666 0.624375 0.63 0.6225 0.6433333333333333 0.624375 0.6725 0.62375 0.6808333333333334 0.6256250000000001 0.7675 0.6268750000000001 0.7808333333333334 0.6300000000000001 0.7975 0.6300000000000001 0.7991666666666666 0.628125 0.7983333333333333 0.601875 0.7916666666666667 0.58125 0.795 0.5725 0.8 0.5743750000000001 0.8033333333333333 0.5693750000000001 0.8041666666666666 0.56125 0.8008333333333333 0.535 0.7925 0.5118750000000001 0.7883333333333333 0.5118750000000001 0.7825 0.515625 0.78 0.5118750000000001 0.7725 0.509375 0.7458333333333333 0.50875 0.7408333333333333 0.510625 0.7333333333333333 0.508125 0.7108333333333333 0.5068750000000001 0.6066666666666667 0.508125 0.5858333333333333 0.5118750000000001 0.5708333333333333 0.52 0.5675 0.555 0.5675 0.56375 0.5708333333333333 0.5693750000000001
0 0.6609375 0.2671875 0.00078125 0.003125
0 0.5675 0.3125 0.5741666666666666 0.316875 0.5883333333333333 0.311875 0.5983333333333334 0.311875 0.6108333333333333 0.304375 0.6174999999999999 0.303125 0.6308333333333334 0.30375 0.6366666666666666 0.30625 0.6441666666666667 0.30375 0.6633333333333333 0.30375 0.6733333333333333 0.30625 0.6925 0.30375 0.7083333333333333 0.30375 0.7158333333333333 0.30562500000000004 0.7583333333333333 0.304375 0.7583333333333333 0.29937500000000006 0.755 0.29500000000000004 0.755 0.283125 0.7424999999999999 0.27937500000000004 0.7391666666666666 0.26687500000000003 0.735 0.264375 0.7224999999999999 0.264375 0.7266666666666667 0.27 0.7274999999999999 0.27687500000000004 0.7208333333333333 0.280625 0.7133333333333333 0.28 0.7058333333333333 0.27437500000000004 0.7 0.28 0.6908333333333333 0.28125 0.6716666666666666 0.27875 0.6675 0.275 0.6558333333333334 0.28 0.645 0.28 0.6375 0.270625 0.64 0.265 0.6358333333333334 0.264375 0.63 0.265625 0.6333333333333333 0.270625 0.63 0.275625 0.62 0.28125 0.6125 0.28125 0.6058333333333333 0.278125 0.5716666666666667 0.285625 0.5650000000000001 0.284375 0.5633333333333332 0.28625 0.5633333333333332 0.30562500000000004 0.5675 0.3125
0 0.6233333333333333 0.25875000000000004 0.6208333333333333 0.25812500000000005 0.6191666666666666 0.25875000000000004 0.6233333333333333 0.25875000000000004
0 0.10416666666666667 0.6787500000000001 0.12166666666666666 0.685 0.12083333333333332 0.691875 0.11083333333333334 0.70625 0.11750000000000001 0.7125 0.1125 0.73125 0.11499999999999999 0.734375 0.12416666666666668 0.7350000000000001 0.12666666666666665 0.7368750000000001 0.125 0.7456250000000001 0.11583333333333332 0.759375 0.12333333333333334 0.765 0.12250000000000001 0.7768750000000001 0.11916666666666667 0.784375 0.13416666666666666 0.79 0.13333333333333333 0.796875 0.12583333333333332 0.80625 0.12583333333333332 0.8106250000000002 0.13333333333333333 0.8150000000000001 0.13 0.834375 0.14666666666666667 0.8375 0.1675 0.8356250000000001 0.18333333333333332 0.838125 0.19583333333333333 0.835 0.23833333333333334 0.835 0.26666666666666666 0.83625 0.2808333333333333 0.8400000000000001 0.305 0.8393750000000001 0.3158333333333333 0.8418750000000002 0.3375 0.8400000000000001 0.33999999999999997 0.834375 0.3375 0.8225 0.33916666666666667 0.803125 0.335 0.7931250000000001 0.3375 0.78125 0.33416666666666667 0.7675000000000001 0.3358333333333333 0.75125 0.3308333333333333 0.7412500000000001 0.33249999999999996 0.696875 0.3283333333333333 0.68625 0.3283333333333333 0.65125 0.31 0.649375 0.30333333333333334 0.655 0.3025 0.649375 0.2966666666666667 0.649375 0.2891666666666667 0.644375 0.2925 0.63875 0.29166666666666663 0.6325000000000001 0.28500000000000003 0.630625 0.275 0.633125 0.27 0.6368750000000001 0.27416666666666667 0.639375 0.2733333333333333 0.641875 0.26916666666666667 0.641875 0.2625 0.64 0.26083333333333336 0.633125 0.2575 0.6318750000000001 0.255 0.634375 0.2525 0.6300000000000001 0.24500000000000002 0.62875 0.23583333333333334 0.6325000000000001 0.22833333333333333 0.629375 0.205 0.629375 0.19666666666666666 0.635625 0.1925 0.635625 0.18916666666666665 0.633125 0.18583333333333335 0.634375 0.18583333333333335 0.6300000000000001 0.175 0.629375 0.16416666666666666 0.63125 0.15416666666666667 0.6368750000000001 0.14583333333333331 0.6368750000000001 0.13999999999999999 0.630625 0.13083333333333333 0.6300000000000001 0.11833333333333333 0.63375 0.10833333333333332 0.649375 0.10500000000000001 0.650625 0.10916666666666666 0.6612500000000001 0.10416666666666667 0.6787500000000001
0 0.29833333333333334 0.608125 0.30666666666666664 0.6112500000000001 0.315 0.601875 0.3 0.6 0.2975 0.601875 0.29833333333333334 0.608125
0 0.23916666666666667 0.5900000000000001 0.24083333333333332 0.593125 0.24666666666666667 0.58875 0.25 0.58125 0.2475 0.579375 0.24 0.5800000000000001 0.2425 0.584375 0.23916666666666667 0.5900000000000001
0 0.25833333333333336 0.5925 0.265 0.5893750000000001 0.2758333333333333 0.588125 0.27999999999999997 0.593125 0.29333333333333333 0.59375 0.2991666666666667 0.5975 0.3025 0.596875 0.305 0.593125 0.3075 0.59375 0.3075 0.5962500000000001 0.31333333333333335 0.5956250000000001 0.3025 0.59125 0.3 0.58125 0.29333333333333333 0.5856250000000001 0.29 0.58375 0.29166666666666663 0.58125 0.2866666666666667 0.5743750000000001 0.27999999999999997 0.57625 0.2733333333333333 0.5743750000000001 0.26916666666666667 0.5787500000000001 0.265 0.575625 0.2575 0.5775 0.255 0.5893750000000001 0.25833333333333336 0.5925
0 0.1234375 0.575 0.0015625 0.00078125
0 0.16083333333333333 0.58125 0.17166666666666666 0.586875 0.17583333333333334 0.58375 0.17833333333333332 0.58875 0.18416666666666665 0.588125 0.18833333333333332 0.591875 0.1925 0.591875 0.19166666666666668 0.588125 0.195 0.586875 0.19916666666666666 0.5893750000000001 0.21166666666666667 0.588125 0.21666666666666665 0.5900000000000001 0.22666666666666666 0.58125 0.2341666666666667 0.581875 0.24083333333333332 0.575 0.24416666666666664 0.576875 0.25 0.575 0.24500000000000002 0.573125 0.24083333333333332 0.5743750000000001 0.2375 0.57125 0.23166666666666663 0.5737500000000001 0.22416666666666668 0.571875 0.21666666666666665 0.573125 0.21333333333333332 0.57125 0.20916666666666667 0.573125 0.20249999999999999 0.57125 0.18916666666666665 0.575625 0.185 0.575625 0.18166666666666667 0.57125 0.175 0.570625 0.16166666666666668 0.573125 0.15916666666666665 0.5743750000000001 0.16083333333333333 0.58125
0 0.925 0.3625 0.9283333333333333 0.3625 0.93 0.35875 0.925 0.356875 0.9216666666666666 0.359375 0.925 0.3625
0 0.8275 0.42312500000000003 0.8341666666666667 0.42374999999999996 0.8383333333333333 0.42125 0.8658333333333333 0.42125 0.8891666666666665 0.425 0.9075 0.42374999999999996 0.915 0.42625 0.9441666666666666 0.42562500000000003 0.9525 0.42750000000000005 0.9583333333333334 0.42250000000000004 0.9558333333333333 0.40437500000000004 0.9658333333333333 0.395 0.9666666666666666 0.37625000000000003 0.9616666666666667 0.369375 0.9641666666666666 0.36625 0.9625 0.36 0.9566666666666667 0.35187500000000005 0.9491666666666667 0.35187500000000005 0.9491666666666667 0.36062500000000003 0.9458333333333334 0.3625 0.9508333333333333 0.369375 0.9441666666666666 0.371875 0.9383333333333332 0.369375 0.8933333333333333 0.37125 0.8791666666666667 0.37 0.8724999999999999 0.36625 0.8658333333333333 0.365625 0.8633333333333333 0.36750000000000005 0.8541666666666666 0.36812500000000004 0.8308333333333333 0.365625 0.8275 0.366875 0.8258333333333333 0.381875 0.8183333333333334 0.39375 0.8175000000000001 0.418125 0.8275 0.42312500000000003
0 0.5683333333333334 0.43937499999999996 0.5708333333333333 0.445625 0.5900000000000001 0.445 0.605 0.441875 0.6733333333333333 0.44375 0.6958333333333333 0.44125000000000003 0.745 0.44312500000000005 0.7575000000000001 0.446875 0.7691666666666667 0.445 0.7858333333333334 0.44875 0.7875 0.45187499999999997 0.7933333333333333 0.45187499999999997 0.8016666666666665 0.44750000000000006 0.8083333333333333 0.446875 0.8133333333333332 0.440625 0.8108333333333333 0.3925 0.8066666666666666 0.388125 0.7958333333333333 0.388125 0.7825 0.38 0.7758333333333333 0.379375 0.7633333333333333 0.385625 0.7541666666666667 0.386875 0.7458333333333333 0.38 0.7375 0.37875000000000003 0.7316666666666667 0.37875000000000003 0.7274999999999999 0.3825 0.725 0.381875 0.725 0.379375 0.7208333333333333 0.38375000000000004 0.7091666666666667 0.378125 0.6983333333333334 0.378125 0.6883333333333332 0.375625 0.6783333333333333 0.378125 0.6525 0.37625000000000003 0.64 0.38125 0.6325000000000001 0.38125 0.6224999999999999 0.376875 0.6091666666666666 0.379375 0.6 0.384375 0.5908333333333333 0.38375000000000004 0.5725 0.403125 0.5733333333333334 0.42125 0.5683333333333334 0.43937499999999996
0 0.5666666666666667 0.84375 0.5725 0.8456250000000001 0.6091666666666666 0.8474999999999999 0.6991666666666666 0.8462500000000001 0.7166666666666667 0.8487500000000001 0.7641666666666667 0.8487500000000001 0.7816666666666666 0.8462500000000001 0.7841666666666667 0.843125 0.7808333333333334 0.8306250000000001 0.7841666666666667 0.815625 0.7775 0.798125 0.7741666666666667 0.795625 0.7416666666666667 0.794375 0.7358333333333333 0.79125 0.7266666666666667 0.79125 0.7183333333333334 0.79375 0.7091666666666667 0.791875 0.6883333333333332 0.7931250000000001 0.6283333333333333 0.790625 0.5883333333333333 0.79125 0.5808333333333333 0.79375 0.5641666666666667 0.795 0.5633333333333332 0.8393750000000001 0.5666666666666667 0.84375
0 0.6083333333333333 0.50125 0.6058333333333333 0.5 0.605 0.503125 0.6083333333333333 0.50125
0 0.60234375 0.49765625 0.00078125 0.00078125
0 0.5833333333333333 0.50125 0.5791666666666667 0.5050000000000001 0.5866666666666667 0.5068750000000001 0.5925 0.5050000000000001 0.5833333333333333 0.5006250000000001 0.585 0.49812500000000004 0.5816666666666667 0.499375 0.575 0.496875 0.5741666666666666 0.4987500000000001 0.5833333333333333 0.50125
0 0.5808333333333333 0.5643750000000001 0.585 0.568125 0.5825 0.5725 0.5775 0.5737500000000001 0.5708333333333333 0.5806250000000001 0.5683333333333334 0.609375 0.5708333333333333 0.623125 0.5833333333333333 0.62375 0.5974999999999999 0.62 0.6016666666666667 0.6225 0.6233333333333333 0.6225 0.6341666666666667 0.62 0.6375 0.61375 0.6408333333333334 0.623125 0.6441666666666667 0.623125 0.6475 0.62 0.6533333333333333 0.621875 0.6708333333333333 0.621875 0.6808333333333334 0.625 0.6991666666666666 0.623125 0.7266666666666667 0.625 0.7341666666666666 0.623125 0.7441666666666666 0.62375 0.75 0.618125 0.7583333333333333 0.6175 0.7625 0.61375 0.7683333333333333 0.62 0.7758333333333333 0.6168750000000001 0.775 0.623125 0.7808333333333334 0.6206250000000001 0.7841666666666667 0.6225 0.7841666666666667 0.6268750000000001 0.7966666666666666 0.62625 0.7966666666666666 0.6125 0.7908333333333333 0.6056250000000001 0.795 0.6 0.7941666666666667 0.595 0.7883333333333333 0.5825 0.7875 0.5725 0.7841666666666667 0.57125 0.7849999999999999 0.5675000000000001 0.7875 0.56875 0.8 0.5643750000000001 0.7933333333333333 0.5643750000000001 0.7958333333333333 0.559375 0.8008333333333333 0.5581250000000001 0.8 0.536875 0.7941666666666667 0.5268750000000001 0.7933333333333333 0.51328125 0.7908333333333333 0.515 0.7891666666666667 0.513125 0.7933333333333333 0.51 0.7883333333333333 0.5118750000000001 0.7875 0.5181250000000001 0.7825 0.52 0.7808333333333334 0.5118750000000001 0.7791666666666667 0.509375 0.7733333333333333 0.508125 0.7725 0.503125 0.7691666666666667 0.50875 0.7658333333333334 0.5068750000000001 0.755 0.508125 0.7483333333333333 0.50375 0.7458333333333333 0.504375 0.7458333333333333 0.50875 0.7433333333333334 0.51 0.735 0.5075000000000001 0.7066666666666667 0.5068750000000001 0.7008333333333333 0.5025000000000001 0.7033333333333334 0.50125 0.6991666666666666 0.49750000000000005 0.6958333333333333 0.49812500000000004 0.6908333333333333 0.4956250000000001 0.6891666666666667 0.491875 0.6833333333333333 0.495 0.6833333333333333 0.499375 0.6866666666666666 0.5018750000000001 0.6808333333333334 0.505625 0.6716666666666666 0.5068750000000001 0.6441666666666667 0.5068750000000001 0.6333333333333333 0.51 0.6224999999999999 0.50625 0.6058333333333333 0.5068750000000001 0.6033333333333333 0.50625 0.6033333333333333 0.50375 0.5983333333333334 0.50375 0.5983333333333334 0.5018750000000001 0.5966666666666667 0.509375 0.5875 0.51 0.5741666666666666 0.51875 0.5700000000000001 0.52875 0.5691666666666666 0.55 0.5708333333333333 0.5643750000000001 0.5808333333333333 0.5643750000000001
0 0.61953125 0.4875 0.00078125 0.00078125
0 0.5900000000000001 0.4912500000000001 0.5991666666666666 0.495 0.6 0.484375 0.595 0.48250000000000004 0.5933333333333334 0.48375 0.5941666666666666 0.4875 0.5900000000000001 0.4912500000000001
0 0.7308333333333333 0.48687500000000006 0.735 0.48625000000000007 0.7375 0.48812500000000003 0.7408333333333333 0.48562500000000003 0.7441666666666666 0.48625000000000007 0.7508333333333332 0.49750000000000005 0.7583333333333333 0.4912500000000001 0.7583333333333333 0.48562500000000003 0.7558333333333334 0.48375 0.74 0.48375 0.7375 0.480625 0.7274999999999999 0.48250000000000004 0.7258333333333333 0.484375 0.7308333333333333 0.48687500000000006
0 0.6408333333333334 0.48125 0.6375 0.4831250000000001 0.64 0.48812500000000003 0.6408333333333334 0.48125
0 0.63 0.48375 0.6266666666666667 0.480625 0.63 0.48812500000000003 0.63 0.48375
0 0.7958333333333333 0.48812500000000003 0.7975 0.48937500000000006 0.7975 0.4912500000000001 0.7891666666666667 0.49406250000000007 0.7925 0.4956250000000001 0.7891666666666667 0.49812500000000004 0.7991666666666666 0.50125 0.7975 0.505625 0.8 0.508125 0.8041666666666666 0.499375 0.8008333333333333 0.49437500000000006 0.8008333333333333 0.4875 0.8041666666666666 0.48500000000000004 0.8041666666666666 0.4809375 0.7991666666666666 0.480625 0.7991666666666666 0.476875 0.8041666666666666 0.476875 0.8033333333333333 0.475 0.7891666666666667 0.48125 0.7891666666666667 0.49000000000000005 0.7958333333333333 0.48812500000000003
0 0.595 0.453125 0.5983333333333334 0.45875000000000005 0.6041666666666667 0.45875000000000005 0.6141666666666666 0.46375 0.6158333333333333 0.47000000000000003 0.6233333333333333 0.45687500000000003 0.6224999999999999 0.448125 0.6191666666666666 0.44625000000000004 0.615 0.448125 0.6041666666666667 0.445 0.595 0.4525 0.5916666666666667 0.45062500000000005 0.5908333333333333 0.453125 0.595 0.453125
0 0.7566666666666666 0.4525 0.7541666666666667 0.45687500000000003 0.7666666666666667 0.459375 0.7641666666666667 0.464375 0.7683333333333333 0.47062499999999996 0.7775 0.471875 0.7783333333333333 0.468125 0.7875 0.46375 0.7891666666666667 0.4575 0.7933333333333333 0.460625 0.7958333333333333 0.459375 0.8 0.46187500000000004 0.7966666666666666 0.459375 0.8 0.45625 0.7975 0.45375000000000004 0.8 0.44875 0.7991666666666666 0.4425 0.795 0.441875 0.7908333333333333 0.446875 0.7858333333333334 0.448125 0.7741666666666667 0.445 0.7649999999999999 0.445625 0.7616666666666666 0.448125 0.7583333333333333 0.44312500000000005 0.7516666666666667 0.44375 0.7508333333333332 0.446875 0.7566666666666666 0.4525
0 0.5966666666666667 0.4425 0.595 0.441875 0.5933333333333334 0.4425 0.5966666666666667 0.4425
0 0.5783333333333334 0.43937499999999996 0.58 0.4425 0.5858333333333333 0.44125000000000003 0.5866666666666667 0.44312500000000005 0.5900000000000001 0.44312500000000005 0.5883333333333333 0.440625 0.5791666666666667 0.43875000000000003 0.5816666666666667 0.434375 0.5783333333333334 0.434375 0.5791666666666667 0.4375 0.5741666666666666 0.44000000000000006 0.5741666666666666 0.4425 0.5783333333333334 0.43937499999999996
0 0.625 0.4325 0.6158333333333333 0.434375 0.615 0.436875 0.6233333333333333 0.4425 0.6333333333333333 0.445625 0.6341666666666667 0.4425 0.63 0.43937499999999996 0.6316666666666666 0.43500000000000005 0.6283333333333333 0.43187500000000006 0.6333333333333333 0.4287500000000001 0.6258333333333332 0.426875 0.6233333333333333 0.4287500000000001 0.625 0.4325
0 0.5791666666666667 0.428125 0.575 0.42750000000000005 0.5758333333333333 0.43125 0.5791666666666667 0.428125
0 0.8016666666666665 0.4125 0.795 0.418125 0.8 0.421875 0.8 0.426875 0.8033333333333333 0.42562500000000003 0.8083333333333333 0.42750000000000005 0.8108333333333333 0.421875 0.8099999999999999 0.39937500000000004 0.8066666666666666 0.38875000000000004 0.8033333333333333 0.3875 0.7975 0.39 0.8016666666666665 0.395625 0.8016666666666665 0.4125
0 0.5841666666666667 0.37312500000000004 0.58 0.371875 0.5808333333333333 0.37375 0.5841666666666667 0.37312500000000004
0 0.6265625 0.35625 0.00078125 0.0015625
0 0.8016666666666665 0.358125 0.8033333333333333 0.37062500000000004 0.8099999999999999 0.36125 0.8099999999999999 0.356875 0.8058333333333334 0.353125 0.8074999999999999 0.35250000000000004 0.805 0.35250000000000004 0.8058333333333334 0.355625 0.8016666666666665 0.358125
0 0.7608333333333334 0.35875 0.7641666666666667 0.359375 0.7649999999999999 0.36375 0.7649999999999999 0.359375 0.77 0.359375 0.7675 0.358125 0.77 0.3559375 0.7683333333333333 0.35 0.7666666666666667 0.35875 0.7608333333333334 0.35875
0 0.5876550387596898 0.3325581395348837 0.5808333333333333 0.34 0.5808333333333333 0.3515625 0.5857934926958832 0.35311254980079687 0.5900000000000001 0.34500000000000003 0.5908333333333333 0.33375000000000005 0.5876550387596898 0.3325581395348837
0 0.5925 0.33937500000000004 0.5958333333333333 0.3425 0.6025 0.345625 0.6125 0.343125 0.6191666666666666 0.3375 0.6266666666666667 0.34875 0.6341666666666667 0.34375 0.6433333333333333 0.35 0.6441666666666667 0.353125 0.6433333333333333 0.35625 0.6366666666666666 0.359375 0.6425 0.3625 0.6375 0.365625 0.6416666666666667 0.36750000000000005 0.6408333333333334 0.375 0.6291666666666667 0.37625000000000003 0.6233333333333333 0.374375 0.6066666666666667 0.37875000000000003 0.6016666666666667 0.378125 0.5991666666666666 0.3825 0.5916666666666667 0.38312500000000005 0.5841666666666667 0.390625 0.5833333333333333 0.3975 0.5766666666666667 0.40437500000000004 0.5775 0.41625000000000006 0.5925 0.416875 0.5941666666666666 0.41875 0.5916666666666667 0.421875 0.5958333333333333 0.421875 0.5941666666666666 0.426875 0.5858333333333333 0.4287500000000001 0.5916666666666667 0.43375 0.595 0.429375 0.5991666666666666 0.43 0.6008333333333333 0.426875 0.605 0.426875 0.6016666666666667 0.42250000000000004 0.6066666666666667 0.42000000000000004 0.6091666666666666 0.4131250000000001 0.6325000000000001 0.418125 0.6366666666666666 0.42625 0.64 0.42062499999999997 0.6433333333333333 0.42562500000000003 0.6541666666666667 0.42000000000000004 0.6599999999999999 0.41937500000000005 0.6641666666666667 0.41500000000000004 0.6675 0.4175 0.675 0.416875 0.6766666666666666 0.41875 0.6716666666666666 0.42437500000000006 0.6716666666666666 0.428125 0.6783333333333333 0.43562500000000004 0.6858333333333333 0.43875000000000003 0.6841666666666667 0.441875 0.6783333333333333 0.44312500000000005 0.6733333333333333 0.44000000000000006 0.6683333333333333 0.440625 0.6675 0.4425 0.6725 0.445625 0.6683333333333333 0.45187499999999997 0.6658333333333333 0.448125 0.6608333333333334 0.44625000000000004 0.6541666666666667 0.453125 0.6508333333333333 0.453125 0.6525 0.44875 0.6475 0.445 0.6441666666666667 0.445625 0.64 0.448125 0.6375 0.45375000000000004 0.6316666666666666 0.45625 0.6366666666666666 0.4575 0.6391666666666667 0.4625 0.6458333333333333 0.465625 0.6466666666666667 0.47062499999999996 0.6608333333333334 0.471875 0.6599999999999999 0.478125 0.6666666666666667 0.47750000000000004 0.6691666666666667 0.47125000000000006 0.675 0.47125000000000006 0.6791666666666667 0.46875 0.6825 0.46875 0.6883333333333332 0.47437500000000005 0.6958333333333333 0.46937500000000004 0.7033333333333334 0.47125000000000006 0.7016666666666667 0.475 0.6983333333333334 0.47625 0.6975 0.480625 0.6950000000000001 0.47875000000000006 0.6916666666666667 0.4831250000000001 0.6783333333333333 0.4831250000000001 0.6775 0.48562500000000003 0.6825 0.48562500000000003 0.6883333333333332 0.490625 0.6925 0.48625000000000007 0.6950000000000001 0.48937500000000006 0.6991666666666666 0.48875 0.7024999999999999 0.491875 0.7066666666666667 0.49000000000000005 0.71 0.49437500000000006 0.7175 0.48875 0.7183333333333334 0.48562500000000003 0.7166666666666667 0.48250000000000004 0.7091666666666667 0.48125 0.71 0.47375 0.7166666666666667 0.47375 0.72 0.47000000000000003 0.73 0.47000000000000003 0.7308333333333333 0.47250000000000003 0.7341666666666666 0.471875 0.7366666666666666 0.46749999999999997 0.7441666666666666 0.46312500000000006 0.7458333333333333 0.4575 0.7466666666666667 0.44750000000000006 0.7433333333333334 0.44125000000000003 0.7341666666666666 0.440625 0.73 0.44312500000000005 0.7233333333333334 0.436875 0.7216666666666667 0.4425 0.7158333333333333 0.4425 0.715 0.43562500000000004 0.7224999999999999 0.4287500000000001 0.725 0.414375 0.73 0.41187500000000005 0.7341666666666666 0.41625000000000006 0.74 0.41125 0.7391666666666666 0.40750000000000003 0.7424999999999999 0.40812499999999996 0.7616666666666666 0.42312500000000003 0.7583333333333333 0.41937500000000005 0.7649999999999999 0.415625 0.77 0.4175 0.7741666666666667 0.41625000000000006 0.775 0.410625 0.7791666666666667 0.41125 0.7775 0.40375000000000005 0.7866666666666666 0.401875 0.7958333333333333 0.390625 0.7916666666666667 0.38375000000000004 0.7791666666666667 0.37875000000000003 0.7683333333333333 0.38 0.7616666666666666 0.385625 0.7566666666666666 0.385625 0.7583333333333333 0.3825 0.7541666666666667 0.385 0.7474999999999999 0.38 0.7258333333333333 0.379375 0.7208333333333333 0.369375 0.7258333333333333 0.364375 0.7375 0.36312500000000003 0.7383333333333333 0.359375 0.7408333333333333 0.36062500000000003 0.745 0.358125 0.7458333333333333 0.355625 0.7408333333333333 0.35125 0.74 0.345625 0.7424999999999999 0.34500000000000003 0.7433333333333334 0.33937500000000004 0.7458333333333333 0.33937500000000004 0.7483333333333333 0.343125 0.7616666666666666 0.340625 0.7658333333333334 0.343125 0.7808333333333334 0.34187500000000004 0.7858333333333334 0.338125 0.7916666666666667 0.33875 0.7983333333333333 0.333125 0.8025 0.325625 0.8 0.3175 0.7908333333333333 0.313125 0.775 0.31625000000000003 0.7691666666666667 0.3125 0.7649999999999999 0.31375000000000003 0.7625 0.31062500000000004 0.75 0.30875 0.7375 0.31062500000000004 0.6950000000000001 0.3075 0.6883333333333332 0.31062500000000004 0.6808333333333334 0.31 0.6766666666666666 0.311875 0.6649999999999999 0.30625 0.6516666666666666 0.306875 0.6408333333333334 0.313125 0.6325000000000001 0.306875 0.62 0.30500000000000005 0.6116666666666666 0.306875 0.6075 0.31 0.6058333333333333 0.31500000000000006 0.595 0.32 0.5916666666666667 0.324375 0.595 0.334375 0.5925 0.33937500000000004
0 0.8208333333333334 0.448125 0.8933333333333333 0.44875 0.9099999999999999 0.45125000000000004 0.9283333333333333 0.45062500000000005 0.9375 0.45375000000000004 0.9466666666666667 0.45375000000000004 0.9558333333333333 0.449375 0.9591666666666667 0.4175 0.9541666666666666 0.405625 0.9458333333333334 0.39937500000000004 0.9425000000000001 0.40062500000000006 0.9383333333333332 0.39875000000000005 0.9125 0.398125 0.9041666666666666 0.395 0.8825 0.398125 0.8758333333333332 0.395 0.8574999999999999 0.395625 0.8516666666666666 0.3975 0.8416666666666666 0.395 0.8208333333333334 0.398125 0.8175000000000001 0.4025 0.8166666666666667 0.43812500000000004 0.8208333333333334 0.448125
0 0.9283333333333333 0.65625 0.9283333333333333 0.659375 0.9316666666666666 0.661875 0.9391666666666666 0.6575 0.9358333333333333 0.655625 0.9358333333333333 0.650625 0.9324999999999999 0.650625 0.9324999999999999 0.65375 0.9283333333333333 0.65625
0 0.9400000000000001 0.629375 0.9383333333333332 0.6375 0.9408333333333333 0.644375 0.9466666666666667 0.649375 0.9491666666666667 0.659375 0.9633333333333333 0.6581250000000001 0.97 0.653125 0.9833333333333334 0.65 0.9908333333333333 0.654375 0.9991666666666668 0.6375 0.9991666666666668 0.60625 0.9958333333333333 0.6025 0.9875 0.6012500000000001 0.9775 0.60375 0.9566666666666667 0.604375 0.9491666666666667 0.601875 0.9458333333333334 0.6025 0.9366666666666668 0.6112500000000001 0.9358333333333333 0.6162500000000001 0.9400000000000001 0.629375
0 0.08499999999999999 0.38875000000000004 0.07666666666666666 0.41500000000000004 0.08249999999999999 0.42125 0.08 0.4443750000000001 0.09416666666666666 0.45437500000000003 0.08499999999999999 0.476875 0.08499999999999999 0.4800000000000001 0.09 0.48375 0.08833333333333333 0.508125 0.09833333333333333 0.509375 0.11499999999999999 0.504375 0.12666666666666665 0.50625 0.13 0.503125 0.15083333333333332 0.503125 0.16083333333333333 0.509375 0.16416666666666666 0.5075000000000001 0.16833333333333333 0.50875 0.1925 0.505625 0.215 0.508125 0.22000000000000003 0.5050000000000001 0.22749999999999998 0.50875 0.23833333333333334 0.50875 0.24166666666666664 0.50625 0.25416666666666665 0.5068750000000001 0.25833333333333336 0.5050000000000001 0.27083333333333337 0.51 0.2791666666666667 0.51 0.2841666666666667 0.5075000000000001 0.29 0.5112500000000001 0.29833333333333334 0.5125 0.31416666666666665 0.5125 0.32083333333333336 0.509375 0.32083333333333336 0.47000000000000003 0.3158333333333333 0.465625 0.3158333333333333 0.459375 0.31 0.453125 0.3175 0.449375 0.3183333333333333 0.44625000000000004 0.3175 0.418125 0.315 0.41375 0.3175 0.40062500000000006 0.3125 0.3975 0.31 0.39 0.2925 0.385625 0.26666666666666666 0.385 0.2533333333333333 0.3825 0.21749999999999997 0.384375 0.19333333333333333 0.381875 0.14416666666666667 0.3825 0.135 0.379375 0.1275 0.3825 0.10333333333333332 0.3825 0.095 0.38 0.08666666666666667 0.38312500000000005 0.08833333333333333 0.386875 0.08499999999999999 0.38875000000000004
0 0.32083333333333336 0.283125 0.3383333333333333 0.27687500000000004 0.36583333333333334 0.27937500000000004 0.3725 0.27687500000000004 0.3933333333333333 0.275625 0.40750000000000003 0.278125 0.4258333333333333 0.27687500000000004 0.4491666666666666 0.27937500000000004 0.4541666666666667 0.27687500000000004 0.485 0.275 0.5041666666666667 0.27625 0.5183333333333333 0.28 0.54 0.27937500000000004 0.55 0.283125 0.5541666666666667 0.28 0.5458333333333333 0.25375000000000003 0.5366666666666666 0.2475 0.5291666666666667 0.24562500000000004 0.52 0.236875 0.5116666666666666 0.2375 0.49749999999999994 0.24625000000000002 0.4883333333333333 0.24562500000000004 0.48083333333333333 0.24000000000000005 0.4758333333333333 0.23937500000000003 0.4583333333333333 0.246875 0.44666666666666666 0.24375 0.43916666666666665 0.2375 0.43166666666666664 0.236875 0.41500000000000004 0.24562500000000004 0.38916666666666666 0.23937500000000003 0.37666666666666665 0.2475 0.36583333333333334 0.244375 0.35666666666666663 0.2375 0.35083333333333333 0.2375 0.33999999999999997 0.24312500000000004 0.33416666666666667 0.24937500000000004 0.3275 0.25 0.315 0.273125 0.31416666666666665 0.275625 0.32083333333333336 0.283125
0 0.11916666666666667 0.7831250000000001 0.1325 0.7887500000000001 0.13166666666666665 0.795625 0.12333333333333334 0.8081250000000001 0.12333333333333334 0.8106250000000002 0.1325 0.8162499999999999 0.12833333333333333 0.8293750000000001 0.13 0.8356250000000001 0.14666666666666667 0.8387500000000001 0.16999999999999998 0.836875 0.18333333333333332 0.8393750000000001 0.19666666666666666 0.8356250000000001 0.22666666666666666 0.8356250000000001 0.26166666666666666 0.836875 0.2808333333333333 0.8418750000000002 0.30333333333333334 0.8400000000000001 0.31916666666666665 0.843125 0.33916666666666667 0.8412499999999999 0.33916666666666667 0.7975000000000001 0.33333333333333337 0.79125 0.3275 0.79 0.3183333333333333 0.7837500000000001 0.315 0.77875 0.3125 0.77875 0.315 0.7825 0.31166666666666665 0.784375 0.305 0.784375 0.2975 0.7875 0.28833333333333333 0.786875 0.2891666666666667 0.7825 0.28500000000000003 0.7818750000000001 0.28250000000000003 0.775625 0.27749999999999997 0.775625 0.27166666666666667 0.780625 0.26749999999999996 0.7775000000000001 0.265 0.77125 0.26 0.76875 0.25083333333333335 0.77 0.25166666666666665 0.765625 0.25 0.7681250000000001 0.24583333333333335 0.765 0.24 0.7818750000000001 0.2375 0.78 0.23333333333333334 0.780625 0.23333333333333334 0.778125 0.23208333333333334 0.7837500000000001 0.22416666666666668 0.7825 0.225 0.77875 0.2225 0.77625 0.21333333333333332 0.7768750000000001 0.21083333333333334 0.775 0.2033333333333333 0.77875 0.19666666666666666 0.77875 0.19749999999999998 0.7825 0.19083333333333333 0.7837500000000001 0.16833333333333333 0.7825 0.16416666666666666 0.78 0.16083333333333333 0.7818750000000001 0.15416666666666667 0.775 0.14666666666666667 0.7818750000000001 0.13999999999999999 0.7837500000000001 0.135 0.77875 0.12666666666666665 0.775625 0.12666666666666665 0.77 0.12583333333333332 0.77125 0.12583333333333332 0.775625 0.11916666666666667 0.7831250000000001
0 0.18166666666666667 0.7375 0.18166666666666667 0.735625 0.17916666666666667 0.7375 0.18166666666666667 0.7375
0 0.95 0.48375 0.95 0.5050000000000001 0.9475 0.508125 0.9508333333333333 0.529375 0.9483333333333333 0.5362500000000001 0.95 0.550625 0.9416666666666667 0.56 0.9475 0.58125 0.9441666666666666 0.601875 0.9366666666666668 0.615 0.9400000000000001 0.6300000000000001 0.9400000000000001 0.6481250000000001 0.9349999999999999 0.650625 0.9333333333333333 0.655625 0.9283333333333333 0.6575 0.9366666666666668 0.671875 0.9366666666666668 0.69625 0.9308333333333334 0.706875 0.9341666666666667 0.71625 0.9341666666666667 0.7412500000000001 0.93 0.7550000000000001 0.9308333333333334 0.758125 0.9391666666666666 0.7618750000000001 0.9491666666666667 0.7618750000000001 0.9516666666666665 0.76 0.9574999999999999 0.7618750000000001 0.9758333333333333 0.7618750000000001 0.9833333333333334 0.75875 0.9908333333333333 0.759375 0.9958333333333333 0.7550000000000001 0.9941666666666666 0.7518750000000001 0.9875 0.753125 0.9775 0.7475 0.9783333333333333 0.74375 0.9916666666666666 0.7418750000000001 0.9949999999999999 0.7375 0.9958333333333333 0.726875 0.9941666666666666 0.7237500000000001 0.9875 0.7237500000000001 0.9824999999999999 0.718125 0.975 0.716875 0.9791666666666666 0.71375 0.9800000000000001 0.703125 0.9741666666666667 0.698125 0.9791666666666666 0.693125 0.9866666666666667 0.693125 0.99 0.6900000000000001 0.99 0.685625 0.9933333333333334 0.6837500000000001 0.9966666666666667 0.671875 0.9958333333333333 0.650625 0.9991666666666668 0.6481250000000001 0.9991666666666668 0.6325000000000001 0.9958333333333333 0.6268750000000001 0.9966666666666667 0.6100000000000001 0.9991666666666668 0.608125 0.9991666666666668 0.58375 0.9966666666666667 0.5825 0.9991666666666668 0.5775 0.9991666666666668 0.53125 0.9958333333333333 0.528125 0.9958333333333333 0.525 0.9991666666666668 0.5225000000000001 0.9991666666666668 0.45437500000000003 0.9966666666666667 0.453125 0.9966666666666667 0.448125 0.9933333333333334 0.44375 0.9925 0.43125 0.9958333333333333 0.42374999999999996 0.9933333333333334 0.41500000000000004 0.9966666666666667 0.410625 0.9916666666666666 0.40375000000000005 0.9891666666666665 0.386875 0.9841666666666666 0.385 0.9808333333333333 0.38062500000000005 0.9775 0.381875 0.9758333333333333 0.38625000000000004 0.9783333333333333 0.39 0.9758333333333333 0.3925 0.9775 0.3975 0.9675 0.40499999999999997 0.9633333333333333 0.4131250000000001 0.9658333333333333 0.42250000000000004 0.9616666666666667 0.43875000000000003 0.9616666666666667 0.4525 0.9525 0.45625 0.9516666666666665 0.459375 0.9558333333333333 0.478125 0.95 0.48375
0 0.9783333333333333 0.34375 0.9691666666666666 0.35187500000000005 0.9741666666666667 0.355625 0.9741666666666667 0.36062500000000003 0.97 0.364375 0.97 0.36750000000000005 0.9808333333333333 0.3725 0.9841666666666666 0.36875 0.9883333333333333 0.369375 0.9949999999999999 0.366875 0.9933333333333334 0.3275 0.9974999999999999 0.324375 0.9891666666666665 0.3175 0.9841666666666666 0.319375 0.9816666666666667 0.32375000000000004 0.9775 0.3375 0.9783333333333333 0.34375
0 0.8058333333333334 0.5831250000000001 0.8083333333333333 0.58625 0.8058333333333334 0.5900000000000001 0.8091666666666667 0.591875 0.8116666666666668 0.59125 0.8116666666666668 0.58875 0.8166666666666667 0.591875 0.8225 0.591875 0.8266666666666665 0.5850000000000001 0.8291666666666666 0.586875 0.8333333333333334 0.5856250000000001 0.8316666666666667 0.5800000000000001 0.8266666666666665 0.579375 0.8258333333333333 0.584375 0.8225 0.58625 0.8166666666666667 0.5856250000000001 0.8108333333333333 0.58875 0.805 0.58125 0.8 0.5806250000000001 0.8008333333333333 0.584375 0.8058333333333334 0.5831250000000001
0 0.8716666666666667 0.484375 0.8691666666666666 0.48125 0.8691666666666666 0.48687500000000006 0.8716666666666667 0.484375
0 0.9008333333333333 0.48812500000000003 0.9041666666666666 0.48187500000000005 0.9041666666666666 0.4800000000000001 0.9025000000000001 0.480625 0.8983333333333332 0.48375 0.9008333333333333 0.48812500000000003
0 0.8808333333333334 0.480625 0.8791666666666667 0.4800000000000001 0.875 0.480625 0.8808333333333334 0.480625
0 0.8066666666666666 0.54125 0.8074999999999999 0.568125 0.8108333333333333 0.573125 0.8208333333333334 0.57625 0.8241666666666667 0.5737500000000001 0.8541666666666666 0.57625 0.8541666666666666 0.5850000000000001 0.8574999999999999 0.588125 0.8574999999999999 0.5925 0.865 0.58875 0.8699999999999999 0.58875 0.8733333333333333 0.59125 0.8800000000000001 0.5856250000000001 0.8833333333333334 0.5856250000000001 0.8866666666666667 0.59375 0.89 0.5925 0.8975 0.5956250000000001 0.9225 0.5943750000000001 0.9275 0.5975 0.9349999999999999 0.5962500000000001 0.9391666666666666 0.573125 0.9341666666666667 0.5675000000000001 0.9324999999999999 0.560625 0.9425000000000001 0.5525 0.9458333333333334 0.54625 0.945 0.515625 0.9425000000000001 0.50125 0.9383333333333332 0.495 0.9266666666666665 0.4987500000000001 0.9091666666666667 0.4987500000000001 0.9041666666666666 0.496875 0.8683333333333334 0.4987500000000001 0.8550000000000001 0.4956250000000001 0.845 0.4956250000000001 0.8416666666666666 0.49312500000000004 0.8308333333333333 0.4956250000000001 0.8216666666666667 0.48812500000000003 0.8258333333333333 0.480625 0.8208333333333334 0.479375 0.8166666666666667 0.49000000000000005 0.8191666666666666 0.49437500000000006 0.8133333333333332 0.49812500000000004 0.8116666666666668 0.5068750000000001 0.8016666666666665 0.515 0.8008333333333333 0.525625 0.8066666666666666 0.54125
0 0.1025 0.6518750000000001 0.1025 0.654375 0.10916666666666666 0.66 0.10500000000000001 0.6793750000000001 0.12083333333333332 0.685625 0.11833333333333333 0.69375 0.10916666666666666 0.70625 0.11583333333333332 0.711875 0.1125 0.734375 0.13083333333333333 0.738125 0.15333333333333332 0.731875 0.16 0.734375 0.19083333333333333 0.7325 0.21166666666666667 0.734375 0.21666666666666665 0.7325 0.22749999999999998 0.7325 0.25416666666666665 0.7350000000000001 0.26666666666666666 0.738125 0.29333333333333333 0.7362500000000001 0.31333333333333335 0.7412500000000001 0.3275 0.7418750000000001 0.3308333333333333 0.74 0.33416666666666667 0.7275 0.33333333333333337 0.69625 0.33249999999999996 0.6893750000000001 0.32916666666666666 0.685625 0.3283333333333333 0.6737500000000001 0.3308333333333333 0.64875 0.32416666666666666 0.638125 0.3175 0.639375 0.305 0.6325000000000001 0.2891666666666667 0.629375 0.2683333333333333 0.63125 0.25916666666666666 0.62875 0.2341666666666667 0.6268750000000001 0.20083333333333334 0.62875 0.17833333333333332 0.6268750000000001 0.13 0.628125 0.11666666666666667 0.6300000000000001 0.11333333333333333 0.634375 0.11166666666666666 0.6412500000000001 0.1025 0.6518750000000001
0 0.30833333333333335 0.22687500000000002 0.31666666666666665 0.24375 0.32416666666666666 0.24875000000000003 0.335 0.24875000000000003 0.3516666666666667 0.23875000000000002 0.35583333333333333 0.23875000000000002 0.36416666666666664 0.24562500000000004 0.375 0.2475 0.37916666666666665 0.2475 0.38333333333333336 0.24312500000000004 0.39 0.24500000000000002 0.3975 0.24312500000000004 0.41916666666666663 0.246875 0.43166666666666664 0.23875000000000002 0.4383333333333333 0.23937500000000003 0.44833333333333336 0.246875 0.4608333333333333 0.2475 0.47750000000000004 0.240625 0.48666666666666664 0.246875 0.5016666666666667 0.2475 0.51 0.24000000000000005 0.5191666666666667 0.23937500000000003 0.5283333333333333 0.246875 0.5375 0.24875000000000003 0.5533333333333333 0.23125 0.5558333333333334 0.224375 0.5533333333333333 0.213125 0.55 0.21000000000000002 0.5425 0.210625 0.5366666666666666 0.215625 0.5325 0.21625 0.5233333333333333 0.215 0.5141666666666667 0.209375 0.5066666666666666 0.209375 0.4958333333333333 0.21625 0.4833333333333333 0.215625 0.47333333333333333 0.209375 0.4666666666666667 0.209375 0.45999999999999996 0.215 0.45166666666666666 0.21625 0.44416666666666665 0.215625 0.4333333333333333 0.209375 0.42416666666666664 0.21000000000000002 0.4175 0.21625 0.40166666666666667 0.215 0.39 0.20875 0.38333333333333336 0.209375 0.3725 0.21625 0.3491666666666667 0.209375 0.3408333333333333 0.21125000000000002 0.335 0.215625 0.3258333333333333 0.215 0.31416666666666665 0.209375 0.30333333333333334 0.213125 0.30333333333333334 0.221875 0.30833333333333335 0.22687500000000002