0 0.0711297071129707 0.8870588235294118 0.07322175732217573 0.9423529411764706 0.08368200836820083 0.9811764705882353 0.100418410041841 0.9988235294117647 0.10878661087866108 0.9941176470588236 0.13598326359832635 0.991764705882353 0.17364016736401672 0.9952941176470589 0.20502092050209203 0.9905882352941177 0.23430962343096234 0.983529411764706 0.24476987447698742 0.9694117647058823 0.2594142259414226 0.976470588235294 0.27615062761506276 0.9635294117647059 0.299163179916318 0.9670588235294117 0.305439330543933 0.9635294117647059 0.2928870292887029 0.924705882352941 0.299163179916318 0.9176470588235294 0.2928870292887029 0.9117647058823529 0.2949790794979079 0.9035294117647059 0.299163179916318 0.9047058823529411 0.2949790794979079 0.8870588235294118 0.27824267782426776 0.868235294117647 0.23849372384937237 0.8494117647058823 0.21338912133891214 0.831764705882353 0.17782426778242677 0.8258823529411764 0.17154811715481172 0.8294117647058824 0.17154811715481172 0.8388235294117647 0.15481171548117154 0.8447058823529412 0.13598326359832635 0.8447058823529412 0.12552301255230125 0.86 0.10878661087866108 0.8611764705882352 0.09832635983263598 0.8576470588235294 0.07531380753138076 0.8647058823529411 0.0794979079497908 0.8741176470588234 0.0711297071129707 0.8870588235294118
0 0.803347280334728 0.7035294117647058 0.8368200836820083 0.6905882352941177 0.8514644351464435 0.6905882352941177 0.8577405857740585 0.6976470588235294 0.8744769874476986 0.6976470588235294 0.8807531380753139 0.6882352941176471 0.905857740585774 0.6799999999999999 0.9393305439330544 0.6811764705882353 0.9665271966527197 0.6694117647058824 0.9937238493723848 0.6670588235294118 0.99581589958159 0.6152941176470589 0.9916317991631798 0.6117647058823529 0.9623430962343097 0.6152941176470589 0.9184100418410042 0.6294117647058823 0.8263598326359831 0.6470588235294118 0.7803347280334727 0.6623529411764706 0.7782426778242677 0.6776470588235294 0.803347280334728 0.7035294117647058
0 0.6150627615062761 0.9352941176470588 0.612970711297071 0.931764705882353 0.6234309623430961 0.9305882352941177 0.6255230125523012 0.924705882352941 0.6192468619246861 0.9188235294117646 0.610878661087866 0.924705882352941 0.608786610878661 0.931764705882353 0.6150627615062761 0.9352941176470588
0 0.6359832635983264 0.9141176470588235 0.6401673640167364 0.9070588235294117 0.6338912133891214 0.9035294117647059 0.6255230125523012 0.9058823529411765 0.6234309623430961 0.9105882352941176 0.6359832635983264 0.9141176470588235
0 0.6694560669456067 0.8729411764705881 0.6652719665271967 0.8647058823529411 0.6681686514322497 0.8736651583710409 0.6694560669456067 0.8729411764705881
0 0.6631799163179916 0.876470588235294 0.6694560669456067 0.8776470588235293 0.6681686514322497 0.8736651583710409 0.6631799163179916 0.876470588235294
0 0.584375 0.86171875 0.00234375 0.0015625
0 0.62734375 0.79609375 0.00390625 0.00390625
0 0.66015625 0.790625 0.00234375 0.00234375
0 0.6506276150627615 0.7670588235294118 0.6464435146443515 0.76 0.6422594142259415 0.7623529411764706 0.6506276150627615 0.7670588235294118
0 0.5690376569037656 0.6494117647058824 0.5690376569037656 0.6447058823529412 0.5627615062761506 0.6458823529411765 0.5690376569037656 0.6494117647058824
0 0.5543933054393305 0.6352941176470588 0.5564853556485355 0.6329411764705882 0.5523012552301255 0.6294117647058823 0.5543933054393305 0.6352941176470588
0 0.43828125 0.59453125 0.00234375 0.0015625
0 0.34100418410041844 0.5611764705882353 0.3577405857740586 0.5835294117647059 0.37447698744769875 0.5847058823529412 0.3723849372384937 0.5988235294117648 0.3933054393305439 0.6070588235294118 0.3933054393305439 0.6188235294117648 0.41004184100418406 0.6329411764705882 0.403765690376569 0.6423529411764706 0.4246861924686193 0.6717647058823529 0.4372384937238493 0.6847058823529412 0.4476987447698745 0.6894117647058823 0.4560669456066945 0.6870588235294117 0.4623430962343096 0.6929411764705883 0.4539748953974895 0.7011764705882353 0.4372384937238493 0.7047058823529412 0.4351464435146443 0.7129411764705882 0.4665271966527197 0.7588235294117647 0.48744769874476984 0.7776470588235294 0.5460251046025104 0.8529411764705882 0.5564853556485355 0.8505882352941176 0.5669456066945606 0.8564705882352941 0.5774058577405857 0.8494117647058823 0.5836820083682008 0.8576470588235294 0.5920502092050209 0.8564705882352941 0.6297071129707112 0.8364705882352942 0.6359832635983264 0.8423529411764706 0.6422594142259415 0.8388235294117647 0.6171548117154811 0.8023529411764706 0.6234309623430961 0.7894117647058823 0.612970711297071 0.7788235294117647 0.6171548117154811 0.7717647058823529 0.602510460251046 0.7670588235294118 0.612970711297071 0.7588235294117647 0.612970711297071 0.7482352941176471 0.600418410041841 0.7423529411764707 0.598326359832636 0.7223529411764706 0.602510460251046 0.7152941176470587 0.612970711297071 0.7152941176470587 0.612970711297071 0.691764705882353 0.5690376569037656 0.6552941176470588 0.5564853556485355 0.6576470588235294 0.5460251046025104 0.6658823529411765 0.5230125523012552 0.6447058823529412 0.5146443514644352 0.6270588235294118 0.5083682008368201 0.6247058823529412 0.502092050209205 0.6364705882352941 0.4728033472803347 0.6294117647058823 0.4602510460251046 0.62 0.4644351464435147 0.6141176470588234 0.4707112970711297 0.6152941176470589 0.4707112970711297 0.6047058823529412 0.4665271966527197 0.6117647058823529 0.4497907949790795 0.6164705882352941 0.4539748953974895 0.6058823529411764 0.4309623430962343 0.5988235294117648 0.4309623430962343 0.5752941176470588 0.41631799163179917 0.5705882352941176 0.41422594142259417 0.5635294117647058 0.39748953974895396 0.5529411764705883 0.38912133891213385 0.5529411764705883 0.38912133891213385 0.5435294117647059 0.37866108786610875 0.5411764705882354 0.3723849372384937 0.5305882352941176 0.36401673640167365 0.528235294117647 0.3723849372384937 0.52 0.3598326359832636 0.5258823529411765 0.34309623430962344 0.5258823529411765 0.33682008368200833 0.5376470588235294 0.33472803347280333 0.5505882352941176 0.34100418410041844 0.5611764705882353
0 0.7364016736401673 0.8211764705882352 0.7322175732217573 0.8105882352941176 0.7301255230125523 0.8176470588235294 0.7364016736401673 0.8211764705882352
0 0.6506276150627615 0.9458823529411765 0.6610878661087866 0.9611764705882353 0.6715481171548117 0.9623529411764705 0.6694560669456067 0.9552941176470588 0.6778242677824268 0.9470588235294117 0.6966527196652719 0.9611764705882353 0.705020920502092 0.9847058823529412 0.702928870292887 0.991764705882353 0.6924686192468619 0.9894117647058824 0.6903765690376569 0.9941176470588236 0.7238493723849372 0.9952941176470589 0.7343096234309623 0.983529411764706 0.7510460251046025 0.9788235294117648 0.7719665271966527 0.9952941176470589 0.8619246861924686 0.9941176470588236 0.8870292887029289 0.9988235294117647 0.897489539748954 0.9964705882352941 0.8828451882845189 0.9635294117647059 0.8828451882845189 0.9494117647058824 0.8786610878661086 0.9423529411764706 0.8682008368200836 0.9388235294117647 0.8682008368200836 0.9152941176470588 0.8535564853556485 0.8976470588235295 0.8514644351464435 0.8858823529411766 0.8410041841004183 0.8823529411764707 0.8410041841004183 0.8729411764705881 0.8305439330543933 0.8847058823529412 0.8179916317991631 0.8847058823529412 0.811715481171548 0.8800000000000001 0.805439330543933 0.8882352941176471 0.7970711297071129 0.8800000000000001 0.799163179916318 0.8670588235294117 0.7907949790794978 0.8647058823529411 0.7824267782426778 0.868235294117647 0.7615062761506276 0.8458823529411765 0.7405857740585773 0.8552941176470588 0.7301255230125523 0.8482352941176471 0.7301255230125523 0.8388235294117647 0.7154811715481172 0.8341176470588236 0.7196652719665272 0.8294117647058824 0.7133891213389121 0.8176470588235294 0.700836820083682 0.82 0.6945606694560669 0.8141176470588235 0.702928870292887 0.8117647058823529 0.691014821643855 0.8061814556331008 0.6861924686192469 0.8105882352941176 0.6882845188284519 0.8188235294117646 0.6715481171548117 0.8270588235294116 0.6736401673640167 0.8423529411764706 0.6673640167364017 0.851764705882353 0.6861924686192469 0.8811764705882353 0.6527196652719665 0.8811764705882353 0.6694560669456067 0.891764705882353 0.6589958158995816 0.8923529411764706 0.6589958158995816 0.9329411764705883 0.6506276150627615 0.9388235294117647 0.6506276150627615 0.9458823529411765
0 0.6715481171548117 0.8847058823529412 0.6778242677824268 0.8964705882352941 0.6820083682008369 0.8929411764705882 0.6736401673640167 0.8729411764705881 0.6673640167364017 0.8658823529411764 0.6610878661087866 0.868235294117647 0.6589958158995816 0.876470588235294 0.6715481171548117 0.8847058823529412
0 0.4623430962343096 0.7529411764705882 0.5188284518828452 0.8152941176470587 0.5502092050209205 0.8658823529411764 0.5920502092050209 0.9094117647058824 0.5941422594142259 0.9176470588235294 0.610878661087866 0.9341176470588236 0.6359832635983264 0.943529411764706 0.6527196652719665 0.9176470588235294 0.6443514644351465 0.8988235294117647 0.6464435146443515 0.8870588235294118 0.6297071129707112 0.8741176470588234 0.6150627615062761 0.8741176470588234 0.600418410041841 0.8635294117647059 0.608786610878661 0.8623529411764705 0.612970711297071 0.8564705882352941 0.6255230125523012 0.8564705882352941 0.6297071129707112 0.8505882352941176 0.6527196652719665 0.8552941176470588 0.6548117154811715 0.851764705882353 0.6527196652719665 0.8482352941176471 0.6464435146443515 0.851764705882353 0.6443514644351465 0.8388235294117647 0.6338912133891214 0.831764705882353 0.5774058577405857 0.7482352941176471 0.5564853556485355 0.7341176470588235 0.5460251046025104 0.7388235294117647 0.50418410041841 0.7447058823529412 0.48744769874476984 0.7329411764705882 0.47698744769874474 0.7329411764705882 0.4686192468619247 0.7270588235294118 0.4581589958158996 0.7329411764705882 0.4623430962343096 0.7529411764705882
0 0.15481171548117154 0.7035294117647058 0.1527196652719665 0.691764705882353 0.12453509995351 0.6748583877995643 0.11924686192468618 0.6788235294117647 0.1317991631799163 0.6929411764705883 0.1527196652719665 0.6976470588235294 0.15481171548117154 0.7035294117647058
0 0.09453125 0.65703125 0.00390625 0.0015625
0 0.16640625 0.64375 0.00234375 0.00234375
0 0.12552301255230125 0.6435294117647059 0.12343096234309622 0.6258823529411764 0.11715481171548117 0.6364705882352941 0.12552301255230125 0.6435294117647059
0 0.1401673640167364 0.6435294117647059 0.15481171548117154 0.6364705882352941 0.14644351464435146 0.6211764705882353 0.15481171548117154 0.6152941176470589 0.14435146443514643 0.6188235294117648 0.13598326359832635 0.6117647058823529 0.1317991631799163 0.6388235294117647 0.1401673640167364 0.6435294117647059
0 0.078125 0.61328125 0.00234375 0.00390625
0 0.18200836820083682 0.6447058823529412 0.18410041841004182 0.6364705882352941 0.19665271966527195 0.6364705882352941 0.19665271966527195 0.628235294117647 0.18619246861924685 0.6294117647058823 0.18200836820083682 0.6141176470588234 0.17782426778242677 0.6117647058823529 0.17154811715481172 0.6152941176470589 0.16527196652719664 0.6105882352941177 0.16527196652719664 0.6305882352941177 0.18200836820083682 0.6447058823529412
0 0.065625 0.61015625 0.00234375 0.00390625
0 0.301255230125523 0.5694117647058824 0.303347280334728 0.5658823529411765 0.29707112970711297 0.5647058823529412 0.301255230125523 0.5694117647058824
0 0.3171875 0.56328125 0.00234375 0.00234375
0 0.30962343096234307 0.5517647058823529 0.3138075313807531 0.548235294117647 0.3158995815899582 0.5552941176470588 0.3284518828451882 0.5611764705882353 0.3158995815899582 0.54 0.303347280334728 0.5341176470588235 0.303347280334728 0.5494117647058824 0.30962343096234307 0.5517647058823529
0 0.24267782426778242 0.5 0.23430962343096234 0.48470588235294115 0.23640167364016734 0.4988235294117647 0.24267782426778242 0.5
0 0 0.3870588235294118 0.0041841004184100415 0.40705882352941175 0.010460251046025104 0.4105882352941176 0.0041841004184100415 0.4235294117647059 0.010460251046025104 0.44823529411764707 0.010460251046025104 0.5035294117647059 0.01882845188284519 0.5129411764705882 0.008368200836820083 0.52 0.010460251046025104 0.5447058823529412 0.029288702928870293 0.5635294117647058 0.04184100418410042 0.5682352941176471 0.0502092050209205 0.5611764705882353 0.058577405857740586 0.5670588235294118 0.05648535564853556 0.5776470588235294 0.07531380753138076 0.5976470588235294 0.09832635983263598 0.6 0.09832635983263598 0.6035294117647059 0.08786610878661087 0.6058823529411764 0.09205020920502091 0.6105882352941177 0.08368200836820083 0.6152941176470589 0.08577405857740586 0.6188235294117648 0.10878661087866108 0.6 0.10460251046025104 0.5976470588235294 0.11506276150627615 0.5870588235294117 0.1317991631799163 0.5988235294117648 0.15481171548117154 0.6035294117647059 0.21548117154811716 0.6035294117647059 0.2217573221757322 0.6164705882352941 0.23849372384937237 0.6235294117647059 0.24686192468619245 0.6329411764705882 0.24686192468619245 0.6411764705882353 0.25523012552301255 0.6435294117647059 0.2489539748953975 0.6470588235294118 0.25523012552301255 0.6494117647058824 0.26569037656903766 0.6376470588235293 0.27824267782426776 0.6364705882352941 0.2907949790794979 0.6294117647058823 0.28870292887029286 0.6223529411764706 0.29707112970711297 0.6188235294117648 0.2803347280334728 0.5729411764705883 0.21129707112970708 0.48235294117647054 0.19665271966527195 0.471764705882353 0.18200836820083682 0.46941176470588236 0.19665271966527195 0.44941176470588234 0.17782426778242677 0.44941176470588234 0.16527196652719664 0.4435294117647059 0.1631799163179916 0.42470588235294116 0.14644351464435146 0.4 0.1527196652719665 0.39647058823529413 0.14644351464435146 0.3941176470588235 0.1527196652719665 0.3905882352941176 0.1527196652719665 0.37882352941176467 0.1401673640167364 0.39294117647058824 0.11715481171548117 0.36588235294117644 0.10460251046025104 0.33999999999999997 0.09623430962343096 0.33529411764705885 0.1108786610878661 0.32588235294117646 0.10251046025104602 0.32 0.1108786610878661 0.3188235294117647 0.09832635983263598 0.3141176470588235 0.09205020920502091 0.3023529411764706 0.0815899581589958 0.3035294117647059 0.08368200836820083 0.29647058823529415 0.06485355648535565 0.3023529411764706 0.04811715481171548 0.2952941176470588 0.0502092050209205 0.2858823529411765 0.043933054393305436 0.2788235294117647 0.05230125523012552 0.2741176470588235 0.043933054393305436 0.27294117647058824 0.03138075313807531 0.2635294117647059 0.03347280334728033 0.26 0.02092050209205021 0.25882352941176473 0.014644351464435146 0.2376470588235294 0.0041841004184100415 0.23058823529411762 0.008368200836820083 0.25882352941176473 0 0.3870588235294118
0 0.5828125 0.4703125 0.00234375 0.0015625
0 0.34728033472803344 0.25176470588235295 0.3598326359832636 0.25882352941176473 0.3577405857740586 0.2705882352941177 0.36820083682008364 0.27294117647058824 0.37447698744769875 0.2847058823529412 0.38912133891213385 0.2847058823529412 0.38284518828451886 0.2917647058823529 0.3912133891213389 0.2929411764705882 0.38702928870292885 0.31058823529411766 0.41213389121338906 0.33294117647058824 0.41841004184100417 0.37529411764705883 0.4456066945606694 0.4 0.4644351464435147 0.3988235294117647 0.4707112970711297 0.40352941176470586 0.4707112970711297 0.4176470588235294 0.47907949790794974 0.42823529411764705 0.497907949790795 0.4352941176470588 0.497907949790795 0.4564705882352941 0.5188284518828452 0.4541176470588235 0.5334728033472803 0.4623529411764705 0.5585774058577406 0.4647058823529412 0.5711297071129706 0.4552941176470588 0.604602510460251 0.46941176470588236 0.606694560669456 0.45999999999999996 0.5941422594142259 0.46117647058823524 0.5878661087866108 0.4564705882352941 0.5878661087866108 0.45176470588235296 0.604602510460251 0.44941176470588234 0.5941422594142259 0.43176470588235294 0.5251046025104602 0.34352941176470586 0.4518828451882845 0.2635294117647059 0.44142259414225943 0.25764705882352945 0.3933054393305439 0.24941176470588236 0.38702928870292885 0.25176470588235295 0.3807531380753138 0.24823529411764705 0.37447698744769875 0.2564705882352941 0.36820083682008364 0.24705882352941178 0.34518828451882844 0.24117647058823527 0.34100418410041844 0.24352941176470586 0.34728033472803344 0.25176470588235295
0 0.5857740585774058 0.9952941176470589 0.5836820083682008 0.9929411764705882 0.5794979079497907 0.9941176470588236 0.5857740585774058 0.9952941176470589
0 0.5878661087866108 0.9882352941176471 0.5815899581589958 0.9811764705882353 0.5774058577405857 0.9847058823529412 0.5878661087866108 0.9882352941176471
0 0.37866108786610875 0.9658823529411764 0.3723849372384937 0.9635294117647059 0.36820083682008364 0.9729411764705882 0.37866108786610875 0.9658823529411764
0 0.4246861924686193 0.9741176470588234 0.4351464435146443 0.9741176470588234 0.4372384937238493 0.9670588235294117 0.4456066945606694 0.9658823529411764 0.4351464435146443 0.9594117647058823 0.4351464435146443 0.9529411764705882 0.41631799163179917 0.9576470588235294 0.4246861924686193 0.9741176470588234
0 0.071875 0.79921875 0.00234375 0.0015625
0 0.03556485355648535 0.7847058823529411 0.043933054393305436 0.7858823529411765 0.03556485355648535 0.7741176470588236 0.029288702928870293 0.7764705882352941 0.03556485355648535 0.7847058823529411
0 0.1328125 0.728125 0.00234375 0.00234375
0 0.09205020920502091 0.668235294117647 0.0899581589958159 0.6635294117647058 0.08577405857740586 0.6647058823529411 0.09205020920502091 0.668235294117647
0 0.08368200836820083 0.6517647058823529 0.08577405857740586 0.6494117647058824 0.08368200836820083 0.6458823529411765 0.08368200836820083 0.6517647058823529
0 0.4309623430962343 0.6717647058823529 0.42677824267782427 0.6505882352941177 0.41004184100418406 0.6435294117647059 0.41004184100418406 0.6517647058823529 0.4309623430962343 0.6717647058823529
0 0.07531380753138076 0.6564705882352941 0.06694560669456066 0.6658823529411765 0.07531380753138076 0.6717647058823529 0.0815899581589958 0.6599999999999999 0.07322175732217573 0.6505882352941177 0.07740585774058577 0.6435294117647059 0.06903765690376569 0.6411764705882353 0.06903765690376569 0.6541176470588235 0.07531380753138076 0.6564705882352941
0 0.21640625 0.63671875 0.00234375 0.0015625
0 0.060669456066945605 0.6223529411764706 0.06485355648535565 0.6152941176470589 0.05439330543933054 0.608235294117647 0.05230125523012552 0.6152941176470589 0.060669456066945605 0.6223529411764706
0 0.05230125523012552 0.7105882352941176 0.043933054393305436 0.7082352941176471 0.043933054393305436 0.7235294117647059 0.02719665271966527 0.7341176470588235 0.03347280334728033 0.76 0.043933054393305436 0.7717647058823529 0.06276150627615062 0.7764705882352941 0.05648535564853556 0.7941176470588236 0.07531380753138076 0.8058823529411765 0.06694560669456066 0.8258823529411764 0.05648535564853556 0.8235294117647058 0.06276150627615062 0.8341176470588236 0.05230125523012552 0.8341176470588236 0.046025104602510455 0.828235294117647 0.043933054393305436 0.8352941176470589 0.06903765690376569 0.8376470588235294 0.08577405857740586 0.8588235294117647 0.07322175732217573 0.8905882352941177 0.07740585774058577 0.951764705882353 0.08577405857740586 0.9788235294117648 0.100418410041841 0.9952941176470589 0.1401673640167364 0.9858823529411765 0.1506276150627615 0.9870588235294118 0.15690376569037656 0.9929411764705882 0.1799163179916318 0.9929411764705882 0.19874476987447698 0.9847058823529412 0.21338912133891214 0.983529411764706 0.21966527196652716 0.976470588235294 0.22384937238493724 0.9800000000000001 0.23430962343096234 0.968235294117647 0.24476987447698742 0.9729411764705882 0.2510460251046025 0.968235294117647 0.26987447698744765 0.9694117647058823 0.2594142259414226 0.9647058823529411 0.2719665271966527 0.9611764705882353 0.303347280334728 0.9611764705882353 0.30962343096234307 0.951764705882353 0.3284518828451882 0.9529411764705882 0.3284518828451882 0.943529411764706 0.34100418410041844 0.9400000000000001 0.34100418410041844 0.9305882352941177 0.3305439330543933 0.9235294117647058 0.34100418410041844 0.9176470588235294 0.36401673640167365 0.9388235294117647 0.36820083682008364 0.9541176470588235 0.38702928870292885 0.9541176470588235 0.3953974895397489 0.9494117647058824 0.41213389121338906 0.9541176470588235 0.3912133891213389 0.9270588235294117 0.403765690376569 0.931764705882353 0.403765690376569 0.9364705882352942 0.42887029288702927 0.9400000000000001 0.4351464435146443 0.9458823529411765 0.47489539748953974 0.9364705882352942 0.4958158995815899 0.9188235294117646 0.506276150627615 0.9211764705882353 0.502092050209205 0.916470588235294 0.5188284518828452 0.8976470588235295 0.5209205020920502 0.8800000000000001 0.4539748953974895 0.7941176470588236 0.4435146443514644 0.7870588235294117 0.42677824267782427 0.7847058823529411 0.40794979079497906 0.7682352941176471 0.38493723849372385 0.7623529411764706 0.3807531380753138 0.7541176470588236 0.38912133891213385 0.7482352941176471 0.38912133891213385 0.7352941176470588 0.39748953974895396 0.7364705882352941 0.3953974895397489 0.7258823529411764 0.38284518828451886 0.7141176470588235 0.36401673640167365 0.6788235294117647 0.3493723849372385 0.6717647058823529 0.34728033472803344 0.6517647058823529 0.3284518828451882 0.6364705882352941 0.28870292887029286 0.6376470588235293 0.26569037656903766 0.6458823529411765 0.2594142259414226 0.6529411764705882 0.24476987447698742 0.6494117647058824 0.24686192468619245 0.6552941176470588 0.23221757322175735 0.6611764705882353 0.22594142259414224 0.6435294117647059 0.23221757322175735 0.64 0.2301255230125523 0.6317647058823529 0.22384937238493724 0.6447058823529412 0.20920502092050208 0.6423529411764706 0.200836820083682 0.6329411764705882 0.21548117154811716 0.6152941176470589 0.19246861924686193 0.6152941176470589 0.17364016736401672 0.608235294117647 0.1317991631799163 0.6035294117647059 0.11924686192468618 0.6176470588235294 0.1108786610878661 0.6164705882352941 0.10669456066945607 0.6223529411764706 0.09832635983263598 0.6176470588235294 0.09414225941422594 0.6211764705882353 0.08786610878661087 0.62 0.10251046025104602 0.6270588235294118 0.10251046025104602 0.6329411764705882 0.08786610878661087 0.6276470588235294 0.08786610878661087 0.6435294117647059 0.09623430962343096 0.6447058823529412 0.10251046025104602 0.6658823529411765 0.10251046025104602 0.6741176470588235 0.08786610878661087 0.6752941176470588 0.08786610878661087 0.6847058823529412 0.11506276150627615 0.6952941176470588 0.11715481171548117 0.7035294117647058 0.10460251046025104 0.7094117647058823 0.05230125523012552 0.6858823529411764 0.0502092050209205 0.6976470588235294 0.043933054393305436 0.6988235294117647 0.05648535564853556 0.7070588235294117 0.05230125523012552 0.7105882352941176
0 0.02510460251046025 0.5352941176470588 0.02092050209205021 0.528235294117647 0.01882845188284519 0.5352941176470588 0.02510460251046025 0.5352941176470588
0 0.06171875 0.5125 0.00234375 0.00390625
0 0.034375 0.49140625 0.00234375 0.0046875
0 0.5167364016736402 0.6188235294117648 0.5251046025104602 0.6223529411764706 0.5292887029288702 0.6058823529411764 0.5230125523012552 0.6035294117647059 0.5230125523012552 0.6141176470588234 0.5167364016736402 0.6188235294117648
0 0.5376569037656903 0.6741176470588235 0.5376569037656903 0.6847058823529412 0.6192468619246861 0.7917647058823529 0.6527196652719665 0.8211764705882352 0.6527196652719665 0.808235294117647 0.6610878661087866 0.8011764705882353 0.6610878661087866 0.788235294117647 0.6548117154811715 0.7823529411764706 0.6715481171548117 0.7729411764705882 0.6778242677824268 0.7435294117647059 0.6841004184100419 0.74 0.6903765690376569 0.7411764705882353 0.6861924686192469 0.7470588235294118 0.6945606694560669 0.7552941176470588 0.700836820083682 0.7529411764705882 0.705020920502092 0.7588235294117647 0.7154811715481172 0.7552941176470588 0.7196652719665272 0.76 0.7175732217573222 0.7764705882352941 0.7092050209205021 0.7776470588235294 0.705020920502092 0.7705882352941177 0.700836820083682 0.7729411764705882 0.6903765690376569 0.7858823529411765 0.6924686192468619 0.7929411764705883 0.6945606694560669 0.7894117647058823 0.7092050209205021 0.7905882352941177 0.7112970711297071 0.7823529411764706 0.7217573221757322 0.7752941176470588 0.7301255230125523 0.7823529411764706 0.7426778242677824 0.7741176470588236 0.7510460251046025 0.7741176470588236 0.7510460251046025 0.7682352941176471 0.7259414225941423 0.7658823529411765 0.7259414225941423 0.7588235294117647 0.7175732217573222 0.7552941176470588 0.7322175732217573 0.7505882352941177 0.7426778242677824 0.7552941176470588 0.7510460251046025 0.7494117647058823 0.7447698744769874 0.7388235294117647 0.7510460251046025 0.7352941176470588 0.7468619246861924 0.7247058823529412 0.7552301255230125 0.7094117647058823 0.7510460251046025 0.7105882352941176 0.7468619246861924 0.7058823529411764 0.7552301255230125 0.7035294117647058 0.7573221757322175 0.6976470588235294 0.7405857740585773 0.6611764705882353 0.7280334728033473 0.6435294117647059 0.7092050209205021 0.6411764705882353 0.7112970711297071 0.6305882352941177 0.698744769874477 0.6211764705882353 0.6882845188284519 0.6329411764705882 0.6820083682008369 0.6301964705882354 0.6841004184100419 0.6011764705882353 0.6673640167364017 0.5847058823529412 0.6631799163179916 0.591764705882353 0.6548117154811715 0.591764705882353 0.6610878661087866 0.5988235294117648 0.6610878661087866 0.6176470588235294 0.6673640167364017 0.6223529411764706 0.6589958158995816 0.6305882352941177 0.6297071129707112 0.6305882352941177 0.6234309623430961 0.6270588235294118 0.6297071129707112 0.6188235294117648 0.598326359832636 0.6070588235294118 0.5899581589958158 0.5952941176470589 0.5836820083682008 0.6070588235294118 0.5899581589958158 0.608235294117647 0.5941422594142259 0.6176470588235294 0.5899581589958158 0.6235294117647059 0.600418410041841 0.628235294117647 0.5878661087866108 0.6341176470588235 0.5753138075313807 0.6329411764705882 0.5794979079497907 0.6458823529411765 0.5669456066945606 0.648235294117647 0.5397489539748953 0.6423529411764706 0.5502092050209205 0.6635294117647058 0.5376569037656903 0.6741176470588235
0 0.6401673640167364 0.5847058823529412 0.6401673640167364 0.5741176470588235 0.6338912133891214 0.5764705882352941 0.6317991631799164 0.5811764705882353 0.6401673640167364 0.5847058823529412
0 0.60859375 0.5671875 0.00390625 0.00234375
0 0.41631799163179917 0.3764705882352941 0.4372384937238493 0.37882352941176467 0.42887029288702927 0.3870588235294118 0.4351464435146443 0.3976470588235294 0.4435146443514644 0.40470588235294114 0.4602510460251046 0.40705882352941175 0.47698744769874474 0.4329411764705882 0.48326359832635984 0.4588235294117647 0.4958158995815899 0.47411764705882353 0.5209205020920502 0.48588235294117643 0.5397489539748953 0.5152941176470589 0.5564853556485355 0.5247058823529411 0.5585774058577406 0.5164705882352941 0.5669456066945606 0.5129411764705882 0.5774058577405857 0.5152941176470589 0.5920502092050209 0.5105882352941176 0.600418410041841 0.5164705882352941 0.6150627615062761 0.5105882352941176 0.612970711297071 0.4682352941176471 0.604602510460251 0.4458823529411765 0.5460251046025104 0.38235294117647056 0.5355648535564853 0.3611764705882353 0.5209205020920502 0.35411764705882354 0.5188284518828452 0.34470588235294114 0.497907949790795 0.3376470588235294 0.502092050209205 0.3305882352941176 0.48326359832635984 0.3305882352941176 0.47698744769874474 0.3388235294117647 0.47907949790794974 0.3482352941176471 0.4644351464435147 0.36 0.4581589958158996 0.3776470588235294 0.4476987447698745 0.3811764705882353 0.42887029288702927 0.3764705882352941 0.4309623430962343 0.3635294117647059 0.4246861924686193 0.3623529411764706 0.41841004184100417 0.36941176470588233 0.42259414225941416 0.37058823529411766 0.41631799163179917 0.3764705882352941
0 0.016736401673640166 0.12117647058823529 0.03138075313807531 0.12588235294117647 0.05230125523012552 0.14352941176470588 0.05439330543933054 0.15411764705882353 0.0711297071129707 0.1611764705882353 0.09832635983263598 0.15764705882352942 0.10669456066945607 0.14941176470588236 0.11506276150627615 0.15411764705882353 0.1401673640167364 0.1564705882352941 0.1506276150627615 0.1411764705882353 0.14435146443514643 0.13176470588235295 0.15481171548117154 0.13058823529411764 0.1589958158995816 0.12470588235294118 0.14435146443514643 0.12470588235294118 0.14644351464435146 0.12 0.13807531380753138 0.12117647058823529 0.12133891213389121 0.11058823529411765 0.12133891213389121 0.10352941176470587 0.13389121338912133 0.0976470588235294 0.13598326359832635 0.08352941176470588 0.12133891213389121 0.07294117647058823 0.11506276150627615 0.07647058823529411 0.11506276150627615 0.08588235294117647 0.10460251046025104 0.09058823529411765 0.09414225941422594 0.08705882352941177 0.0899581589958159 0.09294117647058824 0.07531380753138076 0.08941176470588234 0.0397489539748954 0.042352941176470586 0.03138075313807531 0.03882352941176471 0.010460251046025104 0.011764705882352941 0.0041841004184100415 0.010588235294117647 0 0.1223529411764706 0.016736401673640166 0.12117647058823529
0 0.4665271966527197 0.4788235294117647 0.4665271966527197 0.4752941176470588 0.4623430962343096 0.4764705882352941 0.4581589958158996 0.4870588235294117 0.4665271966527197 0.4788235294117647
0 0.4497907949790795 0.4294117647058823 0.4476987447698745 0.4258823529411765 0.44142259414225943 0.42823529411764705 0.4497907949790795 0.4294117647058823
0 0.3305439330543933 0.34941176470588237 0.3389121338912134 0.34941176470588237 0.3389121338912134 0.34352941176470586 0.3305439330543933 0.34352941176470586 0.3305439330543933 0.34941176470588237
0 0.27405857740585776 0.24235294117647058 0.2949790794979079 0.2647058823529412 0.31171548117154807 0.3 0.3305439330543933 0.3188235294117647 0.3284518828451882 0.32705882352941174 0.33682008368200833 0.3376470588235294 0.34728033472803344 0.33999999999999997 0.3577405857740586 0.3552941176470588 0.3807531380753138 0.36470588235294116 0.39748953974895396 0.38941176470588235 0.3933054393305439 0.3976470588235294 0.401673640167364 0.4176470588235294 0.399581589958159 0.43176470588235294 0.41631799163179917 0.43647058823529405 0.41422594142259417 0.4447058823529412 0.4246861924686193 0.4458823529411765 0.42677824267782427 0.4423529411764706 0.4456066945606694 0.4458823529411765 0.4497907949790795 0.45999999999999996 0.4623430962343096 0.46941176470588236 0.4665271966527197 0.46117647058823524 0.48953974895397484 0.4588235294117647 0.497907949790795 0.47058823529411764 0.50418410041841 0.46941176470588236 0.5083682008368201 0.4752941176470588 0.5167364016736402 0.471764705882353 0.5271966527196652 0.47411764705882353 0.5355648535564853 0.48235294117647054 0.5439330543933054 0.48235294117647054 0.5355648535564853 0.491764705882353 0.5523012552301255 0.48117647058823526 0.5627615062761506 0.48588235294117643 0.5669456066945606 0.47411764705882353 0.5774058577405857 0.47058823529411764 0.5836820083682008 0.48 0.606694560669456 0.49058823529411766 0.600418410041841 0.48235294117647054 0.608786610878661 0.4788235294117647 0.608786610878661 0.45999999999999996 0.5941422594142259 0.4341176470588235 0.5836820083682008 0.42705882352941177 0.5 0.3164705882352941 0.4707112970711297 0.2917647058823529 0.4518828451882845 0.2647058823529412 0.4309623430962343 0.2541176470588235 0.34100418410041844 0.2388235294117647 0.299163179916318 0.22000000000000003 0.2928870292887029 0.22588235294117648 0.28870292887029286 0.2211764705882353 0.2866108786610878 0.22470588235294117 0.27824267782426776 0.2223529411764706 0.2719665271966527 0.22588235294117648 0.27405857740585776 0.24235294117647058
0 0.805439330543933 0.9105882352941176 0.807531380753138 0.9376470588235295 0.8284518828451883 0.9470588235294117 0.8326359832635983 0.9611764705882353 0.8389121338912133 0.96 0.8493723849372385 0.9694117647058823 0.8598326359832635 0.9941176470588236 0.905857740585774 0.9941176470588236 0.901673640167364 0.9894117647058824 0.9267782426778242 0.9741176470588234 0.9246861924686192 0.9611764705882353 0.9142259414225942 0.9541176470588235 0.907949790794979 0.931764705882353 0.899581589958159 0.924705882352941 0.903765690376569 0.9199999999999999 0.8828451882845189 0.9058823529411765 0.8828451882845189 0.8952941176470588 0.8765690376569036 0.8929411764705882 0.8807531380753139 0.8811764705882353 0.8786610878661086 0.8788235294117648 0.8723849372384936 0.8847058823529412 0.8640167364016736 0.8788235294117648 0.8472803347280335 0.8400000000000001 0.8347280334728033 0.851764705882353 0.8263598326359831 0.8552941176470588 0.8200836820083681 0.851764705882353 0.811715481171548 0.8694117647058823 0.8179916317991631 0.8905882352941177 0.805439330543933 0.9105882352941176
0 0.52578125 0.60859375 0.00234375 0.00703125
0 0.58046875 0.53359375 0.00234375 0.00390625
0 0.5251046025104602 0.5494117647058824 0.5230125523012552 0.5635294117647058 0.5334728033472803 0.5847058823529412 0.5857740585774058 0.6494117647058824 0.5523012552301255 0.6599999999999999 0.5585774058577406 0.6623529411764706 0.5481171548117155 0.6717647058823529 0.5523012552301255 0.6964705882352942 0.5606694560669456 0.7 0.5669456066945606 0.7164705882352942 0.5878661087866108 0.7223529411764706 0.604602510460251 0.7341176470588235 0.612970711297071 0.7564705882352941 0.6276150627615062 0.7611764705882352 0.6297071129707112 0.7670588235294118 0.6297071129707112 0.7611764705882352 0.6359832635983264 0.76 0.6506276150627615 0.7694117647058824 0.6443514644351465 0.7435294117647059 0.6589958158995816 0.7435294117647059 0.6673640167364017 0.7576470588235293 0.6757322175732218 0.7294117647058823 0.698744769874477 0.7235294117647059 0.700836820083682 0.7011764705882353 0.7154811715481172 0.6976470588235294 0.7301255230125523 0.6835294117647058 0.7384937238493723 0.6823529411764706 0.7426778242677824 0.6670588235294118 0.7259414225941423 0.6423529411764706 0.7133891213389121 0.64 0.7133891213389121 0.6235294117647059 0.6882845188284519 0.6129411764705882 0.6820083682008369 0.591764705882353 0.6673640167364017 0.5776470588235294 0.6506276150627615 0.571764705882353 0.6464435146443515 0.5529411764705883 0.6297071129707112 0.548235294117647 0.6234309623430961 0.5258823529411765 0.608786610878661 0.5188235294117647 0.604602510460251 0.5247058823529411 0.5920502092050209 0.5247058823529411 0.600418410041841 0.5305882352941176 0.5815899581589958 0.5376470588235294 0.5774058577405857 0.5470588235294118 0.5690376569037656 0.5458823529411765 0.5627615062761506 0.5494117647058824 0.5481171548117155 0.548235294117647 0.5564853556485355 0.5352941176470588 0.5460251046025104 0.5305882352941176 0.5313807531380753 0.5388235294117647 0.5251046025104602 0.5341176470588235 0.5146443514644352 0.536470588235294 0.5104602510460251 0.5423529411764706 0.5251046025104602 0.5494117647058824
0 0.86484375 0.99375 0.00234375 0.0015625
0 0.6610878661087866 0.7447058823529412 0.6673640167364017 0.7423529411764707 0.6757322175732218 0.7458823529411764 0.6736401673640167 0.7611764705882352 0.6631799163179916 0.7717647058823529 0.6757322175732218 0.7729411764705882 0.6757322175732218 0.7823529411764706 0.6882845188284519 0.7894117647058823 0.6778242677824268 0.7964705882352942 0.6736401673640167 0.7929411764705883 0.6631799163179916 0.7964705882352942 0.6569037656903765 0.8400000000000001 0.6757322175732218 0.8447058823529412 0.6778242677824268 0.8623529411764705 0.6903765690376569 0.8670588235294117 0.707112970711297 0.8929411764705882 0.7175732217573222 0.9 0.7322175732217573 0.931764705882353 0.7468619246861924 0.9494117647058824 0.7573221757322175 0.9529411764705882 0.7635983263598326 0.968235294117647 0.7698744769874477 0.968235294117647 0.7887029288702928 0.9894117647058824 0.7970711297071129 0.9729411764705882 0.8179916317991631 0.9729411764705882 0.8305439330543933 0.9823529411764707 0.8493723849372385 0.9717647058823529 0.8619246861924686 0.9905882352941177 0.8912133891213389 0.9941176470588236 0.8828451882845189 0.9611764705882353 0.8849372384937239 0.9400000000000001 0.8702928870292886 0.9176470588235294 0.8682008368200836 0.9023529411764706 0.8493723849372385 0.8823529411764707 0.8493723849372385 0.8541176470588235 0.8326359832635983 0.8141176470588235 0.7866108786610878 0.7388235294117647 0.7824267782426778 0.7141176470588235 0.7468619246861924 0.6811764705882353 0.7426778242677824 0.668235294117647 0.7259414225941423 0.6764705882352942 0.7217573221757322 0.6729411764705883 0.707112970711297 0.6741176470588235 0.702928870292887 0.6694117647058824 0.707112970711297 0.6788235294117647 0.700836820083682 0.6776470588235294 0.6841004184100419 0.6882352941176471 0.6757322175732218 0.6870588235294117 0.6736401673640167 0.7011764705882353 0.6841004184100419 0.7023529411764706 0.6882845188284519 0.7094117647058823 0.6715481171548117 0.7176470588235294 0.6673640167364017 0.7152941176470587 0.6548117154811715 0.7294117647058823 0.6527196652719665 0.7388235294117647 0.6610878661087866 0.7447058823529412
0 0.5251046025104602 0.7376470588235293 0.5271966527196652 0.7329411764705882 0.5146443514644352 0.7341176470588235 0.5125523012552301 0.7270588235294118 0.5083682008368201 0.7364705882352941 0.5251046025104602 0.7376470588235293
0 0.49765625 0.72265625 0.00390625 0.0015625
0 0.5188284518828452 0.7129411764705882 0.5104602510460251 0.7105882352941176 0.5104602510460251 0.7211764705882353 0.5188284518828452 0.7129411764705882
0 0.5328125 0.71015625 0.00234375 0.0015625
0 0.60546875 0.62265625 0.00234375 0.00234375
0 0.52578125 0.52734375 0.00234375 0.00703125
0 0.33682008368200833 0.5529411764705883 0.36610878661087864 0.5988235294117648 0.38493723849372385 0.608235294117647 0.405857740585774 0.6317647058823529 0.4456066945606694 0.6529411764705882 0.4581589958158996 0.6717647058823529 0.4686192468619247 0.668235294117647 0.4686192468619247 0.6776470588235294 0.47698744769874474 0.6788235294117647 0.48117154811715485 0.6741176470588235 0.48535564853556484 0.6764705882352942 0.4916317991631799 0.6894117647058823 0.47698744769874474 0.6870588235294117 0.48117154811715485 0.6952941176470588 0.48744769874476984 0.6988235294117647 0.497907949790795 0.6952941176470588 0.497907949790795 0.6905882352941177 0.5167364016736402 0.6894117647058823 0.5209205020920502 0.6976470588235294 0.5313807531380753 0.7023529411764706 0.5418410041841004 0.7011764705882353 0.5564853556485355 0.7094117647058823 0.5606694560669456 0.7211764705882353 0.5794979079497907 0.7294117647058823 0.5794979079497907 0.7352941176470588 0.598326359832636 0.7411764705882353 0.598326359832636 0.7294117647058823 0.6297071129707112 0.7094117647058823 0.6359832635983264 0.6894117647058823 0.612970711297071 0.6764705882352942 0.602510460251046 0.6470588235294118 0.5794979079497907 0.64 0.5711297071129706 0.62 0.5439330543933054 0.6 0.5418410041841004 0.5894117647058823 0.5313807531380753 0.5835294117647059 0.5209205020920502 0.5635294117647058 0.5083682008368201 0.556470588235294 0.5 0.5388235294117647 0.48744769874476984 0.5352941176470588 0.4728033472803347 0.5188235294117647 0.4602510460251046 0.5164705882352941 0.4456066945606694 0.5011764705882353 0.4330543933054393 0.5035294117647059 0.40794979079497906 0.48 0.39748953974895396 0.4776470588235294 0.38702928870292885 0.48235294117647054 0.3723849372384937 0.4776470588235294 0.36610878661087864 0.49058823529411766 0.37029288702928864 0.5047058823529411 0.3619246861924686 0.5129411764705882 0.3514644351464435 0.5164705882352941 0.33472803347280333 0.5117647058823529 0.3305439330543933 0.5164705882352941 0.3158995815899582 0.5141176470588235 0.3138075313807531 0.528235294117647 0.33682008368200833 0.5529411764705883
0 0.8933054393305438 0.8752941176470588 0.910041841004184 0.924705882352941 0.9393305439330544 0.9729411764705882 0.9539748953974895 0.9882352941176471 0.9937238493723848 0.9870588235294118 0.99581589958159 0.8270588235294116 0.9874476987447698 0.8235294117647058 0.9351464435146444 0.8329411764705883 0.903765690376569 0.8305882352941177 0.8807531380753139 0.8388235294117647 0.8786610878661086 0.8552941176470588 0.8933054393305438 0.8752941176470588
0 0.029288702928870293 0.03529411764705882 0.0502092050209205 0.052941176470588235 0.05439330543933054 0.06588235294117648 0.07322175732217573 0.06588235294117648 0.07531380753138076 0.0611764705882353 0.08786610878661087 0.057647058823529405 0.09414225941422594 0.06352941176470588 0.10460251046025104 0.06470588235294118 0.11506276150627615 0.06 0.12133891213389121 0.052941176470588235 0.11924686192468618 0.043529411764705886 0.10669456066945607 0.03411764705882353 0.08368200836820083 0 0.06485355648535565 0 0.05439330543933054 0.00823529411764706 0.04811715481171548 0 0.012552301255230125 0 0.006276150627615063 0.0058823529411764705 0.0041841004184100415 0.03294117647058824 0.029288702928870293 0.03529411764705882
0 0.421875 0.33671875 0.00234375 0.0015625
0 0.42887029288702927 0.3247058823529412 0.42259414225941416 0.3247058823529412 0.42050209205020916 0.3341176470588235 0.42887029288702927 0.3247058823529412
0 0.4351464435146443 0.32823529411764707 0.44142259414225943 0.3235294117647059 0.4330543933054393 0.3247058823529412 0.4351464435146443 0.32823529411764707
0 0.42677824267782427 0.3776470588235294 0.4435146443514644 0.40352941176470586 0.4644351464435147 0.40470588235294114 0.4686192468619247 0.4211764705882353 0.4958158995815899 0.4647058823529412 0.506276150627615 0.4670588235294118 0.5083682008368201 0.47294117647058825 0.5146443514644352 0.47411764705882353 0.5188284518828452 0.46941176470588236 0.5313807531380753 0.471764705882353 0.5376569037656903 0.49764705882352944 0.5460251046025104 0.49058823529411766 0.5669456066945606 0.5070588235294118 0.604602510460251 0.5023529411764706 0.610878661087866 0.48588235294117643 0.604602510460251 0.44823529411764707 0.5564853556485355 0.3941176470588235 0.5355648535564853 0.3611764705882353 0.5083682008368201 0.3376470588235294 0.506276150627615 0.32941176470588235 0.4937238493723849 0.32588235294117646 0.48117154811715485 0.3305882352941176 0.4728033472803347 0.3247058823529412 0.4602510460251046 0.32941176470588235 0.4602510460251046 0.3235294117647059 0.4518828451882845 0.3211764705882353 0.4518828451882845 0.3458823529411765 0.4246861924686193 0.34352941176470586 0.4330543933054393 0.3517647058823529 0.42259414225941416 0.35058823529411764 0.41841004184100417 0.3588235294117647 0.41631799163179917 0.37529411764705883 0.42677824267782427 0.3776470588235294
0 0.5606694560669456 0.8588235294117647 0.5564853556485355 0.8552941176470588 0.5587268380155409 0.8599159663865545 0.5606694560669456 0.8588235294117647
0 0.5543933054393305 0.8623529411764705 0.5627615062761506 0.868235294117647 0.5587268380155409 0.8599159663865545 0.5543933054393305 0.8623529411764705
0 0.5753138075313807 0.8788235294117648 0.5815899581589958 0.8941176470588236 0.5920502092050209 0.8976470588235295 0.5920502092050209 0.9035294117647059 0.606694560669456 0.9047058823529411 0.6150627615062761 0.9176470588235294 0.6255230125523012 0.9235294117647058 0.6401673640167364 0.9129411764705881 0.6485355648535565 0.9188235294117646 0.6401673640167364 0.9541176470588235 0.6757322175732218 0.9929411764705882 0.7196652719665272 0.9988235294117647 0.7698744769874477 0.9941176470588236 0.7719665271966527 0.9870588235294118 0.7573221757322175 0.9741176470588234 0.7426778242677824 0.9411764705882353 0.7364016736401673 0.9411764705882353 0.7280334728033473 0.9329411764705883 0.7280334728033473 0.9141176470588235 0.7154811715481172 0.8988235294117647 0.6820083682008369 0.8835294117647059 0.6736401673640167 0.8741176470588234 0.6673640167364017 0.8788235294117648 0.6610878661087866 0.8752941176470588 0.6569037656903765 0.8529411764705882 0.6317991631799164 0.8470588235294118 0.6255230125523012 0.851764705882353 0.606694560669456 0.8541176470588235 0.5962343096234309 0.8705882352941176 0.5648535564853556 0.8705882352941176 0.5627615062761506 0.8752941176470588 0.5753138075313807 0.8788235294117648
0 0.809623430962343 0.7270588235294118 0.8200836820083681 0.7529411764705882 0.8451882845188283 0.7811764705882352 0.8514644351464435 0.8011764705882353 0.8702928870292886 0.8211764705882352 0.8765690376569036 0.8247058823529411 0.899581589958159 0.8235294117647058 0.9184100418410042 0.828235294117647 0.9937238493723848 0.8188235294117646 0.9895397489539748 0.7894117647058823 0.997907949790795 0.7752941176470588 0.9916317991631798 0.7305882352941176 0.997907949790795 0.7117647058823529 0.997907949790795 0.628235294117647 0.9916317991631798 0.6164705882352941 0.9707112970711297 0.6164705882352941 0.9184100418410042 0.6329411764705882 0.8368200836820083 0.6470588235294118 0.7824267782426778 0.6647058823529411 0.7907949790794978 0.7047058823529412 0.809623430962343 0.7270588235294118
0 0.4518828451882845 0.6882352941176471 0.4518828451882845 0.6799999999999999 0.44142259414225943 0.6835294117647058 0.4518828451882845 0.6882352941176471
0 0.33263598326359833 0.5576470588235294 0.3305439330543933 0.5623529411764705 0.34309623430962344 0.5705882352941176 0.34309623430962344 0.5788235294117647 0.36820083682008364 0.6047058823529412 0.399581589958159 0.6223529411764706 0.405857740585774 0.6329411764705882 0.42050209205020916 0.6352941176470588 0.4246861924686193 0.64 0.4330543933054393 0.6352941176470588 0.4476987447698745 0.6352941176470588 0.4527668100654134 0.6445567522783762 0.4581589958158996 0.6364705882352941 0.4686192468619247 0.6447058823529412 0.48117154811715485 0.6447058823529412 0.4581589958158996 0.6317647058823529 0.4581589958158996 0.6223529411764706 0.47489539748953974 0.6094117647058823 0.4686192468619247 0.6011764705882353 0.47907949790794974 0.591764705882353 0.47907949790794974 0.5835294117647059 0.4602510460251046 0.5670588235294118 0.4644351464435147 0.5611764705882353 0.4497907949790795 0.5599999999999999 0.41841004184100417 0.5388235294117647 0.41631799163179917 0.5176470588235295 0.399581589958159 0.4870588235294117 0.37656903765690375 0.47294117647058825 0.3619246861924686 0.48117647058823526 0.3535564853556485 0.4764705882352941 0.33263598326359833 0.4505882352941176 0.32217573221757323 0.4458823529411765 0.3200836820083682 0.4376470588235294 0.305439330543933 0.42470588235294116 0.2949790794979079 0.4223529411764706 0.2928870292887029 0.40823529411764703 0.2824267782426778 0.40823529411764703 0.27405857740585776 0.40352941176470586 0.2803347280334728 0.4 0.2510460251046025 0.40588235294117647 0.24058577405857742 0.4258823529411765 0.24058577405857742 0.4376470588235294 0.25523012552301255 0.45999999999999996 0.2845188284518828 0.488235294117647 0.33263598326359833 0.5576470588235294
0 0.34100418410041844 0.20705882352941174 0.34100418410041844 0.21294117647058824 0.35564853556485354 0.21176470588235294 0.3577405857740586 0.1952941176470588 0.3493723849372385 0.18941176470588234 0.34309623430962344 0.1952941176470588 0.3493723849372385 0.20705882352941174 0.34100418410041844 0.20705882352941174
0 0.14435146443514643 0.058823529411764705 0.16527196652719664 0.09176470588235294 0.1631799163179916 0.10352941176470587 0.1799163179916318 0.12 0.18619246861924685 0.14823529411764708 0.21338912133891214 0.1623529411764706 0.23640167364016734 0.18823529411764706 0.26569037656903766 0.18823529411764706 0.26987447698744765 0.1952941176470588 0.28870292887029286 0.2 0.29707112970711297 0.20941176470588235 0.305439330543933 0.20941176470588235 0.3138075313807531 0.2011764705882353 0.31171548117154807 0.18705882352941178 0.303347280334728 0.18352941176470589 0.28870292887029286 0.18823529411764706 0.27615062761506276 0.18352941176470589 0.2866108786610878 0.16823529411764707 0.2719665271966527 0.1623529411764706 0.26569037656903766 0.14705882352941174 0.2510460251046025 0.13999999999999999 0.2573221757322176 0.12823529411764706 0.23640167364016734 0.1188235294117647 0.23849372384937237 0.11529411764705881 0.22803347280334724 0.10941176470588235 0.21548117154811716 0.07764705882352942 0.18828451882845187 0.06352941176470588 0.18410041841004182 0.049411764705882356 0.17573221757322174 0.04823529411764706 0.16736401673640167 0.03529411764705882 0.15690376569037656 0.036470588235294116 0.14853556485355648 0.051764705882352935 0.13807531380753138 0.04588235294117647 0.1317991631799163 0.052941176470588235 0.1297071129707113 0.06235294117647059 0.14435146443514643 0.058823529411764705
0 0.5543933054393305 0.5305882352941176 0.5669456066945606 0.5623529411764705 0.5753138075313807 0.5635294117647058 0.5753138075313807 0.5705882352941176 0.5836820083682008 0.5741176470588235 0.5794979079497907 0.588235294117647 0.5920502092050209 0.5941176470588235 0.604602510460251 0.6117647058823529 0.6276150627615062 0.6223529411764706 0.6401673640167364 0.6423529411764706 0.6589958158995816 0.6388235294117647 0.6715481171548117 0.64 0.6778242677824268 0.6458823529411765 0.6882845188284519 0.6423529411764706 0.6945606694560669 0.6541176470588235 0.7092050209205021 0.6541176470588235 0.7175732217573222 0.6447058823529412 0.7301255230125523 0.6494117647058824 0.7154811715481172 0.6211764705882353 0.6903765690376569 0.5988235294117648 0.6820083682008369 0.5811764705882353 0.6610878661087866 0.5647058823529412 0.6150627615062761 0.5047058823529411 0.5962343096234309 0.5011764705882353 0.5962343096234309 0.4964705882352941 0.5920502092050209 0.5035294117647059 0.5669456066945606 0.5035294117647059 0.5523012552301255 0.5117647058823529 0.5460251046025104 0.528235294117647 0.5543933054393305 0.5305882352941176
0 0.5251046025104602 0.4988235294117647 0.5292887029288702 0.49764705882352944 0.5251046025104602 0.491764705882353 0.5251046025104602 0.4988235294117647
0 0.05648535564853556 0.42470588235294116 0.0711297071129707 0.4176470588235294 0.08368200836820083 0.4341176470588235 0.11506276150627615 0.42470588235294116 0.1401673640167364 0.4329411764705882 0.14644351464435146 0.42470588235294116 0.1401673640167364 0.3988235294117647 0.11297071129707112 0.3847058823529412 0.100418410041841 0.3564705882352941 0.08786610878661087 0.3517647058823529 0.09414225941422594 0.33647058823529413 0.08368200836820083 0.30588235294117644 0.09205020920502091 0.3035294117647059 0.09205020920502091 0.2988235294117647 0.0041841004184100415 0.18352941176470589 0.0041841004184100415 0.4105882352941176 0.05648535564853556 0.42470588235294116
0 0.31875 0.4765625 0.00234375 0.00234375
0 0.35859375 0.459375 0.00234375 0.0015625
0 0.315625 0.44375 0.00390625 0.00390625
0 0.2824267782426778 0.4470588235294118 0.303347280334728 0.45294117647058824 0.305439330543933 0.4341176470588235 0.2949790794979079 0.44117647058823534 0.27405857740585776 0.4447058823529412 0.2719665271966527 0.44941176470588234 0.2824267782426778 0.4470588235294118
0 0.21640625 0.42109375 0.00234375 0.00234375
0 0.37866108786610875 0.4211764705882353 0.3535564853556485 0.4211764705882353 0.35564853556485354 0.4352941176470588 0.36610878661087864 0.43882352941176467 0.36610878661087864 0.4435294117647059 0.37866108786610875 0.4447058823529412 0.36820083682008364 0.44941176470588234 0.37656903765690375 0.46117647058823524 0.403765690376569 0.46941176470588236 0.41631799163179917 0.46117647058823524 0.41631799163179917 0.4541176470588235 0.38284518828451886 0.42705882352941177 0.37656903765690375 0.40470588235294114 0.36401673640167365 0.40823529411764703 0.37656903765690375 0.4117647058823529 0.37866108786610875 0.4211764705882353
0 0.3125 0.3515625 0.00234375 0.0015625
0 0.10460251046025104 0.2223529411764706 0.10460251046025104 0.24235294117647058 0.11297071129707112 0.2447058823529412 0.11924686192468618 0.26 0.1317991631799163 0.2647058823529412 0.13598326359832635 0.27647058823529413 0.1694560669456067 0.31176470588235294 0.17573221757322174 0.3305882352941176 0.1694560669456067 0.3529411764705882 0.17154811715481172 0.3764705882352941 0.1799163179916318 0.37529411764705883 0.19246861924686193 0.36470588235294116 0.20920502092050208 0.37411764705882355 0.2217573221757322 0.3905882352941176 0.21548117154811716 0.39294117647058824 0.21966527196652716 0.4117647058823529 0.21338912133891214 0.4141176470588235 0.22594142259414224 0.4258823529411765 0.24058577405857742 0.42823529411764705 0.23849372384937237 0.4352941176470588 0.2510460251046025 0.44823529411764707 0.2824267782426778 0.4352941176470588 0.28870292887029286 0.4223529411764706 0.30962343096234307 0.4223529411764706 0.3179916317991632 0.43882352941176467 0.3263598326359832 0.44117647058823534 0.3284518828451882 0.4341176470588235 0.33682008368200833 0.43176470588235294 0.34100418410041844 0.4376470588235294 0.33472803347280333 0.42705882352941177 0.34100418410041844 0.4235294117647059 0.33263598326359833 0.4176470588235294 0.34100418410041844 0.4141176470588235 0.34100418410041844 0.4023529411764706 0.36610878661087864 0.4 0.37447698744769875 0.3941176470588235 0.37029288702928864 0.3847058823529412 0.37656903765690375 0.38235294117647056 0.36401673640167365 0.37882352941176467 0.3619246861924686 0.36941176470588233 0.3493723849372385 0.36470588235294116 0.34518828451882844 0.35058823529411764 0.33472803347280333 0.3517647058823529 0.3305439330543933 0.3458823529411765 0.32217573221757323 0.3517647058823529 0.30962343096234307 0.3482352941176471 0.32426778242677823 0.32705882352941174 0.32217573221757323 0.3164705882352941 0.3138075313807531 0.3141176470588235 0.3075313807531381 0.30117647058823527 0.2928870292887029 0.29058823529411765 0.2907949790794979 0.2776470588235294 0.2803347280334728 0.27176470588235296 0.27824267782426776 0.26235294117647057 0.2510460251046025 0.2529411764705882 0.2510460251046025 0.2447058823529412 0.23430962343096234 0.24 0.23640167364016734 0.23058823529411762 0.19456066945606693 0.24235294117647058 0.18619246861924685 0.2388235294117647 0.13389121338912133 0.17529411764705882 0.12761506276150628 0.17411764705882354 0.08577405857740586 0.18705882352941178 0.0815899581589958 0.19294117647058823 0.10460251046025104 0.2223529411764706
0 0.3200836820083682 0.4258823529411765 0.3305439330543933 0.4223529411764706 0.32426778242677823 0.4176470588235294 0.3305439330543933 0.4141176470588235 0.32426778242677823 0.40588235294117647 0.3158995815899582 0.40705882352941175 0.3138075313807531 0.42000000000000004 0.3200836820083682 0.4258823529411765
0 0.02719665271966527 0.20470588235294115 0.12761506276150628 0.3247058823529412 0.1297071129707113 0.3458823529411765 0.1527196652719665 0.3623529411764706 0.200836820083682 0.42470588235294116 0.22803347280334724 0.44823529411764707 0.2510460251046025 0.4470588235294118 0.2531380753138075 0.4376470588235294 0.2615062761506276 0.4352941176470588 0.27615062761506276 0.4188235294117647 0.27405857740585776 0.4 0.303347280334728 0.39294117647058824 0.2949790794979079 0.37411764705882355 0.21548117154811716 0.27176470588235296 0.13807531380753138 0.1764705882352941 0.10878661087866108 0.16352941176470587 0.06694560669456066 0.17529411764705882 0.0502092050209205 0.16352941176470587 0.029288702928870293 0.13294117647058823 0.008368200836820083 0.12823529411764706 0.0020920502092050207 0.1341176470588235 0.006276150627615063 0.16352941176470587 0.02719665271966527 0.20470588235294115
0 0.7921875 0.90859375 0.00234375 0.00234375
0 0.8125 0.88125 0.00234375 0.00234375
0 0.81796875 0.81875 0.00390625 0.0046875
0 0.5355648535564853 0.7647058823529411 0.5439330543933054 0.7564705882352941 0.5251046025104602 0.7482352941176471 0.5230125523012552 0.7576470588235293 0.5355648535564853 0.7647058823529411
0 0.5502092050209205 0.6894117647058823 0.5460251046025104 0.6847058823529412 0.5418410041841004 0.6858823529411764 0.6485355648535565 0.8364705882352942 0.6631799163179916 0.8482352941176471 0.6631799163179916 0.8694117647058823 0.6820083682008369 0.8694117647058823 0.707112970711297 0.8929411764705882 0.7301255230125523 0.8823529411764707 0.7426778242677824 0.8952941176470588 0.7510460251046025 0.8929411764705882 0.7510460251046025 0.9047058823529411 0.7677824267782427 0.9070588235294117 0.7719665271966527 0.8941176470588236 0.7761506276150627 0.891764705882353 0.7845188284518828 0.8952941176470588 0.7907949790794978 0.8894117647058823 0.7949790794979079 0.8752941176470588 0.807531380753138 0.8752941176470588 0.805439330543933 0.8647058823529411 0.8200836820083681 0.851764705882353 0.811715481171548 0.8435294117647059 0.8158995815899581 0.8329411764705883 0.803347280334728 0.8329411764705883 0.7949790794979079 0.82 0.799163179916318 0.8152941176470587 0.7928870292887029 0.8117647058823529 0.7928870292887029 0.788235294117647 0.805439330543933 0.7752941176470588 0.7907949790794978 0.7741176470588236 0.7761506276150627 0.7670588235294118 0.7761506276150627 0.7623529411764706 0.7824267782426778 0.7635294117647058 0.7866108786610878 0.76 0.7887029288702928 0.7482352941176471 0.7740585774058577 0.7494117647058823 0.7615062761506276 0.7435294117647059 0.7656903765690377 0.7411764705882353 0.7573221757322175 0.7364705882352941 0.7510460251046025 0.7211764705882353 0.7510460251046025 0.7129411764705882 0.7573221757322175 0.7094117647058823 0.7531380753138075 0.6929411764705883 0.7405857740585773 0.6894117647058823 0.7322175732217573 0.6635294117647058 0.7154811715481172 0.6647058823529411 0.702928870292887 0.6588235294117647 0.6924686192468619 0.6694117647058824 0.6903765690376569 0.6811764705882353 0.6820083682008369 0.6847058823529412 0.6736401673640167 0.6788235294117647 0.6673640167364017 0.6823529411764706 0.6652719665271967 0.6799999999999999 0.6652719665271967 0.6929411764705883 0.6589958158995816 0.6976470588235294 0.6485355648535565 0.6976470588235294 0.6569037656903765 0.7 0.6380753138075314 0.7058823529411764 0.6317991631799164 0.6976470588235294 0.6150627615062761 0.7094117647058823 0.5962343096234309 0.7035294117647058 0.5962343096234309 0.6941176470588235 0.5899581589958158 0.6905882352941177 0.5962343096234309 0.6882352941176471 0.5836820083682008 0.6847058823529412 0.5878661087866108 0.6776470588235294 0.5711297071129706 0.6764705882352942 0.5690376569037656 0.6623529411764706 0.5523012552301255 0.6647058823529411 0.5585774058577406 0.6811764705882353 0.5502092050209205 0.6894117647058823
0 0.6631799163179916 0.6635294117647058 0.6631799163179916 0.6729411764705883 0.6820083682008369 0.6647058823529411 0.6820083682008369 0.6611764705882353 0.6631799163179916 0.6576470588235294 0.6569037656903765 0.6599999999999999 0.6631799163179916 0.6635294117647058
0 0.73359375 0.90390625 0.00234375 0.00390625
0 0.6757322175732218 0.7635294117647058 0.6715481171548117 0.7823529411764706 0.6778242677824268 0.7964705882352942 0.6610878661087866 0.8058823529411765 0.6589958158995816 0.8223529411764705 0.6736401673640167 0.8411764705882353 0.6841004184100419 0.8400000000000001 0.6757322175732218 0.8470588235294118 0.6861924686192469 0.851764705882353 0.6841004184100419 0.8623529411764705 0.7092050209205021 0.8882352941176471 0.7259414225941423 0.8964705882352941 0.7238493723849372 0.9 0.7531380753138075 0.8882352941176471 0.7531380753138075 0.8952941176470588 0.7677824267782427 0.8894117647058823 0.7845188284518828 0.8929411764705882 0.7949790794979079 0.8894117647058823 0.7845188284518828 0.8694117647058823 0.7907949790794978 0.8658823529411764 0.801255230125523 0.8729411764705881 0.7949790794979079 0.8670588235294117 0.801255230125523 0.8647058823529411 0.801255230125523 0.8564705882352941 0.7866108786610878 0.8352941176470589 0.7782426778242677 0.8329411764705883 0.7782426778242677 0.8188235294117646 0.7907949790794978 0.8117647058823529 0.7887029288702928 0.8058823529411765 0.7677824267782427 0.7858823529411765 0.7698744769874477 0.7788235294117647 0.7552301255230125 0.7776470588235294 0.7489539748953975 0.7694117647058824 0.7531380753138075 0.7635294117647058 0.7656903765690377 0.7611764705882352 0.7677824267782427 0.7552941176470588 0.7531380753138075 0.7505882352941177 0.7426778242677824 0.74 0.7343096234309623 0.7411764705882353 0.7426778242677824 0.7494117647058823 0.7384937238493723 0.7611764705882352 0.7301255230125523 0.7541176470588236 0.7175732217573222 0.7517647058823529 0.6778242677824268 0.7517647058823529 0.6945606694560669 0.7588235294117647 0.6757322175732218 0.7635294117647058
0 0.590625 0.7515625 0.00234375 0.0015625
0 0.32426778242677823 0.5352941176470588 0.33682008368200833 0.5388235294117647 0.3535564853556485 0.5835294117647059 0.37029288702928864 0.5952941176470589 0.3723849372384937 0.6023529411764705 0.3807531380753138 0.6035294117647059 0.405857740585774 0.6329411764705882 0.4476987447698745 0.6599999999999999 0.4539748953974895 0.6741176470588235 0.4476987447698745 0.6847058823529412 0.4644351464435147 0.6894117647058823 0.47698744769874474 0.7023529411764706 0.4623430962343096 0.7058823529411764 0.4539748953974895 0.7152941176470587 0.4560669456066945 0.7282352941176471 0.4707112970711297 0.7235294117647059 0.47698744769874474 0.7305882352941176 0.5083682008368201 0.7435294117647059 0.5271966527196652 0.7423529411764707 0.5481171548117155 0.7329411764705882 0.5627615062761506 0.7317647058823529 0.5711297071129706 0.7411764705882353 0.5836820083682008 0.7388235294117647 0.5857740585774058 0.7458823529411764 0.5962343096234309 0.7458823529411764 0.598326359832636 0.7294117647058823 0.6276150627615062 0.7094117647058823 0.6317991631799164 0.6976470588235294 0.612970711297071 0.6847058823529412 0.600418410041841 0.6705882352941177 0.600418410041841 0.6623529411764706 0.5774058577405857 0.6447058823529412 0.5669456066945606 0.6247058823529412 0.5230125523012552 0.5835294117647059 0.5146443514644352 0.5647058823529412 0.5 0.5576470588235294 0.4728033472803347 0.5647058823529412 0.4539748953974895 0.5635294117647058 0.4351464435146443 0.548235294117647 0.41841004184100417 0.5447058823529412 0.41004184100418406 0.5552941176470588 0.399581589958159 0.5470588235294118 0.40794979079497906 0.5211764705882354 0.37866108786610875 0.5176470588235295 0.3723849372384937 0.5117647058823529 0.36610878661087864 0.5188235294117647 0.3514644351464435 0.5235294117647059 0.3284518828451882 0.5247058823529411 0.33263598326359833 0.5294117647058824 0.32426778242677823 0.5352941176470588
0 0.8368200836820083 0.9341176470588236 0.8347280334728033 0.9529411764705882 0.8410041841004183 0.9552941176470588 0.8410041841004183 0.968235294117647 0.8493723849372385 0.9694117647058823 0.8535564853556485 0.9941176470588236 0.8723849372384936 0.9988235294117647 0.903765690376569 0.9988235294117647 0.910041841004184 0.9941176470588236 0.910041841004184 0.983529411764706 0.9205020920502092 0.976470588235294 0.9142259414225942 0.9741176470588234 0.9225941422594142 0.9694117647058823 0.910041841004184 0.968235294117647 0.907949790794979 0.9482352941176471 0.897489539748954 0.9470588235294117 0.897489539748954 0.9364705882352942 0.8765690376569036 0.9235294117647058 0.8807531380753139 0.908235294117647 0.8640167364016736 0.9023529411764706 0.8661087866108786 0.9 0.8556485355648535 0.9011764705882352 0.8556485355648535 0.8858823529411766 0.8430962343096233 0.8847058823529412 0.8347280334728033 0.876470588235294 0.8200836820083681 0.9058823529411765 0.8179916317991631 0.9152941176470588 0.8368200836820083 0.9341176470588236
0 0.5836820083682008 0.5505882352941176 0.5836820083682008 0.5458823529411765 0.5648535564853556 0.5447058823529412 0.5669456066945606 0.5517647058823529 0.5836820083682008 0.5505882352941176
0 0.4351464435146443 0.49058823529411766 0.42677824267782427 0.4894117647058824 0.4246861924686193 0.49529411764705883 0.4351464435146443 0.49058823529411766
0 0.33472803347280333 0.35058823529411764 0.33472803347280333 0.3388235294117647 0.3284518828451882 0.3423529411764706 0.3263598326359832 0.3482352941176471 0.33472803347280333 0.35058823529411764
0 0.4421875 0.3109375 0.00234375 0.00234375
0 0.4497907949790795 0.2788235294117647 0.4623430962343096 0.27999999999999997 0.4518828451882845 0.2741176470588235 0.4456066945606694 0.2752941176470588 0.4497907949790795 0.2788235294117647
0 0.3138075313807531 0.28705882352941176 0.33263598326359833 0.31058823529411766 0.33263598326359833 0.32941176470588235 0.3493723849372385 0.3411764705882353 0.36401673640167365 0.34470588235294114 0.36401673640167365 0.34941176470588237 0.37866108786610875 0.3517647058823529 0.38493723849372385 0.3588235294117647 0.38284518828451886 0.36941176470588233 0.3953974895397489 0.37411764705882355 0.38493723849372385 0.3811764705882353 0.3912133891213389 0.3870588235294118 0.38493723849372385 0.40352941176470586 0.3933054393305439 0.4141176470588235 0.3933054393305439 0.4305882352941176 0.40794979079497906 0.44000000000000006 0.40794979079497906 0.4458823529411765 0.4372384937238493 0.4576470588235294 0.4393305439330543 0.48 0.4497907949790795 0.4988235294117647 0.4644351464435147 0.5047058823529411 0.47698744769874474 0.5164705882352941 0.48326359832635984 0.5141176470588235 0.48953974895397484 0.5176470588235295 0.50418410041841 0.5329411764705883 0.5146443514644352 0.5294117647058824 0.5167364016736402 0.5211764705882354 0.5271966527196652 0.5164705882352941 0.5313807531380753 0.5235294117647059 0.5564853556485355 0.5329411764705883 0.5585774058577406 0.5270588235294118 0.5774058577405857 0.52 0.5815899581589958 0.5141176470588235 0.5920502092050209 0.5105882352941176 0.604602510460251 0.5117647058823529 0.612970711297071 0.5058823529411764 0.608786610878661 0.4588235294117647 0.5209205020920502 0.34705882352941175 0.5083682008368201 0.3388235294117647 0.506276150627615 0.32941176470588235 0.4937238493723849 0.3188235294117647 0.47907949790794974 0.32588235294117646 0.4728033472803347 0.3223529411764706 0.4623430962343096 0.3247058823529412 0.4518828451882845 0.3164705882352941 0.44142259414225943 0.31529411764705884 0.4372384937238493 0.3211764705882353 0.41631799163179917 0.3235294117647059 0.3933054393305439 0.3070588235294117 0.3933054393305439 0.27294117647058824 0.38702928870292885 0.26941176470588235 0.37866108786610875 0.27176470588235296 0.36401673640167365 0.2835294117647059 0.3535564853556485 0.2788235294117647 0.35564853556485354 0.27176470588235296 0.3493723849372385 0.26705882352941174 0.3514644351464435 0.2529411764705882 0.34518828451882844 0.2529411764705882 0.3535564853556485 0.24823529411764705 0.34309623430962344 0.24941176470588236 0.34100418410041844 0.2447058823529412 0.33682008368200833 0.24823529411764705 0.3305439330543933 0.24705882352941178 0.32426778242677823 0.2541176470588235 0.3263598326359832 0.27647058823529413 0.3138075313807531 0.28705882352941176
0 0.61171875 0.76796875 0.00234375 0.00390625
0 0.6640625 0.6296875 0.00234375 0.0015625
0 0.6589958158995816 0.6023529411764705 0.6757322175732218 0.6 0.6738726173872617 0.6052287581699346 0.6757322175732218 0.6023529411764705 0.6820083682008369 0.6023529411764705 0.6652719665271967 0.5858823529411764 0.6506276150627615 0.588235294117647 0.6506276150627615 0.591764705882353 0.6610878661087866 0.5941176470588235 0.6589958158995816 0.6023529411764705
0 0.6589958158995816 0.6105882352941177 0.6610878661087866 0.6164705882352941 0.6673640167364017 0.6152941176470589 0.6734000960285342 0.6059594985535198 0.6589958158995816 0.6105882352941177
0 0.4707112970711297 0.5694117647058824 0.48117154811715485 0.5823529411764705 0.48326359832635984 0.5988235294117648 0.497907949790795 0.6070588235294118 0.4916317991631799 0.6094117647058823 0.4958158995815899 0.6329411764705882 0.5125523012552301 0.648235294117647 0.5251046025104602 0.6411764705882353 0.5397489539748953 0.6529411764705882 0.5418410041841004 0.668235294117647 0.5313807531380753 0.6705882352941177 0.5355648535564853 0.6823529411764706 0.5794979079497907 0.7294117647058823 0.5794979079497907 0.7364705882352941 0.610878661087866 0.7435294117647059 0.598326359832636 0.7552941176470588 0.610878661087866 0.7576470588235293 0.6359832635983264 0.7529411764705882 0.6401673640167364 0.7588235294117647 0.6422594142259415 0.7529411764705882 0.6297071129707112 0.7517647058823529 0.6213389121338911 0.7411764705882353 0.6276150627615062 0.74 0.6317991631799164 0.7294117647058823 0.6464435146443515 0.7305882352941176 0.6527196652719665 0.7258823529411764 0.6548117154811715 0.7152941176470587 0.6610878661087866 0.7164705882352942 0.6569037656903765 0.7117647058823529 0.6673640167364017 0.7129411764705882 0.6778242677824268 0.7070588235294117 0.6757322175732218 0.7023529411764706 0.6631799163179916 0.7011764705882353 0.6715481171548117 0.6941176470588235 0.6757322175732218 0.6729411764705883 0.6861924686192469 0.6741176470588235 0.702928870292887 0.6623529411764706 0.700836820083682 0.6505882352941177 0.6924686192468619 0.6423529411764706 0.6778242677824268 0.648235294117647 0.6569037656903765 0.6294117647058823 0.6317991631799164 0.628235294117647 0.6276150627615062 0.6141176470588234 0.610878661087866 0.6058823529411764 0.608786610878661 0.5976470588235294 0.6234309623430961 0.588235294117647 0.6401673640167364 0.5858823529411764 0.6359832635983264 0.5847058823529412 0.6422594142259415 0.5811764705882353 0.6401673640167364 0.5723529411764706 0.6276150627615062 0.571764705882353 0.6192468619246861 0.5670588235294118 0.6401673640167364 0.5658823529411765 0.6380753138075314 0.5635294117647058 0.6171548117154811 0.5647058823529412 0.610878661087866 0.556470588235294 0.6255230125523012 0.5494117647058824 0.6234309623430961 0.5247058823529411 0.608786610878661 0.5188235294117647 0.602510460251046 0.5258823529411765 0.5941422594142259 0.5247058823529411 0.5962343096234309 0.5341176470588235 0.5794979079497907 0.5517647058823529 0.5753138075313807 0.5470588235294118 0.5585774058577406 0.5458823529411765 0.5564853556485355 0.5341176470588235 0.5334728033472803 0.5235294117647059 0.5251046025104602 0.5035294117647059 0.5209205020920502 0.5129411764705882 0.5313807531380753 0.5211764705882354 0.5188284518828452 0.5247058823529411 0.5 0.5211764705882354 0.48953974895397484 0.5611764705882353 0.4707112970711297 0.5694117647058824
0 0.021875 0.084375 0.00234375 0.00390625
0 0.0041841004184100415 0.043529411764705886 0.016736401673640166 0.047058823529411764 0.02092050209205021 0.05647058823529412 0.016736401673640166 0.06235294117647059 0.0041841004184100415 0.0611764705882353 0.010460251046025104 0.06352941176470588 0.0041841004184100415 0.06705882352941175 0.008368200836820083 0.07294117647058823 0.012552301255230125 0.06941176470588235 0.016736401673640166 0.07176470588235294 0.02092050209205021 0.08 0.0041841004184100415 0.08823529411764705 0.008368200836820083 0.09176470588235294 0 0.1 0.0020920502092050207 0.11529411764705881 0.029288702928870293 0.12 0.04811715481171548 0.13058823529411764 0.060669456066945605 0.11647058823529413 0.07740585774058577 0.11647058823529413 0.08786610878661087 0.1376470588235294 0.14435146443514643 0.16 0.18200836820083682 0.14588235294117646 0.18410041841004182 0.13647058823529412 0.17364016736401672 0.10705882352941176 0.1422594142259414 0.06470588235294118 0.12761506276150628 0.057647058823529405 0.12133891213389121 0.03882352941176471 0.100418410041841 0.02823529411764706 0.07531380753138076 0 0.06485355648535565 0 0.05648535564853556 0.0058823529411764705 0.043933054393305436 0 0.01882845188284519 0 0.0041841004184100415 0.00823529411764706 0 0.036470588235294116 0.0041841004184100415 0.043529411764705886
0 0.47907949790794974 0.588235294117647 0.4728033472803347 0.5752941176470588 0.4707112970711297 0.5870588235294117 0.47907949790794974 0.588235294117647
0 0.4581589958158996 0.5741176470588235 0.4665271966527197 0.5835294117647059 0.4644351464435147 0.5705882352941176 0.4581589958158996 0.5705882352941176 0.4581589958158996 0.5741176470588235
0 0.36820083682008364 0.5505882352941176 0.37656903765690375 0.5470588235294118 0.36820083682008364 0.5411764705882354 0.3619246861924686 0.5423529411764706 0.36820083682008364 0.5505882352941176
0 0.4476987447698745 0.5141176470588235 0.44142259414225943 0.5152941176470589 0.44142259414225943 0.5235294117647059 0.4539748953974895 0.5305882352941176 0.4476987447698745 0.5352941176470588 0.4476987447698745 0.5458823529411765 0.4518828451882845 0.548235294117647 0.4518828451882845 0.5435294117647059 0.4581589958158996 0.5423529411764706 0.4644351464435147 0.548235294117647 0.4581589958158996 0.5541176470588235 0.4644351464435147 0.5576470588235294 0.4560669456066945 0.5599999999999999 0.4581589958158996 0.5635294117647058 0.4623430962343096 0.5599999999999999 0.4686192468619247 0.5635294117647058 0.4728033472803347 0.5576470588235294 0.47907949790794974 0.5599999999999999 0.48326359832635984 0.556470588235294 0.48117154811715485 0.5470588235294118 0.4686192468619247 0.5317647058823529 0.4581589958158996 0.5317647058823529 0.4456066945606694 0.5023529411764706 0.4393305439330543 0.5035294117647059 0.4476987447698745 0.5141176470588235
0 0.30625 0.49140625 0.00234375 0.0015625
0 0.36953125 0.475 0.00234375 0.0046875
0 0.3953974895397489 0.4141176470588235 0.3912133891213389 0.4129411764705882 0.38912133891213385 0.41647058823529415 0.3953974895397489 0.4141176470588235
0 0.4109375 0.41328125 0.00234375 0.00234375
0 0.2949790794979079 0.37176470588235294 0.3158995815899582 0.37176470588235294 0.3138075313807531 0.38823529411764707 0.3263598326359832 0.4 0.3263598326359832 0.40823529411764703 0.33682008368200833 0.41529411764705887 0.35564853556485354 0.41647058823529415 0.35564853556485354 0.4211764705882353 0.34728033472803344 0.4223529411764706 0.3598326359832636 0.42705882352941177 0.35564853556485354 0.4341176470588235 0.36610878661087864 0.45176470588235296 0.37866108786610875 0.4564705882352941 0.3953974895397489 0.47294117647058825 0.3912133891213389 0.4788235294117647 0.3723849372384937 0.48 0.37866108786610875 0.4835294117647059 0.3723849372384937 0.4870588235294117 0.37866108786610875 0.49411764705882355 0.37447698744769875 0.5011764705882353 0.38284518828451886 0.5023529411764706 0.38702928870292885 0.49764705882352944 0.41422594142259417 0.5023529411764706 0.4246861924686193 0.5164705882352941 0.4246861924686193 0.508235294117647 0.44142259414225943 0.49058823529411766 0.42887029288702927 0.4870588235294117 0.4309623430962343 0.48 0.4246861924686193 0.48 0.4246861924686193 0.46941176470588236 0.41631799163179917 0.4658823529411765 0.42259414225941416 0.46352941176470586 0.41004184100418406 0.4623529411764705 0.41841004184100417 0.45176470588235296 0.41631799163179917 0.4423529411764706 0.40794979079497906 0.4423529411764706 0.401673640167364 0.43647058823529405 0.403765690376569 0.4211764705882353 0.39748953974895396 0.4176470588235294 0.38702928870292885 0.4223529411764706 0.38284518828451886 0.41647058823529415 0.38284518828451886 0.4 0.3933054393305439 0.39647058823529413 0.39748953974895396 0.38823529411764707 0.38912133891213385 0.38 0.36820083682008364 0.38588235294117645 0.3598326359832636 0.3847058823529412 0.3389121338912134 0.3552941176470588 0.34518828451882844 0.3517647058823529 0.3305439330543933 0.33647058823529413 0.32426778242677823 0.3388235294117647 0.32426778242677823 0.35058823529411764 0.3138075313807531 0.35058823529411764 0.29707112970711297 0.3576470588235294 0.28870292887029286 0.34941176470588237 0.2845188284518828 0.3529411764705882 0.2949790794979079 0.37176470588235294
0 0.2625 0.31796875 0.00234375 0.00390625
0 0.202928870292887 0.3235294117647059 0.21129707112970708 0.32588235294117646 0.21338912133891214 0.3317647058823529 0.202928870292887 0.3552941176470588 0.20920502092050208 0.3635294117647059 0.2301255230125523 0.36941176470588233 0.22384937238493724 0.38235294117647056 0.22803347280334724 0.3941176470588235 0.23430962343096234 0.38588235294117645 0.24476987447698742 0.39529411764705885 0.23640167364016734 0.4329411764705882 0.26987447698744765 0.4682352941176471 0.2845188284518828 0.47294117647058825 0.2907949790794979 0.49058823529411766 0.301255230125523 0.49294117647058827 0.301255230125523 0.5117647058823529 0.32426778242677823 0.5305882352941176 0.3263598326359832 0.5423529411764706 0.34100418410041844 0.5458823529411765 0.3305439330543933 0.5223529411764706 0.34728033472803344 0.5211764705882354 0.3577405857740586 0.5141176470588235 0.3493723849372385 0.48 0.3619246861924686 0.4764705882352941 0.3514644351464435 0.47058823529411764 0.3619246861924686 0.4623529411764705 0.35564853556485354 0.4588235294117647 0.34728033472803344 0.4623529411764705 0.34518828451882844 0.471764705882353 0.33472803347280333 0.4682352941176471 0.3200836820083682 0.4505882352941176 0.3200836820083682 0.43882352941176467 0.299163179916318 0.42470588235294116 0.299163179916318 0.40705882352941175 0.2803347280334728 0.3917647058823529 0.25523012552301255 0.3564705882352941 0.2719665271966527 0.3529411764705882 0.26778242677824265 0.3411764705882353 0.2719665271966527 0.3388235294117647 0.2845188284518828 0.34470588235294114 0.2907949790794979 0.3341176470588235 0.2845188284518828 0.32705882352941174 0.22803347280334724 0.3176470588235294 0.21338912133891214 0.31058823529411766 0.21129707112970708 0.3129411764705882 0.2301255230125523 0.3188235294117647 0.202928870292887 0.3235294117647059
0 0.1903765690376569 0.31176470588235294 0.18619246861924685 0.3070588235294117 0.18410041841004182 0.3164705882352941 0.1903765690376569 0.31176470588235294
0 0.31171548117154807 0.3211764705882353 0.31171548117154807 0.32941176470588235 0.301255230125523 0.3376470588235294 0.30962343096234307 0.3423529411764706 0.3263598326359832 0.32588235294117646 0.3138075313807531 0.3176470588235294 0.303347280334728 0.30117647058823527 0.2928870292887029 0.30117647058823527 0.2928870292887029 0.3176470588235294 0.31171548117154807 0.3211764705882353
0 0.23984375 0.2828125 0.00234375 0.0015625
0 0.1694560669456067 0.28823529411764703 0.17782426778242677 0.29764705882352943 0.1799163179916318 0.27647058823529413 0.15690376569037656 0.2752941176470588 0.15690376569037656 0.28823529411764703 0.1694560669456067 0.28823529411764703
0 0.2078125 0.24765625 0.00234375 0.0015625
0 0.23221757322175735 0.22705882352941176 0.22803347280334724 0.25176470588235295 0.23640167364016734 0.2529411764705882 0.24267782426778242 0.26 0.2510460251046025 0.2564705882352941 0.2573221757322176 0.28941176470588237 0.26778242677824265 0.28823529411764703 0.27405857740585776 0.2929411764705882 0.26569037656903766 0.29647058823529415 0.26778242677824265 0.30117647058823527 0.2824267782426778 0.30117647058823527 0.2866108786610878 0.2952941176470588 0.27615062761506276 0.2917647058823529 0.2845188284518828 0.28823529411764703 0.2803347280334728 0.2823529411764706 0.2866108786610878 0.2788235294117647 0.27405857740585776 0.268235294117647 0.27824267782426776 0.2611764705882353 0.2635983263598326 0.25176470588235295 0.2635983263598326 0.2458823529411765 0.2510460251046025 0.24117647058823527 0.2489539748953975 0.23058823529411762 0.23221757322175735 0.22588235294117648 0.23430962343096234 0.2164705882352941 0.22384937238493724 0.2152941176470588 0.2217573221757322 0.22000000000000003 0.23221757322175735 0.22705882352941176
0 0.10251046025104602 0.2188235294117647 0.10878661087866108 0.2176470588235294 0.11506276150627615 0.2235294117647059 0.11506276150627615 0.23176470588235293 0.12343096234309622 0.22941176470588234 0.1401673640167364 0.2376470588235294 0.1527196652719665 0.23647058823529413 0.14853556485355648 0.2152941176470588 0.13807531380753138 0.20941176470588235 0.1422594142259414 0.20588235294117646 0.13389121338912133 0.20470588235294115 0.1317991631799163 0.1988235294117647 0.12133891213389121 0.2 0.11924686192468618 0.18823529411764706 0.10878661087866108 0.18941176470588234 0.10460251046025104 0.18588235294117647 0.09832635983263598 0.18941176470588234 0.09623430962343096 0.20941176470588235 0.10251046025104602 0.2188235294117647
0 0.26778242677824265 0.2952941176470588 0.26778242677824265 0.32588235294117646 0.27824267782426776 0.32588235294117646 0.2845188284518828 0.33294117647058824 0.27405857740585776 0.3423529411764706 0.303347280334728 0.3905882352941176 0.33682008368200833 0.4188235294117647 0.3389121338912134 0.4352941176470588 0.34309623430962344 0.44000000000000006 0.3535564853556485 0.44117647058823534 0.3535564853556485 0.46352941176470586 0.37866108786610875 0.4670588235294118 0.399581589958159 0.49764705882352944 0.44142259414225943 0.5223529411764706 0.4476987447698745 0.5176470588235295 0.4372384937238493 0.5141176470588235 0.4602510460251046 0.5011764705882353 0.47698744769874474 0.4988235294117647 0.47489539748953974 0.5035294117647059 0.48326359832635984 0.49764705882352944 0.497907949790795 0.5 0.4916317991631799 0.508235294117647 0.47489539748953974 0.5129411764705882 0.48326359832635984 0.5176470588235295 0.497907949790795 0.5176470588235295 0.5146443514644352 0.5047058823529411 0.5146443514644352 0.49764705882352944 0.4728033472803347 0.49529411764705883 0.48117154811715485 0.48235294117647054 0.48953974895397484 0.48 0.48953974895397484 0.47411764705882353 0.4602510460251046 0.4094117647058823 0.4351464435146443 0.40588235294117647 0.42050209205020916 0.38588235294117645 0.403765690376569 0.37882352941176467 0.39748953974895396 0.38 0.403765690376569 0.37411764705882355 0.3933054393305439 0.37176470588235294 0.403765690376569 0.36705882352941177 0.403765690376569 0.3611764705882353 0.38912133891213385 0.34941176470588237 0.3723849372384937 0.3552941176470588 0.3493723849372385 0.3482352941176471 0.34100418410041844 0.3223529411764706 0.3200836820083682 0.3035294117647059 0.29707112970711297 0.2929411764705882 0.2928870292887029 0.2847058823529412 0.26987447698744765 0.2858823529411765 0.27405857740585776 0.2929411764705882 0.26778242677824265 0.2952941176470588
0 0.24476987447698742 0.36470588235294116 0.2510460251046025 0.3623529411764706 0.2489539748953975 0.34352941176470586 0.23221757322175735 0.34352941176470586 0.2301255230125523 0.3623529411764706 0.24476987447698742 0.36470588235294116
0 0.35859375 0.30859375 0.00234375 0.00390625
0 0.17364016736401672 0.1952941176470588 0.17154811715481172 0.20705882352941174 0.21966527196652716 0.268235294117647 0.21966527196652716 0.2788235294117647 0.26569037656903766 0.3341176470588235 0.2573221757322176 0.35058823529411764 0.2635983263598326 0.35411764705882354 0.26778242677824265 0.34941176470588237 0.2719665271966527 0.3552941176470588 0.2824267782426778 0.3564705882352941 0.303347280334728 0.3835294117647059 0.303347280334728 0.39294117647058824 0.32217573221757323 0.4 0.33263598326359833 0.4141176470588235 0.34518828451882844 0.4176470588235294 0.34100418410041844 0.42470588235294116 0.3493723849372385 0.42470588235294116 0.3514644351464435 0.4329411764705882 0.38702928870292885 0.46941176470588236 0.3933054393305439 0.4658823529411765 0.403765690376569 0.47294117647058825 0.405857740585774 0.4682352941176471 0.4330543933054393 0.4564705882352941 0.4435146443514644 0.4423529411764706 0.4665271966527197 0.43647058823529405 0.4581589958158996 0.4141176470588235 0.42887029288702927 0.40705882352941175 0.41631799163179917 0.38823529411764707 0.399581589958159 0.38941176470588235 0.38702928870292885 0.37529411764705883 0.403765690376569 0.36705882352941177 0.403765690376569 0.3529411764705882 0.3912133891213389 0.34941176470588237 0.3912133891213389 0.34470588235294114 0.37866108786610875 0.34470588235294114 0.3535564853556485 0.3341176470588235 0.3535564853556485 0.32705882352941174 0.34100418410041844 0.3176470588235294 0.34518828451882844 0.3023529411764706 0.3389121338912134 0.3 0.33682008368200833 0.30588235294117644 0.3284518828451882 0.3070588235294117 0.3263598326359832 0.30117647058823527 0.31171548117154807 0.2941176470588235 0.299163179916318 0.27294117647058824 0.28870292887029286 0.26941176470588235 0.23640167364016734 0.20352941176470588 0.2217573221757322 0.19764705882352943 0.21548117154811716 0.18823529411764706 0.202928870292887 0.19176470588235295 0.19456066945606693 0.2 0.17573221757322174 0.1952941176470588 0.17364016736401672 0.18705882352941178 0.16736401673640167 0.19176470588235295 0.16527196652719664 0.1952941176470588 0.17364016736401672 0.1952941176470588
0 0.7806200076074552 0.9725133689839571 0.7824267782426778 0.9623529411764705 0.7677824267782427 0.9494117647058824 0.7806200076074552 0.9725133689839571
0 0.7887029288702928 0.9776470588235293 0.781871744513705 0.974765906362545 0.7887029288702928 0.9870588235294118 0.7887029288702928 0.9776470588235293
0 0.78984375 0.91796875 0.00234375 0.00234375
0 0.801255230125523 0.9105882352941176 0.807531380753138 0.9152941176470588 0.7970711297071129 0.9235294117647058 0.799163179916318 0.9388235294117647 0.803347280334728 0.9529411764705882 0.8242677824267781 0.9705882352941175 0.8263598326359831 0.9811764705882353 0.8451882845188283 0.9847058823529412 0.8410041841004183 0.9894117647058824 0.8514644351464435 0.9882352941176471 0.8514644351464435 0.9941176470588236 0.8849372384937239 0.9988235294117647 0.903765690376569 0.9952941176470589 0.903765690376569 0.9529411764705882 0.899581589958159 0.9552941176470588 0.895397489539749 0.951764705882353 0.8912133891213389 0.9282352941176469 0.8765690376569036 0.9211764705882353 0.8765690376569036 0.9011764705882352 0.8619246861924686 0.8941176470588236 0.8493723849372385 0.8800000000000001 0.8535564853556485 0.8588235294117647 0.8410041841004183 0.8447058823529412 0.8284518828451883 0.8552941176470588 0.8305439330543933 0.8647058823529411 0.8221757322175731 0.8694117647058823 0.8138075313807531 0.8670588235294117 0.805439330543933 0.8705882352941176 0.811715481171548 0.8800000000000001 0.809623430962343 0.8905882352941177 0.801255230125523 0.8941176470588236 0.807531380753138 0.9035294117647059 0.801255230125523 0.9105882352941176
0 0.4578125 0.72265625 0.00390625 0.0015625
0 0.34728033472803344 0.5705882352941176 0.3514644351464435 0.5847058823529412 0.41422594142259417 0.6411764705882353 0.4246861924686193 0.6447058823529412 0.42050209205020916 0.6470588235294118 0.42887029288702927 0.6470588235294118 0.42677824267782427 0.6576470588235294 0.42887029288702927 0.6623529411764706 0.4372384937238493 0.6635294117647058 0.4330543933054393 0.6717647058823529 0.44142259414225943 0.6776470588235294 0.4393305439330543 0.6847058823529412 0.4686192468619247 0.691764705882353 0.47698744769874474 0.7 0.48326359832635984 0.6976470588235294 0.4937238493723849 0.7070588235294117 0.497907949790795 0.7164705882352942 0.47907949790794974 0.72 0.47698744769874474 0.7247058823529412 0.48326359832635984 0.7247058823529412 0.50418410041841 0.7388235294117647 0.5188284518828452 0.7294117647058823 0.5230125523012552 0.7388235294117647 0.5292887029288702 0.7376470588235293 0.5334728033472803 0.7305882352941176 0.5167364016736402 0.7188235294117648 0.5313807531380753 0.7164705882352942 0.5334728033472803 0.7058823529411764 0.5418410041841004 0.7023529411764706 0.5648535564853556 0.7082352941176471 0.5627615062761506 0.7188235294117648 0.5774058577405857 0.7188235294117648 0.5857740585774058 0.7317647058823529 0.5941422594142259 0.7317647058823529 0.602510460251046 0.7188235294117648 0.6255230125523012 0.7070588235294117 0.6234309623430961 0.691764705882353 0.604602510460251 0.6752941176470588 0.5941422594142259 0.6505882352941177 0.5774058577405857 0.6435294117647059 0.5669456066945606 0.6223529411764706 0.5418410041841004 0.6011764705882353 0.5146443514644352 0.5623529411764705 0.5 0.5505882352941176 0.48744769874476984 0.548235294117647 0.4728033472803347 0.5258823529411765 0.4623430962343096 0.5258823529411765 0.4539748953974895 0.5188235294117647 0.42677824267782427 0.5247058823529411 0.41841004184100417 0.49764705882352944 0.401673640167364 0.49529411764705883 0.3912133891213389 0.4870588235294117 0.3933054393305439 0.4835294117647059 0.38493723849372385 0.488235294117647 0.37656903765690375 0.48 0.37656903765690375 0.4894117647058824 0.36610878661087864 0.49411764705882355 0.36401673640167365 0.5058823529411764 0.34518828451882844 0.5105882352941176 0.3138075313807531 0.5117647058823529 0.3138075313807531 0.5305882352941176 0.34728033472803344 0.5705882352941176
0 0.01882845188284519 0.11647058823529413 0.04811715481171548 0.11176470588235295 0.0711297071129707 0.09529411764705882 0.029288702928870293 0.03294117647058824 0.0041841004184100415 0.007058823529411765 0 0.11411764705882352 0.01882845188284519 0.11647058823529413
0 0.8158995815899581 0.7329411764705882 0.8179916317991631 0.7494117647058823 0.8430962343096233 0.7811764705882352 0.8493723849372385 0.8023529411764706 0.8765690376569036 0.8364705882352942 0.8786610878661086 0.8552941176470588 0.910041841004184 0.9094117647058824 0.910041841004184 0.9211764705882353 0.9518828451882845 0.9847058823529412 0.9748953974895397 0.9870588235294118 0.9937238493723848 0.9811764705882353 0.9895397489539748 0.9564705882352941 0.997907949790795 0.9388235294117647 0.9916317991631798 0.8858823529411766 0.997907949790795 0.8717647058823529 0.9937238493723848 0.6164705882352941 0.9728033472803347 0.6152941176470589 0.9309623430962344 0.6294117647058823 0.8891213389121339 0.6364705882352941 0.8702928870292886 0.6435294117647059 0.8389121338912133 0.6470588235294118 0.7845188284518828 0.6635294117647058 0.7928870292887029 0.7035294117647058 0.8158995815899581 0.7329411764705882
0 0.8891213389121339 0.8694117647058823 0.9142259414225942 0.9011764705882352 0.9539748953974895 0.9011764705882352 0.9623430962343097 0.8976470588235295 0.9728033472803347 0.9011764705882352 0.9937238493723848 0.8952941176470588 0.997907949790795 0.8611764705882352 0.9916317991631798 0.8235294117647058 0.903765690376569 0.8305882352941177 0.8849372384937239 0.8364705882352942 0.8828451882845189 0.8552941176470588 0.8891213389121339 0.8694117647058823
0 0.7217573221757322 0.9505882352941176 0.7301255230125523 0.9505882352941176 0.7405857740585773 0.9647058823529411 0.7384937238493723 0.9588235294117646 0.7552301255230125 0.9529411764705882 0.7426778242677824 0.9270588235294117 0.7217573221757322 0.9258823529411764 0.7154811715481172 0.9199999999999999 0.707112970711297 0.9270588235294117 0.705020920502092 0.9423529411764706 0.7217573221757322 0.9505882352941176
0 0.72734375 0.91796875 0.00234375 0.00625
0 0.75859375 0.9140625 0.00234375 0.00234375
0 0.705020920502092 0.8494117647058823 0.7196652719665272 0.8470588235294118 0.7217573221757322 0.868235294117647 0.7343096234309623 0.8588235294117647 0.7301255230125523 0.8505882352941176 0.7217573221757322 0.8482352941176471 0.7280334728033473 0.8447058823529412 0.7092050209205021 0.8364705882352942 0.7112970711297071 0.8470588235294118 0.705020920502092 0.8494117647058823
0 0.698744769874477 0.7976470588235294 0.707112970711297 0.7905882352941177 0.698744769874477 0.788235294117647 0.705020920502092 0.7917647058823529 0.698744769874477 0.7976470588235294
0 0.6255230125523012 0.7952941176470588 0.6255230125523012 0.788235294117647 0.6150627615062761 0.7870588235294117 0.612970711297071 0.7917647058823529 0.6255230125523012 0.7952941176470588
0 0.6736401673640167 0.7835294117647058 0.6589958158995816 0.788235294117647 0.6610878661087866 0.7976470588235294 0.6757322175732218 0.8023529411764706 0.6778242677824268 0.8117647058823529 0.6882845188284519 0.8164705882352941 0.6882845188284519 0.8058823529411765 0.6820083682008369 0.8023529411764706 0.6882845188284519 0.7976470588235294 0.6778242677824268 0.7964705882352942 0.6841004184100419 0.7894117647058823 0.6778242677824268 0.788235294117647 0.6652719665271967 0.7682352941176471 0.6610878661087866 0.7694117647058824 0.6610878661087866 0.78 0.6736401673640167 0.7835294117647058
0 0.6569037656903765 0.7670588235294118 0.6589958158995816 0.7623529411764706 0.6485355648535565 0.7588235294117647 0.6464435146443515 0.7658823529411765 0.6569037656903765 0.7670588235294118
0 0.50418410041841 0.788235294117647 0.5083682008368201 0.8047058823529412 0.5230125523012552 0.8164705882352941 0.5502092050209205 0.8635294117647059 0.5941422594142259 0.9176470588235294 0.6192468619246861 0.9458823529411765 0.6359832635983264 0.9447058823529412 0.6485355648535565 0.9541176470588235 0.6631799163179916 0.9482352941176471 0.6694560669456067 0.9211764705882353 0.6778242677824268 0.9199999999999999 0.6861924686192469 0.924705882352941 0.6945606694560669 0.9141176470588235 0.705020920502092 0.9117647058823529 0.702928870292887 0.9 0.7092050209205021 0.8894117647058823 0.6861924686192469 0.8482352941176471 0.6924686192468619 0.8447058823529412 0.6861924686192469 0.8400000000000001 0.6882845188284519 0.831764705882353 0.6694560669456067 0.8447058823529412 0.6589958158995816 0.8447058823529412 0.6401673640167364 0.831764705882353 0.612970711297071 0.8011764705882353 0.612970711297071 0.7941176470588236 0.606694560669456 0.7941176470588236 0.604602510460251 0.7858823529411765 0.5920502092050209 0.78 0.5690376569037656 0.7411764705882353 0.5502092050209205 0.7364705882352941 0.5355648535564853 0.7447058823529412 0.5209205020920502 0.7435294117647059 0.50418410041841 0.7529411764705882 0.4937238493723849 0.7423529411764707 0.47907949790794974 0.7364705882352941 0.47489539748953974 0.7388235294117647 0.4717573221757322 0.7370588235294118 0.4602510460251046 0.7435294117647059 0.4665271966527197 0.7552941176470588 0.4937238493723849 0.7858823529411765 0.50418410041841 0.788235294117647
0 0.9184100418410042 0.8294117647058824 0.9393305439330544 0.8247058823529411 0.9937238493723848 0.8211764705882352 0.9937238493723848 0.7082352941176471 0.9853556485355648 0.7070588235294117 0.9748953974895397 0.7129411764705882 0.9790794979079497 0.7164705882352942 0.9686192468619247 0.7188235294117648 0.9602510460251045 0.7164705882352942 0.9623430962343097 0.7129411764705882 0.9560669456066945 0.7141176470588235 0.9476987447698745 0.7094117647058823 0.9623430962343097 0.7023529411764706 0.9142259414225942 0.7058823529411764 0.9246861924686192 0.691764705882353 0.9163179916317992 0.6976470588235294 0.910041841004184 0.691764705882353 0.897489539748954 0.691764705882353 0.899581589958159 0.7023529411764706 0.8880930430465923 0.7077367896311066 0.8891213389121339 0.7129411764705882 0.8702928870292886 0.72 0.8702928870292886 0.7270588235294118 0.8577405857740585 0.7258823529411764 0.8221757322175731 0.7411764705882353 0.8200836820083681 0.7482352941176471 0.8514644351464435 0.8035294117647058 0.8744769874476986 0.8258823529411764 0.9184100418410042 0.8294117647058824
0 0.5690376569037656 0.5894117647058823 0.5815899581589958 0.5741176470588235 0.5711297071129706 0.58 0.5648535564853556 0.5847058823529412 0.5690376569037656 0.5894117647058823
0 0.5502092050209205 0.5729411764705883 0.5564853556485355 0.5670588235294118 0.5502092050209205 0.5599999999999999 0.5439330543933054 0.5599999999999999 0.5397489539748953 0.5635294117647058 0.5502092050209205 0.5729411764705883
0 0.5703125 0.5015625 0.00234375 0.0015625
0 0.38912133891213385 0.37176470588235294 0.39748953974895396 0.36588235294117644 0.39748953974895396 0.3588235294117647 0.38912133891213385 0.3564705882352941 0.38912133891213385 0.3517647058823529 0.38493723849372385 0.3529411764705882 0.38284518828451886 0.36941176470588233 0.38912133891213385 0.37176470588235294
0 0.303347280334728 0.38235294117647056 0.34100418410041844 0.4188235294117647 0.3389121338912134 0.4376470588235294 0.35564853556485354 0.4752941176470588 0.3619246861924686 0.4764705882352941 0.36610878661087864 0.4670588235294118 0.37866108786610875 0.4682352941176471 0.38284518828451886 0.48235294117647054 0.41213389121338906 0.508235294117647 0.42677824267782427 0.5411764705882354 0.4728033472803347 0.5752941176470588 0.47489539748953974 0.5635294117647058 0.48744769874476984 0.5588235294117647 0.48117154811715485 0.5541176470588235 0.48326359832635984 0.5470588235294118 0.502092050209205 0.5541176470588235 0.5 0.5599999999999999 0.5125523012552301 0.556470588235294 0.5230125523012552 0.5623529411764705 0.5334728033472803 0.5529411764705883 0.5292887029288702 0.5388235294117647 0.5481171548117155 0.528235294117647 0.5502092050209205 0.5117647058823529 0.5585774058577406 0.5094117647058823 0.5627615062761506 0.5152941176470589 0.5669456066945606 0.5117647058823529 0.5648535564853556 0.5047058823529411 0.5460251046025104 0.4988235294117647 0.5502092050209205 0.491764705882353 0.5418410041841004 0.4835294117647059 0.5418410041841004 0.4682352941176471 0.5251046025104602 0.4623529411764705 0.5146443514644352 0.4682352941176471 0.4937238493723849 0.4623529411764705 0.48953974895397484 0.44000000000000006 0.4644351464435147 0.4211764705882353 0.4686192468619247 0.40705882352941175 0.4623430962343096 0.3988235294117647 0.4372384937238493 0.40470588235294114 0.40794979079497906 0.37176470588235294 0.399581589958159 0.3811764705882353 0.3953974895397489 0.3776470588235294 0.3723849372384937 0.3776470588235294 0.3598326359832636 0.36470588235294116 0.3493723849372385 0.36941176470588233 0.33682008368200833 0.3247058823529412 0.31171548117154807 0.3247058823529412 0.2949790794979079 0.3411764705882353 0.2866108786610878 0.3411764705882353 0.2845188284518828 0.3517647058823529 0.303347280334728 0.38235294117647056
0 0.49921875 0.675 0.00234375 0.0015625
0 0.4518828451882845 0.6411764705882353 0.4539748953974895 0.6470588235294118 0.48326359832635984 0.648235294117647 0.48744769874476984 0.6447058823529412 0.47698744769874474 0.6411764705882353 0.48744769874476984 0.6376470588235293 0.48326359832635984 0.6364705882352941 0.4644351464435147 0.6423529411764706 0.4518828451882845 0.6411764705882353
0 0.4640625 0.6265625 0.00390625 0.00390625
0 0.13807531380753138 0.5776470588235294 0.1401673640167364 0.5741176470588235 0.1317991631799163 0.5694117647058824 0.1297071129707113 0.5729411764705883 0.13807531380753138 0.5776470588235294
0 0.4665271966527197 0.5964705882352941 0.4707112970711297 0.588235294117647 0.4581589958158996 0.5670588235294118 0.44142259414225943 0.5741176470588235 0.44142259414225943 0.588235294117647 0.4665271966527197 0.5964705882352941
0 0.401673640167364 0.5635294117647058 0.39748953974895396 0.548235294117647 0.3953974895397489 0.5623529411764705 0.401673640167364 0.5635294117647058
0 0.19246861924686193 0.556470588235294 0.21129707112970708 0.5635294117647058 0.21129707112970708 0.5705882352941176 0.21757322175732216 0.5752941176470588 0.2301255230125523 0.5752941176470588 0.23430962343096234 0.5811764705882353 0.24267782426778242 0.5694117647058824 0.23849372384937237 0.5458823529411765 0.2301255230125523 0.5435294117647059 0.2217573221757322 0.5305882352941176 0.21548117154811716 0.5376470588235294 0.20502092050209203 0.5341176470588235 0.20502092050209203 0.5505882352941176 0.19246861924686193 0.556470588235294
0 0.16736401673640167 0.5058823529411764 0.16736401673640167 0.49764705882352944 0.1631799163179916 0.5011764705882353 0.16108786610878661 0.5047058823529411 0.16736401673640167 0.5058823529411764
0 0.18200836820083682 0.4988235294117647 0.17782426778242677 0.49411764705882355 0.17364016736401672 0.5011764705882353 0.18200836820083682 0.4988235294117647
0 0.38284518828451886 0.4894117647058824 0.38284518828451886 0.5011764705882353 0.39748953974895396 0.5058823529411764 0.403765690376569 0.49764705882352944 0.3933054393305439 0.4894117647058824 0.399581589958159 0.4870588235294117 0.38493723849372385 0.48235294117647054 0.38912133891213385 0.4870588235294117 0.38284518828451886 0.4894117647058824
0 0.04921875 0.353125 0.00234375 0.00234375
0 0.05648535564853556 0.36 0.07322175732217573 0.36705882352941177 0.06694560669456066 0.37529411764705883 0.07531380753138076 0.37882352941176467 0.07322175732217573 0.4023529411764706 0.07740585774058577 0.40352941176470586 0.0815899581589958 0.3988235294117647 0.0899581589958159 0.4023529411764706 0.09414225941422594 0.3988235294117647 0.10251046025104602 0.4 0.100418410041841 0.38941176470588235 0.11297071129707112 0.38 0.09623430962343096 0.3552941176470588 0.0899581589958159 0.3564705882352941 0.0794979079497908 0.35058823529411764 0.06276150627615062 0.3517647058823529 0.05439330543933054 0.3588235294117647 0.0502092050209205 0.3576470588235294 0.0502092050209205 0.36470588235294116 0.05648535564853556 0.36
0 0.21548117154811716 0.3423529411764706 0.21129707112970708 0.3411764705882353 0.20920502092050208 0.34470588235294114 0.21548117154811716 0.3423529411764706
0 0.20502092050209203 0.32705882352941174 0.21548117154811716 0.33529411764705885 0.22594142259414224 0.3141176470588235 0.20920502092050208 0.3129411764705882 0.21338912133891214 0.3211764705882353 0.20502092050209203 0.32705882352941174
0 0.043933054393305436 0.2011764705882353 0.04811715481171548 0.22000000000000003 0.05648535564853556 0.23058823529411762 0.0711297071129707 0.23058823529411762 0.07322175732217573 0.2552941176470588 0.0899581589958159 0.2635294117647059 0.09205020920502091 0.27176470588235296 0.10669456066945607 0.28117647058823525 0.100418410041841 0.29058823529411765 0.11506276150627615 0.2941176470588235 0.12343096234309622 0.3164705882352941 0.1401673640167364 0.32 0.14644351464435146 0.33529411764705885 0.15690376569037656 0.3341176470588235 0.14644351464435146 0.35058823529411764 0.16108786610878661 0.3623529411764706 0.1589958158995816 0.36823529411764705 0.17364016736401672 0.3870588235294118 0.18200836820083682 0.38941176470588235 0.200836820083682 0.4235294117647059 0.21548117154811716 0.4305882352941176 0.2301255230125523 0.44941176470588234 0.24267782426778242 0.4470588235294118 0.2635983263598326 0.45999999999999996 0.26569037656903766 0.46941176470588236 0.27615062761506276 0.47294117647058825 0.28870292887029286 0.49411764705882355 0.299163179916318 0.5011764705882353 0.299163179916318 0.5117647058823529 0.34100418410041844 0.5635294117647058 0.34728033472803344 0.5635294117647058 0.3493723849372385 0.5552941176470588 0.3577405857740586 0.556470588235294 0.3577405857740586 0.5505882352941176 0.36820083682008364 0.5505882352941176 0.37029288702928864 0.5764705882352941 0.37656903765690375 0.58 0.3723849372384937 0.5976470588235294 0.38284518828451886 0.6011764705882353 0.3933054393305439 0.6129411764705882 0.403765690376569 0.6141176470588234 0.41213389121338906 0.6247058823529412 0.405857740585774 0.6317647058823529 0.42050209205020916 0.6341176470588235 0.41213389121338906 0.6376470588235293 0.4246861924686193 0.64 0.42677824267782427 0.6341176470588235 0.4518828451882845 0.6341176470588235 0.4539748953974895 0.6117647058823529 0.4435146443514644 0.608235294117647 0.4393305439330543 0.6011764705882353 0.4351464435146443 0.6047058823529412 0.4309623430962343 0.6023529411764705 0.4309623430962343 0.5811764705882353 0.42050209205020916 0.5752941176470588 0.42677824267782427 0.5705882352941176 0.399581589958159 0.571764705882353 0.3912133891213389 0.5670588235294118 0.3912133891213389 0.5599999999999999 0.37656903765690375 0.5541176470588235 0.3807531380753138 0.5505882352941176 0.38702928870292885 0.5517647058823529 0.38912133891213385 0.5470588235294118 0.37866108786610875 0.5458823529411765 0.36401673640167365 0.5352941176470588 0.35564853556485354 0.5376470588235294 0.35564853556485354 0.5317647058823529 0.36401673640167365 0.5294117647058824 0.3514644351464435 0.528235294117647 0.3619246861924686 0.5223529411764706 0.3619246861924686 0.4988235294117647 0.3493723849372385 0.488235294117647 0.34728033472803344 0.4764705882352941 0.33472803347280333 0.47411764705882353 0.33263598326359833 0.4564705882352941 0.32217573221757323 0.44941176470588234 0.3200836820083682 0.43882352941176467 0.305439330543933 0.42823529411764705 0.2928870292887029 0.4258823529411765 0.28870292887029286 0.4129411764705882 0.2803347280334728 0.40823529411764703 0.2803347280334728 0.38588235294117645 0.26778242677824265 0.37058823529411766 0.2615062761506276 0.36823529411764705 0.24267782426778242 0.3729411764705882 0.21966527196652716 0.38588235294117645 0.21548117154811716 0.3764705882352941 0.19456066945606693 0.3764705882352941 0.19665271966527195 0.3576470588235294 0.18619246861924685 0.34352941176470586 0.19665271966527195 0.3305882352941176 0.19246861924686193 0.32823529411764707 0.19874476987447698 0.3164705882352941 0.19456066945606693 0.2988235294117647 0.18200836820083682 0.2929411764705882 0.19246861924686193 0.28117647058823525 0.18619246861924685 0.27647058823529413 0.18410041841004182 0.25764705882352945 0.1694560669456067 0.25176470588235295 0.1694560669456067 0.24352941176470586 0.1527196652719665 0.2388235294117647 0.14435146443514643 0.22000000000000003 0.14853556485355648 0.2164705882352941 0.13389121338912133 0.2011764705882353 0.13389121338912133 0.18588235294117647 0.100418410041841 0.18235294117647058 0.08577405857740586 0.18823529411764706 0.09205020920502091 0.20588235294117646 0.08368200836820083 0.21058823529411766 0.0711297071129707 0.19294117647058823 0.058577405857740586 0.19058823529411764 0.060669456066945605 0.1988235294117647 0.043933054393305436 0.2011764705882353
0 0.046025104602510455 0.19176470588235295 0.04811715481171548 0.18352941176470589 0.04184100418410042 0.1788235294117647 0.0397489539748954 0.18823529411764706 0.046025104602510455 0.19176470588235295
0 0.8556485355648535 0.9564705882352941 0.8535564853556485 0.9529411764705882 0.8493723849372385 0.9564705882352941 0.8556485355648535 0.9564705882352941
0 0.7907949790794978 0.8717647058823529 0.7845188284518828 0.8717647058823529 0.7907949790794978 0.876470588235294 0.7907949790794978 0.8717647058823529
0 0.59453125 0.84609375 0.00390625 0.00390625
0 0.6882845188284519 0.8400000000000001 0.6861924686192469 0.8305882352941177 0.6820083682008369 0.8376470588235294 0.6882845188284519 0.8400000000000001
0 0.600418410041841 0.924705882352941 0.610878661087866 0.9270588235294117 0.608786610878661 0.9329411764705883 0.6192468619246861 0.9470588235294117 0.6401673640167364 0.9494117647058824 0.6527196652719665 0.968235294117647 0.6861924686192469 0.9929411764705882 0.7384937238493723 0.9941176470588236 0.7531380753138075 0.9811764705882353 0.7698744769874477 0.9929411764705882 0.7866108786610878 0.9894117647058824 0.7949790794979079 0.9941176470588236 0.8451882845188283 0.9941176470588236 0.8326359832635983 0.9870588235294118 0.8326359832635983 0.9552941176470588 0.8430962343096233 0.9541176470588235 0.8430962343096233 0.9494117647058824 0.8305439330543933 0.943529411764706 0.8389121338912133 0.9411764705882353 0.8200836820083681 0.9352941176470588 0.811715481171548 0.9423529411764706 0.803347280334728 0.9411764705882353 0.801255230125523 0.9341176470588236 0.809623430962343 0.924705882352941 0.799163179916318 0.9141176470588235 0.7740585774058577 0.9152941176470588 0.7719665271966527 0.9070588235294117 0.7866108786610878 0.8976470588235295 0.7782426778242677 0.8905882352941177 0.7782426778242677 0.8788235294117648 0.7719665271966527 0.8776470588235293 0.7719665271966527 0.8729411764705881 0.7384937238493723 0.8705882352941176 0.7343096234309623 0.8552941176470588 0.7196652719665272 0.8494117647058823 0.7280334728033473 0.8435294117647059 0.702928870292887 0.8376470588235294 0.7092050209205021 0.8341176470588236 0.702928870292887 0.828235294117647 0.700836820083682 0.8470588235294118 0.6945606694560669 0.8505882352941176 0.6882845188284519 0.8435294117647059 0.6778242677824268 0.851764705882353 0.6736401673640167 0.8435294117647059 0.6631799163179916 0.8541176470588235 0.6506276150627615 0.8411764705882353 0.6359832635983264 0.8388235294117647 0.6255230125523012 0.8447058823529412 0.6192468619246861 0.8423529411764706 0.604602510460251 0.8482352941176471 0.5941422594142259 0.8658823529411764 0.5899581589958158 0.8623529411764705 0.5774058577405857 0.8658823529411764 0.5690376569037656 0.8376470588235294 0.5502092050209205 0.8482352941176471 0.5502092050209205 0.8635294117647059 0.600418410041841 0.924705882352941
0 0.6192468619246861 0.8270588235294116 0.6213389121338911 0.8235294117647058 0.6192468619246861 0.8211764705882352 0.6192468619246861 0.8270588235294116
0 0.6882845188284519 0.8176470588235294 0.6882845188284519 0.8094117647058823 0.6820083682008369 0.8094117647058823 0.6882845188284519 0.8176470588235294
0 0.5418410041841004 0.8341176470588236 0.5355648535564853 0.8376470588235294 0.5439330543933054 0.8423529411764706 0.5418410041841004 0.8105882352941176 0.5355648535564853 0.8094117647058823 0.5334728033472803 0.8247058823529411 0.5418410041841004 0.8341176470588236
0 0.6673640167364017 0.7976470588235294 0.6757322175732218 0.7894117647058823 0.6673640167364017 0.78 0.6631799163179916 0.7835294117647058 0.6610878661087866 0.7917647058823529 0.6673640167364017 0.7976470588235294
0 0.5774058577405857 0.78 0.5732217573221756 0.7752941176470588 0.5711297071129706 0.7788235294117647 0.5774058577405857 0.78
0 0.5418410041841004 0.7611764705882352 0.5355648535564853 0.7588235294117647 0.5418410041841004 0.7552941176470588 0.5334728033472803 0.7541176470588236 0.5313807531380753 0.7658823529411765 0.5418410041841004 0.7611764705882352
0 0.5627615062761506 0.7588235294117647 0.5669456066945606 0.7541176470588236 0.5627615062761506 0.7505882352941177 0.5627615062761506 0.7588235294117647
0 0.696875 0.9921875 0.00390625 0.00390625
0 0.7907949790794978 0.8729411764705881 0.7845188284518828 0.8717647058823529 0.7887029288702928 0.876470588235294 0.7907949790794978 0.8729411764705881
0 0.598326359832636 0.9141176470588235 0.602510460251046 0.924705882352941 0.610878661087866 0.9235294117647058 0.6150627615062761 0.9270588235294117 0.608786610878661 0.931764705882353 0.6192468619246861 0.9447058823529412 0.6401673640167364 0.9423529411764706 0.6527196652719665 0.9658823529411764 0.6757322175732218 0.9717647058823529 0.6861924686192469 0.9858823529411765 0.698744769874477 0.9811764705882353 0.7112970711297071 0.9894117647058824 0.705020920502092 0.9941176470588236 0.7175732217573222 0.9882352941176471 0.7238493723849372 0.9894117647058824 0.7238493723849372 0.9941176470588236 0.7259414225941423 0.9905882352941177 0.7154811715481172 0.9823529411764707 0.7531380753138075 0.9776470588235293 0.7677824267782427 0.9894117647058824 0.7866108786610878 0.9882352941176471 0.7949790794979079 0.9941176470588236 0.8138075313807531 0.9952941176470589 0.8263598326359831 0.9894117647058824 0.8284518828451883 0.9941176470588236 0.8347280334728033 0.9941176470588236 0.8263598326359831 0.9858823529411765 0.8326359832635983 0.9811764705882353 0.8347280334728033 0.9623529411764705 0.8305439330543933 0.9552941176470588 0.8200836820083681 0.951764705882353 0.8284518828451883 0.9388235294117647 0.803347280334728 0.9388235294117647 0.803347280334728 0.9305882352941177 0.811715481171548 0.9282352941176469 0.805439330543933 0.9199999999999999 0.7907949790794978 0.9176470588235294 0.7887029288702928 0.9141176470588235 0.7740585774058577 0.9141176470588235 0.7719665271966527 0.9070588235294117 0.7866108786610878 0.8941176470588236 0.7803347280334727 0.8905882352941177 0.7803347280334727 0.8800000000000001 0.7698744769874477 0.8776470588235293 0.7719665271966527 0.8729411764705881 0.7573221757322175 0.8905882352941177 0.7384937238493723 0.8941176470588236 0.7343096234309623 0.891764705882353 0.7426778242677824 0.8694117647058823 0.7280334728033473 0.8505882352941176 0.7280334728033473 0.8423529411764706 0.7112970711297071 0.8341176470588236 0.7092050209205021 0.82 0.700836820083682 0.8247058823529411 0.702928870292887 0.8423529411764706 0.6966527196652719 0.8494117647058823 0.6924686192468619 0.8447058823529412 0.6778242677824268 0.8494117647058823 0.6736401673640167 0.8435294117647059 0.6610878661087866 0.851764705882353 0.6527196652719665 0.8482352941176471 0.6569037656903765 0.8447058823529412 0.6443514644351465 0.8411764705882353 0.6464435146443515 0.8458823529411765 0.6359832635983264 0.851764705882353 0.6317991631799164 0.8458823529411765 0.6234309623430961 0.8564705882352941 0.612970711297071 0.8505882352941176 0.604602510460251 0.851764705882353 0.5962343096234309 0.868235294117647 0.5774058577405857 0.868235294117647 0.5690376569037656 0.8529411764705882 0.5523012552301255 0.8505882352941176 0.5523012552301255 0.8647058823529411 0.598326359832636 0.9141176470588235
0 0.6757322175732218 0.7894117647058823 0.6652719665271967 0.7811764705882352 0.6673640167364017 0.7964705882352942 0.6757322175732218 0.7894117647058823
0 0.18200836820083682 0.9423529411764706 0.17573221757322174 0.9400000000000001 0.17364016736401672 0.943529411764706 0.18200836820083682 0.9423529411764706
0 0.2301255230125523 0.9282352941176469 0.2301255230125523 0.9199999999999999 0.22384937238493724 0.924705882352941 0.2217573221757322 0.931764705882353 0.2301255230125523 0.9282352941176469
0 0.2531380753138075 0.8835294117647059 0.2594142259414226 0.8752941176470588 0.2489539748953975 0.8658823529411764 0.24686192468619245 0.8811764705882353 0.2531380753138075 0.8835294117647059
0 0.23221757322175735 0.8658823529411764 0.22594142259414224 0.86 0.22384937238493724 0.8694117647058823 0.23221757322175735 0.8658823529411764
0 0.17782426778242677 0.8388235294117647 0.17364016736401672 0.8294117647058824 0.17154811715481172 0.8400000000000001 0.17782426778242677 0.8388235294117647
0 0.24453125 0.65234375 0.00390625 0.00625
0 0.2907949790794979 0.6270588235294118 0.28870292887029286 0.608235294117647 0.2866108786610878 0.6105882352941177 0.2845188284518828 0.6235294117647059 0.2907949790794979 0.6270588235294118
0 0.2615062761506276 0.6011764705882353 0.2615062761506276 0.6047058823529412 0.26987447698744765 0.6035294117647059 0.27405857740585776 0.6105882352941177 0.27824267782426776 0.5929411764705883 0.2719665271966527 0.5941176470588235 0.2719665271966527 0.6023529411764705 0.2615062761506276 0.6011764705882353
0 0.27824267782426776 0.5847058823529412 0.27405857740585776 0.5741176470588235 0.2719665271966527 0.5823529411764705 0.27824267782426776 0.5847058823529412
0 0.2573221757322176 0.5741176470588235 0.2510460251046025 0.5729411764705883 0.2573221757322176 0.5847058823529412 0.2573221757322176 0.5741176470588235
0 0.24921875 0.56796875 0.00390625 0.00390625
0 0.25 0.559375 0.00234375 0.0015625
0 0.175 0.49140625 0.00234375 0.0015625
0 0 0.5470588235294118 0.0041841004184100415 0.62 0.010460251046025104 0.6329411764705882 0.0020920502092050207 0.6741176470588235 0.008368200836820083 0.7611764705882352 0 0.788235294117647 0.0041841004184100415 0.8458823529411765 0.006276150627615063 0.8494117647058823 0.02092050209205021 0.8494117647058823 0.05648535564853556 0.8364705882352942 0.07322175732217573 0.8447058823529412 0.07531380753138076 0.8705882352941176 0.08368200836820083 0.8800000000000001 0.07322175732217573 0.8905882352941177 0.07531380753138076 0.9070588235294117 0.06694560669456066 0.9094117647058824 0.06694560669456066 0.9223529411764705 0.07531380753138076 0.931764705882353 0.08577405857740586 0.976470588235294 0.09832635983263598 0.9941176470588236 0.12343096234309622 0.9858823529411765 0.13598326359832635 0.9882352941176471 0.14644351464435146 0.9823529411764707 0.1631799163179916 0.9870588235294118 0.16736401673640167 0.9823529411764707 0.18410041841004182 0.9905882352941177 0.18410041841004182 0.983529411764706 0.19874476987447698 0.983529411764706 0.18828451882845187 0.9694117647058823 0.19665271966527195 0.9623529411764705 0.19246861924686193 0.9529411764705882 0.200836820083682 0.9458823529411765 0.18828451882845187 0.9423529411764706 0.17782426778242677 0.9482352941176471 0.1631799163179916 0.9458823529411765 0.18200836820083682 0.9282352941176469 0.1694560669456067 0.8694117647058823 0.17364016736401672 0.8658823529411764 0.19246861924686193 0.8647058823529411 0.200836820083682 0.868235294117647 0.20502092050209203 0.8658823529411764 0.19665271966527195 0.8576470588235294 0.20502092050209203 0.8529411764705882 0.2217573221757322 0.851764705882353 0.20920502092050208 0.8376470588235294 0.19456066945606693 0.851764705882353 0.17782426778242677 0.8435294117647059 0.15481171548117154 0.8388235294117647 0.17573221757322174 0.8223529411764705 0.17154811715481172 0.7647058823529411 0.17573221757322174 0.7517647058823529 0.19246861924686193 0.7470588235294118 0.19874476987447698 0.7717647058823529 0.20711297071129708 0.7752941176470588 0.2301255230125523 0.7576470588235293 0.24686192468619245 0.7552941176470588 0.24686192468619245 0.7458823529411764 0.23849372384937237 0.7141176470588235 0.22803347280334724 0.7023529411764706 0.24267782426778242 0.6364705882352941 0.2301255230125523 0.6270588235294118 0.2301255230125523 0.6117647058823529 0.24476987447698742 0.5952941176470589 0.2301255230125523 0.5929411764705883 0.22594142259414224 0.5811764705882353 0.21548117154811716 0.588235294117647 0.1799163179916318 0.588235294117647 0.19456066945606693 0.5764705882352941 0.18828451882845187 0.5658823529411765 0.19456066945606693 0.5529411764705883 0.18410041841004182 0.5435294117647059 0.1903765690376569 0.5376470588235294 0.19456066945606693 0.5411764705882354 0.19665271966527195 0.5388235294117647 0.19456066945606693 0.5329411764705883 0.1903765690376569 0.536470588235294 0.18200836820083682 0.5329411764705883 0.18200836820083682 0.5211764705882354 0.19874476987447698 0.508235294117647 0.21338912133891214 0.508235294117647 0.20711297071129708 0.5129411764705882 0.20920502092050208 0.52 0.21966527196652716 0.5223529411764706 0.23430962343096234 0.536470588235294 0.23849372384937237 0.5352941176470588 0.23221757322175735 0.5341176470588235 0.2301255230125523 0.5270588235294118 0.24058577405857742 0.5247058823529411 0.23221757322175735 0.5117647058823529 0.21548117154811716 0.5070588235294118 0.21757322175732216 0.5047058823529411 0.20920502092050208 0.5058823529411764 0.20920502092050208 0.5 0.19874476987447698 0.49529411764705883 0.20920502092050208 0.491764705882353 0.20711297071129708 0.4894117647058824 0.18619246861924685 0.49529411764705883 0.19665271966527195 0.4788235294117647 0.16736401673640167 0.4670588235294118 0.16527196652719664 0.4564705882352941 0.15481171548117154 0.45294117647058824 0.14644351464435146 0.4588235294117647 0.1401673640167364 0.4552941176470588 0.13389121338912133 0.4576470588235294 0.1297071129707113 0.45176470588235296 0.14644351464435146 0.44117647058823534 0.15481171548117154 0.4435294117647059 0.14853556485355648 0.44117647058823534 0.1527196652719665 0.43882352941176467 0.11297071129707112 0.45176470588235296 0.1108786610878661 0.4423529411764706 0.09623430962343096 0.4294117647058823 0.08368200836820083 0.42705882352941177 0.07740585774058577 0.43882352941176467 0.05439330543933054 0.4305882352941176 0.04184100418410042 0.4305882352941176 0.01882845188284519 0.4188235294117647 0.008368200836820083 0.4211764705882353 0 0.4352941176470588 0 0.5470588235294118
0 0.05230125523012552 0.42000000000000004 0.04811715481171548 0.4094117647058823 0.043933054393305436 0.4141176470588235 0.05230125523012552 0.42000000000000004
0 0.02719665271966527 0.40352941176470586 0.01882845188284519 0.40823529411764703 0.029288702928870293 0.4117647058823529 0.029288702928870293 0.4 0.02092050209205021 0.3941176470588235 0.012552301255230125 0.4 0.02719665271966527 0.40352941176470586
0 0.0041841004184100415 0.39647058823529413 0.010460251046025104 0.39647058823529413 0.010460251046025104 0.39294117647058824 0.0041841004184100415 0.39294117647058824 0.0041841004184100415 0.39647058823529413
0 0.06276150627615062 0.38941176470588235 0.06903765690376569 0.39294117647058824 0.0711297071129707 0.3905882352941176 0.05648535564853556 0.38823529411764707 0.04811715481171548 0.38941176470588235 0.06276150627615062 0.38941176470588235
0 0.00546875 0.36796875 0.00234375 0.00390625
0 0.01882845188284519 0.3164705882352941 0.0041841004184100415 0.3247058823529412 0.012552301255230125 0.32588235294117646 0.0041841004184100415 0.33294117647058824 0.014644351464435146 0.32823529411764707 0.02092050209205021 0.3164705882352941 0.03138075313807531 0.3164705882352941 0.03556485355648535 0.3211764705882353 0.0397489539748954 0.3176470588235294 0.03138075313807531 0.31176470588235294 0.03556485355648535 0.30823529411764705 0.02719665271966527 0.30470588235294116 0.012552301255230125 0.3094117647058824 0.0041841004184100415 0.3164705882352941 0.01882845188284519 0.3164705882352941
0 0.305439330543933 0.06352941176470588 0.305439330543933 0.058823529411764705 0.299163179916318 0.06 0.2949790794979079 0.07411764705882354 0.305439330543933 0.06352941176470588
0 0.27734375 0.034375 0.00234375 0.00390625
0 0.12133891213389121 0.01764705882352941 0.12133891213389121 0.02823529411764706 0.1297071129707113 0.03058823529411765 0.13598326359832635 0.042352941176470586 0.13389121338912133 0.05647058823529412 0.14435146443514643 0.058823529411764705 0.1589958158995816 0.07529411764705882 0.18619246861924685 0.11647058823529413 0.18828451882845187 0.12941176470588237 0.22594142259414224 0.16470588235294117 0.2301255230125523 0.1764705882352941 0.24686192468619245 0.18588235294117647 0.26778242677824265 0.18470588235294116 0.27615062761506276 0.18 0.2845188284518828 0.18235294117647058 0.2803347280334728 0.19294117647058823 0.29707112970711297 0.20823529411764707 0.3138075313807531 0.20941176470588235 0.32217573221757323 0.20588235294117646 0.3389121338912134 0.2223529411764706 0.3514644351464435 0.2235294117647059 0.36610878661087864 0.20941176470588235 0.3598326359832636 0.19176470588235295 0.36401673640167365 0.17294117647058824 0.3514644351464435 0.1611764705882353 0.3535564853556485 0.14941176470588236 0.34100418410041844 0.1341176470588235 0.33682008368200833 0.11529411764705881 0.33263598326359833 0.12117647058823529 0.3263598326359832 0.12 0.3200836820083682 0.13176470588235295 0.303347280334728 0.12588235294117647 0.299163179916318 0.10117647058823528 0.2866108786610878 0.10588235294117647 0.27615062761506276 0.0811764705882353 0.27824267782426776 0.051764705882352935 0.26987447698744765 0.05058823529411764 0.2635983263598326 0.05647058823529412 0.2531380753138075 0.05647058823529412 0.2531380753138075 0.06 0.23430962343096234 0.057647058823529405 0.2301255230125523 0.04823529411764706 0.24058577405857742 0.04588235294117647 0.23640167364016734 0.036470588235294116 0.2301255230125523 0.03294117647058824 0.200836820083682 0.03529411764705882 0.18828451882845187 0.029411764705882353 0.1903765690376569 0.025882352941176467 0.17573221757322174 0.021176470588235293 0.1799163179916318 0.011764705882352941 0.1631799163179916 0.007058823529411765 0.15690376569037656 0.010588235294117647 0.14644351464435146 0.007058823529411765 0.13807531380753138 0.01647058823529412 0.12343096234309622 0.011764705882352941 0.12761506276150628 0.015294117647058824 0.12133891213389121 0.01764705882352941
0 0.09205020920502091 0.916470588235294 0.08577405857740586 0.9199999999999999 0.08786610878661087 0.924705882352941 0.09414225941422594 0.9188235294117646 0.08786610878661087 0.8847058823529412 0.0815899581589958 0.8905882352941177 0.0815899581589958 0.9094117647058824 0.09205020920502091 0.916470588235294
0 0.34100418410041844 0.7058823529411764 0.33682008368200833 0.7094117647058823 0.3389121338912134 0.7152941176470587 0.34100418410041844 0.7058823529411764
0 0.2489539748953975 0.7082352941176471 0.23849372384937237 0.7105882352941176 0.24476987447698742 0.7211764705882353 0.2510460251046025 0.7164705882352942 0.2510460251046025 0.6976470588235294 0.24267782426778242 0.6905882352941177 0.23640167364016734 0.7023529411764706 0.2489539748953975 0.7082352941176471
0 0.2510460251046025 0.6870588235294117 0.2510460251046025 0.6705882352941177 0.24267782426778242 0.6741176470588235 0.24476987447698742 0.6858823529411764 0.2510460251046025 0.6870588235294117
0 0.41004184100418406 0.6505882352941177 0.4246861924686193 0.668235294117647 0.4309623430962343 0.6717647058823529 0.4351464435146443 0.6694117647058824 0.4393305439330543 0.6752941176470588 0.4476987447698745 0.6658823529411765 0.4372384937238493 0.6505882352941177 0.42050209205020916 0.64 0.41004184100418406 0.6364705882352941 0.41004184100418406 0.6505882352941177
0 0.17364016736401672 0.6305882352941177 0.17782426778242677 0.62 0.17154811715481172 0.62 0.17364016736401672 0.6305882352941177
0 0.1506276150627615 0.6341176470588235 0.14435146443514643 0.6270588235294118 0.1506276150627615 0.62 0.14435146443514643 0.62 0.1422594142259414 0.6294117647058823 0.1506276150627615 0.6341176470588235
0 0.14296875 0.575 0.00234375 0.00234375
0 0.21548117154811716 0.5670588235294118 0.21966527196652716 0.5588235294117647 0.2301255230125523 0.5599999999999999 0.23221757322175735 0.5494117647058824 0.21966527196652716 0.5376470588235294 0.20711297071129708 0.5388235294117647 0.20502092050209203 0.556470588235294 0.21548117154811716 0.5670588235294118
0 0.11715481171548117 0.548235294117647 0.12133891213389121 0.5611764705882353 0.12343096234309622 0.5529411764705883 0.1317991631799163 0.5494117647058824 0.12761506276150628 0.5352941176470588 0.13389121338912133 0.5329411764705883 0.1297071129707113 0.5305882352941176 0.11506276150627615 0.5352941176470588 0.10460251046025104 0.5294117647058824 0.10460251046025104 0.5458823529411765 0.11715481171548117 0.548235294117647
0 0.24267782426778242 0.4423529411764706 0.2531380753138075 0.4435294117647059 0.24267782426778242 0.4329411764705882 0.2510460251046025 0.43176470588235294 0.24267782426778242 0.42470588235294116 0.23849372384937237 0.4352941176470588 0.24267782426778242 0.4423529411764706
0 0.090625 0.38671875 0.00234375 0.0015625
0 0.084375 0.38671875 0.00234375 0.0015625
0 0.1799163179916318 0.36941176470588233 0.17364016736401672 0.36705882352941177 0.17364016736401672 0.37529411764705883 0.1799163179916318 0.36941176470588233
0 0.17573221757322174 0.28705882352941176 0.16736401673640167 0.2917647058823529 0.1589958158995816 0.28941176470588237 0.1694560669456067 0.3094117647058824 0.17782426778242677 0.3129411764705882 0.18410041841004182 0.31176470588235294 0.18619246861924685 0.30470588235294116 0.18200836820083682 0.28705882352941176 0.1694560669456067 0.27647058823529413 0.16108786610878661 0.2788235294117647 0.1694560669456067 0.27999999999999997 0.17573221757322174 0.28705882352941176
0 0.13515625 0.24375 0.00234375 0.0015625
0 0.12761506276150628 0.23647058823529413 0.14644351464435146 0.2376470588235294 0.1527196652719665 0.22941176470588234 0.1401673640167364 0.2176470588235294 0.1317991631799163 0.2176470588235294 0.1317991631799163 0.20235294117647057 0.12133891213389121 0.20705882352941174 0.10460251046025104 0.18941176470588234 0.100418410041841 0.19176470588235295 0.10460251046025104 0.2223529411764706 0.12761506276150628 0.23647058823529413
0 0.27405857740585776 0.3305882352941176 0.27824267782426776 0.33999999999999997 0.2907949790794979 0.33529411764705885 0.2949790794979079 0.3176470588235294 0.28870292887029286 0.3188235294117647 0.2866108786610878 0.3305882352941176 0.27405857740585776 0.3305882352941176
0 0.1506276150627615 0.18588235294117647 0.21757322175732216 0.27647058823529413 0.2635983263598326 0.3247058823529412 0.27405857740585776 0.3094117647058824 0.2928870292887029 0.31176470588235294 0.2949790794979079 0.3070588235294117 0.3075313807531381 0.31058823529411766 0.299163179916318 0.3070588235294117 0.3075313807531381 0.3029411764705882 0.3075313807531381 0.2952941176470588 0.29707112970711297 0.2858823529411765 0.299163179916318 0.27294117647058824 0.2928870292887029 0.2611764705882353 0.2803347280334728 0.2564705882352941 0.202928870292887 0.15764705882352942 0.19456066945606693 0.15411764705882353 0.16736401673640167 0.15764705882352942 0.14644351464435146 0.17058823529411765 0.1506276150627615 0.18588235294117647
0 0.598326359832636 0.9941176470588236 0.5899581589958158 0.991764705882353 0.5857740585774058 0.976470588235294 0.5774058577405857 0.9811764705882353 0.5669456066945606 0.9811764705882353 0.5690376569037656 0.9964705882352941 0.598326359832636 0.9941176470588236
0 0.5146443514644352 0.976470588235294 0.5167364016736402 0.9729411764705882 0.5104602510460251 0.9729411764705882 0.5146443514644352 0.976470588235294
0 0.52578125 0.97265625 0.00234375 0.00234375
0 0.58125 0.96640625 0.00390625 0.0015625
0 0.3171875 0.959375 0.00234375 0.0015625
0 0.399581589958159 0.9458823529411765 0.3953974895397489 0.9423529411764706 0.3933054393305439 0.9458823529411765 0.399581589958159 0.9458823529411765
0 0.5334728033472803 0.9352941176470588 0.5271966527196652 0.9305882352941177 0.5292887029288702 0.943529411764706 0.5334728033472803 0.9352941176470588
0 0.2921875 0.921875 0.00234375 0.0015625
0 0.37866108786610875 0.6576470588235294 0.3723849372384937 0.6552941176470588 0.37656903765690375 0.6611764705882353 0.37866108786610875 0.6576470588235294
0 0.403765690376569 0.6541176470588235 0.399581589958159 0.648235294117647 0.39748953974895396 0.6576470588235294 0.403765690376569 0.6541176470588235
0 0.4309623430962343 0.6729411764705883 0.4309623430962343 0.6552941176470588 0.41631799163179917 0.6435294117647059 0.40794979079497906 0.6435294117647059 0.41004184100418406 0.6541176470588235 0.4309623430962343 0.6729411764705883
0 0.13515625 0.43125 0.00234375 0.00390625
0 0.012552301255230125 0.6011764705882353 0.010460251046025104 0.6235294117647059 0.01882845188284519 0.6211764705882353 0.023012552301255228 0.6247058823529412 0.02092050209205021 0.64 0.012552301255230125 0.64 0.016736401673640166 0.6470588235294118 0.010460251046025104 0.6541176470588235 0.03138075313807531 0.6599999999999999 0.029288702928870293 0.6705882352941177 0.0041841004184100415 0.6717647058823529 0.0041841004184100415 0.6799999999999999 0.014644351464435146 0.6847058823529412 0.02719665271966527 0.6835294117647058 0.02510460251046025 0.6894117647058823 0.010460251046025104 0.691764705882353 0.016736401673640166 0.6952941176470588 0.010460251046025104 0.7023529411764706 0.01882845188284519 0.7058823529411764 0.010460251046025104 0.7117647058823529 0.010460251046025104 0.7517647058823529 0.023012552301255228 0.76 0.023012552301255228 0.7670588235294118 0.010460251046025104 0.7741176470588236 0.0041841004184100415 0.7952941176470588 0.006276150627615063 0.8447058823529412 0.008368200836820083 0.8482352941176471 0.02510460251046025 0.8470588235294118 0.03556485355648535 0.8411764705882353 0.060669456066945605 0.8364705882352942 0.07740585774058577 0.8505882352941176 0.06694560669456066 0.9188235294117646 0.08368200836820083 0.9752941176470588 0.09414225941422594 0.991764705882353 0.10251046025104602 0.9952941176470589 0.11715481171548117 0.9941176470588236 0.12133891213389121 0.9882352941176471 0.1506276150627615 0.9882352941176471 0.15690376569037656 0.9941176470588236 0.18200836820083682 0.9941176470588236 0.21966527196652716 0.983529411764706 0.23221757322175735 0.9741176470588234 0.24267782426778242 0.9741176470588234 0.2531380753138075 0.9623529411764705 0.26778242677824265 0.9670588235294117 0.2635983263598326 0.9647058823529411 0.26987447698744765 0.9623529411764705 0.3075313807531381 0.9588235294117646 0.3075313807531381 0.9411764705882353 0.299163179916318 0.9341176470588236 0.2845188284518828 0.931764705882353 0.27405857740585776 0.9141176470588235 0.2845188284518828 0.9129411764705881 0.2928870292887029 0.9047058823529411 0.301255230125523 0.9035294117647059 0.3138075313807531 0.9129411764705881 0.32426778242677823 0.9070588235294117 0.3305439330543933 0.9117647058823529 0.3389121338912134 0.9047058823529411 0.3493723849372385 0.9070588235294117 0.3723849372384937 0.8976470588235295 0.37656903765690375 0.908235294117647 0.38912133891213385 0.9176470588235294 0.37447698744769875 0.9211764705882353 0.38284518828451886 0.9258823529411764 0.3723849372384937 0.931764705882353 0.37656903765690375 0.9423529411764706 0.38284518828451886 0.9364705882352942 0.38912133891213385 0.9423529411764706 0.3933054393305439 0.9400000000000001 0.3933054393305439 0.9258823529411764 0.41213389121338906 0.9329411764705883 0.41004184100418406 0.9364705882352942 0.42259414225941416 0.9388235294117647 0.42887029288702927 0.9352941176470588 0.4351464435146443 0.9411764705882353 0.4435146443514644 0.9411764705882353 0.4560669456066945 0.9341176470588236 0.4623430962343096 0.9376470588235295 0.48117154811715485 0.9294117647058824 0.5083682008368201 0.9117647058823529 0.5083682008368201 0.9070588235294117 0.5146443514644352 0.908235294117647 0.5209205020920502 0.8800000000000001 0.4539748953974895 0.7929411764705883 0.4435146443514644 0.7858823529411765 0.42259414225941416 0.7811764705882352 0.41422594142259417 0.7682352941176471 0.3933054393305439 0.7647058823529411 0.38493723849372385 0.7694117647058824 0.37866108786610875 0.7635294117647058 0.3807531380753138 0.76 0.403765690376569 0.7576470588235293 0.405857740585774 0.7364705882352941 0.3953974895397489 0.7211764705882353 0.39748953974895396 0.7141176470588235 0.37866108786610875 0.7 0.37029288702928864 0.6776470588235294 0.35564853556485354 0.6670588235294118 0.36401673640167365 0.6529411764705882 0.34518828451882844 0.6470588235294118 0.3305439330543933 0.6341176470588235 0.299163179916318 0.6305882352941177 0.301255230125523 0.6223529411764706 0.2845188284518828 0.5776470588235294 0.2510460251046025 0.5470588235294118 0.2489539748953975 0.5317647058823529 0.20711297071129708 0.48 0.1694560669456067 0.4647058823529412 0.1694560669456067 0.4564705882352941 0.15481171548117154 0.4470588235294118 0.14853556485355648 0.43882352941176467 0.15481171548117154 0.4352941176470588 0.14853556485355648 0.4294117647058823 0.1506276150627615 0.41529411764705887 0.14644351464435146 0.4129411764705882 0.14435146443514643 0.4435294117647059 0.1401673640167364 0.4470588235294118 0.13598326359832635 0.4423529411764706 0.1297071129707113 0.44941176470588234 0.11715481171548117 0.4470588235294118 0.11506276150627615 0.44117647058823534 0.10251046025104602 0.44000000000000006 0.10460251046025104 0.4235294117647059 0.0899581589958159 0.42823529411764705 0.0794979079497908 0.43882352941176467 0.06903765690376569 0.4141176470588235 0.05648535564853556 0.4188235294117647 0.04811715481171548 0.40823529411764703 0.03138075313807531 0.4105882352941176 0.02719665271966527 0.3941176470588235 0.016736401673640166 0.3976470588235294 0.016736401673640166 0.4011764705882353 0.02719665271966527 0.40352941176470586 0.01882845188284519 0.40823529411764703 0.02719665271966527 0.4141176470588235 0.008368200836820083 0.4211764705882353 0.0041841004184100415 0.42705882352941177 0.0041841004184100415 0.5941176470588235 0.012552301255230125 0.6011764705882353
0 0.040625 0.39375 0.00234375 0.00390625
0 0.034375 0.3890625 0.00234375 0.00234375
0 0.060669456066945605 0.3905882352941176 0.0711297071129707 0.39529411764705885 0.0711297071129707 0.38941176470588235 0.04811715481171548 0.38823529411764707 0.04811715481171548 0.3917647058823529 0.060669456066945605 0.3905882352941176
0 0.10460251046025104 0.36588235294117644 0.11506276150627615 0.3764705882352941 0.11506276150627615 0.3905882352941176 0.12552301255230125 0.3917647058823529 0.11924686192468618 0.3870588235294118 0.12552301255230125 0.38588235294117645 0.12552301255230125 0.38 0.1108786610878661 0.3588235294117647 0.10460251046025104 0.3588235294117647 0.10460251046025104 0.36588235294117644
0 0.010460251046025104 0.3411764705882353 0.008368200836820083 0.3376470588235294 0.0041841004184100415 0.3423529411764706 0.010460251046025104 0.3411764705882353
0 0.06694560669456066 0.3482352941176471 0.08786610878661087 0.3482352941176471 0.09031425264844653 0.3504380475594493 0.09832635983263598 0.34705882352941175 0.09623430962343096 0.34352941176470586 0.0815899581589958 0.33529411764705885 0.08368200836820083 0.32823529411764707 0.07322175732217573 0.32941176470588235 0.06485355648535565 0.3235294117647059 0.07322175732217573 0.3341176470588235 0.06694560669456066 0.3482352941176471
0 0.0041841004184100415 0.3164705882352941 0.023012552301255228 0.3164705882352941 0.0041841004184100415 0.3247058823529412 0.0041841004184100415 0.33294117647058824 0.014644351464435146 0.32941176470588235 0.016736401673640166 0.3211764705882353 0.03138075313807531 0.31529411764705884 0.03347280334728033 0.3211764705882353 0.0397489539748954 0.3164705882352941 0.03347280334728033 0.3094117647058824 0.046025104602510455 0.30470588235294116 0.0397489539748954 0.2941176470588235 0.02719665271966527 0.28705882352941176 0.023012552301255228 0.30117647058823527 0.01882845188284519 0.2988235294117647 0.010460251046025104 0.3023529411764706 0.008368200836820083 0.2952941176470588 0.010460251046025104 0.30823529411764705 0.0041841004184100415 0.3164705882352941
0 0.02510460251046025 0.2847058823529412 0.02510460251046025 0.27647058823529413 0.02092050209205021 0.2741176470588235 0.02510460251046025 0.2847058823529412
0 0.009375 0.26953125 0.00234375 0.00234375
0 0.41422594142259417 0.41647058823529415 0.41004184100418406 0.4223529411764706 0.42677824267782427 0.4235294117647059 0.4246861924686193 0.4305882352941176 0.4393305439330543 0.41529411764705887 0.4246861924686193 0.40588235294117647 0.40794979079497906 0.4141176470588235 0.41422594142259417 0.41647058823529415
0 0.42890625 0.2546875 0.00390625 0.0015625
0 0.17364016736401672 0.20235294117647057 0.17573221757322174 0.20941176470588235 0.19246861924686193 0.22000000000000003 0.200836820083682 0.2164705882352941 0.202928870292887 0.2235294117647059 0.19456066945606693 0.23058823529411762 0.20711297071129708 0.22941176470588234 0.21548117154811716 0.2376470588235294 0.21338912133891214 0.2458823529411765 0.20502092050209203 0.24235294117647058 0.21129707112970708 0.2458823529411765 0.20502092050209203 0.25176470588235295 0.21129707112970708 0.25764705882352945 0.21966527196652716 0.25764705882352945 0.2217573221757322 0.268235294117647 0.23430962343096234 0.26941176470588235 0.24058577405857742 0.2917647058823529 0.2489539748953975 0.2941176470588235 0.2531380753138075 0.29058823529411765 0.2635983263598326 0.29647058823529415 0.26569037656903766 0.30470588235294116 0.2845188284518828 0.31176470588235294 0.2949790794979079 0.3070588235294117 0.31171548117154807 0.31176470588235294 0.30962343096234307 0.33294117647058824 0.3158995815899582 0.3388235294117647 0.3263598326359832 0.33999999999999997 0.32217573221757323 0.34705882352941175 0.3179916317991632 0.34352941176470586 0.303347280334728 0.34705882352941175 0.3158995815899582 0.3623529411764706 0.3284518828451882 0.35411764705882354 0.3493723849372385 0.3576470588235294 0.35564853556485354 0.36588235294117644 0.3807531380753138 0.37411764705882355 0.38702928870292885 0.3870588235294118 0.3933054393305439 0.3870588235294118 0.41213389121338906 0.36705882352941177 0.41422594142259417 0.35411764705882354 0.41004184100418406 0.3317647058823529 0.38493723849372385 0.31058823529411766 0.3933054393305439 0.2929411764705882 0.38912133891213385 0.26941176470588235 0.38284518828451886 0.26941176470588235 0.37866108786610875 0.27999999999999997 0.36820083682008364 0.2823529411764706 0.34309623430962344 0.25058823529411767 0.3535564853556485 0.24235294117647058 0.3389121338912134 0.24352941176470586 0.3263598326359832 0.2388235294117647 0.3138075313807531 0.2458823529411765 0.2949790794979079 0.22823529411764704 0.28870292887029286 0.23176470588235293 0.2824267782426778 0.2223529411764706 0.27405857740585776 0.22000000000000003 0.2824267782426778 0.2164705882352941 0.2489539748953975 0.20941176470588235 0.2489539748953975 0.20235294117647057 0.2301255230125523 0.19647058823529412 0.20920502092050208 0.17411764705882354 0.17782426778242677 0.1776470588235294 0.18828451882845187 0.2011764705882353 0.17364016736401672 0.20235294117647057
0 0.4390625 0.628125 0.00390625 0.00234375
0 0.5146443514644352 0.6294117647058823 0.5146443514644352 0.6247058823529412 0.5083682008368201 0.6235294117647059 0.5083682008368201 0.6341176470588235 0.5146443514644352 0.6294117647058823
0 0.4309623430962343 0.6270588235294118 0.42259414225941416 0.6235294117647059 0.4246861924686193 0.6317647058823529 0.4309623430962343 0.6270588235294118
0 0.48203125 0.6015625 0.00234375 0.0015625
0 0.41004184100418406 0.6176470588235294 0.41631799163179917 0.6188235294117648 0.40794979079497906 0.6117647058823529 0.41841004184100417 0.6105882352941177 0.399581589958159 0.6 0.41631799163179917 0.6011764705882353 0.41004184100418406 0.5976470588235294 0.3953974895397489 0.5988235294117648 0.41004184100418406 0.6176470588235294
0 0.39748953974895396 0.588235294117647 0.403765690376569 0.5870588235294117 0.399581589958159 0.5941176470588235 0.41631799163179917 0.5847058823529412 0.41841004184100417 0.5788235294117647 0.41213389121338906 0.5729411764705883 0.40794979079497906 0.5776470588235294 0.403765690376569 0.5764705882352941 0.40794979079497906 0.5811764705882353 0.39748953974895396 0.588235294117647
0 0.37029288702928864 0.5752941176470588 0.3807531380753138 0.5776470588235294 0.38284518828451886 0.5847058823529412 0.38912133891213385 0.5741176470588235 0.37866108786610875 0.5682352941176471 0.37029288702928864 0.5694117647058824 0.37029288702928864 0.5752941176470588
0 0.39609375 0.5453125 0.00234375 0.00859375
0 0.4421875 0.484375 0.00234375 0.0015625
0 0.38912133891213385 0.39647058823529413 0.3953974895397489 0.38823529411764707 0.38284518828451886 0.3835294117647059 0.3807531380753138 0.3905882352941176 0.38912133891213385 0.39647058823529413
0 0.3514644351464435 0.3870588235294118 0.3577405857740586 0.3917647058823529 0.3619246861924686 0.38588235294117645 0.3535564853556485 0.37529411764705883 0.3598326359832636 0.3870588235294118 0.3514644351464435 0.3870588235294118
0 0.2921875 0.35859375 0.00234375 0.00234375
0 0.34100418410041844 0.3776470588235294 0.34309623430962344 0.3623529411764706 0.33263598326359833 0.34470588235294114 0.3305439330543933 0.3423529411764706 0.34100418410041844 0.3776470588235294
0 0.3200836820083682 0.32705882352941174 0.3138075313807531 0.32705882352941174 0.3158995815899582 0.33529411764705885 0.3200836820083682 0.32705882352941174
0 0.2217573221757322 0.33647058823529413 0.20920502092050208 0.34470588235294114 0.20920502092050208 0.36 0.23640167364016734 0.36941176470588233 0.22384937238493724 0.3811764705882353 0.23221757322175735 0.3847058823529412 0.2301255230125523 0.38823529411764707 0.22384937238493724 0.3870588235294118 0.22803347280334724 0.39294117647058824 0.23849372384937237 0.3835294117647059 0.24476987447698742 0.3905882352941176 0.24267782426778242 0.4223529411764706 0.23640167364016734 0.43176470588235294 0.299163179916318 0.4964705882352941 0.301255230125523 0.5117647058823529 0.32217573221757323 0.5305882352941176 0.32426778242677823 0.5411764705882354 0.3389121338912134 0.5517647058823529 0.34100418410041844 0.5599999999999999 0.34728033472803344 0.5599999999999999 0.3493723849372385 0.5541176470588235 0.3598326359832636 0.5552941176470588 0.37029288702928864 0.5647058823529412 0.38284518828451886 0.5611764705882353 0.37656903765690375 0.5588235294117647 0.38912133891213385 0.5494117647058824 0.38493723849372385 0.5411764705882354 0.40794979079497906 0.5294117647058824 0.4351464435146443 0.5411764705882354 0.4435146443514644 0.5388235294117647 0.4539748953974895 0.5435294117647059 0.4456066945606694 0.548235294117647 0.4581589958158996 0.5517647058823529 0.4560669456066945 0.5647058823529412 0.4518828451882845 0.5729411764705883 0.44142259414225943 0.5764705882352941 0.4393305439330543 0.588235294117647 0.4560669456066945 0.5858823529411764 0.4623430962343096 0.5929411764705883 0.47907949790794974 0.5894117647058823 0.4728033472803347 0.5752941176470588 0.4560669456066945 0.5705882352941176 0.4686192468619247 0.556470588235294 0.48117154811715485 0.556470588235294 0.47489539748953974 0.5541176470588235 0.48117154811715485 0.5470588235294118 0.4707112970711297 0.5329411764705883 0.4602510460251046 0.5305882352941176 0.4518828451882845 0.5211764705882354 0.4476987447698745 0.5011764705882353 0.4393305439330543 0.49764705882352944 0.44142259414225943 0.488235294117647 0.4309623430962343 0.4870588235294117 0.4309623430962343 0.4788235294117647 0.4246861924686193 0.4776470588235294 0.41422594142259417 0.4423529411764706 0.40794979079497906 0.44823529411764707 0.399581589958159 0.4458823529411765 0.401673640167364 0.4223529411764706 0.39748953974895396 0.4211764705882353 0.3933054393305439 0.42823529411764705 0.38284518828451886 0.4211764705882353 0.3807531380753138 0.4094117647058823 0.37029288702928864 0.40588235294117647 0.36610878661087864 0.39294117647058824 0.3514644351464435 0.40470588235294114 0.34100418410041844 0.4023529411764706 0.33682008368200833 0.39647058823529413 0.3200836820083682 0.39647058823529413 0.3263598326359832 0.3847058823529412 0.3200836820083682 0.38941176470588235 0.3158995815899582 0.38588235294117645 0.303347280334728 0.39647058823529413 0.2928870292887029 0.39294117647058824 0.28870292887029286 0.39647058823529413 0.26778242677824265 0.37529411764705883 0.26569037656903766 0.36588235294117644 0.2531380753138075 0.3623529411764706 0.2531380753138075 0.3552941176470588 0.2635983263598326 0.35411764705882354 0.26569037656903766 0.3423529411764706 0.2573221757322176 0.3388235294117647 0.2510460251046025 0.3423529411764706 0.24476987447698742 0.3388235294117647 0.24058577405857742 0.3411764705882353 0.2301255230125523 0.33529411764705885 0.23640167364016734 0.32941176470588235 0.22384937238493724 0.33647058823529413 0.21338912133891214 0.3164705882352941 0.21338912133891214 0.3317647058823529 0.2217573221757322 0.33647058823529413
0 0.3075313807531381 0.3176470588235294 0.299163179916318 0.30470588235294116 0.29707112970711297 0.31058823529411766 0.3075313807531381 0.3176470588235294
0 0.27421875 0.2859375 0.00390625 0.00234375
0 0.14435146443514643 0.23176470588235293 0.14853556485355648 0.22588235294117648 0.1297071129707113 0.20823529411764707 0.1297071129707113 0.2235294117647059 0.14435146443514643 0.23176470588235293
0 0.10460251046025104 0.19294117647058823 0.10251046025104602 0.1952941176470588 0.10460251046025104 0.21294117647058824 0.10460251046025104 0.19294117647058823
0 0.008368200836820083 0.05647058823529412 0.0041841004184100415 0.06588235294117648 0.010460251046025104 0.06705882352941175 0.01882845188284519 0.08 0.016736401673640166 0.08705882352941177 0.0041841004184100415 0.08705882352941177 0.0041841004184100415 0.09352941176470589 0.012552301255230125 0.0976470588235294 0 0.10235294117647058 0.0020920502092050207 0.11764705882352941 0.02719665271966527 0.12352941176470589 0.046025104602510455 0.13647058823529412 0.05648535564853556 0.15411764705882353 0.06903765690376569 0.16 0.08368200836820083 0.15529411764705883 0.09832635983263598 0.1564705882352941 0.10251046025104602 0.14823529411764708 0.1422594142259414 0.1623529411764706 0.17364016736401672 0.15294117647058822 0.19456066945606693 0.1423529411764706 0.19456066945606693 0.13058823529411764 0.15481171548117154 0.07176470588235294 0.12552301255230125 0.03529411764705882 0.10669456066945607 0.027058823529411764 0.10460251046025104 0.01647058823529412 0.0815899581589958 0 0.05439330543933054 0.0035294117647058825 0.04811715481171548 0 0.016736401673640166 0 0.0020920502092050207 0.015294117647058824 0 0.036470588235294116 0.008368200836820083 0.05647058823529412
0 0.33682008368200833 0.5623529411764705 0.34309623430962344 0.5847058823529412 0.3912133891213389 0.6235294117647059 0.4351464435146443 0.6858823529411764 0.4602510460251046 0.691764705882353 0.4602510460251046 0.6964705882352942 0.4351464435146443 0.7070588235294117 0.4393305439330543 0.7235294117647059 0.4518828451882845 0.7329411764705882 0.4707112970711297 0.7258823529411764 0.5146443514644352 0.7435294117647059 0.5355648535564853 0.7388235294117647 0.5543933054393305 0.72 0.5439330543933054 0.7129411764705882 0.5502092050209205 0.7082352941176471 0.5313807531380753 0.6835294117647058 0.5397489539748953 0.6635294117647058 0.5251046025104602 0.6364705882352941 0.5167364016736402 0.6341176470588235 0.5104602510460251 0.62 0.50418410041841 0.62 0.4937238493723849 0.6105882352941177 0.5 0.6070588235294118 0.48953974895397484 0.6011764705882353 0.4728033472803347 0.5776470588235294 0.40794979079497906 0.5341176470588235 0.403765690376569 0.5258823529411765 0.41422594142259417 0.5235294117647059 0.41422594142259417 0.52 0.3933054393305439 0.5176470588235295 0.3723849372384937 0.5035294117647059 0.34728033472803344 0.5117647058823529 0.34518828451882844 0.5164705882352941 0.3158995815899582 0.5188235294117647 0.3138075313807531 0.5317647058823529 0.33682008368200833 0.5623529411764705
0 0.3993333806113041 0.5035094715852442 0.38912133891213385 0.49058823529411766 0.38493723849372385 0.491764705882353 0.3933054393305439 0.4964705882352941 0.38284518828451886 0.49764705882352944 0.38493723849372385 0.5023529411764706 0.3993333806113041 0.5035094715852442
0 0.301255230125523 0.1564705882352941 0.2928870292887029 0.14941176470588236 0.29707112970711297 0.17294117647058824 0.301255230125523 0.1564705882352941
0 0.21548117154811716 0.06352941176470588 0.20920502092050208 0.052941176470588235 0.20920502092050208 0.07058823529411765 0.21548117154811716 0.06352941176470588
0 0.21129707112970708 0.02 0.20502092050209203 0.03411764705882353 0.24058577405857742 0.036470588235294116 0.24476987447698742 0.05058823529411764 0.2301255230125523 0.052941176470588235 0.22803347280334724 0.06705882352941175 0.23640167364016734 0.07294117647058823 0.24686192468619245 0.06588235294117648 0.2531380753138075 0.07058823529411765 0.24476987447698742 0.09176470588235294 0.2573221757322176 0.10235294117647058 0.27405857740585776 0.10470588235294118 0.26778242677824265 0.11176470588235295 0.26987447698744765 0.13294117647058823 0.2803347280334728 0.13294117647058823 0.2907949790794979 0.11647058823529413 0.303347280334728 0.1411764705882353 0.3179916317991632 0.14352941176470588 0.30962343096234307 0.17176470588235293 0.32217573221757323 0.18470588235294116 0.3200836820083682 0.2011764705882353 0.33682008368200833 0.19764705882352943 0.33682008368200833 0.21176470588235294 0.3200836820083682 0.21176470588235294 0.3158995815899582 0.2164705882352941 0.3305439330543933 0.2235294117647059 0.33682008368200833 0.2235294117647059 0.3389121338912134 0.2188235294117647 0.3493723849372385 0.2188235294117647 0.3514644351464435 0.23058823529411762 0.38493723849372385 0.24117647058823527 0.4309623430962343 0.24823529411764705 0.4497907949790795 0.24705882352941178 0.4623430962343096 0.24117647058823527 0.4602510460251046 0.22823529411764704 0.39748953974895396 0.15529411764705883 0.36610878661087864 0.10941176470588235 0.34100418410041844 0.08588235294117647 0.3284518828451882 0.06941176470588235 0.3263598326359832 0.05647058823529412 0.2845188284518828 0.021176470588235293 0.27615062761506276 0.0058823529411764705 0.2573221757322176 0 0.2489539748953975 0.004705882352941176 0.2510460251046025 0.015294117647058824 0.23640167364016734 0.025882352941176467 0.2301255230125523 0.025882352941176467 0.22594142259414224 0.004705882352941176 0.21338912133891214 0.002352941176470588 0.19874476987447698 0.010588235294117647 0.19246861924686193 0.0035294117647058825 0.18828451882845187 0.0058823529411764705 0.21129707112970708 0.02
0 0.19375 0.27890625 0.00234375 0.00234375
0 0.10878661087866108 0.2952941176470588 0.10878661087866108 0.26705882352941174 0.10460251046025104 0.2776470588235294 0.10251046025104602 0.29058823529411765 0.10878661087866108 0.2952941176470588
0 0.046025104602510455 0.22000000000000003 0.060669456066945605 0.2235294117647059 0.05648535564853556 0.23411764705882354 0.06694560669456066 0.24705882352941178 0.08786610878661087 0.2564705882352941 0.10251046025104602 0.2529411764705882 0.10878661087866108 0.2647058823529412 0.11297071129707112 0.2611764705882353 0.11715481171548117 0.2635294117647059 0.11715481171548117 0.2705882352941177 0.12552301255230125 0.2752941176470588 0.1401673640167364 0.2752941176470588 0.15481171548117154 0.2835294117647059 0.16736401673640167 0.3035294117647059 0.1799163179916318 0.3094117647058824 0.17573221757322174 0.30470588235294116 0.18200836820083682 0.2988235294117647 0.18200836820083682 0.2823529411764706 0.19246861924686193 0.26588235294117646 0.1903765690376569 0.24823529411764705 0.13807531380753138 0.17529411764705882 0.10878661087866108 0.15529411764705883 0.09832635983263598 0.1611764705882353 0.06903765690376569 0.1623529411764706 0.06276150627615062 0.16941176470588235 0.029288702928870293 0.13176470588235295 0.0041841004184100415 0.12705882352941175 0.006276150627615063 0.17294117647058824 0.046025104602510455 0.22000000000000003
0 0.3138075313807531 0.528235294117647 0.3263598326359832 0.548235294117647 0.34100418410041844 0.5576470588235294 0.3305439330543933 0.5376470588235294 0.3200836820083682 0.5352941176470588 0.3138075313807531 0.528235294117647
0 0.10251046025104602 0.5329411764705883 0.10460251046025104 0.5470588235294118 0.11506276150627615 0.5517647058823529 0.11506276150627615 0.5658823529411765 0.12343096234309622 0.5764705882352941 0.13389121338912133 0.5847058823529412 0.15481171548117154 0.591764705882353 0.14435146443514643 0.5952941176470589 0.200836820083682 0.5952941176470589 0.202928870292887 0.5894117647058823 0.21548117154811716 0.5894117647058823 0.21966527196652716 0.5858823529411764 0.2301255230125523 0.5952941176470589 0.23849372384937237 0.5952941176470589 0.25523012552301255 0.5858823529411764 0.26569037656903766 0.5870588235294117 0.2719665271966527 0.5835294117647059 0.2719665271966527 0.5741176470588235 0.2635983263598326 0.5670588235294118 0.2489539748953975 0.5647058823529412 0.23640167364016734 0.5329411764705883 0.22384937238493724 0.5294117647058824 0.22803347280334724 0.5176470588235295 0.21129707112970708 0.5070588235294118 0.20920502092050208 0.488235294117647 0.19456066945606693 0.4764705882352941 0.1631799163179916 0.488235294117647 0.14853556485355648 0.4894117647058824 0.13598326359832635 0.5023529411764706 0.12343096234309622 0.5094117647058823 0.11506276150627615 0.5094117647058823 0.1108786610878661 0.5152941176470589 0.1108786610878661 0.5270588235294118 0.10251046025104602 0.5329411764705883
0 0.05648535564853556 0.2776470588235294 0.0502092050209205 0.2858823529411765 0.06694560669456066 0.27176470588235296 0.04811715481171548 0.27294117647058824 0.046025104602510455 0.27647058823529413 0.05648535564853556 0.2776470588235294
0 0.0041841004184100415 0.3235294117647059 0.0041841004184100415 0.3988235294117647 0.016736401673640166 0.4176470588235294 0.03556485355648535 0.4188235294117647 0.05439330543933054 0.4258823529411765 0.06694560669456066 0.42470588235294116 0.07322175732217573 0.43176470588235294 0.10878661087866108 0.4341176470588235 0.10878661087866108 0.4435294117647059 0.10251046025104602 0.4470588235294118 0.11715481171548117 0.46352941176470586 0.1108786610878661 0.48588235294117643 0.11715481171548117 0.488235294117647 0.13598326359832635 0.48235294117647054 0.1422594142259414 0.48470588235294115 0.14644351464435146 0.4788235294117647 0.15481171548117154 0.48 0.16108786610878661 0.4576470588235294 0.1108786610878661 0.44117647058823534 0.1108786610878661 0.4352941176470588 0.11924686192468618 0.4329411764705882 0.12133891213389121 0.4258823529411765 0.13598326359832635 0.4329411764705882 0.1527196652719665 0.42470588235294116 0.1422594142259414 0.4011764705882353 0.11297071129707112 0.37058823529411766 0.10460251046025104 0.34352941176470586 0.07740585774058577 0.31529411764705884 0.043933054393305436 0.29764705882352943 0.012552301255230125 0.26705882352941174 0.006276150627615063 0.2941176470588235 0.010460251046025104 0.3141176470588235 0.0041841004184100415 0.3235294117647059
0 0.014644351464435146 0.25764705882352945 0.01882845188284519 0.24705882352941178 0.010460251046025104 0.23176470588235293 0.008368200836820083 0.24941176470588236 0.014644351464435146 0.25764705882352945
0 0.7489539748953975 0.991764705882353 0.7384937238493723 0.9929411764705882 0.7468619246861924 0.9988235294117647 0.7489539748953975 0.991764705882353
0 0.6359832635983264 0.9941176470588236 0.6694560669456067 0.9941176470588236 0.6527196652719665 0.9811764705882353 0.6464435146443515 0.9905882352941177 0.6359832635983264 0.9941176470588236
0 0.33682008368200833 0.9741176470588234 0.32426778242677823 0.9811764705882353 0.3158995815899582 0.976470588235294 0.299163179916318 0.9752941176470588 0.27615062761506276 0.983529411764706 0.24686192468619245 0.983529411764706 0.23849372384937237 0.9929411764705882 0.22036262203626217 0.9946405228758171 0.22594142259414224 0.9988235294117647 0.23430962343096234 0.9988235294117647 0.23640167364016734 0.9941176470588236 0.24058577405857742 0.9988235294117647 0.3389121338912134 0.9988235294117647 0.34518828451882844 0.9941176470588236 0.35564853556485354 0.9941176470588236 0.36610878661087864 0.9988235294117647 0.38284518828451886 0.9988235294117647 0.4330543933054393 0.9941176470588236 0.4560669456066945 0.9988235294117647 0.5230125523012552 0.9988235294117647 0.5418410041841004 0.9941176470588236 0.5543933054393305 0.9988235294117647 0.5920502092050209 0.9988235294117647 0.606694560669456 0.9941176470588236 0.5899581589958158 0.9717647058823529 0.5899581589958158 0.9564705882352941 0.5711297071129706 0.9376470588235295 0.5564853556485355 0.9305882352941177 0.5251046025104602 0.9329411764705883 0.5104602510460251 0.9294117647058824 0.4728033472803347 0.9470588235294117 0.4351464435146443 0.9458823529411765 0.42887029288702927 0.9529411764705882 0.4330543933054393 0.9564705882352941 0.42050209205020916 0.9588235294117646 0.41004184100418406 0.9458823529411765 0.37029288702928864 0.9458823529411765 0.36401673640167365 0.9129411764705881 0.3493723849372385 0.9141176470588235 0.34100418410041844 0.9223529411764705 0.3305439330543933 0.924705882352941 0.32426778242677823 0.9423529411764706 0.3305439330543933 0.9529411764705882 0.34100418410041844 0.9564705882352941 0.33682008368200833 0.9741176470588234
0 0.1589958158995816 0.1952941176470588 0.21548117154811716 0.2752941176470588 0.2635983263598326 0.3317647058823529 0.2531380753138075 0.3411764705882353 0.24476987447698742 0.33647058823529413 0.24058577405857742 0.33999999999999997 0.21966527196652716 0.3376470588235294 0.21548117154811716 0.3552941176470588 0.23430962343096234 0.36705882352941177 0.24686192468619245 0.36705882352941177 0.2615062761506276 0.3564705882352941 0.26569037656903766 0.3588235294117647 0.2803347280334728 0.3552941176470588 0.301255230125523 0.37882352941176467 0.303347280334728 0.3941176470588235 0.30962343096234307 0.39294117647058824 0.3305439330543933 0.4117647058823529 0.3493723849372385 0.4176470588235294 0.34518828451882844 0.4211764705882353 0.3514644351464435 0.4329411764705882 0.36820083682008364 0.45176470588235296 0.38702928870292885 0.46941176470588236 0.401673640167364 0.47294117647058825 0.41422594142259417 0.4564705882352941 0.42259414225941416 0.45999999999999996 0.4456066945606694 0.44117647058823534 0.4623430962343096 0.44117647058823534 0.4665271966527197 0.4376470588235294 0.4581589958158996 0.4141176470588235 0.42887029288702927 0.40588235294117647 0.41631799163179917 0.3870588235294118 0.39748953974895396 0.38588235294117645 0.38912133891213385 0.37411764705882355 0.405857740585774 0.36588235294117644 0.399581589958159 0.34470588235294114 0.38702928870292885 0.3423529411764706 0.38493723849372385 0.3376470588235294 0.36401673640167365 0.3376470588235294 0.3577405857740586 0.3317647058823529 0.3619246861924686 0.30470588235294116 0.34309623430962344 0.2952941176470588 0.34728033472803344 0.28705882352941176 0.3305439330543933 0.30117647058823527 0.3138075313807531 0.2929411764705882 0.29707112970711297 0.2611764705882353 0.28870292887029286 0.2611764705882353 0.27615062761506276 0.25058823529411767 0.21548117154811716 0.1776470588235294 0.19665271966527195 0.16823529411764707 0.19246861924686193 0.1611764705882353 0.17782426778242677 0.16352941176470587 0.1694560669456067 0.17176470588235293 0.15690376569037656 0.17176470588235293 0.1527196652719665 0.18235294117647058 0.1589958158995816 0.1952941176470588
0 0.4328125 0.3484375 0.00390625 0.0015625
0 0.51171875 0.3359375 0.00234375 0.00390625
0 0.3138075313807531 0.24117647058823527 0.3200836820083682 0.25176470588235295 0.3284518828451882 0.2447058823529412 0.3535564853556485 0.24705882352941178 0.3577405857740586 0.2776470588235294 0.37656903765690375 0.2788235294117647 0.3807531380753138 0.27294117647058824 0.38912133891213385 0.2741176470588235 0.3933054393305439 0.2917647058823529 0.41004184100418406 0.29764705882352943 0.41004184100418406 0.30470588235294116 0.42677824267782427 0.31058823529411766 0.42677824267782427 0.3164705882352941 0.4435146443514644 0.3164705882352941 0.4560669456066945 0.31058823529411766 0.4623430962343096 0.3188235294117647 0.47698744769874474 0.3247058823529412 0.5 0.3235294117647059 0.4958158995815899 0.3070588235294117 0.4435146443514644 0.2564705882352941 0.38493723849372385 0.24117647058823527 0.3514644351464435 0.2388235294117647 0.3200836820083682 0.2235294117647059 0.3200836820083682 0.22000000000000003 0.2928870292887029 0.2188235294117647 0.2845188284518828 0.2152941176470588 0.28870292887029286 0.22941176470588234 0.3138075313807531 0.24117647058823527
0 0.4497907949790795 0.3588235294117647 0.44142259414225943 0.3564705882352941 0.4456066945606694 0.36470588235294116 0.4497907949790795 0.3588235294117647
0 0.3598326359832636 0.3376470588235294 0.37656903765690375 0.34470588235294114 0.38912133891213385 0.33529411764705885 0.399581589958159 0.3411764705882353 0.403765690376569 0.35058823529411764 0.41004184100418406 0.3458823529411765 0.41004184100418406 0.3305882352941176 0.36820083682008364 0.32705882352941174 0.3577405857740586 0.32941176470588235 0.3598326359832636 0.3376470588235294
0 0.4372384937238493 0.2952941176470588 0.4435146443514644 0.28823529411764703 0.4372384937238493 0.27999999999999997 0.4309623430962343 0.2823529411764706 0.4246861924686193 0.29058823529411765 0.4372384937238493 0.2952941176470588
0 0.3138075313807531 0.2929411764705882 0.3200836820083682 0.29647058823529415 0.3389121338912134 0.2952941176470588 0.3284518828451882 0.3023529411764706 0.33263598326359833 0.3070588235294117 0.34518828451882844 0.2929411764705882 0.3723849372384937 0.30470588235294116 0.38284518828451886 0.30470588235294116 0.38493723849372385 0.3094117647058824 0.399581589958159 0.3 0.41631799163179917 0.2788235294117647 0.41631799163179917 0.27176470588235296 0.39748953974895396 0.2635294117647059 0.4351464435146443 0.25882352941176473 0.4372384937238493 0.2552941176470588 0.42259414225941416 0.25058823529411767 0.403765690376569 0.2529411764705882 0.38702928870292885 0.24117647058823527 0.3514644351464435 0.2376470588235294 0.3200836820083682 0.2176470588235294 0.303347280334728 0.2164705882352941 0.2719665271966527 0.2011764705882353 0.24686192468619245 0.19764705882352943 0.24476987447698742 0.20823529411764707 0.3138075313807531 0.2929411764705882
0 0.74140625 0.94453125 0.00234375 0.00234375
0 0.6548117154811715 0.9529411764705882 0.6589958158995816 0.9635294117647059 0.6673640167364017 0.9670588235294117 0.6736401673640167 0.9623529411764705 0.6882845188284519 0.9647058823529411 0.6882845188284519 0.9717647058823529 0.6778242677824268 0.9717647058823529 0.6882845188284519 0.9729411764705882 0.6778242677824268 0.9823529411764707 0.6799163179916318 0.9941176470588236 0.7112970711297071 0.9988235294117647 0.7845188284518828 0.9941176470588236 0.8326359832635983 0.9988235294117647 0.8368200836820083 0.991764705882353 0.8535564853556485 0.9941176470588236 0.8284518828451883 0.9870588235294118 0.805439330543933 0.9658823529411764 0.803347280334728 0.9741176470588234 0.7887029288702928 0.9705882352941175 0.7803347280334727 0.976470588235294 0.7677824267782427 0.9623529411764705 0.7510460251046025 0.9576470588235294 0.7510460251046025 0.951764705882353 0.7405857740585773 0.9505882352941176 0.7343096234309623 0.9576470588235294 0.7217573221757322 0.9482352941176471 0.705020920502092 0.9482352941176471 0.6945606694560669 0.9376470588235295 0.6945606694560669 0.9223529411764705 0.6778242677824268 0.9211764705882353 0.6715481171548117 0.9282352941176469 0.6673640167364017 0.9470588235294117 0.6548117154811715 0.9529411764705882
0 0.72265625 0.7296875 0.00234375 0.0015625
0 0.5523012552301255 0.6764705882352942 0.5585774058577406 0.6717647058823529 0.5523012552301255 0.6717647058823529 0.5523012552301255 0.6764705882352942
0 0.5418410041841004 0.55 0.5313807531380753 0.5505882352941176 0.5251046025104602 0.5611764705882353 0.5355648535564853 0.5847058823529412 0.5732217573221756 0.6235294117647059 0.5774058577405857 0.6388235294117647 0.5920502092050209 0.6505882352941177 0.604602510460251 0.6764705882352942 0.6297071129707112 0.6941176470588235 0.6297071129707112 0.7105882352941176 0.6213389121338911 0.7164705882352942 0.606694560669456 0.7176470588235294 0.598326359832636 0.7047058823529412 0.5899581589958158 0.7047058823529412 0.5857740585774058 0.7117647058823529 0.602510460251046 0.7247058823529412 0.6150627615062761 0.7270588235294118 0.610878661087866 0.74 0.6359832635983264 0.7588235294117647 0.6464435146443515 0.7541176470588236 0.6464435146443515 0.7411764705882353 0.6589958158995816 0.7435294117647059 0.6673640167364017 0.7552941176470588 0.6757322175732218 0.7341176470588235 0.6903765690376569 0.7258823529411764 0.705020920502092 0.7352941176470588 0.7092050209205021 0.7329411764705882 0.6945606694560669 0.7258823529411764 0.7092050209205021 0.7235294117647059 0.702928870292887 0.72 0.705020920502092 0.7058823529411764 0.7133891213389121 0.7023529411764706 0.7238493723849372 0.7082352941176471 0.7364016736401673 0.7035294117647058 0.7322175732217573 0.6882352941176471 0.7426778242677824 0.6905882352941177 0.7468619246861924 0.6858823529411764 0.7426778242677824 0.6635294117647058 0.7301255230125523 0.6423529411764706 0.6234309623430961 0.5235294117647059 0.6150627615062761 0.5235294117647059 0.608786610878661 0.5176470588235295 0.5941422594142259 0.5235294117647059 0.5941422594142259 0.5176470588235295 0.5711297071129706 0.5258823529411765 0.5690376569037656 0.5352941176470588 0.5564853556485355 0.5376470588235294 0.5460251046025104 0.5305882352941176 0.5334728033472803 0.5388235294117647 0.5418410041841004 0.5435294117647059 0.5418410041841004 0.55
0 0.5292887029288702 0.508235294117647 0.5329678257105757 0.5096146044624745 0.5313807531380753 0.5047058823529411 0.5292887029288702 0.508235294117647
0 0.5329678257105757 0.5096146044624745 0.5337279314215736 0.5119655667144907 0.5355648535564853 0.5105882352941176 0.5329678257105757 0.5096146044624745
0 0.5355648535564853 0.5176470588235295 0.5337279314215736 0.5119655667144907 0.5292887029288702 0.5152941176470589 0.5355648535564853 0.5176470588235295
0 0.5418410041841004 0.49058823529411766 0.5355648535564853 0.4835294117647059 0.5334728033472803 0.491764705882353 0.5418410041841004 0.49058823529411766
0 0.50703125 0.4703125 0.00234375 0.00390625
0 0.5209205020920502 0.4776470588235294 0.5313807531380753 0.48 0.5460251046025104 0.4647058823529412 0.5209205020920502 0.4623529411764705 0.5167364016736402 0.47058823529411764 0.5209205020920502 0.4776470588235294
0 0.5 0.43882352941176467 0.5 0.43176470588235294 0.4937238493723849 0.4329411764705882 0.4916317991631799 0.43882352941176467 0.5 0.43882352941176467
0 0.5251046025104602 0.3764705882352941 0.5334728033472803 0.3729411764705882 0.5251046025104602 0.36823529411764705 0.5251046025104602 0.3764705882352941
0 0.497907949790795 0.33529411764705885 0.4958158995815899 0.3305882352941176 0.48535564853556484 0.3305882352941176 0.48326359832635984 0.3341176470588235 0.497907949790795 0.33529411764705885
0 0.20390625 0.27890625 0.00234375 0.00234375
0 0.305439330543933 0.2741176470588235 0.3075313807531381 0.27176470588235296 0.305439330543933 0.26941176470588235 0.305439330543933 0.2741176470588235
0 0.29609375 0.26171875 0.00234375 0.0015625
0 0.33359375 0.25859375 0.00234375 0.00234375
0 0.13389121338912133 0.2176470588235294 0.13389121338912133 0.21058823529411766 0.1317991631799163 0.20823529411764707 0.13389121338912133 0.2176470588235294
0 0.21757322175732216 0.268235294117647 0.21548117154811716 0.2752941176470588 0.2635983263598326 0.3305882352941176 0.2531380753138075 0.34352941176470586 0.24267782426778242 0.3388235294117647 0.24476987447698742 0.3341176470588235 0.21966527196652716 0.3341176470588235 0.20920502092050208 0.34470588235294114 0.20920502092050208 0.36 0.22594142259414224 0.36470588235294116 0.23430962343096234 0.37411764705882355 0.24058577405857742 0.37058823529411766 0.24686192468619245 0.3764705882352941 0.2594142259414226 0.3576470588235294 0.27824267782426776 0.3529411764705882 0.3138075313807531 0.39647058823529413 0.32217573221757323 0.3988235294117647 0.3305439330543933 0.4117647058823529 0.34518828451882844 0.4176470588235294 0.34309623430962344 0.4223529411764706 0.36610878661087864 0.4541176470588235 0.3619246861924686 0.4623529411764705 0.37656903765690375 0.45999999999999996 0.403765690376569 0.49764705882352944 0.41841004184100417 0.4964705882352941 0.42259414225941416 0.5070588235294118 0.4393305439330543 0.5011764705882353 0.4476987447698745 0.5023529411764706 0.4456066945606694 0.5070588235294118 0.4623430962343096 0.49529411764705883 0.4665271966527197 0.5047058823529411 0.47489539748953974 0.5058823529411764 0.4707112970711297 0.5129411764705882 0.47907949790794974 0.5188235294117647 0.48326359832635984 0.5117647058823529 0.50418410041841 0.52 0.5146443514644352 0.5117647058823529 0.5209205020920502 0.49411764705882355 0.5125523012552301 0.4870588235294117 0.502092050209205 0.488235294117647 0.4937238493723849 0.47411764705882353 0.502092050209205 0.46941176470588236 0.48744769874476984 0.47058823529411764 0.4937238493723849 0.44823529411764707 0.48117154811715485 0.4423529411764706 0.48117154811715485 0.4352941176470588 0.4623430962343096 0.4141176470588235 0.47489539748953974 0.3976470588235294 0.4602510460251046 0.39529411764705885 0.4728033472803347 0.3847058823529412 0.4435146443514644 0.4023529411764706 0.4330543933054393 0.3976470588235294 0.4309623430962343 0.3847058823529412 0.41004184100418406 0.3764705882352941 0.41422594142259417 0.36588235294117644 0.401673640167364 0.3376470588235294 0.36610878661087864 0.29764705882352943 0.3723849372384937 0.2929411764705882 0.3577405857740586 0.29647058823529415 0.3493723849372385 0.28705882352941176 0.33682008368200833 0.2858823529411765 0.3493723849372385 0.27941176470588236 0.34518828451882844 0.2647058823529412 0.34309623430962344 0.27294117647058824 0.3284518828451882 0.2823529411764706 0.3158995815899582 0.2858823529411765 0.30962343096234307 0.2823529411764706 0.303347280334728 0.28705882352941176 0.29707112970711297 0.28117647058823525 0.301255230125523 0.268235294117647 0.299163179916318 0.26588235294117646 0.2928870292887029 0.27176470588235296 0.2866108786610878 0.26941176470588235 0.2803347280334728 0.2541176470588235 0.20920502092050208 0.17529411764705882 0.1903765690376569 0.17529411764705882 0.18619246861924685 0.19058823529411764 0.1694560669456067 0.1776470588235294 0.15690376569037656 0.17529411764705882 0.15690376569037656 0.18941176470588234 0.21757322175732216 0.268235294117647
0 0.895397489539749 0.8905882352941177 0.9456066945606694 0.9788235294117648 0.9560669456066945 0.9882352941176471 0.9874476987447698 0.9847058823529412 0.9937238493723848 0.9870588235294118 0.997907949790795 0.8270588235294116 0.9937238493723848 0.8223529411764705 0.9707112970711297 0.8223529411764705 0.9351464435146444 0.8294117647058824 0.903765690376569 0.8294117647058824 0.8807531380753139 0.8376470588235294 0.8786610878661086 0.8541176470588235 0.895397489539749 0.8905882352941177
0 0.23984375 0.025 0.00234375 0.00390625
0 0.01882845188284519 0.06 0.008368200836820083 0.058823529411764705 0.0041841004184100415 0.06235294117647059 0.012552301255230125 0.07764705882352942 0.0041841004184100415 0.08823529411764705 0.010460251046025104 0.10588235294117647 0 0.10941176470588235 0.02092050209205021 0.11647058823529413 0.02510460251046025 0.11176470588235295 0.04811715481171548 0.11058823529411765 0.058577405857740586 0.10352941176470587 0.06694560669456066 0.10705882352941176 0.07740585774058577 0.10470588235294118 0.0899581589958159 0.11411764705882352 0.09414225941422594 0.13647058823529412 0.13807531380753138 0.16 0.14853556485355648 0.1611764705882353 0.18619246861924685 0.14470588235294118 0.20711297071129708 0.15176470588235294 0.2301255230125523 0.1811764705882353 0.2489539748953975 0.18705882352941178 0.2615062761506276 0.18352941176470589 0.2719665271966527 0.19647058823529412 0.2928870292887029 0.2011764705882353 0.299163179916318 0.20941176470588235 0.3075313807531381 0.20588235294117646 0.31171548117154807 0.21058823529411766 0.32426778242677823 0.21176470588235294 0.33682008368200833 0.2235294117647059 0.3493723849372385 0.2235294117647059 0.41631799163179917 0.24352941176470586 0.4497907949790795 0.2447058823529412 0.4581589958158996 0.24117647058823527 0.4560669456066945 0.22588235294117648 0.37656903765690375 0.13294117647058823 0.36401673640167365 0.11058823529411765 0.34100418410041844 0.08941176470588234 0.31171548117154807 0.04588235294117647 0.2615062761506276 0 0.2573221757322176 0.0058823529411764705 0.2301255230125523 0.011764705882352941 0.22594142259414224 0.009411764705882352 0.2217573221757322 0.012941176470588234 0.200836820083682 0.012941176470588234 0.19665271966527195 0.004705882352941176 0.18828451882845187 0.010588235294117647 0.1799163179916318 0.010588235294117647 0.17364016736401672 0.004705882352941176 0.16108786610878661 0.007058823529411765 0.13389121338912133 0.002352941176470588 0.016736401673640166 0 0.0020920502092050207 0.024705882352941178 0.006276150627615063 0.04470588235294117 0.01882845188284519 0.06
0 0.72265625 0.94765625 0.00234375 0.00390625
0 0.68515625 0.91796875 0.00234375 0.0015625
0 0.6799163179916318 0.8894117647058823 0.6715481171548117 0.8911764705882353 0.6778242677824268 0.9129411764705881 0.6945606694560669 0.9117647058823529 0.698744769874477 0.8964705882352941 0.6882845188284519 0.8894117647058823 0.6820083682008369 0.8905882352941177 0.6736401673640167 0.8823529411764707 0.6736401673640167 0.8717647058823529 0.6610878661087866 0.8576470588235294 0.6569037656903765 0.876470588235294 0.6799163179916318 0.8894117647058823
0 0.6464435146443515 0.8482352941176471 0.6485355648535565 0.8447058823529412 0.6464435146443515 0.8411764705882353 0.6464435146443515 0.8482352941176471
0 0.4476987447698745 0.7105882352941176 0.4372384937238493 0.7164705882352942 0.4518828451882845 0.7282352941176471 0.4644351464435147 0.7564705882352941 0.5188284518828452 0.8164705882352941 0.5481171548117155 0.8647058823529411 0.5774058577405857 0.8941176470588236 0.5920502092050209 0.9176470588235294 0.6192468619246861 0.9470588235294117 0.6276150627615062 0.9505882352941176 0.6380753138075314 0.9482352941176471 0.6464435146443515 0.9541176470588235 0.6548117154811715 0.9341176470588236 0.6610878661087866 0.9329411764705883 0.6548117154811715 0.9117647058823529 0.6422594142259415 0.9011764705882352 0.6485355648535565 0.8811764705882353 0.6464435146443515 0.8788235294117648 0.6317991631799164 0.8823529411764707 0.6150627615062761 0.8752941176470588 0.610878661087866 0.8788235294117648 0.602510460251046 0.8776470588235293 0.5920502092050209 0.8658823529411764 0.5941422594142259 0.8576470588235294 0.608786610878661 0.8494117647058823 0.6276150627615062 0.8529411764705882 0.6276150627615062 0.8435294117647059 0.6401673640167364 0.8411764705882353 0.612970711297071 0.8011764705882353 0.6150627615062761 0.7894117647058823 0.600418410041841 0.7858823529411765 0.5774058577405857 0.7482352941176471 0.5481171548117155 0.7305882352941176 0.5502092050209205 0.7270588235294118 0.5376569037656903 0.7258823529411764 0.5334728033472803 0.7129411764705882 0.5251046025104602 0.7129411764705882 0.5104602510460251 0.7035294117647058 0.5 0.7058823529411764 0.4916317991631799 0.7011764705882353 0.48953974895397484 0.7070588235294117 0.5 0.7188235294117648 0.48953974895397484 0.72 0.47907949790794974 0.7117647058823529 0.4707112970711297 0.7141176470588235 0.4560669456066945 0.7023529411764706 0.4393305439330543 0.7047058823529412 0.4372384937238493 0.7070588235294117 0.4476987447698745 0.7105882352941176
0 0.4728033472803347 0.6835294117647058 0.4707112970711297 0.6729411764705883 0.4665271966527197 0.6752941176470588 0.4728033472803347 0.6835294117647058
0 0.2824267782426778 0.6752941176470588 0.2824267782426778 0.668235294117647 0.27824267782426776 0.6694117647058824 0.27615062761506276 0.6776470588235294 0.2824267782426778 0.6752941176470588
0 0.440625 0.64375 0.00234375 0.00234375
0 0.42259414225941416 0.668235294117647 0.4351464435146443 0.6811764705882353 0.4476987447698745 0.6858823529411764 0.4560669456066945 0.6811764705882353 0.4497907949790795 0.6623529411764706 0.44142259414225943 0.6588235294117647 0.4372384937238493 0.6494117647058824 0.40794979079497906 0.6388235294117647 0.405857740585774 0.6447058823529412 0.42259414225941416 0.668235294117647
0 0.6401673640167364 0.6705882352941177 0.6213389121338911 0.6705882352941177 0.6359832635983264 0.6799999999999999 0.6401673640167364 0.6705882352941177
0 0.604602510460251 0.6585882352941176 0.612970711297071 0.6576470588235294 0.604602510460251 0.6529411764705882 0.604602510460251 0.6585882352941176
0 0.602510460251046 0.6588235294117647 0.604602510460251 0.6635294117647058 0.604602510460251 0.6585882352941176 0.602510460251046 0.6588235294117647
0 0.612970711297071 0.6647058823529411 0.604602510460251 0.6635294117647058 0.604602510460251 0.6694117647058824 0.612970711297071 0.6647058823529411
0 0.60390625 0.6296875 0.00234375 0.00234375
0 0.702928870292887 0.6364705882352941 0.6966527196652719 0.6329411764705882 0.705020920502092 0.6294117647058823 0.6945606694560669 0.6270588235294118 0.6924686192468619 0.6388235294117647 0.702928870292887 0.6364705882352941
0 0.69765625 0.62265625 0.00625 0.0015625
0 0.6736401673640167 0.6164705882352941 0.6694560669456067 0.6223529411764706 0.6736401673640167 0.6376470588235293 0.6736401673640167 0.6164705882352941
0 0.5167364016736402 0.5741176470588235 0.5125523012552301 0.5729411764705883 0.5104602510460251 0.5764705882352941 0.5167364016736402 0.5741176470588235
0 0.5732217573221756 0.5552941176470588 0.5732217573221756 0.5611764705882353 0.5774058577405857 0.5541176470588235 0.5690376569037656 0.5529411764705883 0.5774058577405857 0.5458823529411765 0.5669456066945606 0.5470588235294118 0.5648535564853556 0.5529411764705883 0.5732217573221756 0.5552941176470588
0 0.5209205020920502 0.5647058823529412 0.5397489539748953 0.5776470588235294 0.5355648535564853 0.5847058823529412 0.5418410041841004 0.5941176470588235 0.5523012552301255 0.5952941176470589 0.5439330543933054 0.6023529411764705 0.5585774058577406 0.5952941176470589 0.5690376569037656 0.6023529411764705 0.5899581589958158 0.6047058823529412 0.5920502092050209 0.5898035294117647 0.5836820083682008 0.5894117647058823 0.5920502092050209 0.5835294117647059 0.5794979079497907 0.58 0.5836820083682008 0.5705882352941176 0.5774058577405857 0.5694117647058824 0.5732217573221756 0.5788235294117647 0.5523012552301255 0.571764705882353 0.5502092050209205 0.5588235294117647 0.5355648535564853 0.5494117647058824 0.5355648535564853 0.5447058823529412 0.5292887029288702 0.5458823529411765 0.5209205020920502 0.5529411764705883 0.5209205020920502 0.5647058823529412
0 0.5836820083682008 0.5494117647058824 0.5920502092050209 0.5458823529411765 0.5836820083682008 0.5435294117647059 0.5836820083682008 0.5494117647058824
0 0.5941422594142259 0.5529411764705883 0.604602510460251 0.5776470588235294 0.600418410041841 0.5811764705882353 0.610878661087866 0.5776470588235294 0.6213389121338911 0.58 0.6234309623430961 0.588235294117647 0.6359832635983264 0.5952941176470589 0.6297071129707112 0.5976470588235294 0.6485355648535565 0.5988235294117648 0.6443514644351465 0.6094117647058823 0.6506276150627615 0.608235294117647 0.6506276150627615 0.6019611764705882 0.6610878661087866 0.6094117647058823 0.6652719665271967 0.6047058823529412 0.6799163179916318 0.6047058823529412 0.6820083682008369 0.6129411764705882 0.6966527196652719 0.6164705882352941 0.6736401673640167 0.5858823529411764 0.6569037656903765 0.5858823529411764 0.6610878661087866 0.5823529411764705 0.6527196652719665 0.5811764705882353 0.6610878661087866 0.5741176470588235 0.6506276150627615 0.5729411764705883 0.6464435146443515 0.5529411764705883 0.6213389121338911 0.5423529411764706 0.6255230125523012 0.5305882352941176 0.608786610878661 0.5329411764705883 0.604602510460251 0.5294117647058824 0.600418410041841 0.5329411764705883 0.606694560669456 0.5494117647058824 0.5941422594142259 0.5529411764705883
0 0.401673640167364 0.5094117647058823 0.39748953974895396 0.5047058823529411 0.3953974895397489 0.5164705882352941 0.401673640167364 0.5094117647058823
0 0.3723849372384937 0.4870588235294117 0.37866108786610875 0.491764705882353 0.37447698744769875 0.4964705882352941 0.38284518828451886 0.5 0.3807531380753138 0.48117647058823526 0.3723849372384937 0.48117647058823526 0.3723849372384937 0.4870588235294117
0 0.3577405857740586 0.4788235294117647 0.3619246861924686 0.47411764705882353 0.35564853556485354 0.46352941176470586 0.3577405857740586 0.4788235294117647
0 0.25390625 0.43515625 0.00234375 0.00234375
0 0.37578125 0.36171875 0.00234375 0.0015625
0 0.3912133891213389 0.36941176470588233 0.3912133891213389 0.36 0.38493723849372385 0.3588235294117647 0.38912133891213385 0.35058823529411764 0.38284518828451886 0.3552941176470588 0.38284518828451886 0.36941176470588233 0.3912133891213389 0.36941176470588233
0 0.29707112970711297 0.3164705882352941 0.30962343096234307 0.3235294117647059 0.29707112970711297 0.3411764705882353 0.3075313807531381 0.3458823529411765 0.301255230125523 0.3529411764705882 0.28870292887029286 0.3529411764705882 0.2949790794979079 0.36823529411764705 0.3514644351464435 0.42823529411764705 0.3598326359832636 0.44823529411764707 0.36610878661087864 0.4541176470588235 0.37866108786610875 0.4552941176470588 0.3933054393305439 0.49764705882352944 0.41213389121338906 0.5070588235294118 0.42050209205020916 0.5223529411764706 0.41004184100418406 0.528235294117647 0.42050209205020916 0.5329411764705883 0.42677824267782427 0.5294117647058824 0.4309623430962343 0.5317647058823529 0.4309623430962343 0.5458823529411765 0.4623430962343096 0.5670588235294118 0.4602510460251046 0.5729411764705883 0.4707112970711297 0.588235294117647 0.47698744769874474 0.591764705882353 0.48326359832635984 0.588235294117647 0.4937238493723849 0.6011764705882353 0.506276150627615 0.6035294117647059 0.5083682008368201 0.6129411764705882 0.5146443514644352 0.6152941176470589 0.5083682008368201 0.6176470588235294 0.5167364016736402 0.6176470588235294 0.5146443514644352 0.6294117647058823 0.5209205020920502 0.6305882352941177 0.5418410041841004 0.6141176470588234 0.5418410041841004 0.608235294117647 0.5292887029288702 0.5982352941176471 0.5355648535564853 0.5964705882352941 0.5292887029288702 0.5905882352941176 0.502092050209205 0.5847058823529412 0.506276150627615 0.5741176470588235 0.5 0.5670588235294118 0.5104602510460251 0.5670588235294118 0.50418410041841 0.5611764705882353 0.5146443514644352 0.5376470588235294 0.5313807531380753 0.5376470588235294 0.5376569037656903 0.5305882352941176 0.5460251046025104 0.5294117647058824 0.5355648535564853 0.5058823529411764 0.5230125523012552 0.5011764705882353 0.5188284518828452 0.49411764705882355 0.5125523012552301 0.49411764705882355 0.497907949790795 0.4764705882352941 0.47489539748953974 0.4670588235294118 0.4686192468619247 0.4588235294117647 0.47489539748953974 0.4552941176470588 0.4686192468619247 0.44941176470588234 0.47489539748953974 0.4470588235294118 0.47489539748953974 0.4352941176470588 0.4602510460251046 0.4341176470588235 0.4602510460251046 0.4258823529411765 0.4456066945606694 0.41529411764705887 0.4456066945606694 0.40823529411764703 0.4351464435146443 0.4094117647058823 0.42887029288702927 0.41529411764705887 0.41841004184100417 0.4105882352941176 0.41213389121338906 0.4023529411764706 0.42259414225941416 0.3988235294117647 0.41631799163179917 0.3917647058823529 0.42050209205020916 0.38588235294117645 0.41213389121338906 0.38941176470588235 0.3933054393305439 0.37882352941176467 0.3598326359832636 0.37882352941176467 0.3619246861924686 0.36941176470588233 0.3535564853556485 0.36705882352941177 0.36610878661087864 0.3576470588235294 0.34518828451882844 0.3623529411764706 0.34728033472803344 0.3411764705882353 0.33682008368200833 0.3341176470588235 0.33682008368200833 0.3188235294117647 0.3263598326359832 0.3211764705882353 0.3263598326359832 0.3176470588235294 0.3138075313807531 0.3141176470588235 0.31171548117154807 0.30588235294117644 0.3075313807531381 0.3094117647058824 0.303347280334728 0.3070588235294117 0.299163179916318 0.29764705882352943 0.2824267782426778 0.2952941176470588 0.2928870292887029 0.3035294117647059 0.29707112970711297 0.3164705882352941
0 0.2845188284518828 0.28941176470588237 0.2845188284518828 0.2858823529411765 0.27405857740585776 0.2847058823529412 0.27405857740585776 0.29058823529411765 0.2845188284518828 0.28941176470588237
0 0.42677824267782427 0.3247058823529412 0.42050209205020916 0.3247058823529412 0.42259414225941416 0.3376470588235294 0.42677824267782427 0.3247058823529412
0 0.41841004184100417 0.3588235294117647 0.44142259414225943 0.36588235294117644 0.4351464435146443 0.37176470588235294 0.41841004184100417 0.36705882352941177 0.41841004184100417 0.37529411764705883 0.42887029288702927 0.37882352941176467 0.44142259414225943 0.4011764705882353 0.4623430962343096 0.40352941176470586 0.4665271966527197 0.40705882352941175 0.4686192468619247 0.4211764705882353 0.48326359832635984 0.4376470588235294 0.4958158995815899 0.4658823529411765 0.5146443514644352 0.4764705882352941 0.5188284518828452 0.47058823529411764 0.5313807531380753 0.47294117647058825 0.5355648535564853 0.49764705882352944 0.5481171548117155 0.5023529411764706 0.5502092050209205 0.508235294117647 0.5543933054393305 0.5035294117647059 0.5648535564853556 0.508235294117647 0.604602510460251 0.508235294117647 0.612970711297071 0.4988235294117647 0.604602510460251 0.4458823529411765 0.506276150627615 0.32823529411764707 0.4518828451882845 0.3223529411764706 0.4518828451882845 0.3458823529411765 0.4246861924686193 0.34352941176470586 0.4309623430962343 0.34705882352941175 0.41841004184100417 0.3588235294117647
0 0.48326359832635984 0.588235294117647 0.4916317991631799 0.5952941176470589 0.48326359832635984 0.5952941176470589 0.4937238493723849 0.5964705882352941 0.5 0.608235294117647 0.4916317991631799 0.6176470588235294 0.4958158995815899 0.6341176470588235 0.5167364016736402 0.6505882352941177 0.5376569037656903 0.691764705882353 0.6150627615062761 0.7835294117647058 0.6276150627615062 0.7482352941176471 0.6255230125523012 0.7435294117647059 0.6171548117154811 0.7423529411764707 0.612970711297071 0.7329411764705882 0.6317991631799164 0.7211764705882353 0.6401673640167364 0.7211764705882353 0.6401673640167364 0.6894117647058823 0.606694560669456 0.6670588235294118 0.608786610878661 0.6470588235294118 0.5857740585774058 0.6423529411764706 0.5711297071129706 0.62 0.5502092050209205 0.6117647058823529 0.5355648535564853 0.591764705882353 0.5167364016736402 0.5847058823529412 0.5146443514644352 0.5776470588235294 0.48744769874476984 0.5823529411764705 0.4916317991631799 0.588235294117647 0.48326359832635984 0.588235294117647
0 0.43828125 0.675 0.00234375 0.0015625
0 0.42050209205020916 0.6458823529411765 0.42050209205020916 0.6576470588235294 0.4246861924686193 0.6623529411764706 0.4330543933054393 0.6611764705882353 0.4393305439330543 0.668235294117647 0.4372384937238493 0.6505882352941177 0.42259414225941416 0.6435294117647059 0.41422594142259417 0.6458823529411765 0.42050209205020916 0.6458823529411765
0 0.41640625 0.640625 0.00859375 0.0015625
0 0.21129707112970708 0.5552941176470588 0.21757322175732216 0.5588235294117647 0.21338912133891214 0.5647058823529412 0.2301255230125523 0.5599999999999999 0.2301255230125523 0.5458823529411765 0.21548117154811716 0.5388235294117647 0.20920502092050208 0.54 0.21129707112970708 0.5552941176470588
0 0.2531380753138075 0.4447058823529412 0.2510460251046025 0.4305882352941176 0.24267782426778242 0.4305882352941176 0.24058577405857742 0.42470588235294116 0.24267782426778242 0.4423529411764706 0.2531380753138075 0.4447058823529412
0 0.1589958158995816 0.28823529411764703 0.16736401673640167 0.2917647058823529 0.17154811715481172 0.31058823529411766 0.18410041841004182 0.31058823529411766 0.18410041841004182 0.2988235294117647 0.1694560669456067 0.2929411764705882 0.18200836820083682 0.28823529411764703 0.16736401673640167 0.27647058823529413 0.16108786610878661 0.2788235294117647 0.17573221757322174 0.28823529411764703 0.1589958158995816 0.28823529411764703
0 0.09832635983263598 0.20588235294117646 0.10460251046025104 0.20941176470588235 0.09832635983263598 0.21294117647058824 0.10460251046025104 0.2223529411764706 0.1297071129707113 0.23647058823529413 0.14644351464435146 0.2376470588235294 0.1527196652719665 0.22941176470588234 0.13807531380753138 0.21294117647058824 0.12343096234309622 0.20705882352941174 0.13389121338912133 0.20352941176470588 0.1317991631799163 0.2011764705882353 0.11924686192468618 0.20470588235294115 0.11715481171548117 0.19764705882352943 0.100418410041841 0.19058823529411764 0.10878661087866108 0.1952941176470588 0.09832635983263598 0.20588235294117646
0 0.3389121338912134 0.0976470588235294 0.33263598326359833 0.10823529411764705 0.33682008368200833 0.11294117647058824 0.3389121338912134 0.1 0.3514644351464435 0.10352941176470587 0.35564853556485354 0.10117647058823528 0.33472803347280333 0.0811764705882353 0.3284518828451882 0.08941176470588234 0.3389121338912134 0.0976470588235294
0 0.15546875 0.06171875 0.00234375 0.00390625
0 0.24058577405857742 0.011764705882352941 0.2301255230125523 0.011764705882352941 0.21338912133891214 0 0.17782426778242677 0 0.16736401673640167 0.00823529411764706 0.1422594142259414 0 0.07740585774058577 0 0.07740585774058577 0.004705882352941176 0.10878661087866108 0.03176470588235294 0.1506276150627615 0.043529411764705886 0.1527196652719665 0.049411764705882356 0.1527196652719665 0.04470588235294117 0.16736401673640167 0.03882352941176471 0.17782426778242677 0.043529411764705886 0.18828451882845187 0.06235294117647059 0.20502092050209203 0.07294117647058823 0.21548117154811716 0.07176470588235294 0.21966527196652716 0.08588235294117647 0.23430962343096234 0.09529411764705882 0.24686192468619245 0.09529411764705882 0.25523012552301255 0.08941176470588234 0.2615062761506276 0.09529411764705882 0.26569037656903766 0.08941176470588234 0.2824267782426778 0.09294117647058824 0.2949790794979079 0.08352941176470588 0.32426778242677823 0.08 0.3179916317991632 0.05058823529411764 0.301255230125523 0.043529411764705886 0.2949790794979079 0.02823529411764706 0.27405857740585776 0.0058823529411764705 0.2615062761506276 0 0.2531380753138075 0 0.24058577405857742 0.011764705882352941
0 0.04375 0.00078125 0.00390625 0.0015625
0 0.42050209205020916 0.3458823529411765 0.42887029288702927 0.34352941176470586 0.4330543933054393 0.3517647058823529 0.41422594142259417 0.3576470588235294 0.401673640167364 0.3870588235294118 0.41631799163179917 0.3847058823529412 0.4330543933054393 0.40705882352941175 0.4623430962343096 0.4141176470588235 0.4665271966527197 0.4352941176470588 0.4518828451882845 0.43647058823529405 0.4393305439330543 0.4435294117647059 0.4456066945606694 0.47294117647058825 0.4539748953974895 0.48 0.4518828451882845 0.4894117647058824 0.48117154811715485 0.5094117647058823 0.48953974895397484 0.5058823529411764 0.4958158995815899 0.508235294117647 0.4937238493723849 0.5152941176470589 0.502092050209205 0.5188235294117647 0.506276150627615 0.5317647058823529 0.506276150627615 0.5270588235294118 0.5271966527196652 0.5152941176470589 0.5523012552301255 0.5317647058823529 0.5627615062761506 0.5517647058823529 0.5774058577405857 0.5588235294117647 0.5899581589958158 0.5517647058823529 0.5836820083682008 0.5411764705882354 0.600418410041841 0.536470588235294 0.606694560669456 0.54 0.608786610878661 0.5352941176470588 0.6150627615062761 0.5352941176470588 0.598326359832636 0.5247058823529411 0.6171548117154811 0.5105882352941176 0.610878661087866 0.46117647058823524 0.602510460251046 0.4447058823529412 0.5774058577405857 0.4141176470588235 0.5627615062761506 0.40588235294117647 0.5355648535564853 0.3623529411764706 0.5209205020920502 0.35411764705882354 0.5188284518828452 0.34470588235294114 0.50418410041841 0.33999999999999997 0.50418410041841 0.32941176470588235 0.497907949790795 0.32588235294117646 0.4623430962343096 0.32705882352941174 0.4518828451882845 0.32 0.4497907949790795 0.3235294117647059 0.44142259414225943 0.3211764705882353 0.41631799163179917 0.32588235294117646 0.4246861924686193 0.34352941176470586 0.42050209205020916 0.3458823529411765
0 0.04921875 0.9234375 0.00234375 0.0046875
0 0.006276150627615063 0.9882352941176471 0.012552301255230125 0.9952941176470589 0.03765690376569038 0.9988235294117647 0.0899581589958159 0.9988235294117647 0.07740585774058577 0.9694117647058823 0.06485355648535565 0.96 0.06694560669456066 0.9494117647058824 0.03556485355648535 0.9388235294117647 0.02510460251046025 0.9176470588235294 0.029288702928870293 0.9117647058823529 0.046025104602510455 0.9070588235294117 0.0502092050209205 0.9117647058823529 0.058577405857740586 0.9058823529411765 0.05648535564853556 0.8870588235294118 0.06276150627615062 0.8811764705882353 0.06694560669456066 0.8505882352941176 0.05230125523012552 0.8423529411764706 0.0020920502092050207 0.8529411764705882 0 0.9729411764705882 0.006276150627615063 0.9882352941176471
0 0.707112970711297 0.7729411764705882 0.702928870292887 0.7717647058823529 0.700836820083682 0.78 0.707112970711297 0.7729411764705882
0 0.7175732217573222 0.7682352941176471 0.7196652719665272 0.7776470588235294 0.7364016736401673 0.7811764705882352 0.7405857740585773 0.7729411764705882 0.7322175732217573 0.7694117647058824 0.7405857740585773 0.7670588235294118 0.7343096234309623 0.7647058823529411 0.7384937238493723 0.7611764705882352 0.7322175732217573 0.7529411764705882 0.7259414225941423 0.7541176470588236 0.7322175732217573 0.7576470588235293 0.7175732217573222 0.7682352941176471
0 0.6338912133891214 0.6364705882352941 0.6317991631799164 0.6329411764705882 0.6255230125523012 0.6317647058823529 0.6338912133891214 0.6364705882352941
0 0.5585774058577406 0.7 0.5648535564853556 0.7164705882352942 0.5815899581589958 0.7235294117647059 0.5794979079497907 0.7364705882352941 0.5941422594142259 0.7458823529411764 0.602510460251046 0.7458823529411764 0.598326359832636 0.7576470588235293 0.6171548117154811 0.7635294117647058 0.610878661087866 0.7717647058823529 0.6317991631799164 0.7717647058823529 0.6317991631799164 0.7788235294117647 0.6234309623430961 0.7811764705882352 0.6234309623430961 0.7917647058823529 0.6359832635983264 0.7941176470588236 0.6359832635983264 0.8035294117647058 0.6527196652719665 0.8094117647058823 0.6610878661087866 0.7976470588235294 0.6380753138075314 0.78 0.6401673640167364 0.7752941176470588 0.6464435146443515 0.7717647058823529 0.6694560669456067 0.7741176470588236 0.6757322175732218 0.7541176470588236 0.6841004184100419 0.7505882352941177 0.6945606694560669 0.7588235294117647 0.7112970711297071 0.76 0.7238493723849372 0.7458823529411764 0.7322175732217573 0.7458823529411764 0.7364016736401673 0.7529411764705882 0.7510460251046025 0.7482352941176471 0.7405857740585773 0.7329411764705882 0.7510460251046025 0.7329411764705882 0.7468619246861924 0.7270588235294118 0.7573221757322175 0.6976470588235294 0.7426778242677824 0.6647058823529411 0.7280334728033473 0.648235294117647 0.7092050209205021 0.6505882352941177 0.707112970711297 0.6352941176470588 0.698744769874477 0.6294117647058823 0.6861924686192469 0.6411764705882353 0.6778242677824268 0.6341176470588235 0.6694560669456067 0.6364705882352941 0.6485355648535565 0.6305882352941177 0.612970711297071 0.6470588235294118 0.6213389121338911 0.6552941176470588 0.6171548117154811 0.6623529411764706 0.606694560669456 0.6623529411764706 0.598326359832636 0.6552941176470588 0.5962343096234309 0.6576470588235294 0.608786610878661 0.6858823529411764 0.604602510460251 0.6905882352941177 0.5962343096234309 0.6870588235294117 0.5878661087866108 0.6929411764705883 0.5815899581589958 0.6776470588235294 0.5815899581589958 0.6847058823529412 0.5732217573221756 0.6858823529411764 0.5627615062761506 0.6752941176470588 0.5711297071129706 0.6717647058823529 0.5523012552301255 0.6623529411764706 0.5564853556485355 0.6670588235294118 0.5481171548117155 0.6717647058823529 0.5502092050209205 0.6952941176470588 0.5585774058577406 0.7
0 0.66640625 0.628125 0.00234375 0.00234375
0 0.6799163179916318 0.62 0.6778242677824268 0.6223529411764706 0.6778242677824268 0.6317647058823529 0.6799163179916318 0.62
0 0.6150627615062761 0.6235294117647059 0.6171548117154811 0.6164705882352941 0.600418410041841 0.6141176470588234 0.5920502092050209 0.6035294117647059 0.598326359832636 0.6211764705882353 0.6150627615062761 0.6235294117647059
0 0.6694560669456067 0.6094117647058823 0.6673640167364017 0.5905882352941176 0.6631799163179916 0.6141176470588234 0.6694560669456067 0.6094117647058823
0 0.6569037656903765 0.6588235294117647 0.6485355648535565 0.6529411764705882 0.6569037656903765 0.6505882352941177 0.6527196652719665 0.6447058823529412 0.6443514644351465 0.6435294117647059 0.6485355648535565 0.6552941176470588 0.6569037656903765 0.6588235294117647
0 0.5083682008368201 0.5423529411764706 0.5146443514644352 0.5388235294117647 0.506276150627615 0.5388235294117647 0.5083682008368201 0.5423529411764706
0 0.50418410041841 0.608235294117647 0.50418410041841 0.6176470588235294 0.4937238493723849 0.6188235294117648 0.497907949790795 0.6329411764705882 0.5146443514644352 0.6447058823529412 0.5271966527196652 0.6411764705882353 0.5376569037656903 0.6505882352941177 0.5397489539748953 0.6894117647058823 0.5774058577405857 0.7364705882352941 0.604602510460251 0.7458823529411764 0.5941422594142259 0.7541176470588236 0.606694560669456 0.7717647058823529 0.6150627615062761 0.7729411764705882 0.6171548117154811 0.7658823529411765 0.606694560669456 0.7658823529411765 0.606694560669456 0.76 0.6255230125523012 0.7564705882352941 0.6297071129707112 0.7517647058823529 0.608786610878661 0.7305882352941176 0.6297071129707112 0.72 0.6401673640167364 0.7223529411764706 0.6506276150627615 0.7070588235294117 0.6485355648535565 0.6988235294117647 0.6610878661087866 0.6929411764705883 0.6527196652719665 0.6788235294117647 0.6338912133891214 0.6705882352941177 0.6380753138075314 0.6552941176470588 0.6234309623430961 0.6364705882352941 0.6255230125523012 0.62 0.600418410041841 0.6117647058823529 0.598326359832636 0.5988235294117648 0.5711297071129706 0.5776470588235294 0.5711297071129706 0.5635294117647058 0.5564853556485355 0.5658823529411765 0.5481171548117155 0.571764705882353 0.5292887029288702 0.5635294117647058 0.5292887029288702 0.556470588235294 0.5418410041841004 0.5529411764705883 0.5418410041841004 0.5352941176470588 0.5230125523012552 0.5505882352941176 0.5209205020920502 0.5599999999999999 0.5 0.5599999999999999 0.48535564853556484 0.5741176470588235 0.48117154811715485 0.591764705882353 0.50418410041841 0.608235294117647
0 0.64921875 0.79375 0.00234375 0.0015625
0 0.440625 0.70859375 0.00234375 0.00390625
0 0.37656903765690375 0.5094117647058823 0.3723849372384937 0.5047058823529411 0.36401673640167365 0.5164705882352941 0.3179916317991632 0.5211764705882354 0.3138075313807531 0.528235294117647 0.3535564853556485 0.5835294117647059 0.41631799163179917 0.64 0.42050209205020916 0.6576470588235294 0.44142259414225943 0.6847058823529412 0.4644351464435147 0.6847058823529412 0.4665271966527197 0.7011764705882353 0.4393305439330543 0.7164705882352942 0.4497907949790795 0.7176470588235294 0.4602510460251046 0.7376470588235293 0.47489539748953974 0.7317647058823529 0.5104602510460251 0.7458823529411764 0.5292887029288702 0.7447058823529412 0.5418410041841004 0.7352941176470588 0.5585774058577406 0.7305882352941176 0.5690376569037656 0.7435294117647059 0.5857740585774058 0.7505882352941177 0.5920502092050209 0.7647058823529411 0.6150627615062761 0.7847058823529411 0.6150627615062761 0.7482352941176471 0.600418410041841 0.7305882352941176 0.6297071129707112 0.7129411764705882 0.6359832635983264 0.691764705882353 0.6297071129707112 0.691764705882353 0.6150627615062761 0.6811764705882353 0.600418410041841 0.6494117647058824 0.5794979079497907 0.6423529411764706 0.5690376569037656 0.6223529411764706 0.5502092050209205 0.6117647058823529 0.5 0.5494117647058824 0.4916317991631799 0.5505882352941176 0.4686192468619247 0.5329411764705883 0.4581589958158996 0.548235294117647 0.4497907949790795 0.5388235294117647 0.4456066945606694 0.5435294117647059 0.4309623430962343 0.5352941176470588 0.42677824267782427 0.5411764705882354 0.41631799163179917 0.5435294117647059 0.41631799163179917 0.54 0.40794979079497906 0.5388235294117647 0.41631799163179917 0.5341176470588235 0.41841004184100417 0.5105882352941176 0.3912133891213389 0.49294117647058827 0.38284518828451886 0.49411764705882355 0.38493723849372385 0.508235294117647 0.37656903765690375 0.5094117647058823
0 0.10251046025104602 0.009411764705882352 0.10460251046025104 0.0035294117647058825 0.09205020920502091 0.0058823529411764705 0.10251046025104602 0.009411764705882352
0 0.10878661087866108 0.011764705882352941 0.10878661087866108 0.021176470588235293 0.12761506276150628 0.03176470588235294 0.13807531380753138 0.04588235294117647 0.13598326359832635 0.05411764705882353 0.16527196652719664 0.0811764705882353 0.21338912133891214 0.15529411764705883 0.23849372384937237 0.17058823529411765 0.23640167364016734 0.17411764705882354 0.24476987447698742 0.16823529411764707 0.2510460251046025 0.17176470588235293 0.2573221757322176 0.16823529411764707 0.2573221757322176 0.18235294117647058 0.26569037656903766 0.18235294117647058 0.27824267782426776 0.1988235294117647 0.299163179916318 0.20941176470588235 0.3200836820083682 0.21411764705882352 0.33472803347280333 0.22470588235294117 0.4351464435146443 0.24705882352941178 0.4581589958158996 0.24117647058823527 0.4560669456066945 0.22588235294117648 0.33682008368200833 0.08235294117647059 0.3158995815899582 0.047058823529411764 0.2719665271966527 0.004705882352941176 0.2573221757322176 0 0.23849372384937237 0.018823529411764704 0.2301255230125523 0.01647058823529412 0.2217573221757322 0.004705882352941176 0.18200836820083682 0.0035294117647058825 0.16736401673640167 0.00823529411764706 0.1317991631799163 0.002352941176470588 0.11297071129707112 0.004705882352941176 0.11715481171548117 0.00823529411764706 0.10878661087866108 0.011764705882352941
0 0.9330543933054394 0.7529411764705882 0.9351464435146444 0.7470588235294118 0.9288702928870294 0.7435294117647059 0.9267782426778242 0.7517647058823529 0.9330543933054394 0.7529411764705882
0 0.8305439330543933 0.7317647058823529 0.8410041841004183 0.7282352941176471 0.8410041841004183 0.72 0.8305439330543933 0.7129411764705882 0.8263598326359831 0.72 0.8158995815899581 0.7164705882352942 0.8179916317991631 0.7282352941176471 0.8305439330543933 0.7317647058823529
0 0.7803347280334727 0.6776470588235294 0.7970711297071129 0.6988235294117647 0.7949790794979079 0.7035294117647058 0.801255230125523 0.7035294117647058 0.799163179916318 0.7105882352941176 0.8138075313807531 0.7117647058823529 0.8242677824267781 0.7035294117647058 0.8326359832635983 0.7023529411764706 0.8326359832635983 0.7070588235294117 0.8368200836820083 0.6988235294117647 0.8430962343096233 0.7035294117647058 0.8514644351464435 0.6976470588235294 0.8535564853556485 0.7082352941176471 0.8640167364016736 0.7129411764705882 0.8619246861924686 0.7188235294117648 0.8744769874476986 0.7188235294117648 0.8723849372384936 0.7223529411764706 0.8870292887029289 0.7270588235294118 0.8891213389121339 0.7176470588235294 0.9225941422594142 0.7141176470588235 0.9330543933054394 0.7047058823529412 0.9456066945606694 0.7129411764705882 0.9686192468619247 0.7176470588235294 0.9728033472803347 0.7105882352941176 0.9937238493723848 0.7023529411764706 0.9937238493723848 0.6152941176470589 0.9686192468619247 0.6152941176470589 0.912133891213389 0.6329411764705882 0.8326359832635983 0.6470588235294118 0.7866108786610878 0.6611764705882353 0.7803347280334727 0.6647058823529411 0.7803347280334727 0.6776470588235294
0 0.77734375 0.9640625 0.00234375 0.00390625
0 0.7615062761506276 0.968235294117647 0.7698744769874477 0.968235294117647 0.7719665271966527 0.9635294117647059 0.7615062761506276 0.96 0.7615062761506276 0.968235294117647
0 0.434375 0.6515625 0.00234375 0.00234375
0 0.4109375 0.49140625 0.00234375 0.00234375
0 0.6924686192468619 0.86 0.7259414225941423 0.9070588235294117 0.7322175732217573 0.931764705882353 0.7552301255230125 0.9541176470588235 0.7615062761506276 0.9729411764705882 0.7907949790794978 0.9941176470588236 0.809623430962343 0.9941176470588236 0.8138075313807531 0.9823529411764707 0.8200836820083681 0.9811764705882353 0.8347280334728033 0.9941176470588236 0.8430962343096233 0.9941176470588236 0.8514644351464435 0.9882352941176471 0.8598326359832635 0.9941176470588236 0.897489539748954 0.9952941176470589 0.8870292887029289 0.9576470588235294 0.8891213389121339 0.9423529411764706 0.8723849372384936 0.916470588235294 0.8702928870292886 0.9 0.8514644351464435 0.8776470588235293 0.8514644351464435 0.8552941176470588 0.8347280334728033 0.828235294117647 0.8347280334728033 0.8164705882352941 0.8179916317991631 0.7952941176470588 0.807531380753138 0.7941176470588236 0.811715481171548 0.7752941176470588 0.805439330543933 0.7658823529411765 0.799163179916318 0.7611764705882352 0.7866108786610878 0.7623529411764706 0.7824267782426778 0.7541176470588236 0.7761506276150627 0.7576470588235293 0.7635983263598326 0.7552941176470588 0.7573221757322175 0.7635294117647058 0.7698744769874477 0.7647058823529411 0.7719665271966527 0.78 0.7468619246861924 0.7811764705882352 0.7405857740585773 0.7917647058823529 0.7238493723849372 0.8023529411764706 0.7133891213389121 0.8047058823529412 0.7092050209205021 0.7952941176470588 0.6966527196652719 0.7988235294117647 0.705020920502092 0.8352941176470589 0.6924686192468619 0.86
0 0.8328125 0.99375 0.00390625 0.0015625
0 0.8912133891213389 0.9941176470588236 0.8828451882845189 0.991764705882353 0.8807531380753139 0.9941176470588236 0.8912133891213389 0.9941176470588236
0 0.8891213389121339 0.9788235294117648 0.8828451882845189 0.9752941176470588 0.8870292887029289 0.9894117647058824 0.8891213389121339 0.9788235294117648
0 0.6192468619246861 0.9258823529411764 0.6234309623430961 0.9176470588235294 0.6171548117154811 0.9152941176470588 0.612970711297071 0.9176470588235294 0.6192468619246861 0.9258823529411764
0 0.5523012552301255 0.8623529411764705 0.5627615062761506 0.8670588235294117 0.5648535564853556 0.876470588235294 0.5753138075313807 0.8823529411764707 0.5899581589958158 0.9047058823529411 0.608786610878661 0.916470588235294 0.610878661087866 0.8952941176470588 0.604602510460251 0.8929411764705882 0.598326359832636 0.876470588235294 0.5899581589958158 0.8694117647058823 0.5836820083682008 0.876470588235294 0.5794979079497907 0.8741176470588234 0.5543933054393305 0.8505882352941176 0.5606694560669456 0.86 0.5523012552301255 0.8623529411764705
0 0.6401673640167364 0.8376470588235294 0.6359832635983264 0.8388235294117647 0.6380753138075314 0.8423529411764706 0.6401673640167364 0.8376470588235294
0 0.5355648535564853 0.8152941176470587 0.5251046025104602 0.8023529411764706 0.5230125523012552 0.808235294117647 0.5355648535564853 0.8152941176470587
0 0.5765625 0.77734375 0.00234375 0.00625
0 0.6276150627615062 0.7976470588235294 0.6338912133891214 0.7705882352941177 0.6213389121338911 0.7764705882352941 0.6171548117154811 0.7894117647058823 0.6276150627615062 0.7976470588235294
0 0.5648535564853556 0.7529411764705882 0.5564853556485355 0.7588235294117647 0.5627615062761506 0.76 0.5669456066945606 0.7541176470588236 0.5627615062761506 0.7482352941176471 0.5585774058577406 0.7494117647058823 0.5564853556485355 0.7517647058823529 0.5648535564853556 0.7529411764705882
0 0.5355648535564853 0.7682352941176471 0.5460251046025104 0.7552941176470588 0.5376569037656903 0.7494117647058823 0.5230125523012552 0.7494117647058823 0.5209205020920502 0.7576470588235293 0.5355648535564853 0.7682352941176471
0 0.6234309623430961 0.7435294117647059 0.6338912133891214 0.7423529411764707 0.6317991631799164 0.7364705882352941 0.6234309623430961 0.7364705882352941 0.6234309623430961 0.7435294117647059
0 0.6610878661087866 0.8152941176470587 0.6527196652719665 0.8270588235294116 0.6527196652719665 0.8423529411764706 0.6464435146443515 0.8411764705882353 0.6569037656903765 0.8447058823529412 0.6569037656903765 0.876470588235294 0.6443514644351465 0.8811764705882353 0.6380753138075314 0.8717647058823529 0.612970711297071 0.868235294117647 0.610878661087866 0.8541176470588235 0.600418410041841 0.8694117647058823 0.612970711297071 0.8717647058823529 0.6150627615062761 0.8800000000000001 0.6317991631799164 0.8941176470588236 0.6317991631799164 0.9141176470588235 0.6506276150627615 0.9141176470588235 0.6485355648535565 0.9258823529411764 0.6589958158995816 0.9329411764705883 0.6464435146443515 0.9376470588235295 0.6443514644351465 0.9458823529411765 0.6548117154811715 0.9482352941176471 0.6736401673640167 0.9305882352941177 0.6694560669456067 0.9211764705882353 0.6882845188284519 0.9211764705882353 0.6966527196652719 0.9070588235294117 0.707112970711297 0.9058823529411765 0.7196652719665272 0.9211764705882353 0.707112970711297 0.9364705882352942 0.7154811715481172 0.9458823529411765 0.7259414225941423 0.9458823529411765 0.7405857740585773 0.9552941176470588 0.7405857740585773 0.9611764705882353 0.7489539748953975 0.9635294117647059 0.7698744769874477 0.9870588235294118 0.8200836820083681 0.9941176470588236 0.8200836820083681 0.9905882352941177 0.8305439330543933 0.9882352941176471 0.8430962343096233 0.96 0.8514644351464435 0.9670588235294117 0.8765690376569036 0.9752941176470588 0.8765690376569036 0.9694117647058823 0.8640167364016736 0.968235294117647 0.8682008368200836 0.9623529411764705 0.8786610878661086 0.9623529411764705 0.8786610878661086 0.9423529411764706 0.8661087866108786 0.9388235294117647 0.8619246861924686 0.9070588235294117 0.8347280334728033 0.8741176470588234 0.8410041841004183 0.8576470588235294 0.8179916317991631 0.8447058823529412 0.8263598326359831 0.8388235294117647 0.8263598326359831 0.8164705882352941 0.8200836820083681 0.8105882352941176 0.8138075313807531 0.8164705882352941 0.805439330543933 0.8164705882352941 0.7887029288702928 0.8070588235294117 0.7887029288702928 0.788235294117647 0.799163179916318 0.7858823529411765 0.807531380753138 0.7752941176470588 0.7907949790794978 0.7752941176470588 0.7740585774058577 0.7682352941176471 0.7719665271966527 0.7529411764705882 0.7594142259414226 0.7541176470588236 0.7510460251046025 0.7458823529411764 0.7489539748953975 0.7317647058823529 0.7468619246861924 0.7376470588235293 0.7364016736401673 0.74 0.7384937238493723 0.75 0.7217573221757322 0.7611764705882352 0.7133891213389121 0.7529411764705882 0.7154811715481172 0.7482352941176471 0.698744769874477 0.74 0.698744769874477 0.7447058823529412 0.6841004184100419 0.7541176470588236 0.6736401673640167 0.7505882352941177 0.6673640167364017 0.7564705882352941 0.6569037656903765 0.7552941176470588 0.6527196652719665 0.74 0.6485355648535565 0.7411764705882353 0.6401673640167364 0.7588235294117647 0.6589958158995816 0.7752941176470588 0.6610878661087866 0.8152941176470587
0 0.6453125 0.72421875 0.00234375 0.00390625
0 0.6401673640167364 0.7235294117647059 0.6317991631799164 0.7188235294117648 0.6317991631799164 0.7235294117647059 0.6401673640167364 0.7235294117647059
0 0.6673640167364017 0.7305882352941176 0.6736401673640167 0.72 0.6673640167364017 0.7117647058823529 0.6589958158995816 0.7129411764705882 0.6548117154811715 0.7247058823529412 0.6673640167364017 0.7305882352941176
0 0.698744769874477 0.7047058823529412 0.6966527196652719 0.7082352941176471 0.6861924686192469 0.7082352941176471 0.6945606694560669 0.7152941176470587 0.705020920502092 0.7058823529411764 0.6882845188284519 0.6964705882352942 0.6861924686192469 0.7011764705882353 0.698744769874477 0.7047058823529412
0 0.7384937238493723 0.6976470588235294 0.7301255230125523 0.6988235294117647 0.7364016736401673 0.7011764705882353 0.7322175732217573 0.7035294117647058 0.7405857740585773 0.7141176470588235 0.7259414225941423 0.72 0.7133891213389121 0.7152941176470587 0.705020920502092 0.7211764705882353 0.705020920502092 0.7352941176470588 0.7133891213389121 0.7364705882352941 0.7154811715481172 0.7423529411764707 0.7175732217573222 0.7329411764705882 0.7301255230125523 0.7352941176470588 0.7322175732217573 0.7258823529411764 0.7489539748953975 0.7129411764705882 0.7405857740585773 0.7094117647058823 0.7426778242677824 0.7047058823529412 0.7510460251046025 0.7035294117647058 0.7447698744769874 0.6988235294117647 0.7510460251046025 0.6976470588235294 0.7384937238493723 0.6964705882352942 0.7322175732217573 0.6847058823529412 0.7301255230125523 0.6894117647058823 0.7384937238493723 0.6976470588235294
0 0.9916317991631798 0.9988235294117647 0.99581589958159 0.9952941176470589 0.9937238493723848 0.9847058823529412 0.9497907949790795 0.9894117647058824 0.9518828451882845 0.9988235294117647 0.9916317991631798 0.9988235294117647
0 0.88984375 0.99453125 0.00234375 0.0015625
0 0.7238493723849372 0.9870588235294118 0.7217573221757322 0.9788235294117648 0.7175732217573222 0.9847058823529412 0.7238493723849372 0.9870588235294118
0 0.7447698744769874 0.9729411764705882 0.7677824267782427 0.9941176470588236 0.805439330543933 0.9941176470588236 0.8263598326359831 0.9988235294117647 0.8451882845188283 0.9988235294117647 0.8535564853556485 0.9952941176470589 0.8514644351464435 0.9752941176470588 0.8347280334728033 0.9741176470588234 0.8410041841004183 0.9705882352941175 0.8368200836820083 0.9635294117647059 0.8200836820083681 0.9541176470588235 0.8179916317991631 0.9423529411764706 0.803347280334728 0.9423529411764706 0.799163179916318 0.9282352941176469 0.7887029288702928 0.9341176470588236 0.7824267782426778 0.931764705882353 0.7866108786610878 0.9258823529411764 0.7782426778242677 0.9223529411764705 0.7677824267782427 0.9258823529411764 0.7615062761506276 0.9188235294117646 0.7531380753138075 0.9258823529411764 0.7322175732217573 0.9258823529411764 0.7301255230125523 0.9364705882352942 0.7447698744769874 0.9729411764705882
0 0.34518828451882844 0.4305882352941176 0.3619246861924686 0.44117647058823534 0.3912133891213389 0.4435294117647059 0.38493723849372385 0.45176470588235296 0.39748953974895396 0.4564705882352941 0.38284518828451886 0.4647058823529412 0.3912133891213389 0.488235294117647 0.42259414225941416 0.5223529411764706 0.4351464435146443 0.5458823529411765 0.4623430962343096 0.5611764705882353 0.47907949790794974 0.5599999999999999 0.48326359832635984 0.5458823529411765 0.48744769874476984 0.5505882352941176 0.5 0.5529411764705883 0.5 0.5599999999999999 0.5209205020920502 0.5599999999999999 0.5271966527196652 0.54 0.5460251046025104 0.5270588235294118 0.5418410041841004 0.5094117647058823 0.5188284518828452 0.4870588235294117 0.5188284518828452 0.48235294117647054 0.5292887029288702 0.48 0.5271966527196652 0.47411764705882353 0.5125523012552301 0.48235294117647054 0.5 0.471764705882353 0.48953974895397484 0.46941176470588236 0.48117154811715485 0.4470588235294118 0.4602510460251046 0.43176470588235294 0.4581589958158996 0.41647058823529415 0.44142259414225943 0.4258823529411765 0.42677824267782427 0.4235294117647059 0.41213389121338906 0.42823529411764705 0.40794979079497906 0.42470588235294116 0.41422594142259417 0.4188235294117647 0.40794979079497906 0.4211764705882353 0.403765690376569 0.4176470588235294 0.403765690376569 0.4011764705882353 0.3933054393305439 0.3976470588235294 0.39748953974895396 0.39294117647058824 0.401673640167364 0.39294117647058824 0.403765690376569 0.38941176470588235 0.3933054393305439 0.3811764705882353 0.36820083682008364 0.3941176470588235 0.34100418410041844 0.3941176470588235 0.33682008368200833 0.3976470588235294 0.34518828451882844 0.4305882352941176
0 0.88671875 0.99375 0.00390625 0.0015625
0 0.65390625 0.73984375 0.00234375 0.00234375
0 0.6673640167364017 0.7317647058823529 0.6715481171548117 0.72 0.6610878661087866 0.7188235294117648 0.6589958158995816 0.7247058823529412 0.6673640167364017 0.7317647058823529
0 0.7656903765690377 0.7176470588235294 0.7719665271966527 0.7188235294117648 0.7719665271966527 0.7105882352941176 0.7635983263598326 0.7164705882352942 0.7656903765690377 0.7223529411764706 0.7656903765690377 0.7176470588235294
0 0.6548117154811715 0.8388235294117647 0.6631799163179916 0.8447058823529412 0.6694560669456067 0.8611764705882352 0.700836820083682 0.8870588235294118 0.7343096234309623 0.9458823529411765 0.7531380753138075 0.96 0.7740585774058577 0.9858823529411765 0.7928870292887029 0.9941176470588236 0.8138075313807531 0.9941176470588236 0.8200836820083681 0.9882352941176471 0.8284518828451883 0.9882352941176471 0.8347280334728033 0.9941176470588236 0.8326359832635983 0.9847058823529412 0.8410041841004183 0.9870588235294118 0.8472803347280335 0.9741176470588234 0.8514644351464435 0.9800000000000001 0.8619246861924686 0.9705882352941175 0.8765690376569036 0.9741176470588234 0.8661087866108786 0.9705882352941175 0.8807531380753139 0.9647058823529411 0.8828451882845189 0.9423529411764706 0.8430962343096233 0.8741176470588234 0.8451882845188283 0.851764705882353 0.8347280334728033 0.8376470588235294 0.8305439330543933 0.8152941176470587 0.8179916317991631 0.7964705882352942 0.805439330543933 0.7929411764705883 0.811715481171548 0.7764705882352941 0.7824267782426778 0.7435294117647059 0.7824267782426778 0.7341176470588235 0.7594142259414226 0.7294117647058823 0.7510460251046025 0.7211764705882353 0.7510460251046025 0.7152941176470587 0.7615062761506276 0.7129411764705882 0.7531380753138075 0.7058823529411764 0.7426778242677824 0.7094117647058823 0.7384937238493723 0.7 0.7531380753138075 0.6976470588235294 0.7405857740585773 0.6988235294117647 0.7322175732217573 0.6929411764705883 0.7364016736401673 0.6847058823529412 0.7301255230125523 0.691764705882353 0.7364016736401673 0.6988235294117647 0.7322175732217573 0.7129411764705882 0.7196652719665272 0.7129411764705882 0.702928870292887 0.6988235294117647 0.6882845188284519 0.6976470588235294 0.6882845188284519 0.7105882352941176 0.698744769874477 0.7188235294117648 0.6924686192468619 0.7258823529411764 0.6778242677824268 0.7188235294117648 0.6778242677824268 0.7258823529411764 0.6882845188284519 0.7341176470588235 0.6861924686192469 0.74 0.6610878661087866 0.7623529411764706 0.6631799163179916 0.7929411764705883 0.6548117154811715 0.8388235294117647
0 0.546875 0.5609375 0.00234375 0.00234375
0 0.33359375 0.53203125 0.00234375 0.0015625
0 0.3179916317991632 0.5141176470588235 0.3075313807531381 0.5105882352941176 0.3138075313807531 0.5176470588235295 0.3179916317991632 0.5141176470588235
0 0.5334728033472803 0.5270588235294118 0.5355648535564853 0.508235294117647 0.5334728033472803 0.5047058823529411 0.5230125523012552 0.5070588235294118 0.5209205020920502 0.5188235294117647 0.5334728033472803 0.5270588235294118
0 0.5313807531380753 0.46941176470588236 0.5251046025104602 0.4682352941176471 0.5251046025104602 0.47294117647058825 0.5313807531380753 0.46941176470588236
0 0.3263598326359832 0.4776470588235294 0.34100418410041844 0.4788235294117647 0.3305439330543933 0.4670588235294118 0.3284518828451882 0.46941176470588236 0.33263598326359833 0.47058823529411764 0.3263598326359832 0.4776470588235294
0 0.3171875 0.4671875 0.00234375 0.00234375
0 0.3546875 0.4640625 0.00234375 0.00625
0 0.2928870292887029 0.44117647058823534 0.2845188284518828 0.44117647058823534 0.2866108786610878 0.44823529411764707 0.2928870292887029 0.44117647058823534
0 0.26569037656903766 0.44941176470588234 0.27615062761506276 0.4458823529411765 0.2845188284518828 0.4211764705882353 0.2594142259414226 0.40705882352941175 0.24686192468619245 0.4188235294117647 0.24686192468619245 0.43882352941176467 0.26569037656903766 0.44941176470588234
0 0.24686192468619245 0.36823529411764705 0.25523012552301255 0.36 0.2489539748953975 0.34470588235294114 0.2217573221757322 0.3376470588235294 0.21338912133891214 0.34352941176470586 0.21338912133891214 0.3588235294117647 0.24686192468619245 0.36823529411764705
0 0.3200836820083682 0.29058823529411765 0.3263598326359832 0.2917647058823529 0.3263598326359832 0.2858823529411765 0.3200836820083682 0.2858823529411765 0.3200836820083682 0.29058823529411765
0 0.2984375 0.2703125 0.00234375 0.0046875
0 0.21966527196652716 0.2752941176470588 0.23430962343096234 0.2858823529411765 0.303347280334728 0.38235294117647056 0.34309623430962344 0.4176470588235294 0.3577405857740586 0.44117647058823534 0.35564853556485354 0.4505882352941176 0.36401673640167365 0.45176470588235296 0.36820083682008364 0.4576470588235294 0.3619246861924686 0.46352941176470586 0.37866108786610875 0.4623529411764705 0.3933054393305439 0.491764705882353 0.41422594142259417 0.5047058823529411 0.42050209205020916 0.52 0.4330543933054393 0.5270588235294118 0.4351464435146443 0.5458823529411765 0.4497907949790795 0.5529411764705883 0.4560669456066945 0.5635294117647058 0.4644351464435147 0.5647058823529412 0.4623430962343096 0.5705882352941176 0.4728033472803347 0.5764705882352941 0.47489539748953974 0.5870588235294117 0.47489539748953974 0.5776470588235294 0.4920865926869201 0.5722762148337596 0.48744769874476984 0.5670588235294118 0.48117154811715485 0.5705882352941176 0.47698744769874474 0.5682352941176471 0.48326359832635984 0.5611764705882353 0.4937238493723849 0.5599999999999999 0.4937238493723849 0.5552941176470588 0.48535564853556484 0.5541176470588235 0.47489539748953974 0.5258823529411765 0.48326359832635984 0.5258823529411765 0.4916317991631799 0.5164705882352941 0.506276150627615 0.5258823529411765 0.5083682008368201 0.5152941176470589 0.5230125523012552 0.5011764705882353 0.5104602510460251 0.4870588235294117 0.502092050209205 0.4870588235294117 0.5 0.4788235294117647 0.48535564853556484 0.471764705882353 0.47489539748953974 0.45294117647058824 0.48117154811715485 0.4458823529411765 0.47698744769874474 0.4341176470588235 0.4518828451882845 0.4141176470588235 0.4539748953974895 0.4023529411764706 0.4665271966527197 0.40823529411764703 0.47489539748953974 0.3870588235294118 0.4686192468619247 0.3870588235294118 0.4602510460251046 0.3976470588235294 0.4435146443514644 0.40470588235294114 0.4330543933054393 0.40470588235294114 0.42259414225941416 0.38941176470588235 0.41422594142259417 0.38588235294117645 0.42050209205020916 0.38235294117647056 0.41213389121338906 0.38588235294117645 0.40794979079497906 0.38235294117647056 0.399581589958159 0.3847058823529412 0.3933054393305439 0.37882352941176467 0.36610878661087864 0.3729411764705882 0.41004184100418406 0.36941176470588233 0.399581589958159 0.36705882352941177 0.41004184100418406 0.3623529411764706 0.399581589958159 0.34470588235294114 0.38912133891213385 0.3411764705882353 0.3912133891213389 0.32705882352941174 0.3619246861924686 0.3211764705882353 0.36820083682008364 0.3141176470588235 0.3619246861924686 0.30117647058823527 0.34309623430962344 0.30470588235294116 0.3493723849372385 0.3 0.3493723849372385 0.28823529411764703 0.3389121338912134 0.2858823529411765 0.34728033472803344 0.27999999999999997 0.34728033472803344 0.2705882352941177 0.3389121338912134 0.2752941176470588 0.33472803347280333 0.2988235294117647 0.31171548117154807 0.29764705882352943 0.29707112970711297 0.28705882352941176 0.2949790794979079 0.2741176470588235 0.2866108786610878 0.27176470588235296 0.23849372384937237 0.20588235294117646 0.22384937238493724 0.19764705882352943 0.20920502092050208 0.1776470588235294 0.19874476987447698 0.17529411764705882 0.19246861924686193 0.1788235294117647 0.19665271966527195 0.19764705882352943 0.18410041841004182 0.19764705882352943 0.17364016736401672 0.18470588235294116 0.1631799163179916 0.1811764705882353 0.1589958158995816 0.18941176470588234 0.21338912133891214 0.2647058823529412 0.22384937238493724 0.268235294117647 0.21966527196652716 0.2752941176470588
0 0.26569037656903766 0.15411764705882353 0.26987447698744765 0.15058823529411763 0.2615062761506276 0.14941176470588236 0.26569037656903766 0.15411764705882353
0 0.34518828451882844 0.14352941176470588 0.34100418410041844 0.15411764705882353 0.3485975515264218 0.15625272331154683 0.35564853556485354 0.15058823529411763 0.34518828451882844 0.14352941176470588
0 0.27109375 0.134375 0.00234375 0.00390625
0 0.24686192468619245 0.012941176470588234 0.23640167364016734 0.018823529411764704 0.20920502092050208 0.002352941176470588 0.18619246861924685 0.0035294117647058825 0.1799163179916318 0 0.1631799163179916 0.007058823529411765 0.1317991631799163 0 0.08786610878661087 0 0.08786610878661087 0.004705882352941176 0.100418410041841 0.011764705882352941 0.1108786610878661 0.029411764705882353 0.13389121338912133 0.04 0.13389121338912133 0.05647058823529412 0.1422594142259414 0.05411764705882353 0.1631799163179916 0.07764705882352942 0.18200836820083682 0.08352941176470588 0.17782426778242677 0.0976470588235294 0.19246861924686193 0.10705882352941176 0.18828451882845187 0.11176470588235295 0.19456066945606693 0.11411764705882352 0.19665271966527195 0.10941176470588235 0.22384937238493724 0.11058823529411765 0.23221757322175735 0.1223529411764706 0.2489539748953975 0.12941176470588237 0.24267782426778242 0.1423529411764706 0.27405857740585776 0.14352941176470588 0.2824267782426778 0.1623529411764706 0.2866108786610878 0.15411764705882353 0.3179916317991632 0.14705882352941174 0.32217573221757323 0.13529411764705884 0.34518828451882844 0.1223529411764706 0.34728033472803344 0.11058823529411765 0.35564853556485354 0.10352941176470587 0.34100418410041844 0.08705882352941177 0.3263598326359832 0.08352941176470588 0.3158995815899582 0.049411764705882356 0.299163179916318 0.042352941176470586 0.301255230125523 0.036470588235294116 0.2719665271966527 0.0058823529411764705 0.2573221757322176 0 0.24686192468619245 0.004705882352941176 0.24686192468619245 0.012941176470588234
0 0.7280334728033473 0.9552941176470588 0.7322175732217573 0.9611764705882353 0.7384937238493723 0.9611764705882353 0.7322175732217573 0.9529411764705882 0.7259414225941423 0.9529411764705882 0.7217573221757322 0.9411764705882353 0.707112970711297 0.9329411764705883 0.702928870292887 0.9364705882352942 0.702928870292887 0.9482352941176471 0.7280334728033473 0.9552941176470588
0 0.5083682008368201 0.8070588235294117 0.5167364016736402 0.8105882352941176 0.5481171548117155 0.8670588235294117 0.5732217573221756 0.891764705882353 0.6171548117154811 0.9505882352941176 0.6338912133891214 0.9564705882352941 0.6527196652719665 0.9752941176470588 0.6736401673640167 0.9729411764705882 0.6736401673640167 0.9800000000000001 0.6631799163179916 0.983529411764706 0.6778242677824268 0.9870588235294118 0.6757322175732218 0.9811764705882353 0.6861924686192469 0.9788235294117648 0.6757322175732218 0.9717647058823529 0.6778242677824268 0.9670588235294117 0.6841004184100419 0.9647058823529411 0.6841004184100419 0.968235294117647 0.6966527196652719 0.9694117647058823 0.6945606694560669 0.9658823529411764 0.6861924686192469 0.9658823529411764 0.6841004184100419 0.9552941176470588 0.6924686192468619 0.9564705882352941 0.6673640167364017 0.9494117647058824 0.6673640167364017 0.9270588235294117 0.6610878661087866 0.916470588235294 0.6736401673640167 0.9176470588235294 0.6841004184100419 0.924705882352941 0.6945606694560669 0.9223529411764705 0.698744769874477 0.9 0.6757322175732218 0.8800000000000001 0.6464435146443515 0.8423529411764706 0.6276150627615062 0.828235294117647 0.604602510460251 0.7894117647058823 0.5857740585774058 0.7788235294117647 0.5711297071129706 0.7470588235294118 0.5502092050209205 0.7411764705882353 0.5334728033472803 0.7470588235294118 0.5251046025104602 0.7447058823529412 0.5146443514644352 0.7541176470588236 0.50418410041841 0.7541176470588236 0.497907949790795 0.7470588235294118 0.48744769874476984 0.7458823529411764 0.48535564853556484 0.74 0.4728033472803347 0.74 0.4686192468619247 0.7364705882352941 0.4644351464435147 0.7388235294117647 0.4665271966527197 0.7541176470588236 0.5083682008368201 0.8070588235294117
0 0.58671875 0.8109375 0.00234375 0.0015625
0 0.26569037656903766 0.7352941176470588 0.2615062761506276 0.7376470588235293 0.27824267782426776 0.7447058823529412 0.26987447698744765 0.7505882352941177 0.2845188284518828 0.7505882352941177 0.2845188284518828 0.7388235294117647 0.26987447698744765 0.74 0.2635983263598326 0.7258823529411764 0.2573221757322176 0.7282352941176471 0.26569037656903766 0.7352941176470588
0 0.2573221757322176 0.7258823529411764 0.2573221757322176 0.7129411764705882 0.2489539748953975 0.7141176470588235 0.2573221757322176 0.7258823529411764
0 0.5188284518828452 0.7164705882352942 0.5271966527196652 0.7164705882352942 0.5209205020920502 0.7105882352941176 0.497907949790795 0.7129411764705882 0.50418410041841 0.7270588235294118 0.5188284518828452 0.7164705882352942
0 0.4958158995815899 0.7011764705882353 0.48953974895397484 0.6964705882352942 0.4937238493723849 0.7070588235294117 0.4958158995815899 0.7011764705882353
0 0.2510460251046025 0.7 0.24686192468619245 0.6941176470588235 0.24267782426778242 0.6964705882352942 0.24058577405857742 0.7023529411764706 0.2510460251046025 0.7
0 0.4560669456066945 0.6588235294117647 0.4581589958158996 0.6505882352941177 0.4518828451882845 0.6529411764705882 0.4560669456066945 0.6588235294117647
0 0.41004184100418406 0.6505882352941177 0.4372384937238493 0.6823529411764706 0.4497907949790795 0.6858823529411764 0.4560669456066945 0.6823529411764706 0.4518828451882845 0.6670588235294118 0.4372384937238493 0.6494117647058824 0.41213389121338906 0.6364705882352941 0.405857740585774 0.6364705882352941 0.41004184100418406 0.6505882352941177
0 0.41422594142259417 0.6247058823529412 0.41004184100418406 0.6294117647058823 0.4351464435146443 0.6341176470588235 0.43952073031570943 0.6390374331550801 0.4456066945606694 0.6364705882352941 0.4393305439330543 0.6329411764705882 0.4456066945606694 0.6223529411764706 0.4372384937238493 0.6105882352941177 0.42259414225941416 0.6105882352941177 0.41004184100418406 0.6 0.40794979079497906 0.6070588235294118 0.42050209205020916 0.6105882352941177 0.40794979079497906 0.6164705882352941 0.41422594142259417 0.6247058823529412
0 0.41841004184100417 0.5823529411764705 0.41631799163179917 0.5788235294117647 0.40794979079497906 0.5788235294117647 0.41004184100418406 0.5752941176470588 0.401673640167364 0.5752941176470588 0.401673640167364 0.5905882352941176 0.41841004184100417 0.5823529411764705
0 0.38912133891213385 0.5776470588235294 0.38284518828451886 0.5658823529411765 0.38284518828451886 0.6 0.38912133891213385 0.5776470588235294
0 0.20502092050209203 0.556470588235294 0.21548117154811716 0.5694117647058824 0.21966527196652716 0.5623529411764705 0.2301255230125523 0.5611764705882353 0.22594142259414224 0.5552941176470588 0.23221757322175735 0.5517647058823529 0.21966527196652716 0.5388235294117647 0.20711297071129708 0.5388235294117647 0.21129707112970708 0.5505882352941176 0.20502092050209203 0.556470588235294
0 0.3577405857740586 0.556470588235294 0.36610878661087864 0.5470588235294118 0.37447698744769875 0.548235294117647 0.3577405857740586 0.5352941176470588 0.3514644351464435 0.5388235294117647 0.3577405857740586 0.556470588235294
0 0.34100418410041844 0.5623529411764705 0.34728033472803344 0.5599999999999999 0.34518828451882844 0.5470588235294118 0.32217573221757323 0.528235294117647 0.3200836820083682 0.5388235294117647 0.34100418410041844 0.5623529411764705
0 0.16953125 0.50546875 0.00390625 0.0015625
0 0.24476987447698742 0.4341176470588235 0.24267782426778242 0.4423529411764706 0.2615062761506276 0.44823529411764707 0.26569037656903766 0.4341176470588235 0.24476987447698742 0.42823529411764705 0.2510460251046025 0.4329411764705882 0.24476987447698742 0.4341176470588235
0 0.02510460251046025 0.1223529411764706 0.046025104602510455 0.1341176470588235 0.060669456066945605 0.14588235294117646 0.058577405857740586 0.15411764705882353 0.06694560669456066 0.15764705882352942 0.07740585774058577 0.1588235294117647 0.10460251046025104 0.14705882352941174 0.11715481171548117 0.15411764705882353 0.14435146443514643 0.16 0.1799163179916318 0.14705882352941174 0.18410041841004182 0.1376470588235294 0.17364016736401672 0.10941176470588235 0.16108786610878661 0.09882352941176471 0.15481171548117154 0.08235294117647059 0.1401673640167364 0.06588235294117648 0.12343096234309622 0.05647058823529412 0.12552301255230125 0.047058823529411764 0.10460251046025104 0.036470588235294116 0.07322175732217573 0 0.058577405857740586 0.002352941176470588 0.04811715481171548 0.009411764705882352 0.04184100418410042 0.00823529411764706 0.04184100418410042 0 0.01882845188284519 0 0.0041841004184100415 0.0058823529411764705 0 0.1188235294117647 0.02510460251046025 0.1223529411764706
0 0.6213389121338911 0.8223529411764705 0.6234309623430961 0.8270588235294116 0.6192468619246861 0.8164705882352941 0.612970711297071 0.8211764705882352 0.6213389121338911 0.8223529411764705
0 0.5146443514644352 0.8105882352941176 0.5251046025104602 0.8105882352941176 0.5146443514644352 0.8058823529411765 0.5146443514644352 0.8105882352941176
0 0.6598516546215291 0.7174866310160428 0.6652719665271967 0.7164705882352942 0.6589958158995816 0.7141176470588235 0.6598516546215291 0.7174866310160428
0 0.6652719665271967 0.7211764705882353 0.6600418410041841 0.7182352941176471 0.6610878661087866 0.7223529411764706 0.6652719665271967 0.7211764705882353
0 0.725 0.678125 0.00234375 0.0015625
0 0.3577405857740586 0.5823529411764705 0.37656903765690375 0.5870588235294117 0.3723849372384937 0.5988235294117648 0.38912133891213385 0.6 0.39748953974895396 0.6047058823529412 0.3933054393305439 0.6176470588235294 0.40794979079497906 0.6235294117647059 0.40794979079497906 0.6317647058823529 0.4309623430962343 0.6470588235294118 0.42677824267782427 0.6541176470588235 0.4309623430962343 0.6635294117647058 0.4372384937238493 0.6635294117647058 0.4372384937238493 0.6729411764705883 0.4393305439330543 0.6647058823529411 0.4476987447698745 0.6635294117647058 0.4539748953974895 0.6705882352941177 0.4497907949790795 0.6811764705882353 0.4707112970711297 0.6847058823529412 0.4623430962343096 0.6882352941176471 0.4707112970711297 0.7 0.4623430962343096 0.7 0.4518828451882845 0.7117647058823529 0.4435146443514644 0.7058823529411764 0.4393305439330543 0.7082352941176471 0.4393305439330543 0.7176470588235294 0.4476987447698745 0.72 0.4623430962343096 0.7482352941176471 0.4686192468619247 0.7529411764705882 0.47489539748953974 0.74 0.48326359832635984 0.7364705882352941 0.5083682008368201 0.7470588235294118 0.506276150627615 0.7517647058823529 0.5271966527196652 0.7658823529411765 0.5397489539748953 0.7894117647058823 0.5606694560669456 0.8105882352941176 0.5690376569037656 0.8164705882352941 0.5878661087866108 0.82 0.5920502092050209 0.8388235294117647 0.5962343096234309 0.828235294117647 0.5878661087866108 0.8152941176470587 0.608786610878661 0.8152941176470587 0.612970711297071 0.8117647058823529 0.606694560669456 0.8035294117647058 0.5962343096234309 0.8047058823529412 0.5941422594142259 0.7976470588235294 0.600418410041841 0.7941176470588236 0.6150627615062761 0.7976470588235294 0.6213389121338911 0.7941176470588236 0.6401673640167364 0.8058823529411765 0.6589958158995816 0.7905882352941177 0.6506276150627615 0.7858823529411765 0.6506276150627615 0.7752941176470588 0.6569037656903765 0.7717647058823529 0.6548117154811715 0.7541176470588236 0.6422594142259415 0.7494117647058823 0.6464435146443515 0.7470588235294118 0.6338912133891214 0.7494117647058823 0.6317991631799164 0.74 0.6192468619246861 0.7411764705882353 0.6150627615062761 0.7364705882352941 0.6192468619246861 0.7270588235294118 0.6297071129707112 0.7223529411764706 0.6464435146443515 0.7247058823529412 0.6464435146443515 0.7176470588235294 0.6338912133891214 0.7164705882352942 0.6359832635983264 0.691764705882353 0.6297071129707112 0.691764705882353 0.612970711297071 0.6799999999999999 0.5962343096234309 0.6505882352941177 0.5815899581589958 0.6458823529411765 0.5648535564853556 0.6235294117647059 0.5460251046025104 0.6129411764705882 0.5355648535564853 0.5952941176470589 0.5167364016736402 0.5870588235294117 0.5146443514644352 0.5782352941176471 0.506276150627615 0.5764705882352941 0.5087373861678562 0.5737024221453286 0.4958158995815899 0.5705882352941176 0.497907949790795 0.5576470588235294 0.47698744769874474 0.5658823529411765 0.4707112970711297 0.5729411764705883 0.4602510460251046 0.5705882352941176 0.4539748953974895 0.58 0.4476987447698745 0.5729411764705883 0.4456066945606694 0.5764705882352941 0.4393305439330543 0.5741176470588235 0.4351464435146443 0.556470588235294 0.42259414225941416 0.5670588235294118 0.39748953974895396 0.5541176470588235 0.37866108786610875 0.5576470588235294 0.38284518828451886 0.5494117647058824 0.3912133891213389 0.5470588235294118 0.3912133891213389 0.5341176470588235 0.38493723849372385 0.5329411764705883 0.38912133891213385 0.5294117647058824 0.37447698744769875 0.5329411764705883 0.3723849372384937 0.5188235294117647 0.3619246861924686 0.5247058823529411 0.3284518828451882 0.5247058823529411 0.3284518828451882 0.5341176470588235 0.33682008368200833 0.5388235294117647 0.34100418410041844 0.5588235294117647 0.3577405857740586 0.5823529411764705
0 0.606694560669456 0.48117647058823526 0.602510460251046 0.48235294117647054 0.602510460251046 0.4894117647058824 0.606694560669456 0.48117647058823526
0 0.33682008368200833 0.2752941176470588 0.33472803347280333 0.27999999999999997 0.3263598326359832 0.2788235294117647 0.33472803347280333 0.2823529411764706 0.34100418410041844 0.27294117647058824 0.36820083682008364 0.2941176470588235 0.3723849372384937 0.30588235294117644 0.3807531380753138 0.30588235294117644 0.37866108786610875 0.3223529411764706 0.38702928870292885 0.3247058823529412 0.3933054393305439 0.3376470588235294 0.41004184100418406 0.3482352941176471 0.41213389121338906 0.3764705882352941 0.4393305439330543 0.4023529411764706 0.4665271966527197 0.40823529411764703 0.4728033472803347 0.42705882352941177 0.4916317991631799 0.43882352941176467 0.48953974895397484 0.4470588235294118 0.497907949790795 0.4623529411764705 0.5251046025104602 0.46352941176470586 0.5418410041841004 0.48117647058823526 0.5481171548117155 0.47294117647058825 0.5606694560669456 0.46941176470588236 0.5774058577405857 0.4764705882352941 0.5815899581589958 0.4835294117647059 0.5753138075313807 0.4870588235294117 0.5878661087866108 0.491764705882353 0.5920502092050209 0.47411764705882353 0.598326359832636 0.47294117647058825 0.608786610878661 0.4788235294117647 0.604602510460251 0.44823529411764707 0.4937238493723849 0.30588235294117644 0.4518828451882845 0.26235294117647057 0.4351464435146443 0.2552941176470588 0.3389121338912134 0.2388235294117647 0.3305439330543933 0.23411764705882354 0.3179916317991632 0.24 0.3179916317991632 0.26588235294117646 0.33682008368200833 0.2752941176470588
0 0.698744769874477 0.9941176470588236 0.6966527196652719 0.9905882352941177 0.6924686192468619 0.9941176470588236 0.698744769874477 0.9941176470588236
0 0.83359375 0.8859375 0.00234375 0.00234375
0 0.6640625 0.83046875 0.00234375 0.0046875
0 0.73359375 0.81796875 0.00234375 0.0046875
0 0.6464435146443515 0.9458823529411765 0.6610878661087866 0.9635294117647059 0.6736401673640167 0.9647058823529411 0.6778242677824268 0.9458823529411765 0.6903765690376569 0.9552941176470588 0.700836820083682 0.9705882352941175 0.7092050209205021 0.9741176470588234 0.702928870292887 0.9941176470588236 0.7259414225941423 0.9941176470588236 0.7405857740585773 0.9776470588235293 0.7510460251046025 0.9776470588235293 0.7698744769874477 0.9941176470588236 0.897489539748954 0.9941176470588236 0.8891213389121339 0.9729411764705882 0.8807531380753139 0.9670588235294117 0.8786610878661086 0.9470588235294117 0.8682008368200836 0.943529411764706 0.8661087866108786 0.9282352941176469 0.8556485355648535 0.9235294117647058 0.8661087866108786 0.9141176470588235 0.8472803347280335 0.8976470588235295 0.8451882845188283 0.8894117647058823 0.8514644351464435 0.8870588235294118 0.8158995815899581 0.8858823529411766 0.8158995815899581 0.8929411764705882 0.807531380753138 0.8976470588235295 0.7949790794979079 0.8835294117647059 0.7970711297071129 0.8658823529411764 0.7782426778242677 0.8694117647058823 0.7615062761506276 0.8470588235294118 0.7468619246861924 0.8552941176470588 0.7384937238493723 0.8552941176470588 0.7301255230125523 0.8494117647058823 0.7301255230125523 0.8400000000000001 0.7154811715481172 0.8341176470588236 0.7196652719665272 0.8294117647058824 0.7133891213389121 0.8176470588235294 0.702928870292887 0.8129411764705882 0.702928870292887 0.7952941176470588 0.6820083682008369 0.8105882352941176 0.6882845188284519 0.8211764705882352 0.6736401673640167 0.8247058823529411 0.6820083682008369 0.828235294117647 0.6736401673640167 0.8329411764705883 0.6694560669456067 0.8564705882352941 0.6569037656903765 0.8576470588235294 0.6548117154811715 0.8611764705882352 0.6631799163179916 0.8658823529411764 0.6485355648535565 0.8729411764705881 0.6589958158995816 0.9176470588235294 0.6464435146443515 0.9458823529411765
0 0.6715481171548117 0.7905882352941177 0.6652719665271967 0.7964705882352942 0.6736401673640167 0.7894117647058823 0.6673640167364017 0.7823529411764706 0.6631799163179916 0.788235294117647 0.6715481171548117 0.7905882352941177
0 0.5546875 0.4578125 0.00390625 0.00234375
0 0.5355648535564853 0.4141176470588235 0.5355648535564853 0.43176470588235294 0.5418410041841004 0.4341176470588235 0.5481171548117155 0.43176470588235294 0.5418410041841004 0.4258823529411765 0.5523012552301255 0.4176470588235294 0.5794979079497907 0.4294117647058823 0.5815899581589958 0.42705882352941177 0.5732217573221756 0.4258823529411765 0.5732217573221756 0.4223529411764706 0.5815899581589958 0.4211764705882353 0.5627615062761506 0.39529411764705885 0.5585774058577406 0.3917647058823529 0.5502092050209205 0.3941176470588235 0.5460251046025104 0.40705882352941175 0.5355648535564853 0.4141176470588235
0 0.3075313807531381 0.2776470588235294 0.3138075313807531 0.2929411764705882 0.3284518828451882 0.3 0.3305439330543933 0.3070588235294117 0.3514644351464435 0.29647058823529415 0.3577405857740586 0.31058823529411766 0.36820083682008364 0.31529411764705884 0.36820083682008364 0.3235294117647059 0.35564853556485354 0.3317647058823529 0.3577405857740586 0.3376470588235294 0.37656903765690375 0.34352941176470586 0.37447698744769875 0.3458823529411765 0.3912133891213389 0.33999999999999997 0.40794979079497906 0.3635294117647059 0.41631799163179917 0.36588235294117644 0.42050209205020916 0.38235294117647056 0.4330543933054393 0.3917647058823529 0.47698744769874474 0.40352941176470586 0.497907949790795 0.42705882352941177 0.5104602510460251 0.42470588235294116 0.5397489539748953 0.3870588235294118 0.5543933054393305 0.3870588235294118 0.502092050209205 0.3164705882352941 0.4539748953974895 0.2647058823529412 0.4351464435146443 0.2541176470588235 0.3493723849372385 0.2388235294117647 0.30962343096234307 0.2188235294117647 0.2866108786610878 0.21294117647058824 0.26569037656903766 0.2176470588235294 0.27615062761506276 0.24352941176470586 0.3075313807531381 0.2776470588235294
0 0.77734375 0.73671875 0.00234375 0.0015625
0 0.6631799163179916 0.7623529411764706 0.6610878661087866 0.7788235294117647 0.6694560669456067 0.7835294117647058 0.6715481171548117 0.7929411764705883 0.6485355648535565 0.8035294117647058 0.6506276150627615 0.8211764705882352 0.6589958158995816 0.8258823529411764 0.6589958158995816 0.8376470588235294 0.6778242677824268 0.86 0.700836820083682 0.8717647058823529 0.698744769874477 0.8776470588235293 0.707112970711297 0.8823529411764707 0.7175732217573222 0.876470588235294 0.7322175732217573 0.8752941176470588 0.7405857740585773 0.8647058823529411 0.7531380753138075 0.8670588235294117 0.7552301255230125 0.8800000000000001 0.7552301255230125 0.876470588235294 0.7677824267782427 0.8823529411764707 0.7782426778242677 0.8800000000000001 0.7803347280334727 0.8670588235294117 0.7928870292887029 0.851764705882353 0.7845188284518828 0.8482352941176471 0.7928870292887029 0.8341176470588236 0.7887029288702928 0.831764705882353 0.7782426778242677 0.8376470588235294 0.7740585774058577 0.8341176470588236 0.7803347280334727 0.82 0.799163179916318 0.8035294117647058 0.7887029288702928 0.7823529411764706 0.801255230125523 0.7741176470588236 0.7866108786610878 0.7588235294117647 0.7866108786610878 0.7494117647058823 0.7698744769874477 0.7435294117647059 0.7573221757322175 0.7 0.7510460251046025 0.6929411764705883 0.7301255230125523 0.691764705882353 0.7384937238493723 0.6847058823529412 0.7364016736401673 0.6788235294117647 0.7133891213389121 0.6764705882352942 0.705020920502092 0.6717647058823529 0.705020920502092 0.6929411764705883 0.6945606694560669 0.6905882352941177 0.6841004184100419 0.6964705882352942 0.6778242677824268 0.6952941176470588 0.6799163179916318 0.7023529411764706 0.6715481171548117 0.7070588235294117 0.6631799163179916 0.7047058823529412 0.6610878661087866 0.7164705882352942 0.6527196652719665 0.7235294117647059 0.6464435146443515 0.7211764705882353 0.6359832635983264 0.7352941176470588 0.6234309623430961 0.7258823529411764 0.6150627615062761 0.7282352941176471 0.6359832635983264 0.7552941176470588 0.6631799163179916 0.7623529411764706
0 0.51171875 0.4078125 0.00234375 0.0015625
0 0.2949790794979079 0.25764705882352945 0.29707112970711297 0.268235294117647 0.32217573221757323 0.2847058823529412 0.3158995815899582 0.28941176470588237 0.3284518828451882 0.28941176470588237 0.33472803347280333 0.29764705882352943 0.3389121338912134 0.2917647058823529 0.3514644351464435 0.29058823529411765 0.3723849372384937 0.30470588235294116 0.3807531380753138 0.3035294117647059 0.37866108786610875 0.3176470588235294 0.3912133891213389 0.32823529411764707 0.37447698744769875 0.32823529411764707 0.36820083682008364 0.3341176470588235 0.3723849372384937 0.3376470588235294 0.38912133891213385 0.3341176470588235 0.41213389121338906 0.35058823529411764 0.41422594142259417 0.36 0.4372384937238493 0.3611764705882353 0.42677824267782427 0.3764705882352941 0.4309623430962343 0.3811764705882353 0.4456066945606694 0.37882352941176467 0.4518828451882845 0.3729411764705882 0.4602510460251046 0.3729411764705882 0.47698744769874474 0.34705882352941175 0.48744769874476984 0.3482352941176471 0.48953974895397484 0.3423529411764706 0.5146443514644352 0.3423529411764706 0.506276150627615 0.3388235294117647 0.5146443514644352 0.33647058823529413 0.502092050209205 0.32823529411764707 0.4937238493723849 0.3070588235294117 0.4539748953974895 0.26588235294117646 0.4351464435146443 0.2541176470588235 0.3493723849372385 0.2388235294117647 0.3138075313807531 0.22000000000000003 0.28870292887029286 0.21294117647058824 0.2635983263598326 0.2164705882352941 0.2615062761506276 0.2211764705882353 0.2949790794979079 0.25764705882352945
0 0.00546875 0.89765625 0.00234375 0.00234375
0 0.21548117154811716 0.7423529411764707 0.21129707112970708 0.7341176470588235 0.20920502092050208 0.7388235294117647 0.21548117154811716 0.7423529411764707
0 0 0.7988235294117647 0.0041841004184100415 0.8388235294117647 0.010460251046025104 0.8470588235294118 0.0041841004184100415 0.8529411764705882 0 0.8823529411764707 0.008368200836820083 0.8894117647058823 0.0041841004184100415 0.8905882352941177 0.016736401673640166 0.8929411764705882 0.02092050209205021 0.9117647058823529 0.0041841004184100415 0.9129411764705881 0.008368200836820083 0.9141176470588235 0.0020920502092050207 0.924705882352941 0.0041841004184100415 0.9305882352941177 0.014644351464435146 0.9329411764705883 0.02719665271966527 0.943529411764706 0.02719665271966527 0.9470588235294117 0.0041841004184100415 0.9482352941176471 0.006276150627615063 0.9529411764705882 0 0.9564705882352941 0.008368200836820083 0.9541176470588235 0.012552301255230125 0.9623529411764705 0 0.9658823529411764 0.012552301255230125 0.9941176470588236 0.03347280334728033 0.9941176470588236 0.046025104602510455 0.9729411764705882 0.07531380753138076 0.9647058823529411 0.0899581589958159 0.9941176470588236 0.10251046025104602 0.9964705882352941 0.13598326359832635 0.991764705882353 0.18410041841004182 0.9941176470588236 0.23430962343096234 0.9776470588235293 0.23849372384937237 0.9647058823529411 0.24686192468619245 0.9635294117647059 0.2573221757322176 0.9694117647058823 0.27615062761506276 0.9576470588235294 0.299163179916318 0.9611764705882353 0.2928870292887029 0.916470588235294 0.2866108786610878 0.9105882352941176 0.2928870292887029 0.8894117647058823 0.2845188284518828 0.8729411764705881 0.24476987447698742 0.8529411764705882 0.21548117154811716 0.8305882352941177 0.1903765690376569 0.8247058823529411 0.1694560669456067 0.8070588235294117 0.17154811715481172 0.7564705882352941 0.16108786610878661 0.7329411764705882 0.11715481171548117 0.7047058823529412 0.0899581589958159 0.6929411764705883 0.0794979079497908 0.6952941176470588 0.06276150627615062 0.6823529411764706 0.0502092050209205 0.6835294117647058 0.046025104602510455 0.6964705882352942 0.03765690376569038 0.6976470588235294 0.03347280334728033 0.7035294117647058 0.012552301255230125 0.7035294117647058 0.014644351464435146 0.7105882352941176 0.0041841004184100415 0.7247058823529412 0.008368200836820083 0.7717647058823529 0 0.7988235294117647
0 0.03671875 0.65 0.00234375 0.00390625
0 0.4246861924686193 0.49294117647058827 0.4309623430962343 0.49411764705882355 0.4351464435146443 0.488235294117647 0.4246861924686193 0.488235294117647 0.4246861924686193 0.49294117647058827
0 0.1631799163179916 0.1952941176470588 0.1903765690376569 0.2211764705882353 0.202928870292887 0.25058823529411767 0.21757322175732216 0.2611764705882353 0.24686192468619245 0.30823529411764705 0.2719665271966527 0.3305882352941176 0.2845188284518828 0.3517647058823529 0.2949790794979079 0.3552941176470588 0.303347280334728 0.37882352941176467 0.3284518828451882 0.3941176470588235 0.33263598326359833 0.4094117647058823 0.34518828451882844 0.4105882352941176 0.3514644351464435 0.41529411764705887 0.37447698744769875 0.44823529411764707 0.38493723849372385 0.4505882352941176 0.3953974895397489 0.4470588235294118 0.405857740585774 0.45294117647058824 0.4372384937238493 0.4588235294117647 0.4497907949790795 0.4964705882352941 0.4665271966527197 0.4964705882352941 0.4686192468619247 0.5023529411764706 0.48326359832635984 0.508235294117647 0.47907949790794974 0.5152941176470589 0.5 0.5152941176470589 0.497907949790795 0.5070588235294118 0.506276150627615 0.5070588235294118 0.5125523012552301 0.5141176470588235 0.5146443514644352 0.5035294117647059 0.5251046025104602 0.49529411764705883 0.5334728033472803 0.5011764705882353 0.5334728033472803 0.5211764705882354 0.5502092050209205 0.5152941176470589 0.5585774058577406 0.52 0.5523012552301255 0.5223529411764706 0.5564853556485355 0.5247058823529411 0.5669456066945606 0.5070588235294118 0.5857740585774058 0.5094117647058823 0.610878661087866 0.5011764705882353 0.608786610878661 0.4588235294117647 0.4937238493723849 0.31058823529411766 0.47907949790794974 0.30823529411764705 0.4686192468619247 0.3129411764705882 0.4581589958158996 0.3070588235294117 0.4665271966527197 0.29764705882352943 0.4623430962343096 0.27647058823529413 0.42887029288702927 0.2541176470588235 0.399581589958159 0.2541176470588235 0.38284518828451886 0.24705882352941178 0.37029288702928864 0.25058823529411767 0.36820083682008364 0.24352941176470586 0.3305439330543933 0.2376470588235294 0.30962343096234307 0.2458823529411765 0.299163179916318 0.23411764705882354 0.28870292887029286 0.23529411764705882 0.2824267782426778 0.22705882352941176 0.26987447698744765 0.24235294117647058 0.20920502092050208 0.17529411764705882 0.19246861924686193 0.17411764705882354 0.18619246861924685 0.18470588235294116 0.16736401673640167 0.18470588235294116 0.16108786610878661 0.18823529411764706 0.1631799163179916 0.1952941176470588
0 0.59921875 0.53671875 0.00234375 0.0015625
0 0.5962343096234309 0.5447058823529412 0.5941422594142259 0.548235294117647 0.602510460251046 0.5599999999999999 0.610878661087866 0.5599999999999999 0.612970711297071 0.5682352941176471 0.6213389121338911 0.571764705882353 0.612970711297071 0.5741176470588235 0.6338912133891214 0.5729411764705883 0.6380753138075314 0.5847058823529412 0.6171548117154811 0.5941176470588235 0.610878661087866 0.6011764705882353 0.6150627615062761 0.6105882352941177 0.6297071129707112 0.6152941176470589 0.6422594142259415 0.6329411764705882 0.6694560669456067 0.6364705882352941 0.6799163179916318 0.6423529411764706 0.6945606694560669 0.6435294117647059 0.700836820083682 0.64 0.7092050209205021 0.6529411764705882 0.7196652719665272 0.6505882352941177 0.7301255230125523 0.6588235294117647 0.7238493723849372 0.6505882352941177 0.7322175732217573 0.65 0.7301255230125523 0.6388235294117647 0.6882845188284519 0.5929411764705883 0.6778242677824268 0.5729411764705883 0.6610878661087866 0.5623529411764705 0.6443514644351465 0.536470588235294 0.6338912133891214 0.5270588235294118 0.6150627615062761 0.5376470588235294 0.606694560669456 0.5352941176470588 0.608786610878661 0.5447058823529412 0.5962343096234309 0.5447058823529412
0 0.6297071129707112 0.5235294117647059 0.6255230125523012 0.5188235294117647 0.6234309623430961 0.5235294117647059 0.6297071129707112 0.5235294117647059
0 0.6401673640167364 0.7305882352941176 0.6464435146443515 0.7341176470588235 0.6694560669456067 0.7317647058823529 0.6527196652719665 0.7247058823529412 0.6338912133891214 0.7282352941176471 0.6317991631799164 0.7317647058823529 0.6401673640167364 0.7305882352941176
0 0.5271966527196652 0.5588235294117647 0.5355648535564853 0.5835294117647059 0.5732217573221756 0.6211764705882353 0.5815899581589958 0.6376470588235293 0.602510460251046 0.6505882352941177 0.604602510460251 0.6694117647058824 0.6401673640167364 0.6929411764705883 0.6380753138075314 0.7058823529411764 0.6548117154811715 0.7129411764705882 0.6485355648535565 0.72 0.6652719665271967 0.7094117647058823 0.6799163179916318 0.7129411764705882 0.6861924686192469 0.7223529411764706 0.6882845188284519 0.7152941176470587 0.6945606694560669 0.7176470588235294 0.6945606694560669 0.7129411764705882 0.6841004184100419 0.7129411764705882 0.6882845188284519 0.7 0.7217573221757322 0.6941176470588235 0.7280334728033473 0.6847058823529412 0.7405857740585773 0.6847058823529412 0.7426778242677824 0.6647058823529411 0.7154811715481172 0.6223529411764706 0.6903765690376569 0.6023529411764705 0.6820083682008369 0.5858823529411764 0.6589958158995816 0.5670588235294118 0.6338912133891214 0.5305882352941176 0.608786610878661 0.5152941176470589 0.602510460251046 0.5188235294117647 0.5878661087866108 0.5141176470588235 0.598326359832636 0.508235294117647 0.5815899581589958 0.5164705882352941 0.5669456066945606 0.5152941176470589 0.5627615062761506 0.5294117647058824 0.5460251046025104 0.5305882352941176 0.5502092050209205 0.5423529411764706 0.5355648535564853 0.5435294117647059 0.5397489539748953 0.5458823529411765 0.5271966527196652 0.5588235294117647
0 0.5543933054393305 0.8635294117647059 0.5648535564853556 0.8694117647058823 0.5711297071129706 0.868235294117647 0.5627615062761506 0.8752941176470588 0.5753138075313807 0.8800000000000001 0.5774058577405857 0.891764705882353 0.5899581589958158 0.8988235294117647 0.5920502092050209 0.9058823529411765 0.604602510460251 0.9070588235294117 0.608786610878661 0.9176470588235294 0.6255230125523012 0.924705882352941 0.6380753138075314 0.9129411764705881 0.6485355648535565 0.9211764705882353 0.6401673640167364 0.9552941176470588 0.6757322175732218 0.9941176470588236 0.7133891213389121 0.9988235294117647 0.7845188284518828 0.9929411764705882 0.8284518828451883 0.9964705882352941 0.8410041841004183 0.991764705882353 0.8451882845188283 0.9952941176470589 0.8514644351464435 0.9941176470588236 0.8263598326359831 0.9870588235294118 0.8263598326359831 0.9800000000000001 0.7907949790794978 0.9376470588235295 0.7740585774058577 0.9341176470588236 0.7782426778242677 0.9305882352941177 0.7531380753138075 0.9364705882352942 0.7468619246861924 0.9341176470588236 0.7405857740585773 0.9211764705882353 0.7364016736401673 0.924705882352941 0.7154811715481172 0.8976470588235295 0.700836820083682 0.8870588235294118 0.6757322175732218 0.8776470588235293 0.6548117154811715 0.8541176470588235 0.6338912133891214 0.8482352941176471 0.6234309623430961 0.8541176470588235 0.608786610878661 0.8541176470588235 0.5962343096234309 0.8717647058823529 0.5899581589958158 0.868235294117647 0.5857740585774058 0.8705882352941176 0.5564853556485355 0.8541176470588235 0.5627615062761506 0.86 0.5543933054393305 0.8635294117647059
0 0.553125 0.409375 0.00234375 0.0046875
0 0.5104602510460251 0.4176470588235294 0.5146443514644352 0.40588235294117647 0.497907949790795 0.4094117647058823 0.4958158995815899 0.4176470588235294 0.5104602510460251 0.4176470588235294
0 0.51171875 0.4015625 0.00234375 0.00234375
0 0.49140625 0.40078125 0.00859375 0.0015625
0 0.5711297071129706 0.40470588235294114 0.5585774058577406 0.39529411764705885 0.5669456066945606 0.4105882352941176 0.5711297071129706 0.40470588235294114
0 0.5251046025104602 0.3811764705882353 0.5313807531380753 0.38941176470588235 0.5376569037656903 0.3835294117647059 0.5523012552301255 0.3835294117647059 0.5397489539748953 0.36705882352941177 0.5313807531380753 0.36941176470588233 0.5355648535564853 0.3729411764705882 0.5251046025104602 0.3811764705882353
0 0.37866108786610875 0.2823529411764706 0.3723849372384937 0.28823529411764703 0.3912133891213389 0.29058823529411765 0.38912133891213385 0.30823529411764705 0.39748953974895396 0.3188235294117647 0.41422594142259417 0.32588235294117646 0.41422594142259417 0.3458823529411765 0.42259414225941416 0.36 0.42887029288702927 0.3611764705882353 0.4351464435146443 0.3552941176470588 0.44142259414225943 0.3588235294117647 0.4372384937238493 0.36823529411764705 0.42677824267782427 0.37176470588235294 0.4456066945606694 0.38588235294117645 0.44142259414225943 0.3905882352941176 0.4518828451882845 0.38235294117647056 0.4728033472803347 0.38 0.47489539748953974 0.36823529411764705 0.47768479776847983 0.36588235294117644 0.4644351464435147 0.36588235294117644 0.47489539748953974 0.3576470588235294 0.4728033472803347 0.3482352941176471 0.47698744769874474 0.34705882352941175 0.48744769874476984 0.3564705882352941 0.5 0.34470588235294114 0.5104602510460251 0.3576470588235294 0.5188284518828452 0.35411764705882354 0.5313807531380753 0.36 0.5251046025104602 0.34352941176470586 0.4476987447698745 0.25882352941176473 0.34100418410041844 0.2388235294117647 0.33682008368200833 0.24117647058823527 0.3535564853556485 0.25764705882352945 0.3598326359832636 0.2788235294117647 0.37866108786610875 0.2823529411764706
0 0.809623430962343 0.7294117647058823 0.8179916317991631 0.7341176470588235 0.8326359832635983 0.7341176470588235 0.8514644351464435 0.7270588235294118 0.8640167364016736 0.7282352941176471 0.8807531380753139 0.7235294117647059 0.8891213389121339 0.7282352941176471 0.8912133891213389 0.7211764705882353 0.8849372384937239 0.7188235294117648 0.8912133891213389 0.7152941176470587 0.8828451882845189 0.7082352941176471 0.8912133891213389 0.6941176470588235 0.901673640167364 0.6882352941176471 0.9205020920502092 0.6858823529411764 0.9414225941422594 0.7023529411764706 0.9393305439330544 0.6799999999999999 0.9497907949790795 0.6717647058823529 0.9456066945606694 0.6541176470588235 0.9497907949790795 0.6494117647058824 0.9602510460251045 0.6517647058823529 0.9665271966527197 0.6317647058823529 0.9560669456066945 0.6223529411764706 0.9456066945606694 0.6447058823529412 0.9414225941422594 0.6364705882352941 0.9330543933054394 0.6411764705882353 0.9267782426778242 0.6317647058823529 0.9184100418410042 0.6388235294117647 0.901673640167364 0.6341176470588235 0.8451882845188283 0.6435294117647059 0.7824267782426778 0.6611764705882353 0.7782426778242677 0.6799999999999999 0.809623430962343 0.7294117647058823
0 0.36820083682008364 0.46352941176470586 0.3577405857740586 0.4576470588235294 0.35564853556485354 0.44823529411764707 0.3535564853556485 0.46352941176470586 0.36820083682008364 0.46352941176470586
0 0.34728033472803344 0.44941176470588234 0.34309623430962344 0.4435294117647059 0.34100418410041844 0.44941176470588234 0.34728033472803344 0.44941176470588234
0 0.3514644351464435 0.4211764705882353 0.3514644351464435 0.4258823529411765 0.3598326359832636 0.43647058823529405 0.37656903765690375 0.4376470588235294 0.3807531380753138 0.4458823529411765 0.36820083682008364 0.44823529411764707 0.36820083682008364 0.45294117647058824 0.38912133891213385 0.4658823529411765 0.38702928870292885 0.48470588235294115 0.3933054393305439 0.4835294117647059 0.3953974895397489 0.491764705882353 0.401673640167364 0.49294117647058827 0.403765690376569 0.48 0.41422594142259417 0.48 0.40794979079497906 0.4670588235294118 0.41631799163179917 0.4647058823529412 0.41841004184100417 0.4552941176470588 0.401673640167364 0.4458823529411765 0.38912133891213385 0.42470588235294116 0.38284518828451886 0.42470588235294116 0.37656903765690375 0.40705882352941175 0.3598326359832636 0.40705882352941175 0.3619246861924686 0.4176470588235294 0.3514644351464435 0.4211764705882353
0 0.36401673640167365 0.4 0.3723849372384937 0.3905882352941176 0.3619246861924686 0.39294117647058824 0.36401673640167365 0.4
0 0.38284518828451886 0.39294117647058824 0.38493723849372385 0.3870588235294118 0.38284518828451886 0.3847058823529412 0.38284518828451886 0.39294117647058824
0 0.3493723849372385 0.37882352941176467 0.3577405857740586 0.3905882352941176 0.3598326359832636 0.3764705882352941 0.33472803347280333 0.3564705882352941 0.3389121338912134 0.37882352941176467 0.3493723849372385 0.37882352941176467
0 0.27109375 0.29765625 0.00234375 0.00234375
0 0.2845188284518828 0.2858823529411765 0.27405857740585776 0.2835294117647059 0.2719665271966527 0.28941176470588237 0.2845188284518828 0.2858823529411765
0 0.27824267782426776 0.28117647058823525 0.27405857740585776 0.27176470588235296 0.26778242677824265 0.27176470588235296 0.27824267782426776 0.28117647058823525
0 0.03138075313807531 0.20470588235294115 0.04184100418410042 0.21176470588235294 0.10251046025104602 0.29647058823529415 0.1297071129707113 0.3235294117647059 0.13598326359832635 0.34470588235294114 0.18410041841004182 0.39529411764705885 0.202928870292887 0.42470588235294116 0.2301255230125523 0.4458823529411765 0.24058577405857742 0.44000000000000006 0.24686192468619245 0.4470588235294118 0.26778242677824265 0.44823529411764707 0.27615062761506276 0.4623529411764705 0.2803347280334728 0.4576470588235294 0.299163179916318 0.4623529411764705 0.299163179916318 0.49058823529411766 0.30962343096234307 0.4870588235294117 0.3200836820083682 0.49294117647058827 0.33472803347280333 0.491764705882353 0.3305439330543933 0.471764705882353 0.3200836820083682 0.471764705882353 0.3200836820083682 0.44941176470588234 0.33263598326359833 0.44117647058823534 0.34309623430962344 0.44000000000000006 0.33472803347280333 0.42000000000000004 0.34100418410041844 0.40352941176470586 0.3263598326359832 0.3917647058823529 0.3284518828451882 0.3870588235294118 0.3138075313807531 0.3835294117647059 0.305439330543933 0.38588235294117645 0.299163179916318 0.37882352941176467 0.299163179916318 0.3423529411764706 0.3138075313807531 0.3388235294117647 0.3200836820083682 0.32941176470588235 0.303347280334728 0.3035294117647059 0.2949790794979079 0.3 0.2866108786610878 0.30823529411764705 0.2719665271966527 0.30823529411764705 0.27405857740585776 0.3247058823529412 0.26778242677824265 0.3317647058823529 0.24058577405857742 0.30823529411764705 0.21757322175732216 0.27176470588235296 0.13598326359832635 0.17529411764705882 0.10669456066945607 0.16470588235294117 0.06903765690376569 0.1776470588235294 0.043933054393305436 0.16 0.029288702928870293 0.1341176470588235 0.008368200836820083 0.12941176470588237 0.008368200836820083 0.1611764705882353 0.03138075313807531 0.20470588235294115
0 0.44142259414225943 0.2152941176470588 0.44142259414225943 0.20823529411764707 0.4351464435146443 0.20823529411764707 0.44142259414225943 0.2152941176470588
0 0.27265625 0.1328125 0.00234375 0.00234375
0 0.1317991631799163 0.023529411764705882 0.12552301255230125 0.010588235294117647 0.12133891213389121 0.018823529411764704 0.1317991631799163 0.023529411764705882
0 0.1527196652719665 0.015294117647058824 0.16108786610878661 0.018823529411764704 0.16108786610878661 0.029411764705882353 0.17364016736401672 0.036470588235294116 0.16736401673640167 0.024705882352941178 0.17573221757322174 0.027058823529411764 0.17573221757322174 0.021176470588235293 0.15690376569037656 0.0058823529411764705 0.16108786610878661 0.010588235294117647 0.1527196652719665 0.015294117647058824
0 0.1799163179916318 0.01647058823529412 0.19456066945606693 0.02823529411764706 0.19456066945606693 0.03882352941176471 0.18410041841004182 0.03882352941176471 0.1903765690376569 0.0611764705882353 0.21757322175732216 0.07882352941176471 0.23221757322175735 0.10117647058823528 0.25523012552301255 0.1 0.2635983263598326 0.12588235294117647 0.27824267782426776 0.12823529411764706 0.2866108786610878 0.12117647058823529 0.2928870292887029 0.12588235294117647 0.2845188284518828 0.15411764705882353 0.3305439330543933 0.15294117647058822 0.3389121338912134 0.1588235294117647 0.33472803347280333 0.16588235294117645 0.34100418410041844 0.17529411764705882 0.34728033472803344 0.16941176470588235 0.35564853556485354 0.16941176470588235 0.3577405857740586 0.1764705882352941 0.36401673640167365 0.1776470588235294 0.3577405857740586 0.18235294117647058 0.38284518828451886 0.19294117647058823 0.38702928870292885 0.2 0.405857740585774 0.19411764705882353 0.4246861924686193 0.1952941176470588 0.42050209205020916 0.18235294117647058 0.3723849372384937 0.12470588235294118 0.3619246861924686 0.10470588235294118 0.3284518828451882 0.07058823529411765 0.3263598326359832 0.05647058823529412 0.27615062761506276 0.0058823529411764705 0.25523012552301255 0 0.24686192468619245 0.004705882352941176 0.2489539748953975 0.015294117647058824 0.23849372384937237 0.018823529411764704 0.2301255230125523 0.01647058823529412 0.2217573221757322 0.002352941176470588 0.19246861924686193 0.002352941176470588 0.17154811715481172 0.007058823529411765 0.1694560669456067 0.01411764705882353 0.1799163179916318 0.01647058823529412
0 0.0921875 0.00078125 0.00390625 0.0015625
0 0.31171875 0.99375 0.00390625 0.0015625
0 0.5313807531380753 0.9941176470588236 0.5271966527196652 0.9894117647058824 0.5230125523012552 0.9941176470588236 0.5313807531380753 0.9941176470588236
0 0.02510460251046025 0.9847058823529412 0.012552301255230125 0.9752941176470588 0.01882845188284519 0.9858823529411765 0.02510460251046025 0.9847058823529412
0 0.0041841004184100415 0.9717647058823529 0.016736401673640166 0.9694117647058823 0.029288702928870293 0.9729411764705882 0.03138075313807531 0.968235294117647 0.0041841004184100415 0.968235294117647 0.0041841004184100415 0.9717647058823529
0 0.5690376569037656 0.9988235294117647 0.604602510460251 0.9941176470588236 0.5941422594142259 0.9847058823529412 0.5920502092050209 0.9670588235294117 0.5794979079497907 0.96 0.5774058577405857 0.9470588235294117 0.5711297071129706 0.9470588235294117 0.5732217573221756 0.968235294117647 0.5627615062761506 0.9788235294117648 0.5606694560669456 0.9941176470588236 0.5690376569037656 0.9988235294117647
0 0.029288702928870293 0.9423529411764706 0.03556485355648535 0.9423529411764706 0.0397489539748954 0.9282352941176469 0.029288702928870293 0.9199999999999999 0.02092050209205021 0.9211764705882353 0.01882845188284519 0.9329411764705883 0.029288702928870293 0.9423529411764706
0 0.03138075313807531 0.8435294117647059 0.02092050209205021 0.8482352941176471 0.02510460251046025 0.8552941176470588 0.03138075313807531 0.8435294117647059
0 0.00546875 0.7890625 0.00234375 0.00234375
0 0.03765690376569038 0.9011764705882352 0.04811715481171548 0.9199999999999999 0.060669456066945605 0.9235294117647058 0.06694560669456066 0.9470588235294117 0.06276150627615062 0.9505882352941176 0.0502092050209205 0.9470588235294117 0.043933054393305436 0.9564705882352941 0.05439330543933054 0.9670588235294117 0.07322175732217573 0.96 0.0794979079497908 0.9623529411764705 0.08368200836820083 0.9800000000000001 0.09832635983263598 0.9964705882352941 0.13807531380753138 0.9905882352941177 0.15690376569037656 0.9952941176470589 0.21338912133891214 0.9929411764705882 0.21966527196652716 0.9870588235294118 0.2594142259414226 0.9800000000000001 0.27824267782426776 0.9894117647058824 0.299163179916318 0.9870588235294118 0.3075313807531381 0.9800000000000001 0.3200836820083682 0.9941176470588236 0.3389121338912134 0.9882352941176471 0.38493723849372385 0.9952941176470589 0.3953974895397489 0.9952941176470589 0.403765690376569 0.9905882352941177 0.41004184100418406 0.9941176470588236 0.41004184100418406 0.983529411764706 0.41841004184100417 0.9811764705882353 0.42677824267782427 0.9905882352941177 0.4476987447698745 0.9870588235294118 0.4539748953974895 0.9941176470588236 0.4728033472803347 0.9952941176470589 0.47698744769874474 0.976470588235294 0.4937238493723849 0.9635294117647059 0.5083682008368201 0.968235294117647 0.502092050209205 0.9705882352941175 0.5146443514644352 0.976470588235294 0.5136115671839414 0.9857632166790766 0.5334728033472803 0.983529411764706 0.5292887029288702 0.9729411764705882 0.5355648535564853 0.9694117647058823 0.5083682008368201 0.9611764705882353 0.502092050209205 0.9494117647058824 0.5104602510460251 0.9447058823529412 0.5418410041841004 0.9458823529411765 0.5606694560669456 0.9352941176470588 0.5376569037656903 0.9282352941176469 0.5230125523012552 0.9070588235294117 0.5230125523012552 0.8811764705882353 0.4728033472803347 0.8105882352941176 0.4456066945606694 0.7870588235294117 0.42887029288702927 0.7835294117647058 0.41841004184100417 0.7752941176470588 0.399581589958159 0.7705882352941177 0.36610878661087864 0.7717647058823529 0.3619246861924686 0.7952941176470588 0.3493723849372385 0.7929411764705883 0.34100418410041844 0.7823529411764706 0.301255230125523 0.7847058823529411 0.24476987447698742 0.7729411764705882 0.24058577405857742 0.7811764705882352 0.21548117154811716 0.7823529411764706 0.21129707112970708 0.8058823529411765 0.202928870292887 0.8058823529411765 0.19456066945606693 0.8235294117647058 0.18200836820083682 0.8152941176470587 0.16108786610878661 0.8105882352941176 0.1527196652719665 0.8388235294117647 0.13389121338912133 0.8352941176470589 0.13598326359832635 0.8070588235294117 0.12761506276150628 0.8105882352941176 0.11924686192468618 0.8070588235294117 0.100418410041841 0.8211764705882352 0.09414225941422594 0.8152941176470587 0.0794979079497908 0.8188235294117646 0.07740585774058577 0.8341176470588236 0.06903765690376569 0.8352941176470589 0.07322175732217573 0.868235294117647 0.0502092050209205 0.8870588235294118 0.04811715481171548 0.8988235294117647 0.03765690376569038 0.9011764705882352
0 0.202928870292887 0.7858823529411765 0.21129707112970708 0.7752941176470588 0.202928870292887 0.7670588235294118 0.19874476987447698 0.7694117647058824 0.18828451882845187 0.7823529411764706 0.202928870292887 0.7858823529411765
0 0.16108786610878661 0.7788235294117647 0.15690376569037656 0.7611764705882352 0.15481171548117154 0.7729411764705882 0.16108786610878661 0.7788235294117647
0 0.18200836820083682 0.7682352941176471 0.19665271966527195 0.7647058823529411 0.19246861924686193 0.76 0.18200836820083682 0.76 0.18200836820083682 0.7682352941176471
0 0.01882845188284519 0.7211764705882353 0.014644351464435146 0.7164705882352942 0.012552301255230125 0.7223529411764706 0.01882845188284519 0.7211764705882353
0 0.03765690376569038 0.7117647058823529 0.03765690376569038 0.7176470588235294 0.02719665271966527 0.72 0.03138075313807531 0.7235294117647059 0.02510460251046025 0.7317647058823529 0.014644351464435146 0.7329411764705882 0.02510460251046025 0.7364705882352941 0.014644351464435146 0.7505882352941177 0.023012552301255228 0.7611764705882352 0.023012552301255228 0.7823529411764706 0.05648535564853556 0.7858823529411765 0.06485355648535565 0.7964705882352942 0.0815899581589958 0.7835294117647058 0.0899581589958159 0.7858823529411765 0.100418410041841 0.7776470588235294 0.10878661087866108 0.7823529411764706 0.10669456066945607 0.7752941176470588 0.11924686192468618 0.7694117647058824 0.1108786610878661 0.7658823529411765 0.11506276150627615 0.76 0.12552301255230125 0.76 0.1401673640167364 0.7505882352941177 0.14435146443514643 0.76 0.1527196652719665 0.76 0.1527196652719665 0.7564705882352941 0.1422594142259414 0.7505882352941177 0.14853556485355648 0.7458823529411764 0.13598326359832635 0.7388235294117647 0.13807531380753138 0.7270588235294118 0.12343096234309622 0.7129411764705882 0.0899581589958159 0.6988235294117647 0.06694560669456066 0.7047058823529412 0.05648535564853556 0.7 0.058577405857740586 0.691764705882353 0.05230125523012552 0.6905882352941177 0.043933054393305436 0.7105882352941176 0.03765690376569038 0.7117647058823529
0 0.903765690376569 0.7576470588235293 0.903765690376569 0.7682352941176471 0.8933054393305438 0.7729411764705882 0.8556485355648535 0.7752941176470588 0.8451882845188283 0.7823529411764706 0.8493723849372385 0.8 0.8661087866108786 0.82 0.8765690376569036 0.8258823529411764 0.912133891213389 0.8294117647058824 0.9937238493723848 0.8211764705882352 0.997907949790795 0.7611764705882352 0.9916317991631798 0.7541176470588236 0.9811715481171548 0.7517647058823529 0.9811715481171548 0.74 0.9937238493723848 0.7376470588235293 0.9937238493723848 0.7235294117647059 0.9874476987447698 0.7270588235294118 0.9811715481171548 0.7211764705882353 0.9916317991631798 0.7129411764705882 0.9435146443514644 0.7270588235294118 0.9184100418410042 0.7235294117647059 0.912133891213389 0.7317647058823529 0.899581589958159 0.7341176470588235 0.8933054393305438 0.7482352941176471 0.903765690376569 0.7576470588235293
0 0.8179916317991631 0.8529411764705882 0.8221757322175731 0.8388235294117647 0.8158995815899581 0.8435294117647059 0.8179916317991631 0.8529411764705882
0 0.7531380753138075 0.8376470588235294 0.7489539748953975 0.8305882352941177 0.7468619246861924 0.8423529411764706 0.7531380753138075 0.8376470588235294
0 0.6673640167364017 0.7364705882352941 0.6610878661087866 0.7364705882352941 0.6631799163179916 0.74 0.6673640167364017 0.7364705882352941
0 0.6924686192468619 0.7164705882352942 0.6778242677824268 0.7188235294117648 0.6757322175732218 0.7235294117647059 0.6799163179916318 0.7458823529411764 0.702928870292887 0.7611764705882352 0.7196652719665272 0.7941176470588236 0.7384937238493723 0.8 0.7468619246861924 0.8152941176470587 0.7573221757322175 0.8152941176470587 0.7573221757322175 0.8223529411764705 0.7866108786610878 0.828235294117647 0.7845188284518828 0.8400000000000001 0.7970711297071129 0.8494117647058823 0.807531380753138 0.8341176470588236 0.7866108786610878 0.82 0.7970711297071129 0.8105882352941176 0.805439330543933 0.8141176470588235 0.8200836820083681 0.808235294117647 0.8221757322175731 0.7964705882352942 0.807531380753138 0.7811764705882352 0.809623430962343 0.7694117647058824 0.7866108786610878 0.7317647058823529 0.7803347280334727 0.7082352941176471 0.7384937238493723 0.6611764705882353 0.7280334728033473 0.6611764705882353 0.7196652719665272 0.6541176470588235 0.7154811715481172 0.6611764705882353 0.702928870292887 0.6647058823529411 0.700836820083682 0.6764705882352942 0.6924686192468619 0.6752941176470588 0.6882845188284519 0.6788235294117647 0.6861924686192469 0.7011764705882353 0.6924686192468619 0.7164705882352942
0 0.8870292887029289 0.9964705882352941 0.897489539748954 0.9952941176470589 0.895397489539749 0.9882352941176471 0.8912133891213389 0.9894117647058824 0.8828451882845189 0.9941176470588236 0.8870292887029289 0.9964705882352941
0 0.8125 0.90234375 0.00234375 0.00234375
0 0.7140625 0.88203125 0.00234375 0.00390625
0 0.7875 0.875 0.00234375 0.00625
0 0.7384937238493723 0.8823529411764707 0.7217573221757322 0.8835294117647059 0.7217573221757322 0.8952941176470588 0.705020920502092 0.8929411764705882 0.702928870292887 0.8988235294117647 0.7112970711297071 0.9141176470588235 0.7238493723849372 0.9211764705882353 0.7217573221757322 0.9329411764705883 0.7489539748953975 0.9729411764705882 0.7719665271966527 0.9941176470588236 0.8556485355648535 0.9941176470588236 0.8577405857740585 0.9670588235294117 0.8807531380753139 0.9670588235294117 0.8723849372384936 0.9623529411764705 0.8786610878661086 0.9541176470588235 0.8744769874476986 0.951764705882353 0.8640167364016736 0.9552941176470588 0.8430962343096233 0.9458823529411765 0.8389121338912133 0.9282352941176469 0.8305439330543933 0.931764705882353 0.807531380753138 0.9105882352941176 0.803347280334728 0.9188235294117646 0.7928870292887029 0.9176470588235294 0.7803347280334727 0.9070588235294117 0.7866108786610878 0.8976470588235295 0.7824267782426778 0.8847058823529412 0.7677824267782427 0.891764705882353 0.7489539748953975 0.8788235294117648 0.7489539748953975 0.8694117647058823 0.7405857740585773 0.868235294117647 0.7364016736401673 0.8729411764705881 0.7301255230125523 0.8623529411764705 0.7322175732217573 0.8776470588235293 0.7384937238493723 0.8823529411764707
0 0.21548117154811716 0.06470588235294118 0.21338912133891214 0.052941176470588235 0.20920502092050208 0.05411764705882353 0.20920502092050208 0.07176470588235294 0.21548117154811716 0.06470588235294118
0 0.2301255230125523 0.051764705882352935 0.24058577405857742 0.05529411764705883 0.22803347280334724 0.058823529411764705 0.22594142259414224 0.06705882352941175 0.24058577405857742 0.07764705882352942 0.24686192468619245 0.09411764705882353 0.24267782426778242 0.09882352941176471 0.2489539748953975 0.09882352941176471 0.2615062761506276 0.10941176470588235 0.2615062761506276 0.12823529411764706 0.26778242677824265 0.13294117647058823 0.2615062761506276 0.1388235294117647 0.27824267782426776 0.14588235294117646 0.27824267782426776 0.15176470588235294 0.2845188284518828 0.15176470588235294 0.2824267782426778 0.16470588235294117 0.299163179916318 0.16823529411764707 0.29707112970711297 0.17529411764705882 0.30962343096234307 0.18 0.3158995815899582 0.2164705882352941 0.33682008368200833 0.22705882352941176 0.38702928870292885 0.24117647058823527 0.4330543933054393 0.24823529411764705 0.4518828451882845 0.2458823529411765 0.4623430962343096 0.24 0.4581589958158996 0.22705882352941176 0.39748953974895396 0.1564705882352941 0.36610878661087864 0.11058823529411765 0.34100418410041844 0.08941176470588234 0.3158995815899582 0.047058823529411764 0.2824267782426778 0.022352941176470586 0.27405857740585776 0.010588235294117647 0.26778242677824265 0.02823529411764706 0.25523012552301255 0.03058823529411765 0.2531380753138075 0.036470588235294116 0.24476987447698742 0.036470588235294116 0.24058577405857742 0.041176470588235294 0.23221757322175735 0.03882352941176471 0.23640167364016734 0.04588235294117647 0.2301255230125523 0.051764705882352935
0 0.21548117154811716 0.01411764705882353 0.21548117154811716 0.025882352941176467 0.22384937238493724 0.027058823529411764 0.21548117154811716 0.03176470588235294 0.22594142259414224 0.03294117647058824 0.22803347280334724 0.03764705882352941 0.22803347280334724 0.011764705882352941 0.2217573221757322 0.004705882352941176 0.202928870292887 0.0058823529411764705 0.21548117154811716 0.01411764705882353
0 0.2635983263598326 0.004705882352941176 0.2594142259414226 0.0035294117647058825 0.2573221757322176 0.0058823529411764705 0.2635983263598326 0.004705882352941176