0 0.6580756013745706 0.41875 0.6890034364261168 0.42578125 0.6924398625429553 0.4296875 0.6975945017182131 0.42578125 0.7096219931271478 0.4265625 0.711340206185567 0.4296875 0.7027491408934708 0.43203125 0.711340206185567 0.43359375 0.7147766323024055 0.4390625 0.7422680412371134 0.446875 0.7611683848797252 0.4609375 0.7611683848797252 0.51796875 0.7542955326460482 0.53359375 0.7611683848797252 0.55390625 0.7663230240549829 0.55625 0.7628865979381444 0.56015625 0.7714776632302407 0.5578125 0.7886597938144331 0.5640625 0.8298969072164949 0.5609375 0.8642611683848799 0.5640625 0.8917525773195877 0.559375 0.8969072164948454 0.55625 0.9106529209621994 0.56171875 0.9175257731958764 0.56015625 0.9347079037800687 0.51875 0.9329896907216495 0.509375 0.9415807560137457 0.49765625 0.9415807560137457 0.48203125 0.9484536082474226 0.47421875 0.9467353951890034 0.453125 0.9381443298969072 0.45078125 0.9347079037800687 0.44609375 0.88659793814433 0.43828125 0.8642611683848799 0.43828125 0.8298969072164949 0.43125 0.7663230240549829 0.425 0.7336769759450172 0.41796875 0.6718213058419245 0.41640625 0.6649484536082475 0.41953125 0.6580756013745706 0.41875
0 0.3762886597938145 0.5640625 0.3711340206185567 0.5609375 0.3762886597938145 0.55859375 0.37457044673539525 0.55234375 0.38316151202749144 0.54921875 0.37972508591065296 0.5375 0.3762886597938145 0.540625 0.372852233676976 0.53984375 0.3694158075601375 0.565625 0.3762886597938145 0.5640625
0 0.365979381443299 0.58984375 0.365979381443299 0.60703125 0.3711340206185567 0.61171875 0.372852233676976 0.653125 0.3814432989690722 0.65703125 0.3762886597938145 0.659375 0.37457044673539525 0.66875 0.37972508591065296 0.734375 0.38316151202749144 0.73671875 0.4037800687285224 0.7375 0.41924398625429554 0.73359375 0.5051546391752578 0.73046875 0.5189003436426117 0.72734375 0.5429553264604812 0.7265625 0.5481099656357389 0.7234375 0.5446735395189004 0.70625 0.5498281786941581 0.69765625 0.5446735395189004 0.68515625 0.5498281786941581 0.6796875 0.5532646048109966 0.63203125 0.5532646048109966 0.571875 0.5481099656357389 0.5703125 0.5498281786941581 0.56640625 0.5412371134020619 0.56484375 0.5412371134020619 0.5609375 0.5481099656357389 0.5609375 0.5446735395189004 0.553125 0.5515463917525774 0.54765625 0.5515463917525774 0.5390625 0.5463917525773196 0.528125 0.5378006872852235 0.52578125 0.5463917525773196 0.5234375 0.5360824742268042 0.52578125 0.5223367697594502 0.51953125 0.5034364261168386 0.52421875 0.4914089347079038 0.52109375 0.4690721649484536 0.52109375 0.4690721649484536 0.5234375 0.46219931271477666 0.521875 0.4725085910652921 0.52578125 0.46735395189003437 0.53046875 0.46219931271477666 0.53125 0.4587628865979382 0.52890625 0.45360824742268047 0.5328125 0.45017182130584193 0.54375 0.4450171821305842 0.53984375 0.43642611683848803 0.54140625 0.4347079037800688 0.5234375 0.4209621993127148 0.525 0.42439862542955326 0.53046875 0.41065292096219935 0.5359375 0.41065292096219935 0.540625 0.41580756013745707 0.5421875 0.4089347079037801 0.54609375 0.41408934707903783 0.55546875 0.4123711340206186 0.56796875 0.4037800687285224 0.56953125 0.40034364261168387 0.5734375 0.39518900343642616 0.571875 0.39518900343642616 0.55703125 0.39003436426116844 0.5546875 0.3762886597938145 0.5703125 0.3780068728522337 0.58125 0.365979381443299 0.58984375
0 0.4123711340206186 0.52265625 0.41065292096219935 0.51953125 0.4072164948453609 0.5203125 0.4072164948453609 0.52421875 0.4123711340206186 0.52265625
0 0.51796875 0.5109375 0.0015625 0.00234375
0 0.41328125 0.4984375 0.0015625 0.0015625
0 0.5429553264604812 0.5 0.5429553264604812 0.49765625 0.534364261168385 0.496875 0.5326460481099657 0.4984375 0.5429553264604812 0.5
0 0.5154639175257733 0.50234375 0.5223367697594502 0.49765625 0.5120274914089348 0.49609375 0.5085910652920963 0.4984375 0.5154639175257733 0.50234375
0 0.4776632302405499 0.51484375 0.48797250859106533 0.51640625 0.49312714776632305 0.515625 0.49312714776632305 0.50859375 0.48797250859106533 0.50859375 0.4862542955326461 0.5046875 0.4914089347079038 0.49609375 0.4828178694158076 0.49765625 0.4828178694158076 0.509375 0.4776632302405499 0.51484375
0 0.4072164948453609 0.5046875 0.4020618556701031 0.50625 0.41065292096219935 0.5125 0.41065292096219935 0.51796875 0.41408934707903783 0.5125 0.43298969072164956 0.5078125 0.443298969072165 0.5109375 0.4347079037800688 0.5171875 0.4450171821305842 0.5140625 0.46219931271477666 0.51328125 0.46735395189003437 0.515625 0.46735395189003437 0.50078125 0.47594501718213056 0.49921875 0.46735395189003437 0.49453125 0.4810996563573884 0.49140625 0.4742268041237113 0.490625 0.4690721649484536 0.49296875 0.443298969072165 0.490625 0.4312714776632303 0.5 0.42439862542955326 0.49453125 0.4261168384879725 0.496875 0.41924398625429554 0.496875 0.41580756013745707 0.50078125 0.4089347079037801 0.49765625 0.4037800687285224 0.4984375 0.4020618556701031 0.50234375 0.4072164948453609 0.5046875
0 0.4123711340206186 0.69921875 0.4072164948453609 0.696875 0.4072164948453609 0.70078125 0.4123711340206186 0.69921875
0 0.46563573883161513 0.6953125 0.46219931271477666 0.690625 0.4604810996563574 0.69609375 0.46563573883161513 0.6953125
0 0.3934707903780069 0.6953125 0.41065292096219935 0.68984375 0.4347079037800688 0.690625 0.4484536082474227 0.68671875 0.46219931271477666 0.6875 0.47938144329896915 0.6828125 0.5498281786941581 0.6828125 0.5515463917525774 0.6625 0.5481099656357389 0.65859375 0.527491408934708 0.65703125 0.5120274914089348 0.659375 0.45017182130584193 0.65703125 0.41408934707903783 0.66015625 0.40034364261168387 0.65859375 0.39003436426116844 0.66484375 0.3814432989690722 0.66484375 0.38316151202749144 0.66796875 0.37457044673539525 0.67421875 0.3762886597938145 0.690625 0.3934707903780069 0.6953125
0 0.32734375 0.58671875 0.0015625 0.003125
0 0.3328125 0.584375 0.0015625 0.00078125
0 0.1357388316151203 0.5015625 0.13230240549828182 0.53046875 0.1443298969072165 0.5390625 0.14261168384879724 0.55703125 0.14948453608247422 0.5796875 0.15635738831615123 0.58515625 0.15635738831615123 0.59609375 0.18041237113402064 0.5921875 0.18900343642611686 0.58671875 0.2061855670103093 0.590625 0.21649484536082478 0.58828125 0.24398625429553267 0.58828125 0.2508591065292097 0.58125 0.2628865979381444 0.5890625 0.2680412371134021 0.58828125 0.2628865979381444 0.58671875 0.2680412371134021 0.58515625 0.2920962199312715 0.5890625 0.30584192439862545 0.58125 0.3195876288659794 0.58359375 0.3247422680412372 0.57421875 0.33676975945017185 0.578125 0.3505154639175258 0.57421875 0.3402061855670103 0.434375 0.33161512027491413 0.434375 0.3178694158075602 0.428125 0.30927835051546393 0.42890625 0.3041237113402062 0.425 0.302405498281787 0.43203125 0.29553264604810997 0.43203125 0.2852233676975945 0.42734375 0.2680412371134021 0.43203125 0.2508591065292097 0.425 0.23711340206185566 0.425 0.21305841924398625 0.43515625 0.2061855670103093 0.43125 0.19759450171821308 0.43203125 0.18900343642611686 0.4390625 0.1941580756013746 0.44296875 0.16494845360824745 0.45234375 0.12714776632302408 0.47734375 0.12542955326460484 0.49140625 0.1357388316151203 0.5015625
0 0.18900343642611686 0.74765625 0.22508591065292097 0.74296875 0.23367697594501718 0.7375 0.24914089347079038 0.734375 0.2560137457044674 0.73515625 0.2560137457044674 0.740625 0.26632302405498287 0.73984375 0.2714776632302406 0.7359375 0.281786941580756 0.7390625 0.2869415807560137 0.73046875 0.29896907216494845 0.7328125 0.3195876288659794 0.73125 0.32817869415807566 0.7359375 0.3694158075601375 0.73515625 0.365979381443299 0.66328125 0.35738831615120276 0.64375 0.3470790378006873 0.640625 0.3402061855670103 0.63984375 0.3350515463917526 0.6421875 0.3264604810996564 0.63984375 0.3247422680412372 0.64453125 0.3178694158075602 0.6421875 0.302405498281787 0.64296875 0.29896907216494845 0.6453125 0.2920962199312715 0.6421875 0.2800687285223368 0.64453125 0.2731958762886598 0.6375 0.26632302405498287 0.63671875 0.2508591065292097 0.6484375 0.20962199312714777 0.65078125 0.19931271477663232 0.6484375 0.18728522336769762 0.65 0.18041237113402064 0.65546875 0.1718213058419244 0.65625 0.17010309278350516 0.68125 0.18900343642611686 0.74765625
0 0.2508591065292097 0.62578125 0.2577319587628866 0.62265625 0.24914089347079038 0.62265625 0.2508591065292097 0.62578125
0 0.30584192439862545 0.62578125 0.30584192439862545 0.621875 0.29896907216494845 0.6203125 0.29381443298969073 0.62265625 0.30584192439862545 0.62578125
0 0.372852233676976 0.65859375 0.3762886597938145 0.7234375 0.3814432989690722 0.73828125 0.4072164948453609 0.7375 0.41924398625429554 0.734375 0.43298969072164956 0.73515625 0.4484536082474227 0.73203125 0.5017182130584193 0.73125 0.5498281786941581 0.7265625 0.5532646048109966 0.6578125 0.5395189003436427 0.6546875 0.5532646048109966 0.65078125 0.5498281786941581 0.64765625 0.5395189003436427 0.65078125 0.5360824742268042 0.65625 0.5292096219931273 0.6515625 0.5240549828178694 0.653125 0.5103092783505155 0.64453125 0.5051546391752578 0.6484375 0.5 0.6453125 0.48797250859106533 0.64609375 0.4896907216494846 0.65078125 0.47594501718213056 0.65625 0.4553264604810997 0.65078125 0.4484536082474227 0.65078125 0.43814432989690727 0.6578125 0.3883161512027492 0.65625 0.37972508591065296 0.659375 0.372852233676976 0.65859375
0 0.5945017182130584 0.61015625 0.6013745704467355 0.60859375 0.5910652920962199 0.6046875 0.5945017182130584 0.61015625
0 0.7164948453608248 0.6109375 0.7164948453608248 0.603125 0.711340206185567 0.6078125 0.7164948453608248 0.6109375
0 0.6872852233676976 0.61171875 0.6890034364261168 0.60234375 0.6804123711340206 0.6015625 0.6701030927835052 0.61015625 0.6872852233676976 0.61171875
0 0.5738831615120275 0.5921875 0.5807560137457045 0.6 0.5790378006872853 0.6046875 0.5721649484536082 0.60546875 0.5807560137457045 0.60546875 0.5824742268041238 0.60078125 0.6065292096219932 0.59765625 0.6202749140893471 0.6015625 0.6151202749140894 0.61015625 0.6237113402061857 0.61484375 0.6288659793814434 0.615625 0.6357388316151203 0.61171875 0.6512027491408936 0.615625 0.6632302405498283 0.609375 0.6580756013745706 0.60625 0.661512027491409 0.59609375 0.6735395189003437 0.596875 0.6821305841924399 0.59453125 0.7096219931271478 0.6015625 0.7044673539518901 0.59765625 0.711340206185567 0.59609375 0.7285223367697595 0.57734375 0.7130584192439863 0.57109375 0.6426116838487973 0.57421875 0.6288659793814434 0.571875 0.6168384879725086 0.575 0.6116838487972509 0.571875 0.5979381443298969 0.57734375 0.5738831615120275 0.5734375 0.563573883161512 0.58046875 0.563573883161512 0.5921875 0.5738831615120275 0.5921875
0 0.6116838487972509 0.56953125 0.6151202749140894 0.5671875 0.6116838487972509 0.56640625 0.6116838487972509 0.56953125
0 0.6296875 0.553125 0.0015625 0.00078125
0 0.6953125 0.52890625 0.0015625 0.0015625
0 0.7302405498281788 0.53046875 0.7233676975945018 0.525 0.7216494845360826 0.5359375 0.7302405498281788 0.53046875
0 0.6632302405498283 0.525 0.6563573883161513 0.5234375 0.6580756013745706 0.53359375 0.6632302405498283 0.525
0 0.6855670103092784 0.5296875 0.6872852233676976 0.521875 0.6821305841924399 0.52265625 0.6855670103092784 0.5296875
0 0.71015625 0.515625 0.0015625 0.00078125
0 0.7285223367697595 0.515625 0.7268041237113403 0.51328125 0.7233676975945018 0.51640625 0.7285223367697595 0.515625
0 0.6323024054982819 0.4625 0.6391752577319588 0.46171875 0.6426116838487973 0.4578125 0.6323024054982819 0.44921875 0.6271477663230242 0.45625 0.6323024054982819 0.4625
0 0.6065292096219932 0.459375 0.6116838487972509 0.4625 0.6082474226804124 0.46484375 0.6134020618556701 0.46484375 0.6099656357388317 0.4703125 0.6202749140893471 0.47109375 0.6237113402061857 0.47421875 0.604810996563574 0.47734375 0.6013745704467355 0.47578125 0.5945017182130584 0.48046875 0.5979381443298969 0.48515625 0.584192439862543 0.48125 0.577319587628866 0.4828125 0.5721649484536082 0.49140625 0.5618556701030928 0.49453125 0.563573883161512 0.5109375 0.5738831615120275 0.51484375 0.563573883161512 0.52578125 0.570446735395189 0.53125 0.570446735395189 0.53515625 0.5652920962199313 0.5359375 0.5721649484536082 0.5375 0.5670103092783505 0.55 0.5790378006872853 0.5421875 0.6082474226804124 0.5421875 0.6288659793814434 0.5296875 0.6386843397152676 0.5319196428571429 0.6374570446735396 0.51796875 0.6443298969072165 0.5140625 0.6563573883161513 0.515625 0.6546391752577321 0.51171875 0.6597938144329898 0.509375 0.6649484536082475 0.50859375 0.6701030927835052 0.5140625 0.6821305841924399 0.515625 0.6907216494845361 0.5125 0.7027491408934708 0.51328125 0.7130584192439863 0.50546875 0.7199312714776632 0.50546875 0.7302405498281788 0.5109375 0.7371134020618557 0.509375 0.7474226804123713 0.496875 0.7439862542955327 0.48671875 0.7061855670103093 0.4875 0.6993127147766324 0.484375 0.6890034364261168 0.4859375 0.6735395189003437 0.48203125 0.6563573883161513 0.48359375 0.6443298969072165 0.48125 0.6443298969072165 0.478125 0.6529209621993128 0.4765625 0.6477663230240551 0.46953125 0.6426116838487973 0.46875 0.6374570446735396 0.4734375 0.6254295532646049 0.475 0.6202749140893471 0.466796875 0.6151202749140894 0.46640625 0.6202749140893471 0.4625 0.6082474226804124 0.459375 0.6185567010309279 0.45546875 0.6082474226804124 0.4546875 0.604810996563574 0.44765625 0.6013745704467355 0.44921875 0.6065292096219932 0.4515625 0.5996563573883162 0.45546875 0.6013745704467355 0.459375 0.6065292096219932 0.459375
0 0.5223367697594502 0.4421875 0.527491408934708 0.4421875 0.5257731958762888 0.43828125 0.5189003436426117 0.43828125 0.5223367697594502 0.4421875
0 0.6323024054982819 0.43359375 0.6271477663230242 0.428125 0.6202749140893471 0.42890625 0.6323024054982819 0.43359375
0 0.4862542955326461 0.41796875 0.4742268041237113 0.4140625 0.4742268041237113 0.41796875 0.4862542955326461 0.41796875
0 0.5085910652920963 0.43203125 0.5154639175257733 0.434375 0.5292096219931273 0.43203125 0.5326460481099657 0.42890625 0.5481099656357389 0.42890625 0.5532646048109966 0.4265625 0.5756013745704468 0.42890625 0.584192439862543 0.43203125 0.584192439862543 0.44375 0.5893470790378007 0.43984375 0.5962199312714777 0.44453125 0.604810996563574 0.43671875 0.604810996563574 0.42734375 0.5962199312714777 0.42109375 0.570446735395189 0.41875 0.5601374570446735 0.4203125 0.5481099656357389 0.4125 0.513745704467354 0.4078125 0.5034364261168386 0.4109375 0.4965635738831615 0.415625 0.5085910652920963 0.43203125
0 0.7749140893470792 0.6796875 0.7714776632302407 0.6765625 0.7697594501718215 0.67890625 0.7749140893470792 0.6796875
0 0.87265625 0.675 0.003125 0.00078125
0 0.8367697594501718 0.6734375 0.8333333333333334 0.66875 0.8316151202749141 0.6734375 0.8367697594501718 0.6734375
0 0.745704467353952 0.64140625 0.7474226804123713 0.66875 0.7800687285223369 0.66328125 0.7783505154639176 0.65078125 0.7869415807560138 0.64375 0.8041237113402062 0.6421875 0.8144329896907218 0.6375 0.8350515463917526 0.63828125 0.8505154639175257 0.64375 0.8402061855670103 0.646875 0.8419243986254296 0.6515625 0.8350515463917526 0.6546875 0.8264604810996564 0.65 0.8247422680412372 0.65625 0.8144329896907218 0.6609375 0.8178694158075602 0.66484375 0.8247422680412372 0.66640625 0.8298969072164949 0.6640625 0.8367697594501718 0.66640625 0.8556701030927837 0.6625 0.8694158075601376 0.66640625 0.8831615120274915 0.66640625 0.8900343642611684 0.6609375 0.8900343642611684 0.64296875 0.8969072164948454 0.63671875 0.9106529209621994 0.58671875 0.9106529209621994 0.5734375 0.9037800687285223 0.5640625 0.88659793814433 0.5625 0.852233676975945 0.565625 0.8384879725085911 0.56171875 0.8281786941580757 0.56171875 0.8144329896907218 0.56640625 0.809278350515464 0.5609375 0.7869415807560138 0.56640625 0.7783505154639176 0.5625 0.7680412371134021 0.5625 0.7611683848797252 0.56640625 0.7542955326460482 0.56640625 0.745704467353952 0.58046875 0.7405498281786942 0.63515625 0.745704467353952 0.64140625
0 0.690625 0.553125 0.00703125 0.00078125
0 0.5429553264604812 0.440625 0.5446735395189004 0.4453125 0.5670103092783505 0.453125 0.563573883161512 0.459375 0.5721649484536082 0.46171875 0.563573883161512 0.49296875 0.5670103092783505 0.55 0.6013745704467355 0.546875 0.6116838487972509 0.54921875 0.6202749140893471 0.5453125 0.6305841924398626 0.546875 0.6357388316151203 0.54453125 0.6649484536082475 0.5421875 0.6924398625429553 0.54296875 0.6993127147766324 0.5453125 0.7061855670103093 0.54296875 0.7268041237113403 0.54296875 0.7371134020618557 0.5453125 0.7474226804123713 0.5375 0.745704467353952 0.51484375 0.7508591065292097 0.51171875 0.7491408934707905 0.4875 0.7542955326460482 0.48203125 0.7508591065292097 0.46328125 0.7422680412371134 0.46015625 0.7371134020618557 0.45234375 0.6907216494845361 0.440625 0.6838487972508591 0.43515625 0.6529209621993128 0.42890625 0.6357388316151203 0.42890625 0.6219931271477663 0.42421875 0.6151202749140894 0.42890625 0.6082474226804124 0.42578125 0.5910652920962199 0.43046875 0.584192439862543 0.42734375 0.570446735395189 0.43046875 0.5292096219931273 0.43203125 0.5257731958762888 0.4390625 0.5429553264604812 0.440625
0 0.36875 0.46640625 0.0015625 0.0015625
0 0.4072164948453609 0.46484375 0.4037800687285224 0.4609375 0.40034364261168387 0.46328125 0.4072164948453609 0.46484375
0 0.42439862542955326 0.4625 0.42439862542955326 0.45703125 0.4175257731958763 0.45390625 0.42439862542955326 0.4625
0 0.3625429553264605 0.4859375 0.3539518900343643 0.4890625 0.359106529209622 0.5578125 0.3694158075601375 0.58359375 0.3762886597938145 0.58515625 0.40034364261168387 0.5796875 0.4604810996563574 0.58046875 0.4725085910652921 0.578125 0.5103092783505155 0.578125 0.520618556701031 0.575 0.5463917525773196 0.575 0.5446735395189004 0.55625 0.5567010309278351 0.5453125 0.5498281786941581 0.525 0.5584192439862543 0.5109375 0.5498281786941581 0.49765625 0.5515463917525774 0.471875 0.5498281786941581 0.46953125 0.5395189003436427 0.4703125 0.5292096219931273 0.46484375 0.527491408934708 0.46015625 0.5326460481099657 0.45625 0.5223367697594502 0.4546875 0.513745704467354 0.45703125 0.5154639175257733 0.45078125 0.45704467353951894 0.45625 0.4518900343642612 0.4546875 0.4450171821305842 0.4671875 0.4347079037800688 0.4625 0.43298969072164956 0.46875 0.4175257731958763 0.4734375 0.41065292096219935 0.4703125 0.40034364261168387 0.471875 0.3917525773195877 0.4765625 0.39518900343642616 0.48046875 0.3762886597938145 0.48671875 0.36426116838487976 0.4859375 0.3556701030927835 0.47578125 0.3539518900343643 0.48359375 0.3625429553264605 0.4859375
0 0.44673539518900346 0.44921875 0.44158075601374575 0.446875 0.4450171821305842 0.453125 0.44673539518900346 0.44921875
0 0.43671875 0.696875 0.003125 0.00390625
0 0.41015625 0.696875 0.0015625 0.00390625
0 0.46219931271477666 0.6984375 0.4725085910652921 0.69296875 0.49312714776632305 0.69765625 0.5 0.6953125 0.4896907216494846 0.690625 0.5017182130584193 0.6890625 0.5171821305841925 0.69609375 0.527491408934708 0.6921875 0.5240549828178694 0.68828125 0.513745704467354 0.6890625 0.5068728522336771 0.68515625 0.4862542955326461 0.690625 0.4828178694158076 0.68828125 0.4725085910652921 0.6921875 0.4553264604810997 0.69140625 0.45360824742268047 0.69609375 0.46219931271477666 0.6984375
0 0.38203125 0.68515625 0.0015625 0.003125
0 0.3625429553264605 0.57109375 0.36769759450171824 0.571875 0.3625429553264605 0.57421875 0.3625429553264605 0.5828125 0.3694158075601375 0.646875 0.37972508591065296 0.6640625 0.3762886597938145 0.68125 0.39003436426116844 0.67578125 0.3969072164948454 0.68515625 0.4037800687285224 0.6828125 0.4072164948453609 0.6859375 0.41580756013745707 0.6796875 0.4347079037800688 0.68671875 0.4398625429553265 0.68515625 0.43814432989690727 0.67890625 0.4604810996563574 0.67890625 0.46735395189003437 0.68203125 0.46219931271477666 0.68515625 0.4776632302405499 0.67890625 0.4914089347079038 0.68203125 0.49828178694158076 0.678125 0.5017182130584193 0.6796875 0.5120274914089348 0.6765625 0.5189003436426117 0.67734375 0.5257731958762888 0.65859375 0.5463917525773196 0.671875 0.5481099656357389 0.6671875 0.5412371134020619 0.66328125 0.5481099656357389 0.66328125 0.5532646048109966 0.6515625 0.5549828178694158 0.628125 0.5498281786941581 0.5515625 0.5051546391752578 0.55 0.49828178694158076 0.55859375 0.4948453608247423 0.553125 0.4862542955326461 0.55078125 0.47594501718213056 0.55078125 0.4725085910652921 0.553125 0.4639175257731959 0.55078125 0.4518900343642612 0.5515625 0.4484536082474227 0.557421875 0.43814432989690727 0.55703125 0.4347079037800688 0.55 0.4261168384879725 0.5546875 0.41924398625429554 0.55390625 0.4175257731958763 0.55 0.4072164948453609 0.553125 0.4072164948453609 0.55625 0.38659793814432997 0.5546875 0.37972508591065296 0.559375 0.372852233676976 0.55625 0.365979381443299 0.56015625 0.3694158075601375 0.5671875 0.3625429553264605 0.57109375
0 0.36171875 0.54296875 0.0015625 0.0015625
0 0.738831615120275 0.65625 0.738831615120275 0.67421875 0.7336769759450172 0.6765625 0.7336769759450172 0.70703125 0.7405498281786942 0.7046875 0.7439862542955327 0.70859375 0.7646048109965636 0.70625 0.7680412371134021 0.709375 0.7886597938144331 0.71015625 0.7938144329896908 0.709375 0.7920962199312716 0.70546875 0.8058419243986255 0.70078125 0.8144329896907218 0.7046875 0.8264604810996564 0.7015625 0.8298969072164949 0.70625 0.8642611683848799 0.70625 0.8659793814432991 0.703125 0.8694158075601376 0.7046875 0.8728522336769761 0.6921875 0.8848797250859107 0.68203125 0.8848797250859107 0.665625 0.8917525773195877 0.65703125 0.8900343642611684 0.64375 0.8969072164948454 0.634375 0.9003436426116839 0.60859375 0.8676975945017184 0.6078125 0.8384879725085911 0.61328125 0.8213058419243987 0.6109375 0.809278350515464 0.61328125 0.7903780068728523 0.6109375 0.7817869415807561 0.61328125 0.7680412371134021 0.61015625 0.7611683848797252 0.61640625 0.7474226804123713 0.61953125 0.7474226804123713 0.6296875 0.7405498281786942 0.63515625 0.745704467353952 0.6453125 0.738831615120275 0.65625
0 0.8608247422680414 0.6 0.8625429553264606 0.5921875 0.8505154639175257 0.59296875 0.8487972508591065 0.5984375 0.8608247422680414 0.6
0 0.8298969072164949 0.59921875 0.8350515463917526 0.59921875 0.8350515463917526 0.59140625 0.8230240549828179 0.59140625 0.8298969072164949 0.59921875
0 0.8058419243986255 0.59375 0.8109965635738833 0.59140625 0.7989690721649485 0.5921875 0.8058419243986255 0.59375
0 0.88659793814433 0.59375 0.88659793814433 0.58984375 0.8814432989690723 0.590625 0.879725085910653 0.5921875 0.88659793814433 0.59375
0 0.6185567010309279 0.6671875 0.6116838487972509 0.66640625 0.6168384879725086 0.671875 0.6185567010309279 0.6671875
0 0.6391752577319588 0.67109375 0.6374570446735396 0.6640625 0.6323024054982819 0.66484375 0.6391752577319588 0.67109375
0 0.7164948453608248 0.66171875 0.7164948453608248 0.66484375 0.7233676975945018 0.66171875 0.7216494845360826 0.659375 0.7164948453608248 0.66171875
0 0.7164948453608248 0.66953125 0.7233676975945018 0.66796875 0.7164948453608248 0.66484375 0.7164948453608248 0.66953125
0 0.5756013745704468 0.5546875 0.5670103092783505 0.557421875 0.5618556701030928 0.5828125 0.5652920962199313 0.6609375 0.5893470790378007 0.659375 0.5945017182130584 0.65625 0.6030927835051547 0.66171875 0.5945017182130584 0.6640625 0.6013745704467355 0.67109375 0.5979381443298969 0.66640625 0.6030927835051547 0.665625 0.604810996563574 0.65078125 0.6460481099656358 0.64609375 0.6529209621993128 0.64765625 0.6597938144329898 0.64375 0.668384879725086 0.64921875 0.6924398625429553 0.64453125 0.7061855670103093 0.6515625 0.7096219931271478 0.65 0.7164948453608248 0.653125 0.7302405498281788 0.646875 0.7302405498281788 0.5953125 0.7353951890034365 0.57421875 0.7422680412371134 0.5671875 0.738831615120275 0.54140625 0.7302405498281788 0.53828125 0.7199312714776632 0.5390625 0.7164948453608248 0.5453125 0.7079037800687286 0.5390625 0.6975945017182131 0.5484375 0.6821305841924399 0.54296875 0.6288659793814434 0.5453125 0.6254295532646049 0.540625 0.6082474226804124 0.54375 0.5910652920962199 0.53828125 0.5824742268041238 0.54296875 0.5738831615120275 0.540625 0.570446735395189 0.54296875 0.5756013745704468 0.5453125 0.5670103092783505 0.5484375 0.5670103092783505 0.5529296875 0.5756013745704468 0.5546875
0 0.36426116838487976 0.56640625 0.36769759450171824 0.63828125 0.37972508591065296 0.72859375 0.3883161512027492 0.7296875 0.37972508591065296 0.7328125 0.3969072164948454 0.728125 0.4037800687285224 0.73359375 0.41065292096219935 0.7265625 0.4209621993127148 0.7234375 0.4398625429553265 0.728125 0.4295532646048111 0.73359375 0.44158075601374575 0.7296875 0.5017182130584193 0.73046875 0.5446735395189004 0.72109375 0.5446735395189004 0.71328125 0.5378006872852235 0.709375 0.5498281786941581 0.70234375 0.5463917525773196 0.68515625 0.5549828178694158 0.6421875 0.5549828178694158 0.5375 0.5481099656357389 0.52421875 0.5446735395189004 0.521875 0.5223367697594502 0.5203125 0.5034364261168386 0.52265625 0.47079037800687284 0.52109375 0.4587628865979382 0.52421875 0.41924398625429554 0.5234375 0.4072164948453609 0.5203125 0.40034364261168387 0.52421875 0.37972508591065296 0.5234375 0.3762886597938145 0.5265625 0.3625429553264605 0.52890625 0.359106529209622 0.55625 0.36426116838487976 0.56640625
0 0.4450171821305842 0.49609375 0.44158075601374575 0.49296875 0.44400646856680825 0.49701286764705876 0.4450171821305842 0.49609375
0 0.4398625429553265 0.50078125 0.44673539518900346 0.5015625 0.44400646856680825 0.49701286764705876 0.4398625429553265 0.50078125
0 0.12371134020618557 0.4171875 0.11855670103092783 0.41953125 0.10652920962199312 0.41796875 0.10996563573883163 0.42109375 0.13917525773195877 0.4171875 0.15463917525773196 0.41796875 0.16151202749140894 0.41484375 0.23195876288659795 0.4140625 0.23195876288659795 0.4078125 0.22508591065292097 0.40390625 0.15463917525773196 0.40390625 0.12371134020618557 0.409375 0.11340206185567012 0.41484375 0.12371134020618557 0.4171875
0 0.7611683848797252 0.64375 0.752577319587629 0.65078125 0.7714776632302407 0.65390625 0.7646048109965636 0.6578125 0.7474226804123713 0.6578125 0.7508591065292097 0.6828125 0.7439862542955327 0.70859375 0.7542955326460482 0.71015625 0.7611683848797252 0.70234375 0.7680412371134021 0.7046875 0.7697594501718215 0.709375 0.7938144329896908 0.709375 0.7989690721649485 0.70625 0.8127147766323025 0.7046875 0.8247422680412372 0.7078125 0.8505154639175257 0.70703125 0.8591065292096222 0.7015625 0.8711340206185568 0.70390625 0.8762886597938145 0.68828125 0.8848797250859107 0.68125 0.8900343642611684 0.6421875 0.9003436426116839 0.62734375 0.9072164948453609 0.59375 0.9140893470790379 0.5859375 0.9140893470790379 0.56796875 0.9226804123711341 0.55703125 0.9243986254295533 0.5390625 0.9329896907216495 0.521875 0.9312714776632303 0.51171875 0.9398625429553265 0.5015625 0.9415807560137457 0.47890625 0.9484536082474226 0.46796875 0.9467353951890034 0.45625 0.9381443298969072 0.45390625 0.9312714776632303 0.446875 0.9089347079037802 0.4421875 0.88659793814433 0.44140625 0.8831615120274915 0.4390625 0.8728522336769761 0.44140625 0.8470790378006873 0.43515625 0.7800687285223369 0.43359375 0.7731958762886599 0.45703125 0.7628865979381444 0.46015625 0.7611683848797252 0.46640625 0.7646048109965636 0.484375 0.7577319587628867 0.53828125 0.7594501718213059 0.5515625 0.7663230240549829 0.56015625 0.745704467353952 0.58046875 0.7474226804123713 0.6375 0.7611683848797252 0.64375
0 0.2611683848797251 0.63046875 0.2714776632302406 0.63125 0.2714776632302406 0.628125 0.2611683848797251 0.628125 0.2611683848797251 0.63046875
0 0.14776632302405499 0.5390625 0.15292096219931273 0.55 0.14604810996563575 0.584375 0.15463917525773196 0.6015625 0.15807560137457047 0.6265625 0.1752577319587629 0.62734375 0.18556701030927836 0.62265625 0.20103092783505155 0.62265625 0.20274914089347082 0.61953125 0.23367697594501718 0.62421875 0.24742268041237114 0.61875 0.2577319587628866 0.621875 0.2731958762886598 0.61953125 0.2869415807560137 0.621875 0.302405498281787 0.6140625 0.3195876288659794 0.61953125 0.3298969072164949 0.6171875 0.3402061855670103 0.61875 0.34536082474226804 0.61328125 0.3539518900343643 0.61796875 0.35738831615120276 0.615625 0.3505154639175258 0.61328125 0.3556701030927835 0.61046875 0.34879725085910657 0.6078125 0.3556701030927835 0.60609375 0.3556701030927835 0.58671875 0.3436426116838488 0.5 0.3264604810996564 0.4984375 0.3230240549828179 0.49375 0.31099656357388317 0.49453125 0.30584192439862545 0.49140625 0.2731958762886598 0.4953125 0.25429553264604815 0.49375 0.2508591065292097 0.49609375 0.21649484536082478 0.49609375 0.20962199312714777 0.49921875 0.1718213058419244 0.49609375 0.16494845360824745 0.49921875 0.14604810996563575 0.49765625 0.14776632302405499 0.503125 0.13402061855670105 0.5109375 0.13402061855670105 0.53125 0.14776632302405499 0.5390625
0 0.24398625429553267 0.43515625 0.2405498281786942 0.4421875 0.25945017182130586 0.44453125 0.3178694158075602 0.44296875 0.33161512027491413 0.45390625 0.34192439862542956 0.453125 0.3505154639175258 0.42890625 0.3470790378006873 0.42109375 0.32817869415807566 0.409375 0.24398625429553267 0.4109375 0.2302405498281787 0.42109375 0.2302405498281787 0.42734375 0.24398625429553267 0.43515625
0 0.4862542955326461 0.70234375 0.4518900343642612 0.70078125 0.4295532646048111 0.70625 0.3934707903780069 0.709375 0.38659793814432997 0.7078125 0.3762886597938145 0.69453125 0.3780068728522337 0.7390625 0.3969072164948454 0.73984375 0.44673539518900346 0.734375 0.5463917525773196 0.7296875 0.5515463917525774 0.72734375 0.5498281786941581 0.7046875 0.5360824742268042 0.6984375 0.5034364261168386 0.6984375 0.4862542955326461 0.70234375
0 0.68828125 0.5359375 0.0015625 0.00078125
0 0.66015625 0.525 0.003125 0.00078125
0 0.6374570446735396 0.5265625 0.6357388316151203 0.5234375 0.6305841924398626 0.52421875 0.6305841924398626 0.52734375 0.6374570446735396 0.5265625
0 0.5721649484536082 0.51875 0.584192439862543 0.51640625 0.6374570446735396 0.5171875 0.6752577319587629 0.51484375 0.6752577319587629 0.52890625 0.6975945017182131 0.52734375 0.6993127147766324 0.521875 0.7096219931271478 0.521875 0.731958762886598 0.52890625 0.738831615120275 0.52421875 0.7371134020618557 0.51875 0.7508591065292097 0.51171875 0.7508591065292097 0.4859375 0.7439862542955327 0.48203125 0.6151202749140894 0.48203125 0.5910652920962199 0.484375 0.5670103092783505 0.4953125 0.563573883161512 0.50078125 0.563573883161512 0.51328125 0.5721649484536082 0.51875
0 0.14948453608247422 0.5671875 0.17697594501718214 0.56328125 0.21993127147766325 0.56015625 0.2508591065292097 0.5609375 0.2611683848797251 0.55859375 0.3144329896907217 0.5578125 0.3505154639175258 0.56015625 0.34879725085910657 0.5359375 0.3402061855670103 0.52890625 0.3247422680412372 0.525 0.2800687285223368 0.528125 0.24914089347079038 0.52578125 0.24398625429553267 0.52890625 0.23367697594501718 0.5265625 0.22508591065292097 0.5296875 0.20962199312714777 0.53046875 0.16666666666666669 0.5296875 0.14776632302405499 0.5359375 0.1443298969072165 0.53984375 0.14261168384879724 0.56328125 0.14948453608247422 0.5671875
0 0.11340206185567012 0.4234375 0.10824742268041239 0.421875 0.13058419243986255 0.4328125 0.12714776632302408 0.43671875 0.11512027491408935 0.43671875 0.11168384879725086 0.43359375 0.07560137457044674 0.44921875 0.07560137457044674 0.47734375 0.08247422680412372 0.48359375 0.08075601374570447 0.49609375 0.08762886597938145 0.503125 0.08762886597938145 0.5171875 0.11855670103092783 0.6140625 0.12199312714776633 0.6171875 0.13230240549828182 0.61875 0.14776632302405499 0.61640625 0.140893470790378 0.59296875 0.14261168384879724 0.57109375 0.13745704467353953 0.56484375 0.140893470790378 0.5375 0.13402061855670105 0.53359375 0.13402061855670105 0.52734375 0.14604810996563575 0.521875 0.13745704467353953 0.521875 0.13230240549828182 0.51796875 0.14261168384879724 0.4984375 0.12714776632302408 0.48671875 0.12542955326460484 0.4734375 0.1357388316151203 0.4640625 0.18041237113402064 0.44453125 0.19587628865979384 0.44609375 0.19931271477663232 0.44140625 0.21305841924398625 0.4390625 0.22508591065292097 0.4328125 0.22852233676975947 0.421875 0.22336769759450173 0.4125 0.20274914089347082 0.4125 0.1941580756013746 0.4078125 0.17353951890034364 0.4078125 0.1718213058419244 0.4109375 0.1357388316151203 0.4078125 0.11683848797250859 0.4171875 0.10824742268041239 0.41796875 0.11512027491408935 0.42109375 0.11340206185567012 0.4234375
0 0.13745704467353953 0.49921875 0.1357388316151203 0.53046875 0.1443298969072165 0.5390625 0.140893470790378 0.5640625 0.1512027491408935 0.57109375 0.15292096219931273 0.58125 0.16666666666666669 0.58203125 0.17353951890034364 0.5796875 0.18041237113402064 0.58671875 0.18213058419243988 0.58046875 0.19243986254295536 0.57578125 0.20790378006872853 0.57890625 0.21305841924398625 0.57421875 0.21993127147766325 0.5765625 0.2508591065292097 0.5765625 0.2577319587628866 0.571875 0.2680412371134021 0.57578125 0.27491408934707906 0.5734375 0.2869415807560137 0.575 0.29381443298969073 0.57109375 0.3144329896907217 0.5765625 0.3230240549828179 0.56875 0.33333333333333337 0.575 0.3436426116838488 0.57421875 0.3436426116838488 0.56640625 0.35223367697594504 0.5609375 0.34536082474226804 0.4890625 0.3402061855670103 0.4609375 0.32817869415807566 0.45546875 0.3247422680412372 0.4484375 0.3178694158075602 0.4453125 0.2972508591065292 0.44765625 0.2869415807560137 0.4453125 0.2714776632302406 0.4453125 0.26460481099656363 0.44765625 0.2560137457044674 0.4453125 0.23539518900343642 0.44765625 0.21821305841924402 0.4453125 0.20103092783505155 0.4484375 0.18384879725085912 0.446875 0.14261168384879724 0.46328125 0.12714776632302408 0.47578125 0.12714776632302408 0.48828125 0.13745704467353953 0.49921875
0 0.3711340206185567 0.620703125 0.365979381443299 0.62421875 0.372852233676976 0.6265625 0.36769759450171824 0.62890625 0.3762886597938145 0.63125 0.36769759450171824 0.6328125 0.3762886597938145 0.63671875 0.3694158075601375 0.63828125 0.3694158075601375 0.65234375 0.3762886597938145 0.66171875 0.39003436426116844 0.6625 0.4020618556701031 0.6578125 0.41065292096219935 0.66171875 0.4398625429553265 0.65625 0.5189003436426117 0.6578125 0.5240549828178694 0.65546875 0.5532646048109966 0.6546875 0.5549828178694158 0.63125 0.5481099656357389 0.6234375 0.5189003436426117 0.6234375 0.5068728522336771 0.61875 0.47938144329896915 0.6296875 0.46735395189003437 0.6265625 0.4484536082474227 0.6328125 0.4347079037800688 0.62734375 0.42783505154639184 0.62734375 0.42439862542955326 0.63046875 0.41408934707903783 0.63125 0.4072164948453609 0.6375 0.39003436426116844 0.6375 0.38487972508591073 0.63671875 0.36769759450171824 0.615625 0.365979381443299 0.6203125 0.3711340206185567 0.620703125
0 0.5078125 0.6125 0.0015625 0.00234375
0 0.57578125 0.6921875 0.003125 0.00234375
0 0.5601374570446735 0.646875 0.5618556701030928 0.66328125 0.570446735395189 0.6734375 0.5652920962199313 0.67578125 0.577319587628866 0.67109375 0.584192439862543 0.67109375 0.5876288659793815 0.67421875 0.6116838487972509 0.67421875 0.6219931271477663 0.67734375 0.6323024054982819 0.675 0.6460481099656358 0.67578125 0.6529209621993128 0.6640625 0.6649484536082475 0.66953125 0.6649484536082475 0.675 0.6718213058419245 0.675 0.6752577319587629 0.671875 0.6838487972508591 0.67265625 0.6907216494845361 0.66875 0.6993127147766324 0.6703125 0.7061855670103093 0.66328125 0.718213058419244 0.67421875 0.7268041237113403 0.671875 0.7336769759450172 0.6546875 0.7302405498281788 0.61875 0.7233676975945018 0.61796875 0.7164948453608248 0.62109375 0.6924398625429553 0.61953125 0.6872852233676976 0.6234375 0.6597938144329898 0.6234375 0.6477663230240551 0.62734375 0.6219931271477663 0.62734375 0.6168384879725086 0.625 0.5910652920962199 0.6265625 0.5790378006872853 0.63671875 0.563573883161512 0.6328125 0.5618556701030928 0.63515625 0.5687285223367697 0.63671875 0.5601374570446735 0.646875
0 0.3762886597938145 0.6546875 0.43642611683848803 0.65546875 0.4587628865979382 0.65078125 0.4828178694158076 0.65234375 0.4914089347079038 0.64765625 0.5085910652920963 0.64765625 0.513745704467354 0.64453125 0.520618556701031 0.6484375 0.5360824742268042 0.6484375 0.5498281786941581 0.64453125 0.5446735395189004 0.6359375 0.5532646048109966 0.63359375 0.5549828178694158 0.6171875 0.5515463917525774 0.609375 0.5360824742268042 0.6046875 0.47938144329896915 0.6046875 0.4398625429553265 0.6078125 0.4261168384879725 0.60234375 0.41408934707903783 0.60703125 0.41065292096219935 0.60546875 0.38487972508591073 0.60859375 0.37972508591065296 0.61328125 0.3694158075601375 0.61484375 0.36769759450171824 0.6359375 0.3762886597938145 0.6546875
0 0.6786941580756014 0.425 0.6958762886597938 0.4328125 0.7096219931271478 0.43359375 0.711340206185567 0.4390625 0.7405498281786942 0.44609375 0.7611683848797252 0.46171875 0.7611683848797252 0.51640625 0.7508591065292097 0.54765625 0.7508591065292097 0.571875 0.7439862542955327 0.5796875 0.7439862542955327 0.64609375 0.7405498281786942 0.6703125 0.7336769759450172 0.678125 0.7302405498281788 0.71328125 0.7628865979381444 0.71328125 0.809278350515464 0.7078125 0.8298969072164949 0.709375 0.8676975945017184 0.70625 0.8745704467353953 0.70234375 0.8762886597938145 0.6890625 0.8848797250859107 0.68203125 0.8900343642611684 0.64296875 0.8969072164948454 0.6359375 0.9072164948453609 0.59296875 0.9140893470790379 0.58515625 0.9140893470790379 0.5671875 0.9209621993127148 0.56015625 0.9243986254295533 0.5390625 0.9312714776632303 0.52890625 0.9312714776632303 0.51171875 0.9415807560137457 0.496875 0.9484536082474226 0.45546875 0.9312714776632303 0.4453125 0.8917525773195877 0.4390625 0.8694158075601376 0.4390625 0.8350515463917526 0.43203125 0.7766323024054984 0.4265625 0.731958762886598 0.41796875 0.6769759450171822 0.4171875 0.6735395189003437 0.42109375 0.6786941580756014 0.425
0 0.6116838487972509 0.59765625 0.6219931271477663 0.59375 0.6254295532646049 0.59609375 0.6443298969072165 0.59453125 0.6512027491408936 0.5984375 0.6872852233676976 0.59921875 0.7010309278350516 0.59609375 0.7096219931271478 0.596875 0.7199312714776632 0.59296875 0.7302405498281788 0.59453125 0.7371134020618557 0.58515625 0.7353951890034365 0.5703125 0.7405498281786942 0.5703125 0.7336769759450172 0.5671875 0.7405498281786942 0.56484375 0.7199312714776632 0.5671875 0.7061855670103093 0.56171875 0.7061855670103093 0.56484375 0.6975945017182131 0.56796875 0.6632302405498283 0.56875 0.6563573883161513 0.56640625 0.6391752577319588 0.5703125 0.6202749140893471 0.5703125 0.6082474226804124 0.56328125 0.5945017182130584 0.575 0.5824742268041238 0.5734375 0.5721649484536082 0.57734375 0.5670103092783505 0.5765625 0.5601374570446735 0.58203125 0.5618556701030928 0.60546875 0.6116838487972509 0.59765625
0 0.4671875 0.4109375 0.00703125 0.00078125
0 0.4948453608247423 0.41875 0.4948453608247423 0.42578125 0.5034364261168386 0.43203125 0.5395189003436427 0.453125 0.5515463917525774 0.45546875 0.563573883161512 0.46484375 0.5601374570446735 0.509375 0.563573883161512 0.528125 0.570446735395189 0.5296875 0.570446735395189 0.5328125 0.5962199312714777 0.53125 0.6013745704467355 0.53828125 0.6099656357388317 0.540625 0.6065292096219932 0.5328125 0.6219931271477663 0.5265625 0.6323024054982819 0.53984375 0.6443298969072165 0.53828125 0.6529209621993128 0.53359375 0.6580756013745706 0.53828125 0.6872852233676976 0.53984375 0.7010309278350516 0.53671875 0.6993127147766324 0.53359375 0.7079037800687286 0.5296875 0.7164948453608248 0.5359375 0.7336769759450172 0.53671875 0.7439862542955327 0.52890625 0.7422680412371134 0.5171875 0.745704467353952 0.5046875 0.7508591065292097 0.503125 0.7491408934707905 0.4875 0.7542955326460482 0.4828125 0.7508591065292097 0.4640625 0.738831615120275 0.4609375 0.7371134020618557 0.45234375 0.7302405498281788 0.44921875 0.7130584192439863 0.4484375 0.6907216494845361 0.440625 0.6821305841924399 0.434375 0.6718213058419245 0.434375 0.6529209621993128 0.42890625 0.6340206185567011 0.428125 0.6116838487972509 0.415625 0.5876288659793815 0.41875 0.5721649484536082 0.415625 0.5601374570446735 0.41640625 0.5446735395189004 0.4109375 0.5171821305841925 0.4078125 0.5068728522336771 0.4078125 0.49828178694158076 0.41171875 0.4948453608247423 0.41796875 0.47594501718213056 0.41328125 0.4742268041237113 0.41796875 0.4948453608247423 0.41875
0 0.577319587628866 0.67265625 0.6460481099656358 0.6765625 0.6494845360824744 0.66953125 0.661512027491409 0.67109375 0.6632302405498283 0.675 0.6701030927835052 0.67578125 0.7061855670103093 0.6703125 0.7199312714776632 0.675 0.7285223367697595 0.66796875 0.7285223367697595 0.653125 0.7336769759450172 0.64765625 0.731958762886598 0.5921875 0.7371134020618557 0.57734375 0.731958762886598 0.5671875 0.711340206185567 0.56796875 0.7096219931271478 0.565625 0.6907216494845361 0.5703125 0.6666666666666667 0.5671875 0.6357388316151203 0.571875 0.6219931271477663 0.57109375 0.6082474226804124 0.5640625 0.6065292096219932 0.56953125 0.5807560137457045 0.57265625 0.5738831615120275 0.578125 0.5670103092783505 0.57734375 0.5618556701030928 0.58046875 0.563573883161512 0.675 0.577319587628866 0.67265625
0 0.365979381443299 0.58984375 0.4020618556701031 0.58125 0.5257731958762888 0.578125 0.5395189003436427 0.58046875 0.5567010309278351 0.57734375 0.5498281786941581 0.55625 0.5309278350515465 0.5515625 0.422680412371134 0.55390625 0.40549828178694164 0.55234375 0.3608247422680413 0.56015625 0.359106529209622 0.5796875 0.365979381443299 0.58984375
0 0.10824742268041239 0.4375 0.11512027491408935 0.43828125 0.13917525773195877 0.434375 0.1597938144329897 0.4359375 0.18041237113402064 0.428125 0.19243986254295536 0.4296875 0.20790378006872853 0.4234375 0.22336769759450173 0.4234375 0.22852233676975947 0.4171875 0.21993127147766325 0.41328125 0.12542955326460484 0.4140625 0.10137457044673541 0.42109375 0.09965635738831616 0.42734375 0.10824742268041239 0.4375
0 0.7542955326460482 0.6875 0.7594501718213059 0.684375 0.7697594501718215 0.684375 0.7783505154639176 0.68828125 0.8075601374570448 0.6875 0.816151202749141 0.68359375 0.8367697594501718 0.68671875 0.8436426116838488 0.6828125 0.8539518900343642 0.68359375 0.8591065292096222 0.68125 0.8694158075601376 0.6859375 0.8814432989690723 0.68515625 0.88659793814433 0.678125 0.8848797250859107 0.665625 0.8917525773195877 0.6578125 0.8900343642611684 0.6390625 0.8831615120274915 0.634375 0.8384879725085911 0.634375 0.7903780068728523 0.63984375 0.7817869415807561 0.6375 0.7611683848797252 0.64140625 0.7577319587628867 0.63984375 0.7405498281786942 0.64921875 0.7405498281786942 0.68203125 0.7542955326460482 0.6875
0 0.15292096219931273 0.60078125 0.18556701030927836 0.59453125 0.24742268041237114 0.5921875 0.2680412371134021 0.59375 0.2766323024054983 0.59140625 0.29553264604810997 0.59296875 0.31099656357388317 0.5890625 0.35223367697594504 0.59140625 0.3556701030927835 0.5890625 0.35223367697594504 0.56484375 0.31271477663230246 0.559375 0.17010309278350516 0.565625 0.1443298969072165 0.57265625 0.14261168384879724 0.584375 0.15292096219931273 0.60078125
0 0.1296875 0.48125 0.0015625 0.00078125
0 0.140893470790378 0.50859375 0.1357388316151203 0.528125 0.14604810996563575 0.534375 0.16666666666666669 0.5265625 0.18384879725085912 0.53359375 0.21477663230240554 0.528125 0.2560137457044674 0.52734375 0.2800687285223368 0.5296875 0.29553264604810997 0.5265625 0.3264604810996564 0.52578125 0.33333333333333337 0.52890625 0.34536082474226804 0.52890625 0.34536082474226804 0.43359375 0.3402061855670103 0.4234375 0.3264604810996564 0.4171875 0.32130584192439865 0.4203125 0.29037800687285226 0.41875 0.2852233676975945 0.415625 0.2508591065292097 0.4203125 0.2405498281786942 0.4171875 0.2302405498281787 0.42265625 0.21305841924398625 0.42421875 0.18384879725085912 0.434375 0.1718213058419244 0.43359375 0.1597938144329897 0.4390625 0.15635738831615123 0.45390625 0.1632302405498282 0.4546875 0.16838487972508592 0.4515625 0.1718213058419244 0.453125 0.17010309278350516 0.46328125 0.1752577319587629 0.4671875 0.1632302405498282 0.46953125 0.15292096219931273 0.48515625 0.14261168384879724 0.48203125 0.13402061855670105 0.48359375 0.13402061855670105 0.4984375 0.140893470790378 0.50859375
0 0.2560137457044674 0.415625 0.2508591065292097 0.41328125 0.2508591065292097 0.4171875 0.2560137457044674 0.415625
0 0.28203125 0.4125 0.00703125 0.00078125
0 0.7268041237113403 0.70859375 0.7302405498281788 0.7140625 0.7680412371134021 0.71328125 0.7800687285223369 0.71015625 0.8041237113402062 0.709375 0.8075601374570448 0.70703125 0.8298969072164949 0.709375 0.8367697594501718 0.70703125 0.8745704467353953 0.70546875 0.8762886597938145 0.690625 0.88659793814433 0.6796875 0.8831615120274915 0.66328125 0.8900343642611684 0.6609375 0.8900343642611684 0.65390625 0.8814432989690723 0.65078125 0.88659793814433 0.64140625 0.8728522336769761 0.6296875 0.8625429553264606 0.6296875 0.8591065292096222 0.63359375 0.845360824742268 0.6359375 0.8350515463917526 0.6203125 0.816151202749141 0.61953125 0.8144329896907218 0.63046875 0.8041237113402062 0.63984375 0.7886597938144331 0.64140625 0.7835051546391754 0.6375 0.7835051546391754 0.63984375 0.7663230240549829 0.6421875 0.7508591065292097 0.63984375 0.752577319587629 0.64375 0.7405498281786942 0.6484375 0.7336769759450172 0.65546875 0.7371134020618557 0.6671875 0.7268041237113403 0.70859375
0 0.3934707903780069 0.6125 0.41065292096219935 0.60859375 0.41924398625429554 0.61015625 0.42783505154639184 0.60625 0.4347079037800688 0.61015625 0.44158075601374575 0.61015625 0.45360824742268047 0.6078125 0.5034364261168386 0.60625 0.5532646048109966 0.6078125 0.5567010309278351 0.60546875 0.5584192439862543 0.58515625 0.5549828178694158 0.58046875 0.5463917525773196 0.578125 0.5532646048109966 0.57578125 0.527491408934708 0.5796875 0.3969072164948454 0.5796875 0.36769759450171824 0.58671875 0.3694158075601375 0.61171875 0.3934707903780069 0.6125
0 0.09278350515463918 0.51875 0.09106529209621994 0.51640625 0.08762886597938145 0.51875 0.09278350515463918 0.51875
0 0.08762886597938145 0.50625 0.08762886597938145 0.5140625 0.10137457044673541 0.51953125 0.11168384879725086 0.51171875 0.11168384879725086 0.50703125 0.08934707903780069 0.50234375 0.09450171821305843 0.5046875 0.08762886597938145 0.50625
0 0.09278350515463918 0.49140625 0.09450171821305843 0.5 0.11168384879725086 0.49375 0.1202749140893471 0.47578125 0.13402061855670105 0.4625 0.14948453608247422 0.45625 0.15463917525773196 0.440625 0.14948453608247422 0.43671875 0.10309278350515465 0.43828125 0.07216494845360825 0.44921875 0.07388316151202749 0.47734375 0.09278350515463918 0.49140625
0 0.7336769759450172 0.69453125 0.7371134020618557 0.6921875 0.7336769759450172 0.69140625 0.7336769759450172 0.69453125
0 0.7594501718213059 0.5984375 0.7611683848797252 0.60234375 0.7611683848797252 0.5984375 0.7714776632302407 0.59765625 0.7731958762886599 0.59453125 0.7560137457044674 0.596875 0.7542955326460482 0.5921875 0.7508591065292097 0.5984375 0.7594501718213059 0.5984375
0 0.738831615120275 0.6609375 0.7491408934707905 0.70234375 0.745704467353952 0.70625 0.7714776632302407 0.7015625 0.7766323024054984 0.703125 0.7766323024054984 0.70546875 0.7714776632302407 0.70546875 0.7749140893470792 0.7078125 0.7852233676975946 0.709375 0.7869415807560138 0.70625 0.7920962199312716 0.709375 0.7938144329896908 0.703125 0.8058419243986255 0.7 0.8109965635738833 0.703125 0.8264604810996564 0.7 0.8316151202749141 0.70546875 0.8350515463917526 0.70234375 0.845360824742268 0.70234375 0.845360824742268 0.70625 0.8487972508591065 0.70078125 0.8556701030927837 0.69921875 0.8711340206185568 0.7046875 0.8745704467353953 0.68984375 0.88659793814433 0.68046875 0.8848797250859107 0.6671875 0.8917525773195877 0.659375 0.8917525773195877 0.64296875 0.9037800687285223 0.6140625 0.9037800687285223 0.596875 0.8969072164948454 0.596875 0.88659793814433 0.58515625 0.8951890034364262 0.58125 0.879725085910653 0.58515625 0.8728522336769761 0.5828125 0.8659793814432991 0.5890625 0.8487972508591065 0.59140625 0.7972508591065293 0.590625 0.7886597938144331 0.5953125 0.7817869415807561 0.59375 0.7869415807560138 0.60078125 0.79553264604811 0.6015625 0.7938144329896908 0.609375 0.7749140893470792 0.6109375 0.7697594501718215 0.609375 0.7714776632302407 0.60546875 0.7663230240549829 0.6046875 0.7611683848797252 0.61015625 0.7577319587628867 0.6046875 0.7508591065292097 0.60546875 0.7474226804123713 0.603125 0.752577319587629 0.60703125 0.7474226804123713 0.6078125 0.7508591065292097 0.6171875 0.7422680412371134 0.63359375 0.7474226804123713 0.64375 0.738831615120275 0.6609375
0 0.18900343642611686 0.75625 0.23367697594501718 0.7546875 0.26975945017182135 0.7484375 0.32130584192439865 0.746875 0.3694158075601375 0.74140625 0.3694158075601375 0.69375 0.3625429553264605 0.6640625 0.33333333333333337 0.65625 0.32130584192439865 0.66015625 0.3144329896907217 0.65625 0.3144329896907217 0.65078125 0.288659793814433 0.64921875 0.2577319587628866 0.65078125 0.2525773195876289 0.6578125 0.2405498281786942 0.6578125 0.2405498281786942 0.66484375 0.2302405498281787 0.66328125 0.22336769759450173 0.66796875 0.19243986254295536 0.6671875 0.1718213058419244 0.67109375 0.17353951890034364 0.70078125 0.18900343642611686 0.75625
0 0.38659793814432997 0.66171875 0.40034364261168387 0.65859375 0.41065292096219935 0.66171875 0.4450171821305842 0.65625 0.5360824742268042 0.65703125 0.5532646048109966 0.653125 0.5567010309278351 0.6234375 0.5532646048109966 0.61328125 0.5429553264604812 0.6078125 0.5171821305841925 0.6078125 0.5051546391752578 0.60546875 0.4948453608247423 0.60859375 0.4518900343642612 0.6078125 0.43298969072164956 0.6125 0.4209621993127148 0.61015625 0.41408934707903783 0.61328125 0.4072164948453609 0.609375 0.3969072164948454 0.6125 0.36769759450171824 0.61328125 0.3711340206185567 0.65546875 0.38659793814432997 0.66171875
0 0.7474226804123713 0.6359375 0.7646048109965636 0.6375 0.7766323024054984 0.63203125 0.7852233676975946 0.63671875 0.79553264604811 0.63671875 0.8109965635738833 0.63359375 0.8127147766323025 0.6265625 0.8350515463917526 0.6203125 0.845360824742268 0.6328125 0.8556701030927837 0.6328125 0.8694158075601376 0.62734375 0.8831615120274915 0.62734375 0.8934707903780069 0.63671875 0.9072164948453609 0.60234375 0.9054982817869417 0.58984375 0.9003436426116839 0.5859375 0.9037800687285223 0.58359375 0.8969072164948454 0.58203125 0.8934707903780069 0.57734375 0.8728522336769761 0.57890625 0.8625429553264606 0.58671875 0.8436426116838488 0.58671875 0.8402061855670103 0.5890625 0.8041237113402062 0.58984375 0.7920962199312716 0.58515625 0.7938144329896908 0.58828125 0.7783505154639176 0.58984375 0.7714776632302407 0.58828125 0.7766323024054984 0.5859375 0.7749140893470792 0.58125 0.7646048109965636 0.58046875 0.7628865979381444 0.58984375 0.752577319587629 0.590625 0.7474226804123713 0.59375 0.7405498281786942 0.6078125 0.7474226804123713 0.6359375
0 0.8934707903780069 0.56640625 0.88659793814433 0.57265625 0.8986254295532646 0.5640625 0.8900343642611684 0.5640625 0.88659793814433 0.5671875 0.8934707903780069 0.56640625
0 0.15635738831615123 0.59765625 0.15463917525773196 0.62421875 0.1632302405498282 0.62890625 0.1632302405498282 0.64375 0.17010309278350516 0.64296875 0.17010309278350516 0.64765625 0.16494845360824745 0.6484375 0.17010309278350516 0.65703125 0.16666666666666669 0.66640625 0.18728522336769762 0.75546875 0.19759450171821308 0.75703125 0.23195876288659795 0.7546875 0.29896907216494845 0.74609375 0.3195876288659794 0.746875 0.36769759450171824 0.74140625 0.36769759450171824 0.6765625 0.3505154639175258 0.5640625 0.3178694158075602 0.56015625 0.30068728522336774 0.5625 0.2560137457044674 0.56171875 0.2302405498281787 0.565625 0.21477663230240554 0.56328125 0.17010309278350516 0.56640625 0.1597938144329897 0.57109375 0.15292096219931273 0.57109375 0.14948453608247422 0.58984375 0.15635738831615123 0.59765625
0 0.2125 0.5328125 0.0015625 0.00078125
0 0.15635738831615123 0.584375 0.15635738831615123 0.62421875 0.17353951890034364 0.6296875 0.16151202749140894 0.6359375 0.16151202749140894 0.640625 0.17010309278350516 0.646875 0.16838487972508592 0.65390625 0.20103092783505155 0.64375 0.211340206185567 0.646875 0.2216494845360825 0.64375 0.2405498281786942 0.64609375 0.24914089347079038 0.6453125 0.2628865979381444 0.6390625 0.29896907216494845 0.64296875 0.302405498281787 0.640625 0.3230240549828179 0.64140625 0.3298969072164949 0.63828125 0.3436426116838488 0.6375 0.34879725085910657 0.63359375 0.35738831615120276 0.63359375 0.3505154639175258 0.63125 0.3556701030927835 0.62734375 0.3436426116838488 0.62421875 0.3402061855670103 0.615625 0.34192439862542956 0.6046875 0.3539518900343643 0.603125 0.35223367697594504 0.6015625 0.3436426116838488 0.60390625 0.3436426116838488 0.59609375 0.3539518900343643 0.596875 0.34879725085910657 0.5921875 0.35223367697594504 0.591015625 0.3436426116838488 0.58984375 0.35223367697594504 0.5859375 0.34879725085910657 0.5504687500000001 0.3402061855670103 0.55078125 0.34879725085910657 0.54640625 0.34879725085910657 0.54234375 0.340998510429259 0.5429111083662714 0.33676975945017185 0.5578125 0.32817869415807566 0.55546875 0.3178694158075602 0.55625 0.30584192439862545 0.56171875 0.302405498281787 0.559375 0.29553264604810997 0.56015625 0.28350515463917525 0.55390625 0.29553264604810997 0.546875 0.2800687285223368 0.54765625 0.27835051546391754 0.5359375 0.281786941580756 0.53359375 0.2852233676975945 0.5359375 0.2852233676975945 0.5328125 0.2800687285223368 0.53203125 0.2714776632302406 0.5328125 0.2731958762886598 0.5375 0.2680412371134021 0.5390625 0.2766323024054983 0.5421875 0.24742268041237114 0.55234375 0.2405498281786942 0.54921875 0.22336769759450173 0.54765625 0.1941580756013746 0.54921875 0.1907216494845361 0.5515625 0.18213058419243988 0.54921875 0.1752577319587629 0.5515625 0.15635738831615123 0.53828125 0.15807560137457047 0.54140625 0.15292096219931273 0.54140625 0.15635738831615123 0.54765625 0.14604810996563575 0.55390625 0.15635738831615123 0.55546875 0.14948453608247422 0.58125 0.15635738831615123 0.584375
0 0.6838487972508591 0.72265625 0.7199312714776632 0.71875 0.7268041237113403 0.6953125 0.7285223367697595 0.64921875 0.7164948453608248 0.640625 0.6890034364261168 0.64296875 0.6821305841924399 0.64140625 0.6752577319587629 0.64375 0.6666666666666667 0.6421875 0.6597938144329898 0.64609375 0.6494845360824744 0.64296875 0.6288659793814434 0.64921875 0.6185567010309279 0.64765625 0.5979381443298969 0.65625 0.5824742268041238 0.65546875 0.570446735395189 0.65859375 0.5670103092783505 0.65703125 0.5584192439862543 0.67265625 0.5584192439862543 0.728125 0.6838487972508591 0.72265625
0 0.33333333333333337 0.54453125 0.3402061855670103 0.54765625 0.34192439862542956 0.54453125 0.3350515463917526 0.53984375 0.3402061855670103 0.54375 0.33333333333333337 0.54453125
0 0.16666666666666669 0.44140625 0.1718213058419244 0.4390625 0.1718213058419244 0.43515625 0.16666666666666669 0.43515625 0.1597938144329897 0.4390625 0.16666666666666669 0.44140625
0 0.3230240549828179 0.43984375 0.32817869415807566 0.43671875 0.3350515463917526 0.4375 0.3350515463917526 0.43515625 0.3264604810996564 0.43359375 0.3195876288659794 0.43515625 0.3230240549828179 0.43984375
0 0.29381443298969073 0.43984375 0.2972508591065292 0.43671875 0.28350515463917525 0.43046875 0.2869415807560137 0.43828125 0.29381443298969073 0.43984375
0 0.13230240549828182 0.50390625 0.13058419243986255 0.5296875 0.14604810996563575 0.55 0.14604810996563575 0.58203125 0.15463917525773196 0.58984375 0.15463917525773196 0.5984375 0.18041237113402064 0.59453125 0.18728522336769762 0.58828125 0.20962199312714777 0.59140625 0.22680412371134023 0.5859375 0.23367697594501718 0.58828125 0.24398625429553267 0.58671875 0.2525773195876289 0.5765625 0.26460481099656363 0.57109375 0.2680412371134021 0.57578125 0.2800687285223368 0.578125 0.2766323024054983 0.58359375 0.2852233676975945 0.58828125 0.2869415807560137 0.5765625 0.29553264604810997 0.57421875 0.3144329896907217 0.57734375 0.3264604810996564 0.565625 0.32130584192439865 0.5625 0.30584192439862545 0.5640625 0.302405498281787 0.56171875 0.3041237113402062 0.5578125 0.31271477663230246 0.55546875 0.31099656357388317 0.540625 0.3264604810996564 0.53515625 0.33333333333333337 0.53828125 0.32817869415807566 0.53515625 0.33676975945017185 0.53125 0.34192439862542956 0.5359375 0.3470790378006873 0.5359375 0.3402061855670103 0.44609375 0.33333333333333337 0.45078125 0.32817869415807566 0.446875 0.3195876288659794 0.44765625 0.31271477663230246 0.44453125 0.2972508591065292 0.44921875 0.2869415807560137 0.44609375 0.2680412371134021 0.4484375 0.2577319587628866 0.44375 0.2628865979381444 0.43984375 0.27491408934707906 0.4390625 0.27835051546391754 0.43515625 0.2628865979381444 0.43359375 0.2508591065292097 0.425 0.2405498281786942 0.42734375 0.2302405498281787 0.42578125 0.20274914089347082 0.428125 0.18384879725085912 0.43828125 0.18384879725085912 0.44765625 0.16838487972508592 0.4484375 0.1597938144329897 0.45546875 0.1597938144329897 0.4609375 0.1443298969072165 0.465625 0.14948453608247422 0.46640625 0.1443298969072165 0.46953125 0.14776632302405499 0.47421875 0.12714776632302408 0.47734375 0.12199312714776633 0.49296875 0.13230240549828182 0.50390625
0 0.21821305841924402 0.4390625 0.20962199312714777 0.4421875 0.21477663230240554 0.440625 0.23195876288659795 0.44609375 0.2508591065292097 0.44453125 0.2628865979381444 0.44765625 0.27491408934707906 0.44453125 0.29553264604810997 0.44765625 0.31615120274914094 0.44453125 0.3264604810996564 0.453125 0.3264604810996564 0.46953125 0.33161512027491413 0.4703125 0.34192439862542956 0.48125 0.34536082474226804 0.4765625 0.3350515463917526 0.471875 0.34536082474226804 0.47161484375 0.35223367697594504 0.42734375 0.3298969072164949 0.4109375 0.2560137457044674 0.4109375 0.2405498281786942 0.41328125 0.23367697594501718 0.41875 0.2302405498281787 0.42734375 0.21821305841924402 0.4390625
0 0.18828125 0.6234375 0.0015625 0.00078125
0 0.2714776632302406 0.63125 0.2714776632302406 0.62265625 0.25945017182130586 0.621875 0.25945017182130586 0.6296875 0.2714776632302406 0.63125
0 0.20390625 0.61171875 0.0015625 0.0015625
0 0.26460481099656363 0.6171875 0.2611683848797251 0.609375 0.25945017182130586 0.61171875 0.2577319587628866 0.615625 0.26460481099656363 0.6171875
0 0.27835051546391754 0.6125 0.2869415807560137 0.61875 0.2869415807560137 0.6078125 0.27491408934707906 0.609375 0.2714776632302406 0.6125 0.27835051546391754 0.6125
0 0.16494845360824745 0.6109375 0.15635738831615123 0.6171875 0.15807560137457047 0.6265625 0.17697594501718214 0.6265625 0.18384879725085912 0.62265625 0.17869415807560138 0.61796875 0.18041237113402064 0.6078125 0.17353951890034364 0.60546875 0.16666666666666669 0.6109375 0.15807560137457047 0.6078125 0.15463917525773196 0.609375 0.16494845360824745 0.6109375
0 0.24742268041237114 0.6046875 0.24398625429553267 0.60625 0.24398625429553267 0.61640625 0.24742268041237114 0.6046875
0 0.30703125 0.6015625 0.0015625 0.00078125
0 0.18984375 0.5984375 0.00546875 0.00078125
0 0.3539518900343643 0.60390625 0.3539518900343643 0.59609375 0.35223367697594504 0.59375 0.3539518900343643 0.60390625
0 0.16494845360824745 0.440625 0.1718213058419244 0.43828125 0.16838487972508592 0.43515625 0.1597938144329897 0.4390625 0.16494845360824745 0.440625
0 0.14261168384879724 0.54140625 0.14261168384879724 0.55859375 0.14948453608247422 0.5671875 0.14604810996563575 0.5828125 0.15635738831615123 0.60078125 0.18384879725085912 0.5984375 0.18556701030927836 0.59296875 0.1907216494845361 0.59296875 0.19931271477663232 0.59921875 0.21993127147766325 0.5999399038461538 0.21993127147766325 0.59296875 0.23195876288659795 0.58984375 0.2405498281786942 0.59140625 0.25429553264604815 0.58828125 0.2628865979381444 0.59609375 0.2577319587628866 0.5984375 0.2611683848797251 0.6 0.26460481099656363 0.5953125 0.2714776632302406 0.59453125 0.281786941580756 0.59609375 0.2869415807560137 0.60234375 0.29381443298969073 0.60234375 0.3144329896907217 0.59140625 0.3230240549828179 0.59375 0.3230240549828179 0.59921875 0.33333333333333337 0.60390625 0.3350515463917526 0.6015625 0.32817869415807566 0.5984375 0.3350515463917526 0.59609375 0.3350515463917526 0.5890625 0.35223367697594504 0.590625 0.3539518900343643 0.5875 0.3470790378006873 0.58359375 0.35223367697594504 0.57421875 0.3470790378006873 0.50390625 0.3402061855670103 0.48203125 0.3436426116838488 0.4359375 0.3264604810996564 0.4140625 0.3195876288659794 0.4203125 0.3075601374570447 0.4171875 0.30068728522336774 0.41875 0.29381443298969073 0.4109375 0.2405498281786942 0.41484375 0.2302405498281787 0.42578125 0.2216494845360825 0.42734375 0.21649484536082478 0.425 0.21305841924398625 0.428125 0.20274914089347082 0.428125 0.18900343642611686 0.434375 0.18384879725085912 0.44921875 0.16838487972508592 0.44921875 0.17010309278350516 0.45703125 0.16666666666666669 0.45859375 0.1632302405498282 0.45546875 0.16494845360824745 0.46015625 0.15463917525773196 0.46328125 0.15635738831615123 0.475 0.1512027491408935 0.47734375 0.14604810996563575 0.475 0.13058419243986255 0.47734375 0.12371134020618557 0.490625 0.1357388316151203 0.49921875 0.13058419243986255 0.52890625 0.14261168384879724 0.54140625
0 0.17869415807560138 0.490625 0.1752577319587629 0.4890625 0.17353951890034364 0.490625 0.17869415807560138 0.490625
0 0.19587628865979384 0.49140625 0.18556701030927836 0.48828125 0.18556701030927836 0.49375 0.19587628865979384 0.49140625
0 0.21993127147766325 0.48984375 0.21821305841924402 0.48671875 0.2061855670103093 0.4859375 0.20790378006872853 0.49140625 0.21993127147766325 0.48984375
0 0.29381443298969073 0.490625 0.2920962199312715 0.484375 0.2869415807560137 0.48515625 0.2852233676975945 0.49140625 0.29381443298969073 0.490625
0 0.17010309278350516 0.475 0.16494845360824745 0.4703125 0.1632302405498282 0.48046875 0.17010309278350516 0.475
0 0.18041237113402064 0.44609375 0.1907216494845361 0.44765625 0.1907216494845361 0.453125 0.1941580756013746 0.45 0.211340206185567 0.45078125 0.211340206185567 0.4546875 0.20103092783505155 0.459375 0.19759450171821308 0.4734375 0.18041237113402064 0.47578125 0.19243986254295536 0.484375 0.19931271477663232 0.48125 0.20274914089347082 0.484375 0.21305841924398625 0.478125 0.2302405498281787 0.4796875 0.24226804123711343 0.47734375 0.2508591065292097 0.48046875 0.2457044673539519 0.490625 0.25945017182130586 0.49140625 0.2714776632302406 0.4796875 0.2714776632302406 0.47265625 0.281786941580756 0.4671875 0.2869415807560137 0.47734375 0.29037800687285226 0.475 0.29896907216494845 0.47734375 0.302405498281787 0.47421875 0.3178694158075602 0.47890625 0.33161512027491413 0.47734375 0.33676975945017185 0.48828125 0.32817869415807566 0.48671875 0.3264604810996564 0.490625 0.3436426116838488 0.49453125 0.34192439862542956 0.4828125 0.33676975945017185 0.4796875 0.3436426116838488 0.47734375 0.3470790378006873 0.4296875 0.3436426116838488 0.4234375 0.3264604810996564 0.415625 0.3195876288659794 0.41875 0.302405498281787 0.4140625 0.29896907216494845 0.4171875 0.2869415807560137 0.41171875 0.2800687285223368 0.41171875 0.27835051546391754 0.415625 0.2714776632302406 0.4140625 0.2611683848797251 0.4171875 0.2577319587628866 0.41328125 0.2508591065292097 0.4125 0.18213058419243988 0.434375 0.1718213058419244 0.43359375 0.1632302405498282 0.440625 0.15807560137457047 0.453125 0.18041237113402064 0.44609375
0 0.18900343642611686 0.75078125 0.20274914089347082 0.75390625 0.23195876288659795 0.75078125 0.24742268041237114 0.7515625 0.2560137457044674 0.74375 0.2731958762886598 0.74296875 0.27835051546391754 0.74609375 0.2869415807560137 0.74453125 0.2852233676975945 0.740625 0.2920962199312715 0.7375 0.30068728522336774 0.7375 0.3041237113402062 0.74453125 0.30584192439862545 0.74296875 0.31615120274914094 0.7453125 0.36769759450171824 0.73984375 0.3694158075601375 0.68984375 0.3625429553264605 0.64765625 0.35738831615120276 0.64375 0.3436426116838488 0.640625 0.3350515463917526 0.64296875 0.32817869415807566 0.63984375 0.3247422680412372 0.64453125 0.302405498281787 0.64296875 0.29896907216494845 0.6453125 0.29037800687285226 0.6421875 0.2800687285223368 0.64453125 0.2680412371134021 0.63671875 0.2508591065292097 0.6484375 0.20962199312714777 0.65078125 0.19587628865979384 0.64921875 0.18900343642611686 0.65 0.18213058419243988 0.65546875 0.1718213058419244 0.65625 0.17010309278350516 0.68203125 0.18900343642611686 0.75078125
0 0.3041237113402062 0.62421875 0.2972508591065292 0.615625 0.29553264604810997 0.62265625 0.3041237113402062 0.62421875
0 0.3556701030927835 0.42734375 0.3539518900343643 0.4390625 0.359106529209622 0.44609375 0.35223367697594504 0.46796875 0.359106529209622 0.5234375 0.3694158075601375 0.525 0.3762886597938145 0.52109375 0.4037800687285224 0.51875 0.4209621993127148 0.52109375 0.5171821305841925 0.51875 0.520618556701031 0.51015625 0.5446735395189004 0.503125 0.5446735395189004 0.49375 0.5567010309278351 0.478125 0.5498281786941581 0.46328125 0.5017182130584193 0.43515625 0.45704467353951894 0.41953125 0.4484536082474227 0.41328125 0.42783505154639184 0.409375 0.3883161512027492 0.40859375 0.3556701030927835 0.41484375 0.34879725085910657 0.42265625 0.3556701030927835 0.42734375
0 0.08247422680412372 0.4828125 0.08075601374570447 0.496875 0.08762886597938145 0.503125 0.08762886597938145 0.5171875 0.09278350515463918 0.521875 0.09793814432989692 0.553125 0.11855670103092783 0.6140625 0.1288659793814433 0.61875 0.14604810996563575 0.61796875 0.14261168384879724 0.5703125 0.13745704467353953 0.56484375 0.140893470790378 0.53984375 0.13402061855670105 0.5359375 0.13058419243986255 0.51796875 0.13917525773195877 0.496875 0.12542955326460484 0.484375 0.12714776632302408 0.47265625 0.1357388316151203 0.4640625 0.18213058419243988 0.44296875 0.1941580756013746 0.440625 0.19931271477663232 0.43671875 0.20962199312714777 0.4375 0.22508591065292097 0.425 0.22508591065292097 0.41953125 0.21305841924398625 0.4203125 0.19759450171821308 0.42734375 0.18041237113402064 0.421875 0.15807560137457047 0.43515625 0.13917525773195877 0.43828125 0.10824742268041239 0.43671875 0.07560137457044674 0.44921875 0.07560137457044674 0.47734375 0.08247422680412372 0.4828125
0 0.11168384879725086 0.42109375 0.11683848797250859 0.41796875 0.10996563573883163 0.41796875 0.11168384879725086 0.42109375
0 0.22336769759450173 0.4140625 0.21477663230240554 0.4140625 0.22336769759450173 0.41640625 0.22336769759450173 0.4140625
0 0.1752577319587629 0.41484375 0.16838487972508592 0.4125 0.16838487972508592 0.415625 0.1752577319587629 0.41484375
0 0.18728522336769762 0.415625 0.18384879725085912 0.4109375 0.17869415807560138 0.41484375 0.18728522336769762 0.415625
0 0.13917525773195877 0.4171875 0.14604810996563575 0.41953125 0.16151202749140894 0.41328125 0.1512027491408935 0.4078125 0.13745704467353953 0.4078125 0.13745704467353953 0.41015625 0.12714776632302408 0.4109375 0.12199312714776633 0.41484375 0.12199312714776633 0.41875 0.13917525773195877 0.4171875
0 0.4209621993127148 0.5984375 0.41065292096219935 0.59453125 0.41065292096219935 0.5984375 0.4209621993127148 0.5984375
0 0.365979381443299 0.58515625 0.3762886597938145 0.5875 0.38487972508591073 0.58359375 0.41065292096219935 0.5796875 0.4175257731958763 0.58203125 0.4312714776632303 0.5796875 0.4604810996563574 0.58125 0.4810996563573884 0.578125 0.5034364261168386 0.57890625 0.5223367697594502 0.5734375 0.5309278350515465 0.57578125 0.5360824742268042 0.57421875 0.5360824742268042 0.56953125 0.5429553264604812 0.571875 0.5429553264604812 0.55703125 0.5549828178694158 0.546875 0.5498281786941581 0.528125 0.5498281786941581 0.52109375 0.5567010309278351 0.515625 0.5498281786941581 0.49921875 0.5549828178694158 0.47421875 0.5463917525773196 0.4625 0.5240549828178694 0.44921875 0.49828178694158076 0.43515625 0.4690721649484536 0.4265625 0.4347079037800688 0.4109375 0.37972508591065296 0.4109375 0.365979381443299 0.4171875 0.36769759450171824 0.4421875 0.3539518900343643 0.46875 0.359106529209622 0.5578125 0.365979381443299 0.58515625
0 0.10996563573883163 0.4375 0.15807560137457047 0.4359375 0.18041237113402064 0.42734375 0.18900343642611686 0.4296875 0.211340206185567 0.42265625 0.22508591065292097 0.421875 0.23195876288659795 0.41015625 0.22336769759450173 0.4046875 0.13917525773195877 0.40625 0.10481099656357389 0.41796875 0.09965635738831616 0.42734375 0.10996563573883163 0.4375
0 0.520618556701031 0.54921875 0.5051546391752578 0.55 0.5 0.55703125 0.48797250859106533 0.55078125 0.4690721649484536 0.55234375 0.4587628865979382 0.55 0.4484536082474227 0.5515625 0.44158075601374575 0.55625 0.4347079037800688 0.55 0.41580756013745707 0.54921875 0.40549828178694164 0.55234375 0.359106529209622 0.53203125 0.359106529209622 0.54890625 0.36426116838487976 0.5515625 0.359106529209622 0.553125 0.365979381443299 0.6265625 0.3711340206185567 0.6546875 0.3762886597938145 0.65859375 0.39003436426116844 0.66015625 0.4020618556701031 0.65703125 0.41065292096219935 0.66015625 0.41924398625429554 0.65703125 0.4484536082474227 0.65546875 0.4639175257731959 0.6578125 0.4862542955326461 0.65546875 0.49312714776632305 0.6578125 0.5017182130584193 0.65390625 0.520618556701031 0.65625 0.534364261168385 0.65546875 0.5463917525773196 0.6515625 0.5532646048109966 0.6421875 0.5549828178694158 0.6171875 0.5515463917525774 0.6015625 0.5429553264604812 0.5984375 0.5481099656357389 0.59453125 0.5429553264604812 0.58984375 0.5395189003436427 0.59140625 0.534364261168385 0.5890625 0.5326460481099657 0.584375 0.5446735395189004 0.5828125 0.5532646048109966 0.578125 0.5498281786941581 0.55 0.5292096219931273 0.55234375 0.520618556701031 0.54921875
0 0.13745704467353953 0.4953125 0.15635738831615123 0.49765625 0.18384879725085912 0.49609375 0.20962199312714777 0.4984375 0.22336769759450173 0.49375 0.2525773195876289 0.4953125 0.29896907216494845 0.49296875 0.30584192439862545 0.490625 0.3298969072164949 0.49765625 0.3402061855670103 0.49765625 0.34536082474226804 0.49453125 0.3402061855670103 0.46953125 0.3298969072164949 0.46484375 0.3247422680412372 0.4484375 0.3178694158075602 0.4453125 0.29896907216494845 0.44765625 0.2869415807560137 0.4453125 0.26460481099656363 0.44765625 0.25429553264604815 0.4453125 0.23711340206185566 0.44765625 0.21993127147766325 0.4453125 0.20790378006872853 0.44765625 0.18041237113402064 0.446875 0.14261168384879724 0.4625 0.140893470790378 0.46875 0.1288659793814433 0.47578125 0.12714776632302408 0.48359375 0.13745704467353953 0.4953125
0 0.14604810996563575 0.5015625 0.14261168384879724 0.51796875 0.15292096219931273 0.51953125 0.16151202749140894 0.5171875 0.16494845360824745 0.52109375 0.16151202749140894 0.52578125 0.14604810996563575 0.52578125 0.15292096219931273 0.53203125 0.14604810996563575 0.5359375 0.1443298969072165 0.5578125 0.1512027491408935 0.56484375 0.14776632302405499 0.58125 0.14948453608247422 0.59453125 0.15463917525773196 0.59765625 0.15463917525773196 0.62421875 0.16151202749140894 0.62890625 0.1597938144329897 0.6421875 0.18041237113402064 0.71328125 0.18556701030927836 0.753125 0.18900343642611686 0.75625 0.2061855670103093 0.75625 0.29553264604810997 0.74609375 0.3264604810996564 0.74609375 0.36426116838487976 0.74140625 0.3711340206185567 0.7375 0.3694158075601375 0.6921875 0.3556701030927835 0.61015625 0.34192439862542956 0.45625 0.33161512027491413 0.4546875 0.3178694158075602 0.4453125 0.29896907216494845 0.44765625 0.2869415807560137 0.4453125 0.2405498281786942 0.4453125 0.23367697594501718 0.4484375 0.21477663230240554 0.44609375 0.18900343642611686 0.45078125 0.18041237113402064 0.44921875 0.16151202749140894 0.45625 0.15635738831615123 0.46171875 0.14604810996563575 0.46328125 0.1357388316151203 0.47109375 0.13058419243986255 0.48515625 0.14604810996563575 0.5015625
0 0.809278350515464 0.71015625 0.8556701030927837 0.71015625 0.8762886597938145 0.70703125 0.8814432989690723 0.68359375 0.8470790378006873 0.67890625 0.8195876288659795 0.68203125 0.809278350515464 0.68046875 0.79553264604811 0.684375 0.7336769759450172 0.684375 0.7268041237113403 0.70078125 0.7268041237113403 0.71640625 0.809278350515464 0.71015625
0 0.3625429553264605 0.55703125 0.372852233676976 0.5578125 0.38316151202749144 0.553125 0.4175257731958763 0.55078125 0.5 0.5515625 0.5154639175257733 0.54921875 0.5498281786941581 0.5515625 0.5567010309278351 0.54609375 0.5584192439862543 0.5359375 0.5481099656357389 0.5234375 0.520618556701031 0.51796875 0.5034364261168386 0.5203125 0.45017182130584193 0.5203125 0.42783505154639184 0.52265625 0.41065292096219935 0.5203125 0.3934707903780069 0.5234375 0.38316151202749144 0.52265625 0.36426116838487976 0.52734375 0.3608247422680413 0.53359375 0.359106529209622 0.553125 0.3625429553264605 0.55703125
0 0.44453125 0.4984375 0.0015625 0.00078125
0 0.82734375 0.45 0.0015625 0.00078125
0 0.7474226804123713 0.44921875 0.7560137457044674 0.45 0.7646048109965636 0.45859375 0.7628865979381444 0.51484375 0.7542955326460482 0.5328125 0.7628865979381444 0.5609375 0.7783505154639176 0.5609375 0.7835051546391754 0.56328125 0.7766323024054984 0.5703125 0.7817869415807561 0.575 0.7938144329896908 0.575 0.79553264604811 0.57734375 0.8178694158075602 0.575 0.8298969072164949 0.58125 0.8316151202749141 0.575 0.8419243986254296 0.5734375 0.845360824742268 0.57734375 0.8591065292096222 0.58125 0.8694158075601376 0.57109375 0.8694158075601376 0.56015625 0.8780068728522338 0.55703125 0.8831615120274915 0.56015625 0.8814432989690723 0.5578125 0.8934707903780069 0.5515625 0.9158075601374571 0.553125 0.9192439862542956 0.55 0.9175257731958764 0.54375 0.9312714776632303 0.521875 0.9312714776632303 0.50703125 0.9381443298969072 0.50234375 0.9415807560137457 0.4921875 0.9450171821305842 0.45625 0.9347079037800687 0.4546875 0.9347079037800687 0.44921875 0.9278350515463918 0.44921875 0.9278350515463918 0.44609375 0.9037800687285223 0.44296875 0.8917525773195877 0.44453125 0.8831615120274915 0.4390625 0.8780068728522338 0.44140625 0.8556701030927837 0.4375 0.8470790378006873 0.4390625 0.845360824742268 0.43515625 0.8402061855670103 0.4375 0.8350515463917526 0.43515625 0.8127147766323025 0.44609375 0.809278350515464 0.4515625 0.7972508591065293 0.4546875 0.7852233676975946 0.4484375 0.7869415807560138 0.45078125 0.7646048109965636 0.4484375 0.7474226804123713 0.440625 0.7439862542955327 0.44609375 0.7474226804123713 0.44921875
0 0.809278350515464 0.43515625 0.8195876288659795 0.4328125 0.8264604810996564 0.434375 0.8281786941580757 0.43203125 0.8075601374570448 0.43203125 0.809278350515464 0.43515625
0 0.7474226804123713 0.4375 0.7491408934707905 0.4328125 0.7439862542955327 0.43203125 0.7422680412371134 0.43515625 0.7474226804123713 0.4375
0 0.7938144329896908 0.43203125 0.802405498281787 0.43125 0.802405498281787 0.42890625 0.7817869415807561 0.428125 0.7852233676975946 0.43671875 0.7938144329896908 0.43203125
0 0.7625 0.425 0.003125 0.00078125
0 0.6769759450171822 0.42109375 0.6855670103092784 0.4203125 0.6958762886597938 0.425 0.7061855670103093 0.42421875 0.7061855670103093 0.421875 0.7268041237113403 0.421875 0.7285223367697595 0.42890625 0.7164948453608248 0.4296875 0.7147766323024055 0.4328125 0.7302405498281788 0.44140625 0.738831615120275 0.4421875 0.731958762886598 0.43671875 0.7353951890034365 0.4296875 0.7302405498281788 0.42421875 0.7508591065292097 0.42421875 0.752577319587629 0.421875 0.7371134020618557 0.421875 0.731958762886598 0.41796875 0.7268041237113403 0.42109375 0.7207903780068728 0.41796875 0.7199312714776632 0.42109375 0.7130584192439863 0.42109375 0.7079037800687286 0.4171875 0.6855670103092784 0.41640625 0.6821305841924399 0.41953125 0.6769759450171822 0.4171875 0.6718213058419245 0.41796875 0.6769759450171822 0.42109375
0 0.5532646048109966 0.41640625 0.5498281786941581 0.41328125 0.5519199163304946 0.41661005434782605 0.5532646048109966 0.41640625
0 0.5481099656357389 0.4171875 0.5532646048109966 0.41875 0.5519199163304946 0.41661005434782605 0.5481099656357389 0.4171875
0 0.46219931271477666 0.421875 0.49828178694158076 0.4328125 0.513745704467354 0.44140625 0.5085910652920963 0.4375 0.5189003436426117 0.43359375 0.5240549828178694 0.4265625 0.534364261168385 0.421875 0.5378006872852235 0.4265625 0.5463917525773196 0.42578125 0.5463917525773196 0.42265625 0.5378006872852235 0.421875 0.534364261168385 0.41640625 0.5412371134020619 0.4109375 0.5257731958762888 0.40703125 0.45017182130584193 0.4078125 0.4484536082474227 0.41328125 0.46219931271477666 0.421875
0 0.2734375 0.5390625 0.003125 0.00078125
0 0.14261168384879724 0.53515625 0.15292096219931273 0.53515625 0.16838487972508592 0.53046875 0.17869415807560138 0.53046875 0.19587628865979384 0.53515625 0.2405498281786942 0.5296875 0.34879725085910657 0.5296875 0.34536082474226804 0.50390625 0.33333333333333337 0.5046875 0.32130584192439865 0.49765625 0.2972508591065292 0.49453125 0.2216494845360825 0.49609375 0.21477663230240554 0.4984375 0.1718213058419244 0.496875 0.1512027491408935 0.5 0.13230240549828182 0.5109375 0.13230240549828182 0.5296875 0.14261168384879724 0.53515625
0 0.2302405498281787 0.6125 0.22508591065292097 0.609375 0.22852233676975947 0.60546875 0.21821305841924402 0.6109375 0.21821305841924402 0.61484375 0.2302405498281787 0.6125
0 0.24398625429553267 0.5984375 0.2560137457044674 0.596875 0.26460481099656363 0.6 0.2680412371134021 0.59609375 0.2766323024054983 0.5953125 0.2577319587628866 0.59375 0.2525773195876289 0.59609375 0.24742268041237114 0.59453125 0.24398625429553267 0.59765625 0.23883161512027495 0.59453125 0.23367697594501718 0.5953125 0.24398625429553267 0.5984375
0 0.1597938144329897 0.63125 0.16151202749140894 0.653125 0.16666666666666669 0.65703125 0.19243986254295536 0.65546875 0.19759450171821308 0.653125 0.2061855670103093 0.6546875 0.21821305841924402 0.65 0.22680412371134023 0.6515625 0.2611683848797251 0.64609375 0.3264604810996564 0.646875 0.3402061855670103 0.64375 0.3608247422680413 0.64375 0.3556701030927835 0.6078125 0.3384879725085911 0.60078125 0.34192439862542956 0.596875 0.33161512027491413 0.60546875 0.3230240549828179 0.60390625 0.3178694158075602 0.60625 0.30927835051546393 0.5984375 0.3247422680412372 0.5953125 0.32130584192439865 0.5921875 0.2920962199312715 0.59453125 0.2920962199312715 0.6046875 0.281786941580756 0.6046875 0.26975945017182135 0.6109375 0.2680412371134021 0.60859375 0.25429553264604815 0.60703125 0.2457044673539519 0.615625 0.23539518900343642 0.61796875 0.20446735395189006 0.6171875 0.18900343642611686 0.61015625 0.18384879725085912 0.5984375 0.17869415807560138 0.6015625 0.17353951890034364 0.5984375 0.17010309278350516 0.60078125 0.15635738831615123 0.6015625 0.15463917525773196 0.6265625 0.1597938144329897 0.63125
0 0.668384879725086 0.6125 0.6752577319587629 0.609375 0.6701030927835052 0.60859375 0.6649484536082475 0.609375 0.668384879725086 0.6125
0 0.6890034364261168 0.6078125 0.6838487972508591 0.60859375 0.6872852233676976 0.6125 0.6890034364261168 0.6078125
0 0.570446735395189 0.5859375 0.5756013745704468 0.584375 0.5790378006872853 0.5734375 0.5687285223367697 0.571875 0.5652920962199313 0.578125 0.570446735395189 0.5859375
0 0.534364261168385 0.44375 0.5446735395189004 0.45234375 0.5601374570446735 0.45625 0.5567010309278351 0.459375 0.5652920962199313 0.46328125 0.5618556701030928 0.5078125 0.5687285223367697 0.51640625 0.5618556701030928 0.5234375 0.563573883161512 0.565625 0.577319587628866 0.565625 0.5807560137457045 0.56953125 0.584192439862543 0.5671875 0.5893470790378007 0.56875 0.5945017182130584 0.57109375 0.5927835051546392 0.578125 0.6082474226804124 0.5796875 0.6082474226804124 0.58359375 0.5979381443298969 0.584375 0.5910652920962199 0.5953125 0.6013745704467355 0.59140625 0.6082474226804124 0.59453125 0.6185567010309279 0.5859375 0.6254295532646049 0.5953125 0.6443298969072165 0.5875 0.6529209621993128 0.5890625 0.6597938144329898 0.5953125 0.6632302405498283 0.59296875 0.6701030927835052 0.59375 0.6907216494845361 0.584375 0.7010309278350516 0.5875 0.7061855670103093 0.58515625 0.711340206185567 0.5875 0.718213058419244 0.584375 0.7233676975945018 0.58515625 0.725085910652921 0.57265625 0.738831615120275 0.5671875 0.7336769759450172 0.56328125 0.738831615120275 0.56171875 0.7371134020618557 0.55 0.745704467353952 0.5390625 0.7439862542955327 0.5171875 0.7508591065292097 0.5015625 0.7474226804123713 0.4859375 0.7542955326460482 0.48125 0.752577319587629 0.46484375 0.7422680412371134 0.46015625 0.7371134020618557 0.4515625 0.6924398625429553 0.44140625 0.6804123711340206 0.43515625 0.6323024054982819 0.42890625 0.6219931271477663 0.425 0.6185567010309279 0.428125 0.6082474226804124 0.42421875 0.6013745704467355 0.42578125 0.5945017182130584 0.41875 0.5824742268041238 0.42109375 0.577319587628866 0.42890625 0.5257731958762888 0.42890625 0.5223367697594502 0.43125 0.520618556701031 0.4390625 0.534364261168385 0.44375
0 0.43046875 0.6015625 0.0015625 0.00234375
0 0.38203125 0.5984375 0.0015625 0.00234375
0 0.365979381443299 0.5859375 0.3762886597938145 0.58828125 0.4072164948453609 0.58046875 0.4604810996563574 0.58125 0.47079037800687284 0.57890625 0.5085910652920963 0.57890625 0.520618556701031 0.57578125 0.5481099656357389 0.5765625 0.5446735395189004 0.55625 0.5549828178694158 0.54296875 0.5498281786941581 0.5203125 0.5567010309278351 0.5140625 0.5481099656357389 0.4953125 0.5532646048109966 0.4703125 0.5463917525773196 0.46328125 0.5378006872852235 0.4609375 0.5360824742268042 0.45625 0.4965635738831615 0.43515625 0.4896907216494846 0.43515625 0.47594501718213056 0.428125 0.46735395189003437 0.42734375 0.43298969072164956 0.4109375 0.4037800687285224 0.41015625 0.37972508591065296 0.41171875 0.3694158075601375 0.41796875 0.3694158075601375 0.44140625 0.3556701030927835 0.46328125 0.3539518900343643 0.50625 0.365979381443299 0.5859375
0 0.7302405498281788 0.71484375 0.7646048109965636 0.7140625 0.809278350515464 0.70859375 0.852233676975945 0.709375 0.8745704467353953 0.70625 0.8762886597938145 0.69296875 0.88659793814433 0.68203125 0.8848797250859107 0.6640625 0.8917525773195877 0.65625 0.88659793814433 0.6390625 0.8711340206185568 0.6328125 0.8487972508591065 0.63671875 0.8350515463917526 0.6328125 0.8384879725085911 0.6375 0.809278350515464 0.6375 0.7972508591065293 0.640625 0.7577319587628867 0.6421875 0.7405498281786942 0.65234375 0.738831615120275 0.671875 0.7336769759450172 0.67578125 0.7268041237113403 0.70703125 0.7302405498281788 0.71484375
0 0.21993127147766325 0.490625 0.21821305841924402 0.48671875 0.20962199312714777 0.48671875 0.20962199312714777 0.49140625 0.21993127147766325 0.490625
0 0.29553264604810997 0.490625 0.2920962199312715 0.48359375 0.28350515463917525 0.48671875 0.281786941580756 0.490625 0.29553264604810997 0.490625
0 0.15635738831615123 0.4671875 0.15807560137457047 0.48359375 0.1632302405498282 0.484375 0.17353951890034364 0.478125 0.18900343642611686 0.4796875 0.18728522336769762 0.4859375 0.1718213058419244 0.4890625 0.18384879725085912 0.49453125 0.19587628865979384 0.4921875 0.19243986254295536 0.48515625 0.19931271477663232 0.4796875 0.23195876288659795 0.4796875 0.24226804123711343 0.47734375 0.2508591065292097 0.48046875 0.24398625429553267 0.4875 0.24742268041237114 0.49140625 0.25945017182130586 0.49140625 0.26460481099656363 0.490625 0.26632302405498287 0.48203125 0.2731958762886598 0.478125 0.29896907216494845 0.478125 0.302405498281787 0.475 0.31615120274914094 0.47890625 0.3298969072164949 0.47734375 0.3264604810996564 0.490625 0.3384879725085911 0.49453125 0.3436426116838488 0.49375 0.33676975945017185 0.48046875 0.34192439862542956 0.47984375 0.3470790378006873 0.43203125 0.3436426116838488 0.4234375 0.3247422680412372 0.4109375 0.24742268041237114 0.4109375 0.18900343642611686 0.43046875 0.18213058419243988 0.43671875 0.17010309278350516 0.4359375 0.16666666666666669 0.4421875 0.1752577319587629 0.440625 0.17697594501718214 0.44375 0.1718213058419244 0.44765625 0.16151202749140894 0.4484375 0.1597938144329897 0.4515625 0.17010309278350516 0.4609375 0.15635738831615123 0.4671875
0 0.372852233676976 0.6578125 0.37972508591065296 0.7375 0.4072164948453609 0.7375 0.4209621993127148 0.73359375 0.4295532646048111 0.73515625 0.44673539518900346 0.73203125 0.5 0.73125 0.5171821305841925 0.728125 0.5463917525773196 0.72734375 0.5532646048109966 0.64609375 0.5498281786941581 0.64140625 0.5446735395189004 0.6453125 0.534364261168385 0.64296875 0.5292096219931273 0.6453125 0.5223367697594502 0.64375 0.5223367697594502 0.62734375 0.5051546391752578 0.63515625 0.49828178694158076 0.63046875 0.4896907216494846 0.6296875 0.4914089347079038 0.62734375 0.4776632302405499 0.634375 0.46563573883161513 0.63203125 0.4484536082474227 0.63671875 0.42783505154639184 0.63515625 0.4295532646048111 0.64375 0.43814432989690727 0.6453125 0.44158075601374575 0.65 0.44158075601374575 0.65390625 0.4347079037800688 0.65625 0.40034364261168387 0.6546875 0.3934707903780069 0.64921875 0.39003436426116844 0.65 0.38316151202749144 0.65703125 0.372852233676976 0.6578125
0 0.07731958762886598 0.46328125 0.07388316151202749 0.47734375 0.08075601374570447 0.48359375 0.07903780068728523 0.49453125 0.0859106529209622 0.50390625 0.0859106529209622 0.51875 0.09106529209621994 0.52265625 0.11512027491408935 0.60859375 0.12199312714776633 0.61875 0.13230240549828182 0.61953125 0.14776632302405499 0.61640625 0.14776632302405499 0.60703125 0.13917525773195877 0.584375 0.140893470790378 0.5703125 0.1357388316151203 0.565625 0.13745704467353953 0.5421875 0.1288659793814433 0.5328125 0.1288659793814433 0.503125 0.1202749140893471 0.49609375 0.11855670103092783 0.48203125 0.13402061855670105 0.4640625 0.15463917525773196 0.45234375 0.1597938144329897 0.4390625 0.1512027491408935 0.43671875 0.10309278350515465 0.43828125 0.07216494845360825 0.45078125 0.070446735395189 0.45625 0.07731958762886598 0.46328125
0 0.6340206185567011 0.425 0.6597938144329898 0.4265625 0.6838487972508591 0.43125 0.6958762886597938 0.4390625 0.7371134020618557 0.446875 0.7663230240549829 0.45859375 0.7680412371134021 0.46171875 0.7783505154639176 0.46015625 0.7869415807560138 0.46484375 0.7783505154639176 0.46953125 0.7852233676975946 0.4734375 0.809278350515464 0.47109375 0.816151202749141 0.47421875 0.8316151202749141 0.47421875 0.8367697594501718 0.471875 0.8436426116838488 0.475 0.8539518900343642 0.475 0.8642611683848799 0.471875 0.8883161512027492 0.4734375 0.8934707903780069 0.4703125 0.9037800687285223 0.4765625 0.9089347079037802 0.4734375 0.9312714776632303 0.4734375 0.9261168384879725 0.46640625 0.9175257731958764 0.465625 0.9209621993127148 0.46171875 0.9312714776632303 0.4609375 0.9484536082474226 0.4640625 0.9484536082474226 0.453125 0.9329896907216495 0.44453125 0.88659793814433 0.43671875 0.8694158075601376 0.4375 0.731958762886598 0.41640625 0.6855670103092784 0.41328125 0.6288659793814434 0.41640625 0.6237113402061857 0.41796875 0.6340206185567011 0.425
0 0.879725085910653 0.99921875 0.8831615120274915 0.996875 0.9089347079037802 0.996875 0.9175257731958764 0.99453125 0.9587628865979383 0.9953125 0.963917525773196 0.99921875 0.9896907216494846 0.99921875 0.9982817869415808 0.99453125 0.9982817869415808 0.828125 0.9862542955326461 0.81796875 0.9690721649484537 0.81796875 0.9467353951890034 0.82890625 0.9261168384879725 0.83125 0.9398625429553265 0.85234375 0.9158075601374571 0.85859375 0.9089347079037802 0.88203125 0.8591065292096222 0.97734375 0.8539518900343642 0.99921875 0.879725085910653 0.99921875
0 0.46015625 0.7171875 0.003125 0.00078125
0 0.5171875 0.7140625 0.003125 0.00078125
0 0.49296875 0.7140625 0.003125 0.00078125
0 0.38659793814432997 0.709375 0.37972508591065296 0.7125 0.38659793814432997 0.71328125 0.3969072164948454 0.7078125 0.4037800687285224 0.72265625 0.4209621993127148 0.715625 0.4347079037800688 0.71953125 0.4312714776632303 0.7125 0.44158075601374575 0.70546875 0.4587628865979382 0.70703125 0.4690721649484536 0.703125 0.5 0.70625 0.5051546391752578 0.7015625 0.520618556701031 0.69921875 0.527491408934708 0.70390625 0.5498281786941581 0.703125 0.5498281786941581 0.68515625 0.5429553264604812 0.675 0.5257731958762888 0.6765625 0.520618556701031 0.6734375 0.5154639175257733 0.6765625 0.4862542955326461 0.6765625 0.47079037800687284 0.6796875 0.4639175257731959 0.678125 0.4518900343642612 0.68203125 0.43642611683848803 0.68125 0.422680412371134 0.684375 0.4037800687285224 0.68125 0.39003436426116844 0.6859375 0.38316151202749144 0.6828125 0.3780068728522337 0.68671875 0.3780068728522337 0.70546875 0.38659793814432997 0.709375
0 0.5068728522336771 0.67421875 0.5068728522336771 0.66796875 0.5 0.66328125 0.4965635738831615 0.6703125 0.5068728522336771 0.67421875
0 0.4347079037800688 0.66484375 0.4347079037800688 0.6625 0.42783505154639184 0.665625 0.4347079037800688 0.66484375
0 0.4639175257731959 0.66171875 0.45704467353951894 0.6609375 0.46484628958855767 0.6624577702702703 0.4639175257731959 0.66171875
0 0.4742268041237113 0.6609375 0.4690721649484536 0.66328125 0.46484628958855767 0.6624577702702703 0.47079037800687284 0.6671875 0.4742268041237113 0.6609375
0 0.46219931271477666 0.41796875 0.5 0.4296875 0.5257731958762888 0.4484375 0.5515463917525774 0.46015625 0.563573883161512 0.4734375 0.563573883161512 0.4890625 0.5910652920962199 0.48046875 0.6013745704467355 0.484375 0.6185567010309279 0.48203125 0.6701030927835052 0.48203125 0.6872852233676976 0.47890625 0.7061855670103093 0.48203125 0.7199312714776632 0.47734375 0.745704467353952 0.48203125 0.7542955326460482 0.48125 0.7508591065292097 0.4625 0.7439862542955327 0.46015625 0.7371134020618557 0.45 0.6958762886597938 0.440625 0.6821305841924399 0.43125 0.6701030927835052 0.43046875 0.6632302405498283 0.4265625 0.6460481099656358 0.42578125 0.6305841924398626 0.41640625 0.6065292096219932 0.4140625 0.5807560137457045 0.4171875 0.5154639175257733 0.40703125 0.5051546391752578 0.4078125 0.49312714776632305 0.41328125 0.4553264604810997 0.409375 0.4553264604810997 0.4140625 0.46219931271477666 0.41796875
0 0.7371134020618557 0.47578125 0.7422680412371134 0.47109375 0.7508591065292097 0.471875 0.7508591065292097 0.46875 0.738831615120275 0.46796875 0.731958762886598 0.46953125 0.7371134020618557 0.47578125
0 0.570446735395189 0.63359375 0.5807560137457045 0.62578125 0.5962199312714777 0.6234375 0.6185567010309279 0.621875 0.6391752577319588 0.6265625 0.6580756013745706 0.62109375 0.6804123711340206 0.621875 0.6941580756013745 0.61875 0.7164948453608248 0.61953125 0.7268041237113403 0.6171875 0.7302405498281788 0.60625 0.725085910652921 0.59140625 0.7422680412371134 0.56484375 0.7405498281786942 0.553125 0.7474226804123713 0.540625 0.745704467353952 0.5140625 0.7508591065292097 0.5109375 0.7474226804123713 0.48671875 0.7405498281786942 0.47734375 0.7268041237113403 0.48125 0.7233676975945018 0.46796875 0.7096219931271478 0.4703125 0.6924398625429553 0.46796875 0.6855670103092784 0.4640625 0.6769759450171822 0.4671875 0.6649484536082475 0.46328125 0.6597938144329898 0.46953125 0.6443298969072165 0.46796875 0.6391752577319588 0.4703125 0.6477663230240551 0.4765625 0.6357388316151203 0.48203125 0.6168384879725086 0.478125 0.6082474226804124 0.4859375 0.5945017182130584 0.47265625 0.584192439862543 0.48046875 0.5738831615120275 0.48203125 0.5738831615120275 0.4875 0.563573883161512 0.49453125 0.5670103092783505 0.63203125 0.570446735395189 0.63359375
0 0.68359375 0.44609375 0.003125 0.0015625
0 0.4347079037800688 0.73359375 0.4347079037800688 0.73125 0.42783505154639184 0.73359375 0.4347079037800688 0.73359375
0 0.37457044673539525 0.63359375 0.3694158075601375 0.6359375 0.3780068728522337 0.63359375 0.38316151202749144 0.63671875 0.37457044673539525 0.6484375 0.37457044673539525 0.65390625 0.38316151202749144 0.6546875 0.37972508591065296 0.65859375 0.372852233676976 0.65859375 0.37972508591065296 0.7328125 0.38316151202749144 0.73515625 0.3969072164948454 0.73046875 0.4020618556701031 0.7375 0.4072164948453609 0.7296875 0.4209621993127148 0.7234375 0.43814432989690727 0.7265625 0.4450171821305842 0.721875 0.4484536082474227 0.73046875 0.4518900343642612 0.72890625 0.4553264604810997 0.73125 0.47938144329896915 0.73046875 0.4828178694158076 0.72734375 0.4896907216494846 0.73046875 0.5051546391752578 0.73046875 0.527491408934708 0.72578125 0.5446735395189004 0.7265625 0.5481099656357389 0.7109375 0.5429553264604812 0.7078125 0.5515463917525774 0.70078125 0.5532646048109966 0.68203125 0.5532646048109966 0.58125 0.5154639175257733 0.57890625 0.4347079037800688 0.58046875 0.422680412371134 0.5828125 0.4072164948453609 0.58125 0.365979381443299 0.58984375 0.36769759450171824 0.6265625 0.37457044673539525 0.63359375
0 0.8213058419243987 0.57265625 0.8298969072164949 0.58125 0.8281786941580757 0.57109375 0.8178694158075602 0.57109375 0.8127147766323025 0.57421875 0.8213058419243987 0.57265625
0 0.7577319587628867 0.52890625 0.7611683848797252 0.5640625 0.7938144329896908 0.56953125 0.8058419243986255 0.56328125 0.8195876288659795 0.56640625 0.8316151202749141 0.56328125 0.8436426116838488 0.5640625 0.8487972508591065 0.5703125 0.8402061855670103 0.5734375 0.8419243986254296 0.5828125 0.8625429553264606 0.58203125 0.8694158075601376 0.58515625 0.8745704467353953 0.58125 0.8694158075601376 0.5671875 0.8745704467353953 0.56640625 0.879725085910653 0.571875 0.8900343642611684 0.56640625 0.9106529209621994 0.56796875 0.9209621993127148 0.5609375 0.9347079037800687 0.51953125 0.9329896907216495 0.50859375 0.9381443298969072 0.503125 0.929553264604811 0.5 0.9398625429553265 0.49765625 0.9329896907216495 0.4953125 0.9398625429553265 0.49140625 0.8969072164948454 0.48984375 0.8934707903780069 0.4875 0.88659793814433 0.4953125 0.8762886597938145 0.496875 0.8728522336769761 0.5 0.8505154639175257 0.49765625 0.8436426116838488 0.5015625 0.8281786941580757 0.49453125 0.8367697594501718 0.4875 0.8316151202749141 0.48828125 0.8298969072164949 0.48515625 0.8350515463917526 0.48125 0.8213058419243987 0.49140625 0.816151202749141 0.48984375 0.809278350515464 0.49453125 0.79553264604811 0.49609375 0.7817869415807561 0.49140625 0.7938144329896908 0.4875 0.8006872852233677 0.48046875 0.7817869415807561 0.4828125 0.7714776632302407 0.4796875 0.7680412371134021 0.4875 0.7766323024054984 0.4921875 0.7663230240549829 0.49296875 0.7628865979381444 0.496875 0.7646048109965636 0.5125 0.7577319587628867 0.52890625
0 0.8711340206185568 0.48125 0.8745704467353953 0.4796875 0.8694158075601376 0.47734375 0.8659793814432991 0.48046875 0.8711340206185568 0.48125
0 0.5189003436426117 0.44140625 0.5378006872852235 0.4484375 0.5652920962199313 0.47109375 0.5618556701030928 0.4984375 0.5687285223367697 0.51640625 0.5618556701030928 0.52421875 0.5618556701030928 0.66875 0.5567010309278351 0.7265625 0.5790378006872853 0.728125 0.6512027491408936 0.721875 0.711340206185567 0.7203125 0.7216494845360826 0.71640625 0.725085910652921 0.65390625 0.731958762886598 0.64453125 0.7336769759450172 0.6109375 0.7285223367697595 0.58984375 0.7336769759450172 0.5734375 0.7405498281786942 0.56796875 0.7405498281786942 0.54609375 0.7474226804123713 0.53984375 0.745704467353952 0.5125 0.7508591065292097 0.509375 0.752577319587629 0.46328125 0.7422680412371134 0.45859375 0.7371134020618557 0.45078125 0.6941580756013745 0.44140625 0.6838487972508591 0.434375 0.6323024054982819 0.42734375 0.6116838487972509 0.41796875 0.5859106529209622 0.41953125 0.570446735395189 0.41640625 0.5584192439862543 0.4203125 0.5498281786941581 0.4140625 0.5360824742268042 0.41171875 0.5051546391752578 0.41328125 0.5034364261168386 0.4203125 0.5189003436426117 0.44140625
0 0.8814432989690723 0.99921875 0.8848797250859107 0.996875 0.9158075601374571 0.99453125 0.9347079037800687 0.996875 0.9587628865979383 0.9953125 0.9656357388316152 0.99921875 0.9914089347079038 0.99921875 0.9982817869415808 0.99453125 0.9982817869415808 0.903125 0.993127147766323 0.8890625 0.9914089347079038 0.8859375 0.9810996563573884 0.88671875 0.9690721649484537 0.88046875 0.9673539518900345 0.86875 0.9450171821305842 0.85625 0.9261168384879725 0.85546875 0.9158075601374571 0.85859375 0.9089347079037802 0.88046875 0.8539518900343642 0.9875 0.8539518900343642 0.99921875 0.8814432989690723 0.99921875
0 0.5584192439862543 0.73046875 0.711340206185567 0.721875 0.725085910652921 0.71640625 0.7216494845360826 0.7015625 0.7164948453608248 0.6984375 0.6271477663230242 0.6921875 0.6134020618556701 0.69453125 0.5945017182130584 0.69375 0.5738831615120275 0.69765625 0.570446735395189 0.7015625 0.5601374570446735 0.69765625 0.5549828178694158 0.7125 0.5532646048109966 0.72734375 0.5584192439862543 0.73046875
0 0.1597938144329897 0.62890625 0.1752577319587629 0.62890625 0.18556701030927836 0.63515625 0.19587628865979384 0.634375 0.2061855670103093 0.6296875 0.20962199312714777 0.6328125 0.21477663230240554 0.6296875 0.21993127147766325 0.6359375 0.2302405498281787 0.6359375 0.23711340206185566 0.63984375 0.23711340206185566 0.64609375 0.24226804123711343 0.64375 0.2508591065292097 0.64453125 0.2560137457044674 0.6421875 0.25429553264604815 0.63671875 0.26460481099656363 0.63359375 0.27491408934707906 0.63671875 0.28350515463917525 0.6328125 0.2920962199312715 0.6421875 0.29896907216494845 0.6390625 0.29896907216494845 0.64375 0.30068728522336774 0.63671875 0.31271477663230246 0.62890625 0.3247422680412372 0.6390625 0.359106529209622 0.63359375 0.3539518900343643 0.6234375 0.359106529209622 0.6125 0.35223367697594504 0.5875 0.3178694158075602 0.5890625 0.32130584192439865 0.584375 0.31099656357388317 0.5828125 0.3075601374570447 0.58828125 0.288659793814433 0.59140625 0.19587628865979384 0.590625 0.18556701030927836 0.59453125 0.17697594501718214 0.59296875 0.16838487972508592 0.596875 0.1597938144329897 0.596875 0.15292096219931273 0.60234375 0.15463917525773196 0.6265625 0.1597938144329897 0.62890625
0 0.3556701030927835 0.52421875 0.3625429553264605 0.52734375 0.38316151202749144 0.5234375 0.3934707903780069 0.525 0.41580756013745707 0.52265625 0.422680412371134 0.525 0.4828178694158076 0.5203125 0.5292096219931273 0.5203125 0.5463917525773196 0.5234375 0.5601374570446735 0.5171875 0.5463917525773196 0.48515625 0.46563573883161513 0.4890625 0.4089347079037801 0.48828125 0.3969072164948454 0.49140625 0.39003436426116844 0.48984375 0.3556701030927835 0.49765625 0.3539518900343643 0.5171875 0.3556701030927835 0.52421875
0 0.24398625429553267 0.43359375 0.24398625429553267 0.4421875 0.24742268041237114 0.43984375 0.2577319587628866 0.44296875 0.3075601374570447 0.44296875 0.3230240549828179 0.440625 0.33333333333333337 0.45 0.3436426116838488 0.44609375 0.34879725085910657 0.42421875 0.33161512027491413 0.40859375 0.24398625429553267 0.41015625 0.23195876288659795 0.41640625 0.2302405498281787 0.425 0.24398625429553267 0.43359375
0 0.63828125 0.46015625 0.0015625 0.0015625
0 0.565625 0.4453125 0.003125 0.00078125
0 0.570446735395189 0.55390625 0.5738831615120275 0.553125 0.570446735395189 0.558984375 0.5756013745704468 0.5625 0.570446735395189 0.5640625 0.5790378006872853 0.5671875 0.5670103092783505 0.5703125 0.5738831615120275 0.57265625 0.5670103092783505 0.57421875 0.5738831615120275 0.5765625 0.5687285223367697 0.578125 0.570446735395189 0.5796875 0.5876288659793815 0.57421875 0.5876288659793815 0.57890625 0.5996563573883162 0.578125 0.6082474226804124 0.58515625 0.604810996563574 0.5890625 0.5910652920962199 0.58828125 0.5807560137457045 0.59453125 0.5670103092783505 0.59296875 0.563573883161512 0.5953125 0.5584192439862543 0.72734375 0.5756013745704468 0.728125 0.6494845360824744 0.721875 0.711340206185567 0.7203125 0.7199312714776632 0.7171875 0.725085910652921 0.69296875 0.7216494845360826 0.67109375 0.725085910652921 0.653125 0.7302405498281788 0.64921875 0.7336769759450172 0.6140625 0.7285223367697595 0.58984375 0.7336769759450172 0.57265625 0.7405498281786942 0.5671875 0.7371134020618557 0.56015625 0.745704467353952 0.54140625 0.7439862542955327 0.51171875 0.7336769759450172 0.509375 0.725085910652921 0.503125 0.7336769759450172 0.48984375 0.745704467353952 0.4890625 0.7405498281786942 0.48828125 0.745704467353952 0.4859375 0.738831615120275 0.48203125 0.7422680412371134 0.47734375 0.7336769759450172 0.4703125 0.7439862542955327 0.4703125 0.731958762886598 0.46328125 0.7371134020618557 0.45703125 0.7199312714776632 0.45703125 0.7199312714776632 0.44921875 0.6941580756013745 0.446875 0.6924398625429553 0.4421875 0.6821305841924399 0.43828125 0.6735395189003437 0.43828125 0.6752577319587629 0.44921875 0.6649484536082475 0.453125 0.6563573883161513 0.440625 0.6529209621993128 0.45390625 0.6632302405498283 0.46328125 0.661512027491409 0.47421875 0.6494845360824744 0.4765625 0.6494845360824744 0.4703125 0.6391752577319588 0.46875 0.6374570446735396 0.47109375 0.6460481099656358 0.47265625 0.6460481099656358 0.475 0.6340206185567011 0.47890625 0.6254295532646049 0.47421875 0.6013745704467355 0.47578125 0.5979381443298969 0.47265625 0.5859106529209622 0.47890625 0.577319587628866 0.47890625 0.5756013745704468 0.48828125 0.5670103092783505 0.49453125 0.570446735395189 0.50390625 0.584192439862543 0.50859375 0.5738831615120275 0.5125 0.563573883161512 0.525 0.5652920962199313 0.55 0.570446735395189 0.55390625
0 0.6529209621993128 0.43828125 0.6546391752577321 0.43515625 0.6494845360824744 0.43515625 0.6529209621993128 0.43828125
0 0.604810996563574 0.453125 0.6288659793814434 0.45859375 0.6323024054982819 0.46640625 0.6340206185567011 0.453125 0.6443298969072165 0.45234375 0.6426116838487973 0.44140625 0.6323024054982819 0.4421875 0.6254295532646049 0.434375 0.6185567010309279 0.44609375 0.6082474226804124 0.43671875 0.5996563573883162 0.43984375 0.5979381443298969 0.44609375 0.604810996563574 0.453125
0 0.359106529209622 0.52109375 0.365979381443299 0.525 0.37972508591065296 0.52109375 0.4037800687285224 0.51953125 0.4450171821305842 0.521875 0.4518900343642612 0.51953125 0.4587628865979382 0.52109375 0.5171821305841925 0.51875 0.5189003436426117 0.5109375 0.5292096219931273 0.50859375 0.5326460481099657 0.503125 0.5378006872852235 0.50390625 0.545192245347857 0.5145489386792452 0.5515463917525774 0.5109375 0.5429553264604812 0.509375 0.5412371134020619 0.50546875 0.5498281786941581 0.50625 0.5446735395189004 0.49375 0.5532646048109966 0.4703125 0.5240549828178694 0.44921875 0.49828178694158076 0.43515625 0.4347079037800688 0.4109375 0.38487972508591073 0.41015625 0.3625429553264605 0.41484375 0.365979381443299 0.4421875 0.3539518900343643 0.4671875 0.3539518900343643 0.49375 0.359106529209622 0.52109375
0 0.26460481099656363 0.428125 0.27835051546391754 0.428125 0.302405498281787 0.4234375 0.34192439862542956 0.42421875 0.33676975945017185 0.41015625 0.33161512027491413 0.4078125 0.26460481099656363 0.40859375 0.2405498281786942 0.4109375 0.23539518900343642 0.41484375 0.23711340206185566 0.42265625 0.26460481099656363 0.428125
0 0.37972508591065296 0.7375 0.3969072164948454 0.73828125 0.4484536082474227 0.73203125 0.5017182130584193 0.73125 0.5498281786941581 0.72734375 0.5515463917525774 0.6703125 0.5498281786941581 0.66171875 0.5446735395189004 0.66015625 0.5498281786941581 0.6578125 0.5292096219931273 0.6609375 0.5051546391752578 0.65546875 0.4914089347079038 0.6609375 0.4828178694158076 0.65859375 0.4639175257731959 0.66015625 0.45017182130584193 0.65546875 0.44158075601374575 0.66015625 0.4312714776632303 0.6578125 0.41580756013745707 0.659375 0.41065292096219935 0.66484375 0.4037800687285224 0.66484375 0.39862542955326463 0.66015625 0.3762886597938145 0.66328125 0.37457044673539525 0.70390625 0.37972508591065296 0.7375
0 0.37972508591065296 0.73671875 0.4072164948453609 0.7375 0.4484536082474227 0.73203125 0.5429553264604812 0.72734375 0.5498281786941581 0.721875 0.5549828178694158 0.64140625 0.5515463917525774 0.55703125 0.5567010309278351 0.5359375 0.5498281786941581 0.5203125 0.5567010309278351 0.51171875 0.5481099656357389 0.4953125 0.5515463917525774 0.46953125 0.5360824742268042 0.45625 0.49828178694158076 0.43515625 0.4639175257731959 0.42421875 0.44673539518900346 0.415625 0.41924398625429554 0.41015625 0.37972508591065296 0.41171875 0.365979381443299 0.41640625 0.365979381443299 0.44765625 0.3556701030927835 0.46484375 0.35738831615120276 0.54296875 0.37972508591065296 0.73671875
0 0.46563573883161513 0.42265625 0.49828178694158076 0.43203125 0.5189003436426117 0.44296875 0.5257731958762888 0.4390625 0.5326460481099657 0.4421875 0.527491408934708 0.44765625 0.5378006872852235 0.453125 0.5412371134020619 0.44921875 0.5360824742268042 0.44296875 0.5223367697594502 0.4359375 0.5326460481099657 0.43203125 0.5498281786941581 0.43046875 0.563573883161512 0.43203125 0.570446735395189 0.4359375 0.5807560137457045 0.43203125 0.5927835051546392 0.43671875 0.5945017182130584 0.4421875 0.5945017182130584 0.4390625 0.6082474226804124 0.4328125 0.6134020618556701 0.434375 0.6219931271477663 0.43046875 0.6288659793814434 0.43203125 0.6305841924398626 0.4296875 0.6237113402061857 0.4234375 0.6288659793814434 0.41796875 0.6151202749140894 0.4140625 0.5876288659793815 0.41640625 0.5601374570446735 0.4125 0.5532646048109966 0.409375 0.5223367697594502 0.40625 0.5103092783505155 0.40625 0.5 0.409375 0.47079037800687284 0.40703125 0.4518900343642612 0.40859375 0.45017182130584193 0.4140625 0.46563573883161513 0.42265625
0 0.5738831615120275 0.728125 0.584192439862543 0.72265625 0.5927835051546392 0.7234375 0.5859106529209622 0.72734375 0.5927835051546392 0.72421875 0.5979381443298969 0.7265625 0.6082474226804124 0.7234375 0.7130584192439863 0.7203125 0.7199312714776632 0.7171875 0.7285223367697595 0.65 0.7216494845360826 0.63984375 0.7130584192439863 0.63671875 0.7010309278350516 0.64140625 0.6855670103092784 0.64140625 0.6821305841924399 0.6390625 0.6718213058419245 0.640625 0.6580756013745706 0.63046875 0.6512027491408936 0.63203125 0.6477663230240551 0.63671875 0.6408934707903781 0.6359375 0.6426116838487973 0.63984375 0.6340206185567011 0.64453125 0.6185567010309279 0.6453125 0.5996563573883162 0.65703125 0.5807560137457045 0.65546875 0.5670103092783505 0.65078125 0.5584192439862543 0.6734375 0.5567010309278351 0.72734375 0.5738831615120275 0.728125
0 0.3539518900343643 0.46484375 0.3539518900343643 0.48515625 0.359106529209622 0.4921875 0.40034364261168387 0.48828125 0.4553264604810997 0.48671875 0.46563573883161513 0.4890625 0.5498281786941581 0.484375 0.5549828178694158 0.47265625 0.5481099656357389 0.4625 0.5017182130584193 0.4359375 0.45704467353951894 0.4203125 0.4450171821305842 0.41328125 0.4261168384879725 0.409375 0.3883161512027492 0.40859375 0.3556701030927835 0.41484375 0.365979381443299 0.43203125 0.3539518900343643 0.46484375
0 0.5618556701030928 0.6484375 0.5670103092783505 0.65546875 0.584192439862543 0.6546875 0.5962199312714777 0.64765625 0.6030927835051547 0.6484375 0.6082474226804124 0.64609375 0.6305841924398626 0.64765625 0.6529209621993128 0.6421875 0.7268041237113403 0.64140625 0.731958762886598 0.63671875 0.7336769759450172 0.609375 0.7233676975945018 0.59375 0.7096219931271478 0.596875 0.6993127147766324 0.5953125 0.661512027491409 0.59921875 0.6323024054982819 0.59296875 0.6082474226804124 0.59453125 0.5945017182130584 0.603125 0.570446735395189 0.603125 0.5670103092783505 0.60078125 0.563573883161512 0.603125 0.5601374570446735 0.625 0.5618556701030928 0.6484375
0 0.584192439862543 0.415625 0.6735395189003437 0.4109375 0.668384879725086 0.4015625 0.6426116838487973 0.3984375 0.5652920962199313 0.3984375 0.5532646048109966 0.4015625 0.5498281786941581 0.4109375 0.584192439862543 0.415625
0 0.46219931271477666 0.421875 0.5085910652920963 0.43828125 0.5360824742268042 0.45703125 0.5515463917525774 0.46328125 0.5584192439862543 0.4875 0.563573883161512 0.48984375 0.5687285223367697 0.48359375 0.5601374570446735 0.47890625 0.5652920962199313 0.47578125 0.5584192439862543 0.46953125 0.5670103092783505 0.46953125 0.5721649484536082 0.4625 0.5395189003436427 0.4375 0.5498281786941581 0.43125 0.5549828178694158 0.43359375 0.563573883161512 0.43203125 0.570446735395189 0.43515625 0.5738831615120275 0.43359375 0.5979381443298969 0.4359375 0.6065292096219932 0.428125 0.6202749140893471 0.42578125 0.6151202749140894 0.41640625 0.5876288659793815 0.41796875 0.5189003436426117 0.40625 0.49312714776632305 0.41015625 0.4690721649484536 0.40703125 0.4518900343642612 0.40859375 0.45017182130584193 0.4140625 0.46219931271477666 0.421875
0 0.6185567010309279 0.54453125 0.6288659793814434 0.546875 0.661512027491409 0.5421875 0.738831615120275 0.54375 0.7474226804123713 0.53828125 0.7439862542955327 0.515625 0.7268041237113403 0.5109375 0.6082474226804124 0.5140625 0.6013745704467355 0.5109375 0.584192439862543 0.51015625 0.5670103092783505 0.51875 0.5652920962199313 0.5234375 0.5670103092783505 0.5484375 0.6185567010309279 0.54453125
0 0.577319587628866 0.4921875 0.5756013745704468 0.49453125 0.577319587628866 0.509375 0.577319587628866 0.4921875
0 0.5154639175257733 0.42890625 0.5189003436426117 0.4421875 0.5567010309278351 0.4625 0.570446735395189 0.484375 0.5945017182130584 0.4765625 0.6082474226804124 0.48125 0.6632302405498283 0.47890625 0.6752577319587629 0.48046875 0.6872852233676976 0.4765625 0.6975945017182131 0.4765625 0.7044673539518901 0.48046875 0.7130584192439863 0.47734375 0.7439862542955327 0.47734375 0.7371134020618557 0.47109375 0.7491408934707905 0.46328125 0.7422680412371134 0.46015625 0.7405498281786942 0.45234375 0.6941580756013745 0.440625 0.6821305841924399 0.43203125 0.6357388316151203 0.42578125 0.6288659793814434 0.42109375 0.6323024054982819 0.41796875 0.6134020618556701 0.4140625 0.5790378006872853 0.4171875 0.513745704467354 0.4078125 0.5034364261168386 0.41015625 0.5017182130584193 0.425 0.5154639175257733 0.42890625
0 0.73125 0.43125 0.00546875 0.0015625
0 0.7474226804123713 0.43828125 0.7439862542955327 0.44609375 0.7611683848797252 0.4578125 0.7628865979381444 0.5015625 0.7560137457044674 0.5296875 0.7611683848797252 0.5421875 0.7663230240549829 0.54296875 0.7783505154639176 0.5390625 0.7817869415807561 0.5484375 0.8058419243986255 0.55625 0.8109965635738833 0.55390625 0.8333333333333334 0.55625 0.8384879725085911 0.54921875 0.852233676975945 0.54765625 0.8573883161512029 0.553125 0.8676975945017184 0.546875 0.8762886597938145 0.54921875 0.8780068728522338 0.55546875 0.8917525773195877 0.55390625 0.8951890034364262 0.54765625 0.9175257731958764 0.55390625 0.9175257731958764 0.54453125 0.9329896907216495 0.5203125 0.9312714776632303 0.51171875 0.9398625429553265 0.5015625 0.9484536082474226 0.45546875 0.9312714776632303 0.4453125 0.8831615120274915 0.43828125 0.8694158075601376 0.4390625 0.8041237113402062 0.428125 0.7731958762886599 0.428125 0.7646048109965636 0.425 0.7628865979381444 0.43125 0.7542955326460482 0.43046875 0.7508591065292097 0.4265625 0.7422680412371134 0.43046875 0.7405498281786942 0.4375 0.7474226804123713 0.43828125
0 0.13917525773195877 0.503125 0.14948453608247422 0.5046875 0.16151202749140894 0.5 0.1907216494845361 0.5015625 0.18556701030927836 0.51015625 0.1752577319587629 0.50625 0.1632302405498282 0.509375 0.16151202749140894 0.51171875 0.17010309278350516 0.515625 0.2216494845360825 0.5125 0.21821305841924402 0.50703125 0.22508591065292097 0.50546875 0.23539518900343642 0.5125 0.2457044673539519 0.5109375 0.26460481099656363 0.51328125 0.26632302405498287 0.50859375 0.25429553264604815 0.50859375 0.25945017182130586 0.5046875 0.26632302405498287 0.5046875 0.25945017182130586 0.49765625 0.2972508591065292 0.4984375 0.3144329896907217 0.49609375 0.3247422680412372 0.503125 0.33676975945017185 0.5 0.3436426116838488 0.50078125 0.34536082474226804 0.49765625 0.34192439862542956 0.46171875 0.3264604810996564 0.44765625 0.31615120274914094 0.44453125 0.29896907216494845 0.446875 0.2852233676975945 0.44453125 0.26460481099656363 0.446875 0.25429553264604815 0.44453125 0.23711340206185566 0.446875 0.18041237113402064 0.446875 0.140893470790378 0.46328125 0.12542955326460484 0.4765625 0.12371134020618557 0.484375 0.13917525773195877 0.503125
0 0.18041237113402064 0.7265625 0.19243986254295536 0.72890625 0.18041237113402064 0.7328125 0.18384879725085912 0.75546875 0.19243986254295536 0.759375 0.2972508591065292 0.7484375 0.32817869415807566 0.7484375 0.3625429553264605 0.74453125 0.372852233676976 0.740625 0.36769759450171824 0.71953125 0.3384879725085911 0.7171875 0.32817869415807566 0.7203125 0.30927835051546393 0.7125 0.2972508591065292 0.71875 0.28350515463917525 0.71640625 0.2731958762886598 0.71875 0.2611683848797251 0.71796875 0.2405498281786942 0.72421875 0.22336769759450173 0.7265625 0.21305841924398625 0.725 0.20274914089347082 0.7296875 0.18213058419243988 0.72265625 0.18556701030927836 0.72421875 0.18041237113402064 0.7265625
0 0.7491408934707905 0.659375 0.7663230240549829 0.65625 0.7680412371134021 0.659375 0.7749140893470792 0.653125 0.7663230240549829 0.64921875 0.7749140893470792 0.6453125 0.7817869415807561 0.646875 0.7835051546391754 0.6421875 0.8041237113402062 0.640625 0.8178694158075602 0.6359375 0.8230240549828179 0.63828125 0.8350515463917526 0.63671875 0.8539518900343642 0.64375 0.8436426116838488 0.6515625 0.845360824742268 0.65390625 0.8350515463917526 0.6578125 0.8350515463917526 0.6625 0.8642611683848799 0.66171875 0.879725085910653 0.665625 0.88659793814433 0.66484375 0.8900343642611684 0.64296875 0.8969072164948454 0.63515625 0.9072164948453609 0.59296875 0.9140893470790379 0.584375 0.9106529209621994 0.5625 0.879725085910653 0.5609375 0.8505154639175257 0.56328125 0.8367697594501718 0.559375 0.8230240549828179 0.56171875 0.8058419243986255 0.56015625 0.7903780068728523 0.5640625 0.7783505154639176 0.5609375 0.7611683848797252 0.56484375 0.7542955326460482 0.5625 0.7439862542955327 0.58046875 0.7422680412371134 0.63359375 0.7491408934707905 0.659375
0 0.570446735395189 0.69609375 0.5893470790378007 0.696875 0.5979381443298969 0.69296875 0.6632302405498283 0.69375 0.6701030927835052 0.69609375 0.6872852233676976 0.69453125 0.7130584192439863 0.69921875 0.7233676975945018 0.69609375 0.7233676975945018 0.64765625 0.7061855670103093 0.6484375 0.6941580756013745 0.64296875 0.6632302405498283 0.64765625 0.6546391752577321 0.6515625 0.6374570446735396 0.64921875 0.6099656357388317 0.65 0.6013745704467355 0.6546875 0.5807560137457045 0.65625 0.5618556701030928 0.6609375 0.5601374570446735 0.68359375 0.570446735395189 0.69609375
0 0.1718213058419244 0.67265625 0.1907216494845361 0.6703125 0.2216494845360825 0.6734375 0.24226804123711343 0.66953125 0.28350515463917525 0.6703125 0.302405498281787 0.66484375 0.32817869415807566 0.66484375 0.34536082474226804 0.67421875 0.34536082474226804 0.68515625 0.359106529209622 0.68515625 0.365979381443299 0.68203125 0.3608247422680413 0.64765625 0.34879725085910657 0.6421875 0.3247422680412372 0.64609375 0.2611683848797251 0.6421875 0.2577319587628866 0.64375 0.2628865979381444 0.6453125 0.2525773195876289 0.6484375 0.18900343642611686 0.65 0.16838487972508592 0.65859375 0.16666666666666669 0.6671875 0.1718213058419244 0.67265625